step,thumb_curl,index_curl,middle_curl,ring_curl,pinky_curl,thumb_dx,thumb_dy,index_dx,index_dy,middle_dx,middle_dy,ring_dx,ring_dy,pinky_dx,pinky_dy,thumb_index_spread,index_middle_spread,middle_ring_spread,ring_pinky_spread,palm_pitch,palm_roll,palm_width,palm_height,palm_diagonal,thumb_index_distance,thumb_middle_distance,thumb_ring_distance,thumb_pinky_distance,index_middle_distance,index_ring_distance,index_pinky_distance,middle_ring_distance,middle_pinky_distance,ring_pinky_distance,palm_thumb_distance,palm_index_distance,palm_middle_distance,palm_ring_distance,palm_pinky_distance
0,0.09464943,0.02230303,0.01480410,0.01848081,0.01890121,-0.31993947,-0.35423480,-0.23740599,-0.95332443,-0.14447980,-1.07693679,-0.03062184,-0.99038236,0.07310035,-0.74637919,0.60476625,0.15472297,0.14357226,0.26518584,0.00087194,0.20421791,0.06084896,0.18372234,0.19353680,0.60476625,0.74375814,0.69885423,0.55527048,0.15472297,0.21021842,0.37337344,0.14357226,0.39614012,0.26518584,0.48335387,0.98502984,1.08861747,0.99400361,0.75467441
1,0.09074130,0.02580673,0.01727747,0.01110833,0.02094174,-0.31959753,-0.35739659,-0.23590186,-0.93393176,-0.13971219,-1.07165779,-0.02917377,-0.97872979,0.07576296,-0.73235684,0.58258033,0.16852569,0.14442492,0.26781628,0.00980494,0.22710657,0.06038798,0.18658073,0.19610986,0.58258033,0.73671474,0.68597741,0.54496498,0.16852569,0.21183146,0.37124805,0.14442492,0.40198078,0.26781628,0.48275667,0.96482982,1.08152397,0.98013352,0.73778585
2,0.08562050,0.02631893,0.01714297,0.01253385,0.01891588,-0.31752984,-0.35886742,-0.23111912,-0.92214653,-0.13957520,-1.06766430,-0.03377701,-0.97761223,0.07545010,-0.73955032,0.56990646,0.17221165,0.13900778,0.26198923,0.01504203,0.24409342,0.06054040,0.18756234,0.19709077,0.56990646,0.73098387,0.68081362,0.54716692,0.17221165,0.20506314,0.35682793,0.13900778,0.39243166,0.26198923,0.48307548,0.95223912,1.07767287,0.97942937,0.74542128
3,0.08620348,0.02577495,0.01691591,0.01285002,0.01897454,-0.31812883,-0.36081178,-0.23223091,-0.92153125,-0.14061969,-1.06481536,-0.03375501,-0.97723925,0.07623300,-0.73708096,0.56729407,0.17049398,0.13821743,0.26424083,0.01729639,0.24962956,0.05988092,0.18774530,0.19706349,0.56729407,0.72626562,0.67901303,0.54511801,0.17049398,0.20631091,0.35940689,0.13821743,0.39313207,0.26424083,0.48457750,0.95178443,1.07481680,0.97881671,0.74277777
4,0.08811731,0.02615946,0.01738543,0.01305298,0.01815944,-0.31664563,-0.35986169,-0.23061508,-0.92177216,-0.13839122,-1.06672421,-0.03240956,-0.98292550,0.07656720,-0.73743905,0.56846704,0.17207234,0.13525796,0.26868920,0.01491362,0.25337331,0.05969998,0.18722585,0.19651363,0.56846704,0.72910440,0.68486514,0.54514387,0.17207234,0.20745077,0.35826877,0.13525796,0.39347716,0.26868920,0.48282777,0.95175948,1.07661061,0.98480697,0.74373677
5,0.08748547,0.02607668,0.01761613,0.01406698,0.01947322,-0.31714379,-0.36089054,-0.22998124,-0.92117369,-0.13713836,-1.06749766,-0.03282567,-0.98113247,0.07606856,-0.73634544,0.56705948,0.17361550,0.13557329,0.26799333,0.01834535,0.24604923,0.05967391,0.18676783,0.19606937,0.56705948,0.72937394,0.68238688,0.54369154,0.17361550,0.20611507,0.35753723,0.13557329,0.39405913,0.26799333,0.48419798,0.95096784,1.07713554,0.98292801,0.74237566
6,0.08782775,0.02595618,0.01770468,0.01362451,0.01797144,-0.31680322,-0.36198734,-0.22874402,-0.92238082,-0.13620687,-1.06565383,-0.03232256,-0.97791893,0.07525975,-0.73553309,0.56734759,0.17095141,0.13610888,0.26526923,0.02052832,0.24071049,0.05962050,0.18692177,0.19619977,0.56734759,0.72677435,0.67861931,0.54159041,0.17095141,0.20419787,0.35683520,0.13610888,0.39224472,0.26526923,0.48480474,0.95168446,1.07504335,0.97950400,0.74119373
7,0.08789119,0.02653514,0.01794868,0.01297526,0.01751896,-0.31538269,-0.36019846,-0.22640900,-0.91929956,-0.13513835,-1.05985318,-0.03243899,-0.97413762,0.07692590,-0.73222771,0.56619814,0.16792056,0.13393705,0.26556949,0.01945496,0.24683920,0.05996240,0.18730368,0.19666764,0.56619814,0.72274695,0.67611255,0.54068614,0.16792056,0.20160995,0.35639365,0.13393705,0.39050155,0.26556949,0.48242075,0.94814064,1.06919761,0.97581483,0.73822667
8,0.08892146,0.02615919,0.01785986,0.01342548,0.01762535,-0.31630512,-0.35817026,-0.22771099,-0.91980047,-0.13636821,-1.05857130,-0.03283976,-0.97378991,0.07527277,-0.73022767,0.56861389,0.16645405,0.13399956,0.26658039,0.01743185,0.24736146,0.06002004,0.18731498,0.19669597,0.56861389,0.72334399,0.67781867,0.54015404,0.16645405,0.20223787,0.35742694,0.13399956,0.39090858,0.26658039,0.48112032,0.94885456,1.06803453,0.97543604,0.73604526
9,0.08956657,0.02562410,0.01740370,0.01368510,0.01808533,-0.31904028,-0.35907965,-0.22973951,-0.92301918,-0.13939531,-1.06298073,-0.03597829,-0.97694641,0.07205730,-0.73464891,0.57098917,0.16682877,0.13469399,0.26538743,0.01679495,0.24805620,0.05971383,0.18690935,0.19621632,0.57098917,0.72660008,0.67965979,0.54222655,0.16682877,0.20113808,0.35579293,0.13469399,0.39077649,0.26538743,0.48347013,0.95248454,1.07285953,0.97876641,0.74019916
10,0.08871479,0.02536214,0.01740251,0.01413070,0.01859003,-0.31872325,-0.35969344,-0.22965949,-0.92223203,-0.13900962,-1.06206173,-0.03637054,-0.97746022,0.07186797,-0.73581401,0.56956572,0.16684134,0.13322698,0.26487701,0.01619135,0.25250021,0.05948900,0.18680509,0.19604868,0.56956572,0.72511091,0.67925534,0.54224660,0.16684134,0.20102514,0.35456159,0.13322698,0.38874666,0.26487701,0.48370706,0.95171425,1.07193973,0.97938682,0.74148160
11,0.08665705,0.02558384,0.01705255,0.01419210,0.01985452,-0.31897152,-0.36168143,-0.22940759,-0.91898600,-0.13918724,-1.05892123,-0.03724097,-0.97637364,0.07015688,-0.73532128,0.56447639,0.16679039,0.13134510,0.26399204,0.01622110,0.24907040,0.05928397,0.18668892,0.19587584,0.56447639,0.72019611,0.67622744,0.53947053,0.16679039,0.20057830,0.35140747,0.13134510,0.38565910,0.26399204,0.48558381,0.94861495,1.06886138,0.97830256,0.74077884
12,0.08751077,0.02527509,0.01688576,0.01331472,0.01869747,-0.31785318,-0.36015626,-0.22848099,-0.91969078,-0.13881410,-1.05592898,-0.03583706,-0.97191905,0.07221588,-0.73347908,0.56670073,0.16363936,0.13298087,0.26187257,0.02046266,0.23795318,0.05929230,0.18628578,0.19549417,0.56670073,0.71878921,0.67387071,0.54003754,0.16363936,0.19978394,0.35368940,0.13298087,0.38554224,0.26187257,0.48388080,0.94892079,1.06561762,0.97342415,0.73855353
13,0.08657447,0.02526162,0.01628429,0.01344755,0.02020498,-0.32020335,-0.35981459,-0.23174592,-0.92014740,-0.14260846,-1.06058023,-0.03821938,-0.97762902,0.07076954,-0.73420531,0.56729893,0.16686719,0.13338801,0.26675116,0.01982919,0.23683766,0.05902122,0.18590773,0.19505176,0.56729893,0.72316525,0.67929121,0.54141919,0.16686719,0.20210814,0.35512405,0.13338801,0.39003026,0.26675116,0.48486668,0.95020634,1.07075804,0.97921804,0.73900080
14,0.08704422,0.02561064,0.01625507,0.01393765,0.02161589,-0.32026465,-0.35839331,-0.23089475,-0.91841350,-0.14041125,-1.05898348,-0.03696420,-0.97555348,0.07037597,-0.73705408,0.56711726,0.16773199,0.13295583,0.26159918,0.01779681,0.23696852,0.05884602,0.18583638,0.19493079,0.56711726,0.72351182,0.67920677,0.54409961,0.16773199,0.20240802,0.35167215,0.13295583,0.38491377,0.26159918,0.48381228,0.94840796,1.06893141,0.97715836,0.74193113
15,0.08844280,0.02499926,0.01652097,0.01489288,0.02197589,-0.32077078,-0.35965420,-0.23178674,-0.91919789,-0.13917493,-1.05920590,-0.03716156,-0.97573122,0.06958394,-0.73586562,0.56658398,0.16822333,0.13196630,0.26260938,0.01700256,0.23874859,0.05924936,0.18620214,0.19540144,0.56658398,0.72287568,0.67826657,0.54213999,0.16822333,0.20272175,0.35275550,0.13196630,0.38506721,0.26260938,0.48499678,0.94936293,1.06907509,0.97755882,0.74101602
16,0.08972125,0.02616244,0.01774779,0.01439488,0.01895780,-0.31923829,-0.35700702,-0.23144855,-0.91562250,-0.13751317,-1.05739398,-0.03398981,-0.97129842,0.07275041,-0.73678223,0.56550209,0.17041804,0.13481373,0.25773399,0.02072185,0.23758482,0.05965658,0.18662235,0.19592552,0.56550209,0.72377311,0.67736384,0.54580323,0.17041804,0.20520085,0.35287950,0.13481373,0.38361893,0.25773399,0.48228740,0.94579862,1.06705151,0.97301965,0.74224340
17,0.08821606,0.02652133,0.01773375,0.01401523,0.01893258,-0.31710612,-0.35741299,-0.23172541,-0.91637690,-0.13698225,-1.06093494,-0.03181161,-0.97555343,0.07403020,-0.73654693,0.56547264,0.17324428,0.13565302,0.26146440,0.02001177,0.23832881,0.05961369,0.18658514,0.19587702,0.56547264,0.72641856,0.68087599,0.54474406,0.17324428,0.20854157,0.35472129,0.13565302,0.38720610,0.26146440,0.48117323,0.94662019,1.07047430,0.97719006,0.74213987
18,0.08899535,0.02603297,0.01717149,0.01343415,0.01948786,-0.31707696,-0.36150275,-0.23237937,-0.91819655,-0.13833189,-1.06377040,-0.03421799,-0.97644324,0.07643638,-0.73358128,0.56311055,0.17370182,0.13602619,0.26692706,0.01585100,0.23437077,0.05940964,0.18625540,0.19550084,0.56311055,0.72481527,0.67693534,0.54158284,0.17370182,0.20661852,0.35979217,0.13602619,0.39404437,0.26692706,0.48432946,0.94871061,1.07358129,0.97826733,0.73951282
19,0.08802851,0.02574297,0.01726937,0.01304141,0.01991977,-0.31635850,-0.35572365,-0.23471703,-0.91179171,-0.13977289,-1.05550067,-0.03351413,-0.96584685,0.07599408,-0.72347404,0.56204773,0.17290232,0.13907288,0.26599533,0.01484818,0.22445414,0.05963826,0.18726430,0.19653153,0.56204773,0.72198121,0.67268946,0.53788952,0.17290232,0.20865909,0.36340159,0.13907288,0.39604999,0.26599533,0.48004802,0.94325988,1.06555018,0.96750897,0.72915894
20,0.08690039,0.02614770,0.01742071,0.01223043,0.01875237,-0.31755643,-0.35091230,-0.23681069,-0.90886576,-0.14056279,-1.05057707,-0.03425723,-0.96092308,0.07778272,-0.71890675,0.56382309,0.17224696,0.13906482,0.26670457,0.01683981,0.21434630,0.05979602,0.18834363,0.19760792,0.56382309,0.72217327,0.67306712,0.54059012,0.17224696,0.20986001,0.36779700,0.13906482,0.39710151,0.26670457,0.47774851,0.94095373,1.06066598,0.96235828,0.72434313
21,0.08793500,0.02623354,0.01775908,0.01263205,0.01840788,-0.31617100,-0.35004222,-0.24026684,-0.90388325,-0.14348106,-1.04674888,-0.03516307,-0.95817551,0.07766573,-0.71602725,0.55907364,0.17381032,0.13992157,0.26715213,0.02043841,0.20948357,0.05950218,0.18874477,0.19790174,0.55907364,0.71836151,0.67053709,0.53830085,0.17381032,0.21319560,0.36976637,0.13992157,0.39785217,0.26715213,0.47573640,0.93683069,1.05705961,0.95939222,0.72108436
22,0.09111746,0.02692586,0.01776375,0.01331277,0.01954365,-0.31565659,-0.34972625,-0.24013221,-0.89857110,-0.14653941,-1.04545786,-0.04082846,-0.96031894,0.07313039,-0.71841082,0.55406106,0.17501181,0.13577320,0.26743737,0.01829454,0.21723964,0.05953530,0.18867341,0.19784365,0.55406106,0.71639797,0.66991659,0.53606414,0.17501181,0.20910816,0.36150589,0.13577320,0.39404190,0.26743737,0.47488904,0.93159939,1.05627879,0.96197438,0.72340245
23,0.08931993,0.02676314,0.01735876,0.01264057,0.01922160,-0.31924797,-0.35846779,-0.24034321,-0.90947213,-0.14661605,-1.05528033,-0.04113674,-0.97349133,0.07272645,-0.72830542,0.55666828,0.17397771,0.13356026,0.27038038,0.01784484,0.22283149,0.05983718,0.18778863,0.19709150,0.55666828,0.71821133,0.67519705,0.53904582,0.17397771,0.20948675,0.36174707,0.13356026,0.39385139,0.27038038,0.48393416,0.94227195,1.06615126,0.97536965,0.73358766
24,0.09068601,0.02679341,0.01703929,0.01264743,0.02006917,-0.31817968,-0.35211061,-0.24228047,-0.90809331,-0.14816090,-1.05750118,-0.04091810,-0.97256086,0.07287230,-0.72595552,0.56116172,0.17734749,0.13683959,0.27161178,0.01646508,0.21583847,0.06000218,0.18726341,0.19664142,0.56116172,0.72590831,0.67983245,0.54121378,0.17734749,0.21185647,0.36414173,0.13683959,0.39851922,0.27161178,0.47865993,0.94160980,1.06861462,0.97441432,0.73113046
25,0.08991927,0.02676470,0.01652636,0.01208828,0.02228350,-0.31772469,-0.34930561,-0.24271777,-0.90433817,-0.14722924,-1.05520763,-0.03931596,-0.97121280,0.06945405,-0.72597618,0.56008623,0.17927025,0.13677197,0.26832274,0.01703380,0.23072518,0.05988058,0.18693948,0.19629583,0.56008623,0.72645196,0.68158434,0.54029937,0.17927025,0.21454382,0.35963541,0.13677197,0.39420966,0.26832274,0.47569488,0.93793264,1.06612486,0.97287208,0.73074062
26,0.08847720,0.02686486,0.01677908,0.01208034,0.02125593,-0.32122657,-0.34457661,-0.24627353,-0.90701818,-0.14795884,-1.05794801,-0.03840694,-0.96977981,0.06965358,-0.72346887,0.56746220,0.18108837,0.14062556,0.26901002,0.01654951,0.22075150,0.05975637,0.18596054,0.19532574,0.56746220,0.73457395,0.68667052,0.54478236,0.18108837,0.21788757,0.36562980,0.14062556,0.39907002,0.26901002,0.47522081,0.94147530,1.06886853,0.97124768,0.72800186
27,0.08917691,0.02672583,0.01551073,0.01047215,0.02026792,-0.32101468,-0.33996260,-0.24567236,-0.90505866,-0.14915578,-1.04662762,-0.04179051,-0.95655850,0.06750676,-0.72527073,0.57018347,0.17290326,0.14014426,0.25585442,0.02206630,0.21053581,0.05951091,0.18572519,0.19502665,0.57018347,0.72801820,0.67772491,0.54797055,0.17290326,0.21165288,0.36163556,0.14014426,0.38759198,0.25585442,0.47149609,0.93918054,1.05756081,0.95784359,0.72908036
28,0.08713883,0.02726192,0.01722845,0.01153442,0.02223639,-0.32381751,-0.34038772,-0.24758461,-0.90640249,-0.15208728,-1.05401059,-0.04525749,-0.97292356,0.06126613,-0.74211430,0.57116319,0.17642552,0.13412904,0.25428563,0.01896667,0.23941050,0.05904914,0.18455549,0.19377185,0.57116319,0.73430534,0.69143553,0.55664079,0.17642552,0.21338251,0.34989117,0.13412904,0.37797434,0.25428563,0.47295449,0.94082693,1.06544112,0.97459724,0.74577817
29,0.08738751,0.02692445,0.01617424,0.01069454,0.02265765,-0.32763871,-0.33941607,-0.25109073,-0.90677837,-0.15527709,-1.05164665,-0.04748801,-0.96315804,0.06196938,-0.72830693,0.57253027,0.17491759,0.13946993,0.25916174,0.01824260,0.21901466,0.05924831,0.18403332,0.19333553,0.57253027,0.73326209,0.68434438,0.55095055,0.17491759,0.21245797,0.36076537,0.13946993,0.38956072,0.25916174,0.47528284,0.94234859,1.06351515,0.96478640,0.73178119
30,0.08737811,0.02796188,0.01698166,0.01101394,0.02306418,-0.33020205,-0.34198308,-0.25192417,-0.91283798,-0.15425359,-1.06160479,-0.04780167,-0.97477952,0.06057745,-0.74082539,0.57621584,0.17888622,0.13737114,0.25793441,0.01476878,0.23193347,0.05912086,0.18216687,0.19152035,0.57621584,0.74117093,0.69331286,0.55858700,0.17888622,0.21404749,0.35687443,0.13737114,0.38614467,0.25793441,0.47927871,0.94863672,1.07343228,0.97671463,0.74469909
31,0.08649799,0.02623838,0.01612303,0.01051488,0.02234464,-0.33320870,-0.34915825,-0.25502193,-0.92002938,-0.15692331,-1.06800992,-0.04808582,-0.97679926,0.06118294,-0.74746002,0.57623755,0.17836323,0.14200481,0.25408020,0.01494836,0.22787065,0.05890819,0.18118609,0.19052185,0.57623755,0.74052826,0.68979397,0.56087174,0.17836323,0.21531079,0.36047051,0.14200481,0.38773438,0.25408020,0.48625800,0.95617271,1.08006378,0.97860771,0.75100066
32,0.09016540,0.02626304,0.01688852,0.01132559,0.02084879,-0.32955794,-0.34289214,-0.25153289,-0.91974923,-0.15388775,-1.06367848,-0.04464971,-0.97309226,0.06520737,-0.73860677,0.58212942,0.17481211,0.14191248,0.25896402,0.01452214,0.22780034,0.05874918,0.18091841,0.19021813,0.58212942,0.74222102,0.69195246,0.55926152,0.17481211,0.21432453,0.36513952,0.14191248,0.39203154,0.25896402,0.47873358,0.95483552,1.07524258,0.97467618,0.74236536
33,0.08961980,0.02529673,0.01654244,0.01324656,0.02445095,-0.33006505,-0.33769583,-0.25428618,-0.92444829,-0.15719197,-1.06346658,-0.05095931,-0.97500133,0.06076184,-0.73877491,0.59162572,0.17006707,0.13826583,0.26134564,0.00713614,0.24719889,0.05860107,0.18051400,0.18978775,0.59162572,0.74619460,0.69582843,0.56005004,0.17006707,0.20978385,0.36574783,0.13826583,0.39111591,0.26134564,0.47534355,0.96031268,1.07580854,0.97730492,0.74280378
34,0.08975446,0.02614089,0.01694140,0.01285275,0.02366633,-0.32968448,-0.34416972,-0.25102486,-0.92278151,-0.15228578,-1.06577425,-0.04556861,-0.97630579,0.06534207,-0.73877063,0.58393417,0.17408688,0.13932927,0.26221751,0.00770474,0.25779883,0.05857487,0.17987261,0.18916969,0.58393417,0.74317040,0.69308003,0.55835141,0.17408688,0.21240047,0.36598921,0.13932927,0.39293514,0.26221751,0.47956336,0.95777409,1.07743199,0.97848704,0.74351697
35,0.09013000,0.02512550,0.01633157,0.01379977,0.02516306,-0.32936226,-0.34508884,-0.25230110,-0.92439887,-0.15339682,-1.06409932,-0.04673291,-0.97241958,0.06359369,-0.73002775,0.58442268,0.17153282,0.14069501,0.26638725,0.00311914,0.25475704,0.05833194,0.17967521,0.18890685,0.58442268,0.74027098,0.68807073,0.55008681,0.17153282,0.21124015,0.37090724,0.14069501,0.39847317,0.26638725,0.47992107,0.95983985,1.07602777,0.97473746,0.73480124
36,0.09037182,0.02418812,0.01588417,0.01345968,0.02482875,-0.32803041,-0.34865197,-0.24953492,-0.92675368,-0.14957184,-1.06657429,-0.04321371,-0.97393929,0.06646216,-0.73132331,0.58345081,0.17231860,0.14108536,0.26629882,-0.00058605,0.25358575,0.05809543,0.17951142,0.18867811,0.58345081,0.73978781,0.68710086,0.54961075,0.17231860,0.21183378,0.37156846,0.14108536,0.39891466,0.26629882,0.48138448,0.96150388,1.07797481,0.97612862,0.73631136
37,0.08845011,0.02392379,0.01541221,0.01276065,0.02369257,-0.32605817,-0.35503681,-0.24751693,-0.93104537,-0.14683726,-1.06834835,-0.03988968,-0.97405504,0.07258509,-0.73182087,0.58136397,0.17083692,0.14258554,0.26711113,0.00100827,0.24980259,0.05820474,0.17888320,0.18811430,0.58136397,0.73553205,0.68200411,0.54853492,0.17083692,0.21241830,0.37712538,0.14258554,0.40178406,0.26711113,0.48489982,0.96512856,1.07928786,0.97592058,0.73709286
38,0.08748183,0.02430553,0.01556854,0.01112879,0.02176082,-0.32703603,-0.36047416,-0.24688102,-0.93378002,-0.14478060,-1.07164718,-0.03906582,-0.97671116,0.07381906,-0.73708508,0.57889652,0.17220635,0.14208620,0.26490102,0.00310197,0.24535773,0.05802944,0.17793869,0.18716194,0.57889652,0.73423547,0.68028599,0.55007263,0.17220635,0.21271724,0.37639947,0.14208620,0.39965922,0.26490102,0.48991140,0.96772326,1.08231893,0.97853490,0.74233531
39,0.08898306,0.02337902,0.01521565,0.01205222,0.02203352,-0.32562457,-0.35837821,-0.24838654,-0.93763552,-0.14708953,-1.07232178,-0.04095996,-0.97494533,0.07324394,-0.73058832,0.58440148,0.16900889,0.14404750,0.26976370,0.00272800,0.25091293,0.05757739,0.17737465,0.18648572,0.58440148,0.73597422,0.67913754,0.54556368,0.16900889,0.21102897,0.38256325,0.14404750,0.40665704,0.26976370,0.48699126,0.97161670,1.08324336,0.97687365,0.73595767
40,0.08972938,0.02330336,0.01515909,0.01090328,0.02187037,-0.32668407,-0.36148581,-0.24846979,-0.93680197,-0.14572250,-1.07302128,-0.03864369,-0.97521139,0.07282324,-0.73055306,0.58065128,0.17126598,0.14502666,0.26887695,0.00143601,0.24357862,0.05756153,0.17687992,0.18601032,0.58065128,0.73422746,0.67799851,0.54390478,0.17126598,0.21380574,0.38195438,0.14502666,0.40627715,0.26887695,0.49008982,0.97104280,1.08380975,0.97703189,0.73579992
41,0.08814208,0.02348264,0.01521487,0.01271056,0.02264081,-0.32503230,-0.36222010,-0.24466640,-0.92784349,-0.14240749,-1.06635353,-0.03589658,-0.96732554,0.07262734,-0.72367604,0.57136334,0.17268939,0.14544292,0.26674852,0.00050299,0.24894422,0.05735840,0.17777657,0.18680068,0.57136334,0.72744938,0.67064520,0.53738588,0.17268939,0.21279872,0.37739743,0.14544292,0.40459084,0.26674852,0.48920809,0.96130944,1.07674316,0.96909108,0.72900435
42,0.08868137,0.02271146,0.01481711,0.01343007,0.02292053,-0.32513008,-0.36684717,-0.24633035,-0.93611460,-0.14374153,-1.07301741,-0.03808454,-0.96954932,0.07224500,-0.72657704,0.57474741,0.17160471,0.14788217,0.26686709,0.00229987,0.24872918,0.05692439,0.17672610,0.18566772,0.57474741,0.72911665,0.66758857,0.53602028,0.17160471,0.21132300,0.38144003,0.14788217,0.40826833,0.26686709,0.49258438,0.96961438,1.08344707,0.97125283,0.73162178
43,0.08784226,0.02296889,0.01452778,0.01212080,0.02238342,-0.32383481,-0.36735329,-0.24498105,-0.93975884,-0.14246668,-1.07458151,-0.03569336,-0.96878388,0.07334821,-0.72459803,0.57784404,0.17009259,0.15033357,0.26743751,0.00331311,0.24176594,0.05707726,0.17587709,0.18490690,0.57784404,0.73017580,0.66700063,0.53429442,0.17009259,0.21207377,0.38454625,0.15033357,0.41117455,0.26743751,0.49260152,0.97298166,1.08486750,0.97031689,0.72960898
44,0.08740138,0.02240233,0.01432312,0.01239359,0.02305069,-0.32692629,-0.37430499,-0.24800762,-0.94391815,-0.14457846,-1.07843700,-0.03803857,-0.96991358,0.07310428,-0.72415576,0.57507263,0.17073528,0.15218434,0.26972177,0.00657372,0.21941999,0.05678093,0.17518939,0.18416134,0.57507263,0.72750070,0.66227198,0.53182343,0.17073528,0.21299367,0.38991487,0.15218434,0.41585828,0.26972177,0.50020825,0.97788378,1.08891362,0.97135700,0.72874475
45,0.08866346,0.02253733,0.01496243,0.01070855,0.02087042,-0.32861702,-0.38078728,-0.25002521,-0.94720874,-0.14356003,-1.07807053,-0.03888700,-0.97105674,0.06985632,-0.72845982,0.57188657,0.16959908,0.14981193,0.26585415,0.00599030,0.21785718,0.05684886,0.17513989,0.18413520,0.57188657,0.72150284,0.65775458,0.52909797,0.16959908,0.21376277,0.38824316,0.14981193,0.40964892,0.26585415,0.50622085,0.98173018,1.08857684,0.97267760,0.73290724
46,0.08858612,0.02262804,0.01544033,0.01088782,0.02121983,-0.32521464,-0.37863063,-0.24760897,-0.95055583,-0.14398964,-1.08155611,-0.03942892,-0.97859504,0.06832838,-0.73652617,0.57724958,0.16771886,0.14680127,0.26496977,0.00271327,0.22525795,0.05656328,0.17430704,0.18325487,0.57724958,0.72593120,0.66462102,0.53202840,0.16771886,0.21094481,0.38209261,0.14680127,0.40514278,0.26496977,0.50220531,0.98444675,1.09224929,0.98047030,0.74112459
47,0.09027715,0.02317257,0.01600788,0.01022997,0.02159286,-0.32349833,-0.38374683,-0.24760771,-0.95062352,-0.14562393,-1.08488608,-0.03882120,-0.97681189,0.06740583,-0.73347093,0.57198619,0.16930942,0.15205667,0.26552146,0.00654748,0.22136043,0.05640506,0.17373250,0.18265955,0.57198619,0.72339144,0.65799072,0.52473266,0.16930942,0.21149866,0.38329457,0.15205667,0.41101139,0.26552146,0.50514350,0.98447599,1.09572784,0.97854974,0.73775029
48,0.08993147,0.02203216,0.01534366,0.01117709,0.02115554,-0.32648651,-0.38364959,-0.25104060,-0.95035993,-0.14629239,-1.08247763,-0.03959038,-0.97558316,0.06693639,-0.73050300,0.57173727,0.16953091,0.15121574,0.26725559,0.01004343,0.19956688,0.05598680,0.17312672,0.18195434,0.57173727,0.72178824,0.65808531,0.52500120,0.16953091,0.21442157,0.38764933,0.15121574,0.41167253,0.26725559,0.50694939,0.98492799,1.09322710,0.97709408,0.73432962
49,0.09095906,0.02164290,0.01541520,0.01277558,0.02109012,-0.32705446,-0.38237086,-0.25024564,-0.94828291,-0.14709824,-1.07835371,-0.04207147,-0.97440681,0.06574979,-0.73182626,0.57115389,0.16663834,0.14783987,0.26546993,0.00720558,0.21305337,0.05593003,0.17325887,0.18206264,0.57115389,0.71890297,0.65715270,0.52591647,0.16663834,0.21067428,0.38359705,0.14783987,0.40672767,0.26546993,0.50602553,0.98267575,1.08935636,0.97623807,0.73589311
50,0.09022374,0.02166208,0.01521871,0.01180633,0.02211135,-0.32490804,-0.38769756,-0.24839511,-0.95322803,-0.14473666,-1.07947777,-0.03946139,-0.97030546,0.06380899,-0.73104246,0.57070161,0.16420180,0.15186135,0.26062437,0.01232584,0.20188564,0.05579023,0.17264043,0.18143116,0.57070161,0.71495935,0.64907994,0.51917136,0.16420180,0.21105144,0.38422497,0.15186135,0.40623820,0.26062437,0.50873122,0.98681250,1.08995116,0.97171420,0.73446199
51,0.09099281,0.02159493,0.01568557,0.01126851,0.02166678,-0.32318854,-0.38603190,-0.24954726,-0.95218878,-0.14693661,-1.08238683,-0.03935168,-0.97594151,0.06612021,-0.73241961,0.57093957,0.16658354,0.15156190,0.26542580,0.01238836,0.19954801,0.05553801,0.17215357,0.18089036,0.57093957,0.71842278,0.65496715,0.52172316,0.16658354,0.21295168,0.38575718,0.15156190,0.40992519,0.26542580,0.50660547,0.98619049,1.09319525,0.97738856,0.73604654
52,0.08998231,0.02215896,0.01558315,0.01127936,0.02047061,-0.32409002,-0.39024336,-0.24808367,-0.95529638,-0.14391774,-1.08449450,-0.03738344,-0.97269442,0.06947670,-0.73005488,0.57015580,0.16712163,0.15478538,0.26519519,0.01216431,0.19921917,0.05533798,0.17158820,0.18029089,0.57015580,0.71742122,0.64971915,0.52095954,0.16712163,0.21355553,0.39100054,0.15478538,0.41404650,0.26519519,0.51064474,0.98896491,1.09484288,0.97395242,0.73383093
53,0.09110491,0.02140110,0.01517780,0.01113563,0.01967771,-0.32617102,-0.39801155,-0.24886809,-0.95871843,-0.14403734,-1.08453562,-0.03817041,-0.97542088,0.06927501,-0.73046415,0.56605270,0.16500951,0.15239344,0.26755917,0.01019829,0.19179662,0.05525462,0.17124543,0.17993908,0.56605270,0.71039784,0.64568724,0.51750113,0.16500951,0.21357670,0.39329823,0.15239344,0.41370306,0.26755917,0.51759522,0.99247057,1.09488013,0.97668922,0.73418917
54,0.09274525,0.02129458,0.01571070,0.01254788,0.02120975,-0.32285994,-0.39990521,-0.24853639,-0.95144374,-0.14633786,-1.07733402,-0.04212170,-0.97026851,0.06512646,-0.72815115,0.55656663,0.16316221,0.14966537,0.26485821,0.01150705,0.20157733,0.05507330,0.17181549,0.18042625,0.55656663,0.70014001,0.63602328,0.50883182,0.16316221,0.20900169,0.38635410,0.14966537,0.40845886,0.26485821,0.51680241,0.98525716,1.08807033,0.97178161,0.73163027
55,0.09310947,0.02129277,0.01555080,0.01029671,0.01948064,-0.31849961,-0.40164649,-0.24622860,-0.95849970,-0.14286815,-1.08429097,-0.03743979,-0.97853390,0.07079625,-0.73167847,0.56159077,0.16376170,0.14958578,0.26958821,0.00947384,0.20662021,0.05486984,0.17080901,0.17940573,0.56159077,0.70493251,0.64195481,0.51086895,0.16376170,0.21139854,0.39107223,0.14958578,0.41252514,0.26958821,0.51534418,0.99154760,1.09455314,0.97988991,0.73572369
56,0.09512989,0.02089816,0.01549206,0.01133902,0.01956294,-0.31492248,-0.40025160,-0.24355966,-0.95767995,-0.14143798,-1.08463545,-0.03628690,-0.98125587,0.07188586,-0.73474138,0.56209465,0.16370889,0.14760962,0.26922321,0.00689322,0.21463697,0.05461884,0.17025157,0.17879825,0.56209465,0.70604403,0.64445950,0.51157669,0.16370889,0.20983110,0.38713689,0.14760962,0.40991567,0.26922321,0.51186378,0.99015432,1.09481819,0.98274526,0.73917026
57,0.09471717,0.02047076,0.01521713,0.01104162,0.01986702,-0.31801095,-0.40711724,-0.24691723,-0.96263800,-0.14161111,-1.08573222,-0.03679231,-0.97927798,0.06999718,-0.73205304,0.56009980,0.16298345,0.14960468,0.26935394,0.01288796,0.19452747,0.05435871,0.16952773,0.17802955,0.56009980,0.70124695,0.63780312,0.50665094,0.16298345,0.21235878,0.39315223,0.14960468,0.41235777,0.26935394,0.51921327,0.99557366,1.09571237,0.98054349,0.73593743
58,0.09351060,0.02110406,0.01602889,0.01076734,0.01905420,-0.31844206,-0.40768736,-0.24524206,-0.95958087,-0.13996302,-1.08311401,-0.03490684,-0.97469034,0.07132293,-0.73087994,0.55675520,0.16332683,0.15122495,0.26601584,0.01374763,0.18895467,0.05464971,0.17008821,0.17865215,0.55675520,0.69872325,0.63430231,0.50706765,0.16332683,0.21259290,0.39192386,0.15122495,0.41100901,0.26601584,0.52042609,0.99239072,1.09301560,0.97596097,0.73494342
59,0.09426871,0.02170039,0.01608046,0.01165136,0.02031854,-0.31648480,-0.41093841,-0.24501271,-0.96034572,-0.14082163,-1.08430765,-0.03629588,-0.97578683,0.06886411,-0.73335754,0.55407487,0.16289241,0.15098242,0.26429738,0.01281424,0.19829713,0.05416377,0.16991123,0.17833547,0.55407487,0.69599420,0.63086641,0.50309117,0.16289241,0.21106166,0.38867712,0.15098242,0.40907404,0.26429738,0.52177770,0.99312365,1.09436382,0.97712247,0.73724354
60,0.09289270,0.02102077,0.01625517,0.01182339,0.02153937,-0.31275318,-0.41153691,-0.24310472,-0.96230388,-0.14044694,-1.08405755,-0.03769805,-0.97833754,0.07014640,-0.72571597,0.55521569,0.16006570,0.14764951,0.27470898,0.00846242,0.20925195,0.05428299,0.16944783,0.17793035,0.55521569,0.69428636,0.63021501,0.49570256,0.16006570,0.20745024,0.39357722,0.14764951,0.41582273,0.27470898,0.52008057,0.99471702,1.09424920,0.97994728,0.73006152
61,0.09371554,0.02061533,0.01577396,0.01169529,0.02128895,-0.31414206,-0.41063987,-0.24460331,-0.96255253,-0.13962214,-1.08515900,-0.03872748,-0.98382644,0.06744843,-0.73687016,0.55637635,0.16207778,0.14314214,0.26883546,0.00746109,0.21643097,0.05331427,0.16932514,0.17752018,0.55637635,0.69674268,0.63600956,0.50222913,0.16207778,0.20804933,0.38589226,0.14314214,0.40531601,0.26883546,0.51970327,0.99516032,1.09518332,0.98549009,0.74096276
62,0.09378373,0.02082985,0.01601955,0.01199390,0.02176359,-0.30922910,-0.41920173,-0.24075046,-0.96405728,-0.14164062,-1.09037622,-0.03966738,-0.99284665,0.06826538,-0.73939365,0.54943432,0.16095737,0.14112673,0.27548597,-0.00093246,0.23498706,0.05366850,0.16931693,0.17761906,0.54943432,0.69181264,0.63383670,0.49503959,0.16095737,0.20360206,0.38223083,0.14112673,0.40896138,0.27548597,0.52364182,0.99621748,1.10117170,0.99530014,0.74492895
63,0.09172013,0.02101626,0.01599496,0.01107474,0.02147177,-0.31227748,-0.42211214,-0.24175918,-0.97282886,-0.14260753,-1.09674515,-0.04182360,-0.99626116,0.06744869,-0.74081927,0.55539771,0.15927162,0.14245100,0.27783349,0.00217530,0.22288850,0.05338272,0.16771861,0.17600922,0.55539771,0.69564238,0.63468139,0.49578409,0.15927162,0.20225710,0.38710394,0.14245100,0.41334422,0.27783349,0.52813833,1.00494309,1.10748315,0.99847141,0.74562266
64,0.09163314,0.02081955,0.01612677,0.01201268,0.02257206,-0.30991493,-0.42628459,-0.23802824,-0.97550457,-0.14052790,-1.09741225,-0.04112970,-0.99552124,0.06927246,-0.73736639,0.55411928,0.15661251,0.14239189,0.28077186,0.00232548,0.22801500,0.05300257,0.16720665,0.17540620,0.55411928,0.69217922,0.62950511,0.49046613,0.15661251,0.19858623,0.38913727,0.14239189,0.41673380,0.28077186,0.52980400,1.00652855,1.10783462,0.99778907,0.74248291
65,0.09365629,0.02075650,0.01604774,0.01178033,0.02235489,-0.31201349,-0.42808657,-0.23852281,-0.98160387,-0.14292955,-1.10364724,-0.04373120,-1.00401320,0.06878251,-0.74206734,0.55870407,0.15552886,0.14065817,0.28508827,-0.00291025,0.23250039,0.05311682,0.16614531,0.17442953,0.55870407,0.69643096,0.63535270,0.49355751,0.15552886,0.19678561,0.38996601,0.14065817,0.41901657,0.28508827,0.53264176,1.01293578,1.11460737,1.00664541,0.74755893
66,0.08942867,0.02123933,0.01596042,0.01026186,0.02239523,-0.30639807,-0.43306077,-0.23816289,-0.98439100,-0.14190413,-1.10745852,-0.04234613,-1.00761500,0.06898296,-0.74623042,0.55595351,0.15677156,0.14112876,0.28410917,-0.00817925,0.24444823,0.05243812,0.16512544,0.17325174,0.55595351,0.69422276,0.63233110,0.48887823,0.15677156,0.19809753,0.38905922,0.14112876,0.41830718,0.28410917,0.53374331,1.01597403,1.11854948,1.01037180,0.75203863
67,0.08941501,0.02100417,0.01586628,0.01118042,0.02293643,-0.30770726,-0.42916139,-0.24129429,-0.97845651,-0.14552849,-1.10139816,-0.04546003,-1.00828325,0.06472671,-0.74224807,0.55364414,0.15663562,0.13688154,0.28795116,-0.00558645,0.23434843,0.05174677,0.16507172,0.17299249,0.55364414,0.69153394,0.63574140,0.48655985,0.15663562,0.19942604,0.38725267,0.13688154,0.41622805,0.28795116,0.53134868,1.01082561,1.11274221,1.01083319,0.74714448
68,0.08826733,0.02105461,0.01609700,0.01048823,0.02155396,-0.30632511,-0.43808608,-0.24146755,-0.98801702,-0.14527397,-1.11109719,-0.04546890,-1.00920270,0.06719814,-0.74374177,0.55406548,0.15674473,0.14279780,0.28838059,-0.00530560,0.23724704,0.05147672,0.16410092,0.17198537,0.55406548,0.69203859,0.62787018,0.48264463,0.15674473,0.19813478,0.39412946,0.14279780,0.42443148,0.28838059,0.53797841,1.02019601,1.12252854,1.01198569,0.74914939
69,0.08729628,0.02071647,0.01607978,0.01069321,0.02166431,-0.30790066,-0.43885477,-0.24103480,-0.99304923,-0.14429647,-1.11572445,-0.04616323,-1.01396503,0.06511232,-0.74951627,0.55865196,0.15685166,0.14160655,0.28690724,-0.01162881,0.23656301,0.05142526,0.16327173,0.17117890,0.55865196,0.69640902,0.63186890,0.48543761,0.15685166,0.19724023,0.39185833,0.14160655,0.42194562,0.28690724,0.53981195,1.02544298,1.12728092,1.01698154,0.75493921
70,0.08678745,0.02152930,0.01600649,0.01080891,0.02290445,-0.30903699,-0.42996507,-0.24043492,-0.98436700,-0.14449894,-1.10532816,-0.04354630,-1.00137699,0.06709755,-0.72980071,0.55889336,0.15562087,0.14533399,0.29325415,-0.00893552,0.22424428,0.05157835,0.16288084,0.17085226,0.55889336,0.69512149,0.63022317,0.48125463,0.15562087,0.19999624,0.40052322,0.14533399,0.43122435,0.29325415,0.53384247,1.01687015,1.11665685,1.00379578,0.73478151
71,0.08790080,0.02177857,0.01695562,0.01028137,0.02217736,-0.31107246,-0.44081791,-0.23943094,-0.99602282,-0.14656527,-1.11116713,-0.04351540,-1.00550355,0.06685537,-0.73400214,0.56000232,0.14914314,0.14818434,0.29310708,-0.00646056,0.21201258,0.05181056,0.16166211,0.16976151,0.56000232,0.69025273,0.62510950,0.47880367,0.14914314,0.19877390,0.40470666,0.14818434,0.43370778,0.29310708,0.54439758,1.02812094,1.12287795,1.00795777,0.73880845
72,0.08850876,0.02269696,0.01736147,0.01037198,0.02388140,-0.30789149,-0.43606384,-0.23651564,-0.99128008,-0.14721016,-1.10929474,-0.04382453,-1.00309479,0.06620084,-0.72983200,0.55991129,0.14922638,0.14868188,0.29461324,-0.00260131,0.22095633,0.05115660,0.16087593,0.16881369,0.55991129,0.69217829,0.62579402,0.47622639,0.14922638,0.19551374,0.40154164,0.14868188,0.43565668,0.29461324,0.53875451,1.02262169,1.12094174,1.00549248,0.73449613
73,0.08701532,0.02270700,0.01809077,0.01190274,0.02425534,-0.30638727,-0.43284754,-0.23323372,-0.98327739,-0.14689571,-1.10451675,-0.04274735,-0.99446952,0.07053959,-0.72363715,0.55537498,0.14979636,0.15185326,0.29358522,-0.00135099,0.22621074,0.05139488,0.16062489,0.16864693,0.55537498,0.69037249,0.62063483,0.47644054,0.14979636,0.19271698,0.40072864,0.15185326,0.43876588,0.29358522,0.53539913,1.01408273,1.11628754,0.99704368,0.72911273
74,0.08632606,0.02202526,0.01751624,0.01112064,0.02296150,-0.30131565,-0.43865858,-0.22972944,-0.99093552,-0.14617464,-1.11096973,-0.04110452,-1.00026891,0.07193198,-0.72610600,0.55705254,0.14705349,0.15286623,0.29655887,-0.00578606,0.23652107,0.05155877,0.15980119,0.16791285,0.55705254,0.68998243,0.61905716,0.47128166,0.14705349,0.19036415,0.40226068,0.15286623,0.44249944,0.29655887,0.53670504,1.02057459,1.12256964,1.00283897,0.73185702
75,0.08716854,0.02219108,0.01744576,0.01019895,0.02374638,-0.30019693,-0.44138574,-0.22488708,-0.99162884,-0.14206231,-1.10397670,-0.03896625,-0.99701212,0.07436251,-0.70993350,0.55551891,0.14055607,0.14875431,0.30865462,-0.00283764,0.23416960,0.05155048,0.15966099,0.16777689,0.55551891,0.68121062,0.61407841,0.46111342,0.14055607,0.18755935,0.41188520,0.14875431,0.44969527,0.30865462,0.53787694,1.01986299,1.11482199,0.99927226,0.71567497
76,0.08528097,0.02187764,0.01668574,0.00909891,0.02362414,-0.30057241,-0.44552953,-0.22369412,-0.99517839,-0.13893442,-1.10532199,-0.03935834,-1.00345697,0.07361332,-0.71461711,0.55514896,0.14046236,0.14273995,0.31016206,-0.00590841,0.23302923,0.05046533,0.15832486,0.16617314,0.55514896,0.67934413,0.61627084,0.46131137,0.14046236,0.18685595,0.41007765,0.14273995,0.44494385,0.31016206,0.54211142,1.02345552,1.11583203,1.00570491,0.72023507
77,0.08396278,0.02224631,0.01693779,0.00989869,0.02399174,-0.29627611,-0.44894057,-0.21916833,-0.98856738,-0.13636222,-1.10382996,-0.03891536,-1.00007358,0.07292332,-0.71439779,0.54523941,0.14340706,0.14252426,0.30679081,-0.00295919,0.23971203,0.04973210,0.15778949,0.16544125,0.54523941,0.67418585,0.60846689,0.45505269,0.14340706,0.18274318,0.40167121,0.14252426,0.44219052,0.30679081,0.54251589,1.01593908,1.11395218,1.00233393,0.72009611
78,0.08521987,0.02150945,0.01723149,0.00978112,0.02386512,-0.29185775,-0.46193555,-0.21711060,-0.99594839,-0.13639545,-1.10426701,-0.03721622,-1.00673537,0.07583367,-0.71752485,0.53941023,0.13655685,0.13926808,0.31052348,-0.00346153,0.23902733,0.04932533,0.15697153,0.16453890,0.53941023,0.66090081,0.60150172,0.44801066,0.13655685,0.18220349,0.40512980,0.13926808,0.44122291,0.31052348,0.55081240,1.02278203,1.11449002,1.00903617,0.72366643
79,0.08240340,0.02217456,0.01800773,0.00829829,0.02230268,-0.28880483,-0.47015173,-0.20840880,-0.99872103,-0.13412825,-1.11457456,-0.03453049,-1.01740363,0.08010446,-0.71912259,0.53481042,0.13883011,0.13922406,0.31955224,-0.00252419,0.23973186,0.04990801,0.15569071,0.16349437,0.53481042,0.66274569,0.60351897,0.44519083,0.13883011,0.17637336,0.40247244,0.13922406,0.44978768,0.31955224,0.55632043,1.02369982,1.12454765,1.01983060,0.72607957
80,0.08378177,0.02233473,0.01736061,0.00872460,0.02116644,-0.29006034,-0.48116527,-0.20738731,-1.01036371,-0.12983256,-1.12083870,-0.03233313,-1.02084087,0.08192109,-0.72171448,0.53577207,0.13700763,0.13993377,0.32023466,-0.00234248,0.21250980,0.04897188,0.15408105,0.16167627,0.53577207,0.65952070,0.59836943,0.44361884,0.13700763,0.17829741,0.41031539,0.13993377,0.45200909,0.32023466,0.56686159,1.03519475,1.13018896,1.02288880,0.72817999
81,0.08523082,0.02192085,0.01752962,0.00908398,0.02066124,-0.29363146,-0.48853060,-0.20894156,-1.01518743,-0.13012092,-1.12169763,-0.03443948,-1.02201470,0.07785079,-0.72166361,0.53360035,0.13444137,0.13851371,0.32070929,-0.00279219,0.20773582,0.04879414,0.15305231,0.16064208,0.53360035,0.65400060,0.59340988,0.43926531,0.13444137,0.17762721,0.41216047,0.13851371,0.45113492,0.32070929,0.57507048,1.04037374,1.13122575,1.02421702,0.72769255
82,0.08503820,0.02160593,0.01680347,0.00933733,0.01968582,-0.29036403,-0.48845221,-0.20983137,-1.02180372,-0.12915912,-1.12764042,-0.03441450,-1.02222760,0.07352964,-0.73299186,0.53948936,0.13537169,0.14228401,0.30876502,0.00228785,0.19900544,0.04747433,0.15200645,0.15924752,0.53948936,0.65937023,0.59259980,0.43963061,0.13537169,0.17934424,0.40682959,0.14228401,0.44400683,0.30876502,0.57359350,1.04684446,1.13677886,1.02406903,0.73808526
83,0.08252417,0.02216915,0.01839923,0.00949172,0.01974771,-0.28727069,-0.48667424,-0.20540329,-1.01725043,-0.12471215,-1.11738006,-0.03075615,-1.01701310,0.07753533,-0.72686272,0.53692145,0.13053854,0.13787396,0.30972822,0.00452686,0.20684162,0.04796203,0.15232248,0.15969501,0.53692145,0.65146824,0.58962150,0.43770818,0.13053854,0.17770535,0.40712038,0.13787396,0.44002215,0.30972822,0.57071138,1.04150828,1.12623045,1.01897494,0.73276715
84,0.08081920,0.02219801,0.01744816,0.00868081,0.01846029,-0.29063449,-0.49729253,-0.20245108,-1.01697997,-0.12526069,-1.12334052,-0.03339533,-1.02533629,0.07873610,-0.72815728,0.52724393,0.13357268,0.13468738,0.31765779,-0.00130330,0.20756503,0.04759307,0.15119920,0.15851277,0.52724393,0.64763830,0.58778482,0.43637755,0.13357268,0.17258818,0.40487374,0.13468738,0.44495094,0.31765779,0.58168732,1.04107961,1.13240139,1.02757987,0.73445509
85,0.08045083,0.02165281,0.01636563,0.00701370,0.01864942,-0.29227202,-0.50604366,-0.19960233,-1.02590320,-0.12327759,-1.11976557,-0.03518715,-1.01949744,0.07629378,-0.72465940,0.52828635,0.12407195,0.13409790,0.31521835,-0.00392548,0.20751470,0.04717557,0.15097579,0.15817466,0.52828635,0.63667498,0.57475745,0.42938365,0.12407195,0.16945617,0.41072803,0.13409790,0.44291117,0.31521835,0.59021428,1.04976342,1.12875842,1.02174574,0.73078428
86,0.08278147,0.02162363,0.01716080,0.00779279,0.01879109,-0.29021271,-0.51257880,-0.19933737,-1.03681003,-0.12286367,-1.13103569,-0.03172572,-1.03318558,0.07334507,-0.73548799,0.53231683,0.12380094,0.13436355,0.31572284,-0.00285877,0.19820853,0.04719431,0.15002933,0.15727715,0.53231683,0.64074393,0.58161708,0.42718104,0.12380094,0.17182412,0.40852985,0.13436355,0.44187646,0.31572284,0.59486978,1.06052282,1.14019165,1.03555140,0.74142437
87,0.08093364,0.02172768,0.01761881,0.00907220,0.01935708,-0.28756214,-0.50494429,-0.20056254,-1.03140806,-0.11953403,-1.12488556,-0.03035389,-1.02427384,0.07384712,-0.72745628,0.53383851,0.12601572,0.13504403,0.31459206,-0.00208342,0.20756015,0.04748091,0.14971317,0.15706199,0.53383851,0.64236089,0.57990933,0.42509188,0.12601572,0.17426592,0.41142644,0.13504403,0.44226222,0.31459206,0.58689954,1.05530912,1.13365131,1.02656936,0.73352558
88,0.07944341,0.02170207,0.01676625,0.00871072,0.02089439,-0.28655785,-0.51064094,-0.20053197,-1.02604959,-0.12126761,-1.12819375,-0.02935214,-1.02309302,0.07627394,-0.71734631,0.52283811,0.13185731,0.14015992,0.32348852,-0.00487054,0.21115303,0.04707066,0.14936588,0.15660719,0.52283811,0.63934294,0.57374201,0.41821807,0.13185731,0.17540242,0.41663091,0.14015992,0.45611378,0.32348852,0.59127640,1.05021306,1.13709618,1.02536852,0.72379978
89,0.07714974,0.02315734,0.01795209,0.00736818,0.01959435,-0.29157012,-0.51623283,-0.19586342,-1.02136550,-0.12066697,-1.12247988,-0.03153741,-1.02345089,0.07566151,-0.72315405,0.51421909,0.12916594,0.13394860,0.31890953,0.00855786,0.18548626,0.04624403,0.14846933,0.15550451,0.51421909,0.63014009,0.57089123,0.42321385,0.12916594,0.16967379,0.40615232,0.13394860,0.44541106,0.31890953,0.59967699,1.04478614,1.13122574,1.02557404,0.72896861
90,0.07808121,0.02342059,0.01819379,0.00669415,0.01823035,-0.28916243,-0.51670974,-0.19726267,-1.03248765,-0.11949892,-1.11923830,-0.02869912,-1.01410621,0.07813626,-0.71436746,0.52392392,0.12167130,0.14034661,0.31832511,0.01238728,0.14524931,0.04598701,0.14804172,0.15501986,0.52392392,0.62668856,0.56370576,0.42122761,0.12167130,0.17828489,0.42555714,0.14034661,0.45143891,0.31832511,0.60020277,1.05620342,1.12765042,1.01564633,0.71970696
91,0.07604001,0.02347651,0.01807470,0.00535296,0.01744332,-0.29062905,-0.52045329,-0.19557706,-1.04346247,-0.11650733,-1.11945571,-0.02612238,-1.01221479,0.08286032,-0.70941564,0.53165742,0.11519318,0.14155879,0.32197590,0.01211921,0.13488006,0.04605824,0.14817386,0.15516718,0.53165742,0.62433693,0.56020867,0.42221632,0.11519318,0.18071119,0.43965219,0.14155879,0.45688581,0.32197590,0.60397524,1.06696017,1.12775443,1.01388792,0.71546276
92,0.07619142,0.02425507,0.01948455,0.00678949,0.01657309,-0.28834318,-0.52268343,-0.19013128,-1.04131812,-0.11390669,-1.11979548,-0.02157282,-1.00675210,0.08123407,-0.71168907,0.52789642,0.11404407,0.14733024,0.31270154,0.01504416,0.14288250,0.04564815,0.14791571,0.15479926,0.52789642,0.62258581,0.55457098,0.41908959,0.11404407,0.17982481,0.43180872,0.14733024,0.45351489,0.31270154,0.60533848,1.06396171,1.12807865,1.00848877,0.71758805
93,0.07679442,0.02478030,0.02008727,0.00673513,0.01745075,-0.28791605,-0.52235321,-0.19027558,-1.02621328,-0.11366249,-1.11480308,-0.02270030,-1.00116185,0.08447161,-0.70500838,0.51327136,0.12137197,0.14660929,0.31511207,0.02131476,0.14292962,0.04576167,0.14803234,0.15494419,0.51327136,0.61807491,0.54904812,0.41817392,0.12137197,0.17647031,0.42684306,0.14660929,0.45601798,0.31511207,0.60425219,1.04877849,1.12284268,1.00285902,0.71138673
94,0.07486701,0.02396797,0.01934452,0.00655517,0.01567285,-0.29083100,-0.53624871,-0.19219036,-1.04400609,-0.11289421,-1.12401362,-0.02629354,-1.01416120,0.08433079,-0.70820741,0.51726988,0.11792068,0.14097839,0.32554132,0.02263709,0.11361469,0.04585209,0.14725467,0.15422825,0.51726988,0.61485717,0.54833616,0.41693978,0.11792068,0.17652131,0.43966652,0.14097839,0.46112302,0.32554132,0.61860974,1.06694455,1.13197970,1.01597841,0.71452245
95,0.07123877,0.02628946,0.01986116,0.00546503,0.01480168,-0.28667126,-0.53468054,-0.18077749,-1.04415402,-0.10543890,-1.11573683,-0.01905809,-0.99919788,0.08608186,-0.70439470,0.52042048,0.11066087,0.14665300,0.31322179,0.02504410,0.11135140,0.04542859,0.14802072,0.15483504,0.52042048,0.60941399,0.53858484,0.41450914,0.11066087,0.17810819,0.43792194,0.14665300,0.45498276,0.31322179,0.61522047,1.06537489,1.12301252,1.00064799,0.71067022
96,0.07602619,0.02592122,0.02026516,0.00619864,0.01556776,-0.28813200,-0.53415958,-0.18161043,-1.03662187,-0.10430866,-1.10916364,-0.01660982,-0.99274549,0.09078562,-0.69001879,0.51364869,0.11390046,0.14766381,0.32149870,0.02942522,0.06888839,0.04524406,0.14814770,0.15490244,0.51364869,0.60481849,0.53640663,0.41643018,0.11390046,0.18280683,0.44783780,0.14766381,0.46382236,0.32149870,0.61681551,1.05862213,1.11643730,0.99410191,0.69687608
97,0.07385233,0.02654899,0.02151671,0.00994527,0.01840381,-0.28070716,-0.55190915,-0.17335468,-1.04669872,-0.09269805,-1.12795858,-0.00884616,-1.01207248,0.09329518,-0.70097936,0.50630167,0.12081587,0.14465544,0.32795949,0.03661337,0.03948945,0.04455120,0.14757237,0.15415062,0.50630167,0.60720164,0.53787869,0.41030234,0.12081587,0.17854104,0.44364415,0.14465544,0.46745717,0.32795949,0.63067968,1.06766450,1.13465011,1.01385062,0.70833500
98,0.07612495,0.02668128,0.01970305,0.00709259,0.01400361,-0.27488289,-0.53905232,-0.16344201,-1.04297119,-0.08210151,-1.11508658,-0.00059112,-1.00171259,0.10066695,-0.68841939,0.51609429,0.11923420,0.14236008,0.32990037,0.03559111,-0.00433958,0.04434614,0.14806320,0.15456161,0.51609429,0.60939795,0.54328043,0.41570368,0.11923420,0.18468346,0.45271407,0.14236008,0.46668429,0.32990037,0.61657936,1.06234109,1.12026994,1.00258811,0.69606322
99,0.07713222,0.02541439,0.02035716,0.00831406,0.01409518,-0.27293407,-0.55863023,-0.15923319,-1.06166313,-0.08080563,-1.12227220,0.00398351,-1.00575240,0.10358815,-0.68648835,0.51572319,0.10912930,0.14643328,0.33505357,0.03292673,0.00153721,0.04481300,0.14750385,0.15416092,0.51572319,0.59728530,0.53087789,0.40827233,0.10912930,0.18682257,0.46720650,0.14643328,0.47544644,0.33505357,0.63284845,1.07993913,1.12746274,1.00679964,0.69472729
100,0.07484995,0.02583060,0.02503110,0.01505298,0.01488688,-0.26445689,-0.57567322,-0.15355616,-1.08879800,-0.06712013,-1.14913069,0.01437488,-1.02262038,0.10866944,-0.70888805,0.52539276,0.11094899,0.15303628,0.32903643,0.06284220,-0.04234500,0.04547718,0.14728002,0.15414142,0.52539276,0.60900751,0.53335979,0.41232361,0.11094899,0.19099366,0.47093247,0.15303628,0.47764594,0.32903643,0.64586526,1.10454677,1.15322090,1.02359449,0.71726145
101,0.07235177,0.02666991,0.02397049,0.01174737,0.01433830,-0.26102408,-0.57893847,-0.14157499,-1.08443231,-0.06312185,-1.14686228,0.01755978,-1.02265566,0.10971279,-0.72154865,0.51957915,0.10403565,0.14977878,0.31567204,0.04836877,0.03937231,0.04561434,0.14715947,0.15406680,0.51957915,0.60280102,0.52770914,0.40627000,0.10403565,0.17789327,0.44726508,0.14977878,0.46123713,0.31567204,0.64656949,1.09899296,1.15142419,1.02446850,0.73073770
102,0.07396536,0.02311884,0.02141044,0.01195154,0.01446121,-0.25247149,-0.58127107,-0.13981045,-1.08970442,-0.05657028,-1.15717285,0.01800864,-1.03937142,0.11654307,-0.72308415,0.52078461,0.11159949,0.14039125,0.33200351,0.04234684,0.01653707,0.04532744,0.14655380,0.15340336,0.52078461,0.60935194,0.53453501,0.40218872,0.11159949,0.17236784,0.45273028,0.14039125,0.46890492,0.33200351,0.64460704,1.10448084,1.16147198,1.04160913,0.73373148
103,0.07106552,0.02517599,0.02428209,0.01739036,0.01457160,-0.24863774,-0.59014595,-0.12698513,-1.08886956,-0.04692632,-1.14983070,0.02840227,-1.02327232,0.12405694,-0.71579275,0.51461753,0.10854694,0.14950216,0.32386915,0.07910824,-0.11886438,0.04637083,0.14787025,0.15497052,0.51461753,0.59986706,0.52427296,0.41652790,0.10854694,0.18125957,0.46087719,0.14950216,0.47038167,0.32386915,0.65489367,1.10088645,1.15236328,1.02424950,0.72646362
104,0.06978002,0.02673459,0.02943796,0.02345649,0.01882897,-0.25161914,-0.60621176,-0.12709293,-1.11193306,-0.04011163,-1.15985851,0.03316525,-1.02684440,0.12430488,-0.73004177,0.52306121,0.11482264,0.15573471,0.31296217,0.09948747,-0.26345971,0.04715741,0.14811101,0.15543710,0.52306121,0.60206365,0.52702645,0.43470735,0.11482264,0.20350308,0.47573979,0.15573471,0.46607750,0.31296217,0.67646625,1.12510858,1.16198962,1.02764343,0.74072302
105,0.07014123,0.02262418,0.01992847,0.01348388,0.01505403,-0.23483754,-0.56726210,-0.12977358,-1.09318930,-0.04129230,-1.14620055,0.03491252,-1.02015519,0.12233155,-0.69326262,0.53632897,0.11284454,0.14882600,0.33914110,0.03640047,-0.04099937,0.04414101,0.14886530,0.15527172,0.53632897,0.61190910,0.53098571,0.38849420,0.11284454,0.19224061,0.48120956,0.14882600,0.48359531,0.33914110,0.62354425,1.10657461,1.14887009,1.02175159,0.70433136
106,0.07070636,0.02434151,0.02273672,0.01828743,0.01888884,-0.23215505,-0.57986541,-0.12596870,-1.09218470,-0.03910255,-1.15565373,0.03644295,-1.02292470,0.12889609,-0.70493353,0.52321489,0.11964149,0.15459835,0.33235152,0.05726301,-0.11759317,0.04445604,0.14872934,0.15523130,0.52321489,0.60977865,0.52411283,0.39684640,0.11964149,0.19236631,0.47522409,0.15459835,0.48382996,0.33235152,0.63497597,1.10507168,1.15783078,1.02417920,0.71665584
107,0.06312720,0.02322443,0.02115953,0.01526507,0.01705465,-0.22845464,-0.58781661,-0.12110861,-1.09890785,-0.03909166,-1.16559457,0.03326105,-1.04073450,0.12701453,-0.71402821,0.52244445,0.10952378,0.14460597,0.34042007,0.03808482,0.04201681,0.04422363,0.14910653,0.15552648,0.52244445,0.60818236,0.52362006,0.37958197,0.10952378,0.16927209,0.46144675,0.14460597,0.48197492,0.34042007,0.63685910,1.11037022,1.16863125,1.04331117,0.72671655
108,0.06389512,0.02306118,0.01970802,0.01480969,0.01345751,-0.23018688,-0.59005686,-0.13101830,-1.09805307,-0.04216059,-1.16110699,0.03288861,-1.03898891,0.12639263,-0.72360728,0.51764698,0.11511389,0.14406705,0.32961953,0.04298815,0.00870646,0.04343251,0.14897588,0.15517795,0.51764698,0.60191541,0.52216285,0.38621580,0.11511389,0.18171599,0.46015724,0.14406705,0.47018632,0.32961953,0.64034503,1.11056082,1.16369591,1.04074155,0.73516071
109,0.06497992,0.02249949,0.02079837,0.01588694,0.01439571,-0.23031367,-0.58183575,-0.13285211,-1.08862242,-0.04318416,-1.14740485,0.02942323,-1.03573419,0.11936744,-0.72215858,0.51608957,0.11209958,0.13374983,0.32688309,0.04693374,0.02630287,0.04352186,0.15081642,0.15697053,0.51608957,0.59640914,0.52454273,0.38177584,0.11209958,0.17646787,0.44968847,0.13374983,0.45644438,0.32688309,0.63292058,1.10116243,1.15013129,1.03756909,0.73271910
110,0.06491456,0.02498691,0.02398107,0.01915911,0.01676168,-0.23201850,-0.56956764,-0.13160760,-1.08528774,-0.04575149,-1.13882984,0.02722388,-1.01703076,0.11960877,-0.71817009,0.52547132,0.10832587,0.14394530,0.31420884,0.06436910,-0.05824100,0.04359518,0.15302899,0.15911760,0.52547132,0.60080915,0.52195258,0.39469951,0.10832587,0.18377524,0.45423982,0.14394530,0.45511800,0.31420884,0.62453776,1.09782643,1.14141081,1.01810145,0.72811002
111,0.06891482,0.02544318,0.02391363,0.01905664,0.01783155,-0.22982674,-0.56166352,-0.13151233,-1.07851922,-0.04553119,-1.13832541,0.02786844,-1.01843649,0.12247449,-0.71048316,0.52612755,0.11301025,0.14288528,0.32351118,0.06155559,-0.06342016,0.04340965,0.15367438,0.15968786,0.52612755,0.60703666,0.52912875,0.39524314,0.11301025,0.18341911,0.45769795,0.14288528,0.46294463,0.32351118,0.61593572,1.09139347,1.14085186,1.01942236,0.72098339
112,0.06912366,0.02353753,0.02095922,0.01529857,0.01403689,-0.23404336,-0.56341122,-0.13408354,-1.07782741,-0.04838267,-1.14743264,0.02607470,-1.03693711,0.11838792,-0.72700178,0.52436597,0.11344930,0.13365074,0.32374993,0.03207960,0.09023984,0.04397961,0.15427709,0.16042327,0.52436597,0.61286873,0.54056715,0.38996935,0.11344930,0.16929007,0.43532041,0.13365074,0.45302880,0.32374993,0.61541501,1.09066799,1.15078455,1.03916254,0.73810988
113,0.06528686,0.02378861,0.02011603,0.01327127,0.01202702,-0.23382290,-0.54395102,-0.13171725,-1.06578798,-0.04595203,-1.14883320,0.02288038,-1.03449177,0.12304598,-0.72267241,0.53216306,0.12288211,0.13392138,0.32798126,0.02827691,0.08632958,0.04253813,0.15475276,0.16049271,0.53216306,0.63343303,0.55396796,0.40077051,0.12288211,0.16277847,0.43123832,0.13392138,0.45933929,0.32798126,0.59747129,1.07868285,1.15202831,1.03655855,0.73437804
114,0.06636165,0.02340478,0.01893763,0.00920668,0.00808737,-0.24826685,-0.53456639,-0.13707096,-1.05631299,-0.05371593,-1.13554243,0.01939605,-1.02935783,0.11495340,-0.71843716,0.53377153,0.12103421,0.13021330,0.32570933,0.02398470,0.05889657,0.04201355,0.15545541,0.16103268,0.53377153,0.63198683,0.56382656,0.41077622,0.12103421,0.16837060,0.42777086,0.13021330,0.45128856,0.32570933,0.59626512,1.07066098,1.13900033,1.03086632,0.72843732
115,0.06373722,0.02188793,0.01824579,0.00745490,0.00841710,-0.25138572,-0.53423153,-0.14390711,-1.05716117,-0.05602566,-1.13536163,0.02169411,-1.04353005,0.11523807,-0.72936633,0.53456685,0.12106301,0.12094276,0.32797005,0.00838584,0.13811317,0.04376144,0.15611371,0.16213129,0.53456685,0.63207928,0.57804889,0.41602733,0.12106301,0.17114409,0.42104739,0.12094276,0.44124622,0.32797005,0.59653653,1.07284295,1.13984737,1.04621302,0.74092431
116,0.06227947,0.02255658,0.01698102,0.00701767,0.01070790,-0.25622420,-0.51386855,-0.13887934,-1.04953901,-0.05517216,-1.14155637,0.02782209,-1.04415883,0.11932880,-0.72487638,0.54890124,0.12742220,0.12863947,0.33235298,0.00420119,0.15713965,0.04443238,0.15676174,0.16293704,0.54890124,0.65911029,0.60180510,0.43172691,0.12742220,0.17170439,0.41816654,0.12863947,0.45244495,0.33235298,0.58084188,1.06455712,1.14597337,1.04692895,0.73698622
117,0.06794408,0.02248484,0.01541329,0.00462091,0.01226656,-0.25563439,-0.50010680,-0.14527494,-1.03671751,-0.05897211,-1.13100226,0.02088084,-1.03131104,0.11561813,-0.72684220,0.54864874,0.13215654,0.12888043,0.31898645,-0.00269814,0.16432902,0.04472554,0.15857907,0.16476558,0.54864874,0.66084777,0.59923296,0.43602869,0.13215654,0.17382176,0.40942099,0.12888043,0.44101911,0.31898645,0.56817884,1.05321102,1.13550549,1.03355856,0.73811775
118,0.06812459,0.02291741,0.01595137,0.00448527,0.01032688,-0.25775635,-0.50710491,-0.14666239,-1.04419412,-0.05369393,-1.13903731,0.02960935,-1.04126218,0.12005839,-0.73321398,0.54905494,0.13714166,0.12966994,0.32116969,0.00045221,0.16119963,0.04475351,0.15865087,0.16484227,0.54905494,0.66411911,0.60712247,0.44169726,0.13714166,0.18378882,0.41415341,0.12966994,0.44224477,0.32116969,0.57659769,1.06122417,1.14350871,1.04388918,0.74532957
119,0.06774038,0.02358224,0.01679702,0.00596833,0.01526518,-0.24743934,-0.50225025,-0.14187574,-1.02614797,-0.05201936,-1.13107832,0.02876811,-1.03399659,0.11866292,-0.73182191,0.53549982,0.13991594,0.12663583,0.31527219,-0.01063084,0.24755852,0.04732076,0.16133304,0.16812972,0.53549982,0.65859739,0.59920849,0.43212730,0.13991594,0.17368748,0.39452974,0.12663583,0.43436645,0.31527219,0.56626794,1.04267629,1.13637174,1.03806491,0.74620858
120,0.06873538,0.02317553,0.01746479,0.00854893,0.01614418,-0.23928984,-0.49651114,-0.13569885,-1.02364422,-0.05112782,-1.13792533,0.02998162,-1.03626698,0.12473078,-0.73499736,0.53788673,0.14327178,0.13019717,0.31583268,-0.00393533,0.25740629,0.04762275,0.16182285,0.16868479,0.53788673,0.66850621,0.60320165,0.43518582,0.14327178,0.16787158,0.38970361,0.13019717,0.43973047,0.31583268,0.55714192,1.03825851,1.14266475,1.04012633,0.74992220
121,0.06879756,0.02380536,0.01713048,0.00814348,0.01768759,-0.24192883,-0.47887445,-0.13921073,-1.01680629,-0.05215455,-1.12501124,0.03079108,-1.02517458,0.12307082,-0.72362448,0.54840935,0.14004481,0.12992355,0.31535701,-0.01104111,0.27425445,0.04913979,0.16323049,0.17046675,0.54840935,0.67351572,0.61061085,0.43951042,0.14004481,0.17185900,0.39401315,0.12992355,0.43798831,0.31535701,0.54281190,1.03230471,1.13007074,1.02936178,0.73938138
122,0.07250686,0.02478872,0.01845099,0.00848852,0.01836744,-0.24302458,-0.48398127,-0.14063519,-1.00594757,-0.05766186,-1.11797363,0.02772858,-1.02073357,0.11980810,-0.72449608,0.53218570,0.14155134,0.12978353,0.31026441,0.00260295,0.20009518,0.04923295,0.16494675,0.17213748,0.53218570,0.66057737,0.60142489,0.43590292,0.14155134,0.17247155,0.38551809,0.12978353,0.43191531,0.31026441,0.54971669,1.02180939,1.12281569,1.02400311,0.73781391
123,0.07168421,0.02502807,0.02021479,0.01051133,0.01706938,-0.24298971,-0.48347012,-0.14974025,-1.01964162,-0.06024127,-1.11971959,0.02729956,-1.01582589,0.12129897,-0.73224231,0.54428051,0.13619485,0.13651579,0.29885737,0.00905300,0.18299992,0.04959108,0.16531452,0.17259248,0.54428051,0.66213908,0.59770491,0.44258669,0.13619485,0.18075643,0.39749061,0.13651579,0.42841885,0.29885737,0.55094305,1.03662523,1.12485972,1.01899649,0.74530975
124,0.07776839,0.02311795,0.01809217,0.00926657,0.01594681,-0.23752600,-0.46140652,-0.14886416,-1.00592487,-0.06110780,-1.11187933,0.02917325,-1.01510416,0.12343845,-0.72630704,0.55180366,0.13940278,0.13288974,0.30386063,0.00506823,0.20223982,0.04899072,0.16601628,0.17309389,0.55180366,0.67406596,0.61501995,0.44871910,0.13940278,0.18157545,0.39243979,0.13288974,0.42785862,0.30386063,0.52664874,1.02187595,1.11631623,1.01769520,0.73916138
125,0.07922568,0.02363607,0.01872659,0.01033523,0.01623017,-0.24268213,-0.45970173,-0.15201624,-0.99830443,-0.06276060,-1.10365788,0.02587049,-1.00776664,0.12066376,-0.72335921,0.54620199,0.13993398,0.13111673,0.29982466,0.01252953,0.20214074,0.04875733,0.16606041,0.17307032,0.54620199,0.66885758,0.61104838,0.45024115,0.13993398,0.18146369,0.38921345,0.13111673,0.42254480,0.29982466,0.52740679,1.01417177,1.10773327,1.00984440,0.73539272
126,0.07946689,0.02248526,0.01737811,0.00805849,0.01587684,-0.24700317,-0.45904788,-0.15640799,-1.00891182,-0.06545316,-1.11330456,0.02415062,-1.01507837,0.11767150,-0.72370453,0.55741839,0.14066599,0.13366788,0.30608338,0.00579453,0.20110891,0.04866178,0.16605844,0.17304154,0.55741839,0.67908981,0.61917147,0.45176366,0.14066599,0.18474247,0.39811642,0.13366788,0.43096849,0.30608338,0.52803603,1.02553542,1.11754248,1.01702786,0.73502410
127,0.07562075,0.02338479,0.01721677,0.00833920,0.01763661,-0.24369232,-0.45846341,-0.14960759,-0.99596059,-0.06591678,-1.10768602,0.02003623,-1.01597727,0.11567012,-0.72204535,0.54598437,0.14075517,0.12581766,0.30909901,-0.00346258,0.26580778,0.04903926,0.16709936,0.17414662,0.54598437,0.67312287,0.61676632,0.44568719,0.14075517,0.17245190,0.38201152,0.12581766,0.42628347,0.30909901,0.52485235,1.01163543,1.11233380,1.01869829,0.73481516
128,0.07407125,0.02309715,0.01621227,0.00724893,0.01711973,-0.25426320,-0.44353945,-0.15501880,-0.98178912,-0.06846407,-1.09677786,0.01610174,-1.00728435,0.11021830,-0.71666614,0.54775488,0.14518020,0.12329602,0.30548301,-0.01289407,0.26905764,0.04982466,0.16767237,0.17491861,0.54775488,0.67915316,0.62523556,0.45546568,0.14518020,0.17487772,0.37577341,0.12329602,0.42004103,0.30548301,0.51702504,0.99885159,1.10180301,1.01007745,0.72896541
129,0.07115141,0.02296354,0.01573305,0.00769012,0.01742873,-0.26073707,-0.42949018,-0.15936138,-0.97351367,-0.07358030,-1.08293586,0.01083783,-0.99894965,0.10697908,-0.70642226,0.55374455,0.14086574,0.11937647,0.30792449,-0.01792349,0.24132760,0.05083970,0.16946184,0.17692368,0.55374455,0.67972532,0.63100047,0.46043572,0.14086574,0.17486318,0.37835190,0.11937647,0.41762745,0.30792449,0.50910497,0.99172735,1.08832956,1.00152469,0.71813452
130,0.07486691,0.02228526,0.01403586,0.00695409,0.01616082,-0.26727318,-0.40783870,-0.16848801,-0.97305540,-0.07980343,-1.08476301,0.00692605,-1.00185617,0.10560991,-0.70964129,0.57431700,0.14491517,0.12032958,0.30843353,-0.02666593,0.23110929,0.05061088,0.16944440,0.17684136,0.57431700,0.70240461,0.65432628,0.47978616,0.14491517,0.18113239,0.38158193,0.12032958,0.41850751,0.30843353,0.49395594,0.99295728,1.09048772,1.00424331,0.72092628
131,0.07642856,0.02166504,0.01349151,0.00797588,0.01982935,-0.27834408,-0.39792253,-0.17751425,-0.96948903,-0.09183704,-1.08147652,-0.00215888,-1.00641139,0.09615986,-0.71392515,0.58099679,0.14279926,0.11706731,0.30859726,-0.03220336,0.24046980,0.05099206,0.16966868,0.17716561,0.58099679,0.70855226,0.66823557,0.49001927,0.14279926,0.18135206,0.37519421,0.11706731,0.41284141,0.30859726,0.49149648,0.99090526,1.08829535,1.00916621,0.72465465
132,0.07541066,0.02214683,0.01338129,0.00681189,0.01883404,-0.28259030,-0.38961317,-0.18509932,-0.96882527,-0.09476484,-1.07936400,-0.00361605,-1.00002857,0.09350348,-0.71809364,0.58790848,0.14448183,0.12101375,0.29825379,-0.03194995,0.24491973,0.05180534,0.17025641,0.17796359,0.58790848,0.71487372,0.67115188,0.49935243,0.14448183,0.18637818,0.37550564,0.12101375,0.40738371,0.29825379,0.48705370,0.99140559,1.08630105,1.00256986,0.72826235
133,0.07573599,0.02214687,0.01438961,0.00782446,0.02061682,-0.29296260,-0.38051020,-0.19724018,-0.95804624,-0.10475986,-1.06278224,-0.01191226,-0.98811891,0.08550543,-0.70573295,0.58578835,0.14158456,0.11932054,0.29874914,-0.02586438,0.23303249,0.05216162,0.17185903,0.17960056,0.58578835,0.70775654,0.66951424,0.49902380,0.14158456,0.19003657,0.37978020,0.11932054,0.40458573,0.29874914,0.48585323,0.98270861,1.07034164,0.99034446,0.71429665
134,0.07032768,0.02403326,0.01506185,0.00863444,0.02115357,-0.29987723,-0.36738582,-0.20417090,-0.94267188,-0.11201196,-1.05336058,-0.02152444,-0.98534935,0.07992197,-0.71267903,0.58343072,0.14556100,0.11333287,0.29096023,-0.02281599,0.23844528,0.05256546,0.17277850,0.18059773,0.58343072,0.71124813,0.67783318,0.51333034,0.14556100,0.18944206,0.36620807,0.11333287,0.39103001,0.29096023,0.48064382,0.96918550,1.06187055,0.98794806,0.72079844
135,0.07365352,0.02234960,0.01480484,0.00946829,0.02125710,-0.29790902,-0.35763304,-0.21500288,-0.94247956,-0.11965393,-1.04932815,-0.02641084,-0.97682571,0.08048730,-0.71156492,0.59099103,0.14529746,0.11838133,0.28600824,-0.02505648,0.22351295,0.05275487,0.17322170,0.18107687,0.59099103,0.71431842,0.67623987,0.51823093,0.14529746,0.19443226,0.37615905,0.11838133,0.39263614,0.28600824,0.47134978,0.97115945,1.05834589,0.97905533,0.71893211
136,0.07701455,0.02249963,0.01565106,0.01185427,0.02475105,-0.30670918,-0.35451716,-0.22408250,-0.93494369,-0.13134311,-1.04979964,-0.03528111,-0.98176068,0.06993071,-0.71282825,0.58674114,0.14934846,0.11784667,0.28880733,-0.03079963,0.22713382,0.05323395,0.17363229,0.18160954,0.58674114,0.71705748,0.68347008,0.51985125,0.14934846,0.19654891,0.36927821,0.11784667,0.39250913,0.28880733,0.47435559,0.96618644,1.06051284,0.98472152,0.71981965
137,0.08063111,0.02327659,0.01531132,0.01054803,0.02311918,-0.30366345,-0.34852714,-0.23359439,-0.92837761,-0.13881337,-1.04680401,-0.03793482,-0.96969382,0.06913522,-0.71656852,0.58432168,0.15309757,0.12706423,0.27485583,-0.02257459,0.21585341,0.05456884,0.17446780,0.18280255,0.58432168,0.71748086,0.67566951,0.52389050,0.15309757,0.20159755,0.37015352,0.12706423,0.39025772,0.27485583,0.46762850,0.96133790,1.05809794,0.97243501,0.72285866
138,0.08428610,0.02391665,0.01474786,0.01006250,0.02301693,-0.30440502,-0.34001148,-0.23643170,-0.92685045,-0.14037981,-1.04793725,-0.03798113,-0.96269477,0.06766796,-0.71408572,0.59094967,0.15588787,0.13328871,0.27014015,-0.01931312,0.21790174,0.05442585,0.17411475,0.18242291,0.59094967,0.72670000,0.67734848,0.52764730,0.15588787,0.20309429,0.37175367,0.13328871,0.39337228,0.27014015,0.46103459,0.95989685,1.05899846,0.96508340,0.71970503
139,0.08753478,0.02623185,0.01693536,0.01139029,0.02122204,-0.30850783,-0.33920039,-0.23590792,-0.92043366,-0.13823899,-1.04701101,-0.03754507,-0.96731337,0.06794527,-0.72011383,0.58581051,0.16082043,0.12842260,0.26877396,-0.01419937,0.21688656,0.05439985,0.17345466,0.18178521,0.58581051,0.72805734,0.68414130,0.53561148,0.16082043,0.20467043,0.36432439,0.12842260,0.38648964,0.26877396,0.46342392,0.95319681,1.05770755,0.96972784,0.72571955
140,0.08680089,0.02638282,0.01674889,0.01207302,0.02375035,-0.30771189,-0.34244682,-0.23386082,-0.92307169,-0.13923747,-1.04799260,-0.03879196,-0.96809062,0.06702334,-0.72369770,0.58535827,0.15739146,0.12834967,0.26632549,-0.01336768,0.22391925,0.05499590,0.17327065,0.18178907,0.58535827,0.72541106,0.68102294,0.53460192,0.15739146,0.20073614,0.36116456,0.12834967,0.38433676,0.26632549,0.46482496,0.95496438,1.05876649,0.97056825,0.72923030
141,0.08570524,0.02607656,0.01635304,0.01185473,0.02322993,-0.31029674,-0.33498049,-0.23551487,-0.91320480,-0.13864715,-1.04480239,-0.03619095,-0.96512720,0.07263320,-0.71809282,0.58315332,0.16403021,0.12979460,0.26995711,-0.01554714,0.23984886,0.05540179,0.17319905,0.18184408,0.58315332,0.73028667,0.68718393,0.54167493,0.16403021,0.20639785,0.36487095,0.12979460,0.38909416,0.26995711,0.46062575,0.94584193,1.05554819,0.96760365,0.72439933
142,0.08203623,0.02515865,0.01549068,0.01209134,0.02374454,-0.31606030,-0.33385378,-0.24210767,-0.91359117,-0.14387825,-1.04438081,-0.04005565,-0.96695790,0.06930877,-0.72436830,0.58449789,0.16417796,0.12952136,0.26613025,-0.01757264,0.23991089,0.05559059,0.17292550,0.18164124,0.58449789,0.73111299,0.69066317,0.54864463,0.16417796,0.20935994,0.36450169,0.12952136,0.38455941,0.26613025,0.46431492,0.94799209,1.05592400,0.96971123,0.73056772
143,0.08614591,0.02494550,0.01599661,0.01299102,0.02453390,-0.31478003,-0.32567024,-0.24138515,-0.90289894,-0.14483121,-1.03826120,-0.04008839,-0.96135248,0.07067049,-0.71654491,0.58196593,0.16661812,0.13007149,0.26876725,-0.01234117,0.24745550,0.05563525,0.17369956,0.18239194,0.58196593,0.73257680,0.69251286,0.54907433,0.16661812,0.20967313,0.36346621,0.13007149,0.38740478,0.26876725,0.45637253,0.93694718,1.04977620,0.96412564,0.72315274
144,0.08805704,0.02545525,0.01657388,0.01206252,0.02266942,-0.31232640,-0.32740674,-0.24251886,-0.89528775,-0.14822199,-1.03161643,-0.03981454,-0.95381575,0.07561011,-0.71274556,0.57224095,0.16626774,0.13351465,0.26730785,-0.00760743,0.24600072,0.05498062,0.17369547,0.18218942,0.57224095,0.72308429,0.68312027,0.54681904,0.16626774,0.21115020,0.36680634,0.13351465,0.38968289,0.26730785,0.45538267,0.92956871,1.04332568,0.95610642,0.71899141
145,0.08952063,0.02587063,0.01650046,0.01158210,0.02233081,-0.31118065,-0.32654864,-0.23978568,-0.90036783,-0.14828819,-1.03436441,-0.04092359,-0.95729652,0.07318024,-0.71996989,0.57832975,0.16262618,0.13225817,0.26337273,-0.01037949,0.25520632,0.05527263,0.17389920,0.18247191,0.57832975,0.72631818,0.68622031,0.55008136,0.16262618,0.20693469,0.36123771,0.13225817,0.38468999,0.26337273,0.45383716,0.93367977,1.04608871,0.95969552,0.72605795
146,0.08838584,0.02569419,0.01722969,0.00998092,0.02163558,-0.31299837,-0.32561270,-0.24310667,-0.89565049,-0.14845104,-1.03594634,-0.04019435,-0.95963743,0.07405192,-0.71977130,0.57434292,0.16954730,0.13256740,0.26574963,-0.00753667,0.26174204,0.05530575,0.17283563,0.18146868,0.57434292,0.72915258,0.69022679,0.55247621,0.16954730,0.21281112,0.36266356,0.13256740,0.38679070,0.26574963,0.45466204,0.92991079,1.04765198,0.96200216,0.72605596
147,0.08633448,0.02609413,0.01706877,0.01027271,0.02284208,-0.31607245,-0.32848740,-0.24360010,-0.89936310,-0.14573310,-1.03848891,-0.03903400,-0.96503098,0.07400292,-0.72112250,0.57548130,0.17052268,0.12961962,0.26888867,-0.00790277,0.25316685,0.05552248,0.17205667,0.18079337,0.57548130,0.73018040,0.69422118,0.55347362,0.17052268,0.21497778,0.36420401,0.12961962,0.38614739,0.26888867,0.45929203,0.93378421,1.04982279,0.96731883,0.72734914
148,0.08066280,0.02643827,0.01658386,0.01215488,0.02485346,-0.32555843,-0.31719378,-0.24686595,-0.88851761,-0.14780293,-1.02593890,-0.04138381,-0.95350102,0.07479664,-0.71611986,0.57672675,0.17044116,0.12873905,0.26430844,0.00034481,0.22965695,0.05567271,0.17272607,0.18147657,0.57672675,0.73102640,0.69718956,0.56544619,0.17044116,0.21622638,0.36522523,0.12873905,0.38152225,0.26430844,0.45927384,0.92429766,1.03745778,0.95546159,0.72164085
149,0.07355175,0.02736210,0.01611383,0.00949763,0.02538589,-0.31770362,-0.31901952,-0.24406837,-0.89596638,-0.14824840,-1.03783570,-0.04170194,-0.96452836,0.07566941,-0.72840210,0.58167625,0.17233146,0.12935471,0.26369217,-0.00401379,0.22007746,0.05640560,0.17204301,0.18105355,0.58167625,0.73902516,0.70267427,0.56846133,0.17233146,0.21482568,0.36159019,0.12935471,0.38195513,0.26369217,0.45673283,0.93118989,1.04953666,0.96656841,0.73391248
150,0.07288772,0.02655126,0.01610376,0.01116447,0.02432742,-0.31194437,-0.30660919,-0.24537821,-0.89350935,-0.14585621,-1.03847847,-0.04170872,-0.97081392,0.08172612,-0.73546180,0.59073036,0.17667341,0.12425443,0.26577589,-0.00674841,0.22348391,0.05631907,0.17166895,0.18067115,0.59073036,0.75092969,0.71769162,0.58275074,0.17667341,0.21884235,0.36371537,0.12425443,0.37896325,0.26577589,0.44463345,0.92930345,1.05005301,0.97300074,0.74190433
151,0.08780354,0.02618235,0.01702716,0.01145672,0.02084599,-0.32373477,-0.32375513,-0.25536920,-0.90744792,-0.16046572,-1.05224037,-0.04771714,-0.98415722,0.07520979,-0.76190446,0.58768333,0.17333711,0.13172734,0.25401296,-0.00680089,0.24503537,0.05654291,0.17032235,0.17946254,0.58768333,0.74659837,0.71578583,0.59256635,0.17333711,0.22146279,0.36120910,0.13172734,0.37399776,0.25401296,0.46184648,0.94469537,1.06571519,0.98684427,0.76786642
152,0.09245633,0.02565646,0.01800979,0.00804143,0.02046179,-0.32610498,-0.31206954,-0.24864284,-0.91789336,-0.15323223,-1.05376979,-0.03845345,-0.98335765,0.08655049,-0.75168127,0.61075672,0.16657934,0.13466864,0.26325468,-0.00468588,0.21664415,0.05677919,0.16970004,0.17894687,0.61075672,0.76168405,0.73046621,0.60307950,0.16657934,0.22068810,0.37439004,0.13466864,0.38568543,0.26325468,0.45568509,0.95309389,1.06602585,0.98528416,0.75828889
153,0.09131215,0.02614929,0.01798192,0.00918701,0.02179442,-0.32991477,-0.31085836,-0.24924402,-0.91167314,-0.15479707,-1.04990946,-0.03841715,-0.97617134,0.08481900,-0.75151019,0.60623671,0.16820574,0.13783072,0.25624558,0.00202371,0.21529788,0.05629280,0.16929718,0.17841080,0.60623671,0.75984217,0.72684394,0.60563638,0.16820574,0.22139577,0.37094878,0.13783072,0.38270674,0.25624558,0.45830730,0.94713059,1.06222565,0.97780077,0.75748878
154,0.09236469,0.02518998,0.01721564,0.00999416,0.02394616,-0.33082095,-0.31215110,-0.24853667,-0.93182895,-0.15593256,-1.05585796,-0.04061956,-0.98750143,0.08385140,-0.75991163,0.62512201,0.15589304,0.13415986,0.25940877,-0.00383014,0.20273064,0.05596152,0.16790643,0.17698661,0.62512201,0.76428276,0.73553622,0.61078312,0.15589304,0.21656950,0.37487841,0.13415986,0.38091276,0.25940877,0.46032488,0.96682360,1.06847174,0.98933365,0.76591087
155,0.09459102,0.02529732,0.01764281,0.00909566,0.02124324,-0.33092047,-0.30947048,-0.25168828,-0.93097142,-0.15743208,-1.06381647,-0.03592082,-0.98432721,0.08800063,-0.75035451,0.62653106,0.16379117,0.14525668,0.26476660,-0.00346817,0.21446587,0.05542742,0.16739994,0.17633757,0.62653106,0.77423217,0.73682428,0.60850219,0.16379117,0.22327411,0.38523743,0.14525668,0.39812445,0.26476660,0.45795218,0.96668495,1.07653325,0.98602511,0.75693297
156,0.09337663,0.02550115,0.01806988,0.01021218,0.02305307,-0.33278970,-0.31838670,-0.25200077,-0.91098669,-0.15645531,-1.05492007,-0.03874862,-0.98277655,0.08093310,-0.74934208,0.59808171,0.17319089,0.13806948,0.26234692,0.00663070,0.22646692,0.05475200,0.16785728,0.17656118,0.59808171,0.75745210,0.72662794,0.59744823,0.17319089,0.22524803,0.37016741,0.13806948,0.38698541,0.26234692,0.46403231,0.94687195,1.06736791,0.98461273,0.75530367
157,0.09109536,0.02536437,0.01828650,0.00930775,0.02205874,-0.32762224,-0.32622724,-0.25077753,-0.91415220,-0.14995171,-1.05714437,-0.03397111,-0.98195613,0.08245300,-0.74399012,0.59292934,0.17519343,0.13829461,0.26497131,0.00893299,0.24101327,0.05548083,0.16732024,0.17627871,0.59292934,0.75228213,0.71850783,0.58539654,0.17519343,0.22720441,0.37416360,0.13829461,0.39009372,0.26497131,0.46571772,0.94945633,1.06867153,0.98378849,0.75054187
158,0.08979756,0.02525881,0.01753654,0.01102176,0.02444567,-0.33251677,-0.33167732,-0.25568427,-0.91661914,-0.15134456,-1.06432099,-0.03749424,-0.98579415,0.07967503,-0.74925184,0.58996752,0.18122286,0.13834545,0.26400541,0.00635740,0.23431266,0.05495334,0.16497063,0.17388266,0.58996752,0.75482431,0.71763574,0.58677109,0.18122286,0.22904954,0.37482733,0.13834545,0.39076325,0.26400541,0.47339235,0.95338544,1.07602556,0.98775626,0.75540171
159,0.08938877,0.02467483,0.01705240,0.01001645,0.02230816,-0.33889886,-0.33518314,-0.25965528,-0.92254936,-0.15419904,-1.06573513,-0.03888847,-0.98801256,0.08321430,-0.75030594,0.59269627,0.17831811,0.13907432,0.26726218,0.00839900,0.22676575,0.05484172,0.16319684,0.17216510,0.59269627,0.75371689,0.71860796,0.59212670,0.17831811,0.23053616,0.38376914,0.13907432,0.39483793,0.26726218,0.48036880,0.96005245,1.07769958,0.98981477,0.75651081
160,0.09173429,0.02407564,0.01763381,0.00942483,0.02163873,-0.34506559,-0.33691855,-0.26248546,-0.92273290,-0.15722560,-1.06312396,-0.04086865,-0.98182280,0.07727079,-0.74522575,0.59160810,0.17593487,0.14196788,0.26447194,0.01150489,0.22744331,0.05464674,0.16241410,0.17136104,0.59160810,0.75024151,0.71314595,0.58750064,0.17593487,0.22959197,0.38339777,0.14196788,0.39506964,0.26447194,0.48555267,0.96090884,1.07551051,0.98368179,0.75074114
161,0.09228122,0.02566464,0.01886377,0.00856993,0.02086691,-0.34828564,-0.33745391,-0.26866461,-0.91623826,-0.16564272,-1.06322936,-0.04592188,-0.98561734,0.07431739,-0.75281432,0.58423546,0.17975591,0.14272128,0.26204385,0.01224390,0.23236327,0.05457530,0.16061080,0.16962987,0.58423546,0.74847201,0.71524989,0.59255955,0.17975591,0.23337602,0.37993491,0.14272128,0.39241325,0.26204385,0.48818278,0.95643249,1.07703682,0.98792932,0.75833068
162,0.09353077,0.02473840,0.01864753,0.01008601,0.02063379,-0.34811119,-0.34120777,-0.26582996,-0.92499544,-0.16040953,-1.06668541,-0.04112678,-0.98978325,0.07795090,-0.75601179,0.58955774,0.17683789,0.14199024,0.26235902,0.01288806,0.23015460,0.05430080,0.15898803,0.16800527,0.58955774,0.74941730,0.71757157,0.59464062,0.17683789,0.23390425,0.38307778,0.14199024,0.39162867,0.26235902,0.49051624,0.96401161,1.07966136,0.99191801,0.76181745
163,0.09496482,0.02493314,0.01838561,0.01020044,0.01989295,-0.35140067,-0.33550860,-0.26495812,-0.92554422,-0.15853807,-1.06537131,-0.04116202,-0.98324763,0.07904265,-0.75603758,0.59634757,0.17607740,0.14326866,0.25704782,0.01846908,0.21864081,0.05367628,0.15778700,0.16666698,0.59634757,0.75506834,0.71832198,0.60191033,0.17607740,0.23129570,0.38360205,0.14326866,0.39004726,0.25704782,0.48901288,0.96410098,1.07785608,0.98502208,0.76134576
164,0.09513452,0.02440541,0.01749100,0.01235135,0.02222023,-0.35437954,-0.33926548,-0.27145671,-0.92109802,-0.16374694,-1.06873237,-0.04723745,-0.98719622,0.07553154,-0.75320135,0.58771223,0.18309916,0.14224575,0.26424641,0.01821244,0.22320752,0.05341803,0.15620312,0.16508453,0.58771223,0.75405894,0.71709408,0.59685025,0.18309916,0.23389443,0.38554452,0.14224575,0.39601705,0.26424641,0.49322726,0.96157992,1.08190499,0.98923036,0.75819244
165,0.09513299,0.02477154,0.01847057,0.01151377,0.02182223,-0.35320385,-0.33598649,-0.27291681,-0.91238172,-0.16409941,-1.06094445,-0.04722208,-0.98219643,0.07462866,-0.75172009,0.58196202,0.18436339,0.14101235,0.26070554,0.02186966,0.22898712,0.05295993,0.15522500,0.16401084,0.58196202,0.74928729,0.71501256,0.59657275,0.18436339,0.23628042,0.38289867,0.14101235,0.39069225,0.26070554,0.48983548,0.95345648,1.07421880,0.98424444,0.75664124
166,0.09561209,0.02485574,0.01877232,0.01192059,0.02077961,-0.35303462,-0.32827943,-0.27085561,-0.90866312,-0.16638626,-1.05006915,-0.04644088,-0.96549923,0.07965806,-0.73376742,0.58618114,0.17629910,0.14678663,0.26381929,0.02571887,0.21802636,0.05240939,0.15399114,0.16266535,0.58618114,0.74570860,0.70727044,0.59315421,0.17629910,0.23173358,0.39186850,0.14678663,0.40073787,0.26381929,0.48433892,0.94917502,1.06360700,0.96718584,0.73881592
167,0.09681709,0.02318675,0.01833520,0.01457481,0.02508419,-0.35777480,-0.33339195,-0.27425273,-0.91852259,-0.17166159,-1.05424272,-0.05370692,-0.97177552,0.07115236,-0.73760085,0.59106219,0.17053261,0.14401388,0.26538204,0.02420416,0.21774222,0.05215474,0.15216648,0.16085632,0.59106219,0.74459450,0.70713951,0.58942405,0.17053261,0.22697986,0.38997767,0.14401388,0.39905546,0.26538204,0.49096180,0.95953933,1.06857534,0.97392531,0.74189414
168,0.09646344,0.02348776,0.01896598,0.01399592,0.02521437,-0.35847673,-0.34398791,-0.27525718,-0.91674159,-0.17124567,-1.05390221,-0.05506961,-0.96696118,0.07099534,-0.72851137,0.57877034,0.17255929,0.14519926,0.26972401,0.02317926,0.21247139,0.05154740,0.15086674,0.15942994,0.57877034,0.73426245,0.69294889,0.57648736,0.17255929,0.22594540,0.39417856,0.14519926,0.40568610,0.26972401,0.49867234,0.95821171,1.06821973,0.96926346,0.73290469
169,0.09209522,0.02137199,0.01706413,0.01474202,0.02438302,-0.35825814,-0.35182349,-0.27264529,-0.92820088,-0.16984444,-1.05989796,-0.05262830,-0.98227892,0.07248715,-0.74276929,0.58277044,0.16724250,0.14070324,0.27021980,0.00848954,0.23909490,0.05116326,0.14886601,0.15741273,0.58277044,0.73271488,0.70066723,0.58174820,0.16724250,0.22657310,0.39179682,0.14070324,0.39915936,0.27021980,0.50391002,0.96877888,1.07431227,0.98493355,0.74793889
170,0.09136096,0.02040379,0.01652456,0.01220003,0.02372018,-0.35898819,-0.36966311,-0.27238009,-0.94916187,-0.16357287,-1.07686380,-0.04637886,-0.99537598,0.07996658,-0.75366829,0.58607652,0.16783031,0.14294713,0.27275382,0.00308681,0.25354371,0.05152164,0.14623314,0.15504389,0.58607652,0.73375082,0.69964253,0.58352751,0.16783031,0.23070006,0.40299384,0.14294713,0.40482176,0.27275382,0.51698998,0.98898925,1.09037605,0.99814093,0.76034573
171,0.08874225,0.02070581,0.01685798,0.01083466,0.02348146,-0.36110389,-0.38346227,-0.26986219,-0.95832606,-0.15797676,-1.08320217,-0.03949762,-0.99696178,0.08438616,-0.75190167,0.58232494,0.16768764,0.14675000,0.27460984,-0.00078045,0.26034687,0.05158571,0.14496842,0.15387310,0.58232494,0.72878040,0.69305921,0.57868191,0.16768764,0.23363992,0.41008532,0.14675000,0.41062899,0.27460984,0.52834573,0.99733985,1.09610967,0.99980263,0.75959299
172,0.09321071,0.02108960,0.01706500,0.01433077,0.02234494,-0.36247379,-0.38799491,-0.26184149,-0.94925260,-0.15338322,-1.06846891,-0.03963246,-0.96734564,0.08123980,-0.72410197,0.57023014,0.16145209,0.15228473,0.27162039,0.01737831,0.21494635,0.05142517,0.14671186,0.15546356,0.57023014,0.71188767,0.66323004,0.55664198,0.16145209,0.22298970,0.41038497,0.15228473,0.41673053,0.27162039,0.53294189,0.98601624,1.08021259,0.96926672,0.73013281
173,0.09140622,0.02267376,0.01694870,0.01164147,0.02140612,-0.37030364,-0.38130770,-0.26162048,-0.95936258,-0.14437426,-1.07975594,-0.03179476,-0.97056537,0.08713727,-0.72491698,0.58818359,0.16841551,0.15691526,0.27292484,0.02754651,0.21468896,0.05189636,0.14630628,0.15523775,0.58818359,0.73417444,0.67960101,0.57215612,0.16841551,0.23017689,0.42027531,0.15691526,0.42371589,0.27292484,0.53357721,0.99546118,1.08992697,0.97191165,0.73123952
174,0.08869665,0.02219823,0.01531427,0.01053242,0.02395797,-0.36277544,-0.36919150,-0.26906311,-0.93696389,-0.14874719,-1.06431582,-0.03834420,-0.95695979,0.08554418,-0.70589640,0.57556335,0.17585437,0.15402657,0.27996645,0.01414069,0.22238030,0.05152501,0.14722381,0.15597973,0.57556335,0.72733873,0.67136266,0.56067971,0.17585437,0.23189482,0.42342467,0.15402657,0.42821200,0.27996645,0.51926070,0.97625615,1.07531562,0.95859283,0.71221209
175,0.09022607,0.02368637,0.01710115,0.00707896,0.01999131,-0.36956792,-0.36151456,-0.27348990,-0.93789608,-0.15582285,-1.06685309,-0.03556157,-0.95737435,0.09076227,-0.70763485,0.58441147,0.17536472,0.16263950,0.27987308,0.00951645,0.22577417,0.05128101,0.14695317,0.15564374,0.58441147,0.73704862,0.68310899,0.57597401,0.17536472,0.23918606,0.43122765,0.16263950,0.43570900,0.27987308,0.51898087,0.97850254,1.07885321,0.95887397,0.71449277
176,0.09206002,0.02364562,0.01701716,0.01109401,0.02337977,-0.35883906,-0.33447256,-0.27288238,-0.91545516,-0.15547003,-1.03578371,-0.04046934,-0.94054396,0.08992489,-0.69775766,0.58743673,0.16885973,0.14939595,0.27558925,0.00632042,0.23577348,0.05159009,0.14843904,0.15714861,0.58743673,0.73021096,0.68460485,0.57738401,0.16885973,0.23401931,0.42321984,0.14939595,0.41775288,0.27558925,0.49203280,0.95659710,1.04796359,0.94224688,0.70471438
177,0.09443811,0.02547576,0.01873273,0.00817884,0.02264896,-0.35588312,-0.32394298,-0.27268859,-0.90383200,-0.15105243,-1.03254485,-0.02932980,-0.93735393,0.09735416,-0.70493746,0.58588579,0.17760653,0.15459972,0.26473164,0.00109332,0.24382110,0.05244846,0.14888744,0.15785535,0.58588579,0.73763043,0.69491737,0.59211065,0.17760653,0.24580885,0.42013282,0.15459972,0.41123203,0.26473164,0.48330744,0.94555806,1.04428314,0.93886078,0.71327383
178,0.09333546,0.02489748,0.01922707,0.00818546,0.02324272,-0.35759243,-0.31925573,-0.26787718,-0.89650029,-0.15167513,-1.03086438,-0.03358153,-0.95653306,0.09790725,-0.72671548,0.58431565,0.17787065,0.13985032,0.26492424,0.00216468,0.25388626,0.05398169,0.14901616,0.15849240,0.58431565,0.74081263,0.71503702,0.61154676,0.17787065,0.24186457,0.40337331,0.13985032,0.39386592,0.26492424,0.48076398,0.93696937,1.04274522,0.95841208,0.73562026
179,0.09291411,0.02631282,0.02003584,0.00762774,0.02031852,-0.36060255,-0.31733415,-0.27554120,-0.88795003,-0.16232097,-1.02786593,-0.03990200,-0.96801764,0.09705468,-0.74243339,0.57705815,0.18033627,0.13649497,0.26406131,0.00445372,0.24507684,0.05508859,0.14925242,0.15909442,0.57705815,0.73768071,0.72548179,0.62489792,0.18033627,0.24889270,0.40004561,0.13649497,0.38605352,0.26406131,0.48207232,0.93124615,1.04145447,0.97012894,0.75107968
180,0.09876854,0.02607693,0.02068892,0.00935121,0.01949261,-0.36502797,-0.30535407,-0.28551120,-0.88530219,-0.17285184,-1.03876342,-0.04679479,-0.98484549,0.09928518,-0.75846202,0.58550462,0.19069162,0.13738367,0.26956324,0.00483970,0.24028490,0.05556939,0.14857016,0.15862235,0.58550462,0.75817072,0.75038902,0.64903613,0.19069162,0.25864912,0.40521401,0.13738367,0.39106514,0.26956324,0.47789178,0.93187977,1.05400321,0.98741548,0.76746930
181,0.09917602,0.02595476,0.02029286,0.01033817,0.02159013,-0.36342184,-0.28451447,-0.28646764,-0.86436554,-0.17666041,-1.01971303,-0.05388559,-0.98292602,0.08849311,-0.76323167,0.58503455,0.19051856,0.12871183,0.26199068,0.00567391,0.25422814,0.05531964,0.15030781,0.16016461,0.58503455,0.75854924,0.76403001,0.65870865,0.19051856,0.26106169,0.38853268,0.12871183,0.36955282,0.26199068,0.46296716,0.91181363,1.03555325,0.98559722,0.77057727
182,0.10181283,0.02507009,0.01933365,0.01404959,0.02281680,-0.36493009,-0.27198966,-0.29163554,-0.86433505,-0.18367336,-1.02642123,-0.06330873,-0.99036331,0.08425684,-0.76873810,0.59692440,0.19485255,0.12689402,0.26651135,0.00248334,0.26401360,0.05530347,0.14973184,0.15961860,0.59692440,0.77590345,0.77938193,0.67046824,0.19485255,0.26104930,0.38854179,0.12689402,0.37289187,0.26651135,0.45615503,0.91304263,1.04323773,0.99366456,0.77582580
183,0.09917547,0.02285420,0.01711743,0.01053097,0.02626432,-0.36055245,-0.25208922,-0.29648575,-0.86244768,-0.17854651,-1.02255242,-0.05774831,-0.99167790,0.07860529,-0.77009650,0.61383038,0.19919990,0.12539379,0.26033912,-0.00182963,0.26039961,0.05410458,0.14871087,0.15824736,0.61383038,0.79166901,0.79929306,0.67949858,0.19919990,0.27147496,0.38644614,0.12539379,0.36107113,0.26033912,0.44096581,0.91295958,1.03846871,0.99432135,0.77591179
184,0.09944222,0.02274665,0.01620145,0.01192051,0.02553741,-0.36411408,-0.24831025,-0.29854585,-0.85457198,-0.18626749,-1.01449980,-0.06243554,-0.99286037,0.07756647,-0.77227678,0.60984335,0.19569449,0.12634920,0.26137728,0.00105234,0.26127487,0.05399665,0.14860927,0.15811500,0.60984335,0.78656567,0.80340326,0.68551009,0.19569449,0.27363493,0.38513634,0.12634920,0.35874753,0.26137728,0.44211059,0.90621732,1.03195039,0.99582018,0.77792632
185,0.10754943,0.02272394,0.01736819,0.01172527,0.02389341,-0.36332328,-0.23354692,-0.30435622,-0.85347399,-0.18849943,-1.01056389,-0.06489263,-0.99190757,0.07592174,-0.76952901,0.62274805,0.19542872,0.12573996,0.26326883,0.00391701,0.24880114,0.05440390,0.14811132,0.15778703,0.62274805,0.79645278,0.81502018,0.69313033,0.19542872,0.27662657,0.38954612,0.12573996,0.35829766,0.26326883,0.43297228,0.90681810,1.02832278,0.99481509,0.77457355
186,0.10749203,0.02179911,0.01795727,0.01340567,0.02281634,-0.36648819,-0.23343064,-0.31231164,-0.85711994,-0.19633957,-1.01863880,-0.07078269,-1.00596539,0.07319220,-0.78965246,0.62604489,0.19889890,0.12731153,0.25987459,0.00890999,0.25742344,0.05397741,0.14603905,0.15569510,0.62604489,0.80343372,0.82733104,0.70926476,0.19889890,0.28396503,0.39168512,0.12731153,0.35427276,0.25987459,0.43523380,0.91267461,1.03764700,1.00924551,0.79424811
187,0.10712414,0.02255163,0.01780461,0.01267913,0.02254265,-0.37036810,-0.22276827,-0.31172893,-0.86259282,-0.19887141,-1.02547421,-0.07951692,-1.00699594,0.06485601,-0.80182789,0.64253325,0.19830182,0.12162641,0.25090834,0.00762240,0.25574835,0.05352746,0.14417739,0.15379307,0.64253325,0.82082306,0.83652263,0.72458060,0.19830182,0.27353515,0.38161525,0.12162641,0.34628540,0.25090834,0.43301114,0.91776341,1.04487583,1.01089166,0.80561674
188,0.11063509,0.02430533,0.01919090,0.01348813,0.02129245,-0.38092677,-0.21699887,-0.31637644,-0.86210962,-0.20615540,-1.03651969,-0.08584337,-1.01153743,0.05907659,-0.80887177,0.64834571,0.20651259,0.12359906,0.24914975,0.01199063,0.24989962,0.05252417,0.14187633,0.15128675,0.64834571,0.83796298,0.84760799,0.73756476,0.20651259,0.27476068,0.37924230,0.12359906,0.34981022,0.24914975,0.43920540,0.91884441,1.05704805,1.01578276,0.81181763
189,0.11466573,0.02427088,0.02012134,0.01403838,0.02009347,-0.38093738,-0.20944929,-0.31355977,-0.85467863,-0.20934663,-1.03433383,-0.09253469,-1.01620365,0.06035858,-0.80887816,0.64875950,0.20773298,0.11970684,0.25761767,0.01446083,0.26178237,0.05252095,0.14015992,0.14967717,0.64875950,0.84254342,0.85699061,0.74469569,0.20773298,0.27415539,0.37711316,0.11970684,0.35218055,0.25761767,0.43518276,0.91073503,1.05552136,1.02119754,0.81225162
190,0.11662676,0.02484767,0.02069679,0.01330160,0.02037867,-0.38167246,-0.20745169,-0.31840449,-0.85076184,-0.21233925,-1.03044259,-0.09564355,-1.01406078,0.06065878,-0.80759602,0.64648082,0.20865351,0.11994206,0.25898691,0.01638021,0.26771918,0.05284182,0.13852001,0.14825670,0.64648082,0.84029564,0.85644992,0.74644838,0.20865351,0.27720152,0.38250304,0.11994206,0.35338918,0.25898691,0.43460576,0.90866944,1.05235685,1.01959565,0.81140852
191,0.11663450,0.02562563,0.02187013,0.01442946,0.02178219,-0.38137490,-0.20411612,-0.31915990,-0.83995980,-0.21200251,-1.02314719,-0.09273145,-1.01069174,0.05791711,-0.80932833,0.63893953,0.21227051,0.12261796,0.25153831,0.02322992,0.27781705,0.05321540,0.13785857,0.14777301,0.63893953,0.83646158,0.85753604,0.74912960,0.21227051,0.28515230,0.37996150,0.12261796,0.34573955,0.25153831,0.43257439,0.89863112,1.04500649,1.01579767,0.81277101
192,0.11805072,0.02625303,0.02224251,0.01504428,0.02408836,-0.38363050,-0.19647760,-0.32028414,-0.83784922,-0.21524159,-1.02644126,-0.09479826,-1.01246325,0.05810675,-0.81621437,0.64455027,0.21593854,0.12405576,0.24886089,0.02621150,0.28309361,0.05287166,0.13621690,0.14611796,0.64455027,0.84698889,0.86652981,0.76246829,0.21593854,0.28693320,0.38088421,0.12405576,0.34635934,0.24886089,0.43103799,0.89707254,1.04892455,1.01786268,0.81984492
193,0.12344363,0.02734599,0.02294035,0.01571745,0.02356778,-0.38342583,-0.18330008,-0.32113820,-0.83578925,-0.21140817,-1.02032667,-0.09006359,-1.00670554,0.05792060,-0.81438557,0.65550545,0.21473473,0.12417773,0.24272072,0.02336567,0.28284158,0.05221156,0.13475573,0.14451697,0.65550545,0.85460557,0.87479310,0.77113472,0.21473473,0.28864574,0.38099366,0.12417773,0.34017907,0.24272072,0.42505529,0.89549967,1.04218474,1.01161141,0.81782395
194,0.12305732,0.02700894,0.02241675,0.01464074,0.02369822,-0.38675931,-0.17181224,-0.32844046,-0.83063386,-0.21452642,-1.02502995,-0.09372852,-1.01076449,0.05725370,-0.82129508,0.66150139,0.22537096,0.12397203,0.24236943,0.01764590,0.28651731,0.05230010,0.13262806,0.14256754,0.66150139,0.87058975,0.88958829,0.78819531,0.22537096,0.29728665,0.38748344,0.12397203,0.34106961,0.24236943,0.42325310,0.89339448,1.04749501,1.01619475,0.82506468
195,0.12272417,0.02704258,0.02218224,0.01413313,0.02392768,-0.39223614,-0.16280475,-0.33440819,-0.82181435,-0.22418837,-1.02202218,-0.10357755,-1.01944351,0.05088432,-0.83571396,0.66168424,0.22866501,0.12362110,0.24019987,0.01998199,0.29729740,0.05249784,0.13043499,0.14060338,0.66168424,0.87575374,0.90524990,0.80773424,0.22866501,0.30582524,0.38798713,0.12362110,0.33417209,0.24019987,0.42468239,0.88734212,1.04652215,1.02579023,0.83916282
196,0.12290660,0.02762816,0.02242046,0.01485626,0.02408220,-0.39832574,-0.15435137,-0.34312552,-0.82125296,-0.23074206,-1.02873502,-0.11040592,-1.01793340,0.04526646,-0.84999348,0.66932434,0.23601782,0.12341223,0.22907545,0.01986482,0.28805326,0.05287121,0.12799832,0.13848804,0.66932434,0.89049783,0.91137740,0.82656426,0.23601782,0.30619390,0.39114851,0.12341223,0.33031780,0.22907545,0.42718595,0.89016319,1.05446896,1.02486213,0.85269325
197,0.12685697,0.02770587,0.02381745,0.01603866,0.02379656,-0.40645551,-0.14471394,-0.35402881,-0.81181677,-0.24274155,-1.01771322,-0.11855664,-1.01817869,0.03904575,-0.85442203,0.66926467,0.23419684,0.12749377,0.22739041,0.02193216,0.29436796,0.05269090,0.12632249,0.13687112,0.66926467,0.88844733,0.92099633,0.83983429,0.23419684,0.31530555,0.39786251,0.12749377,0.32766902,0.22739041,0.43145949,0.88569802,1.04640316,1.02609197,0.85696928
198,0.12783683,0.02654517,0.02299197,0.01602013,0.02445837,-0.41404673,-0.13547862,-0.36389408,-0.80868175,-0.25347920,-1.02755711,-0.12411038,-1.02351279,0.04148509,-0.86456406,0.67522925,0.24527909,0.13278214,0.22961414,0.02039753,0.28863114,0.05275367,0.12316417,0.13398642,0.67522925,0.90669854,0.93563314,0.86167375,0.24527909,0.32413745,0.41153360,0.13278214,0.33888248,0.22961414,0.43568020,0.88683364,1.05850312,1.03208358,0.86718411
199,0.12973051,0.02755818,0.02371310,0.01531138,0.02491592,-0.41403905,-0.13620623,-0.36683495,-0.81319992,-0.25153831,-1.02733516,-0.12443201,-1.02723297,0.04086106,-0.86320672,0.67873650,0.24320469,0.12932047,0.23288594,0.02180329,0.27367152,0.05273262,0.12073187,0.13174564,0.67873650,0.90591369,0.93762371,0.85850770,0.24320469,0.32433447,0.41170771,0.12932047,0.33639155,0.23288594,0.43590067,0.89227252,1.05783619,1.03559188,0.86534531
200,0.13845075,0.02586628,0.02356074,0.01760718,0.02342339,-0.42719217,-0.12044835,-0.37872608,-0.80440382,-0.26151648,-1.02165524,-0.12635710,-1.02940736,0.03962575,-0.86469968,0.68568624,0.24687795,0.13780318,0.23384492,0.03124646,0.26388723,0.05287000,0.11856157,0.12981557,0.68568624,0.91634552,0.95804857,0.87927611,0.24687795,0.33937038,0.42383755,0.13780318,0.34073027,0.23384492,0.44384877,0.88911726,1.05463374,1.03771630,0.86639343
201,0.14657195,0.02526498,0.02304254,0.01611676,0.02486378,-0.43407345,-0.11017101,-0.39206021,-0.81380397,-0.27242204,-1.04220375,-0.13460220,-1.05109047,0.03822409,-0.88043467,0.70495872,0.25789143,0.14121461,0.24290299,0.02486948,0.25955433,0.05388080,0.11498083,0.12697926,0.70495872,0.94607309,0.98844736,0.90480578,0.25789143,0.35185110,0.43705626,0.14121461,0.35175274,0.24290299,0.44783642,0.90337971,1.07733342,1.06063391,0.88258127
202,0.15183703,0.02591546,0.02364048,0.01593055,0.02341141,-0.44228265,-0.09486044,-0.39693767,-0.81710076,-0.27845344,-1.05299504,-0.13718640,-1.06098625,0.03928550,-0.90278268,0.72372357,0.26406001,0.14492322,0.23701667,0.01808992,0.25421656,0.05382548,0.11291829,0.12509086,0.72372357,0.97217131,1.01425924,0.94187421,0.26406001,0.35831247,0.44638992,0.14492322,0.35308152,0.23701667,0.45235625,0.90850713,1.08936776,1.07103470,0.90522017
203,0.15339349,0.02738745,0.02298378,0.01517804,0.02538202,-0.43762084,-0.09496805,-0.39937912,-0.81860208,-0.28750617,-1.06635054,-0.14366913,-1.07406256,0.02710700,-0.92584633,0.72480509,0.27204013,0.14713608,0.22612578,0.01255674,0.25659692,0.05407933,0.11167730,0.12408221,0.72480509,0.98325239,1.02379241,0.95368372,0.27204013,0.36371874,0.44168144,0.14713608,0.34591657,0.22612578,0.44783841,0.91106413,1.10486800,1.08535287,0.92829776
204,0.15517542,0.02804061,0.02368390,0.01650084,0.02685885,-0.42811910,-0.08743105,-0.39504428,-0.80545199,-0.29186283,-1.05192360,-0.14015979,-1.06603990,0.02718758,-0.92618177,0.71906845,0.26763079,0.15573157,0.21810999,0.02057952,0.26581838,0.05354958,0.11177533,0.12394064,0.71906845,0.97471636,1.02234258,0.95694726,0.26763079,0.36759233,0.44199136,0.15573157,0.34469499,0.21810999,0.43703906,0.89719046,1.09199537,1.07684255,0.92863601
205,0.15796426,0.02857916,0.02422915,0.01611684,0.02560149,-0.42786643,-0.08543656,-0.39310704,-0.80763684,-0.29119107,-1.05515965,-0.13716303,-1.07080239,0.02946555,-0.92967238,0.72334072,0.26823673,0.15812950,0.21837772,0.02749230,0.27334754,0.05382271,0.11149147,0.12380320,0.72334072,0.98005235,1.02976132,0.96290888,0.26823673,0.37041046,0.44288839,0.15812950,0.34607500,0.21837772,0.43654697,0.89825121,1.09486350,1.08100799,0.93198076
206,0.16042701,0.02987921,0.02593900,0.01863239,0.02410471,-0.42854888,-0.07929888,-0.39121230,-0.80618277,-0.29157391,-1.05509902,-0.13541385,-1.07085011,0.02842052,-0.93094763,0.72804795,0.26873154,0.16081500,0.21545515,0.04232686,0.28440357,0.05346634,0.11144167,0.12360379,0.72804795,0.98600489,1.03637433,0.96925894,0.26873154,0.37190124,0.44132183,0.16081500,0.34528657,0.21545515,0.43644560,0.89611018,1.09471344,1.08040990,0.93270976
207,0.15848260,0.02946346,0.02666303,0.01991321,0.02600298,-0.41835134,-0.09361872,-0.37749624,-0.81154213,-0.28082502,-1.05747668,-0.12506964,-1.07206737,0.03524097,-0.92294252,0.71922548,0.26482783,0.16093131,0.21899169,0.04495463,0.28605124,0.05248466,0.11298813,0.12458313,0.71922548,0.97413486,1.02381513,0.94814591,0.26482783,0.36693576,0.43164858,0.16093131,0.34608939,0.21899169,0.42921429,0.89507015,1.09418129,1.08042275,0.92512485
208,0.15185196,0.02802327,0.02655687,0.02053325,0.02201591,-0.40087210,-0.10678818,-0.35445101,-0.81549443,-0.24940849,-1.05302894,-0.10625694,-1.05528175,0.05082331,-0.91202732,0.71035498,0.26043557,0.14857616,0.21272814,0.04550379,0.28240577,0.05030327,0.11614994,0.12657499,0.71035498,0.95884858,0.99584194,0.92674516,0.26043557,0.35010566,0.42188948,0.14857616,0.33504644,0.21272814,0.41550998,0.88924822,1.08220327,1.06175702,0.91520261
209,0.14099715,0.02662202,0.02487016,0.01727527,0.01809028,-0.38123186,-0.13358613,-0.31030894,-0.84866399,-0.20653689,-1.07661593,-0.05370534,-1.06907922,0.08659882,-0.90835205,0.71867590,0.25107407,0.15682227,0.21339257,0.03679789,0.27427718,0.04807667,0.11973594,0.12902737,0.71867590,0.95950893,0.99318515,0.90756626,0.25107407,0.34222628,0.40527267,0.15682227,0.34018929,0.21339257,0.40412096,0.90361619,1.09638658,1.07167882,0.91418807
210,0.13221412,0.02505635,0.02410443,0.01763688,0.01619892,-0.35893617,-0.17945634,-0.26659477,-0.88116372,-0.15811983,-1.09397032,-0.01349145,-1.07997529,0.11307316,-0.89317316,0.70780192,0.23982095,0.14939466,0.22564528,0.05082265,0.28609675,0.04614564,0.12433681,0.13262376,0.70780192,0.93676505,0.96663379,0.85818973,0.23982095,0.32671679,0.38420794,0.14939466,0.33937421,0.22564528,0.40147323,0.92061805,1.10547768,1.08132360,0.90190447
211,0.11911446,0.02308478,0.02153671,0.01409944,0.01833531,-0.33357118,-0.21181583,-0.23238255,-0.91337401,-0.11895721,-1.12087867,0.01190753,-1.09766269,0.12299873,-0.87868341,0.70895493,0.23725882,0.13724827,0.24559670,0.04076328,0.29451863,0.04474839,0.12826718,0.13584877,0.70895493,0.93463972,0.95321456,0.81141760,0.23725882,0.31063639,0.36181278,0.13724827,0.34458339,0.24559670,0.39516546,0.94251953,1.12753720,1.09952695,0.88984012
212,0.11458588,0.02310526,0.02147415,0.01361090,0.01496442,-0.30733728,-0.22415782,-0.20171803,-0.92801432,-0.08718926,-1.12513782,0.03341492,-1.09909997,0.14246911,-0.86379801,0.71179957,0.22838280,0.12758686,0.25943193,0.04087045,0.30579110,0.04349013,0.13154849,0.13855106,0.71179957,0.92777149,0.94059345,0.78443363,0.22838280,0.29441249,0.35408063,0.12758686,0.35011128,0.25943193,0.38042433,0.94978612,1.12884508,1.10124043,0.87800220
213,0.10828110,0.02252013,0.01979897,0.01305108,0.01554067,-0.28471605,-0.22851474,-0.16755162,-0.91660759,-0.06255263,-1.11040741,0.04841055,-1.07388633,0.14669344,-0.84135048,0.69801732,0.22075925,0.12039856,0.25258149,0.03460451,0.32513208,0.04185927,0.13602989,0.14232473,0.69801732,0.90961749,0.90984560,0.75146129,0.22075925,0.27035955,0.32690167,0.12039856,0.34286942,0.25258149,0.36530280,0.93197290,1.11258568,1.07662942,0.85672118
214,0.10556788,0.02225170,0.01925207,0.01257141,0.01535065,-0.27473148,-0.24483550,-0.14638379,-0.92475561,-0.04078031,-1.10681181,0.05810288,-1.07215055,0.14618863,-0.83783843,0.69195688,0.21092337,0.10925844,0.25063975,0.03395370,0.35534973,0.04092198,0.13945277,0.14533301,0.69195688,0.89338860,0.89322038,0.72999201,0.21092337,0.25602416,0.31056521,0.10925844,0.33045702,0.25063975,0.36817283,0.93643687,1.10801205,1.07554135,0.85380682
215,0.10626762,0.02367317,0.02012494,0.01444800,0.01389146,-0.26043983,-0.24099962,-0.13014643,-0.92477847,-0.02905714,-1.11757508,0.06432412,-1.06840656,0.14772936,-0.83770440,0.69608200,0.21832085,0.10995426,0.24568849,0.04476593,0.36365014,0.04178497,0.14234932,0.14835536,0.69608200,0.90674167,0.89009857,0.72547389,0.21832085,0.24636760,0.29750925,0.10995426,0.33399259,0.24568849,0.35493461,0.93392401,1.11821812,1.07176460,0.85340399
216,0.10368662,0.02140368,0.01823315,0.01235231,0.01147296,-0.25671404,-0.25192561,-0.11625244,-0.94921636,-0.01739446,-1.12357095,0.06863834,-1.07379504,0.15075274,-0.83315356,0.71131846,0.20084840,0.10369701,0.25465573,0.03928993,0.36632414,0.04065599,0.14363470,0.14927771,0.71131846,0.90409032,0.88522711,0.71253723,0.20084840,0.22696122,0.29658957,0.10369701,0.33840922,0.25465573,0.35986684,0.95646208,1.12410803,1.07763795,0.84988614
217,0.10003765,0.02161611,0.01821233,0.01172032,0.00999214,-0.25271356,-0.26152704,-0.10921163,-0.94913905,-0.01481289,-1.12567206,0.07041059,-1.07329610,0.15090417,-0.83551362,0.70245001,0.20082686,0.10459474,0.25153073,0.04296922,0.39397545,0.04068072,0.14537918,0.15096366,0.70245001,0.89655813,0.87527966,0.70498197,0.20082686,0.22326643,0.29061048,0.10459474,0.33733994,0.25153073,0.36373760,0.95548214,1.12612826,1.07721904,0.85231409
218,0.09834451,0.02154119,0.01736393,0.01144881,0.01057767,-0.25214772,-0.26509952,-0.10579816,-0.95334851,-0.01870522,-1.12905155,0.06765965,-1.07126491,0.14724660,-0.83043879,0.70365891,0.19674349,0.10789153,0.25417532,0.03653111,0.40534281,0.04106314,0.14780857,0.15340650,0.70365891,0.89519120,0.86874848,0.69542217,0.19674349,0.21448934,0.28794290,0.10789153,0.34465386,0.25417532,0.36613612,0.95940311,1.12976567,1.07533948,0.84728350
219,0.09484380,0.02259244,0.01841589,0.01101597,0.00908365,-0.25024453,-0.27333901,-0.10083156,-0.95873252,-0.01310963,-1.13175906,0.07249497,-1.08199041,0.14865434,-0.83520903,0.70149028,0.19477427,0.10266305,0.25870433,0.03525206,0.41684334,0.04169326,0.14911536,0.15483448,0.70149028,0.89074856,0.87183127,0.69166989,0.19477427,0.21729613,0.28469576,0.10266305,0.34042155,0.25870433,0.37131348,0.96430664,1.13257469,1.08654818,0.85239389
220,0.09031152,0.02236220,0.01926616,0.01238010,0.01129759,-0.24381032,-0.28208689,-0.09216197,-0.96326414,-0.00598255,-1.12894674,0.08159966,-1.07726855,0.15982378,-0.82766444,0.69785361,0.18721350,0.10448467,0.26181796,0.03677938,0.41198109,0.04240454,0.15054217,0.15640042,0.69785361,0.87971862,0.85998861,0.68037838,0.18721350,0.21110477,0.29021336,0.10448467,0.34569880,0.26181796,0.37375428,0.96801200,1.12963878,1.08219430,0.84622805
221,0.08931533,0.02165164,0.01857984,0.01173543,0.01331782,-0.24242791,-0.28411650,-0.08458314,-0.96495737,0.00483759,-1.12530980,0.08983021,-1.07100636,0.16340892,-0.81421971,0.69890986,0.18388385,0.10344417,0.26732650,0.03662960,0.40576226,0.04259794,0.15184829,0.15771014,0.69890986,0.87689647,0.85496891,0.66931625,0.18388385,0.20680470,0.29348080,0.10344417,0.35077461,0.26732650,0.37440224,0.96912520,1.12604241,1.07662964,0.83372844
222,0.08761039,0.02166834,0.01869754,0.01271865,0.01345249,-0.23844774,-0.29515988,-0.08137546,-0.96502774,0.00958684,-1.12553616,0.09270054,-1.06872717,0.16670582,-0.80928594,0.68804492,0.18495756,0.10391280,0.27004919,0.03803162,0.42664519,0.04278456,0.15314684,0.15901092,0.68804492,0.86678541,0.84252412,0.65680688,0.18495756,0.20631676,0.29727138,0.10391280,0.35512334,0.27004919,0.38023927,0.96885562,1.12632580,1.07481830,0.83001141
223,0.08457568,0.02132128,0.01784097,0.01331649,0.01547888,-0.23118025,-0.30356775,-0.07712690,-0.96203051,0.01507107,-1.12182380,0.09837698,-1.06987924,0.17191712,-0.80368305,0.67626306,0.18496597,0.10163919,0.27652530,0.03169347,0.43564721,0.04300255,0.15418193,0.16006651,0.67626306,0.85470644,0.83537123,0.64502950,0.18496597,0.20977525,0.29997059,0.10163919,0.35699333,0.27652530,0.38264609,0.96570711,1.12291292,1.07689740,0.82650599
224,0.08275241,0.02127262,0.01814413,0.01392456,0.01588204,-0.23290156,-0.29632280,-0.07612326,-0.96065441,0.02069996,-1.11620278,0.10676750,-1.06056693,0.17400323,-0.78919172,0.68260988,0.18378387,0.10646616,0.27995787,0.03700290,0.45582913,0.04332000,0.15506481,0.16100223,0.68260988,0.85845570,0.83779522,0.64233951,0.18378387,0.21283584,0.30870338,0.10646616,0.36375815,0.27995787,0.37751453,0.96407118,1.11719679,1.06830099,0.81267853
225,0.08134534,0.02046530,0.01728081,0.01245622,0.01496923,-0.22906897,-0.30519330,-0.07635392,-0.96185995,0.02112898,-1.11752918,0.10545172,-1.06194197,0.17793294,-0.79026486,0.67424986,0.18408290,0.10421905,0.28149804,0.03011687,0.45135192,0.04366548,0.15608458,0.16207735,0.67424986,0.85025798,0.82871898,0.63606841,0.18408290,0.21098131,0.31104075,0.10421905,0.36499094,0.28149804,0.38252391,0.96554099,1.11875229,1.06969697,0.81470107
226,0.07967987,0.02102301,0.01814693,0.01127717,0.01430324,-0.22728748,-0.30534461,-0.07342913,-0.95842614,0.02937244,-1.10380526,0.11073614,-1.05652743,0.18173746,-0.78898295,0.67099345,0.17835860,0.09713054,0.27702714,0.03179884,0.44139109,0.04398700,0.15672246,0.16277833,0.67099345,0.83887147,0.82475947,0.63555854,0.17835860,0.21149412,0.30967254,0.09713054,0.35151590,0.27702714,0.38189054,0.96196245,1.10523121,1.06474447,0.81388377
227,0.07926660,0.02152264,0.01841837,0.01053789,0.01365901,-0.22745714,-0.30160515,-0.06656715,-0.96110828,0.03799326,-1.09797096,0.12012567,-1.05155762,0.18701910,-0.78275231,0.67888586,0.17233827,0.09655182,0.27712059,0.03036993,0.41605239,0.04434377,0.15697520,0.16311832,0.67888586,0.83955034,0.82728605,0.63644788,0.17233827,0.20914382,0.31195387,0.09655182,0.34984207,0.27712059,0.37939587,0.96435583,1.09970698,1.06065983,0.80848793
228,0.07919080,0.02136884,0.01899717,0.01027384,0.01343689,-0.23061438,-0.31387395,-0.06634899,-0.96561406,0.04182167,-1.09980265,0.12556927,-1.05057523,0.19305775,-0.77822522,0.67215093,0.17256910,0.09937014,0.28064493,0.03536744,0.40435211,0.04507258,0.15672558,0.16307803,0.67215093,0.83193894,0.81906433,0.62994357,0.17256910,0.21193759,0.32193198,0.09937014,0.35635952,0.28064493,0.39083020,0.96865987,1.10160543,1.06023756,0.80519550
229,0.07856407,0.02214425,0.01961126,0.01068987,0.01392763,-0.23616199,-0.31717713,-0.07031965,-0.96182254,0.04222427,-1.10226515,0.12854267,-1.05219185,0.19491719,-0.77745460,0.66566949,0.18031221,0.10217629,0.28270847,0.03897599,0.41422333,0.04582781,0.15731339,0.16385265,0.66566949,0.83317243,0.82148051,0.63228590,0.18031221,0.22091220,0.32538601,0.10217629,0.36000997,0.28270847,0.39647501,0.96503481,1.10404640,1.06221182,0.80496624
230,0.08023405,0.02206613,0.01963844,0.01168418,0.01584472,-0.24007252,-0.31249931,-0.07273157,-0.95437685,0.03866648,-1.09196523,0.12568006,-1.03991623,0.19239052,-0.77093399,0.66335146,0.17722578,0.10361752,0.27723512,0.03698626,0.40119084,0.04660194,0.15856370,0.16527004,0.66335146,0.82791331,0.81493193,0.63164428,0.17722578,0.21809104,0.32454310,0.10361752,0.35711340,0.27723512,0.39528835,0.95782318,1.09354963,1.04954262,0.79795156
231,0.08103163,0.02265109,0.02085553,0.01238171,0.01507177,-0.24718877,-0.31959409,-0.07238302,-0.96424735,0.03626416,-1.09371352,0.12208795,-1.03823748,0.18989031,-0.76786413,0.66793391,0.16932774,0.10444120,0.27881860,0.04244281,0.38672118,0.04750859,0.15958193,0.16650363,0.66793391,0.82445884,0.80863341,0.62731071,0.16932774,0.21049603,0.32987454,0.10444120,0.36133103,0.27881860,0.40516902,0.96746473,1.09510275,1.04729355,0.79404216
232,0.08468240,0.02413324,0.02155054,0.01150667,0.01529405,-0.25774912,-0.32219735,-0.08146697,-0.96619938,0.02705289,-1.09654730,0.11260521,-1.03760587,0.18334442,-0.77762141,0.66770215,0.16983614,0.10586703,0.26948886,0.04124362,0.37024229,0.04792804,0.16015831,0.16717590,0.66770215,0.82515491,0.80624842,0.63514945,0.16983614,0.20883564,0.32691661,0.10586703,0.35609012,0.26948886,0.41373874,0.97022543,1.09771696,1.04560952,0.80187538
233,0.08639730,0.02478528,0.02255070,0.01288444,0.01584436,-0.26765998,-0.31950044,-0.09583544,-0.95471627,0.01597230,-1.08619169,0.09932891,-1.03106580,0.17643993,-0.77112534,0.65804731,0.17279075,0.10238991,0.27119123,0.04614385,0.36081425,0.04850638,0.16077427,0.16793223,0.65804731,0.81749926,0.80114592,0.63431920,0.17279075,0.21179547,0.33036497,0.10238991,0.35466162,0.27119123,0.41776602,0.95988110,1.08686944,1.03741613,0.79352731
234,0.08819161,0.02411881,0.02154959,0.01176140,0.01755587,-0.27420028,-0.31416249,-0.10720795,-0.95097721,0.00698746,-1.08392287,0.09638731,-1.02368358,0.17176649,-0.76226651,0.65835431,0.17532350,0.10930832,0.27214128,0.03396389,0.34486620,0.04921419,0.16106950,0.16842037,0.65835431,0.81955088,0.80090116,0.63304219,0.17532350,0.21739792,0.33807200,0.10930832,0.36223039,0.27214128,0.41825080,0.95766733,1.08470286,1.02988094,0.78407356
235,0.09036939,0.02347788,0.02105431,0.01142454,0.01744345,-0.27894767,-0.30946781,-0.11329808,-0.94821039,-0.00087000,-1.07329627,0.08456746,-1.01046850,0.16493238,-0.75408698,0.65987299,0.16820842,0.10707866,0.26872800,0.03376573,0.32289488,0.05008205,0.16189169,0.16946130,0.65987299,0.81287945,0.78985957,0.62869297,0.16820842,0.20816932,0.34000426,0.10707866,0.36024417,0.26872800,0.41796358,0.95556186,1.07392688,1.01531236,0.77398231
236,0.08779681,0.02286962,0.01909169,0.01132433,0.01837256,-0.28310084,-0.29568686,-0.11942507,-0.93942502,-0.00902606,-1.06058092,0.07530391,-0.99857935,0.16681927,-0.74357800,0.66422730,0.16391237,0.10536044,0.27096062,0.02216212,0.31064060,0.05001001,0.16245435,0.16997769,0.66422730,0.81251781,0.78912455,0.63512516,0.16391237,0.20382851,0.34718355,0.10536044,0.36287901,0.27096062,0.41141867,0.94801401,1.06150651,1.00294788,0.76440238
237,0.08729383,0.02344320,0.01949273,0.01012805,0.01858619,-0.29068490,-0.29944759,-0.12761662,-0.93361073,-0.01284258,-1.05436756,0.07401596,-0.98818345,0.16819712,-0.73750682,0.65480284,0.16660701,0.10986684,0.26783518,0.02362833,0.31017757,0.05034615,0.16282032,0.17042650,0.65480284,0.80442791,0.77946154,0.63469449,0.16660701,0.20914938,0.35525672,0.10986684,0.36534099,0.26783518,0.41924292,0.94329710,1.05527836,0.99242137,0.75875418
238,0.08951952,0.02357058,0.01954553,0.01046905,0.01741621,-0.29125995,-0.30236684,-0.12578223,-0.93147556,-0.01246780,-1.04426780,0.07347933,-0.97505524,0.16898018,-0.72342001,0.65051196,0.15991599,0.11084591,0.26918078,0.02676694,0.29040948,0.05210730,0.16353683,0.17163760,0.65051196,0.79255482,0.76526698,0.62393321,0.15991599,0.20409739,0.36097243,0.11084591,0.36889236,0.26918078,0.42161676,0.94082510,1.04502389,0.97900747,0.74473915
239,0.09016144,0.02425951,0.02005686,0.00929169,0.01840406,-0.29288691,-0.30714662,-0.12706299,-0.93818326,-0.01031995,-1.04864087,0.07654733,-0.97767993,0.17164458,-0.72296034,0.65246636,0.16080857,0.11248785,0.27191857,0.02462415,0.28035344,0.05273188,0.16238881,0.17073598,0.65246636,0.79351438,0.76559143,0.62352385,0.16080857,0.20742827,0.36823036,0.11248785,0.37326812,0.27191857,0.42663856,0.94788095,1.04948817,0.98191414,0.74495434
240,0.09012353,0.02363394,0.01922797,0.00892127,0.01908508,-0.29845870,-0.31904516,-0.13020996,-0.92924053,-0.01014534,-1.04256842,0.07672368,-0.97332172,0.16995306,-0.71564189,0.63302035,0.16521242,0.11148861,0.27407091,0.02516394,0.28106016,0.05325484,0.16224489,0.17076147,0.63302035,0.77885531,0.75430465,0.61398166,0.16521242,0.21160344,0.36849825,0.11148861,0.37352593,0.27407091,0.43850951,0.93944665,1.04338406,0.97758898,0.73754764
241,0.08887020,0.02416866,0.01961884,0.00924519,0.02138293,-0.30313885,-0.32627612,-0.12860987,-0.93449354,-0.00859344,-1.04718209,0.07967290,-0.97303918,0.17193189,-0.71099177,0.63283876,0.16477606,0.11562488,0.27785564,0.02092356,0.27559472,0.05337330,0.16154224,0.17013113,0.63283876,0.77876214,0.75165647,0.61153553,0.16477606,0.21182923,0.37460023,0.11562488,0.38184315,0.27785564,0.44723065,0.94465921,1.04812688,0.97771446,0.73373888
242,0.09131761,0.02366179,0.01901833,0.00972740,0.02241090,-0.30633158,-0.32888733,-0.13163423,-0.93707143,-0.01153101,-1.04698868,0.07898834,-0.96575934,0.16971171,-0.70418574,0.63289919,0.16290280,0.12199881,0.27690610,0.02092677,0.27361250,0.05367872,0.16127413,0.16997279,0.63289919,0.77628876,0.74454566,0.60657127,0.16290280,0.21260560,0.38095625,0.12199881,0.38804227,0.27690610,0.45081944,0.94746460,1.04789349,0.97035497,0.72655661
243,0.09070394,0.02421555,0.01904840,0.00982871,0.02352905,-0.30854781,-0.34951026,-0.13394583,-0.94525244,-0.01543984,-1.05200730,0.07620536,-0.97308677,0.16444291,-0.71055120,0.62086338,0.15963462,0.12118982,0.27699861,0.02493043,0.26395200,0.05353736,0.16074585,0.16942691,0.62086338,0.76119594,0.73279009,0.59520570,0.15963462,0.21198973,0.37966974,0.12118982,0.38612396,0.27699861,0.46785096,0.95589224,1.05292940,0.97729468,0.73126662
244,0.08978791,0.02237107,0.01734689,0.00922299,0.02497340,-0.30993402,-0.36392688,-0.13443102,-0.96137405,-0.01143651,-1.06681424,0.08093248,-0.98386780,0.16459303,-0.71788088,0.62280153,0.16214944,0.12439758,0.27888650,0.01687855,0.26519929,0.05385344,0.15904489,0.16791507,0.62280153,0.76365891,0.73298450,0.59227578,0.16214944,0.21653753,0.38567645,0.12439758,0.39104870,0.27888650,0.47979107,0.97216888,1.06786904,0.98866488,0.73889948
245,0.09248291,0.02259512,0.01663304,0.01000754,0.02650328,-0.31233807,-0.37395024,-0.13737966,-0.96836476,-0.01355265,-1.07657051,0.07995381,-0.98928492,0.16151365,-0.71792365,0.61977511,0.16456150,0.12827642,0.28341216,0.01357520,0.26053879,0.05402839,0.15800450,0.16698650,0.61977511,0.76354481,0.72994160,0.58597539,0.16456150,0.21836430,0.39005406,0.12827642,0.39939115,0.28341216,0.48901893,0.97962182,1.07777213,0.99424282,0.73868475
246,0.09334850,0.02301689,0.01657870,0.01006185,0.02553608,-0.31557693,-0.39327353,-0.14278567,-0.97125904,-0.01950722,-1.08555688,0.07441094,-0.99222047,0.16236412,-0.73008121,0.60349642,0.16815314,0.13301076,0.27659900,0.01321833,0.26883144,0.05468787,0.15730109,0.16653647,0.60349642,0.75305088,0.71518603,0.58563106,0.16815314,0.21838728,0.38929141,0.13301076,0.39979999,0.27659900,0.50579117,0.98332267,1.08701355,0.99715354,0.75144863
247,0.09391349,0.02297720,0.01684179,0.01053618,0.02443811,-0.31884934,-0.39532220,-0.14575079,-0.96361118,-0.02166047,-1.07990966,0.07438726,-0.99042182,0.15929739,-0.72931339,0.59422407,0.17011095,0.13214008,0.27464489,0.02009196,0.26083652,0.05442351,0.15725325,0.16640464,0.59422407,0.74637775,0.71372578,0.58409665,0.17011095,0.22205502,0.38505732,0.13214008,0.39513344,0.27464489,0.50920160,0.97586860,1.08112975,0.99512276,0.74961333
248,0.09296051,0.02241909,0.01699576,0.01123298,0.02496502,-0.32461093,-0.39243966,-0.15233185,-0.97314191,-0.02599347,-1.08450059,0.06969011,-1.00025937,0.15542580,-0.72969212,0.60584222,0.16841624,0.12884630,0.28390158,0.01959844,0.26517780,0.05458348,0.15659276,0.16583320,0.60584222,0.75381603,0.72511471,0.58777335,0.16841624,0.22434138,0.39313121,0.12884630,0.39929822,0.28390158,0.51058096,0.98618333,1.08583301,1.00483883,0.74955811
249,0.09495494,0.02197878,0.01693975,0.01067342,0.02453307,-0.32360179,-0.40158848,-0.15781075,-0.97821783,-0.03169056,-1.08793607,0.06344599,-1.00144184,0.14754924,-0.73356679,0.60017161,0.16718467,0.12957830,0.28084008,0.01578571,0.26206163,0.05445918,0.15637358,0.16558532,0.60017161,0.74594582,0.71444525,0.57740555,0.16718467,0.22288502,0.39178635,0.12957830,0.39775465,0.28084008,0.51718501,0.99230049,1.08958395,1.00567763,0.75183927
250,0.09622574,0.02164377,0.01626369,0.01070886,0.02536154,-0.32353803,-0.41106165,-0.15724972,-0.97963992,-0.03241465,-1.08544530,0.06333585,-0.99193050,0.14772061,-0.72793176,0.59259154,0.16370501,0.13465822,0.27722625,0.01382654,0.25196783,0.05422213,0.15648269,0.16561060,0.59259154,0.73461546,0.69837637,0.56876575,0.16370501,0.22116605,0.39577082,0.13465822,0.40088145,0.27722625,0.52460147,0.99368674,1.08708604,0.99607092,0.74616868
251,0.09536989,0.02238636,0.01622195,0.00933613,0.02425838,-0.32194037,-0.40957751,-0.15516524,-0.98052045,-0.03188181,-1.08671111,0.06286446,-0.99070162,0.14840185,-0.72709035,0.59505578,0.16285624,0.13542893,0.27718202,0.00711567,0.25456585,0.05443973,0.15684220,0.16602156,0.59505578,0.73671876,0.69734598,0.56814051,0.16285624,0.21833037,0.39557458,0.13542893,0.40263163,0.27718202,0.52280641,0.99461056,1.08853977,0.99492002,0.74549211
252,0.09532466,0.02179404,0.01609387,0.00951037,0.02375072,-0.32315820,-0.41558669,-0.15683269,-0.98105100,-0.03635157,-1.08390657,0.05891642,-0.98855411,0.14672221,-0.72660852,0.58961663,0.15858107,0.13519147,0.27629563,0.00923187,0.24966071,0.05462047,0.15735470,0.16656500,0.58961663,0.72730573,0.68892119,0.56392677,0.15858107,0.21590243,0.39614875,0.13519147,0.40171916,0.27629563,0.52814017,0.99517479,1.08568176,0.99216814,0.74407106
253,0.09268640,0.02234655,0.01571885,0.00981325,0.02500623,-0.31803092,-0.42272601,-0.15399409,-0.97659881,-0.03679414,-1.08277646,0.06027269,-0.98435839,0.14812369,-0.72277974,0.57782395,0.15836154,0.13850747,0.27595065,0.00890911,0.23577250,0.05444818,0.15764215,0.16678024,0.57782395,0.71749132,0.67731401,0.55464346,0.15836154,0.21440768,0.39460033,0.13850747,0.40487543,0.27595065,0.53114361,0.99059013,1.08471775,0.98815852,0.74065100
254,0.09159688,0.02263657,0.01653655,0.00926177,0.02389353,-0.31708411,-0.43001468,-0.15609426,-0.98430363,-0.03663187,-1.08838425,0.06302644,-0.98633415,0.15128979,-0.72391024,0.57738433,0.15856463,0.14301025,0.27687904,0.00913835,0.24039529,0.05403231,0.15698669,0.16602503,0.57738433,0.71566567,0.67404085,0.55335003,0.15856463,0.21916792,0.40290223,0.14301025,0.41026127,0.27687904,0.53647666,0.99861129,1.09049477,0.99063854,0.74282331
255,0.08936455,0.02095912,0.01536728,0.01058541,0.02516450,-0.32022291,-0.43096459,-0.15728896,-0.99023603,-0.03656000,-1.09137444,0.06247907,-0.98684980,0.15061666,-0.71961191,0.58277428,0.15757610,0.14437283,0.28140610,0.00669882,0.24411157,0.05440618,0.15657500,0.16575815,0.58277428,0.71885422,0.67526032,0.55282997,0.15757610,0.21986000,0.41000189,0.14437283,0.41641807,0.28140610,0.53879901,1.00457819,1.09348028,0.99113315,0.73851526
256,0.09000918,0.02049651,0.01511287,0.01022263,0.02848440,-0.33036081,-0.44271897,-0.17193094,-0.98945702,-0.04652468,-1.10148886,0.04174719,-1.00205922,0.13966890,-0.72326197,0.56964624,0.16822897,0.13334725,0.29556571,0.00048575,0.27330271,0.05414774,0.15607415,0.16520024,0.56964624,0.71751565,0.67235569,0.54842046,0.16822897,0.21411642,0.40999428,0.13334725,0.42190287,0.29556571,0.55436364,1.00661538,1.10430788,1.00564246,0.74099391
257,0.09117566,0.02099470,0.01585244,0.01044468,0.02632063,-0.32644230,-0.44218317,-0.17306950,-0.97973924,-0.05184183,-1.08431714,0.03722019,-0.98568685,0.13307068,-0.72082757,0.55936237,0.16024803,0.13320636,0.28171442,0.00115125,0.27084999,0.05371510,0.15683310,0.16577676,0.55936237,0.69850728,0.65432500,0.53808755,0.16024803,0.21038663,0.40101260,0.13320636,0.40806693,0.28171442,0.55156477,0.99710134,1.08717210,0.98875974,0.73667846
258,0.09100864,0.01993874,0.01737664,0.01057200,0.02698455,-0.32677828,-0.44804990,-0.17835930,-0.98107380,-0.05331817,-1.07854730,0.03325049,-0.97610146,0.12919238,-0.69665517,0.55347979,0.15872679,0.13463506,0.29551667,0.01333590,0.26282570,0.05321674,0.15655945,0.16535684,0.55347979,0.68727641,0.63936597,0.51989753,0.15872679,0.21170818,0.41902582,0.13463506,0.42363044,0.29551667,0.55632460,0.99886142,1.08105671,0.97866392,0.71182658
259,0.09129695,0.02086112,0.01899099,0.01015625,0.02652975,-0.32692106,-0.45757014,-0.17957177,-0.99150745,-0.06249236,-1.07549681,0.02416844,-0.97798207,0.12213455,-0.69254193,0.55428042,0.14451743,0.13055878,0.30180423,0.00553272,0.25536589,0.05311056,0.15469897,0.16356192,0.55428042,0.67219538,0.62793899,0.50714206,0.14451743,0.20427610,0.42475068,0.13055878,0.42522509,0.30180423,0.56467223,1.01018482,1.07901300,0.98048565,0.70662907
260,0.09132997,0.02217754,0.01843189,0.00959946,0.02239691,-0.32547210,-0.45867935,-0.18461687,-0.98757434,-0.06881160,-1.07138356,0.01696227,-0.96461782,0.11605062,-0.68457637,0.54765573,0.14415878,0.13695376,0.29705527,0.00924604,0.23655591,0.05121411,0.15363505,0.16194633,0.54765573,0.66428994,0.61092969,0.49595575,0.14415878,0.20378179,0.42730278,0.13695376,0.42871267,0.29705527,0.56508360,1.00737922,1.07500095,0.96630714,0.69645524
261,0.09099902,0.02158166,0.01818592,0.00976552,0.02514642,-0.32396654,-0.46310279,-0.18789692,-0.99204099,-0.07572567,-1.08456949,0.00803959,-0.98129646,0.10884064,-0.69199433,0.54685740,0.14615946,0.13297363,0.30636087,0.00070471,0.25435725,0.05038726,0.15123161,0.15940475,0.54685740,0.66933465,0.61556733,0.48979664,0.14615946,0.19677026,0.42222633,0.13297363,0.43379802,0.30636087,0.56736285,1.01264331,1.08901323,0.98334150,0.70337455
262,0.09107642,0.02163682,0.02001352,0.01086985,0.02409079,-0.32367658,-0.48496565,-0.18947966,-1.00210796,-0.08290466,-1.08404837,0.00076868,-0.97796492,0.10177216,-0.69564348,0.53485712,0.13570187,0.13535000,0.29986657,0.00541204,0.22604750,0.04880398,0.14872499,0.15652780,0.53485712,0.64568872,0.59018241,0.47478177,0.13570187,0.19360342,0.42385892,0.13535000,0.43023150,0.29986657,0.58592708,1.02323133,1.08912161,0.97958968,0.70502890
263,0.09025010,0.02195286,0.01832314,0.00614899,0.02186242,-0.32128234,-0.49476342,-0.17995540,-1.02113569,-0.08344291,-1.10633146,0.00412213,-1.00936341,0.10626294,-0.70898341,0.54569562,0.13019426,0.13078780,0.31728536,-0.00263088,0.23017637,0.04819189,0.14529669,0.15308033,0.54569562,0.65623489,0.60885535,0.47821168,0.13019426,0.18618713,0.42445803,0.13078780,0.44040165,0.31728536,0.59327808,1.04078942,1.11173010,1.01145465,0.71956642
264,0.08836647,0.02188973,0.01977099,0.00569503,0.01831931,-0.31376390,-0.51340765,-0.17963216,-1.03394626,-0.08480009,-1.10646960,0.00393334,-1.00600090,0.10353275,-0.72318033,0.53807421,0.12041856,0.13445693,0.29990303,0.00152071,0.23081438,0.04785755,0.14488144,0.15258105,0.53807421,0.63577804,0.58616145,0.46712814,0.12041856,0.18753151,0.42165260,0.13445693,0.42737431,0.29990303,0.60530666,1.05328279,1.11219307,1.00802153,0.73283783
265,0.08817713,0.02210706,0.02052853,0.00647304,0.01864336,-0.31255714,-0.51822721,-0.18099440,-1.04100788,-0.08649484,-1.11108826,0.00079859,-1.00030270,0.10112836,-0.69843408,0.53963667,0.11876343,0.14143776,0.31822529,0.00661676,0.22827798,0.04722247,0.14546882,0.15294162,0.53963667,0.63455222,0.57497288,0.45136684,0.11876343,0.18820733,0.44520963,0.14143776,0.45371586,0.31822529,0.60923567,1.06085139,1.11720225,1.00260048,0.70818629
266,0.08655643,0.02198920,0.02185719,0.00881683,0.01636497,-0.29749078,-0.52574227,-0.18060846,-1.04562029,-0.08758567,-1.10950499,-0.00072957,-1.00388797,0.10131241,-0.71774455,0.53316027,0.11332872,0.13693111,0.30400783,0.01239344,0.22480949,0.04690583,0.14576686,0.15312784,0.53316027,0.62040052,0.56275281,0.44275171,0.11332872,0.18549239,0.43338526,0.13693111,0.43531977,0.30400783,0.60848018,1.06500947,1.11587791,1.00657790,0.72751721
267,0.08271538,0.02093695,0.02228404,0.01389121,0.02163221,-0.28789129,-0.53935291,-0.17775618,-1.04778016,-0.08495138,-1.12739490,0.00102956,-1.02249649,0.09642986,-0.72327806,0.52083528,0.12229383,0.13565045,0.31414912,-0.00178281,0.25451979,0.04721288,0.14612338,0.15356138,0.52083528,0.62250778,0.56351184,0.42643707,0.12229383,0.18056468,0.42489529,0.13565045,0.44298816,0.31414912,0.61559022,1.06718866,1.13458239,1.02711052,0.73517145
268,0.08260563,0.02237453,0.02277327,0.01407041,0.02068474,-0.28227083,-0.53058027,-0.17267755,-1.03621107,-0.08919120,-1.12300592,0.00495832,-1.01314926,0.09223794,-0.73246845,0.51828147,0.12045096,0.14469367,0.29401390,-0.00498052,0.26794753,0.04666754,0.14754740,0.15475172,0.51828147,0.62374404,0.56220752,0.42592184,0.12045096,0.17917515,0.40318441,0.14469367,0.43070863,0.29401390,0.60481718,1.05511829,1.13065472,1.01755334,0.74345023
269,0.08193608,0.02136834,0.02101440,0.01251776,0.02162501,-0.28373564,-0.53517679,-0.18075538,-1.04801172,-0.08832150,-1.12373034,0.00409300,-1.01331463,0.09521854,-0.72946052,0.52376987,0.11970920,0.14401457,0.29818173,0.00146681,0.24249944,0.04717653,0.14755962,0.15491761,0.52376987,0.62046101,0.55834269,0.42599574,0.11970920,0.18834915,0.42177575,0.14401457,0.43498618,0.29818173,0.60948651,1.06767608,1.13056586,1.01682969,0.73981816
270,0.08518516,0.02062685,0.01942113,0.01180699,0.02244888,-0.28258631,-0.52513539,-0.17891607,-1.05160420,-0.08881905,-1.13127609,0.00502051,-1.02835541,0.10010514,-0.73163795,0.53708850,0.12076024,0.13933267,0.31164146,0.00154075,0.22604184,0.04608676,0.14639411,0.15347712,0.53708850,0.63648198,0.57967481,0.43485884,0.12076024,0.18598519,0.42505119,0.13933267,0.44215835,0.31164146,0.60049864,1.07084362,1.13779423,1.03141242,0.74205628
271,0.08310165,0.02169565,0.02121708,0.01346422,0.02351985,-0.28560485,-0.51364843,-0.18016702,-1.03137854,-0.08821126,-1.11008799,0.00271239,-0.99864238,0.09451842,-0.71557511,0.52895948,0.12158113,0.14393999,0.29767656,0.00689398,0.21561169,0.04724168,0.14928489,0.15658147,0.52895948,0.62840629,0.56428078,0.43042836,0.12158113,0.18656732,0.41926802,0.14393999,0.43497340,0.29767656,0.59179274,1.05126263,1.11668867,1.00165319,0.72518459
272,0.08200645,0.02174261,0.02133498,0.01326199,0.01981395,-0.28017969,-0.50900622,-0.18479458,-1.03562697,-0.09429898,-1.11354477,-0.00585215,-1.00042976,0.09275029,-0.72585421,0.53572563,0.11972189,0.14363395,0.29179755,0.00914531,0.22357531,0.04747354,0.14924609,0.15661459,0.53572563,0.63265851,0.56293260,0.43143780,0.11972189,0.18277297,0.41629910,0.14363395,0.43055342,0.29179755,0.58452745,1.05564848,1.12034370,1.00331120,0.73510937
273,0.08437576,0.02152732,0.02066574,0.01401860,0.02321255,-0.28258525,-0.49858960,-0.18329479,-1.03045351,-0.09121412,-1.11072871,-0.00356921,-0.99789866,0.09547579,-0.71656052,0.54165184,0.12267726,0.14295949,0.29831475,0.00353819,0.22381595,0.04685912,0.14982614,0.15698296,0.54165184,0.64151326,0.57205254,0.43641138,0.12267726,0.18337387,0.42037780,0.14295949,0.43627171,0.29831475,0.57723609,1.05088018,1.11756718,1.00096118,0.72653211
274,0.08362271,0.02111272,0.01984240,0.01120715,0.01911551,-0.28088811,-0.49835518,-0.18543490,-1.03499396,-0.09549526,-1.10825653,-0.00478105,-1.00373177,0.09498471,-0.72874162,0.54585657,0.11672764,0.13859609,0.29256183,-0.00221302,0.22646473,0.04710632,0.14913085,0.15639378,0.54585657,0.63766826,0.57595399,0.44088533,0.11672764,0.18446663,0.41598145,0.13859609,0.42479825,0.29256183,0.57583781,1.05578168,1.11540194,1.00653406,0.73827692
275,0.08255860,0.02071458,0.01822732,0.01061856,0.02086073,-0.27852431,-0.50995563,-0.18484373,-1.03817392,-0.09282741,-1.11751105,-0.00340431,-1.01350977,0.09669577,-0.71990680,0.53691807,0.12259602,0.13735506,0.31029601,0.00198199,0.21202593,0.04721574,0.14956169,0.15683757,0.53691807,0.63532679,0.57381202,0.43006664,0.12259602,0.18463654,0.42608845,0.13735506,0.44072329,0.31029601,0.58532747,1.05856752,1.12395367,1.01586084,0.72894428
276,0.08363349,0.02129237,0.01891836,0.01023827,0.02196617,-0.28126919,-0.50307484,-0.17807904,-1.04695225,-0.08790363,-1.12688963,0.00500105,-1.02126716,0.09776043,-0.71957923,0.55402733,0.12172857,0.14086745,0.31575636,0.00153398,0.20499902,0.04705920,0.15014353,0.15734563,0.55402733,0.65311607,0.59201348,0.43665810,0.12172857,0.18651740,0.42941985,0.14086745,0.44793673,0.31575636,0.58161306,1.06670710,1.13335636,1.02406648,0.72922235
277,0.08198642,0.02250254,0.01999333,0.01080669,0.01748889,-0.27863340,-0.51374209,-0.16675549,-1.03855072,-0.08658967,-1.12891539,0.00058730,-1.02507881,0.09464088,-0.74381212,0.53736932,0.12158536,0.13570589,0.29666457,-0.00261916,0.22174201,0.04672773,0.15150348,0.15854584,0.53736932,0.64462503,0.58267624,0.43848504,0.12158536,0.16903128,0.39487217,0.13570589,0.42581824,0.29666457,0.58941401,1.05709600,1.13590995,1.02863793,0.75387820
278,0.08304283,0.02265945,0.01959559,0.01143110,0.01724850,-0.28119148,-0.51207598,-0.15934033,-1.02633392,-0.08571200,-1.12106277,0.00226436,-1.02178367,0.09357868,-0.73642720,0.52969873,0.12075435,0.13271602,0.29970722,-0.00898941,0.24090588,0.04672286,0.15335247,0.16031222,0.52969873,0.63996931,0.58349535,0.43691031,0.12075435,0.16264996,0.38556606,0.13271602,0.42453290,0.29970722,0.58813135,1.04377786,1.12792084,1.02537434,0.74644638
279,0.08483739,0.02183515,0.01734519,0.01007101,0.01951360,-0.28671702,-0.48644405,-0.15818699,-1.02739797,-0.07661718,-1.12608542,0.00943416,-1.01898306,0.10244799,-0.71937502,0.55714625,0.12892797,0.13744045,0.31379202,-0.01560887,0.25195415,0.04876289,0.15397500,0.16151198,0.55714625,0.67357064,0.60957263,0.45365021,0.12892797,0.16889428,0.40432619,0.13744045,0.44451463,0.31379202,0.56822352,1.04421736,1.13180623,1.02217674,0.73031051
280,0.08707263,0.02063589,0.01962945,0.01273154,0.01930280,-0.30470367,-0.45309337,-0.17969754,-1.01796134,-0.07742173,-1.11624030,0.02091439,-0.99996647,0.10941458,-0.72407578,0.57874178,0.14210248,0.15229216,0.28977655,0.00026591,0.24449581,0.05068707,0.15692084,0.16490400,0.57874178,0.70104796,0.63649267,0.49489948,0.14210248,0.20168683,0.41253424,0.15229216,0.43444661,0.28977655,0.54992903,1.03686396,1.12125745,1.00266763,0.73524349
281,0.09067030,0.02335790,0.01761951,0.01031630,0.02006006,-0.31289260,-0.41366214,-0.19248765,-0.97119309,-0.09608602,-1.08570503,0.00354267,-0.97577625,0.09679783,-0.71672361,0.57047561,0.15005462,0.14840448,0.27533442,0.00456367,0.24848005,0.05114916,0.15976804,0.16775596,0.57047561,0.70614929,0.64507317,0.50963612,0.15005462,0.19659685,0.38562279,0.14840448,0.41639479,0.27533442,0.52286925,0.99302408,1.09193632,0.97776040,0.72572331
282,0.08987210,0.02276692,0.01652268,0.00726443,0.01983575,-0.31677493,-0.38961076,-0.19989424,-0.97087536,-0.09739943,-1.10349721,0.00273342,-1.00182734,0.09793789,-0.73128656,0.59320078,0.16783783,0.14270076,0.28680392,-0.01093649,0.26096577,0.05220507,0.16004222,0.16834156,0.59320078,0.74690264,0.69064529,0.53743463,0.16783783,0.20517994,0.38233519,0.14270076,0.42035397,0.28680392,0.50584190,0.99446364,1.11007958,1.00433728,0.74126607
283,0.08262852,0.02342109,0.01627820,0.00649219,0.01951447,-0.32222590,-0.37341611,-0.20815359,-0.95125293,-0.10188920,-1.07840544,-0.00178037,-0.99009920,0.09409282,-0.72931045,0.58911344,0.16611784,0.13351990,0.27785463,-0.01251370,0.26771273,0.05252582,0.16128094,0.16961870,0.58911344,0.73861928,0.69497388,0.54770806,0.16611784,0.21049212,0.37522668,0.13351990,0.40034980,0.27785463,0.49833092,0.97731556,1.08557519,0.99249237,0.73865349
284,0.08763709,0.02435736,0.01704117,0.00525722,0.01953939,-0.32377849,-0.36413435,-0.20695882,-0.94707893,-0.10227381,-1.07570725,-0.00188647,-0.98832777,0.09180106,-0.73007499,0.59471956,0.16632972,0.13311661,0.27474026,-0.01436460,0.27149112,0.05282513,0.16143556,0.16985857,0.59471956,0.74525490,0.70230493,0.55373820,0.16632972,0.20974541,0.36945427,0.13311661,0.39639247,0.27474026,0.49190053,0.97290791,1.08279172,0.99058585,0.73914969
285,0.09193559,0.02345915,0.01629602,0.00600894,0.02036906,-0.32599143,-0.36527138,-0.20647002,-0.94648453,-0.10940345,-1.07637712,-0.00392983,-0.98905326,0.09519434,-0.72640134,0.59359273,0.16263056,0.13695716,0.28074067,-0.01550465,0.27111328,0.05252105,0.16198888,0.17029051,0.59359273,0.74336728,0.70201740,0.55481585,0.16263056,0.20751588,0.37364669,0.13695716,0.40539346,0.28074067,0.49390197,0.97214237,1.08410743,0.99126878,0.73576536
286,0.08866385,0.02345785,0.01699389,0.00618996,0.02039059,-0.32588988,-0.35936177,-0.21020370,-0.94180317,-0.10809548,-1.07655513,-0.00573487,-0.99432351,0.09027159,-0.73956699,0.59413806,0.16913484,0.13132079,0.27230153,-0.01967049,0.30483733,0.05229188,0.16106202,0.16933817,0.59413806,0.74967833,0.71131322,0.56414009,0.16913484,0.21112007,0.36220753,0.13132079,0.39111559,0.27230153,0.48865631,0.96813239,1.08445371,0.99721780,0.74946565
287,0.09080110,0.02387479,0.01684986,0.00574842,0.02021007,-0.32640860,-0.35639025,-0.20638978,-0.94101771,-0.10527559,-1.07563657,-0.00633830,-0.99602206,0.09228261,-0.74249633,0.59716561,0.16853450,0.12699890,0.27208765,-0.01892597,0.29525835,0.05201667,0.16107913,0.16926967,0.59716561,0.75258040,0.71538138,0.56987861,0.16853450,0.20757104,0.35863151,0.12699890,0.38737298,0.27208765,0.48703356,0.96675904,1.08324605,0.99881694,0.75246366
288,0.09184290,0.02316831,0.01630413,0.00564955,0.02016002,-0.32596783,-0.35125291,-0.20614029,-0.93588475,-0.10739356,-1.07758919,-0.00768924,-0.99826162,0.09024034,-0.74441369,0.59704890,0.17288383,0.12741697,0.27213327,-0.01808138,0.30127147,0.05188318,0.16127409,0.16941427,0.59704890,0.75857877,0.72114373,0.57278014,0.17288383,0.20812398,0.35285144,0.12741697,0.38743478,0.27213327,0.48307380,0.96155077,1.08526406,1.00090623,0.75386301
289,0.09036820,0.02204169,0.01552841,0.00638892,0.02077854,-0.31681259,-0.35021193,-0.21115734,-0.94336644,-0.11500138,-1.08366962,-0.01226748,-1.00801510,0.09386649,-0.74907844,0.60282688,0.17017463,0.12758726,0.27988671,-0.02270248,0.30111337,0.05192236,0.16173522,0.16986528,0.60282688,0.76085916,0.72504893,0.57286268,0.17017463,0.20918204,0.36164554,0.12758726,0.39447375,0.27988671,0.47637543,0.97024004,1.09249690,1.01111556,0.75949215
290,0.08988557,0.02294149,0.01635437,0.00596908,0.01902986,-0.31780181,-0.35767074,-0.20602132,-0.94304289,-0.11182911,-1.08131361,-0.00990600,-1.00595735,0.09118777,-0.75254078,0.59617112,0.16731987,0.12680256,0.27296170,-0.01806508,0.31624627,0.05210342,0.16257151,0.17071691,0.59617112,0.75251626,0.71790081,0.56908543,0.16731987,0.20596351,0.35314922,0.12680256,0.38658095,0.27296170,0.48207699,0.96820863,1.08952632,1.00890466,0.76276039
291,0.09288876,0.02359699,0.01806959,0.00788958,0.01785625,-0.32624996,-0.37230419,-0.20188002,-0.96004353,-0.10373161,-1.09953460,-0.00762149,-1.02008079,0.08751053,-0.76998872,0.60111256,0.17056785,0.12498150,0.26777700,-0.02353071,0.31231799,0.05254339,0.16124366,0.16958869,0.60111256,0.76084023,0.72255316,0.57536370,0.17056785,0.20356896,0.34681871,0.12498150,0.38148043,0.26777700,0.49884613,0.98449307,1.10760476,1.02428181,0.78173038
292,0.08965675,0.02445379,0.01837872,0.00788950,0.01685811,-0.31906087,-0.37574543,-0.19283320,-0.97012157,-0.09192994,-1.09938227,0.00443808,-1.01285841,0.10265383,-0.77077710,0.60775713,0.16398337,0.12985204,0.26141548,-0.01768032,0.29349861,0.05332521,0.16232378,0.17085839,0.60775713,0.75855990,0.71489550,0.57872076,0.16398337,0.20210830,0.35698391,0.12985204,0.38235805,0.26141548,0.49733821,0.99220141,1.10606140,1.01673962,0.78373949
293,0.09047366,0.02455079,0.01795321,0.00896777,0.01531441,-0.31661269,-0.37857896,-0.18504673,-0.96076406,-0.08220635,-1.08855182,0.01098055,-1.00500277,0.10844128,-0.76184186,0.59693387,0.16405362,0.12540732,0.26207802,-0.00965543,0.27976103,0.05383311,0.16391215,0.17252593,0.59693387,0.74769408,0.70705304,0.57274565,0.16405362,0.20102286,0.35478130,0.12540732,0.37858883,0.26207802,0.49747324,0.98103546,1.09381596,1.00798513,0.77413395
294,0.09047701,0.02342125,0.01767816,0.01065336,0.01611017,-0.31273269,-0.38592578,-0.18782112,-0.96380686,-0.08873585,-1.09313795,0.00822784,-1.01140570,0.10494282,-0.75584683,0.59125077,0.16302230,0.12702665,0.27336004,-0.00596320,0.25550375,0.05301525,0.16393052,0.17228996,0.59125077,0.74183809,0.70305722,0.55813452,0.16302230,0.20175151,0.35923376,0.12702665,0.38923890,0.27336004,0.50114518,0.98454933,1.09871946,1.01409565,0.76740541
295,0.09156114,0.02363605,0.01770169,0.01032660,0.01618004,-0.31382581,-0.38973122,-0.18878989,-0.95427233,-0.08777701,-1.08471058,0.00949466,-1.00506352,0.10654453,-0.75138398,0.57822385,0.16512379,0.12592440,0.27174121,-0.00019249,0.25383111,0.05317255,0.16473566,0.17310447,0.57822385,0.73083803,0.69510640,0.55462342,0.16512379,0.20468651,0.35841529,0.12592440,0.38614960,0.27174121,0.50480184,0.97515328,1.08997744,1.00743354,0.76278150
296,0.09032643,0.02480801,0.01838219,0.01007087,0.01670447,-0.30809964,-0.38186493,-0.18241421,-0.95179172,-0.08187212,-1.07927395,0.01539766,-0.99594000,0.11064937,-0.74071540,0.58362901,0.16248117,0.12835918,0.27257304,0.00072991,0.26432861,0.05312714,0.16566415,0.17397444,0.58362901,0.73319074,0.69409307,0.55165983,0.16248117,0.20268918,0.36133814,0.12835918,0.38986309,0.27257304,0.49461390,0.97132502,1.08399241,0.99834831,0.75285283
297,0.09148672,0.02521168,0.01881252,0.01068324,0.01536923,-0.30993687,-0.38852862,-0.18223335,-0.95358081,-0.08184737,-1.08047857,0.01499794,-0.99835835,0.10846553,-0.74500860,0.57930317,0.16197667,0.12718437,0.27016621,0.00227066,0.25822436,0.05308086,0.16607021,0.17434704,0.57930317,0.72861152,0.69099562,0.54973060,0.16197667,0.20225047,0.35787215,0.12718437,0.38600449,0.27016621,0.50155428,0.97317748,1.08523182,1.00073306,0.75663554
298,0.09267934,0.02545518,0.01945949,0.01031331,0.01421612,-0.31008064,-0.40156726,-0.18174490,-0.96034400,-0.07955653,-1.09361771,0.01761050,-1.01485839,0.10681052,-0.76008357,0.57332997,0.16795873,0.12555042,0.27007320,-0.00122136,0.26126003,0.05299952,0.16517500,0.17346968,0.57332997,0.72943484,0.69543207,0.55018959,0.16795873,0.20684837,0.35164974,0.12555042,0.38256293,0.27007320,0.51206557,0.98001787,1.09869595,1.01817415,0.77266196
299,0.08389630,0.02578309,0.01897071,0.00908944,0.01547767,-0.30906632,-0.38443302,-0.17805169,-0.96378616,-0.07690432,-1.10099520,0.01918806,-1.01451624,0.10665150,-0.75606166,0.59409590,0.17046386,0.12954485,0.27302162,-0.01029011,0.28757812,0.05358360,0.16540763,0.17387031,0.59409590,0.75330964,0.71071715,0.55834604,0.17046386,0.20379480,0.35283928,0.12954485,0.39114406,0.27302162,0.49777045,0.98322880,1.10639797,1.01832486,0.76949272
300,0.08094947,0.02648006,0.01861457,0.00932270,0.01748392,-0.30801094,-0.37252110,-0.17916553,-0.95518821,-0.07911337,-1.09547603,0.01705662,-1.01073661,0.10663618,-0.74940903,0.59682814,0.17231168,0.12842355,0.27640980,-0.01353095,0.29328572,0.05414286,0.16587844,0.17449099,0.59682814,0.75838691,0.71644749,0.56097881,0.17231168,0.20407085,0.35257401,0.12842355,0.39314302,0.27640980,0.48827922,0.97506626,1.10114683,1.01458942,0.76301292
301,0.07964874,0.02485109,0.01787484,0.01039419,0.01760294,-0.30685358,-0.36985297,-0.18647511,-0.94939935,-0.08376223,-1.08751980,0.01363734,-1.00763910,0.10663104,-0.75227484,0.59195279,0.17212835,0.12626013,0.27189448,-0.01282481,0.29729544,0.05431983,0.16696841,0.17558216,0.59195279,0.75157999,0.71396541,0.56374740,0.17212835,0.20863561,0.35367658,0.12626013,0.38590469,0.27189448,0.48592490,0.97071752,1.09363230,1.01157315,0.76587495
302,0.07451170,0.02438814,0.01618768,0.00910375,0.01884156,-0.30861200,-0.36538895,-0.19012869,-0.95143914,-0.08622145,-1.08617735,0.00984795,-1.00707987,0.10545768,-0.74555369,0.59793480,0.17022905,0.12456133,0.27855789,-0.01635040,0.28295120,0.05423899,0.16700758,0.17559442,0.59793480,0.75431677,0.71639385,0.56228421,0.17022905,0.20757319,0.36030784,0.12456133,0.39106921,0.27855789,0.48398177,0.97352771,1.09214754,1.01030793,0.75806146
303,0.07493812,0.02321763,0.01567934,0.00917895,0.01822163,-0.30626909,-0.36096820,-0.19249283,-0.94997778,-0.08745438,-1.08470202,0.00862471,-1.01076444,0.10495374,-0.74640855,0.59997982,0.17088246,0.12141815,0.28148698,-0.01825813,0.29352293,0.05406952,0.16789647,0.17638803,0.59997982,0.75611109,0.72218296,0.56400864,0.17088246,0.21011822,0.36060454,0.12141815,0.38947676,0.28148698,0.47822453,0.97239683,1.09070841,1.01398356,0.75895629
304,0.07866373,0.02366029,0.01613833,0.00919463,0.01678911,-0.30956387,-0.35356545,-0.19572529,-0.93856898,-0.08930165,-1.07718896,0.00486940,-1.01170811,0.10346312,-0.74716719,0.59603312,0.17483835,0.11494284,0.28240991,-0.01551938,0.28536260,0.05420589,0.16875960,0.17725146,0.59603312,0.75640957,0.72947232,0.57081380,0.17483835,0.21352468,0.35530203,0.11494284,0.38247865,0.28240991,0.47483008,0.96178321,1.08321435,1.01475985,0.75915527
305,0.08445462,0.02419490,0.01759288,0.00934479,0.01580433,-0.31294320,-0.35675539,-0.19628723,-0.94028863,-0.09113185,-1.08017241,0.00387421,-1.00399936,0.10056162,-0.74773232,0.59511255,0.17506296,0.12201679,0.27398576,-0.01169865,0.27596777,0.05416819,0.16938246,0.17783310,0.59511255,0.75666041,0.72068348,0.56930690,0.17506296,0.21007831,0.35397035,0.12201679,0.38402494,0.27398576,0.47916697,0.96329373,1.08613239,1.00684827,0.75895503
306,0.08596995,0.02702552,0.01862242,0.01088434,0.01809238,-0.30945542,-0.34943417,-0.19062628,-0.94830859,-0.09836425,-1.08772983,-0.00106977,-1.00996366,0.09321975,-0.75628520,0.61062554,0.16718594,0.12492550,0.27079758,-0.01519027,0.29058954,0.05399562,0.16915693,0.17756574,0.61062554,0.76793133,0.72920687,0.57310712,0.16718594,0.19952835,0.34318285,0.12492550,0.38330300,0.27079758,0.47135746,0.97020352,1.09470782,1.01346336,0.76772692
307,0.08734411,0.02702739,0.01973928,0.00989279,0.01558906,-0.30801875,-0.36722710,-0.19103106,-0.94899881,-0.09473815,-1.08783930,0.00202015,-1.01304460,0.09417072,-0.75709539,0.59343571,0.16898781,0.12261596,0.27216540,-0.00863375,0.27477800,0.05365979,0.16892817,0.17724587,0.59343571,0.75151441,0.71646239,0.56046540,0.16898781,0.20348740,0.34406170,0.12261596,0.38128605,0.27216540,0.48480043,0.97112736,1.09450434,1.01648030,0.76845431
308,0.08431299,0.02638626,0.01841679,0.00993846,0.01799666,-0.30429022,-0.36014736,-0.18605334,-0.94064798,-0.08735481,-1.06530846,0.00551938,-0.98492428,0.09976132,-0.74444112,0.59242765,0.15930896,0.12285638,0.25837103,-0.00362507,0.26396870,0.05402659,0.17087283,0.17921048,0.59242765,0.73780703,0.69738528,0.55762380,0.15930896,0.19675983,0.34668127,0.12285638,0.37155019,0.25837103,0.47667646,0.96166545,1.07076071,0.98714249,0.75457539
309,0.08115907,0.02816073,0.01937558,0.01107009,0.02089151,-0.30780190,-0.36318298,-0.18155060,-0.94519726,-0.08105998,-1.07079539,0.01130829,-0.99045594,0.10320174,-0.74915972,0.59556302,0.16096859,0.12257747,0.25830348,-0.00652308,0.27983943,0.05462559,0.17009550,0.17865171,0.59556302,0.74305596,0.70378888,0.56394033,0.16096859,0.19809823,0.34578684,0.12257747,0.37092255,0.25830348,0.48135831,0.96539744,1.07606874,0.99336806,0.76071079
310,0.07681312,0.02728861,0.01784700,0.00925731,0.02079976,-0.30301824,-0.36151571,-0.17560367,-0.95408292,-0.07620973,-1.07586860,0.01517110,-0.99784705,0.10719946,-0.75076582,0.60618404,0.15749922,0.12023725,0.26376087,-0.01167721,0.27834052,0.05505089,0.16992257,0.17861770,0.60618404,0.74949467,0.71146216,0.56561478,0.15749922,0.19580392,0.34830833,0.12023725,0.37344904,0.26376087,0.47694413,0.97339026,1.08084062,1.00073843,0.76276440
311,0.07924535,0.02591506,0.01718361,0.00916477,0.01980133,-0.30271511,-0.35548956,-0.17957816,-0.95495540,-0.07652718,-1.07756089,0.01882119,-0.99986941,0.11283251,-0.74893231,0.61219503,0.16032846,0.12309209,0.26805117,-0.01865270,0.29116927,0.05526116,0.17002460,0.17877965,0.61219503,0.75672048,0.72027804,0.57261915,0.16032846,0.20343366,0.35772545,0.12309209,0.37945686,0.26805117,0.47152928,0.97514346,1.08284997,1.00320722,0.76227318
312,0.08289163,0.02628983,0.01673535,0.00914771,0.01999703,-0.30185494,-0.35899866,-0.17869316,-0.94991952,-0.07598314,-1.07083432,0.01803184,-0.99357297,0.11035172,-0.74049727,0.60377016,0.15909621,0.12171412,0.26945313,-0.01447226,0.27303912,0.05516531,0.17053912,0.17923951,0.60377016,0.74681362,0.71065370,0.56174267,0.15909621,0.20173033,0.35695528,0.12171412,0.37935932,0.26945313,0.47369958,0.96986833,1.07567049,0.99622479,0.75254847
313,0.08016560,0.02436854,0.01506217,0.00863229,0.02157038,-0.30186413,-0.35581869,-0.17980922,-0.95267834,-0.07268664,-1.06706264,0.01711345,-0.99455250,0.11033242,-0.73653452,0.60946723,0.15743488,0.11542041,0.27439605,-0.02430876,0.27429180,0.05486876,0.17039942,0.17901548,0.60946723,0.74725965,0.71395572,0.56116924,0.15743488,0.20191119,0.36193631,0.11542041,0.37785136,0.27439605,0.47195576,0.97352521,1.07205081,0.99738113,0.74888613
314,0.08065696,0.02407404,0.01506190,0.00585631,0.02091365,-0.30652033,-0.36331599,-0.17541436,-0.96004495,-0.06585802,-1.06894277,0.02305955,-0.98469494,0.11389360,-0.73137995,0.61145225,0.15534988,0.12250858,0.26916816,-0.02657234,0.27978789,0.05536354,0.17052744,0.17928951,0.61145225,0.74558117,0.70339861,0.55888559,0.15534988,0.20085986,0.36898958,0.12250858,0.38245553,0.26916816,0.47978178,0.98004157,1.07346024,0.98752081,0.74415576
315,0.07980232,0.02403072,0.01535950,0.00602464,0.02096642,-0.30763038,-0.37411750,-0.17372480,-0.97083528,-0.06125513,-1.07887484,0.03005079,-0.99905700,0.12087315,-0.73297189,0.61229731,0.15648757,0.12127607,0.28121173,-0.03229385,0.29024161,0.05631129,0.16972773,0.17882524,0.61229731,0.74677913,0.71053306,0.55936063,0.15648757,0.20615489,0.37872053,0.12127607,0.39095348,0.28121173,0.48867642,0.99081409,1.08372121,1.00283034,0.74795260
316,0.07916868,0.02376390,0.01472136,0.00525577,0.02046484,-0.30647858,-0.37640397,-0.16855720,-0.97302319,-0.05520212,-1.07657430,0.03609358,-0.99207604,0.12435711,-0.72671876,0.61297626,0.15460114,0.12447805,0.27966724,-0.02925147,0.26874132,0.05590417,0.16976177,0.17872978,0.61297626,0.74395441,0.70457996,0.55534098,0.15460114,0.20677571,0.38321061,0.12447805,0.39324629,0.27966724,0.49015723,0.99214879,1.08078037,0.99542512,0.74120310
317,0.07933907,0.02390962,0.01498475,0.00685404,0.02271160,-0.30935880,-0.37808571,-0.16472018,-0.96816612,-0.05502005,-1.06884814,0.03624006,-0.98190184,0.12304768,-0.71653305,0.60831311,0.14978977,0.12608153,0.27923409,-0.02608232,0.27537077,0.05621306,0.17019959,0.17924232,0.60831311,0.73623503,0.69581567,0.54932070,0.14978977,0.20234419,0.38257430,0.12608153,0.39475953,0.27923409,0.49265517,0.98658488,1.07309302,0.98542602,0.73129092
318,0.07924078,0.02551298,0.01550404,0.00545729,0.02128491,-0.30644574,-0.38128480,-0.15793911,-0.96526004,-0.04611689,-1.06682040,0.04411739,-0.98326205,0.12445200,-0.71976079,0.60327545,0.15249936,0.12310474,0.27550639,-0.02817848,0.27266213,0.05623281,0.17065554,0.17968150,0.60327545,0.73334913,0.69662000,0.54798569,0.15249936,0.20457270,0.37484869,0.12310474,0.38671180,0.27550639,0.49414634,0.98312159,1.07068850,0.98694281,0.73448686
319,0.07721963,0.02566424,0.01583892,0.00570300,0.02357177,-0.30637486,-0.38574076,-0.15576912,-0.96897958,-0.04201541,-1.06189287,0.04419618,-0.97328483,0.12702384,-0.71124172,0.60316454,0.14809807,0.12371788,0.27488616,-0.02762173,0.28360312,0.05694258,0.17111976,0.18034530,0.60316454,0.72609287,0.68422264,0.54218028,0.14809807,0.20141105,0.38303500,0.12371788,0.38927112,0.27488616,0.49753548,0.98658371,1.06586928,0.97733406,0.72725362
320,0.07817077,0.02555767,0.01630472,0.00545072,0.01927999,-0.30402747,-0.38635528,-0.15251387,-0.96636376,-0.04020904,-1.05626914,0.04842717,-0.97267736,0.13181240,-0.70637855,0.60012663,0.14513043,0.12194004,0.27906627,-0.01983370,0.27531981,0.05668914,0.17169751,0.18081397,0.60012663,0.72004394,0.68411436,0.54075842,0.14513043,0.20249280,0.38584701,0.12194004,0.38989541,0.27906627,0.49597665,0.98278523,1.05964632,0.97634585,0.72221497
321,0.07710508,0.02487189,0.01578811,0.00485466,0.01988098,-0.29957967,-0.39656119,-0.14209885,-0.97011888,-0.02923022,-1.06026972,0.05937619,-0.97533996,0.13775140,-0.70659808,0.59559197,0.14546510,0.12273739,0.28004549,-0.02181642,0.29958860,0.05717967,0.17177879,0.18104549,0.59559197,0.71679158,0.68118384,0.53649462,0.14546510,0.20231747,0.38452239,0.12273739,0.39117613,0.28004549,0.50088564,0.98489729,1.06340181,0.98006457,0.72471146
322,0.07786951,0.02456229,0.01511045,0.00477476,0.02055134,-0.29734469,-0.39937799,-0.13786905,-0.97164158,-0.02673821,-1.06388557,0.06303913,-0.97851513,0.13860454,-0.69797946,0.59492564,0.14576505,0.12389952,0.29063442,-0.02171662,0.29031295,0.05715916,0.17233942,0.18157105,0.59492564,0.71759816,0.68219200,0.52871690,0.14576505,0.20216621,0.38925553,0.12389952,0.40157199,0.29063442,0.50200868,0.98605000,1.06694637,0.98336742,0.71632691
323,0.07392732,0.02633699,0.01657624,0.00551150,0.02231243,-0.29586968,-0.40230181,-0.13606792,-0.95724156,-0.02385801,-1.04835693,0.06672345,-0.96270762,0.14189684,-0.68442799,0.57829939,0.14578045,0.12467258,0.28833090,-0.01849459,0.29401447,0.05720086,0.17415554,0.18330873,0.57829939,0.70107995,0.66755525,0.52107029,0.14578045,0.20389899,0.38972288,0.12467258,0.39993090,0.28833090,0.50396738,0.97185724,1.05163358,0.96815475,0.70407436
324,0.07251944,0.02536240,0.01646862,0.00594436,0.02333131,-0.29121786,-0.40782201,-0.13010991,-0.95370812,-0.02121264,-1.05050201,0.07105413,-0.96920137,0.14484441,-0.68243764,0.57004583,0.14673674,0.12298881,0.29621341,-0.01490394,0.30467489,0.05732493,0.17458305,0.18375361,0.57004583,0.69724017,0.66823853,0.51573443,0.14673674,0.20267613,0.38641198,0.12298881,0.40383725,0.29621341,0.50564934,0.96763931,1.05389172,0.97508448,0.70315936
325,0.07164922,0.02820075,0.01771766,0.00502950,0.02356058,-0.29058687,-0.41582327,-0.11939549,-0.95910680,-0.01093108,-1.04717737,0.07864726,-0.96343830,0.14954053,-0.67505262,0.57041018,0.14110101,0.12266005,0.29704367,-0.01174683,0.29554806,0.05696640,0.17555949,0.18457059,0.57041018,0.69059589,0.66050760,0.51098468,0.14110101,0.19938738,0.39150314,0.12266005,0.40526600,0.29704367,0.51267246,0.97210198,1.05063069,0.97006538,0.69698952
326,0.06876871,0.02805537,0.01758682,0.00444933,0.02368749,-0.28838972,-0.42771346,-0.11405403,-0.97170430,-0.00205256,-1.05820991,0.08475067,-0.96996151,0.15753859,-0.67661873,0.57207805,0.14268909,0.12382781,0.30234184,-0.01225986,0.30249333,0.05844612,0.17483355,0.18434403,0.57207805,0.69258564,0.65829676,0.51098396,0.14268909,0.19997321,0.40127703,0.12382781,0.41364549,0.30234184,0.52114652,0.98398905,1.06175955,0.97722625,0.70069721
327,0.06912818,0.02805154,0.01776501,0.00424625,0.02316855,-0.28668945,-0.43950592,-0.10580047,-0.98134966,0.00357296,-1.06335555,0.08977457,-0.97222145,0.16180990,-0.67561352,0.57196669,0.13828076,0.12556381,0.30528041,-0.01037446,0.28558834,0.05846149,0.17442192,0.18395856,0.57196669,0.68811653,0.65231681,0.50691531,0.13828076,0.19754952,0.40684337,0.12556381,0.41878732,0.30528041,0.53082133,0.99302691,1.06700296,0.97984427,0.70028841
328,0.07016515,0.02888058,0.01779770,0.00479584,0.02079600,-0.28308095,-0.44558619,-0.09668707,-0.97669209,0.01338986,-1.06157020,0.10043698,-0.96972082,0.17133142,-0.67879453,0.56360983,0.14125766,0.12702431,0.29944506,-0.01455553,0.26882712,0.05821309,0.17537835,0.18478725,0.56360983,0.68362703,0.64950361,0.51078954,0.14125766,0.20053793,0.40219308,0.12702431,0.41418361,0.29944506,0.53560258,0.98871070,1.06583623,0.97845964,0.70523449
329,0.07037299,0.02950836,0.01848933,0.00453214,0.02035391,-0.28064729,-0.45751314,-0.08961994,-0.99416085,0.02577901,-1.06802862,0.10638800,-0.97447577,0.17392386,-0.68654291,0.57060971,0.13842215,0.12372224,0.29578468,-0.01357432,0.29761804,0.05927265,0.17431676,0.18411838,0.57060971,0.68323752,0.64582049,0.50912351,0.13842215,0.19886930,0.40569963,0.12372224,0.40925105,0.29578468,0.54317884,1.00500286,1.07274540,0.98434850,0.71447631
330,0.06877828,0.03080614,0.01842984,0.00373895,0.01896387,-0.28031867,-0.45763288,-0.08539799,-0.99283666,0.03044911,-1.06623010,0.11517520,-0.96590068,0.17467372,-0.67602119,0.57038794,0.13932662,0.13175774,0.29592862,-0.00956000,0.27925769,0.05944763,0.17465396,0.18449398,0.57038794,0.68337207,0.64403352,0.50470079,0.13932662,0.20543689,0.41125269,0.13175774,0.41610377,0.29592862,0.54374972,1.00341701,1.07071149,0.97621438,0.70327401
331,0.07249264,0.02964977,0.01725505,0.00354464,0.01877797,-0.27833029,-0.47570312,-0.07725844,-1.00656663,0.03757635,-1.07628126,0.11993294,-0.97334616,0.17718020,-0.68056762,0.56858008,0.13653018,0.13216715,0.29832581,-0.01025600,0.26954191,0.06013823,0.17376964,0.18388174,0.56858008,0.67864035,0.63738910,0.49945907,0.13653018,0.20281328,0.41481487,0.13216715,0.41969631,0.29832581,0.55725114,1.01599677,1.08070073,0.98401642,0.70801333
332,0.07415233,0.02995594,0.01845712,0.00430981,0.01899449,-0.28104636,-0.47989288,-0.07152760,-1.01235436,0.04172794,-1.08464366,0.12232307,-0.97185783,0.17691908,-0.67691493,0.57291389,0.13618305,0.13886316,0.29995390,-0.00340120,0.24956894,0.06077611,0.17270344,0.18308526,0.57291389,0.68552708,0.63619151,0.49854949,0.13618305,0.20035220,0.41849178,0.13886316,0.42962481,0.29995390,0.56227918,1.02098368,1.08911165,0.98287816,0.70440197
333,0.07435213,0.02944583,0.01921976,0.00604067,0.02074664,-0.27358302,-0.48967804,-0.06537091,-1.00583371,0.04761774,-1.07978970,0.12156075,-0.96984316,0.17416011,-0.67767897,0.55727098,0.13671851,0.13272036,0.29686243,0.00168324,0.24426838,0.06143017,0.17447716,0.18497552,0.55727098,0.67189685,0.62185068,0.48561127,0.13671851,0.19256534,0.40725381,0.13272036,0.42160742,0.29686243,0.56724537,1.01420711,1.08466979,0.98098378,0.70475275
334,0.07516444,0.02989326,0.01962094,0.00513018,0.01709171,-0.27092245,-0.49435990,-0.06280989,-1.00446150,0.04655391,-1.08021381,0.12162710,-0.96015056,0.18149618,-0.66748027,0.55129801,0.13592314,0.14207362,0.29876576,0.00855486,0.19886404,0.06185602,0.17509619,0.18570095,0.55129801,0.66638736,0.60944165,0.48498539,0.13592314,0.19373918,0.41854085,0.14207362,0.43453234,0.29876576,0.57092702,1.01249795,1.08438859,0.97044754,0.69492987
335,0.07428839,0.02982329,0.01817496,0.00437204,0.01548679,-0.27017178,-0.49044568,-0.05754286,-1.01631609,0.05337886,-1.08903413,0.12604110,-0.96361852,0.18591217,-0.67468018,0.56781186,0.13548154,0.14554081,0.29509014,-0.00585231,0.21219371,0.06337126,0.17408188,0.18525771,0.56781186,0.68043881,0.61733756,0.49221812,0.13548154,0.19530630,0.42177361,0.14554081,0.43532926,0.29509014,0.56762024,1.02484772,1.09414252,0.97494856,0.70384228
336,0.07587281,0.02940450,0.01849847,0.00559287,0.01736171,-0.26562290,-0.49640365,-0.05772526,-1.01901747,0.05394438,-1.09628130,0.12796059,-0.96844769,0.18805634,-0.66997506,0.56300178,0.13843252,0.14824136,0.30449458,-0.00254005,0.21498152,0.06365472,0.17452203,0.18576830,0.56300178,0.67969118,0.61476879,0.48611294,0.13843252,0.19643645,0.42913588,0.14824136,0.44722313,0.30449458,0.57060366,1.02742809,1.10136605,0.98000842,0.69979255
337,0.07562470,0.02987256,0.01871587,0.00603075,0.01579938,-0.26325367,-0.51773866,-0.05796932,-1.03930428,0.06034559,-1.10903103,0.12972152,-0.98384152,0.18349236,-0.69557721,0.56087037,0.13997502,0.14378507,0.29335936,0.00072351,0.18553063,0.06329278,0.17448913,0.18561366,0.56087037,0.67408605,0.61000901,0.48172841,0.13997502,0.19992295,0.42294484,0.14378507,0.43197602,0.29335936,0.58893604,1.04753000,1.11434658,0.99531552,0.72259812
338,0.07760288,0.02782628,0.01912436,0.00742489,0.01691787,-0.26275445,-0.50304335,-0.05635496,-1.03659312,0.06313603,-1.10362719,0.13516121,-0.97852388,0.18238394,-0.68780607,0.57236016,0.13962996,0.14505600,0.29466417,0.00427742,0.17616181,0.06361046,0.17482138,0.18603442,0.57236016,0.68336458,0.62045166,0.48303616,0.13962996,0.20431569,0.42562921,0.14505600,0.43320335,0.29466417,0.57548576,1.04428163,1.10879640,0.99044049,0.71437077
339,0.08135739,0.02838650,0.01840000,0.00779909,0.01632228,-0.27468419,-0.49403532,-0.07737395,-1.02252525,0.04023750,-1.10464512,0.12179910,-0.97532781,0.17702201,-0.66936486,0.56415022,0.14623902,0.15371849,0.31105638,0.00883652,0.17015905,0.06297710,0.17531284,0.18628125,0.56415022,0.68741373,0.62477083,0.48694582,0.14623902,0.20944824,0.43858967,0.15371849,0.45698352,0.31105638,0.57498913,1.03144011,1.10845647,0.98515847,0.69471653
340,0.07603013,0.03025391,0.02144330,0.00722972,0.01465176,-0.27962602,-0.46848028,-0.09747353,-0.99727128,0.02525407,-1.07680433,0.10598057,-0.97045158,0.16632372,-0.67385520,0.55933043,0.14851598,0.13400958,0.30274576,0.00734868,0.19538919,0.06125411,0.17610012,0.18644924,0.55933043,0.68070603,0.63370157,0.49234734,0.14851598,0.20857901,0.41966680,0.13400958,0.42731265,0.30274576,0.55554794,1.00825008,1.08052881,0.97906498,0.69739251
341,0.07854046,0.02889303,0.02006449,0.00678240,0.01633828,-0.28713390,-0.44772382,-0.11245107,-0.99381697,0.00666618,-1.08383639,0.08985770,-0.97654973,0.15337448,-0.67790414,0.57344967,0.15118962,0.13613109,0.30538210,0.00294626,0.19884845,0.06016921,0.17595335,0.18595676,0.57344967,0.70080754,0.64985956,0.49787172,0.15118962,0.20583988,0.41477692,0.13613109,0.43192287,0.30538210,0.54137173,1.00635643,1.08740146,0.98374904,0.69873881
342,0.07440964,0.02967810,0.01957203,0.00567566,0.01523419,-0.29632331,-0.44643099,-0.12843892,-0.99569844,-0.00946135,-1.08316093,0.07592005,-0.97651945,0.14609204,-0.68624845,0.57441504,0.15005147,0.13731981,0.29871863,0.00115369,0.18923213,0.06036064,0.17545455,0.18554704,0.57441504,0.69860081,0.64852655,0.50476029,0.15005147,0.20923152,0.41642252,0.13731981,0.42682804,0.29871863,0.54563542,1.01012455,1.08652322,0.98203223,0.70451873
343,0.07424116,0.02853662,0.01851225,0.00574180,0.01528787,-0.30165918,-0.43877694,-0.14032686,-0.99460898,-0.02488685,-1.08635458,0.06158003,-0.98210313,0.13671364,-0.68977887,0.57880781,0.14979982,0.13601831,0.30185962,0.00264481,0.20104644,0.05907014,0.17425011,0.18399017,0.57880781,0.70452735,0.65437023,0.50650090,0.14979982,0.20599659,0.41419697,0.13601831,0.42857612,0.30185962,0.54140010,1.00986443,1.08943225,0.98620679,0.70582984
344,0.08034220,0.02906236,0.01929169,0.00601277,0.01400978,-0.30377815,-0.43566094,-0.14468466,-1.00284136,-0.03139005,-1.09362032,0.05471586,-0.98603388,0.13373173,-0.69795023,0.58911210,0.14727088,0.13838077,0.29876982,0.00173941,0.20307610,0.05846517,0.17223037,0.18188314,0.58911210,0.71233518,0.65753610,0.51135502,0.14727088,0.20357243,0.41508363,0.13838077,0.42911670,0.29876982,0.53951140,1.01832582,1.09678090,0.98964842,0.71310291
345,0.07701161,0.03076069,0.02129943,0.00557033,0.01299359,-0.30430605,-0.44978423,-0.14005317,-1.01168905,-0.03147393,-1.10650251,0.05655392,-1.00003161,0.13146415,-0.70693260,0.58550728,0.14593467,0.13879536,0.30260203,-0.00099606,0.21196016,0.05737730,0.17095365,0.18032556,0.58550728,0.71124928,0.65853508,0.50706248,0.14593467,0.20024133,0.41044131,0.13879536,0.43199740,0.30260203,0.55245858,1.02742036,1.11051258,1.00447049,0.72230459
346,0.07388277,0.03068245,0.01994413,0.00657682,0.01591127,-0.30484896,-0.43601211,-0.13914297,-0.99462052,-0.02733029,-1.08629947,0.05640700,-0.98318397,0.13313566,-0.69373008,0.58291558,0.14656579,0.13330357,0.29948450,-0.00664838,0.22203686,0.05696487,0.17056563,0.17982667,0.58291558,0.70706359,0.65592127,0.50868647,0.14656579,0.19901321,0.40772771,0.13330357,0.42438853,0.29948450,0.54018200,1.01037462,1.09008892,0.98768447,0.70994234
347,0.07322980,0.02923845,0.01844851,0.00695145,0.01813455,-0.31170890,-0.43773707,-0.14518234,-0.99300613,-0.03287816,-1.08586345,0.05048955,-0.98663147,0.13099827,-0.68868983,0.57992491,0.14813220,0.13013399,0.30865986,-0.00960741,0.21757216,0.05660518,0.16836969,0.17763023,0.57992491,0.70563852,0.65800413,0.50959114,0.14813220,0.19949662,0.41318068,0.13013399,0.42995947,0.30865986,0.54566050,1.00965796,1.08961567,0.99057330,0.70432278
348,0.07411755,0.02837318,0.01833597,0.00557944,0.01609802,-0.31624820,-0.43668752,-0.14705631,-0.99457159,-0.03495710,-1.08611942,0.04908009,-0.98539628,0.12789984,-0.69242681,0.58329099,0.14711200,0.13178629,0.30341866,-0.01349667,0.21658095,0.05648139,0.16699788,0.17629078,0.58329099,0.70776974,0.65949946,0.51308545,0.14711200,0.20018959,0.41082336,0.13178629,0.42638794,0.30341866,0.54697088,1.01151576,1.08998901,0.98925509,0.70739700
349,0.07292768,0.02832448,0.01792237,0.00659717,0.01826997,-0.31389427,-0.42122399,-0.14776291,-0.97538092,-0.04693774,-1.07153749,0.04090317,-0.97762121,0.12125198,-0.69046070,0.57881210,0.14159940,0.12896716,0.29819346,-0.01033147,0.23659898,0.05496654,0.16740290,0.17619606,0.57881210,0.70300952,0.66010723,0.51203104,0.14159940,0.19191282,0.39355640,0.12896716,0.41669559,0.29819346,0.53209413,0.99186400,1.07537209,0.98082539,0.70415831
350,0.07397619,0.02780865,0.01727547,0.00871527,0.01939693,-0.31587523,-0.40375751,-0.16078745,-0.96759574,-0.06340829,-1.06274482,0.02398298,-0.97595694,0.10812196,-0.69235705,0.58501345,0.13794699,0.12326043,0.29581971,-0.01015236,0.23926974,0.05424404,0.16694036,0.17553205,0.58501345,0.70571631,0.66560207,0.51298471,0.13794699,0.18693222,0.38567886,0.12326043,0.40819678,0.29581971,0.51858664,0.98544482,1.06711382,0.97860457,0.70412172
351,0.07378175,0.02975172,0.01702048,0.00535590,0.01817596,-0.32382320,-0.40571845,-0.17169689,-0.97236948,-0.07382944,-1.07386645,0.01570747,-0.98306488,0.10283949,-0.70473379,0.58697748,0.14310405,0.12780630,0.29166231,-0.01691922,0.24884262,0.05388411,0.16382722,0.17246117,0.58697748,0.71341930,0.66996254,0.52116936,0.14310405,0.19058814,0.38460865,0.12780630,0.40927501,0.29166231,0.52533751,0.99228322,1.07892331,0.98534997,0.71541709
352,0.07932795,0.02962429,0.01877539,0.00735418,0.01888010,-0.32710828,-0.41010069,-0.17962496,-0.96548899,-0.08212288,-1.07648142,0.00907868,-0.98500517,0.09678122,-0.70991154,0.57491614,0.14926008,0.12946262,0.28873636,-0.01027895,0.24681754,0.05261103,0.16252771,0.17083085,0.57491614,0.70999463,0.66609394,0.51932413,0.14926008,0.19205681,0.37759307,0.12946262,0.40797545,0.28873636,0.53059744,0.98689537,1.08230497,0.98736948,0.71973103
353,0.07933526,0.02741272,0.01789303,0.00756384,0.01976254,-0.33417394,-0.40488557,-0.19148158,-0.98014248,-0.08880649,-1.08136321,0.00413357,-0.99205740,0.09382293,-0.71369503,0.59297412,0.14603983,0.12930030,0.29245944,-0.01432279,0.22479513,0.05199269,0.16053097,0.16874072,0.59297412,0.71961868,0.67782888,0.52804040,0.14603983,0.19881861,0.39195405,0.12930030,0.41070090,0.29245944,0.53135325,1.00370506,1.08774397,0.99431955,0.72278712
354,0.08016222,0.02798582,0.01844031,0.00553198,0.01683280,-0.33318173,-0.39758441,-0.20016978,-0.98051846,-0.09566436,-1.08928036,0.00126329,-0.99590949,0.09811984,-0.71373618,0.59813831,0.15244321,0.13506722,0.29835667,-0.01506532,0.23044494,0.05242026,0.15844717,0.16689335,0.59813831,0.73136285,0.68566970,0.53517372,0.15244321,0.20477968,0.40191304,0.13506722,0.42286413,0.29835667,0.52524647,1.00560211,1.09615616,0.99804511,0.72307243
355,0.08183069,0.02715413,0.01770692,0.00510232,0.01652925,-0.33819004,-0.39468378,-0.21176864,-0.97928224,-0.10526528,-1.08019647,-0.00688653,-0.99040239,0.09097441,-0.71231432,0.59824302,0.14848010,0.13363710,0.29481920,-0.01127922,0.21882901,0.05199882,0.15792887,0.16626907,0.59824302,0.72407666,0.68197377,0.53446184,0.14848010,0.20792260,0.40529362,0.13363710,0.41717756,0.29481920,0.52586006,1.00617064,1.08754367,0.99216862,0.72026778
356,0.08213943,0.02801680,0.01822904,0.00556427,0.01831330,-0.34588464,-0.39294502,-0.21131891,-0.97310248,-0.10303206,-1.07723692,-0.00816987,-0.98799439,0.08884995,-0.71317116,0.59571282,0.15162796,0.13055798,0.29145059,-0.01233470,0.23187820,0.05184991,0.15704951,0.16538731,0.59571282,0.72614157,0.68439237,0.54023446,0.15162796,0.20583240,0.39830009,0.13055798,0.41167707,0.29145059,0.52920398,0.99994063,1.08445152,0.98994016,0.72117031
357,0.08171485,0.02699422,0.01779183,0.00612049,0.01915726,-0.34444023,-0.38726570,-0.21216494,-0.96068023,-0.10289136,-1.06876311,-0.00736059,-0.98057427,0.09092116,-0.70986753,0.58866659,0.15480669,0.13020223,0.28799560,-0.01161508,0.23519111,0.05258332,0.15708284,0.16565031,0.58866659,0.72304655,0.68245644,0.54196313,0.15480669,0.20734508,0.39424367,0.13020223,0.40794718,0.28799560,0.52343860,0.98779192,1.07597613,0.98261495,0.71840784
358,0.08063991,0.02634834,0.01815581,0.00664685,0.01810578,-0.34680779,-0.39259174,-0.21472404,-0.96116636,-0.10404969,-1.07343065,-0.00832120,-0.98115843,0.09003399,-0.70580130,0.58381387,0.15840582,0.13302892,0.29240166,-0.00305268,0.23832197,0.05247414,0.15677770,0.16532629,0.58381387,0.72283869,0.67901856,0.53763400,0.15840582,0.20831322,0.39819374,0.13302892,0.41576174,0.29240166,0.52875686,0.98832630,1.08055410,0.98320781,0.71413466
359,0.08181233,0.02595758,0.01741988,0.00655243,0.01954147,-0.34581141,-0.38641563,-0.21710526,-0.95727291,-0.10674940,-1.07449589,-0.01111191,-0.98189563,0.08943018,-0.70667499,0.58540368,0.16181410,0.13320134,0.29301044,-0.00919297,0.24949457,0.05247995,0.15595711,0.16455019,0.58540368,0.72842652,0.68311376,0.54039317,0.16181410,0.20850620,0.39647878,0.13320134,0.41689232,0.29301044,0.52313311,0.98525485,1.08197032,0.98404927,0.71519752
360,0.08263039,0.02582390,0.01664907,0.01060014,0.02189542,-0.34377299,-0.37892478,-0.21365136,-0.94481552,-0.10586540,-1.06781087,-0.01106714,-0.97739598,0.09033502,-0.70463657,0.58087301,0.16391959,0.13100840,0.29101282,-0.00814871,0.27290933,0.05229330,0.15598156,0.16451394,0.58087301,0.72882494,0.68476001,0.54278539,0.16391959,0.20542381,0.38748175,0.13100840,0.41280454,0.29101282,0.51504017,0.97156824,1.07494350,0.97962569,0.71365211
361,0.08119312,0.02572546,0.01732446,0.01090898,0.02337565,-0.34062114,-0.37957798,-0.21483092,-0.94501279,-0.10221789,-1.07207888,-0.00942704,-0.98051616,0.09129700,-0.70871430,0.57949153,0.16990120,0.13044964,0.28993101,-0.00864723,0.29550598,0.05188508,0.15481970,0.16328258,0.57949153,0.73246020,0.68632520,0.54344716,0.16990120,0.20845445,0.38674813,0.13044964,0.41182912,0.28993101,0.51330150,0.97198797,1.07910576,0.98328548,0.71896149
362,0.08180403,0.02509398,0.01713968,0.01058605,0.02312418,-0.34426353,-0.38190720,-0.21261323,-0.95070939,-0.10814111,-1.07270268,-0.01171128,-0.98872229,0.09135747,-0.71446023,0.58420453,0.16067653,0.12805972,0.29309082,-0.01320106,0.29803002,0.05223999,0.15426090,0.16286633,0.58420453,0.73021500,0.69235040,0.54891353,0.16067653,0.20448099,0.38511631,0.12805972,0.41030626,0.29309082,0.51702700,0.97707228,1.08043980,0.99181472,0.72528550
363,0.08133538,0.02566442,0.01730941,0.01077219,0.02269346,-0.34104428,-0.37678089,-0.21728837,-0.93857574,-0.10755759,-1.06765646,-0.01322112,-0.98405931,0.08660557,-0.72252505,0.57552475,0.16946928,0.12632336,0.28005271,-0.00604394,0.29786862,0.05103635,0.15350003,0.16176207,0.57552475,0.72938232,0.69044791,0.55072217,0.16946928,0.20911697,0.37306627,0.12632336,0.39633614,0.28005271,0.51074928,0.96581073,1.07497107,0.98680851,0.73212627
364,0.08398079,0.02631122,0.01735265,0.01035020,0.02215206,-0.34161001,-0.37092997,-0.21937313,-0.93145223,-0.10919652,-1.06968322,-0.01184636,-0.98506358,0.08759326,-0.72072256,0.57392541,0.17685605,0.12917550,0.28251258,-0.00429092,0.28082658,0.05087184,0.15224538,0.16051978,0.57392541,0.73646795,0.69729066,0.55423439,0.17685605,0.21434423,0.37243195,0.12917550,0.40086804,0.28251258,0.50690243,0.95933818,1.07704198,0.98756368,0.73001541
365,0.08181966,0.02564565,0.01763627,0.00957203,0.02218105,-0.33914463,-0.37789333,-0.21998620,-0.94406733,-0.10622533,-1.07490479,-0.00844476,-0.99495619,0.08900597,-0.72859834,0.57875313,0.17348646,0.12646616,0.28371016,-0.00529700,0.27762148,0.05068446,0.15071330,0.15900759,0.57875313,0.73494390,0.70024282,0.55386661,0.17348646,0.21757648,0.37676927,0.12646616,0.39777062,0.28371016,0.51091834,0.97195327,1.08208493,0.99753831,0.73816639
366,0.08361614,0.02530154,0.01706774,0.00807529,0.02192100,-0.33924415,-0.36753259,-0.21679215,-0.94815487,-0.10554079,-1.07579260,-0.00555938,-0.99772939,0.09112365,-0.72436180,0.59365068,0.16966139,0.12689585,0.29001746,-0.00893533,0.26456994,0.05032685,0.14966290,0.15789799,0.59365068,0.74585095,0.71315978,0.55928147,0.16966139,0.21709430,0.38065460,0.12689585,0.40282238,0.29001746,0.50353777,0.97555836,1.08289843,1.00008215,0.73381667
367,0.08552392,0.02395519,0.01676982,0.00894269,0.02386058,-0.33767370,-0.36042230,-0.21918301,-0.94981482,-0.10375406,-1.07246207,-0.00199869,-0.99419707,0.09199717,-0.73186867,0.60135151,0.16872739,0.12841339,0.27870962,-0.00415656,0.26439900,0.04998142,0.14912090,0.15727424,0.60135151,0.74948989,0.71721723,0.56810702,0.16872739,0.22178030,0.37991623,0.12841339,0.39293058,0.27870962,0.49722152,0.97740281,1.07922095,0.99630186,0.74093770
368,0.08595830,0.02504250,0.01621491,0.00813796,0.02638040,-0.33974438,-0.36041628,-0.21394971,-0.94190515,-0.10364933,-1.06994406,-0.00276987,-0.99702952,0.09032241,-0.72938781,0.59520218,0.16947377,0.12450866,0.28342472,-0.00506272,0.26381320,0.04927462,0.14888951,0.15683136,0.59520218,0.74779357,0.72034177,0.56681775,0.16947377,0.21846963,0.37116259,0.12450866,0.39201798,0.28342472,0.49868926,0.96885809,1.07679583,0.99921607,0.73843896
369,0.08558251,0.02424958,0.01594045,0.00787317,0.02375863,-0.34025374,-0.36366468,-0.21580165,-0.94075896,-0.10477673,-1.06682725,-0.00545209,-0.99407386,0.09100259,-0.73380979,0.59060859,0.16840373,0.12314258,0.27761686,-0.00646903,0.27028031,0.04924900,0.14866141,0.15660676,0.59060859,0.74156235,0.71383912,0.56847348,0.16840373,0.21720690,0.37009792,0.12314258,0.38638350,0.27761686,0.50134029,0.96807920,1.07380169,0.99622730,0.74280695
370,0.08664504,0.02387474,0.01701759,0.00710515,0.02375914,-0.34198453,-0.36018933,-0.22012570,-0.95101566,-0.10529547,-1.07393729,-0.00412722,-1.00633566,0.09790828,-0.74058654,0.60347841,0.16843953,0.12176089,0.28472617,-0.00432804,0.26854069,0.04930493,0.14659920,0.15466836,0.60347841,0.75200596,0.72924348,0.58183185,0.16843953,0.22300916,0.38135168,0.12176089,0.39054364,0.28472617,0.49996183,0.97891105,1.08102034,1.00871902,0.75079657
371,0.08741913,0.02472513,0.01717119,0.00689056,0.02358033,-0.34690664,-0.36150355,-0.21349077,-0.95558644,-0.10338632,-1.08129892,-0.00447834,-1.01586701,0.10013836,-0.75275101,0.60921247,0.16731899,0.11867402,0.28322101,-0.00340219,0.26384441,0.04925428,0.14510843,0.15323982,0.60921247,0.75996545,0.73872340,0.59450046,0.16731899,0.21756649,0.37351185,0.11867402,0.38662671,0.28322101,0.50361576,0.98172438,1.08804517,1.01809864,0.76293163
372,0.08666885,0.02334762,0.01587232,0.00742508,0.02266756,-0.34742777,-0.36227643,-0.21388864,-0.95800643,-0.10090312,-1.07417867,-0.00192685,-1.01148650,0.10180703,-0.74768722,0.61077383,0.16238883,0.11719240,0.28350624,-0.00315948,0.25527212,0.04875422,0.14471383,0.15270582,0.61077383,0.75341499,0.73549131,0.59210024,0.16238883,0.21873944,0.37934828,0.11719240,0.38437980,0.28350624,0.50461951,0.98406413,1.08053496,1.01338753,0.75755643
373,0.08443792,0.02310421,0.01562320,0.00764487,0.02387293,-0.34905664,-0.36108620,-0.21413446,-0.95530917,-0.10244499,-1.07419830,-0.00480424,-1.01098917,0.10031887,-0.74317136,0.60966259,0.16326608,0.11648983,0.28778409,-0.00589387,0.26568875,0.04903693,0.14400174,0.15212206,0.60966259,0.75465810,0.73569688,0.59041130,0.16326608,0.21660933,0.37936814,0.11648983,0.38840496,0.28778409,0.50455612,0.98137955,1.08080993,1.01326128,0.75356987
374,0.08357195,0.02411062,0.01633679,0.00741725,0.02321344,-0.34764708,-0.35330850,-0.22103284,-0.94234083,-0.10737669,-1.07167714,-0.01002588,-1.00528773,0.10077468,-0.74424829,0.60286696,0.17231961,0.11799304,0.28366764,-0.00766122,0.26970990,0.04904240,0.14329303,0.15145313,0.60286696,0.75762266,0.73449887,0.59554736,0.17231961,0.22019748,0.37794024,0.11799304,0.38821270,0.28366764,0.49806367,0.97045961,1.07889884,1.00772943,0.75491451
375,0.08332974,0.02405211,0.01589188,0.00805392,0.02462225,-0.34520980,-0.34318101,-0.22484499,-0.92890100,-0.11298000,-1.05578543,-0.01545111,-0.99317712,0.09273764,-0.73764076,0.59817895,0.16943000,0.11606899,0.27759600,-0.00474712,0.26641929,0.04813090,0.14348914,0.15134635,0.59817895,0.74951896,0.72897340,0.58975570,0.16943000,0.21906185,0.37075150,0.11606899,0.37911340,0.27759600,0.48929558,0.95799340,1.06330069,0.99526626,0.74674037
376,0.08514399,0.02297649,0.01516654,0.00833384,0.02285673,-0.35774312,-0.35237147,-0.22789402,-0.94212540,-0.12137705,-1.07364368,-0.02372592,-1.01836649,0.09353847,-0.75538268,0.60423069,0.16942360,0.11242123,0.28802900,-0.01304856,0.25940565,0.04791090,0.14128304,0.14918562,0.60423069,0.75912140,0.74532022,0.60562645,0.16942360,0.21794093,0.37179072,0.11242123,0.38428081,0.28802900,0.50484873,0.97202758,1.08243466,1.02117340,0.76522702
377,0.08638605,0.02296684,0.01583657,0.00821943,0.02197391,-0.36009026,-0.34510382,-0.23184348,-0.94210418,-0.12475647,-1.07121907,-0.02749183,-1.01393431,0.08665867,-0.75830398,0.61091478,0.16788324,0.11305078,0.28004100,-0.01079529,0.25593913,0.04763649,0.13982463,0.14771649,0.61091478,0.76339585,0.74719026,0.60905713,0.16788324,0.21660919,0.36778253,0.11305078,0.37786304,0.28004100,0.50146507,0.97280620,1.08036707,1.01674592,0.76712862
378,0.08684966,0.02291791,0.01568747,0.00746715,0.02337418,-0.35773555,-0.33064206,-0.23589980,-0.94595165,-0.13298857,-1.07047077,-0.03182385,-1.01944082,0.08334689,-0.76157807,0.62755084,0.16177655,0.11339032,0.28246512,-0.01489135,0.25181161,0.04751582,0.13869571,0.14660918,0.62755084,0.77328427,0.76215734,0.61698520,0.16177655,0.21694839,0.36866399,0.11339032,0.37724101,0.28246512,0.49012712,0.97767613,1.08063362,1.02226719,0.76972612
379,0.08627367,0.02274059,0.01575905,0.00738664,0.02208713,-0.36430368,-0.32005269,-0.24620901,-0.93446211,-0.13797391,-1.07340246,-0.04084806,-1.02231144,0.07872439,-0.76875073,0.62598807,0.17627545,0.10988300,0.28043161,-0.02050912,0.26609808,0.04659176,0.13770101,0.14536974,0.62598807,0.78672202,0.77339270,0.63108369,0.17627545,0.22336939,0.36478850,0.10988300,0.37407462,0.28043161,0.48797608,0.96925034,1.08433989,1.02573383,0.77692587
380,0.08683242,0.02370746,0.01668984,0.00840955,0.02246506,-0.36446154,-0.31229508,-0.25106055,-0.92303521,-0.14742486,-1.05920575,-0.04560788,-1.01173317,0.07242185,-0.76718863,0.62133134,0.17127056,0.11244937,0.27164316,-0.01208226,0.26430273,0.04618906,0.13708948,0.14466152,0.62133134,0.77783317,0.76877528,0.63100013,0.17127056,0.22379202,0.35910701,0.11244937,0.36573596,0.27164316,0.48303523,0.95899700,1.07115791,1.01490966,0.77410221
381,0.08750430,0.02366853,0.01611385,0.00899688,0.02259174,-0.36341591,-0.31237906,-0.25306008,-0.92233415,-0.15124247,-1.05489681,-0.04678390,-1.01092231,0.07388157,-0.76483921,0.61998046,0.16736992,0.11344068,0.27413139,-0.01121873,0.25310483,0.04583552,0.13647688,0.14396817,0.61998046,0.77224643,0.76700261,0.62940514,0.16736992,0.22452491,0.36290352,0.11344068,0.36731804,0.27413139,0.48193457,0.95852023,1.06709523,1.01376430,0.77116697
382,0.08832314,0.02642702,0.01844009,0.00790983,0.02245943,-0.36488961,-0.29804821,-0.25523774,-0.91190585,-0.15543420,-1.04573880,-0.05198681,-1.00725302,0.06714284,-0.76907366,0.62359983,0.16703415,0.11056709,0.26635681,-0.00381488,0.26040029,0.04556301,0.13607891,0.14350421,0.62359983,0.77647466,0.77519454,0.63926262,0.16703415,0.22450712,0.35265880,0.11056709,0.35526916,0.26635681,0.47393536,0.94866711,1.05848987,1.01027206,0.77457969
383,0.09027400,0.02604541,0.01839260,0.00864766,0.02235514,-0.36582704,-0.28688143,-0.25933756,-0.91486509,-0.16108806,-1.04247999,-0.05924293,-0.99975341,0.06295321,-0.77422092,0.63698762,0.16113849,0.11058551,0.25654774,-0.00624217,0.25789750,0.04574950,0.13549950,0.14301444,0.63698762,0.78284778,0.77603834,0.64922554,0.16113849,0.21735692,0.35167538,0.11058551,0.34965466,0.25654774,0.46778704,0.95273835,1.05622133,1.00326344,0.77939205
384,0.09254468,0.02586643,0.01873980,0.00820723,0.02250408,-0.36371265,-0.27961754,-0.26380563,-0.91812901,-0.16945867,-1.04770079,-0.06460254,-1.00407988,0.05727021,-0.78281565,0.64633237,0.16036587,0.11368528,0.25264946,-0.01166396,0.25354399,0.04520452,0.13463439,0.14202066,0.64633237,0.79227236,0.78382355,0.65619923,0.16036587,0.21695489,0.34845386,0.11368528,0.34880527,0.25264946,0.46191541,0.95728607,1.06283497,1.00806204,0.78772276
385,0.09080136,0.02594027,0.01850273,0.00910312,0.02321454,-0.36619325,-0.28182109,-0.26620569,-0.91532501,-0.17605526,-1.06136157,-0.06959560,-1.02093470,0.05631033,-0.78930107,0.64143659,0.17166275,0.11410313,0.26367795,-0.01995410,0.26272708,0.04498632,0.13334384,0.14072793,0.64143659,0.80242428,0.79652994,0.66059916,0.17166275,0.22320496,0.34635217,0.11410313,0.35797407,0.26367795,0.46572464,0.95573709,1.07783330,1.02585501,0.79501856
386,0.09061115,0.02503944,0.01904610,0.00919689,0.02001662,-0.37086367,-0.28931869,-0.27635811,-0.91324156,-0.18089373,-1.06628670,-0.07014567,-1.02853665,0.05888333,-0.79506569,0.63114852,0.18040462,0.11727548,0.26677579,-0.01665751,0.25842899,0.04499114,0.13228426,0.13972590,0.63114852,0.79990145,0.79821656,0.66397700,0.18040462,0.23630533,0.35555887,0.11727548,0.36219448,0.26677579,0.47390631,0.95667063,1.08356084,1.03360687,0.80103845
387,0.08983730,0.02534980,0.01977501,0.01208319,0.02304910,-0.37353308,-0.29344869,-0.27703624,-0.91413106,-0.18142757,-1.06341208,-0.06967699,-1.01765925,0.05089263,-0.79599483,0.62822809,0.17727390,0.12110678,0.25237976,-0.01198346,0.26125902,0.04510837,0.13126608,0.13880039,0.62822809,0.79363169,0.78561156,0.65823768,0.17727390,0.23193384,0.34882568,0.12110678,0.35451763,0.25237976,0.47873283,0.95776042,1.08102715,1.02309183,0.80200776
388,0.08974103,0.02547845,0.01981889,0.01271493,0.02355993,-0.36765212,-0.28592599,-0.27902024,-0.90329102,-0.18332059,-1.05807328,-0.07074840,-1.01466031,0.05033532,-0.78746435,0.62372773,0.18197857,0.12118454,0.25748763,-0.00661555,0.27640464,0.04472971,0.13066544,0.13810939,0.62372773,0.79387467,0.78710714,0.65327819,0.18197857,0.23647379,0.34951158,0.12118454,0.35787750,0.25748763,0.46890072,0.94734895,1.07557743,1.01970461,0.79282354
389,0.09333871,0.02388479,0.01796418,0.01058349,0.02093210,-0.36663807,-0.27746113,-0.27652787,-0.90809061,-0.17903754,-1.05545165,-0.06563393,-1.00622407,0.05761749,-0.77528903,0.63711555,0.17671676,0.12397656,0.26184763,-0.01004555,0.26659928,0.04429260,0.13016683,0.13749632,0.63711555,0.80032105,0.78864962,0.65448482,0.17671676,0.23269237,0.35979507,0.12397656,0.36707810,0.26184763,0.46264242,0.95124602,1.07212058,1.01063198,0.78095947
390,0.09394079,0.02428840,0.01807155,0.01009434,0.02197116,-0.37376971,-0.27799474,-0.27892200,-0.90323565,-0.17967403,-1.05337345,-0.06762922,-0.99917824,0.05445435,-0.76830647,0.63242172,0.18014913,0.12459262,0.26120290,-0.00331407,0.25279070,0.04420252,0.12953720,0.13687128,0.63242172,0.79930543,0.78348025,0.65103732,0.18014913,0.23206578,0.35965424,0.12459262,0.36903106,0.26120290,0.46901554,0.94726152,1.06988646,1.00316479,0.77280134
391,0.09466102,0.02530282,0.01933222,0.00983222,0.02046867,-0.37375390,-0.27996180,-0.27957549,-0.90832542,-0.18105361,-1.05726751,-0.06777978,-1.00193206,0.05350525,-0.77887868,0.63543126,0.17859784,0.12633918,0.25396679,-0.00452770,0.26655513,0.04407957,0.12869264,0.13603236,0.63543126,0.80085296,0.78424819,0.65715451,0.17859784,0.23162830,0.35754120,0.12633918,0.36431146,0.25396679,0.47001900,0.95235015,1.07425965,1.00644963,0.78411477
392,0.09527780,0.02468592,0.01929541,0.00982776,0.01975900,-0.37416501,-0.28218774,-0.28003101,-0.91694552,-0.17990878,-1.06121172,-0.06655699,-1.00919354,0.05409337,-0.77935745,0.64175483,0.17563784,0.12503864,0.25963210,-0.00314339,0.25824168,0.04364346,0.12704817,0.13433536,0.64175483,0.80289415,0.78952853,0.65646999,0.17563784,0.23261955,0.36150638,0.12503864,0.36660725,0.25963210,0.47172544,0.96076890,1.07796022,1.01365459,0.78463961
393,0.09226081,0.02384514,0.01919712,0.01265822,0.02254736,-0.37524943,-0.27483480,-0.28223356,-0.91574691,-0.18170368,-1.05952372,-0.06652583,-1.01316211,0.05554319,-0.78127117,0.64766603,0.17544299,0.12459266,0.26208862,-0.00467117,0.26369235,0.04320458,0.12545983,0.13269063,0.64766603,0.80822560,0.80043422,0.66517882,0.17544299,0.23685190,0.36379112,0.12459266,0.36594860,0.26208862,0.46833865,0.96024771,1.07668577,1.01780724,0.78680610
394,0.09513971,0.02341092,0.01981340,0.01161652,0.02102084,-0.37478544,-0.27179883,-0.28487466,-0.91073878,-0.18327434,-1.05364405,-0.06557159,-1.00621767,0.05506913,-0.77386075,0.64524844,0.17536072,0.12721082,0.26181808,0.00227921,0.26297022,0.04298019,0.12527672,0.13244453,0.64524844,0.80496015,0.79692760,0.66106054,0.17536072,0.23926905,0.36656422,0.12721082,0.36770840,0.26181808,0.46577690,0.95585080,1.07075914,1.01022808,0.77843066
395,0.09496107,0.02257788,0.01915017,0.01278944,0.02083722,-0.37403339,-0.27099251,-0.28043592,-0.91088441,-0.17895910,-1.05223758,-0.06274512,-1.00518263,0.06012881,-0.77124974,0.64671419,0.17403813,0.12568055,0.26425039,0.00127901,0.25960933,0.04263889,0.12503623,0.13210652,0.64671419,0.80523196,0.79751249,0.66249212,0.17403813,0.23729821,0.36816098,0.12568055,0.36910712,0.26425039,0.46486284,0.95475965,1.06867983,1.00904892,0.77626899
396,0.09233810,0.02223940,0.01889089,0.01498950,0.02253900,-0.36913572,-0.27948284,-0.27538754,-0.90915276,-0.17273453,-1.04805769,-0.06021287,-0.99557111,0.06336399,-0.77039139,0.63666179,0.17275250,0.12445146,0.25688492,-0.00190488,0.26717045,0.04213737,0.12498144,0.13189359,0.63666179,0.79328628,0.77999409,0.65446873,0.17275250,0.23193703,0.36617383,0.12445146,0.36467329,0.25688492,0.46581013,0.95178510,1.06366121,0.99946028,0.77596555
397,0.09187181,0.02143675,0.01807734,0.01404352,0.02273749,-0.36939706,-0.26988719,-0.27158267,-0.91160169,-0.17014670,-1.05188157,-0.05646457,-1.00392736,0.06678193,-0.77936836,0.64918259,0.17315810,0.12366686,0.25617896,-0.00173674,0.26250249,0.04222129,0.12430859,0.13128314,0.64918259,0.80699223,0.79806550,0.67088576,0.17315810,0.23413458,0.36336754,0.12366686,0.36129798,0.25617896,0.46023024,0.95300743,1.06695781,1.00749205,0.78504171
398,0.08856403,0.02107303,0.01788606,0.01411400,0.02395338,-0.36377716,-0.27704276,-0.27073451,-0.91269373,-0.16740414,-1.05171808,-0.05066584,-1.00055760,0.07086140,-0.76295160,0.64247815,0.17327348,0.12777117,0.26690877,0.00103827,0.26849184,0.04267780,0.12376644,0.13091802,0.64247815,0.79918712,0.78846676,0.65215017,0.17327348,0.23700567,0.37307142,0.12777117,0.37459383,0.26690877,0.45955688,0.95354339,1.06612487,1.00356537,0.76879447
399,0.09167018,0.02150392,0.01819604,0.01434736,0.02282949,-0.36571760,-0.27895178,-0.26872003,-0.92524082,-0.15875273,-1.06386242,-0.04616551,-1.00417035,0.07570727,-0.77241639,0.65365022,0.17698362,0.12773650,0.26185335,0.00116627,0.26296518,0.04254698,0.12214834,0.12934629,0.65365022,0.81178683,0.79269670,0.66238465,0.17698362,0.23618947,0.37687616,0.12773650,0.37420679,0.26185335,0.46217615,0.96521004,1.07700027,1.00719584,0.77883116
400,0.09241322,0.02102913,0.01881719,0.01633992,0.02372990,-0.36485672,-0.28616435,-0.26160895,-0.92599495,-0.15476425,-1.06006785,-0.04327408,-1.00720341,0.08177825,-0.77320931,0.64823553,0.17144565,0.12383562,0.26531819,0.00059657,0.26354331,0.04258587,0.12136576,0.12862039,0.64823553,0.80199431,0.78980496,0.66124523,0.17144565,0.23312234,0.37599169,0.12383562,0.37200249,0.26531819,0.46589993,0.96399769,1.07280387,1.01036929,0.78055523
401,0.09090297,0.02109699,0.01802538,0.01549543,0.02198736,-0.36474974,-0.28730430,-0.25119953,-0.92730316,-0.14403768,-1.05748607,-0.03510103,-0.99587476,0.08648055,-0.76236271,0.65009741,0.16863078,0.12565383,0.26326977,0.00685279,0.26515727,0.04236705,0.12167514,0.12884023,0.65009741,0.80123718,0.78176902,0.65555635,0.16863078,0.22689395,0.37594214,0.12565383,0.37468092,0.26326977,0.46576789,0.96194264,1.06824704,0.99814178,0.76946781
402,0.09173112,0.01990718,0.01727278,0.01445150,0.02229694,-0.36042817,-0.27879329,-0.24167367,-0.92333333,-0.13340573,-1.05831312,-0.02289612,-0.99659829,0.09841763,-0.75431823,0.65563301,0.17307470,0.12702178,0.27095946,0.00166729,0.26970401,0.04244661,0.12180620,0.12899017,0.65563301,0.81203021,0.79359393,0.66133345,0.17307470,0.23082528,0.37986980,0.12702178,0.38249653,0.27095946,0.45702736,0.95591351,1.06783376,0.99867129,0.76320482
403,0.08846122,0.02036366,0.01782254,0.01565126,0.02431592,-0.35824272,-0.29626733,-0.23586703,-0.91833346,-0.12552597,-1.05939259,-0.01316765,-0.99802585,0.10352237,-0.75410739,0.63414458,0.17908918,0.12878488,0.27041410,0.00487173,0.27639182,0.04286521,0.12194202,0.12925665,0.63414458,0.79793830,0.78250167,0.65100410,0.17908918,0.23692239,0.37741658,0.12878488,0.38204870,0.27041410,0.46636498,0.94952413,1.06801817,1.00022043,0.76423060
404,0.08602921,0.02063535,0.01822392,0.01428964,0.02289657,-0.34762782,-0.30425643,-0.22407894,-0.92109790,-0.10650498,-1.05218597,0.00241916,-0.98972346,0.11277041,-0.74733470,0.62914522,0.17609467,0.12632638,0.26634422,0.01253037,0.27944162,0.04316207,0.12166502,0.12909431,0.62914522,0.78589253,0.77002536,0.63951481,0.17609467,0.23714987,0.37946458,0.12632638,0.37590357,0.26634422,0.46339756,0.94900431,1.05855078,0.99151912,0.75839019
405,0.08431061,0.02024042,0.01716938,0.01617479,0.02429644,-0.35177123,-0.32057407,-0.21850524,-0.93416315,-0.09721477,-1.05963195,0.00930362,-0.99768599,0.11774058,-0.75681964,0.62804017,0.17451641,0.12439309,0.26418846,0.00960407,0.27695237,0.04293487,0.12097598,0.12836896,0.62804017,0.78181246,0.76803790,0.64194064,0.17451641,0.23722283,0.38084392,0.12439309,0.37197502,0.26418846,0.47707951,0.96050905,1.06516791,0.99985216,0.76908223
406,0.08592768,0.02041403,0.01754872,0.01668493,0.02475704,-0.35630942,-0.33035969,-0.21119615,-0.93910297,-0.08943303,-1.05930446,0.01422170,-0.99751119,0.12136191,-0.75283193,0.62589180,0.17109974,0.12161543,0.26713384,0.01514095,0.26678171,0.04264802,0.12078345,0.12809175,0.62589180,0.77632701,0.76355363,0.63834200,0.17109974,0.23330700,0.38160012,0.12161543,0.37244061,0.26713384,0.48740711,0.96380735,1.06417290,0.99962877,0.76550099
407,0.08664235,0.02119457,0.01673739,0.01582842,0.02545152,-0.34456736,-0.33743805,-0.19979964,-0.94191722,-0.08184029,-1.07068396,0.02668117,-1.00721285,0.13410514,-0.75285153,0.62171862,0.17463254,0.12645517,0.27614262,0.01007306,0.26818494,0.04270070,0.11986128,0.12724023,0.62171862,0.77899137,0.76622316,0.63449761,0.17463254,0.23603675,0.38406640,0.12645517,0.38465112,0.27614262,0.48391017,0.96434270,1.07506902,1.00970519,0.76786144
408,0.08549155,0.02212813,0.01741723,0.01461181,0.02432782,-0.34640231,-0.34121663,-0.19111724,-0.94604569,-0.06875178,-1.06872885,0.03803769,-1.00041005,0.13885633,-0.74839571,0.62465006,0.17328372,0.12782473,0.27147112,0.01537563,0.27462918,0.04268854,0.11913285,0.12655018,0.62465006,0.77889413,0.76386402,0.63463481,0.17328372,0.23620448,0.38530394,0.12782473,0.38229943,0.27147112,0.48745768,0.96647850,1.07220892,1.00347721,0.76467310
409,0.08781962,0.02036567,0.01698764,0.01688281,0.02505965,-0.35116740,-0.34464593,-0.19076551,-0.95002015,-0.06731459,-1.06430156,0.03873160,-0.99846127,0.14393683,-0.74794682,0.62639576,0.16825173,0.12619236,0.27174740,0.01951720,0.26068876,0.04292553,0.11814958,0.12570571,0.62639576,0.77377241,0.76201676,0.63975684,0.16825173,0.23552962,0.39183600,0.12619236,0.38110668,0.27174740,0.49314845,0.97007272,1.06754533,1.00148059,0.76506169
410,0.08574736,0.01934701,0.01673693,0.01620155,0.02542113,-0.34432441,-0.35528629,-0.18565878,-0.96691721,-0.05912526,-1.07158409,0.04714082,-1.00185989,0.15023896,-0.74920094,0.63209835,0.16424643,0.12842109,0.27293876,0.01899176,0.26323762,0.04294650,0.11742442,0.12503159,0.63209835,0.77124866,0.75682390,0.63379132,0.16424643,0.23640567,0.40120492,0.12842109,0.38513999,0.27293876,0.49574574,0.98575008,1.07444073,1.00538828,0.76780516
411,0.08356702,0.02073967,0.01727902,0.01610514,0.02420357,-0.34434100,-0.35727525,-0.17906452,-0.95560933,-0.05308660,-1.06331192,0.05495031,-0.99470761,0.15824716,-0.74250868,0.62090551,0.16577486,0.12922493,0.27257492,0.02315625,0.26350875,0.04250331,0.11695677,0.12444042,0.62090551,0.76395441,0.75300296,0.63452283,0.16577486,0.23820591,0.39983199,0.12922493,0.38482442,0.27257492,0.49734454,0.97342382,1.06587079,0.99862397,0.76277655
412,0.08442389,0.01902743,0.01669490,0.01631408,0.02455311,-0.34803745,-0.35540687,-0.17484788,-0.96437356,-0.05021618,-1.07275706,0.05808709,-1.00491097,0.16332721,-0.74574968,0.63337659,0.16520409,0.12889265,0.27975239,0.02011236,0.25969924,0.04245654,0.11589534,0.12342725,0.63337659,0.77701985,0.76698862,0.64476103,0.16520409,0.23730297,0.40345767,0.12889265,0.39114108,0.27975239,0.49846629,0.98138062,1.07527407,1.00905169,0.76710878
413,0.08525161,0.02001626,0.01742523,0.01789153,0.02639137,-0.34967884,-0.36175147,-0.17027474,-0.96043137,-0.04534390,-1.07147737,0.06082418,-1.00060899,0.16599888,-0.74848411,0.62522773,0.16717518,0.12868673,0.27321397,0.02174327,0.25801222,0.04235780,0.11556392,0.12308210,0.62522773,0.77249478,0.76026473,0.64587806,0.16717518,0.23535426,0.39818230,0.12868673,0.38653491,0.27321397,0.50429506,0.97678121,1.07383048,1.00496841,0.77034659
414,0.08621201,0.02026053,0.01692355,0.01764967,0.02629194,-0.35048377,-0.35889460,-0.16601661,-0.95954235,-0.04080179,-1.07314436,0.06702721,-1.00106714,0.16626348,-0.73821050,0.62866608,0.16910501,0.13105087,0.28103448,0.02197889,0.26182624,0.04264236,0.11512045,0.12276437,0.62866608,0.77886219,0.76715076,0.64288316,0.16910501,0.23776038,0.40026371,0.13105087,0.39456548,0.28103448,0.50239903,0.97497831,1.07515231,1.00576368,0.76055647
415,0.08832622,0.02040933,0.01692815,0.01629583,0.02473781,-0.34799128,-0.35829828,-0.16547342,-0.95853110,-0.04124422,-1.07741349,0.06848698,-1.00365846,0.16668918,-0.73406581,0.62760104,0.17199119,0.13329427,0.28693432,0.02545285,0.26165254,0.04211304,0.11473212,0.12221689,0.62760104,0.78208611,0.76901078,0.63854904,0.17199119,0.23917981,0.40158517,0.13329427,0.40188349,0.28693432,0.50033715,0.97381574,1.07937474,1.00823562,0.75599623
416,0.09000650,0.02155052,0.01711167,0.01536586,0.02575618,-0.35473623,-0.35427323,-0.16673858,-0.96467043,-0.04254157,-1.08049065,0.06559984,-0.99876474,0.16593640,-0.73135305,0.63889727,0.16986989,0.13649687,0.28565625,0.02761709,0.26050546,0.04202890,0.11349151,0.12102377,0.63889727,0.79073850,0.77030496,0.64418859,0.16986989,0.23568725,0.40710057,0.13649687,0.40717941,0.28565625,0.50239040,0.98017833,1.08260816,1.00327095,0.75353381
417,0.09135553,0.02138095,0.01616864,0.01558518,0.02669333,-0.36020114,-0.35142290,-0.17049176,-0.96991417,-0.04368625,-1.08623561,0.06161187,-1.00282953,0.16293471,-0.73274355,0.64724470,0.17209978,0.13532054,0.28849921,0.02129879,0.25722692,0.04242989,0.11296329,0.12066897,0.64724470,0.80041111,0.77704644,0.64883198,0.17209978,0.23520954,0.40985069,0.13532054,0.40997316,0.28849921,0.50432413,0.98622496,1.08856089,1.00733014,0.75456161
418,0.08584073,0.02247427,0.01646318,0.01098944,0.02742490,-0.36216961,-0.36423595,-0.17564517,-0.98855875,-0.04822315,-1.10822383,0.05863669,-1.02068231,0.15483330,-0.75079675,0.65217257,0.17482471,0.13904509,0.28660903,0.01209756,0.26176737,0.04246330,0.11129174,0.11911752,0.65217257,0.80808312,0.78110739,0.64774464,0.17482471,0.23720396,0.40794044,0.13904509,0.41172789,0.28660903,0.51479390,1.00594600,1.11115322,1.02552678,0.77159900
419,0.08866863,0.02168146,0.01460896,0.00787402,0.02567895,-0.36280266,-0.35495675,-0.18586707,-0.97012321,-0.06526790,-1.09368621,0.04412337,-1.01230701,0.15574640,-0.74153007,0.64062622,0.17283200,0.13652287,0.29290483,0.01312621,0.24518586,0.04150549,0.10918055,0.11680367,0.64062622,0.79660332,0.77351882,0.64742780,0.17283200,0.23382791,0.41105192,0.13652287,0.41590333,0.29290483,0.50893849,0.98978783,1.09703801,1.01519743,0.76059736
420,0.08375888,0.02284605,0.01439450,0.00842725,0.02445353,-0.38154407,-0.35167599,-0.19378100,-0.98214120,-0.08067431,-1.10238281,0.03115898,-1.01077799,0.14805200,-0.76380697,0.65866467,0.16527748,0.14457900,0.27329321,-0.00329475,0.26422393,0.04022791,0.10559780,0.11300079,0.65866467,0.80914178,0.77812776,0.67186255,0.16527748,0.22683134,0.40561034,0.14457900,0.40866785,0.27329321,0.52023376,1.00355031,1.10708746,1.01331736,0.78117439
421,0.08637252,0.02246556,0.01606688,0.00611412,0.02241365,-0.39844719,-0.34508338,-0.21555838,-0.99064261,-0.11013915,-1.10026035,0.01047972,-1.01978617,0.13880830,-0.79516497,0.67193391,0.15217119,0.14508505,0.25879548,-0.00354520,0.26075845,0.03947087,0.10224402,0.10959831,0.67193391,0.80892977,0.78976582,0.70219085,0.15217119,0.22790923,0.40476714,0.14508505,0.39396274,0.25879548,0.52786401,1.01586065,1.10733875,1.02185186,0.81033378
422,0.09398795,0.01966957,0.01564101,0.01042895,0.02845348,-0.40320618,-0.33270077,-0.24965464,-0.97658096,-0.13877729,-1.09317859,-0.02248493,-1.02742656,0.11695843,-0.79336019,0.66272318,0.16090150,0.13399750,0.27256559,-0.00646886,0.25462744,0.03931045,0.09938485,0.10687684,0.66272318,0.80581482,0.79339463,0.69670374,0.16090150,0.23305501,0.41028218,0.13399750,0.39448969,0.27256559,0.52323827,1.00948308,1.10335625,1.02979245,0.80532538
423,0.08916030,0.02348561,0.01534603,0.00932520,0.02980367,-0.40581538,-0.31408591,-0.26928716,-0.97669004,-0.15521582,-1.11371023,-0.03043373,-1.04029740,0.09986917,-0.82241220,0.67766794,0.17836385,0.14487786,0.25398484,-0.01609359,0.25359205,0.03876791,0.09619555,0.10371371,0.67766794,0.83867019,0.81845245,0.71855982,0.17836385,0.24717792,0.40017175,0.14487786,0.38741323,0.25398484,0.51407421,1.01554609,1.12633875,1.04310866,0.83208664
424,0.09219177,0.02237456,0.01621633,0.00979656,0.02795096,-0.43130997,-0.30663908,-0.28565077,-0.98562217,-0.17355388,-1.12494161,-0.05033024,-1.06114858,0.09008961,-0.82870409,0.69569506,0.17899294,0.13884797,0.27166368,-0.02004687,0.25762381,0.03847898,0.09427578,0.10182610,0.69569506,0.85861076,0.84613908,0.73929115,0.17899294,0.24716084,0.40721392,0.13884797,0.39675645,0.27166368,0.53030734,1.02900052,1.14029166,1.06486101,0.83746339
425,0.09779738,0.02158476,0.01599471,0.00973129,0.02605527,-0.42012692,-0.29160254,-0.28949611,-0.97186181,-0.16703920,-1.12390075,-0.05123290,-1.06689106,0.08486438,-0.82625704,0.69383194,0.19522328,0.12950666,0.27652593,-0.02667878,0.25694114,0.03865113,0.09473123,0.10231284,0.69383194,0.87080346,0.86000745,0.73755747,0.19522328,0.25670035,0.40199939,0.12950666,0.39029406,0.27652593,0.51241638,1.01661164,1.13847294,1.07124038,0.83524972
426,0.10289201,0.02147361,0.01678619,0.01194842,0.02424704,-0.42509215,-0.27472959,-0.28686995,-0.94699282,-0.17437693,-1.08419783,-0.05676139,-1.02766362,0.07265397,-0.79854875,0.68697089,0.17755705,0.13177781,0.26323267,-0.01234638,0.24368616,0.03917176,0.09768244,0.10524394,0.68697089,0.84819557,0.83999579,0.72524165,0.17755705,0.24513349,0.39029364,0.13177781,0.37850074,0.26323267,0.50677579,0.99102259,1.09987601,1.03235411,0.80658403
427,0.09963917,0.02175574,0.01714057,0.01515035,0.02913005,-0.40993575,-0.26414890,-0.27656605,-0.92999807,-0.16584171,-1.06971097,-0.04816057,-1.03147198,0.08107528,-0.78878379,0.67942468,0.17830967,0.12528620,0.27503539,-0.00948548,0.24253184,0.03880280,0.10044055,0.10767526,0.67942468,0.84212217,0.84953883,0.72044175,0.17830967,0.25103235,0.38569420,0.12528620,0.37494277,0.27503539,0.48908481,0.97204084,1.08431141,1.03588255,0.79793676
428,0.09862392,0.01983755,0.01684835,0.01420045,0.02909076,-0.40090925,-0.28063348,-0.27016978,-0.95579870,-0.15135594,-1.08687248,-0.03521485,-1.04475004,0.09458402,-0.79314360,0.68830530,0.17698181,0.12506340,0.28317524,-0.01916779,0.24773877,0.03944828,0.10278446,0.11009456,0.68830530,0.84465185,0.84878419,0.71531054,0.17698181,0.25241980,0.40053042,0.12506340,0.38393290,0.28317524,0.49087779,0.99551480,1.09973212,1.04935071,0.80469287
429,0.09664215,0.01902023,0.01654681,0.01494964,0.02778445,-0.39318234,-0.28658273,-0.25960879,-0.95754427,-0.14447145,-1.09452988,-0.02753342,-1.04841292,0.09259530,-0.80700455,0.68502224,0.17906225,0.12719885,0.26973538,-0.02176049,0.26016700,0.04040494,0.10608827,0.11352215,0.68502224,0.84637639,0.84722600,0.71513677,0.17906225,0.25057325,0.38443327,0.12719885,0.37358832,0.26973538,0.48766283,0.99444379,1.10653426,1.05297407,0.81854172
430,0.10051751,0.01863250,0.01655771,0.01292494,0.02708557,-0.39685447,-0.30762023,-0.25713504,-0.97587307,-0.14226835,-1.11174753,-0.02434040,-1.06943907,0.09393104,-0.81706452,0.68344889,0.17811884,0.12735985,0.27880807,-0.01630202,0.25818685,0.04140266,0.10845172,0.11608598,0.68344889,0.84442787,0.85036800,0.71089153,0.17811884,0.25283332,0.38723608,0.12735985,0.37886337,0.27880807,0.50313733,1.01120308,1.12314209,1.07394094,0.82880117
431,0.10455648,0.01796527,0.01725765,0.01220836,0.02540291,-0.39497252,-0.31790294,-0.25763245,-0.97520815,-0.14323332,-1.11184078,-0.02716732,-1.06042804,0.08869656,-0.80815568,0.67204205,0.17856454,0.12893548,0.27765877,-0.00867129,0.26099821,0.04238210,0.11235300,0.12008097,0.67204205,0.83377585,0.83086633,0.69186612,0.17856454,0.24805285,0.38651758,0.12893548,0.38313966,0.27765877,0.50793356,1.01030243,1.12314305,1.06471145,0.81875172
432,0.10097339,0.01841048,0.01793445,0.01450962,0.02897217,-0.38097306,-0.32259718,-0.25069589,-0.96104809,-0.14346423,-1.10607407,-0.02509538,-1.05599842,0.09133954,-0.80049195,0.65223387,0.18115142,0.13084696,0.28085646,-0.00445418,0.28750634,0.04300309,0.11640819,0.12409727,0.65223387,0.81994706,0.81818477,0.67622812,0.18115142,0.24824598,0.38084512,0.13084696,0.38660622,0.28085646,0.49991727,0.99474030,1.11766516,1.06070500,0.81223154
433,0.09724101,0.01890673,0.01717078,0.01116466,0.02369338,-0.37934943,-0.34695859,-0.24744302,-0.97813098,-0.13872483,-1.12484335,-0.02515023,-1.06301858,0.09034367,-0.80493394,0.64551895,0.18292007,0.13029564,0.28276619,-0.00967737,0.28571553,0.04316825,0.11835217,0.12597910,0.64551895,0.81528423,0.80090544,0.65877001,0.18292007,0.23944670,0.38077914,0.13029564,0.39393167,0.28276619,0.51529073,1.01106595,1.13592542,1.06730613,0.81558635
434,0.09706359,0.01891216,0.01645823,0.01095857,0.02674664,-0.37970571,-0.33480694,-0.24311125,-0.97557860,-0.13718735,-1.11152196,-0.02402099,-1.04434738,0.08603835,-0.79303405,0.65595328,0.17239878,0.13187488,0.27436799,-0.01157293,0.27238420,0.04389460,0.12083958,0.12856492,0.65595328,0.81452046,0.79498104,0.65510214,0.17239878,0.22999997,0.37670194,0.13187488,0.38908260,0.27436799,0.50773008,1.00791931,1.12250430,1.04800151,0.80237407
435,0.09043985,0.01889249,0.01636502,0.00886164,0.02876819,-0.36754708,-0.32329007,-0.23809244,-0.97066259,-0.13336381,-1.10569155,-0.01988760,-1.03320447,0.09204523,-0.77975734,0.66085549,0.17096047,0.13479683,0.27708695,-0.02170922,0.28588567,0.04439346,0.12300356,0.13076947,0.66085549,0.81743908,0.79153775,0.64929211,0.17096047,0.22727675,0.38165406,0.13479683,0.39640723,0.27708695,0.49185101,1.00245514,1.11678564,1.03723243,0.79062499
436,0.08861579,0.01956446,0.01624330,0.00977013,0.02828823,-0.36680905,-0.32015122,-0.24077266,-0.96387593,-0.13774953,-1.10081367,-0.02170832,-1.02054133,0.09745344,-0.77532136,0.65658815,0.17137128,0.14113238,0.27264008,-0.02224348,0.28004522,0.04475785,0.12570111,0.13343176,0.65658815,0.81414731,0.78151676,0.65106145,0.17137128,0.22632074,0.38726668,0.14113238,0.40159444,0.27264008,0.48948113,0.99666587,1.11235300,1.02422576,0.78598175
437,0.08956037,0.01912464,0.01661755,0.00986479,0.02667548,-0.36103383,-0.32514429,-0.23793380,-0.96530021,-0.13713709,-1.09708748,-0.01605857,-1.02147268,0.10442754,-0.77187092,0.65266952,0.16595975,0.14281855,0.27716079,-0.02198950,0.28799479,0.04524267,0.12858525,0.13631239,0.65266952,0.80455651,0.77814053,0.64643107,0.16595975,0.22902457,0.39332086,0.14281855,0.40514508,0.27716079,0.48794629,0.99717134,1.10857939,1.02515336,0.78360314
438,0.08739802,0.01957150,0.01622614,0.00829767,0.02670823,-0.36306720,-0.32816652,-0.23700437,-0.97529523,-0.13559450,-1.09876523,-0.02145612,-1.02867358,0.09476795,-0.78151519,0.66005901,0.15978685,0.13395989,0.27312418,-0.02873927,0.28473452,0.04615457,0.13128614,0.13916283,0.66005901,0.80417067,0.78018265,0.64537131,0.15978685,0.22209421,0.38425295,0.13395989,0.39207935,0.27312418,0.49193479,1.00699693,1.11023845,1.03245350,0.79201615
439,0.09213934,0.01989081,0.01526295,0.00645208,0.02857234,-0.35256111,-0.32291159,-0.22957815,-0.96412271,-0.13174991,-1.08943430,-0.01801943,-1.02515507,0.09198931,-0.77415962,0.65358979,0.15897783,0.13066197,0.27406326,-0.02660684,0.28276747,0.04682007,0.13449640,0.14241278,0.65358979,0.79828851,0.77857073,0.63449127,0.15897783,0.22021021,0.37354072,0.13066197,0.38663829,0.27406326,0.48057011,0.99420732,1.10025283,1.02859039,0.78424841
440,0.09277219,0.02156344,0.01806563,0.00638399,0.02378901,-0.34950942,-0.34561096,-0.22068011,-0.96861287,-0.11702108,-1.08659483,-0.01014408,-1.02656639,0.10040478,-0.77791371,0.63683197,0.15713044,0.12285467,0.27215020,-0.01268267,0.29668661,0.04688474,0.13604718,0.14389932,0.63683197,0.77733344,0.76199009,0.62564032,0.15713044,0.21876528,0.37384454,0.12285467,0.37776760,0.27215020,0.49331193,0.99594050,1.09549117,1.03003240,0.78927445
441,0.08898391,0.01966585,0.01724589,0.01116044,0.02596134,-0.34705851,-0.37511192,-0.20661212,-0.98060727,-0.10632276,-1.10344458,0.00015158,-1.03568824,0.10875125,-0.76071848,0.62222844,0.15868060,0.12648121,0.29565458,-0.01154165,0.29108702,0.04764582,0.13857025,0.14653272,0.62222844,0.76785396,0.74748684,0.59878735,0.15868060,0.21443613,0.38483546,0.12648121,0.40478183,0.29565458,0.51309949,1.00490791,1.11145802,1.03947374,0.77390380
442,0.08517404,0.02237159,0.01668308,0.01107483,0.02642428,-0.33583582,-0.38685073,-0.18162405,-0.96986906,-0.08231870,-1.08919779,0.02210578,-1.01656062,0.11742749,-0.74478812,0.60355813,0.15526611,0.12771941,0.28807120,-0.00674518,0.29885759,0.04853093,0.14167855,0.14976001,0.60355813,0.74718490,0.72534697,0.57926923,0.15526611,0.20948381,0.37483821,0.12771941,0.39853362,0.28807120,0.51457441,0.98940743,1.09489923,1.02050016,0.75970443
443,0.08080740,0.02346192,0.01674814,0.00778477,0.02517931,-0.33314284,-0.41220157,-0.16148030,-0.98896447,-0.05597375,-1.09965162,0.05002482,-1.01581406,0.13778522,-0.74337065,0.60258042,0.15293213,0.13567201,0.28638720,-0.00934252,0.31963469,0.05004460,0.14306882,0.15156896,0.60258042,0.74198000,0.71640235,0.57833164,0.15293213,0.21367238,0.38786114,0.13567201,0.40612600,0.28638720,0.53198884,1.00503980,1.10394494,1.02115119,0.76274696
444,0.07831525,0.02417999,0.01582055,0.00390734,0.02451056,-0.31581146,-0.43433358,-0.13293536,-1.00449243,-0.02152887,-1.10923996,0.07948725,-1.01126561,0.16474113,-0.73754688,0.59969327,0.15310364,0.14087854,0.28678155,-0.01034276,0.29869219,0.05148282,0.14455478,0.15344890,0.59969327,0.73672364,0.70011090,0.56959522,0.15310364,0.21253278,0.39988931,0.14087854,0.41598772,0.28678155,0.53947188,1.01678693,1.11212877,1.01783679,0.76118918
445,0.08114816,0.02292383,0.01537828,0.00614723,0.02900365,-0.30058114,-0.44299658,-0.11572178,-1.01900043,0.00257259,-1.11294815,0.09746646,-1.00700735,0.18117231,-0.72026367,0.60638532,0.15120240,0.14238559,0.29881646,-0.00712145,0.31248816,0.05271868,0.14533544,0.15460158,0.60638532,0.73619597,0.69160559,0.55808614,0.15120240,0.21352543,0.42125523,0.14238559,0.43164061,0.29881646,0.53706688,1.02904970,1.11570061,1.01527872,0.74849130
446,0.07848862,0.02461152,0.01554494,0.00424165,0.02609280,-0.29392430,-0.45850772,-0.09824843,-1.01070412,0.01913034,-1.10230429,0.11640676,-0.99398100,0.19275815,-0.70944666,0.58707641,0.14902217,0.14573846,0.29473275,-0.00245080,0.30270339,0.05449882,0.14744053,0.15719043,0.58707641,0.71658104,0.67570317,0.54959775,0.14902217,0.21530583,0.41895621,0.14573846,0.42979161,0.29473275,0.54670343,1.01907322,1.10532422,1.00445733,0.74125083
447,0.07729303,0.02296070,0.01561978,0.00535638,0.02854141,-0.29458216,-0.48012212,-0.08808863,-1.02496249,0.03599915,-1.11375694,0.12529792,-1.00135814,0.19969444,-0.70309737,0.58445436,0.15265395,0.14385525,0.30759213,0.00062099,0.31407369,0.05535665,0.14796906,0.15798481,0.58445436,0.71587343,0.67122073,0.54570773,0.15265395,0.21474004,0.43204164,0.14385525,0.44254405,0.30759213,0.56478651,1.03240206,1.11737264,1.01331471,0.73805568
448,0.07511353,0.02553431,0.01655837,0.00404071,0.02453986,-0.28296456,-0.49233265,-0.06683607,-1.02457679,0.05283505,-1.10740153,0.14714671,-0.98740003,0.20806010,-0.69978905,0.57587154,0.14567337,0.15278095,0.29409488,0.00359920,0.30166337,0.05732361,0.14956009,0.16016934,0.57587154,0.70159444,0.65708873,0.53527958,0.14567337,0.21718899,0.42558822,0.15278095,0.43641529,0.29409488,0.56993880,1.03061208,1.11174838,1.00232108,0.73654269
449,0.07820603,0.02688003,0.01728693,0.00489923,0.02443942,-0.28051055,-0.50843715,-0.05129329,-1.02663018,0.06846022,-1.10459481,0.16132743,-0.98345753,0.21726303,-0.69006265,0.56787191,0.14295663,0.15300703,0.29874337,0.01355028,0.29895926,0.05759085,0.15045763,0.16110308,0.56787191,0.69159503,0.65023599,0.53225118,0.14295663,0.21705577,0.43076692,0.15300703,0.44075082,0.29874337,0.58240020,1.03119804,1.10946830,1.00054445,0.72965708
450,0.07401260,0.02477783,0.01600545,0.00703752,0.02555887,-0.27823206,-0.51756518,-0.04263510,-1.02588190,0.07960176,-1.10146975,0.17302274,-0.97756118,0.22308532,-0.68055161,0.56128647,0.14377590,0.15546965,0.30124516,0.01585117,0.29468970,0.05800057,0.15124823,0.16198794,0.56128647,0.68548078,0.64558417,0.52903468,0.14377590,0.22107265,0.43586184,0.15546965,0.44494625,0.30124516,0.58989488,1.03034434,1.10736494,0.99693987,0.72265623
451,0.08114987,0.02242787,0.01779393,0.01158352,0.02207029,-0.27767353,-0.52009964,-0.04344884,-1.02192827,0.07875922,-1.10441275,0.17004364,-0.97660184,0.22211673,-0.66826947,0.55466633,0.14746197,0.15769903,0.31272618,0.02136890,0.27670769,0.05945332,0.15185062,0.16307455,0.55466633,0.68526836,0.64118843,0.52386587,0.14746197,0.21889027,0.44275832,0.15769903,0.45946440,0.31272618,0.59183625,1.02618304,1.11048902,0.99626005,0.71177903
452,0.07756224,0.02286745,0.01628685,0.00720372,0.02125271,-0.28222184,-0.51958947,-0.04766427,-1.03616167,0.07706414,-1.11674765,0.16707183,-0.98774867,0.22411479,-0.67852945,0.56786709,0.14858432,0.15737682,0.31444208,0.01290592,0.26000106,0.05866965,0.15101533,0.16201160,0.56786709,0.69718542,0.64934079,0.53135527,0.14858432,0.22012591,0.44918573,0.15737682,0.46228388,0.31444208,0.59476973,1.04106274,1.12253804,1.00571229,0.72031755
453,0.07245032,0.02483824,0.01520838,0.00507177,0.02339508,-0.27673200,-0.47921757,-0.05880017,-1.00962268,0.06414135,-1.09310419,0.15410024,-0.97382841,0.21310575,-0.66538401,0.57411359,0.14926656,0.14939717,0.31405587,0.00380094,0.26651815,0.05760236,0.15297367,0.16345940,0.57411359,0.70231473,0.65607819,0.52429407,0.14926656,0.21637300,0.43881194,0.14939717,0.45292782,0.31405587,0.55750733,1.01584961,1.09802486,0.98928437,0.70378045
454,0.07226812,0.02674231,0.01710377,0.00454420,0.02074209,-0.27949573,-0.48419730,-0.06216095,-1.01926325,0.06318242,-1.10964218,0.15097409,-0.98437106,0.20670568,-0.68093051,0.57840012,0.15461306,0.15307237,0.30857453,0.00416826,0.31323222,0.05798422,0.15262545,0.16326879,0.57840012,0.71367201,0.66070048,0.52589693,0.15461306,0.21597276,0.43220397,0.15307237,0.45224594,0.30857453,0.56244747,1.02541823,1.11494140,1.00029446,0.71858644
455,0.07268408,0.02573331,0.01588712,0.00473230,0.02198026,-0.28824178,-0.47077375,-0.07770616,-1.01875487,0.04577250,-1.10637204,0.13642788,-0.98479553,0.19613087,-0.68383307,0.58776465,0.15159498,0.15168739,0.30688751,-0.00285661,0.30275995,0.05704301,0.15257227,0.16288708,0.58776465,0.71834751,0.66721897,0.53006566,0.15159498,0.21685547,0.43262231,0.15168739,0.44858879,0.30688751,0.55618533,1.02634188,1.11095260,0.99853332,0.71826033
456,0.07479349,0.02611074,0.01596380,0.00569837,0.02277094,-0.28958755,-0.47050178,-0.09274212,-1.01421865,0.02743600,-1.11421627,0.12613953,-0.98746842,0.18989701,-0.69579358,0.57927351,0.15638052,0.16078973,0.29867726,-0.00368879,0.31671806,0.05612429,0.15314586,0.16310607,0.57927351,0.71820806,0.66445308,0.53176062,0.15638052,0.22053391,0.42592535,0.16078973,0.44910849,0.29867726,0.55569587,1.02278646,1.11822533,1.00023772,0.72893361
457,0.07387004,0.02673250,0.01624224,0.00542946,0.02188108,-0.30444077,-0.44287786,-0.12004413,-0.98300566,0.00639672,-1.08005391,0.11667846,-0.96242229,0.18711458,-0.68314601,0.57138637,0.15960216,0.16137326,0.28810821,-0.00837727,0.29196376,0.05592811,0.15479614,0.16458979,0.57138637,0.70920803,0.66926806,0.54810377,0.15960216,0.23762194,0.42929115,0.16137326,0.43632366,0.28810821,0.54126808,0.99453888,1.08329086,0.97363068,0.71491688
458,0.07699686,0.02547763,0.01672945,0.00676386,0.02066009,-0.32572592,-0.42736201,-0.15548223,-0.99624415,-0.01417044,-1.09533071,0.11390763,-0.97032352,0.18755423,-0.68420185,0.59412031,0.17267546,0.17914055,0.29549213,-0.01183478,0.27071962,0.05628862,0.15500513,0.16490906,0.59412031,0.73718286,0.69896298,0.57457308,0.17267546,0.27064411,0.46378867,0.17914055,0.45813328,0.29549213,0.54218309,1.01244813,1.09879815,0.98148348,0.71631150
459,0.07913555,0.02376341,0.01508580,0.00827207,0.01846566,-0.33993436,-0.41067103,-0.17132519,-0.98706480,-0.03348774,-1.08857404,0.09438005,-0.97579165,0.18525526,-0.68815515,0.60114695,0.17140019,0.17068040,0.30165948,-0.01591934,0.24632686,0.05592799,0.15592801,0.16565472,0.60114695,0.74417203,0.71320936,0.59466377,0.17140019,0.26594544,0.46529448,0.17068040,0.45638514,0.30165948,0.53676546,1.00579948,1.09207511,0.98433752,0.71842661
460,0.08101738,0.02323268,0.01504915,0.01054797,0.02020759,-0.34521838,-0.39519157,-0.17595771,-0.96974954,-0.04668895,-1.08134922,0.07919453,-0.98020695,0.17740904,-0.68871610,0.59935305,0.17091384,0.16185361,0.30761465,-0.00705190,0.24487155,0.05442813,0.15633286,0.16553666,0.59935305,0.74842801,0.72320215,0.60012613,0.17091384,0.25539989,0.45156326,0.16185361,0.45232287,0.30761465,0.52798040,0.98880964,1.08481416,0.98697693,0.71657974
461,0.07931198,0.02299095,0.01442713,0.00897214,0.01862950,-0.34502703,-0.37450248,-0.18392676,-0.95835135,-0.05115850,-1.07060614,0.07241148,-0.97171052,0.17490894,-0.68920920,0.60604166,0.17421675,0.15851243,0.30054857,-0.00977525,0.24950237,0.05370735,0.15694494,0.16588006,0.60604166,0.75566085,0.72888365,0.60819768,0.17421675,0.25669688,0.44855721,0.15851243,0.44354771,0.30054857,0.51220086,0.97884024,1.07382575,0.97722668,0.71535531
462,0.07879435,0.02378223,0.01458265,0.00839215,0.01793072,-0.33989823,-0.37236797,-0.18542474,-0.94814121,-0.05872459,-1.06821986,0.06801638,-0.97140207,0.16748368,-0.69201240,0.59641680,0.17488770,0.15964383,0.29659911,-0.01373368,0.25350455,0.05368005,0.15770044,0.16658624,0.59641680,0.75055124,0.72488037,0.59997498,0.17488770,0.25453262,0.43605820,0.15964383,0.43912504,0.29659911,0.50823183,0.96961438,1.07223796,0.97696281,0.71682654
463,0.07761682,0.02366114,0.01496000,0.00745371,0.01744647,-0.34634139,-0.37434479,-0.19511599,-0.95535153,-0.06354403,-1.07401758,0.06462579,-0.97484566,0.16835131,-0.69689099,0.60057159,0.17779574,0.16214923,0.29669783,-0.01208454,0.24324149,0.05358016,0.15751981,0.16638306,0.60057159,0.75466371,0.72769273,0.60748835,0.17779574,0.26063909,0.44603247,0.16214923,0.44280817,0.29669783,0.51430382,0.97853602,1.07800940,0.97970387,0.72099355
464,0.08023489,0.02436328,0.01613397,0.00829300,0.01513436,-0.34134598,-0.37786640,-0.20017774,-0.95352204,-0.07217586,-1.07876838,0.05918576,-0.97720673,0.16366274,-0.70352074,0.59283558,0.17955964,0.16630525,0.29300991,-0.00180269,0.24983577,0.05380121,0.15853251,0.16741305,0.59283558,0.75081095,0.72090511,0.60107306,0.17955964,0.26046958,0.44145826,0.16630525,0.44346765,0.29300991,0.51272757,0.97696447,1.08278566,0.98137413,0.72610823
465,0.07813069,0.02259807,0.01550476,0.00976449,0.01384918,-0.34637496,-0.37101542,-0.20033589,-0.95796602,-0.07257553,-1.08066428,0.05723582,-0.98565296,0.16960240,-0.70246851,0.60506221,0.17724160,0.16136714,0.30471398,-0.00776865,0.26522293,0.05403458,0.15916998,0.16809170,0.60506221,0.76070337,0.73566338,0.61392013,0.17724160,0.25913990,0.44975721,0.16136714,0.44946141,0.30471398,0.51053532,0.98127037,1.08504946,0.99036878,0.72743740
466,0.07985080,0.02317838,0.01617941,0.00923335,0.01465858,-0.34536798,-0.38131985,-0.20067203,-0.97139072,-0.07548294,-1.09497618,0.05322118,-1.00595779,0.16532655,-0.71990671,0.60775549,0.17595494,0.15706625,0.30728942,-0.01344085,0.27103135,0.05496120,0.15841315,0.16767665,0.60775549,0.76307575,0.74140920,0.61353146,0.17595494,0.25641688,0.44434047,0.15706625,0.44613646,0.30728942,0.51803504,0.99483392,1.09996806,1.01102607,0.74432817
467,0.08114182,0.02311636,0.01579090,0.00966796,0.01575069,-0.34770538,-0.37561462,-0.20032917,-0.96474841,-0.07589491,-1.08660261,0.05064840,-0.99951458,0.16194950,-0.71065986,0.60749039,0.17425665,0.15419067,0.30963991,-0.01149318,0.26777181,0.05501678,0.15919638,0.16843495,0.60749039,0.76123827,0.74059279,0.61068087,0.17425665,0.25348697,0.44274700,0.15419067,0.44533564,0.30963991,0.51510482,0.98806921,1.09135796,1.00407869,0.73421044
468,0.08321876,0.02342217,0.01576726,0.01046354,0.01598119,-0.34485515,-0.37627950,-0.19933483,-0.95486127,-0.07871426,-1.07883269,0.04587033,-0.99385343,0.15863903,-0.70732793,0.59671675,0.17305425,0.15148662,0.30801849,-0.00636340,0.26436752,0.05501858,0.16039316,0.16956713,0.59671675,0.75130003,0.73108816,0.60325077,0.17305425,0.24844540,0.43554421,0.15148662,0.44141223,0.30801849,0.51370319,0.97794534,1.08361829,0.99802502,0.73005759
469,0.07993465,0.02209436,0.01602796,0.01024232,0.01507091,-0.34502267,-0.38400542,-0.19919592,-0.95804290,-0.07780657,-1.08714815,0.05132655,-0.99769132,0.16380657,-0.70615268,0.59240022,0.17721068,0.15787524,0.31254793,-0.00344538,0.27252286,0.05525370,0.16036922,0.16962092,0.59240022,0.75230348,0.73107882,0.60319913,0.17721068,0.25410847,0.44236973,0.15787524,0.45168432,0.31254793,0.51915034,0.98084459,1.09198745,1.00243006,0.73034904
470,0.07985949,0.02189275,0.01583658,0.01055065,0.01740640,-0.34791110,-0.38910135,-0.20039444,-0.96646672,-0.07886892,-1.09897769,0.05274426,-1.00729620,0.16369616,-0.71872266,0.59615901,0.17981203,0.16122269,0.30925203,-0.01096006,0.28088996,0.05519599,0.15920319,0.16850001,0.59615901,0.75939532,0.73753451,0.61010168,0.17981203,0.25707445,0.44113234,0.16122269,0.45164497,0.30925203,0.52497995,0.98974672,1.10439113,1.01284800,0.74375126
471,0.08372929,0.02201934,0.01594151,0.01010194,0.01664585,-0.35026960,-0.39659915,-0.20109329,-0.97323261,-0.07697304,-1.10239137,0.05504323,-1.01292104,0.16281608,-0.72672547,0.59588745,0.17913201,0.16030281,0.30588213,-0.01547361,0.27049539,0.05526344,0.15938304,0.16869203,0.59588745,0.75708683,0.73847586,0.61150888,0.17913201,0.25974449,0.44015847,0.16030281,0.44624699,0.30588213,0.53250085,0.99682841,1.10785539,1.01882391,0.75156874
472,0.08156071,0.02108969,0.01495863,0.00984602,0.01714908,-0.35299237,-0.39049538,-0.19517897,-0.97244136,-0.07452506,-1.09958338,0.05446125,-1.00633413,0.16603900,-0.72014918,0.60330178,0.17528055,0.15976612,0.30723117,-0.01449146,0.26803916,0.05581517,0.16036367,0.16979941,0.60330178,0.76205060,0.73917106,0.61613285,0.17528055,0.25226392,0.44102222,0.15976612,0.44971964,0.30723117,0.52950251,0.99485567,1.10476219,1.01185581,0.74534479
473,0.07857975,0.02167284,0.01498533,0.01107063,0.01798607,-0.35403760,-0.38509053,-0.19691136,-0.97500453,-0.07354765,-1.09851207,0.05064520,-1.00750012,0.16470848,-0.72251028,0.61070977,0.17461744,0.15438462,0.30700815,-0.01500246,0.25717123,0.05570186,0.16038028,0.16977789,0.61070977,0.76668037,0.74278097,0.61949144,0.17461744,0.24977804,0.44120799,0.15438462,0.44542876,0.30700815,0.52709151,0.99801710,1.10366919,1.01263952,0.74690339
474,0.07939945,0.02207825,0.01522755,0.01128206,0.01737242,-0.35327093,-0.38020835,-0.19077571,-0.96656857,-0.07058324,-1.08844945,0.05253501,-1.00426679,0.16472464,-0.72125974,0.60862344,0.17123237,0.14962906,0.30446338,-0.01379160,0.25586886,0.05509808,0.16069665,0.16987999,0.60862344,0.76263515,0.74471435,0.62073553,0.17123237,0.24633122,0.43208620,0.14962906,0.43642141,0.30446338,0.52328074,0.98853475,1.09341773,1.00953011,0.74563271
475,0.07783258,0.02288995,0.01556219,0.00852886,0.01470692,-0.34996352,-0.38019607,-0.19218076,-0.97027857,-0.06787092,-1.09136354,0.05608019,-0.99950126,0.16250949,-0.71705659,0.61094202,0.17364160,0.15468330,0.30190874,-0.01604477,0.26060763,0.05535352,0.16067095,0.16993871,0.61094202,0.76509952,0.74075704,0.61376034,0.17364160,0.25002649,0.43596837,0.15468330,0.43989126,0.30190874,0.52156824,0.99263148,1.09619738,1.00496916,0.74138369
476,0.08002501,0.02386129,0.01625358,0.00964437,0.01737548,-0.35130992,-0.36390455,-0.18983859,-0.95139746,-0.06671086,-1.07208456,0.05454069,-0.98305873,0.15802379,-0.71075500,0.60943956,0.17253471,0.15086069,0.29140873,-0.01118178,0.26830777,0.05524335,0.16103716,0.17024921,0.60943956,0.76326368,0.74055743,0.61679942,0.17253471,0.24647147,0.42317827,0.15086069,0.42595320,0.29140873,0.50967393,0.97317312,1.07644333,0.98794354,0.73357504
477,0.07860242,0.02336034,0.01580154,0.00862578,0.01748079,-0.34952372,-0.36928656,-0.19370067,-0.95362328,-0.06889304,-1.07588278,0.05593035,-0.98412952,0.16269170,-0.71277319,0.60492533,0.17482833,0.15532004,0.29172642,-0.00816801,0.26609912,0.05471669,0.15885195,0.16801148,0.60492533,0.76032533,0.73674250,0.61733993,0.17482833,0.25153388,0.43034964,0.15532004,0.43112242,0.29172642,0.51201871,0.97594410,1.08023640,0.98890166,0.73635578
478,0.07904047,0.02251486,0.01516798,0.00864948,0.01706490,-0.34994725,-0.36423047,-0.19854096,-0.95666822,-0.07321373,-1.07657966,0.05080919,-0.98849121,0.16086258,-0.72323729,0.61169177,0.17358603,0.15248635,0.28731713,-0.01122148,0.26468826,0.05416267,0.15820715,0.16722170,0.61169177,0.76427073,0.74209251,0.62501276,0.17358603,0.25140005,0.42874320,0.15248635,0.42428897,0.28731713,0.50828195,0.97977005,1.08108899,0.99275799,0.74583456
479,0.08035578,0.02200883,0.01501052,0.00911546,0.01579964,-0.34910760,-0.36022287,-0.20683959,-0.95594732,-0.07866664,-1.07588418,0.04477477,-0.98983367,0.15672268,-0.72357358,0.61265886,0.17563808,0.15092960,0.28891589,-0.01289223,0.26347251,0.05409411,0.15749178,0.16652277,0.61265886,0.76510776,0.74295426,0.62341083,0.17563808,0.25395108,0.43166130,0.15092960,0.42411328,0.28891589,0.50464245,0.98056715,1.08065269,0.99373400,0.74493016
480,0.07961879,0.02176488,0.01415447,0.00851038,0.01649816,-0.35326471,-0.35800238,-0.20694874,-0.96005224,-0.08198236,-1.08033965,0.04492990,-0.99157704,0.15844170,-0.72535584,0.61985288,0.17359049,0.15526195,0.28951815,-0.01707216,0.26390144,0.05420348,0.15658586,0.16570198,0.61985288,0.77168710,0.74865769,0.63065320,0.17359049,0.25387624,0.43443659,0.15526195,0.42915413,0.28951815,0.50601809,0.98490221,1.08553170,0.99567411,0.74743791
481,0.08226437,0.02294377,0.01539098,0.01002396,0.01741245,-0.35829745,-0.34952882,-0.20457231,-0.94358328,-0.08231362,-1.06876046,0.04058969,-0.98564732,0.15880565,-0.70476518,0.61381641,0.17501968,0.14918971,0.30487903,-0.00688749,0.27358478,0.05403325,0.15709401,0.16612682,0.61381641,0.77045049,0.75132904,0.62840889,0.17501968,0.24902023,0.43532494,0.14918971,0.43730914,0.30487903,0.50311346,0.96777108,1.07373290,0.98955457,0.72764747
482,0.08431808,0.02207216,0.01521580,0.01025461,0.01622443,-0.35673418,-0.35470657,-0.20723303,-0.95142833,-0.08468628,-1.07815052,0.04203629,-0.99394478,0.15998203,-0.71850408,0.61543812,0.17628628,0.15312452,0.29977212,-0.01277422,0.27661256,0.05406954,0.15658319,0.16565570,0.61543812,0.77310369,0.75422497,0.63346739,0.17628628,0.25340472,0.43561342,0.15312452,0.43578434,0.29977212,0.50557054,0.97614941,1.08359504,0.99846371,0.74211034
483,0.08586517,0.02245748,0.01508379,0.01395856,0.01731486,-0.35362464,-0.35458108,-0.20658567,-0.93737645,-0.08546283,-1.06433492,0.03632031,-0.98795037,0.15893108,-0.71946562,0.60118087,0.17547021,0.14506464,0.29530585,-0.00591444,0.26923013,0.05301422,0.15706971,0.16577515,0.60118087,0.75880867,0.74442143,0.63045231,0.17547021,0.24881629,0.42646762,0.14506464,0.42366763,0.29530585,0.50338270,0.96195544,1.06958932,0.99200947,0.74245140
484,0.08726789,0.02245053,0.01649961,0.01378803,0.01687700,-0.35224005,-0.36384204,-0.20361032,-0.93955793,-0.08337150,-1.06919049,0.04320312,-0.98757504,0.16034608,-0.72057842,0.59474515,0.17688724,0.15249260,0.29169172,-0.00494237,0.27807132,0.05356630,0.15720087,0.16607667,0.59474515,0.75508718,0.73975297,0.62660293,0.17688724,0.25312144,0.42642812,0.15249260,0.42659968,0.29169172,0.50881480,0.96342099,1.07459522,0.99279135,0.74502966
485,0.08201880,0.02337215,0.01564205,0.01096350,0.01922741,-0.35193097,-0.36925111,-0.19529713,-0.94293296,-0.07551866,-1.06576368,0.05348582,-0.98985213,0.17118797,-0.72755462,0.59477812,0.17156489,0.15097921,0.28765562,-0.00648488,0.27092029,0.05309206,0.15659582,0.16535120,0.59477812,0.74944008,0.74193686,0.63536101,0.17156489,0.25397681,0.42613298,0.15097921,0.41965499,0.28765562,0.51353868,0.96549348,1.07076573,0.99540460,0.75407449
486,0.07988120,0.02282848,0.01557974,0.00875637,0.02136374,-0.34286456,-0.39116894,-0.18477023,-0.96344878,-0.05917621,-1.07531523,0.06898934,-0.98013939,0.18454362,-0.71683178,0.59415784,0.16820225,0.16057838,0.28771621,-0.01535597,0.26585204,0.05426689,0.15650192,0.16564343,0.59415784,0.74092687,0.71970340,0.62171450,0.16820225,0.25476935,0.44479918,0.16057838,0.43433697,0.28771621,0.52307654,0.98410707,1.07962405,0.98699224,0.74736922
487,0.07935172,0.02331108,0.01560008,0.01134637,0.02209793,-0.34324826,-0.39938880,-0.17214710,-0.97006151,-0.04439705,-1.07495236,0.08185247,-0.97840101,0.19148586,-0.71206607,0.59641544,0.16529775,0.16004497,0.28811261,-0.01781088,0.26183089,0.05507681,0.15733987,0.16670120,0.59641544,0.73927533,0.71988320,0.62188059,0.16529775,0.25491299,0.44669467,0.16004497,0.43360652,0.28811261,0.52910361,0.98837239,1.07883841,0.98677624,0.74497351
488,0.07465747,0.02355759,0.01428022,0.00925081,0.02249406,-0.33153420,-0.40941428,-0.15871211,-0.98748047,-0.02922957,-1.08966169,0.09474388,-0.98007043,0.20353442,-0.70815815,0.60421316,0.16495183,0.16600801,0.29293040,-0.02387802,0.27290579,0.05607799,0.15721544,0.16691745,0.60421316,0.74503212,0.71366144,0.61487249,0.16495183,0.25384046,0.45778086,0.16600801,0.44732689,0.29293040,0.52941952,1.00374008,1.09322684,0.98936778,0.74394428
489,0.07298162,0.02211421,0.01405340,0.00980408,0.02305457,-0.33039203,-0.41883726,-0.15343991,-0.98378475,-0.01971566,-1.07918771,0.10664867,-0.96943801,0.21028584,-0.69176027,0.59257358,0.16426877,0.16821319,0.29648329,-0.01443063,0.27059702,0.05710335,0.15816481,0.16815737,0.59257358,0.73021842,0.70422531,0.60768184,0.16426877,0.26098973,0.46705448,0.16821319,0.45121340,0.29648329,0.53584882,0.99859824,1.08202112,0.97966745,0.72990942
490,0.07290063,0.02212258,0.01347626,0.00869880,0.02364829,-0.32488029,-0.43249240,-0.14163133,-0.99341766,-0.00814561,-1.08385006,0.11539758,-0.96747518,0.21710505,-0.68884504,0.59078862,0.16127316,0.17015540,0.29667401,-0.01422514,0.26719042,0.05704993,0.15785222,0.16784522,0.59078862,0.72471495,0.69384979,0.60110273,0.16127316,0.25847695,0.47081772,0.17015540,0.45507799,0.29667401,0.54342611,1.00669758,1.08661857,0.97840813,0.72849912
491,0.07187613,0.02217902,0.01446554,0.00877255,0.02211262,-0.32492624,-0.44138380,-0.13362252,-0.99583895,0.00130455,-1.08011565,0.12186284,-0.96325801,0.22154956,-0.67927309,0.58689720,0.15916252,0.16826660,0.30099044,-0.00730563,0.25074229,0.05788240,0.15827888,0.16853064,0.58689720,0.71739361,0.68752906,0.59676934,0.15916252,0.25762752,0.47586624,0.16826660,0.45758958,0.30099044,0.55156407,1.00815401,1.08290228,0.97498324,0.72038441
492,0.07269211,0.02140884,0.01486029,0.00794505,0.02012700,-0.32251234,-0.45899776,-0.12568619,-1.00663216,0.01381951,-1.08863424,0.13366713,-0.96792124,0.23101895,-0.68587342,0.58229412,0.16189328,0.17042662,0.29838358,-0.00348073,0.24516186,0.05753365,0.15717637,0.16737542,0.58229412,0.71400889,0.68395225,0.59889223,0.16189328,0.26228774,0.47977615,0.17042662,0.45776689,0.29838358,0.56462419,1.01797333,1.09164407,0.98127231,0.72961140
493,0.07183894,0.02174987,0.01609646,0.00850818,0.01928323,-0.31859326,-0.46618915,-0.11974578,-1.00943646,0.01925715,-1.08576036,0.14006906,-0.95785982,0.23495520,-0.67408531,0.57873077,0.15859931,0.17627726,0.29923062,0.00527726,0.24787869,0.05884546,0.15718829,0.16784203,0.57873077,0.70583619,0.67285085,0.59194469,0.15859931,0.26501687,0.48825917,0.17627726,0.46496190,0.29923062,0.56865430,1.01996291,1.08896554,0.97242524,0.72014397
494,0.07271950,0.02270216,0.01646110,0.00770140,0.01873236,-0.31084974,-0.46682981,-0.11103705,-1.00995092,0.02721994,-1.08895909,0.14500112,-0.96021596,0.23674924,-0.66131645,0.57890135,0.15928059,0.17480927,0.31267129,0.00519523,0.25017144,0.05972493,0.15698920,0.16796629,0.57890135,0.70814036,0.67209017,0.58160484,0.15928059,0.26091598,0.49252825,0.17480927,0.47638453,0.31267129,0.56524715,1.01960269,1.09235089,0.97546331,0.70871883
495,0.07525110,0.02064821,0.01626299,0.01002935,0.01921057,-0.31187954,-0.47707130,-0.10869371,-1.01725246,0.03365234,-1.08534075,0.15531894,-0.95287939,0.24476342,-0.66123337,0.57742253,0.15779266,0.18057238,0.30506172,0.01064480,0.25148743,0.06007662,0.15659896,0.16772726,0.57742253,0.69980918,0.66773786,0.58747969,0.15779266,0.27224057,0.50202352,0.18057238,0.47409791,0.30506172,0.57278205,1.02579092,1.08847461,0.96977314,0.71127115
496,0.07208876,0.02039023,0.01556015,0.00889249,0.01839910,-0.31027149,-0.48542367,-0.10407241,-1.01955979,0.03938428,-1.08009714,0.15942834,-0.94931617,0.24556245,-0.65340237,0.57285974,0.15572597,0.17800719,0.30820593,0.00460649,0.24210310,0.06102102,0.15672652,0.16818670,0.57285974,0.69004284,0.66081469,0.58154137,0.15572597,0.27291188,0.50645092,0.17800719,0.47415781,0.30820593,0.57926769,1.02790283,1.08352715,0.96678466,0.70410615
497,0.07156226,0.02037694,0.01622199,0.00950762,0.02022746,-0.31005668,-0.49715488,-0.10033332,-1.02954911,0.04503251,-1.09100057,0.16192048,-0.95437859,0.23931552,-0.65798058,0.57286335,0.15782448,0.18022183,0.30634400,-0.00517366,0.26212017,0.06138292,0.15575599,0.16741503,0.57286335,0.69249058,0.65838209,0.57402974,0.15782448,0.27314028,0.50365293,0.18022183,0.47482945,0.30634400,0.58927755,1.03834657,1.09572911,0.97353226,0.70808246
498,0.07145129,0.02015425,0.01613106,0.01079114,0.02006859,-0.31294307,-0.49793874,-0.10537724,-1.03566387,0.04236810,-1.10026642,0.15581878,-0.95693571,0.23552079,-0.64521685,0.57696430,0.16128233,0.18308000,0.32174827,-0.00237703,0.24598216,0.06074044,0.15588951,0.16730493,0.57696430,0.69967847,0.65687303,0.56888689,0.16128233,0.27289392,0.51838609,0.18308000,0.49447115,0.32174827,0.59198233,1.04517372,1.10475852,0.97470601,0.69427039
499,0.06894241,0.02195281,0.01652204,0.00849831,0.02130732,-0.30078361,-0.48980256,-0.10625621,-1.03550833,0.04325698,-1.10806975,0.15956712,-0.96832511,0.24460206,-0.64564086,0.57986714,0.16627361,0.18201650,0.33370232,-0.00241898,0.23590723,0.06127600,0.15585538,0.16746835,0.57986714,0.70781118,0.66459892,0.56785265,0.16627361,0.27420182,0.52450278,0.18201650,0.50441680,0.33370232,0.57918801,1.04536178,1.11261985,0.98639567,0.69737319
500,0.07187448,0.02213667,0.01600298,0.00858460,0.02272712,-0.30671144,-0.47462309,-0.10454822,-1.01502920,0.04447005,-1.07660086,0.15713598,-0.94428155,0.24117609,-0.62504172,0.57730520,0.16153822,0.17387208,0.33012421,0.00159269,0.22490825,0.06050034,0.15782655,0.16902518,0.57730520,0.69698993,0.66026880,0.56830039,0.16153822,0.27111512,0.52121054,0.17387208,0.49255342,0.33012421,0.56930814,1.02422015,1.08037707,0.96094194,0.67491920
501,0.07078149,0.02319310,0.01629698,0.00655700,0.02033856,-0.30429639,-0.49516008,-0.10394251,-1.03538769,0.04502195,-1.10014535,0.15789990,-0.96495331,0.24072171,-0.64368617,0.57653630,0.16260798,0.17613196,0.33179651,-0.00075777,0.24417995,0.06066227,0.15690965,0.16822767,0.57653630,0.69870518,0.65920025,0.56499138,0.16260798,0.27120680,0.52183965,0.17613196,0.49664643,0.33179651,0.58621526,1.04508185,1.10467295,0.98203377,0.69272553
502,0.07068981,0.02397289,0.01625428,0.00704359,0.01908151,-0.30822599,-0.49619544,-0.10492332,-1.03262329,0.04307299,-1.09596504,0.15506586,-0.96421346,0.23778156,-0.64368637,0.57385809,0.16140743,0.17292169,0.33106853,0.00032545,0.21593127,0.06034451,0.15862924,0.16971946,0.57385809,0.69508677,0.65855831,0.56557805,0.16140743,0.26905169,0.51862407,0.17292169,0.49242747,0.33106853,0.59006932,1.04260550,1.10024077,0.98054333,0.69115901
503,0.07354744,0.02353592,0.01658710,0.00748409,0.01842461,-0.30574365,-0.47976674,-0.11255827,-1.03420788,0.03431243,-1.10032173,0.15019850,-0.96655507,0.23847486,-0.65166461,0.58741231,0.16134303,0.17698347,0.32704946,-0.00172984,0.22848146,0.06012978,0.16015055,0.17106662,0.58741231,0.70767314,0.66702673,0.57074586,0.16134303,0.27148369,0.51935274,0.17698347,0.49293672,0.32704946,0.57456600,1.04497172,1.10445488,0.98222363,0.69920669
504,0.07347545,0.02500398,0.01646821,0.00851518,0.02101977,-0.30594383,-0.46211258,-0.11860264,-1.01801141,0.02920018,-1.09292393,0.14459289,-0.95774392,0.22655237,-0.65072344,0.58700865,0.16598220,0.17775189,0.31777325,-0.00980163,0.23993277,0.06111125,0.16125573,0.17244708,0.58700865,0.71441149,0.66995554,0.56512049,0.16598220,0.27009944,0.50405316,0.17775189,0.48425363,0.31777325,0.56005875,1.02997449,1.09722212,0.97325447,0.69569564
505,0.07738174,0.02581170,0.01624349,0.00718052,0.01772836,-0.30741028,-0.45011449,-0.13197636,-1.01111722,0.01294485,-1.09388728,0.13136938,-0.96337785,0.22211446,-0.65744334,0.58819717,0.16750860,0.17624636,0.31910943,-0.01116182,0.22668711,0.05972243,0.16196724,0.17262721,0.58819717,0.71911479,0.67532461,0.56875995,0.16750860,0.26790533,0.50059708,0.17624636,0.48398706,0.31910943,0.55064927,1.02458168,1.09730801,0.97626696,0.69956713
506,0.07814698,0.02404254,0.01478525,0.00743187,0.01855013,-0.31616484,-0.43970180,-0.13763919,-1.01118637,0.00191995,-1.10441658,0.12405365,-0.97955341,0.22045222,-0.67104691,0.59921286,0.16834706,0.17467203,0.32321992,-0.01897148,0.22840506,0.05905229,0.16120389,0.17167955,0.59921286,0.73698607,0.69670480,0.58453747,0.16834706,0.26384528,0.49398717,0.17467203,0.48536137,0.32321992,0.54719438,1.02565004,1.10803283,0.99157298,0.71237412
507,0.07734963,0.02348046,0.01507079,0.00942279,0.01952803,-0.31919858,-0.42735799,-0.14852302,-0.99689274,-0.01332550,-1.09161132,0.11009048,-0.98046553,0.21078506,-0.67564564,0.59494195,0.16545274,0.16615396,0.32103125,-0.01395244,0.22811212,0.05803832,0.16259626,0.17264411,0.59494195,0.73136492,0.70031366,0.58552034,0.16545274,0.25921489,0.48199294,0.16615396,0.47255241,0.32103125,0.53892450,1.01267575,1.09516263,0.99089096,0.71402682
508,0.07762960,0.02445659,0.01580553,0.01005561,0.01942287,-0.32116345,-0.41691271,-0.16197807,-0.98737765,-0.02594915,-1.08822161,0.09787356,-0.98606719,0.20038193,-0.68761586,0.59248759,0.16967042,0.16068017,0.31557524,-0.01037730,0.21882789,0.05773267,0.16301383,0.17293516,0.59248759,0.73337599,0.70689073,0.58781629,0.16967042,0.25987988,0.47027968,0.16068017,0.46022197,0.31557524,0.53229065,1.00519825,1.09189011,0.99523832,0.72252459
509,0.07996287,0.02373172,0.01535641,0.00994485,0.01728751,-0.32485588,-0.41397287,-0.17442301,-0.99465747,-0.03883449,-1.10053412,0.08201232,-1.00737888,0.19407568,-0.70834179,0.60040543,0.17226558,0.15287642,0.31937950,-0.01927131,0.22851611,0.05722807,0.16202978,0.17183917,0.60040543,0.74394481,0.71997015,0.59740631,0.17226558,0.25675105,0.46668415,0.15287642,0.45635693,0.31937950,0.53127622,1.01466360,1.10487872,1.01557854,0.74177221
510,0.07888389,0.02337276,0.01467853,0.01166577,0.02078933,-0.32663832,-0.39267421,-0.17879493,-0.97948072,-0.05046412,-1.09101045,0.07034376,-1.01264923,0.18574558,-0.71123665,0.60571401,0.17020572,0.14464031,0.32279406,-0.02550225,0.23422269,0.05737710,0.16218510,0.17203528,0.60571401,0.75118789,0.73687720,0.60449677,0.17020572,0.25140238,0.45273405,0.14464031,0.44764309,0.32279406,0.51582808,1.00050917,1.09591464,1.02040989,0.74319311
511,0.07997750,0.02225658,0.01442924,0.01152118,0.02037505,-0.32867129,-0.36878719,-0.19306063,-0.97063946,-0.06995821,-1.09202824,0.05343172,-1.01901216,0.17824814,-0.72089435,0.61741958,0.17311002,0.14409391,0.32324718,-0.02329276,0.22770538,0.05584250,0.16086934,0.17028603,0.61741958,0.76827729,0.75477619,0.61824690,0.17311002,0.25125554,0.44763302,0.14409391,0.44694490,0.32324718,0.49866938,0.99396061,1.09745745,1.02510708,0.74984391
512,0.08072303,0.02337765,0.01506266,0.01205950,0.01995883,-0.33805312,-0.35943866,-0.20950675,-0.96141671,-0.08349806,-1.08633793,0.03860194,-1.01826514,0.16788163,-0.73537907,0.61583805,0.17763296,0.14035837,0.31106853,-0.02264402,0.22428574,0.05602022,0.15955300,0.16910181,0.61583805,0.77025350,0.75924469,0.63094577,0.17763296,0.25457298,0.44000163,0.14035837,0.43205995,0.31106853,0.49831751,0.98794537,1.09248039,1.02319964,0.76060391
513,0.08143433,0.02285906,0.01430440,0.01262105,0.01795481,-0.34458755,-0.34554353,-0.22178655,-0.94197264,-0.10048746,-1.06844407,0.02484543,-1.00386351,0.16111951,-0.73155038,0.60909130,0.17541174,0.14170167,0.30452547,-0.01494606,0.21641447,0.05485792,0.15977652,0.16893173,0.60909130,0.76302262,0.75515796,0.63661582,0.17541174,0.25435852,0.43702097,0.14170167,0.42689490,0.30452547,0.49197684,0.97071254,1.07532637,1.00754545,0.75396539
514,0.08176114,0.02113229,0.01421731,0.01293449,0.01927018,-0.34808168,-0.33625690,-0.22976066,-0.93971942,-0.10925029,-1.06347950,0.01778577,-1.00596336,0.15552998,-0.73642954,0.61512338,0.17295773,0.14011282,0.30278523,-0.01470439,0.23743868,0.05354473,0.15885619,0.16763749,0.61512338,0.76545873,0.76337641,0.64380974,0.17295773,0.25630449,0.43581167,0.14011282,0.42132889,0.30278523,0.48682647,0.96972573,1.07067346,1.00869867,0.75687332
515,0.08529496,0.02250934,0.01565609,0.00986387,0.01753152,-0.35416665,-0.33819635,-0.23957345,-0.95223717,-0.11040410,-1.08263759,0.01861689,-1.00420635,0.15263350,-0.75169621,0.62477156,0.18377149,0.15120301,0.28595379,-0.01880488,0.23452568,0.05369962,0.15628891,0.16525699,0.62477156,0.78334282,0.76332979,0.65434901,0.18377149,0.26337086,0.44054167,0.15120301,0.42300612,0.28595379,0.49385156,0.98489390,1.09034213,1.00721287,0.77145071
516,0.08635437,0.02325712,0.01621266,0.00771477,0.01536301,-0.35036898,-0.33289440,-0.23140016,-0.94245118,-0.10728539,-1.07367464,0.02192209,-1.00236770,0.15803542,-0.74615700,0.62122322,0.18080925,0.14790855,0.29023543,-0.01907415,0.23570760,0.05350720,0.15559187,0.16453525,0.62122322,0.77966789,0.76619199,0.65562263,0.18080925,0.26031683,0.43621862,0.14790855,0.42188490,0.29023543,0.48718646,0.97339569,1.08113164,1.00559043,0.76748805
517,0.08432506,0.02338177,0.01567122,0.00941084,0.01622172,-0.35721101,-0.32938599,-0.23818237,-0.93567144,-0.11526088,-1.06854155,0.01759468,-0.99378023,0.15402630,-0.74563760,0.61812554,0.18120247,0.15269402,0.28322771,-0.01768623,0.23690980,0.05378121,0.15559280,0.16462545,0.61812554,0.77780863,0.76304652,0.65969722,0.18120247,0.26229494,0.43585967,0.15269402,0.42069268,0.28322771,0.48898564,0.96826924,1.07668295,0.99663872,0.76544564
518,0.08492146,0.02075707,0.01415053,0.00911889,0.01532123,-0.35515989,-0.31832565,-0.24343571,-0.93404421,-0.12072839,-1.06750327,0.00892617,-1.00641712,0.15197512,-0.74818343,0.62601732,0.18140967,0.14408008,0.29527181,-0.01868087,0.23726342,0.05366008,0.15518822,0.16420349,0.62601732,0.78507843,0.77890659,0.66557188,0.18140967,0.26266664,0.43715398,0.14408008,0.42043864,0.29527181,0.47945321,0.96753670,1.07599004,1.00923782,0.76774945
519,0.09178122,0.02534278,0.01741918,0.01099309,0.02043863,-0.35322799,-0.30041553,-0.24882629,-0.92394378,-0.12543379,-1.06191970,-0.00032353,-1.01177270,0.14439888,-0.75786797,0.63246035,0.18511418,0.13602324,0.29231657,-0.01956173,0.24408598,0.05337668,0.15482740,0.16376994,0.63246035,0.79500236,0.79481715,0.67713336,0.18511418,0.26406778,0.42744059,0.13602324,0.40724806,0.29231657,0.46680614,0.95953817,1.07156190,1.01558019,0.77719787
520,0.08889101,0.02378979,0.01675941,0.01047170,0.02214794,-0.35506141,-0.28850786,-0.26365615,-0.91588869,-0.13249148,-1.06455842,-0.00825117,-1.02213426,0.13753038,-0.77287538,0.63461231,0.19825959,0.13348770,0.28898913,-0.03397419,0.26818289,0.05340126,0.15379005,0.16279765,0.63461231,0.80781649,0.81313570,0.69375270,0.19825959,0.27768189,0.42741224,0.13348770,0.39907746,0.28898913,0.45926563,0.95550637,1.07493040,1.02632182,0.79184399
521,0.09042950,0.02364196,0.01628791,0.01129016,0.01857766,-0.36092292,-0.27139697,-0.27610255,-0.88923680,-0.16301092,-1.04682526,-0.02303628,-1.02961348,0.13435018,-0.78726587,0.62400755,0.19397889,0.14373199,0.28934198,-0.02364662,0.26829730,0.05328719,0.15285059,0.16187287,0.62400755,0.80063285,0.83167971,0.71817209,0.19397889,0.29091656,0.42525716,0.14373199,0.39698327,0.28934198,0.45281255,0.93273718,1.06097256,1.03335055,0.80481191
522,0.09597128,0.02376960,0.01535398,0.01010998,0.01529698,-0.36683850,-0.25086735,-0.30117370,-0.89348490,-0.18022406,-1.06220251,-0.04250886,-1.03604702,0.11374897,-0.81840872,0.64630075,0.20759265,0.14182290,0.26826842,-0.03449093,0.25665016,0.05388053,0.15150417,0.16079996,0.64630075,0.83276897,0.85056020,0.74575347,0.20759265,0.29609778,0.42308026,0.14182290,0.38352417,0.26826842,0.44640791,0.94498142,1.07919410,1.04031832,0.83202433
523,0.09961151,0.02207791,0.01577607,0.01013020,0.01723571,-0.37134043,-0.24434998,-0.31083853,-0.89003397,-0.19853587,-1.06180025,-0.05468118,-1.04366627,0.10331178,-0.83237680,0.64884456,0.20532101,0.14759298,0.26423599,-0.03765153,0.26659308,0.05384445,0.15049258,0.15983505,0.64884456,0.83595749,0.86149749,0.75887574,0.20532101,0.30062479,0.42096881,0.14759298,0.38148848,0.26423599,0.44568601,0.94423696,1.08183139,1.04870726,0.84489699
524,0.09914628,0.02320865,0.01525343,0.01229969,0.01794284,-0.37566163,-0.22897558,-0.30272437,-0.89560657,-0.20215504,-1.06644479,-0.05753669,-1.03289525,0.10332856,-0.81480980,0.67085074,0.19824337,0.14969329,0.27107715,-0.03297061,0.24359302,0.05422387,0.15107984,0.16051588,0.67085074,0.85545910,0.86540643,0.75803557,0.19824337,0.28171267,0.41486377,0.14969329,0.39661907,0.27107715,0.44234299,0.94754890,1.08736458,1.03789473,0.82631143
525,0.09820851,0.02013018,0.01595239,0.01368948,0.01535853,-0.37698353,-0.22902123,-0.30672689,-0.88239085,-0.20039307,-1.04802989,-0.06084106,-1.02288087,0.10128525,-0.81885686,0.65743640,0.19683354,0.14331356,0.26076741,-0.03021905,0.24432255,0.05336262,0.15116939,0.16031143,0.65743640,0.83805358,0.85543503,0.76098789,0.19683354,0.28391469,0.41399470,0.14331356,0.38005563,0.26076741,0.44258038,0.93586225,1.06846119,1.02752687,0.82954080
526,0.09843150,0.02194975,0.01547715,0.01215756,0.01587676,-0.36939362,-0.22841944,-0.30591184,-0.87214245,-0.19389698,-1.04584721,-0.05226403,-1.01282476,0.10332345,-0.81299016,0.64701080,0.20669207,0.14659435,0.25342277,-0.02639079,0.25544569,0.05263744,0.15066746,0.15959757,0.64701080,0.83619989,0.84677030,0.75301951,0.20669207,0.29069734,0.41446508,0.14659435,0.37857223,0.25342277,0.43579988,0.92562121,1.06491861,1.01658481,0.82333198
527,0.09762628,0.02192312,0.01524825,0.01212310,0.01675738,-0.36719314,-0.22338099,-0.29956775,-0.87223113,-0.18645284,-1.04107890,-0.04788377,-1.01245258,0.10769742,-0.80609602,0.65244321,0.20325552,0.14306050,0.25859168,-0.01972260,0.26598064,0.05208883,0.14948361,0.15829907,0.65244321,0.83753555,0.85191273,0.75295159,0.20325552,0.28910532,0.41391647,0.14306050,0.37768782,0.25859168,0.43146000,0.92348428,1.05886201,1.01613037,0.81727194
528,0.09648813,0.02103974,0.01602684,0.01140332,0.01535939,-0.37082602,-0.22256863,-0.30094884,-0.87730899,-0.18328618,-1.04208967,-0.04455594,-1.01192109,0.11148287,-0.80827202,0.65855183,0.20253655,0.14363894,0.25668626,-0.01627694,0.27027031,0.05213556,0.14730566,0.15625964,0.65855183,0.84085721,0.85496019,0.76011978,0.20253655,0.29081051,0.41962155,0.14363894,0.37743709,0.25668626,0.43381627,0.92858094,1.05925884,1.01543332,0.81982037
529,0.10025847,0.02085055,0.01512068,0.01160357,0.01621422,-0.38131138,-0.22838966,-0.30008448,-0.88615521,-0.18101328,-1.04721525,-0.04035785,-1.01477516,0.11679283,-0.81262862,0.66294528,0.20032840,0.14618581,0.25626059,-0.01481866,0.26218160,0.05185810,0.14446184,0.15348774,0.66294528,0.84318693,0.85816279,0.76956641,0.20032840,0.29106007,0.42494520,0.14618581,0.38058881,0.25626059,0.44555662,0.93674535,1.06393004,1.01822082,0.82524515
530,0.10229269,0.02158521,0.01559224,0.01304392,0.01764332,-0.38127952,-0.21260680,-0.29653071,-0.86659313,-0.17735262,-1.04353849,-0.04186235,-1.00273561,0.11298253,-0.80405911,0.65985712,0.21334659,0.14379384,0.25211019,-0.00836178,0.25599732,0.05112253,0.14338653,0.15222749,0.65985712,0.85595374,0.86143011,0.77319902,0.21334659,0.29008080,0.41599935,0.14379384,0.37808260,0.25211019,0.43703351,0.91695963,1.05948032,1.00612418,0.81604789
531,0.10401132,0.02570911,0.01808798,0.01363881,0.01927983,-0.37676343,-0.20015691,-0.29616133,-0.85603694,-0.17136657,-1.02860180,-0.03871048,-1.00358392,0.11765677,-0.80410005,0.66121222,0.21302153,0.13850061,0.25378714,-0.00586515,0.27035970,0.05086975,0.14199587,0.15083289,0.66121222,0.85398711,0.87364420,0.78380446,0.21302153,0.29891528,0.41991311,0.13850061,0.36857756,0.25378714,0.42682939,0.90653456,1.04358689,1.00690914,0.81707488
532,0.09988702,0.02292416,0.01727396,0.01265310,0.01778055,-0.37559559,-0.20487982,-0.30311065,-0.85482443,-0.18002029,-1.03865214,-0.04365278,-1.02104073,0.11976051,-0.81396697,0.65442070,0.22133162,0.14122366,0.26403815,-0.01109239,0.27825602,0.05128308,0.14055886,0.14962201,0.65442070,0.85695638,0.88333169,0.78861869,0.22133162,0.31057116,0.42781420,0.14122366,0.37717999,0.26403815,0.42799836,0.90767914,1.05498992,1.02469407,0.82722724
533,0.10202907,0.02204629,0.01648403,0.01293248,0.01698639,-0.38213874,-0.19448277,-0.30958805,-0.86152767,-0.18867067,-1.04700625,-0.05076044,-1.02965604,0.11377797,-0.82177142,0.67157843,0.22142893,0.14222390,0.26538197,-0.01578114,0.26827159,0.05163147,0.13827079,0.14759614,0.67157843,0.87475350,0.90059688,0.80296574,0.22142893,0.31038398,0.42756421,0.14222390,0.37942252,0.26538197,0.42892951,0.91632208,1.06471317,1.03345232,0.83387971
534,0.10652702,0.02168562,0.01643324,0.01238353,0.01581124,-0.38950197,-0.18722130,-0.32234415,-0.85915965,-0.20513450,-1.04436639,-0.05962582,-1.03895290,0.10551322,-0.84050173,0.67564186,0.21920881,0.14843792,0.25829979,-0.01855650,0.25701248,0.05178549,0.13628659,0.14579359,0.67564186,0.87712017,0.91499662,0.82201621,0.21920881,0.31999688,0.43017374,0.14843792,0.37339608,0.25829979,0.43269112,0.91866099,1.06535530,1.04341577,0.85123492
535,0.10714677,0.02200504,0.01691121,0.01208352,0.01750898,-0.39212457,-0.16714378,-0.33316149,-0.84655625,-0.21456185,-1.03979811,-0.07302821,-1.02523655,0.09482357,-0.84636143,0.68217281,0.22674792,0.14442250,0.24539998,-0.01534126,0.26088582,0.05207782,0.13461594,0.14433832,0.68217281,0.89074502,0.91656368,0.83730303,0.22674792,0.31676657,0.42936629,0.14442250,0.36627093,0.24539998,0.42682686,0.91057988,1.06250642,1.02995406,0.85479353
536,0.11098267,0.02306802,0.01717028,0.01088377,0.01489161,-0.40244078,-0.16244836,-0.34036985,-0.85097646,-0.22906279,-1.05248058,-0.08023464,-1.05774865,0.09039104,-0.86259053,0.69168839,0.23053788,0.15310492,0.25949415,-0.01372972,0.28120447,0.05116222,0.13190801,0.14148249,0.69168839,0.90743699,0.95412547,0.86014498,0.23053788,0.33574835,0.43503321,0.15310492,0.37462415,0.25949415,0.43406638,0.91703471,1.07798055,1.06369819,0.87200801
537,0.11089002,0.02214725,0.01775920,0.01053594,0.01469494,-0.40330181,-0.17149068,-0.34371295,-0.83956048,-0.21636961,-1.04653514,-0.07147434,-1.03427161,0.10050142,-0.85988033,0.67099897,0.24318896,0.14858809,0.24522201,-0.01016424,0.27597766,0.05073557,0.13032452,0.13985199,0.67099897,0.89524387,0.92627935,0.85601662,0.24318896,0.33706446,0.44769778,0.14858809,0.37022216,0.24522201,0.43844594,0.90777368,1.06948220,1.03925430,0.86983297
538,0.11202111,0.02204714,0.01697892,0.01227848,0.01865471,-0.40712690,-0.17045226,-0.34125491,-0.84147704,-0.21184886,-1.04167142,-0.06249741,-1.03883220,0.10633703,-0.86228778,0.67442515,0.23849594,0.15270961,0.24469008,0.00396162,0.27154928,0.05074933,0.12877272,0.13841210,0.67442515,0.89312930,0.93586049,0.86429672,0.23849594,0.34379502,0.45124579,0.15270961,0.36813728,0.24469008,0.44147436,0.90838565,1.06349345,1.04269279,0.87235128
539,0.11226848,0.02348469,0.01769874,0.01142514,0.01621055,-0.40413769,-0.17316256,-0.33745545,-0.85426440,-0.20599882,-1.04735005,-0.05159580,-1.03995703,0.12005574,-0.85422545,0.68468901,0.23368132,0.15775915,0.25318503,0.00974825,0.26083487,0.05057012,0.12777920,0.13742220,0.68468901,0.89679544,0.93763003,0.86239000,0.23368132,0.34300555,0.46024318,0.15775915,0.38143858,0.25318503,0.43967480,0.91877534,1.06781272,1.04299839,0.86566445
540,0.11276631,0.02304739,0.01762920,0.01240105,0.01513706,-0.40295263,-0.19305687,-0.33075681,-0.85492509,-0.20090313,-1.05017831,-0.04602422,-1.03866400,0.12568336,-0.84779527,0.66606611,0.23480671,0.15857522,0.25695855,0.01007001,0.26194908,0.05020882,0.12848763,0.13794926,0.66606611,0.88116716,0.92002692,0.84474764,0.23480671,0.34174181,0.45978038,0.15857522,0.38657342,0.25695855,0.44682900,0.91696126,1.06979531,1.04184226,0.86057420
541,0.11161981,0.02187700,0.01749204,0.01126804,0.01450705,-0.40544360,-0.21115535,-0.32325594,-0.86921720,-0.19579626,-1.05373162,-0.04110467,-1.03448191,0.13468708,-0.83954819,0.66348029,0.22486869,0.15906496,0.26265307,0.00429728,0.25708893,0.05051167,0.12806987,0.13767106,0.66348029,0.86904227,0.90292995,0.83224697,0.22486869,0.33052422,0.46248127,0.15906496,0.39593283,0.26265307,0.45719185,0.92778568,1.07267120,1.03805916,0.85450796
542,0.11469680,0.02126560,0.01770716,0.01350135,0.01596991,-0.40025153,-0.21257593,-0.30909910,-0.87468650,-0.17674080,-1.04862695,-0.02343974,-1.02725256,0.13890422,-0.83879129,0.66856362,0.21915040,0.15774761,0.24881064,0.00904805,0.25262212,0.05041365,0.12918333,0.13867180,0.66856362,0.86602531,0.89980884,0.82919761,0.21915040,0.32714641,0.45245183,0.15774761,0.38075578,0.24881064,0.45322518,0.92794448,1.06407458,1.02975677,0.85339678
543,0.10350209,0.02023172,0.01778244,0.01799736,0.02178564,-0.39524900,-0.22327232,-0.27944453,-0.88589967,-0.14888842,-1.04417155,0.00025390,-1.00989196,0.16282263,-0.81773565,0.67291041,0.20567600,0.15588067,0.25192851,0.01066348,0.26256430,0.05003463,0.13047715,0.13974173,0.67291041,0.85768141,0.88263404,0.81861376,0.20567600,0.30910927,0.45083476,0.15588067,0.38738850,0.25192851,0.45397638,0.92920502,1.05538526,1.01209652,0.83738265
544,0.09893148,0.02063535,0.01709818,0.01536670,0.02127910,-0.39249244,-0.26980504,-0.25981244,-0.91655389,-0.12288802,-1.07566139,0.04034679,-1.03913894,0.18518023,-0.81380810,0.66066738,0.21057897,0.16970447,0.26795055,0.01003810,0.25025282,0.05032865,0.13003858,0.13943818,0.66066738,0.85075233,0.88548665,0.79718746,0.21057897,0.32738539,0.45967506,0.16970447,0.40587171,0.26795055,0.47635524,0.95322688,1.08378528,1.04284682,0.83891698
545,0.09390907,0.02091790,0.01817859,0.01811675,0.02221501,-0.37669565,-0.28377726,-0.23485209,-0.92068254,-0.09702821,-1.06281109,0.05718951,-1.01187706,0.20407364,-0.78442032,0.65281182,0.19893340,0.16587838,0.27095569,0.02682785,0.25914510,0.05056210,0.13165934,0.14103442,0.65281182,0.82864660,0.85072087,0.77128674,0.19893340,0.31053887,0.46395139,0.16587838,0.41243233,0.27095569,0.47162809,0.95033281,1.06788474,1.01598281,0.81460564
546,0.09815063,0.02025908,0.01756155,0.01585266,0.02025217,-0.36818601,-0.29780500,-0.21467449,-0.93466071,-0.07260919,-1.06989393,0.07234772,-1.01266796,0.21380191,-0.76967413,0.65537572,0.19685634,0.15955790,0.28122261,0.02607193,0.24810448,0.05103067,0.13235547,0.14185239,0.65537572,0.82751305,0.84262724,0.75306204,0.19685634,0.30177692,0.46261509,0.15955790,0.41682828,0.28122261,0.47355266,0.95922658,1.07301958,1.01779796,0.80257234
547,0.10007076,0.02181812,0.01692306,0.01400831,0.01703977,-0.35949631,-0.31441643,-0.21695023,-0.93824031,-0.06894526,-1.08297923,0.08539942,-1.02244532,0.21662764,-0.77426936,0.64017138,0.20773519,0.16897950,0.28080585,0.02543919,0.25226990,0.05082125,0.13229250,0.14171840,0.64017138,0.82243106,0.83900555,0.74093222,0.20773519,0.31780869,0.46695054,0.16897950,0.42234224,0.28080585,0.47769090,0.96340935,1.08612487,1.02897886,0.80842826
548,0.10064506,0.02475322,0.01725556,0.01435115,0.01682575,-0.36070614,-0.31772613,-0.20857739,-0.92933563,-0.06663479,-1.08883050,0.08310536,-1.01224948,0.22299536,-0.76880337,0.63069978,0.21399481,0.17055817,0.28082962,0.03074857,0.25483105,0.05059024,0.13180598,0.14118141,0.63069978,0.82616568,0.82690852,0.74120555,0.21399481,0.30623648,0.46298125,0.17055817,0.43295165,0.28082962,0.48074999,0.95298479,1.09184529,1.01838675,0.80448054
549,0.10278299,0.02414308,0.01817861,0.01362556,0.01461851,-0.35703774,-0.31292774,-0.21134712,-0.92979205,-0.06018958,-1.08867195,0.08592625,-1.01406984,0.22547951,-0.76916782,0.63417736,0.21992386,0.16732970,0.28196507,0.04085374,0.25809381,0.05027360,0.13148764,0.14077085,0.63417736,0.83144290,0.83232434,0.74397324,0.21992386,0.31293016,0.46886697,0.16732970,0.43046662,0.28196507,0.47476769,0.95378654,1.09105203,1.02028180,0.80548967
550,0.10663595,0.02565501,0.01901141,0.01256144,0.01283504,-0.36128981,-0.30143217,-0.21067687,-0.92787115,-0.05848850,-1.08971444,0.09048512,-1.01466534,0.23089238,-0.77156725,0.64473042,0.22277923,0.17018515,0.28080943,0.03632602,0.26174760,0.05034148,0.13154794,0.14085143,0.64473042,0.84540659,0.84752674,0.76040939,0.22277923,0.31743655,0.47186035,0.17018515,0.43195147,0.28080943,0.47052761,0.95184193,1.09211275,1.02154477,0.80962459
551,0.10370238,0.02636032,0.01909261,0.01300203,0.01168231,-0.35923240,-0.29996541,-0.21313537,-0.92035860,-0.06203405,-1.08375522,0.09108983,-1.01497199,0.23217984,-0.77223723,0.63787870,0.22333324,0.17146409,0.28084815,0.03267295,0.26895436,0.05023050,0.13223240,0.14145144,0.63787870,0.83941300,0.84870667,0.76173977,0.22333324,0.32307549,0.47320102,0.17146409,0.43054185,0.28084815,0.46800433,0.94508901,1.08647096,1.02220097,0.81108586
552,0.10311471,0.02505369,0.01838595,0.01377187,0.01316985,-0.35868719,-0.28557298,-0.21880524,-0.92194253,-0.07340446,-1.07033813,0.08425587,-1.00161814,0.22449429,-0.76496219,0.65208416,0.20877598,0.17545910,0.27523058,0.04179109,0.26884459,0.05012209,0.13292912,0.14206469,0.65208416,0.83631530,0.84590242,0.76031124,0.20877598,0.31820990,0.47464052,0.17545910,0.42883729,0.27523058,0.45852863,0.94775742,1.07361141,1.00795766,0.80163572
553,0.10618156,0.02376975,0.01787714,0.01380925,0.01836418,-0.35474127,-0.28662476,-0.21850015,-0.91028157,-0.07502661,-1.05618737,0.07507253,-1.01292045,0.20748360,-0.77092573,0.63888484,0.20555412,0.16061180,0.27605014,0.03506434,0.26845237,0.04953318,0.13240488,0.14136685,0.63888484,0.82006991,0.84797818,0.74786650,0.20555412,0.31614541,0.45322105,0.16061180,0.40431642,0.27605014,0.45607157,0.93642804,1.05971228,1.01885312,0.80348015
554,0.10309111,0.02241227,0.01751825,0.01574095,0.01967668,-0.36999742,-0.25806200,-0.22920369,-0.90288493,-0.08894533,-1.05681019,0.06682833,-1.02767082,0.20504721,-0.79253590,0.66032143,0.20877131,0.16266232,0.27305109,0.01906962,0.25948952,0.04977311,0.13148490,0.14059033,0.66032143,0.84747326,0.88783133,0.78959940,0.20877131,0.32535971,0.45264375,0.16266232,0.39839702,0.27305109,0.45112088,0.93183539,1.06126167,1.03261401,0.82339343
555,0.10169728,0.02240353,0.01725282,0.01222239,0.01636612,-0.37742735,-0.24674544,-0.23931117,-0.91131315,-0.10634143,-1.06929785,0.04820135,-1.05231595,0.19066083,-0.82531701,0.67912640,0.20724496,0.15975925,0.26828284,0.01865646,0.26574513,0.04907788,0.13046796,0.13939342,0.67912640,0.86697969,0.91430024,0.81569014,0.20724496,0.32481054,0.44353484,0.15975925,0.38748981,0.26828284,0.45092702,0.94248511,1.07532988,1.05623746,0.85176385
556,0.10239665,0.02342348,0.01735770,0.01043843,0.01780990,-0.36414499,-0.24849086,-0.24366853,-0.90617198,-0.11038969,-1.08348765,0.04998766,-1.06452555,0.19125307,-0.83133421,0.66938424,0.22256300,0.16595173,0.27282461,0.01396671,0.27733191,0.04903093,0.12848473,0.13752221,0.66938424,0.87413749,0.91935147,0.81106027,0.22256300,0.33836068,0.44627065,0.16595173,0.39609243,0.27282461,0.44086129,0.93880360,1.09010957,1.06909793,0.85833964
557,0.10214849,0.02214657,0.01597256,0.00976037,0.01338894,-0.37265304,-0.24300738,-0.24734702,-0.90767031,-0.10798584,-1.08687066,0.04487009,-1.05178155,0.18818623,-0.83393210,0.67720350,0.22734868,0.16064301,0.26109650,0.01333561,0.25823224,0.04926449,0.12774045,0.13691097,0.67720350,0.88558668,0.91375957,0.82009015,0.22734868,0.32921554,0.44583213,0.16064301,0.39242275,0.26109650,0.44492078,0.94118346,1.09296551,1.05541314,0.85944611
558,0.10204961,0.02411738,0.01813513,0.01262036,0.01594649,-0.37668848,-0.24471266,-0.25181530,-0.89368681,-0.11112119,-1.07750649,0.04256549,-1.04188340,0.18558179,-0.82969217,0.66146109,0.23224120,0.16283926,0.25655803,0.02961493,0.27323846,0.04836199,0.12718182,0.13606652,0.66146109,0.87534765,0.90487416,0.81820058,0.23224120,0.33483526,0.44881716,0.16283926,0.39103825,0.25655803,0.44946649,0.92856664,1.08366332,1.04518739,0.85492614
559,0.10888499,0.02422517,0.01908935,0.01317329,0.01586282,-0.36911725,-0.23424162,-0.24851361,-0.89574937,-0.10922937,-1.07471889,0.04921256,-1.06031352,0.19067913,-0.83790576,0.67301795,0.22814214,0.16492013,0.26381645,0.03679387,0.29247044,0.04764655,0.12530930,0.13406198,0.67301795,0.88136162,0.93100945,0.83031300,0.22814214,0.34697153,0.45003106,0.16492013,0.38599247,0.26381645,0.43755853,0.92963856,1.08082120,1.06434714,0.86396746
560,0.11170454,0.02455339,0.02115131,0.01595729,0.01842061,-0.38911566,-0.22797244,-0.25007559,-0.88957251,-0.11497591,-1.06645708,0.04086060,-1.04526812,0.18393053,-0.82476746,0.67620633,0.22392107,0.16272026,0.26297253,0.03981988,0.27645296,0.04755548,0.12458239,0.13335027,0.67620633,0.88302045,0.92701870,0.83212037,0.22392107,0.33656536,0.44506832,0.16272026,0.38760960,0.26297253,0.45103265,0.92408512,1.07311443,1.04866416,0.84898043
561,0.11150838,0.02483667,0.02119644,0.01445416,0.01733897,-0.37802087,-0.20907907,-0.26336294,-0.88698285,-0.12029971,-1.06410758,0.03855910,-1.05595564,0.18454757,-0.84362969,0.68765762,0.22830444,0.16351568,0.25775633,0.02608611,0.26117257,0.04759978,0.12441616,0.13321081,0.68765762,0.89352782,0.94622503,0.85128016,0.22830444,0.35028539,0.45415671,0.16351568,0.37883974,0.25775633,0.43203790,0.92546578,1.07150851,1.05927520,0.86736794
562,0.11107840,0.02460968,0.02120807,0.01508462,0.01856700,-0.37997848,-0.19889707,-0.26001705,-0.88953899,-0.12110391,-1.07004167,0.03450630,-1.06529642,0.18177158,-0.84810693,0.70109034,0.22853645,0.16118978,0.26250260,0.02649520,0.26474353,0.04745667,0.12414572,0.13290709,0.70109034,0.90932405,0.96319375,0.86220903,0.22853645,0.34827506,0.44883562,0.16118978,0.37864161,0.26250260,0.42888667,0.92683979,1.07731075,1.06831698,0.87100360
563,0.11257394,0.02501073,0.02084267,0.01435747,0.01796018,-0.38829947,-0.19895220,-0.26127506,-0.88306004,-0.13332322,-1.07340016,0.02474452,-1.06733075,0.17438701,-0.85091804,0.69595662,0.23025469,0.16425628,0.26328916,0.03147467,0.27313298,0.04720495,0.12391020,0.13259730,0.69595662,0.91154049,0.96487674,0.86579889,0.23025469,0.34632693,0.44312569,0.16425628,0.38352690,0.26328916,0.43635001,0.92093789,1.08202579,1.07009867,0.87251425
564,0.11625538,0.02537906,0.02205027,0.01528075,0.01707686,-0.38635250,-0.18876564,-0.26598373,-0.88121849,-0.13697856,-1.07525222,0.02205610,-1.07427169,0.17137945,-0.86436061,0.70294140,0.23440305,0.16575702,0.25783211,0.04038381,0.28621577,0.04697105,0.12332400,0.13196624,0.70294140,0.92166484,0.97879637,0.88122790,0.23440305,0.35420402,0.44550807,0.16575702,0.37798335,0.25783211,0.43025809,0.92048951,1.08418207,1.07674512,0.88484305
565,0.12153440,0.02615113,0.02201591,0.01549264,0.01616153,-0.38129044,-0.17904947,-0.26844362,-0.88000153,-0.13608699,-1.06410396,0.01812807,-1.07452697,0.16765994,-0.86973473,0.71023719,0.22860250,0.16191324,0.25380702,0.03982546,0.29134914,0.04683413,0.12295910,0.13157650,0.71023719,0.91966279,0.98525732,0.88877903,0.22860250,0.35488361,0.44505220,0.16191324,0.36542319,0.25380702,0.42182788,0.92004040,1.07308565,1.07723946,0.88982560
566,0.12231919,0.02486991,0.02169647,0.01462398,0.01665187,-0.38025214,-0.18055618,-0.27209222,-0.88063881,-0.13879041,-1.06691954,0.01418461,-1.07522738,0.16679065,-0.88167187,0.70860075,0.23075002,0.16083618,0.24679169,0.03865102,0.28865466,0.04679238,0.12228936,0.13093592,0.70860075,0.91977511,0.98228480,0.89564214,0.23075002,0.35457070,0.44786118,0.16083618,0.36257791,0.24679169,0.42135369,0.92171608,1.07623707,1.07797112,0.90160883
567,0.12357012,0.02500170,0.02198075,0.01523774,0.01553585,-0.38113806,-0.16611841,-0.27445295,-0.86908339,-0.13899275,-1.05876722,0.01302222,-1.06590759,0.16183942,-0.87545267,0.71120595,0.23474646,0.15971803,0.24201726,0.04032215,0.29429405,0.04679518,0.12249823,0.13113201,0.71120595,0.92597246,0.98671380,0.89947121,0.23474646,0.35666563,0.44526384,0.15971803,0.35749892,0.24201726,0.41629494,0.91140021,1.06810785,1.06840757,0.89426212
568,0.12578688,0.02474046,0.02143367,0.01497572,0.01684262,-0.38192182,-0.16455492,-0.27530547,-0.87511660,-0.14660814,-1.06137996,0.00811496,-1.07665747,0.16210808,-0.88908114,0.71876317,0.22855282,0.16318062,0.24309547,0.04053581,0.29986341,0.04670788,0.12166316,0.13032095,0.71876317,0.92853796,0.99699554,0.91314839,0.22855282,0.35704598,0.44780086,0.16318062,0.35921331,0.24309547,0.41662513,0.91742145,1.07174858,1.07926409,0.90806654
569,0.12612086,0.02503324,0.02050527,0.01230369,0.01610747,-0.38029694,-0.16607899,-0.27520488,-0.87444570,-0.14972807,-1.07234035,0.00539562,-1.09269362,0.16280252,-0.90780137,0.71648221,0.23602428,0.16332934,0.24311433,0.03684071,0.30298627,0.04715145,0.12026925,0.12918186,0.71648221,0.93652589,1.00845020,0.92584503,0.23602428,0.36334864,0.44783272,0.16332934,0.35806332,0.24311433,0.41560365,0.91672952,1.08311302,1.09529171,0.92639160
570,0.12533214,0.02510069,0.02037875,0.01323089,0.01628675,-0.37620731,-0.16005432,-0.27702576,-0.87255893,-0.15604974,-1.06904453,-0.00006218,-1.08866965,0.15752145,-0.90629966,0.71971662,0.23280306,0.16402447,0.24146225,0.03747535,0.31000813,0.04669784,0.12039914,0.12913807,0.71971662,0.93677735,1.00686815,0.92457835,0.23280306,0.35978586,0.44551168,0.16402447,0.35857476,0.24146225,0.40951011,0.91548016,1.08078098,1.09134883,0.92437766
571,0.12772186,0.02507734,0.02057506,0.01290773,0.01687032,-0.37951283,-0.15118882,-0.28103523,-0.87267181,-0.15709368,-1.07191157,-0.00048028,-1.09472124,0.15623619,-0.91586274,0.72855025,0.23666506,0.16577999,0.23827188,0.03694219,0.30881842,0.04663574,0.11914048,0.12794274,0.72855025,0.94876253,1.02208792,0.94117866,0.23666506,0.36667422,0.44958162,0.16577999,0.35589170,0.23827188,0.40941858,0.91681533,1.08370298,1.09739352,0.93358520
572,0.13115836,0.02533563,0.02191059,0.01449569,0.01575725,-0.38233641,-0.14577153,-0.28946703,-0.86289983,-0.16117157,-1.05955952,-0.00215872,-1.09086155,0.15169288,-0.91555378,0.72357324,0.23722720,0.17049479,0.23368189,0.04179883,0.30649103,0.04685893,0.11892640,0.12782506,0.72357324,0.94205196,1.02487734,0.94541642,0.23722720,0.37687769,0.45563278,0.17049479,0.35091647,0.23368189,0.41073340,0.91021229,1.07201251,1.09356278,0.93249314
573,0.12597751,0.02508059,0.02005517,0.01369720,0.01587848,-0.38635066,-0.14781985,-0.29414138,-0.86462668,-0.16007816,-1.07827117,0.00170995,-1.11153731,0.15446349,-0.93597005,0.72337409,0.25442838,0.17309555,0.23311880,0.03284030,0.30912085,0.04700412,0.11716305,0.12624012,0.72337409,0.95972775,1.04538107,0.96462476,0.25442838,0.39465178,0.46487558,0.17309555,0.35138062,0.23311880,0.41500318,0.91329307,1.09052992,1.11461694,0.95352076
574,0.13096154,0.02695527,0.02088435,0.01420408,0.01731411,-0.38951515,-0.13745711,-0.29824542,-0.85623012,-0.16183205,-1.08316678,0.00064625,-1.10901717,0.15713869,-0.93553335,0.72520836,0.26664204,0.17229582,0.23405837,0.04379598,0.30599783,0.04663729,0.11654319,0.12552829,0.72520836,0.97473543,1.05312369,0.97573361,0.26664204,0.40007962,0.47223384,0.17229582,0.35747571,0.23405837,0.41473964,0.90670831,1.09547831,1.11164082,0.95293199
575,0.13216270,0.02885391,0.02194177,0.01453848,0.01453764,-0.38575017,-0.13577054,-0.29282941,-0.84755587,-0.16823683,-1.07560549,-0.00743167,-1.10389397,0.15268486,-0.92736021,0.71817492,0.26188188,0.17112780,0.23866621,0.04341038,0.31087827,0.04622829,0.11719350,0.12598163,0.71817492,0.96623547,1.04481844,0.96469127,0.26188188,0.39263729,0.46274441,0.17112780,0.35923597,0.23866621,0.41024968,0.89677494,1.08890890,1.10635799,0.94377888
576,0.12748530,0.02700658,0.02130376,0.01425249,0.01526579,-0.38523519,-0.14743981,-0.28976067,-0.85871490,-0.16147725,-1.09511422,-0.00680001,-1.10699927,0.15605433,-0.93720221,0.71777992,0.27099672,0.16155491,0.23561145,0.03819603,0.31129091,0.04611888,0.11651821,0.12531339,0.71777992,0.97484499,1.03555273,0.96312057,0.27099672,0.38448935,0.46170538,0.16155491,0.35930190,0.23561145,0.41290825,0.90630016,1.10730674,1.10942392,0.95395834
577,0.11948613,0.02575364,0.02087317,0.01551442,0.01768377,-0.37730783,-0.14819826,-0.29209408,-0.85359888,-0.15494856,-1.08671035,0.00382512,-1.09809604,0.15398711,-0.92441125,0.71077675,0.27251435,0.16589402,0.23011248,0.03369832,0.31031320,0.04655452,0.11775333,0.12662216,0.71077675,0.96590259,1.02827100,0.94754041,0.27251435,0.39212488,0.46164817,0.16589402,0.35445524,0.23011248,0.40596041,0.90219725,1.09811786,1.10079567,0.94168701
578,0.11585115,0.02635102,0.02103991,0.01650680,0.01721687,-0.38560714,-0.13922167,-0.28407790,-0.85264318,-0.14946282,-1.07191875,0.00845739,-1.07959371,0.16005049,-0.90807154,0.72088635,0.25896677,0.16427177,0.22923687,0.03724011,0.29254524,0.04633131,0.11835953,0.12710455,0.72088635,0.96338938,1.02391473,0.94875198,0.25896677,0.37755493,0.45578700,0.16427177,0.35478205,0.22923687,0.41037816,0.89872323,1.08273296,1.08227004,0.92623995
579,0.11000702,0.02338949,0.02053258,0.01856223,0.01895687,-0.38981416,-0.16316950,-0.28631444,-0.86868734,-0.15244495,-1.07901066,0.01304698,-1.08686049,0.17041008,-0.91326159,0.71335501,0.25084175,0.16994710,0.23434660,0.03236678,0.28495668,0.04636652,0.11729074,0.12612284,0.71335501,0.94731110,1.01135861,0.94052718,0.25084175,0.37617505,0.46417536,0.16994710,0.36535750,0.23434660,0.42261828,0.91477812,1.09056116,1.08991689,0.93288930
580,0.10891260,0.02305084,0.01845239,0.01412889,0.02019496,-0.38413020,-0.18084262,-0.27073529,-0.89312208,-0.12837801,-1.09012853,0.03252932,-1.09112293,0.18696258,-0.89364512,0.72197440,0.24401842,0.16492492,0.25083508,0.01802111,0.27862987,0.04709600,0.11823223,0.12726702,0.72197440,0.94610993,1.00515776,0.91866896,0.24401842,0.36676187,0.46246520,0.16492492,0.37421199,0.25083508,0.42459053,0.93368147,1.09879309,1.09499159,0.91786584
581,0.10302946,0.02145647,0.01784490,0.01208196,0.01813507,-0.38344023,-0.20512524,-0.25706204,-0.90478371,-0.11077274,-1.09057075,0.05225028,-1.08850376,0.20394843,-0.88433494,0.71169182,0.23728547,0.16673022,0.25447041,0.00885798,0.27827004,0.04747702,0.12022643,0.12926122,0.71169182,0.92790715,0.98875987,0.90287690,0.23728547,0.36387582,0.46563521,0.16673022,0.37866896,0.25447041,0.43488862,0.94131389,1.09763799,1.09358482,0.91293501
582,0.09933996,0.02127628,0.01746823,0.01112544,0.02113409,-0.37944419,-0.22233222,-0.24896618,-0.91136387,-0.09905471,-1.09064192,0.06507382,-1.07507981,0.21290887,-0.85885994,0.70202819,0.23441465,0.16806467,0.26208221,0.00643303,0.28250596,0.04797018,0.12228594,0.13135825,0.70202819,0.91387163,0.96526585,0.87441104,0.23441465,0.35780228,0.46870164,0.16806467,0.39086747,0.26208221,0.43984681,0.94560201,1.09668005,1.08087742,0.89047804
583,0.09770277,0.02156856,0.01656010,0.01370727,0.02030669,-0.37841645,-0.24604764,-0.24158148,-0.93121682,-0.09161868,-1.10390030,0.06927313,-1.07834859,0.21776035,-0.84486471,0.69961032,0.22942234,0.16537961,0.27675209,0.00684504,0.27710129,0.04814850,0.12279775,0.13189983,0.69961032,0.90612007,0.94863789,0.84951687,0.22942234,0.34705152,0.47025937,0.16537961,0.40491858,0.27675209,0.45149594,0.96315090,1.10955742,1.08454309,0.87797185
584,0.09690991,0.02236018,0.01664554,0.01222296,0.02009123,-0.37860984,-0.25791414,-0.24214081,-0.93583715,-0.09577888,-1.10302506,0.07139970,-1.06930437,0.22695357,-0.82325193,0.69261930,0.22293539,0.17285754,0.29114942,-0.00010428,0.26739276,0.04926056,0.12448842,0.13388042,0.69261930,0.89300544,0.93173155,0.83338142,0.22293539,0.34388965,0.48517287,0.17285754,0.42843527,0.29114942,0.45819907,0.96784565,1.10914397,1.07581986,0.85975427
585,0.09618919,0.02106106,0.01547812,0.01429777,0.02370511,-0.38464615,-0.28455463,-0.24237864,-0.94521456,-0.09784345,-1.10364124,0.07137014,-1.05518396,0.23009975,-0.79714541,0.67720248,0.21489898,0.17774982,0.30297159,-0.00327152,0.24598581,0.04987647,0.12513927,0.13471266,0.67720248,0.86974027,0.89920247,0.80498876,0.21489898,0.33470002,0.49693266,0.17774982,0.44976675,0.30297159,0.47857213,0.97728084,1.11003703,1.06163088,0.83523319
586,0.09664348,0.01862216,0.01410576,0.01587575,0.02647714,-0.39271500,-0.30774167,-0.24205821,-0.94762397,-0.09418469,-1.09557288,0.07440149,-1.03759491,0.22981239,-0.79329231,0.65811162,0.20961798,0.18082530,0.28957500,0.00610669,0.24615744,0.04955599,0.12611482,0.13550182,0.65811162,0.84367623,0.86976405,0.79344012,0.20961798,0.33190660,0.49878181,0.18082530,0.44444598,0.28957500,0.49914197,0.97911481,1.10120670,1.04409834,0.83119919
587,0.09724063,0.01980146,0.01442751,0.01548570,0.02440023,-0.39709718,-0.31126121,-0.23934439,-0.95713063,-0.09124860,-1.10172472,0.07078150,-1.02686567,0.22839164,-0.78378545,0.66572552,0.20719132,0.18011536,0.28972178,0.00002006,0.23811876,0.05059611,0.12576414,0.13556027,0.66572552,0.84868213,0.85765266,0.78709301,0.20719132,0.31963708,0.50017185,0.18011536,0.45166352,0.28972178,0.50488763,0.98799882,1.10722920,1.03289492,0.82124222
588,0.09784768,0.02083848,0.01569171,0.01308024,0.01987447,-0.39718361,-0.31732056,-0.24248676,-0.95140731,-0.09302168,-1.08414252,0.06241538,-1.00770206,0.22507753,-0.75702300,0.65296687,0.19993565,0.17466958,0.29884535,0.01113048,0.21376925,0.05100678,0.12666534,0.13654962,0.65296687,0.82526817,0.83062805,0.76312469,0.19993565,0.31118281,0.50690017,0.17466958,0.45669505,0.29884535,0.50897841,0.98280517,1.08918027,1.01208455,0.79263717
589,0.09178038,0.01989906,0.01604223,0.01316590,0.02079485,-0.39505970,-0.32003710,-0.24169850,-0.95767493,-0.09277035,-1.08593076,0.05928383,-1.00931927,0.22490599,-0.75645843,0.65610525,0.19675427,0.17251549,0.30227436,0.01622190,0.23636302,0.05082645,0.12550030,0.13540182,0.65610525,0.82388064,0.82746351,0.76030147,0.19675427,0.30760180,0.50953064,0.17251549,0.45856467,0.30227436,0.50859513,0.98823721,1.09067872,1.01343458,0.79228757
590,0.09076671,0.02117802,0.01602794,0.01404233,0.02262899,-0.39848854,-0.32712715,-0.24215591,-0.96881403,-0.09531876,-1.08494101,0.05928964,-0.99549836,0.22670200,-0.75406043,0.66080248,0.18732769,0.18020162,0.29380654,0.01301323,0.23206943,0.05113095,0.12475855,0.13482978,0.66080248,0.81669090,0.81177649,0.75896095,0.18732769,0.30416366,0.51671248,0.18020162,0.46242342,0.29380654,0.51583290,0.99934498,1.09004088,0.99962211,0.79054298
591,0.09132372,0.01889859,0.01305304,0.01445068,0.02566242,-0.40669242,-0.34665398,-0.25049182,-0.98507169,-0.09776885,-1.09905242,0.05823043,-1.00764991,0.22470518,-0.75322826,0.65783000,0.19065189,0.18244299,0.30407492,-0.00257798,0.21991624,0.05094400,0.12316402,0.13328415,0.65783000,0.81403186,0.81018580,0.75352220,0.19065189,0.31100435,0.52984509,0.18244299,0.47370833,0.30407492,0.53472304,1.01749135,1.10463258,1.01224301,0.79018238
592,0.09079865,0.01644830,0.01295988,0.01310389,0.02635691,-0.40537012,-0.36533319,-0.24996604,-0.98800471,-0.10497746,-1.10043707,0.05595450,-1.00921229,0.22022625,-0.73674951,0.64261540,0.18349749,0.18613004,0.31815956,-0.00587861,0.20815058,0.05073551,0.12353563,0.13354828,0.64261540,0.79492109,0.79409437,0.72989398,0.18349749,0.30755453,0.53372724,0.18613004,0.48840493,0.31815956,0.54606825,1.02050503,1.10684006,1.01364320,0.77295130
593,0.08775699,0.01883480,0.01324503,0.00945799,0.02578984,-0.40682622,-0.39738132,-0.25399758,-1.00354818,-0.10205150,-1.11083838,0.05497267,-0.99505504,0.22055133,-0.71820692,0.62570794,0.18602015,0.19563089,0.32260701,-0.00111842,0.21219857,0.05063593,0.12291623,0.13293756,0.62570794,0.77621705,0.75630440,0.70553295,0.18602015,0.30933127,0.55379524,0.19563089,0.50827810,0.32260701,0.56945364,1.03670842,1.11681636,0.99891236,0.75407842
594,0.08894236,0.02053312,0.01596547,0.01206317,0.02723071,-0.40285790,-0.40264743,-0.24709509,-0.99807536,-0.10280129,-1.11387002,0.04518059,-1.00163310,0.21280075,-0.72301698,0.61608909,0.18509350,0.18654307,0.32522387,-0.01009356,0.23136866,0.05038538,0.12324729,0.13314872,0.61608909,0.77264331,0.74972530,0.69540618,0.18509350,0.29319431,0.53611474,0.18654307,0.50247552,0.32522387,0.57073677,1.03020236,1.12076729,1.00641885,0.75793100
595,0.08617091,0.01914177,0.01481529,0.01078104,0.02340987,-0.40431539,-0.41093150,-0.24940726,-1.00567722,-0.10587547,-1.11341089,0.04078814,-0.99494668,0.20782232,-0.70686365,0.61524313,0.17947942,0.18920174,0.33306770,-0.00828948,0.22677265,0.04987905,0.12330819,0.13301440,0.61524313,0.76385856,0.73576788,0.68109618,0.17947942,0.29095967,0.54633748,0.18920174,0.51359149,0.33306770,0.57729582,1.03781777,1.12010514,0.99876183,0.74015777
596,0.08496795,0.01801487,0.01343718,0.00720438,0.02203951,-0.40191588,-0.41567296,-0.25450232,-1.02037895,-0.10623178,-1.11599835,0.03932250,-0.98717498,0.20027654,-0.70758040,0.62292859,0.17652220,0.19465936,0.32267072,-0.00092486,0.20787547,0.04948467,0.12262103,0.13222953,0.62292859,0.76043902,0.72264181,0.66964296,0.17652220,0.29573381,0.55196777,0.19465936,0.51065864,0.32267072,0.57896453,1.05307387,1.12212310,0.98976272,0.73733294
597,0.08184091,0.02014201,0.01392165,0.00559863,0.02416087,-0.40257645,-0.41010528,-0.25359670,-1.01360509,-0.10686310,-1.10475771,0.03875961,-0.97863765,0.19432757,-0.68643014,0.62202080,0.17331863,0.19279327,0.33105942,0.00202092,0.19750027,0.04896665,0.12217292,0.13162050,0.62202080,0.75502127,0.71990103,0.65787319,0.17331863,0.29451366,0.55478416,0.19279327,0.51548867,0.33105942,0.57613011,1.04676407,1.11100304,0.98104635,0.71537473
598,0.08203776,0.02079302,0.01482186,0.00603958,0.02307894,-0.40638277,-0.42801545,-0.24392597,-1.01808792,-0.09655842,-1.10278615,0.04582206,-0.95904896,0.19853569,-0.66949643,0.61229280,0.17102250,0.20232339,0.32742202,0.01244767,0.17527202,0.04857216,0.12103620,0.13041863,0.61229280,0.74250080,0.69748559,0.65136409,0.17102250,0.29621548,0.56379461,0.20232339,0.52425794,0.32742202,0.59211369,1.04894866,1.10798522,0.96134521,0.69954571
599,0.07855531,0.01983794,0.01523596,0.00427510,0.02428291,-0.40333141,-0.45403593,-0.23391404,-1.03526016,-0.08781979,-1.12075090,0.05794841,-0.98507915,0.20469379,-0.68682735,0.60583731,0.16960347,0.19924825,0.33242279,0.00901957,0.20278713,0.04817951,0.11882027,0.12821670,0.60583731,0.73770035,0.70365986,0.65123092,0.16960347,0.29617131,0.56022015,0.19924825,0.52331698,0.33242279,0.60902140,1.06355425,1.12566549,0.98887954,0.71921322
600,0.07722118,0.01859354,0.01484987,0.00691499,0.02624693,-0.39382842,-0.46465192,-0.23115186,-1.04198927,-0.07423258,-1.11896970,0.06534874,-0.98600077,0.21078175,-0.68619461,0.60049815,0.17480514,0.19332104,0.33322039,-0.00761942,0.22791021,0.04762579,0.11804410,0.12728953,0.60049815,0.72865851,0.69589984,0.64511327,0.17480514,0.30197063,0.56745769,0.19332104,0.51836737,0.33322039,0.61074167,1.06983591,1.12365196,0.99182231,0.72273123
601,0.07946409,0.01880763,0.01433783,0.00626573,0.02574509,-0.39558481,-0.45524981,-0.21533900,-1.04606694,-0.05858813,-1.12724219,0.08702001,-0.98663955,0.22990582,-0.69860495,0.61852259,0.17652302,0.20297399,0.32153156,-0.01132877,0.23545513,0.04814537,0.11807814,0.12751637,0.61852259,0.75244893,0.71938965,0.67272525,0.17652302,0.30852992,0.56494847,0.20297399,0.51685893,0.32153156,0.60436090,1.07034394,1.13100206,0.99421414,0.74032447
602,0.08375827,0.01860688,0.01406117,0.00903824,0.02322368,-0.37905665,-0.42856245,-0.20943716,-1.02565336,-0.05646773,-1.11671204,0.10121082,-0.98371658,0.23919756,-0.69508646,0.62161215,0.17802059,0.20708436,0.31992597,-0.00798367,0.22374784,0.04937772,0.12125657,0.13092484,0.62161215,0.76074346,0.73588361,0.67541084,0.17802059,0.31400091,0.55764658,0.20708436,0.51536963,0.31992597,0.57311821,1.04894468,1.12013312,0.99256235,0.74025802
603,0.08957460,0.01970881,0.01418342,0.00788895,0.01969592,-0.37136951,-0.40180968,-0.20766006,-1.01599338,-0.05504883,-1.10898679,0.09957758,-0.99833970,0.25317822,-0.71388455,0.63677426,0.17878909,0.19149256,0.32333727,-0.00765573,0.25254028,0.04982324,0.12295580,0.13266681,0.63677426,0.77591626,0.76290285,0.70192525,0.17878909,0.30901516,0.55210021,0.19149256,0.50194675,0.32333727,0.54761451,1.03878480,1.11232093,1.00722389,0.76340246
604,0.09069201,0.02261513,0.01630435,0.01057295,0.02500873,-0.37321824,-0.39129881,-0.22057716,-0.99754417,-0.07118923,-1.11744523,0.09255308,-1.01494158,0.23854037,-0.73703437,0.62581881,0.19175651,0.19466979,0.31393618,-0.00306684,0.24584039,0.04951864,0.12367407,0.13321926,0.62581881,0.78734196,0.78079782,0.70567441,0.19175651,0.31532820,0.52911642,0.19466979,0.49131954,0.31393618,0.54180257,1.02354331,1.12197161,1.02359241,0.78092211
605,0.09072261,0.02132395,0.01288391,0.00967224,0.01995278,-0.38159897,-0.34082983,-0.22617776,-0.96834715,-0.08382935,-1.08785395,0.07159378,-1.00375481,0.22433238,-0.74682959,0.64709792,0.18586958,0.17784199,0.29897018,-0.00449520,0.23435159,0.04830370,0.12455939,0.13359749,0.64709792,0.80462773,0.80438370,0.73131943,0.18586958,0.30043148,0.50264580,0.17784199,0.46039875,0.29897018,0.51264379,0.99623550,1.09265550,1.00937302,0.78443934
606,0.09377504,0.02035172,0.01455727,0.01089333,0.02071788,-0.38624826,-0.33053184,-0.24581256,-0.95861566,-0.10116555,-1.08993867,0.05553976,-1.02084476,0.20732357,-0.77623497,0.64434645,0.19547927,0.17271273,0.28796263,-0.00519133,0.24817326,0.04770967,0.12446565,0.13329632,0.64434645,0.81203274,0.82177952,0.74531450,0.19547927,0.30906917,0.48978929,0.17271273,0.44095521,0.28796263,0.50909652,0.99134980,1.09655021,1.02607638,0.80897173
607,0.09421352,0.02262365,0.01691038,0.01286252,0.01954423,-0.37708058,-0.30769381,-0.25059293,-0.93502282,-0.11384083,-1.08457350,0.05193782,-1.02135478,0.19805462,-0.78014257,0.64056340,0.20320882,0.17927830,0.28206732,-0.00470816,0.26560845,0.04758232,0.12580070,0.13449867,0.64056340,0.82139370,0.83551990,0.74798112,0.20320882,0.31724187,0.47686593,0.17927830,0.43694593,0.28206732,0.48751945,0.96966256,1.09287156,1.02728299,0.81139506
608,0.09445050,0.02300769,0.01680292,0.01336984,0.01725251,-0.36900528,-0.30074969,-0.25546972,-0.94246584,-0.11360773,-1.09674833,0.05011564,-1.03273983,0.20143185,-0.79443031,0.65227189,0.21039761,0.17821566,0.28230918,-0.01014051,0.26313634,0.04738336,0.12502556,0.13370331,0.65227189,0.83724009,0.84685500,0.75849103,0.21039761,0.32219358,0.48297965,0.17821566,0.43784055,0.28230918,0.47700684,0.97820125,1.10526589,1.03935174,0.82678738
609,0.09269350,0.02124985,0.01558346,0.01112512,0.01484299,-0.37164963,-0.31063986,-0.25359984,-0.94252119,-0.10582427,-1.09988985,0.04367668,-1.03118227,0.20235602,-0.79130732,0.64367040,0.21640106,0.16736917,0.28767856,-0.00955982,0.26572374,0.04705450,0.12439948,0.13300134,0.64367040,0.83421065,0.83540896,0.75351886,0.21640106,0.31357048,0.48318827,0.16736917,0.43768310,0.28767856,0.48477601,0.97747349,1.10705535,1.03680715,0.82348302
610,0.09258242,0.01979995,0.01444567,0.00886708,0.01784470,-0.37972803,-0.32206400,-0.25014298,-0.94304981,-0.11197605,-1.09127859,0.04697313,-1.03554019,0.19899904,-0.78837002,0.63492784,0.20287462,0.17046835,0.29028145,-0.01346348,0.25067902,0.04747559,0.12444779,0.13319604,0.63492784,0.81530471,0.83370822,0.74654657,0.20287462,0.31325888,0.47703458,0.17046835,0.43543771,0.29028145,0.49890535,0.97739666,1.09911598,1.04088168,0.81945778
611,0.09236031,0.02081856,0.01576261,0.00905714,0.01858475,-0.38164878,-0.32739979,-0.25201891,-0.94749927,-0.11385866,-1.10067394,0.04910321,-1.03808291,0.20107665,-0.79684594,0.63401916,0.20689978,0.17634383,0.28523846,-0.01206718,0.27155926,0.04742209,0.12434682,0.13308263,0.63401916,0.81938591,0.83369361,0.75203541,0.20689978,0.31711126,0.48002719,0.17634383,0.43886831,0.28523846,0.50379636,0.98207581,1.10892852,1.04381578,0.82862512
612,0.09381327,0.02043666,0.01582403,0.01129442,0.01852798,-0.37910476,-0.33554336,-0.24891173,-0.93575404,-0.10362788,-1.09563267,0.05218341,-1.03104304,0.20711295,-0.79695221,0.61478692,0.21652487,0.17069019,0.28076124,-0.01389238,0.26468360,0.04733185,0.12370549,0.13245132,0.61478692,0.80957083,0.82122375,0.74962683,0.21652487,0.31844321,0.47888143,0.17069019,0.43213910,0.28076124,0.50724611,0.97009023,1.10298453,1.03718030,0.83007608
613,0.09553935,0.02021456,0.01588985,0.01013102,0.01975778,-0.37254221,-0.31433406,-0.24131690,-0.93779613,-0.10751772,-1.08153130,0.05187712,-1.02485326,0.20621186,-0.78822942,0.63789668,0.19702626,0.17157378,0.28257503,-0.01070221,0.27539327,0.04671791,0.12377751,0.13230054,0.63789668,0.81306953,0.83111717,0.75253124,0.19702626,0.30908783,0.47459367,0.17157378,0.43088831,0.28257503,0.48795596,0.96984816,1.08911343,1.03089105,0.82147030
614,0.09454839,0.01910827,0.01558223,0.00925347,0.01942230,-0.37742840,-0.31226917,-0.24455377,-0.95125831,-0.10760700,-1.10203902,0.05465159,-1.03632633,0.20786690,-0.78888338,0.65363241,0.20430047,0.17756898,0.29107960,-0.01274496,0.27116836,0.04695184,0.12219132,0.13090146,0.65363241,0.83617509,0.84708150,0.75970616,0.20430047,0.31437897,0.48331977,0.17756898,0.44586227,0.29107960,0.49024779,0.98373697,1.10954932,1.04263776,0.82261708
615,0.09511513,0.01911867,0.01567233,0.00972420,0.01976967,-0.38009104,-0.32030214,-0.24246445,-0.95585920,-0.11576666,-1.10497114,0.05408142,-1.04169255,0.21006407,-0.78951385,0.65148862,0.19682055,0.18451568,0.29660800,-0.01689798,0.28889712,0.04683132,0.12208580,0.13075976,0.65148862,0.83022206,0.84734859,0.76089030,0.19682055,0.31372006,0.48623009,0.18451568,0.45543439,0.29660800,0.49718670,0.98745117,1.11336771,1.04855152,0.82489867
616,0.09714385,0.02140942,0.01556156,0.00953439,0.02102540,-0.37784286,-0.32102233,-0.23941835,-0.95521508,-0.11233936,-1.10960848,0.04982651,-1.05274585,0.21073032,-0.79587998,0.65054205,0.20076119,0.17546594,0.30320081,-0.01997352,0.28197528,0.04720976,0.12246113,0.13124591,0.65054205,0.83429901,0.85298447,0.76336729,0.20076119,0.30986539,0.48140833,0.17546594,0.45240417,0.30320081,0.49593445,0.98626120,1.11761551,1.05940886,0.83136035
617,0.09649886,0.02139189,0.01514508,0.00978525,0.02134874,-0.37277875,-0.31576101,-0.24275461,-0.96267535,-0.11362364,-1.10511558,0.04875892,-1.04702313,0.20705011,-0.78770631,0.66102816,0.19295038,0.17529363,0.30389792,-0.02251321,0.27956585,0.04728674,0.12365621,0.13238918,0.66102816,0.83267459,0.84854346,0.75355031,0.19295038,0.30719529,0.48575434,0.17529363,0.45285024,0.30389792,0.48892765,0.99455917,1.11348684,1.05356792,0.82238754
618,0.09656917,0.02347861,0.01539278,0.00808876,0.02016678,-0.37092046,-0.31553933,-0.24047861,-0.95509180,-0.10680398,-1.10393784,0.05191374,-1.04146724,0.20983491,-0.79382228,0.65359721,0.20030537,0.17263560,0.29375558,-0.02487309,0.26254846,0.04745769,0.12428790,0.13304028,0.65359721,0.83261392,0.84304029,0.75612211,0.20030537,0.30706533,0.48012237,0.17263560,0.44433514,0.29375558,0.48798098,0.98705326,1.11162894,1.04770638,0.82799199
619,0.09532211,0.02153446,0.01524918,0.00873444,0.01994605,-0.37382193,-0.31302949,-0.23708639,-0.95999223,-0.10737172,-1.10077350,0.04996211,-1.04126700,0.21121909,-0.77925110,0.66201602,0.19175210,0.17039119,0.30770184,-0.02448625,0.26236308,0.04783147,0.12593538,0.13471291,0.66201602,0.83269061,0.84547473,0.75183425,0.19175210,0.30077962,0.48529650,0.17039119,0.45376974,0.30770184,0.48871278,0.99097325,1.10861815,1.04757537,0.81459774
620,0.09214553,0.02280846,0.01680630,0.00946140,0.02128701,-0.37271362,-0.30121791,-0.23626710,-0.94293088,-0.11321613,-1.09337491,0.05241526,-1.02365357,0.20070576,-0.77938479,0.65720008,0.19497270,0.18191354,0.28586433,-0.02165163,0.29288720,0.04760584,0.12753840,0.13613361,0.65720008,0.83533696,0.84228415,0.75206250,0.19497270,0.30292705,0.46941278,0.18191354,0.44546286,0.28586433,0.47961976,0.97383317,1.10170022,1.03006855,0.81228589
621,0.09213821,0.02189080,0.01678621,0.00886095,0.01986705,-0.37591670,-0.31024193,-0.23766717,-0.94897040,-0.11323007,-1.09894176,0.04877715,-1.03658666,0.20017287,-0.78453084,0.65455370,0.19560574,0.17611691,0.29410648,-0.02040857,0.28941273,0.04777534,0.12811227,0.13673052,0.65455370,0.83302723,0.84551591,0.75163801,0.19560574,0.30314917,0.47073727,0.17611691,0.44542827,0.29410648,0.48783389,0.97995296,1.10724519,1.04291777,0.81718788
622,0.09166452,0.02276979,0.01653334,0.00893823,0.02038139,-0.37628723,-0.30930858,-0.23856049,-0.94400851,-0.11300784,-1.09513954,0.05110037,-1.03335867,0.19486714,-0.77700030,0.65052607,0.19703237,0.17749099,0.29399771,-0.02350050,0.28908941,0.04780012,0.12936285,0.13791156,0.65052607,0.83037846,0.84450626,0.74320797,0.19703237,0.30605537,0.46706977,0.17749099,0.44404242,0.29399771,0.48770358,0.97561575,1.10358152,1.03979220,0.80863001
623,0.09343557,0.02234626,0.01632030,0.00838397,0.01989895,-0.37669315,-0.31308348,-0.24471058,-0.94901547,-0.11790287,-1.10869249,0.03758534,-1.05168687,0.18619463,-0.78361800,0.65031651,0.20432828,0.16762834,0.30654125,-0.02711485,0.28043884,0.04817902,0.13032787,0.13894809,0.65031651,0.83790674,0.84990951,0.73764875,0.20432828,0.30292110,0.46362941,0.16762834,0.44619103,0.30654125,0.49088416,0.98222973,1.11769969,1.05752223,0.81278514
624,0.09646457,0.02135003,0.01637492,0.00906507,0.02049168,-0.37237067,-0.31501280,-0.24843946,-0.94647351,-0.11291683,-1.10375460,0.03734794,-1.05039844,0.17453839,-0.78745713,0.64404958,0.20785311,0.16169512,0.29666781,-0.02729453,0.26162180,0.04841819,0.13248185,0.14105234,0.64404958,0.83111597,0.84418912,0.72613690,0.20785311,0.30631199,0.45401948,0.16169512,0.42875901,0.29666781,0.48968282,0.98103531,1.11239083,1.05646862,0.81458272
625,0.09188081,0.01854124,0.01459958,0.01057756,0.01913903,-0.36845440,-0.33843476,-0.24314308,-0.94842234,-0.10893858,-1.10162276,0.04315180,-1.03215071,0.18981040,-0.78423685,0.62306267,0.20393486,0.16876840,0.28810880,-0.02294087,0.26117641,0.04824546,0.13415969,0.14257085,0.62306267,0.80669569,0.80842745,0.71692433,0.20393486,0.30014164,0.46471004,0.16876840,0.43683378,0.28810880,0.50262086,0.98150450,1.10982279,1.03808270,0.81409245
626,0.08930079,0.02092286,0.01590010,0.00834446,0.01835589,-0.36301745,-0.34933466,-0.22963088,-0.95238464,-0.09602249,-1.09779808,0.05669791,-1.01567290,0.20089572,-0.76209163,0.61803928,0.19751723,0.17428462,0.29175195,-0.02073112,0.25656140,0.04913130,0.13542654,0.14406329,0.61803928,0.79510827,0.78874844,0.70054793,0.19751723,0.29403574,0.47144558,0.17428462,0.44872725,0.29175195,0.50627247,0.98236078,1.10465297,1.02160520,0.79431403
627,0.08690694,0.01995977,0.01458593,0.00888663,0.01947727,-0.36018271,-0.34919723,-0.21998201,-0.96517745,-0.08646182,-1.10317473,0.05662613,-1.02706987,0.19822071,-0.75945824,0.63235281,0.19208919,0.16324861,0.30284085,-0.02949044,0.26771747,0.04988336,0.13658069,0.14540507,0.63235281,0.80281218,0.79751380,0.69547944,0.19208919,0.28453318,0.46714061,0.16324861,0.44708730,0.30284085,0.50436351,0.99316019,1.10983899,1.03396214,0.79281850
628,0.08692109,0.01995105,0.01442041,0.01108860,0.02199096,-0.36483688,-0.36260076,-0.22249241,-0.96743787,-0.08573390,-1.10877388,0.05851326,-1.03325375,0.19652478,-0.75854042,0.62206318,0.19685618,0.16479562,0.30758442,-0.02416971,0.26664506,0.05017467,0.13771238,0.14656806,0.62206318,0.79757508,0.79563838,0.69083868,0.19685618,0.29060804,0.47023653,0.16479562,0.45118316,0.30758442,0.51651973,0.99563793,1.11533512,1.04079604,0.79275290
629,0.09026159,0.02049020,0.01521303,0.01080174,0.01992202,-0.36210929,-0.35957308,-0.22040935,-0.96285716,-0.08170313,-1.10181186,0.05988025,-1.02681735,0.19822399,-0.74402801,0.62027041,0.19647463,0.16270309,0.31492824,-0.01806766,0.26179996,0.05040199,0.13960827,0.14842786,0.62027041,0.79416442,0.79193777,0.68320887,0.19647463,0.28970317,0.47443387,0.16270309,0.45576205,0.31492824,0.51199805,0.99010659,1.10741189,1.03378605,0.77811610
630,0.08971873,0.02159861,0.01545366,0.01086045,0.02105571,-0.35920892,-0.34876980,-0.21752717,-0.95361451,-0.08093773,-1.09495779,0.06352906,-1.01311014,0.19630242,-0.73578389,0.62182587,0.19662530,0.16784665,0.30756291,-0.01532982,0.26415557,0.05047047,0.14123029,0.14997755,0.62182587,0.79705724,0.78951413,0.68012165,0.19662530,0.28881966,0.46913997,0.16784665,0.45485786,0.30756291,0.50234783,0.98050665,1.10041623,1.01984436,0.76882914
631,0.08705989,0.02303403,0.01638374,0.01196041,0.02078204,-0.35851687,-0.35123490,-0.22216523,-0.95790760,-0.08739384,-1.09500610,0.05791083,-1.01208533,0.19203241,-0.73814037,0.62238430,0.19240079,0.16888725,0.30507175,-0.01438727,0.27453541,0.05069114,0.14189757,0.15068016,0.62238430,0.79239612,0.78323040,0.67588753,0.19240079,0.28692201,0.47031757,0.16888725,0.45417049,0.30507175,0.50370382,0.98578186,1.10119054,1.01868082,0.77004970
632,0.08941771,0.02232245,0.01618141,0.01171936,0.02092996,-0.35630615,-0.34490196,-0.21980483,-0.96257629,-0.08641562,-1.09030548,0.05605971,-1.01290051,0.19166739,-0.73442885,0.63324244,0.18477008,0.16381347,0.30979992,-0.01694844,0.27051356,0.05067180,0.14293493,0.15165100,0.63324244,0.79351923,0.78717023,0.67538923,0.18477008,0.28191599,0.47181692,0.16381347,0.45261230,0.30979992,0.49745227,0.98971662,1.09622898,1.01911400,0.76607999
633,0.09022781,0.02187347,0.01611625,0.00964439,0.01765749,-0.35835666,-0.34267402,-0.22718877,-0.97053563,-0.09012185,-1.10030300,0.05299967,-1.02220969,0.19289349,-0.74710825,0.64208304,0.18879130,0.16452907,0.30868165,-0.02197050,0.26463972,0.05110209,0.14291303,0.15177470,0.64208304,0.80439457,0.79626199,0.68641434,0.18879130,0.28609595,0.47686168,0.16452907,0.45345308,0.30868165,0.49743398,0.99917050,1.10640486,1.02799802,0.77818267
634,0.08476186,0.02111472,0.01498890,0.01101634,0.01839405,-0.36149924,-0.34810257,-0.22864873,-0.96549230,-0.09154051,-1.10150252,0.04489572,-1.02131140,0.18090470,-0.75494828,0.63221714,0.19315929,0.16001288,0.29922372,-0.02572821,0.27323802,0.05160944,0.14466802,0.15359808,0.63221714,0.80099676,0.78841919,0.68125791,0.19315929,0.28050839,0.46195355,0.16001288,0.44205553,0.29922372,0.50374992,0.99490264,1.10797395,1.02723263,0.78406104
635,0.08516055,0.02152405,0.01521658,0.01237405,0.01772769,-0.36108433,-0.34662936,-0.22531203,-0.96037190,-0.08961620,-1.09952789,0.04826834,-1.02176530,0.18138531,-0.75206262,0.62913401,0.19440478,0.16023646,0.30085378,-0.02438948,0.26651913,0.05185442,0.14574904,0.15469862,0.62913401,0.80091801,0.79146593,0.68010908,0.19440478,0.28185589,0.45836268,0.16023646,0.44182183,0.30085378,0.50278052,0.98920889,1.10591304,1.02803928,0.78139730
636,0.08631052,0.02037315,0.01467953,0.01250452,0.01848090,-0.35762049,-0.35099403,-0.22653775,-0.96424746,-0.09066310,-1.10391990,0.05053042,-1.02303252,0.18259059,-0.75299514,0.62771405,0.19495454,0.16505650,0.30070887,-0.02366082,0.27376511,0.05190889,0.14647712,0.15540296,0.62771405,0.79956163,0.78866180,0.67694773,0.19495454,0.28523856,0.46234738,0.16505650,0.44620110,0.30070887,0.50296302,0.99304267,1.11031547,1.02962143,0.78299225
637,0.08447740,0.02334321,0.01659032,0.01107012,0.01601895,-0.35377419,-0.34614621,-0.22087454,-0.95534340,-0.08241163,-1.09536838,0.05114861,-1.01893223,0.18422864,-0.74829399,0.62392123,0.19692577,0.15572466,0.30167688,-0.01978708,0.25757721,0.05248850,0.14869940,0.15769133,0.62392123,0.79718625,0.78664507,0.67388294,0.19692577,0.28045074,0.45607723,0.15572466,0.43878234,0.30167688,0.49772444,0.98338757,1.10106382,1.02505365,0.77800386
638,0.08815326,0.02123562,0.01559784,0.00958563,0.01435396,-0.35385322,-0.34316208,-0.22520539,-0.95772996,-0.09097974,-1.09159049,0.05586922,-1.01210483,0.18845344,-0.75118596,0.62833334,0.18958020,0.16836619,0.29277434,-0.02176151,0.26158811,0.05188016,0.14920872,0.15797086,0.62833334,0.79367665,0.78588586,0.68090614,0.18958020,0.28728139,0.46343671,0.16836619,0.44137861,0.29277434,0.49548204,0.98662624,1.09802830,1.01835633,0.78162466
639,0.08701755,0.02207170,0.01662454,0.00914152,0.01306109,-0.34992442,-0.34023570,-0.22791668,-0.95392251,-0.09284859,-1.09340637,0.05030600,-1.02016576,0.19226547,-0.75216265,0.62612870,0.19417544,0.16207687,0.30336493,-0.02261491,0.26100354,0.05240170,0.15016682,0.15904720,0.62612870,0.79624263,0.79030503,0.68297813,0.19417544,0.28688485,0.46705907,0.16207687,0.44552645,0.30336493,0.49080392,0.98363657,1.10005656,1.02605073,0.78338127
640,0.08530031,0.02037464,0.01493242,0.01088875,0.01295490,-0.35329586,-0.33775476,-0.22701917,-0.95262367,-0.09582870,-1.09123227,0.04565241,-1.01950904,0.18457104,-0.76553444,0.62819302,0.19088752,0.16027207,0.28963015,-0.02466515,0.26324763,0.05192315,0.15072847,0.15942109,0.62819302,0.79676859,0.79158867,0.68992121,0.19088752,0.28202915,0.45354299,0.16027207,0.43096866,0.28963015,0.49116925,0.98204175,1.09814645,1.02542823,0.79501584
641,0.08490749,0.02123920,0.01547391,0.01036959,0.01385585,-0.35588404,-0.34273859,-0.22721069,-0.95925147,-0.08993984,-1.10326332,0.04697083,-1.03151738,0.18711506,-0.76650898,0.63029077,0.19896042,0.15614721,0.29991855,-0.02600625,0.26362076,0.05256543,0.14993557,0.15888297,0.63029077,0.80611901,0.79942244,0.69119898,0.19896042,0.28453660,0.45813524,0.15614721,0.43718787,0.29991855,0.49673825,0.98873158,1.10965179,1.03740783,0.79649944
642,0.08605835,0.02092676,0.01562990,0.00974124,0.01444414,-0.35283586,-0.33820771,-0.22880966,-0.95440080,-0.09338540,-1.10243965,0.04826503,-1.03310039,0.18442978,-0.76903400,0.62898016,0.20065963,0.15904096,0.29725553,-0.02500144,0.26968505,0.05230967,0.14987883,0.15874497,0.62898016,0.80749829,0.80370677,0.69095840,0.20065963,0.28899455,0.45410836,0.15904096,0.43501489,0.29725553,0.49136889,0.98422227,1.10905658,1.03880508,0.79802520
643,0.08394789,0.02258027,0.01652364,0.01056857,0.01520692,-0.34697725,-0.33023831,-0.22018900,-0.94103778,-0.09300061,-1.09116449,0.05044113,-1.03865544,0.19496585,-0.77415485,0.62413739,0.19686363,0.15494805,0.30155518,-0.01871815,0.27206408,0.05207912,0.14970332,0.15850338,0.62413739,0.80262217,0.81395798,0.70325055,0.19686363,0.28951142,0.44938137,0.15494805,0.42973271,0.30155518,0.48100809,0.96855222,1.09735914,1.04430696,0.80525800
644,0.08525937,0.02197926,0.01577035,0.01196705,0.01677545,-0.35581432,-0.32247820,-0.21795753,-0.94700044,-0.09001254,-1.09067054,0.05216314,-1.04084233,0.19254797,-0.77778141,0.63992832,0.19250403,0.15267500,0.29822477,-0.02268666,0.26208246,0.05265997,0.14900860,0.15803998,0.63992832,0.81338242,0.82785568,0.71516399,0.19250403,0.28769741,0.44555349,0.15267500,0.42266882,0.29822477,0.48267169,0.97431686,1.09711188,1.04714310,0.80844545
645,0.08237230,0.02268241,0.01563289,0.01243655,0.01813829,-0.35733065,-0.31885893,-0.21449488,-0.94949919,-0.09225922,-1.08806225,0.05556423,-1.03966042,0.19679407,-0.77222229,0.64677707,0.18488965,0.15735570,0.30246791,-0.01661315,0.25851254,0.05230157,0.14768277,0.15667053,0.64677707,0.81386815,0.83189648,0.71763778,0.18488965,0.28632485,0.44919996,0.15735570,0.42905904,0.30246791,0.48158079,0.97560462,1.09431966,1.04551682,0.80312106
646,0.08891739,0.02103358,0.01600823,0.00636146,0.01324511,-0.36292528,-0.32474106,-0.22862066,-0.94869498,-0.09297531,-1.08122830,0.05227276,-1.03656938,0.19694564,-0.77126152,0.63843033,0.18964391,0.15346442,0.30227509,-0.01653788,0.24422262,0.05200381,0.14653007,0.15548459,0.63843033,0.80336249,0.82490368,0.71749468,0.18964391,0.29511769,0.46197921,0.15346442,0.42538650,0.30227509,0.48936600,0.97791281,1.08708643,1.04137337,0.80134786
647,0.08937742,0.02020992,0.01532512,0.00841420,0.01540637,-0.36276045,-0.32299956,-0.23755122,-0.95173370,-0.10384004,-1.09055991,0.03708707,-1.03847765,0.18492940,-0.76592182,0.64148716,0.19275981,0.15154220,0.31013001,-0.02363224,0.23298343,0.05166484,0.14548602,0.15438730,0.64148716,0.81031709,0.82062205,0.70590615,0.19275981,0.28854738,0.46214071,0.15154220,0.43525375,0.31013001,0.48859613,0.98385476,1.09795903,1.04332469,0.79417647
648,0.09043811,0.02065941,0.01497305,0.00802843,0.01447692,-0.37039269,-0.30880784,-0.24726159,-0.93978914,-0.11445504,-1.07776588,0.02784375,-1.02786552,0.18128633,-0.76835149,0.64325046,0.19151497,0.15207268,0.30154434,-0.02656490,0.23305757,0.05155195,0.14512073,0.15400529,0.64325046,0.81068046,0.82293062,0.71946355,0.19151497,0.28942047,0.46219395,0.15207268,0.42879247,0.30154434,0.48498949,0.97453531,1.08619188,1.03229010,0.79543329
649,0.09111980,0.02175516,0.01597341,0.00747290,0.01319005,-0.38277150,-0.30511996,-0.25118413,-0.94660847,-0.11797800,-1.08015119,0.02894284,-1.02682915,0.17814608,-0.77312557,0.65510994,0.18862077,0.15766265,0.29439466,-0.02185070,0.23011424,0.05103399,0.14397126,0.15274878,0.65510994,0.81924033,0.83184065,0.73198055,0.18862077,0.29215850,0.46387928,0.15766265,0.42742165,0.29439466,0.49172109,0.98154034,1.08856476,1.03087143,0.79880492
650,0.08845020,0.02183899,0.01594142,0.00781919,0.01372613,-0.38066926,-0.30664052,-0.25170833,-0.93764195,-0.11642487,-1.08042964,0.02703454,-1.02744875,0.18117194,-0.77741203,0.64419018,0.19669949,0.15465324,0.29381191,-0.01676228,0.23784760,0.05135055,0.14317306,0.15210326,0.64419018,0.81779363,0.82897445,0.73435449,0.19669949,0.29382569,0.46261427,0.15465324,0.42577435,0.29381191,0.49108913,0.97274895,1.08843937,1.03129726,0.80350355
651,0.09037553,0.02128286,0.01500581,0.00971406,0.01409187,-0.38397647,-0.30945263,-0.25548343,-0.93852445,-0.12008649,-1.08483248,0.02229439,-1.02879962,0.17699166,-0.78186119,0.64254542,0.19936868,0.15529290,0.29152001,-0.01897291,0.25374951,0.05107538,0.14223645,0.15112876,0.64254542,0.81953521,0.82794555,0.73610206,0.19936868,0.29357628,0.46156130,0.15529290,0.42577190,0.29152001,0.49442769,0.97455334,1.09330630,1.03297488,0.80769352
652,0.08618810,0.02063059,0.01413350,0.01120948,0.01553291,-0.37920386,-0.30986080,-0.25169393,-0.93409947,-0.11548147,-1.08094080,0.02702117,-1.01856534,0.18179647,-0.77532395,0.63762556,0.20035168,0.15779549,0.28840908,-0.02037168,0.26487153,0.05105224,0.14219439,0.15108136,0.63762556,0.81548864,0.81883260,0.73178131,0.20035168,0.29292590,0.46330306,0.15779549,0.42771386,0.28840908,0.49085172,0.96919602,1.08895603,1.02290651,0.80233490
653,0.08995416,0.02104184,0.01394093,0.01155246,0.01585051,-0.37698350,-0.32032917,-0.25313052,-0.94208843,-0.11575868,-1.09157187,0.02852162,-1.02983065,0.18156214,-0.77618641,0.63461056,0.20307192,0.15951693,0.29637436,-0.02367002,0.26091633,0.05083642,0.14140087,0.15026159,0.63461056,0.81495258,0.81952929,0.72441082,0.20307192,0.29687163,0.46719031,0.15951693,0.43506299,0.29637436,0.49569323,0.97733236,1.09958319,1.03441753,0.80364185
654,0.08948954,0.02191460,0.01456297,0.01161419,0.01711684,-0.37793229,-0.32610614,-0.25612801,-0.94531895,-0.11535769,-1.09840532,0.03429141,-1.02664597,0.18452718,-0.76665085,0.63159520,0.20798720,0.16800684,0.30031971,-0.02246817,0.24440670,0.05058153,0.14081518,0.14962422,0.63159520,0.81620144,0.81463551,0.71689530,0.20798720,0.30295924,0.47668606,0.16800684,0.44827655,0.30031971,0.50062621,0.98146471,1.10643011,1.03136073,0.79451454
655,0.09144348,0.02110151,0.01489410,0.01300951,0.01759685,-0.37382172,-0.31912002,-0.25361863,-0.94176484,-0.11255539,-1.09149947,0.03309134,-1.02073273,0.18423732,-0.75828074,0.63464528,0.20574929,0.16443022,0.30291058,-0.01867819,0.25157090,0.05079757,0.14234433,0.15113670,0.63464528,0.81588508,0.81311007,0.71291382,0.20574929,0.29912900,0.47623295,0.16443022,0.44751723,0.30291058,0.49271717,0.97714738,1.09912043,1.02540651,0.78639391
656,0.09249024,0.02211618,0.01562583,0.01203475,0.01538398,-0.35826590,-0.33309883,-0.24441593,-0.94219234,-0.10249180,-1.09173213,0.04117659,-1.01752640,0.18986616,-0.75491929,0.62018331,0.20620780,0.16432948,0.30185286,-0.02008408,0.25439880,0.05107529,0.14424013,0.15301601,0.62018331,0.80115316,0.79467731,0.69478722,0.20620780,0.29724430,0.47463204,0.16432948,0.44744375,0.30185286,0.49034426,0.97519436,1.09837623,1.02258692,0.78476632
657,0.08966198,0.02102608,0.01548768,0.01288444,0.01650216,-0.36340518,-0.32924758,-0.23832908,-0.95430690,-0.09788129,-1.09641220,0.04309521,-1.02473342,0.18476655,-0.75522838,0.63798700,0.19984280,0.16058564,0.30451650,-0.02082030,0.25281872,0.05120159,0.14531540,0.15407196,0.63798700,0.81238300,0.80767020,0.69711296,0.19984280,0.29186755,0.46906953,0.16058564,0.44428071,0.30451650,0.49204367,0.98587258,1.10305050,1.03037732,0.78440690
658,0.08984054,0.02262607,0.01566775,0.01143992,0.01595708,-0.36608584,-0.33201361,-0.24240835,-0.96471614,-0.10370498,-1.11643703,0.04215221,-1.03290940,0.18625850,-0.75762359,0.64522660,0.20561431,0.16989060,0.31074269,-0.02811465,0.25312616,0.05132172,0.14481601,0.15364112,0.64522660,0.82772364,0.81303264,0.69981232,0.20561431,0.29406439,0.47718589,0.16989060,0.46219242,0.31074269,0.49650963,0.99747406,1.12399968,1.03892753,0.78747031
659,0.08933542,0.02307680,0.01627132,0.01118701,0.01460961,-0.36205590,-0.32545496,-0.24048191,-0.96087394,-0.10549516,-1.10870009,0.03752275,-1.03598225,0.18286488,-0.75909867,0.64747272,0.20021353,0.16243862,0.31275828,-0.02906931,0.25502183,0.05134267,0.14527917,0.15408474,0.64747272,0.82472312,0.81702345,0.69901350,0.20021353,0.28940540,0.47021436,0.16243862,0.45422320,0.31275828,0.48921669,0.99329940,1.11642004,1.04178129,0.78832050
660,0.08752889,0.02336386,0.01563664,0.01115393,0.01519532,-0.36323021,-0.31401899,-0.24243372,-0.95577800,-0.11214292,-1.10891108,0.03432632,-1.03746110,0.18187643,-0.76579481,0.65364352,0.20107329,0.16473992,0.30920210,-0.03017084,0.25506573,0.05120483,0.14376485,0.15261149,0.65364352,0.83416660,0.82729119,0.71055467,0.20107329,0.28976256,0.46600294,0.16473992,0.45283935,0.30920210,0.48238966,0.98887655,1.11722493,1.04294246,0.79430985
661,0.08849279,0.02284525,0.01576207,0.01177860,0.01585452,-0.36157450,-0.31268619,-0.24702714,-0.95349602,-0.11495988,-1.10865335,0.03195661,-1.03349153,0.18033104,-0.76611351,0.65164019,0.20377920,0.16671600,0.30581799,-0.03104377,0.25521663,0.05082298,0.14243627,0.15123183,0.65164019,0.83394274,0.82317686,0.70919522,0.20377920,0.29147008,0.46767710,0.16671600,0.45311581,0.30581799,0.48017614,0.98782684,1.11733927,1.03899435,0.79418604
662,0.08851838,0.02344059,0.01639782,0.00995088,0.01469295,-0.36061120,-0.31223191,-0.25393975,-0.95275399,-0.12299883,-1.10445579,0.02688808,-1.03711757,0.17883508,-0.77164392,0.64982329,0.20040373,0.16601333,0.30596430,-0.02977437,0.25052415,0.04992405,0.14038220,0.14899521,0.64982329,0.82751793,0.82349333,0.71087898,0.20040373,0.29431572,0.47025849,0.16601333,0.45034655,0.30596430,0.47955742,0.98881927,1.11388341,1.04224763,0.79926278
663,0.09077939,0.02237571,0.01490304,0.01037264,0.01513790,-0.35798371,-0.30081680,-0.25408063,-0.94062056,-0.12580128,-1.09502076,0.02368672,-1.03539487,0.17536576,-0.76922295,0.64876606,0.20074349,0.16303110,0.30645049,-0.03056983,0.25384612,0.04940043,0.13958375,0.14806764,0.64876606,0.82796031,0.82965130,0.71260606,0.20074349,0.29479863,0.46373553,0.16303110,0.44494594,0.30645049,0.46940322,0.97674608,1.10446524,1.04013875,0.79578025
664,0.09085905,0.02170401,0.01492131,0.01094812,0.01338977,-0.35848650,-0.28886448,-0.26246095,-0.93460060,-0.13008459,-1.08568283,0.01928810,-1.02975645,0.17612808,-0.77596496,0.65340936,0.20091136,0.16189731,0.29845346,-0.02425863,0.25362050,0.04890325,0.13775500,0.14617786,0.65340936,0.82949966,0.83374384,0.72635855,0.20091136,0.29907575,0.46809697,0.16189731,0.43700952,0.29845346,0.46150340,0.97257247,1.09528738,1.03396770,0.80187543
665,0.09283322,0.02187090,0.01530559,0.01180668,0.01612630,-0.36045443,-0.28381884,-0.26283946,-0.93236915,-0.13569593,-1.08768472,0.01487028,-1.03594627,0.16786424,-0.77847159,0.65648271,0.20087012,0.16217869,0.29965923,-0.02621690,0.26395744,0.04812441,0.13562189,0.14390711,0.65648271,0.83549178,0.84326902,0.72783984,0.20087012,0.29890886,0.45993048,0.16217869,0.43521834,0.29965923,0.45983300,0.97055116,1.09819564,1.04071959,0.80368227
666,0.09202491,0.02154668,0.01511553,0.01190318,0.01730298,-0.36683599,-0.28502290,-0.27330721,-0.93110159,-0.14231075,-1.08963033,0.00679749,-1.04355470,0.16479001,-0.78886950,0.65336954,0.20577329,0.15903323,0.29983978,-0.02589545,0.26188759,0.04771220,0.13266397,0.14098291,0.65336954,0.83604314,0.84803160,0.73613243,0.20577329,0.30418519,0.46295408,0.15903323,0.43164821,0.29983978,0.46575513,0.97226516,1.10096112,1.04818470,0.81296859
667,0.09232356,0.02129395,0.01487191,0.01201174,0.01649289,-0.36464224,-0.27660878,-0.27741647,-0.92385434,-0.14464112,-1.08211410,0.00258652,-1.03829271,0.16282911,-0.78712376,0.65371714,0.20669100,0.15649317,0.29806453,-0.02972170,0.26444471,0.04757446,0.13178574,0.14010999,0.65371714,0.83575182,0.84809318,0.73778762,0.20669100,0.30469930,0.46323383,0.15649317,0.42785656,0.29806453,0.45880691,0.96650434,1.09380995,1.04283465,0.81075808
668,0.08997529,0.02247715,0.01558953,0.01309037,0.01664504,-0.36911406,-0.27962565,-0.27759875,-0.92717637,-0.14648205,-1.09005178,0.00011147,-1.03572059,0.15965091,-0.78809472,0.65451236,0.20923800,0.15910256,0.29464004,-0.02895797,0.26920131,0.04702623,0.13089531,0.13908648,0.65451236,0.84113861,0.84382947,0.73690787,0.20923800,0.30049465,0.46091692,0.15910256,0.43149587,0.29464004,0.46441757,0.96979880,1.10203515,1.04043150,0.81097194
669,0.09123064,0.02273881,0.01504764,0.01397626,0.01647922,-0.37215935,-0.27024087,-0.28137644,-0.92361926,-0.15066947,-1.09287837,-0.00144125,-1.03874241,0.16080125,-0.79107206,0.66026117,0.21398182,0.16170607,0.29617866,-0.03225144,0.27435573,0.04646429,0.13027184,0.13831009,0.66026117,0.85268162,0.85583410,0.74887542,0.21398182,0.30508921,0.46389236,0.16170607,0.43540814,0.29617866,0.46111145,0.96747337,1.10535549,1.04350332,0.81433759
670,0.09192858,0.02248982,0.01497476,0.01290983,0.01555408,-0.37391521,-0.27751873,-0.28273864,-0.93087547,-0.14954792,-1.09943330,-0.00058037,-1.04784856,0.16228957,-0.79750081,0.66026621,0.21491515,0.16032872,0.29873319,-0.03451642,0.26980940,0.04633023,0.12913539,0.13719489,0.66026621,0.85265507,0.85833879,0.75013409,0.21491515,0.30747576,0.46645102,0.16032872,0.43551500,0.29873319,0.46716755,0.97505346,1.11184900,1.05266202,0.82084280
671,0.09168649,0.02112006,0.01512918,0.01294067,0.01652743,-0.37112320,-0.27737936,-0.28294369,-0.93319220,-0.14901395,-1.10142380,-0.00094143,-1.04932084,0.16453489,-0.79534759,0.66239469,0.21514649,0.15956708,0.30318340,-0.03492113,0.27049800,0.04616179,0.12834806,0.13639698,0.66239469,0.85425486,0.85862720,0.74856485,0.21514649,0.30705488,0.47007354,0.15956708,0.43953741,0.30318340,0.46473275,0.97738338,1.11386154,1.05424691,0.81930253
672,0.09029286,0.02317051,0.01571874,0.01152449,0.01863140,-0.37244636,-0.27678329,-0.28379590,-0.92446772,-0.15243539,-1.08412790,0.00097220,-1.03962562,0.15714894,-0.79108928,0.65404511,0.20686884,0.16165380,0.29363903,-0.02347817,0.26905307,0.04604764,0.12742485,0.13548977,0.65404511,0.83723502,0.85094248,0.74067766,0.20686884,0.30880915,0.46237995,0.16165380,0.42753560,0.29363903,0.46585386,0.96901259,1.09693889,1.04381723,0.81288910
673,0.09260911,0.02520254,0.01632787,0.01066969,0.01773245,-0.38031764,-0.26788300,-0.28911939,-0.92043380,-0.16000619,-1.09306477,-0.00034959,-1.03473070,0.16638677,-0.79204436,0.65930496,0.21565802,0.17119623,0.29446374,-0.03103538,0.26341319,0.04515075,0.12460160,0.13252980,0.65930496,0.85459032,0.85726621,0.75924274,0.21565802,0.31168962,0.47419052,0.17119623,0.44464415,0.29446374,0.46815404,0.96775449,1.10774968,1.03977831,0.81620266
674,0.09423441,0.02474084,0.01622039,0.00804347,0.02341925,-0.38011208,-0.26846772,-0.28880692,-0.92004696,-0.16403493,-1.08704529,-0.00355470,-1.03173220,0.16222158,-0.78975133,0.65850603,0.20849011,0.17047207,0.29336808,-0.03073896,0.26486976,0.04423309,0.12086265,0.12870255,0.65850603,0.84716799,0.85235681,0.75400761,0.20849011,0.30693423,0.47010831,0.17047207,0.44189360,0.29336808,0.46753412,0.96701025,1.10194923,1.03577336,0.81201343
675,0.09130314,0.02333727,0.01737848,0.00699370,0.02302699,-0.38016611,-0.26052208,-0.29224808,-0.92291116,-0.16545838,-1.10048658,-0.00375952,-1.05228340,0.17114772,-0.79215869,0.66868154,0.21833841,0.16994898,0.31347581,-0.03301803,0.28651302,0.04320431,0.11692250,0.12464944,0.66868154,0.86761306,0.87832127,0.76798980,0.21833841,0.31742854,0.48250944,0.16994898,0.45707591,0.31347581,0.46239390,0.97012330,1.11511215,1.05623653,0.81590762
676,0.09833952,0.02293554,0.01712981,0.00865869,0.02254886,-0.38963739,-0.25197790,-0.30513776,-0.92047440,-0.18100596,-1.09454997,-0.01498509,-1.04908057,0.16245651,-0.80033641,0.67416739,0.21407747,0.17380837,0.30558988,-0.03648373,0.28056471,0.04239573,0.11417055,0.12178798,0.67416739,0.86863117,0.88258258,0.78059200,0.21407747,0.31929346,0.48443772,0.17380837,0.45318692,0.30558988,0.46571518,0.97168280,1.11177505,1.05361205,0.82294822
677,0.09601287,0.02441664,0.01705444,0.00836328,0.02286103,-0.39833059,-0.26127102,-0.32131927,-0.91695720,-0.19202822,-1.08914177,-0.02419608,-1.05304113,0.14905661,-0.81417387,0.66055034,0.21549984,0.17301662,0.29513521,-0.03816812,0.27578652,0.04205045,0.11188469,0.11952583,0.66055034,0.85373217,0.87725740,0.78015739,0.21549984,0.32820432,0.48280575,0.17301662,0.43895282,0.29513521,0.47863175,0.97401476,1.10861252,1.05791091,0.83421442
678,0.10212308,0.02383224,0.01736044,0.01196204,0.02029750,-0.40688015,-0.25529990,-0.33530369,-0.91916974,-0.19880848,-1.09110952,-0.03879589,-1.05014099,0.14025388,-0.81353163,0.66822512,0.22006120,0.16804184,0.29679000,-0.03582194,0.27210712,0.04221267,0.11195368,0.11964755,0.66822512,0.86230933,0.87890463,0.78559861,0.22006120,0.32741683,0.48998180,0.16804184,0.43978193,0.29679000,0.48146498,0.98018891,1.11154985,1.05609637,0.83302959
679,0.10147789,0.02141128,0.01601685,0.01463014,0.01894412,-0.40982007,-0.24460636,-0.33486625,-0.90742630,-0.19521077,-1.08050576,-0.04155101,-1.03931609,0.13950187,-0.81245012,0.66768406,0.22266633,0.16280651,0.29033593,-0.03292154,0.25914067,0.04130671,0.11205660,0.11942749,0.66768406,0.86394402,0.87907870,0.79426888,0.22266633,0.32481642,0.48661246,0.16280651,0.43081764,0.29033593,0.47796248,0.96880338,1.09997604,1.04499481,0.83130363
680,0.09730674,0.01895728,0.01449872,0.01408459,0.01877302,-0.39391766,-0.24050735,-0.32298637,-0.89619666,-0.18721977,-1.06851400,-0.02462120,-1.05392746,0.15085396,-0.82720388,0.66002853,0.21946943,0.16634301,0.28676569,-0.03272307,0.24692623,0.04214400,0.11370474,0.12126370,0.66002853,0.85403243,0.89564193,0.80372831,0.21946943,0.33966080,0.48090976,0.16634301,0.41711364,0.28676569,0.46219862,0.95397496,1.08629847,1.05797467,0.84624059
681,0.09915968,0.02043200,0.01612902,0.01144101,0.01818135,-0.40811640,-0.25019970,-0.31755218,-0.90965666,-0.18551716,-1.07727492,-0.01953298,-1.06256611,0.15493745,-0.82295268,0.66590422,0.21362827,0.16932327,0.29642489,-0.02993025,0.24468144,0.04304673,0.11511796,0.12290307,0.66590422,0.85699453,0.90244837,0.80560156,0.21362827,0.33739049,0.48239667,0.16932327,0.42629085,0.29642489,0.48012429,0.96508263,1.09511039,1.06705917,0.84329891
682,0.09646562,0.01910882,0.01547463,0.01191039,0.01975992,-0.40119789,-0.26076148,-0.31276867,-0.91547882,-0.17510651,-1.07855367,-0.01413011,-1.06423910,0.16318594,-0.81350908,0.66097819,0.21355179,0.16427516,0.30710252,-0.03080000,0.24068081,0.04398133,0.11696849,0.12496394,0.66097819,0.84893813,0.89371208,0.79224795,0.21355179,0.33570745,0.48835895,0.16427516,0.43093069,0.30710252,0.48003375,0.96922122,1.09470405,1.06865992,0.83552953
683,0.09384693,0.01992337,0.01546247,0.01176483,0.01914268,-0.40127775,-0.26493125,-0.30596551,-0.91120043,-0.17115612,-1.08135321,-0.00777040,-1.04987094,0.16978506,-0.79997408,0.65351440,0.21720584,0.16882057,0.30655288,-0.02167907,0.23616266,0.04410286,0.11853423,0.12647303,0.65351440,0.84861748,0.87971562,0.78445065,0.21720584,0.33080490,0.48992907,0.16882057,0.44301268,0.30655288,0.48207641,0.96263975,1.09645424,1.05362108,0.82262284
684,0.09655897,0.01855436,0.01523470,0.01280965,0.01847570,-0.39183633,-0.27372223,-0.29719666,-0.93056763,-0.16363770,-1.08272697,-0.00176013,-1.04571244,0.17466697,-0.79553637,0.66413571,0.20254435,0.16850023,0.30613762,-0.02472400,0.22980189,0.04496697,0.12066330,0.12876979,0.66413571,0.84117318,0.86704797,0.77275639,0.20254435,0.31894360,0.49218075,0.16850023,0.44484604,0.30613762,0.47889737,0.97845872,1.09674751,1.04958673,0.81971656
685,0.09861939,0.02095249,0.01512644,0.01223655,0.01843578,-0.38831273,-0.27401379,-0.28973776,-0.93792660,-0.15700758,-1.09344261,0.00746397,-1.04879173,0.17954761,-0.79348244,0.67170627,0.20447021,0.17228805,0.30789234,-0.02597394,0.22535800,0.04573778,0.12289596,0.13113109,0.67170627,0.85193139,0.87168147,0.77160814,0.20447021,0.31840698,0.49187158,0.17228805,0.45161822,0.30789234,0.47654283,0.98356946,1.10648844,1.05257908,0.81854322
686,0.09740926,0.02033094,0.01557757,0.01008986,0.01753968,-0.38926320,-0.27627036,-0.28780677,-0.94001679,-0.14769955,-1.09520606,0.01095109,-1.05329305,0.18029715,-0.78948305,0.67207935,0.20907894,0.16552003,0.31349101,-0.02436989,0.22837083,0.04659306,0.12645489,0.13476554,0.67207935,0.85429349,0.87547005,0.76841982,0.20907894,0.32021257,0.49224358,0.16552003,0.44899220,0.31349101,0.47887599,0.98539016,1.10713713,1.05705913,0.81481135
687,0.09619072,0.01981661,0.01551610,0.01003061,0.01868283,-0.38185972,-0.28439307,-0.27648951,-0.94417752,-0.13954123,-1.09678862,0.02146480,-1.04585409,0.18125518,-0.79549425,0.66868536,0.20504873,0.16983044,0.29701115,-0.02446419,0.21940876,0.04845622,0.13081545,0.13950157,0.66868536,0.84818974,0.86284880,0.76189562,0.20504873,0.31534038,0.48168704,0.16983044,0.44053900,0.29701115,0.47812730,0.98635523,1.10787829,1.04981808,0.82085312
688,0.09614055,0.02040852,0.01523369,0.01161567,0.02116185,-0.38017447,-0.29277864,-0.27167893,-0.95051689,-0.13390182,-1.09907098,0.02607041,-1.04211312,0.18642353,-0.78477726,0.66718190,0.20261854,0.17108779,0.30321265,-0.02318508,0.21419341,0.05026374,0.13535920,0.14439029,0.66718190,0.84356533,0.85383321,0.75217501,0.20261854,0.31234738,0.48777672,0.17108779,0.44933332,0.30321265,0.48147100,0.99083128,1.10932045,1.04627143,0.81175651
689,0.09691135,0.01990756,0.01485351,0.01107600,0.02030063,-0.37515237,-0.30247842,-0.25774307,-0.95662604,-0.11916088,-1.09483626,0.03896828,-1.04118249,0.19412383,-0.77638795,0.66530012,0.19572564,0.16852226,0.30691876,-0.02446716,0.21447453,0.05225688,0.14117363,0.15053497,0.66530012,0.83328707,0.84861114,0.74295106,0.19572564,0.30945032,0.48723769,0.16852226,0.44746438,0.30691876,0.48337617,0.99308293,1.10348514,1.04597420,0.80593389
690,0.09227588,0.02017120,0.01465805,0.01168966,0.01834193,-0.37069341,-0.31144573,-0.25558492,-0.95302353,-0.11186324,-1.09689737,0.04255552,-1.03346542,0.19676909,-0.76949989,0.65278342,0.20336488,0.16849194,0.30572555,-0.02489187,0.23236333,0.05316842,0.14553076,0.15493896,0.65278342,0.82781320,0.83404468,0.73193311,0.20336488,0.30974190,0.48891256,0.16849194,0.45067200,0.30572555,0.48537199,0.98915738,1.10486822,1.03858469,0.80012472
691,0.09149766,0.01978344,0.01417440,0.01089244,0.01756554,-0.36480789,-0.32536745,-0.24779188,-0.95975403,-0.10591611,-1.09730628,0.04695141,-1.03412714,0.20153515,-0.76848132,0.64591249,0.19761304,0.16717807,0.30738398,-0.02272397,0.23172073,0.05479414,0.15003442,0.15972704,0.64591249,0.81489965,0.82174472,0.72182234,0.19761304,0.30505011,0.48927081,0.16717807,0.45109242,0.30738398,0.48993510,0.99339391,1.10443090,1.03919350,0.80021080
692,0.09200127,0.01961696,0.01510083,0.01133139,0.01713925,-0.36686558,-0.32960734,-0.24556477,-0.96081028,-0.10129077,-1.09739445,0.05020588,-1.03412901,0.20327583,-0.76526389,0.64360292,0.19870588,0.16619049,0.30940016,-0.01888234,0.23436739,0.05619441,0.15411506,0.16404043,0.64360292,0.81325288,0.82110665,0.72053582,0.19870588,0.30614855,0.49067271,0.16619049,0.45156002,0.30940016,0.49404573,0.99364486,1.10402998,1.03940314,0.79746044
693,0.09109923,0.02058271,0.01508694,0.01043273,0.01704921,-0.36772885,-0.34088126,-0.23484352,-0.96837572,-0.09871019,-1.09841055,0.05786660,-1.03334513,0.20587121,-0.76584120,0.64197224,0.18826550,0.17115273,0.30573652,-0.01465952,0.21897459,0.05784597,0.15738035,0.16767448,0.64197224,0.80438217,0.81444233,0.71599063,0.18826550,0.30086685,0.48584714,0.17115273,0.45175448,0.30573652,0.50301817,0.99868691,1.10496090,1.03902648,0.79871383
694,0.08995307,0.02113076,0.01523892,0.00952836,0.01695254,-0.36463699,-0.34942790,-0.22932867,-0.96690694,-0.09512795,-1.09027061,0.05751869,-1.02702851,0.20570594,-0.75793816,0.63260198,0.18228947,0.16667801,0.30721753,-0.01409244,0.21448522,0.05835259,0.16058036,0.17085397,0.63260198,0.78868952,0.79963370,0.70326021,0.18228947,0.29382583,0.48324749,0.16667801,0.44900089,0.30721753,0.50696083,0.99609398,1.09649625,1.03252370,0.79086439
695,0.09102136,0.02275849,0.01614929,0.00938517,0.01770676,-0.36441987,-0.35663466,-0.21726156,-0.97202905,-0.08904802,-1.09495401,0.06406076,-1.03614573,0.21148544,-0.76716830,0.63319846,0.17762222,0.16539940,0.30675951,-0.01174930,0.21997219,0.05930533,0.16245247,0.17293908,0.63319846,0.78838452,0.80463843,0.70903511,0.17762222,0.28937299,0.47590246,0.16539940,0.44544627,0.30675951,0.51187762,0.99840127,1.10077388,1.04210469,0.80147063
696,0.08684472,0.02326931,0.01590515,0.01014927,0.01961413,-0.36232447,-0.35843174,-0.21513582,-0.97031567,-0.08481216,-1.09689589,0.06716487,-1.03394155,0.21518149,-0.76103110,0.62977679,0.18168619,0.16585694,0.31048688,-0.01126773,0.23132422,0.06021556,0.16442269,0.17510207,0.62977679,0.78929085,0.80182905,0.70576436,0.18168619,0.29028839,0.47924653,0.16585694,0.45101635,0.31048688,0.51176351,0.99633184,1.10249829,1.04026718,0.79672135
697,0.08751608,0.02237487,0.01563226,0.00958634,0.01634119,-0.36222245,-0.35975378,-0.22105205,-0.96853408,-0.07989781,-1.09076076,0.06775725,-1.02344275,0.21283166,-0.75363703,0.62529961,0.18672178,0.16409621,0.30638478,-0.00381143,0.23114402,0.06045689,0.16601939,0.17668467,0.62529961,0.78395300,0.79218519,0.69897433,0.18672178,0.29508106,0.48517118,0.16409621,0.44747436,0.30638478,0.51205302,0.99531110,1.09544335,1.02931959,0.78848869
698,0.09022248,0.02246188,0.01502797,0.00813483,0.01643930,-0.36917770,-0.36538856,-0.22488092,-0.97579957,-0.08154817,-1.09679891,0.06996813,-1.03118007,0.21460629,-0.76194235,0.62770867,0.18758012,0.16684503,0.30570599,-0.00370463,0.23132995,0.06071001,0.16551708,0.17629977,0.62770867,0.78627922,0.79897545,0.70780518,0.18758012,0.30087587,0.48966103,0.16684503,0.44809173,0.30570599,0.52087697,1.00337431,1.10158312,1.03713549,0.79703352
699,0.08811308,0.02304261,0.01580990,0.00880594,0.01688769,-0.36732545,-0.35622792,-0.22186628,-0.96929956,-0.08468080,-1.09326779,0.06935627,-1.02220692,0.21541210,-0.75468532,0.63052445,0.18489991,0.17094752,0.30482396,-0.00111007,0.23002414,0.06140831,0.16712835,0.17805299,0.63052445,0.78972257,0.79762011,0.70761596,0.18489991,0.29674205,0.48776241,0.17094752,0.45313820,0.30482396,0.51322006,0.99635902,1.09834903,1.02800207,0.78977535
700,0.08966807,0.02348352,0.01610590,0.00741615,0.01460454,-0.36875438,-0.34878463,-0.22253978,-0.96019892,-0.08540426,-1.08328950,0.06872848,-1.01001278,0.21600349,-0.75558921,0.62893799,0.18429239,0.17165413,0.29399642,0.00045101,0.22265006,0.06207197,0.16896474,0.18000559,0.62893799,0.78743468,0.79361500,0.71337389,0.18429239,0.29592505,0.48431800,0.17165413,0.44577595,0.29399642,0.50964319,0.98777636,1.08843407,1.01555869,0.79035956
701,0.08905660,0.02262378,0.01589600,0.01078895,0.01841872,-0.36959960,-0.35960369,-0.22920532,-0.96928153,-0.08850276,-1.09704732,0.06462507,-1.03049625,0.21255183,-0.76570224,0.62612849,0.19007093,0.16862336,0.30334520,-0.00011357,0.22509603,0.06268840,0.16975789,0.18096292,0.62612849,0.78967195,0.80077103,0.71195435,0.19007093,0.30126076,0.48736178,0.16862336,0.44856644,0.30334520,0.51677001,0.99773169,1.10229594,1.03597338,0.79962387
702,0.08947293,0.02257673,0.01559333,0.01125487,0.01853287,-0.36988233,-0.36537547,-0.22157505,-0.97492560,-0.08154576,-1.09705895,0.07055217,-1.02491672,0.21760087,-0.76387090,0.62769785,0.18583267,0.17000586,0.29966395,0.00026932,0.21915069,0.06400333,0.17238400,0.18388221,0.62769785,0.78682559,0.79454125,0.71190841,0.18583267,0.29757823,0.48832303,0.17000586,0.44872940,0.29966395,0.52140767,1.00163610,1.10193555,1.03106758,0.79969417
703,0.08527092,0.02381397,0.01608428,0.00952337,0.01716707,-0.37230079,-0.35876885,-0.22234319,-0.97218055,-0.08052886,-1.10028749,0.06871155,-1.02414844,0.21699744,-0.75765894,0.63190403,0.19111805,0.16922575,0.30501746,0.00092497,0.22933911,0.06377284,0.17303312,0.18441105,0.63190403,0.79725258,0.79976062,0.71368753,0.19111805,0.29677008,0.48990972,0.16922575,0.45472657,0.30501746,0.51844398,0.99917629,1.10504746,1.03014523,0.79355068
704,0.08658197,0.02326885,0.01641727,0.00845832,0.01517076,-0.37056626,-0.36036226,-0.21676972,-0.96879613,-0.07685293,-1.08665504,0.07174897,-1.01290405,0.21367843,-0.74691922,0.62791241,0.18294499,0.16740661,0.30153540,0.00561831,0.23348443,0.06429178,0.17484474,0.18629040,0.62791241,0.78374020,0.78956931,0.70232845,0.18294499,0.29282599,0.48515079,0.16740661,0.44790225,0.30153540,0.51829787,0.99449215,1.09102142,1.01878394,0.78186001
705,0.08600523,0.02406277,0.01569574,0.00777623,0.01492833,-0.37250721,-0.35594437,-0.21885859,-0.96792170,-0.08140647,-1.09045168,0.06633386,-1.00557509,0.21773795,-0.74138031,0.63120741,0.18417086,0.17152962,0.30455764,0.00332624,0.22173384,0.06359815,0.17311532,0.18442787,0.63120741,0.79020925,0.78468340,0.70604336,0.18417086,0.28812777,0.49236549,0.17152962,0.46042464,0.30455764,0.51724520,0.99435042,1.09510058,1.01086958,0.77735304
706,0.08488344,0.02468464,0.01695048,0.00730055,0.01384844,-0.37466828,-0.35784959,-0.22294567,-0.96077642,-0.08385426,-1.08509753,0.06459940,-1.00001795,0.21673028,-0.74033331,0.62187824,0.18657787,0.17227434,0.30098996,0.01013817,0.22220640,0.06297746,0.17212450,0.18328395,0.62187824,0.78331329,0.77864574,0.70516197,0.18657787,0.29070853,0.49228698,0.17227434,0.45802324,0.30098996,0.52005627,0.98805944,1.08976448,1.00497092,0.77551695
707,0.08450922,0.02403769,0.01623377,0.00752344,0.01396362,-0.37566730,-0.35818797,-0.22513791,-0.95769177,-0.08222815,-1.08623474,0.06486409,-0.99611927,0.21563560,-0.73907043,0.61830779,0.19228575,0.17342075,0.29802160,0.00747025,0.21722336,0.06253923,0.16985829,0.18100551,0.61830779,0.78502512,0.77576714,0.70405665,0.19228575,0.29280820,0.49226885,0.17342075,0.45792047,0.29802160,0.52106216,0.98569662,1.09077631,1.00094842,0.77372742
708,0.08729907,0.02458591,0.01601141,0.00731638,0.01555676,-0.37681824,-0.36180895,-0.22859776,-0.96570541,-0.08479583,-1.09708761,0.06346362,-0.99926914,0.21870300,-0.74938299,0.62219107,0.19486040,0.17839480,0.29419481,0.00549963,0.21807574,0.06256773,0.16826937,0.17952521,0.62219107,0.79130720,0.77541253,0.71141779,0.19486040,0.29419274,0.49705957,0.17839480,0.46194034,0.29419481,0.52421597,0.99452759,1.10197376,1.00417888,0.78464015
709,0.09007734,0.02641983,0.01671218,0.00983197,0.01704608,-0.37593984,-0.35181971,-0.22964453,-0.95593011,-0.08556925,-1.08642438,0.06531567,-0.99152337,0.21121268,-0.74272298,0.62211922,0.19438934,0.17964920,0.28850092,0.01774407,0.22623503,0.06396190,0.17059575,0.18219230,0.62211922,0.79031299,0.77858399,0.70746350,0.19438934,0.29787776,0.49051973,0.17964920,0.45503611,0.28850092,0.51554199,0.98450575,1.09099119,0.99639393,0.77633706
710,0.09167634,0.02311276,0.01611209,0.01084089,0.01669870,-0.38163678,-0.35757703,-0.23520181,-0.96601879,-0.09157354,-1.09251482,0.06110201,-1.00921964,0.21177645,-0.75818592,0.62634207,0.19146517,0.17608892,0.29283518,0.01315711,0.23294463,0.06459266,0.17210191,0.18382405,0.62634207,0.79071696,0.78999278,0.71885424,0.19146517,0.30123898,0.49443821,0.17608892,0.45265729,0.29283518,0.52343845,0.99537793,1.09762328,1.01426690,0.79190490
711,0.09311965,0.02310252,0.01649977,0.01240010,0.01627069,-0.37799612,-0.34951604,-0.23470643,-0.96031878,-0.09229858,-1.09094351,0.06122613,-1.00623039,0.20849708,-0.75589352,0.62795987,0.19332955,0.17745614,0.29049881,0.00841268,0.23496266,0.06577828,0.17594245,0.18783644,0.62795987,0.79523827,0.79232724,0.71653529,0.19332955,0.30129361,0.48961313,0.17745614,0.45146803,0.29049881,0.51523340,0.98972158,1.09613357,1.01130063,0.78884333
712,0.09372711,0.02445113,0.01715060,0.01193727,0.01638533,-0.38073397,-0.34236711,-0.24213661,-0.95536329,-0.09885745,-1.09357213,0.05561241,-1.00876943,0.20415968,-0.76861359,0.62898121,0.19914979,0.17813291,0.28244887,0.00598028,0.23451119,0.06671014,0.17922891,0.19124132,0.62898121,0.80294168,0.79857933,0.72646188,0.19914979,0.30414015,0.48524874,0.17813291,0.44547313,0.28244887,0.51269902,0.98691918,1.09951285,1.01371423,0.80024564
713,0.09584749,0.02467764,0.01641578,0.01138811,0.01681710,-0.37780742,-0.34304841,-0.24631590,-0.95728428,-0.10349937,-1.09680049,0.05168186,-1.02337197,0.19711411,-0.77051923,0.62860127,0.19966245,0.17340717,0.29173831,-0.00587113,0.22642680,0.06757971,0.18225057,0.19437667,0.62860127,0.80252526,0.80610989,0.71855222,0.19966245,0.30637535,0.48218580,0.17340717,0.44463618,0.29173831,0.51171040,0.99037837,1.10349915,1.02843886,0.80075280
714,0.09764394,0.02493765,0.01792737,0.01086827,0.01586068,-0.37525652,-0.33844283,-0.25458184,-0.95457997,-0.10880136,-1.10707239,0.04645683,-1.03730175,0.18974265,-0.77588725,0.62801537,0.21098708,0.17188606,0.29811352,-0.00023685,0.21530433,0.06872915,0.18727195,0.19948554,0.62801537,0.81369940,0.81730416,0.71587481,0.21098708,0.31336438,0.47977798,0.17188606,0.44662524,0.29811352,0.50716087,0.98962946,1.11406781,1.04179366,0.80342733
715,0.10386787,0.02458899,0.01711293,0.00978825,0.01557332,-0.37698684,-0.34482927,-0.25160133,-0.95075647,-0.11146056,-1.11816409,0.04019525,-1.05150877,0.19024991,-0.77962493,0.61916731,0.21837381,0.16772714,0.31054577,-0.00846365,0.21214987,0.06996763,0.19313092,0.20541426,0.61916731,0.81809748,0.82236320,0.71678398,0.21837381,0.31025333,0.47492692,0.16772714,0.45430467,0.31054577,0.51299755,0.98587358,1.12609563,1.05697946,0.80880832
716,0.09735223,0.02305959,0.01536400,0.00844212,0.01676308,-0.37025270,-0.34201851,-0.25101287,-0.95870020,-0.11270644,-1.11988958,0.03753467,-1.05406010,0.19242720,-0.78120845,0.62853296,0.21240378,0.16551520,0.31375607,-0.02225480,0.21950259,0.07090684,0.19889055,0.21115215,0.62853296,0.81979136,0.82191889,0.71548944,0.21240378,0.30486549,0.47835295,0.16551520,0.45648931,0.31375607,0.50714895,0.99417808,1.12848545,1.05979517,0.81141830
717,0.09405901,0.02446067,0.01619302,0.00700749,0.01520554,-0.36238067,-0.35298996,-0.23995238,-0.96029774,-0.10580276,-1.11499505,0.03870744,-1.05007641,0.19462289,-0.77875741,0.61987317,0.20476465,0.15957633,0.31293535,-0.02296791,0.22837558,0.07210246,0.20460603,0.21693868,0.61987317,0.80433925,0.80528450,0.70242403,0.20476465,0.29346429,0.47150501,0.15957633,0.45140682,0.31293535,0.50966295,0.99327085,1.12313275,1.05581937,0.80956664
718,0.09505411,0.02380552,0.01594310,0.00741320,0.01491747,-0.36806203,-0.36466845,-0.24820249,-0.96849925,-0.10854744,-1.12784844,0.03799916,-1.05260501,0.18517267,-0.78099815,0.61578706,0.21189504,0.16553512,0.30892025,-0.02229189,0.20246310,0.07292265,0.20726344,0.21971766,0.61578706,0.80619707,0.79936423,0.69294507,0.21189504,0.29864674,0.47238021,0.16553512,0.45475717,0.30892025,0.52357128,1.00384165,1.13647690,1.05844442,0.80925016
719,0.09891830,0.02548494,0.01596249,0.00738269,0.01841256,-0.35952792,-0.34334113,-0.24310967,-0.94645440,-0.11670296,-1.10784394,0.03623587,-1.03530010,0.17924912,-0.77390766,0.61473310,0.20501080,0.16978278,0.29796534,-0.02806936,0.24184415,0.07539364,0.21324316,0.22617879,0.61473310,0.80257755,0.79812869,0.69095236,0.20501080,0.29352827,0.45657431,0.16978278,0.44646956,0.29796534,0.50078494,0.98085157,1.11735426,1.04075071,0.80093516
720,0.09686949,0.02389051,0.01567568,0.00474124,0.01894299,-0.35804509,-0.33028980,-0.24437257,-0.95464862,-0.11822928,-1.09809590,0.02928073,-1.01801568,0.17336794,-0.76414413,0.63521399,0.19111444,0.16790536,0.29191077,-0.02981593,0.22762038,0.07559751,0.21366956,0.22664877,0.63521399,0.80467273,0.78972236,0.68651865,0.19111444,0.28089796,0.45913066,0.16790536,0.44336644,0.29191077,0.49115248,0.98955000,1.10765108,1.02229557,0.78858451
721,0.09082712,0.02130703,0.01550790,0.00583486,0.01799015,-0.36578574,-0.32397173,-0.25668893,-0.97958321,-0.13657367,-1.11315798,0.01094428,-1.03773385,0.16305453,-0.78644712,0.66559897,0.17963836,0.16583592,0.29374106,-0.03986344,0.25029750,0.07511530,0.21152346,0.22446488,0.66559897,0.82259485,0.80824507,0.70380227,0.17963836,0.27397702,0.46208786,0.16583592,0.44334347,0.29374106,0.49174098,1.01675571,1.12522556,1.04246370,0.80906418
722,0.09071558,0.02169542,0.01628201,0.00436581,0.01791629,-0.35996806,-0.32296020,-0.26546236,-0.97744609,-0.14371693,-1.11746948,-0.00101451,-1.04270272,0.15785058,-0.78787592,0.66214043,0.18554967,0.16120171,0.30029122,-0.04329155,0.25682021,0.07415762,0.20972126,0.22244630,0.66214043,0.82409213,0.80523611,0.69699932,0.18554967,0.27243057,0.46385086,0.16120171,0.44677332,0.30029122,0.48736306,1.01722570,1.13057058,1.04743468,0.80965865
723,0.08702902,0.02231150,0.01715472,0.00426764,0.01853878,-0.36844218,-0.31077808,-0.27079656,-0.96412329,-0.15815256,-1.10316343,-0.00804892,-1.03992296,0.15128949,-0.78872330,0.66101585,0.17898886,0.16296465,0.29747436,-0.04014869,0.24745691,0.07409808,0.20933431,0.22206165,0.66101585,0.82004363,0.81371940,0.70654532,0.17898886,0.27346533,0.45708479,0.16296465,0.44120896,0.29747436,0.48726537,1.00590582,1.11813126,1.04437099,0.80893218
724,0.08988774,0.02290215,0.01605655,0.00502595,0.01815543,-0.37678466,-0.29968285,-0.28526076,-0.96464799,-0.17188104,-1.10864552,-0.01893556,-1.04753579,0.13966441,-0.80462614,0.67150317,0.18356121,0.16473763,0.29010181,-0.04644098,0.22095184,0.07506263,0.20928337,0.22233742,0.67150317,0.83455573,0.82914970,0.72238421,0.18356121,0.27900826,0.45410705,0.16473763,0.43531688,0.29010181,0.48783955,1.01068658,1.12530475,1.05165364,0.82172529
725,0.09929373,0.02174909,0.01492706,0.00749046,0.01660391,-0.37832995,-0.30107838,-0.30317204,-0.95218223,-0.17431944,-1.09824796,-0.02802988,-1.05015873,0.12515103,-0.78957737,0.65551676,0.19547630,0.15409471,0.30227039,-0.03675306,0.18363338,0.07557679,0.21502759,0.22792261,0.65551676,0.82288029,0.82694105,0.70151604,0.19547630,0.29226801,0.45829268,0.15409471,0.43009968,0.30227039,0.49142475,1.00414182,1.11502720,1.05419631,0.80417817
726,0.10961429,0.02091791,0.01630451,0.01080123,0.01514225,-0.38564283,-0.28954440,-0.31655153,-0.95650449,-0.18876568,-1.11657939,-0.03353223,-1.08061940,0.12243649,-0.81166343,0.67059241,0.20502348,0.15984168,0.31092680,-0.03826788,0.17641814,0.07742773,0.21952283,0.23277742,0.67059241,0.85014559,0.86599369,0.72858771,0.20502348,0.30905864,0.46226555,0.15984168,0.43578006,0.31092680,0.49064992,1.01244135,1.13604431,1.08605736,0.82688889
727,0.11254000,0.02145987,0.01625060,0.01010395,0.01228711,-0.38236068,-0.28298553,-0.31551719,-0.95301851,-0.19429242,-1.11988665,-0.03173736,-1.08329885,0.12156117,-0.82521357,0.67354226,0.20645115,0.16702704,0.30020430,-0.04380264,0.17839731,0.08025611,0.22778680,0.24151163,0.67354226,0.85779820,0.87394120,0.74037823,0.20645115,0.31226699,0.45538222,0.16702704,0.43203884,0.30020430,0.48383652,1.00927610,1.14058681,1.08900552,0.84044903
728,0.11665398,0.02072629,0.01475141,0.01030852,0.01179008,-0.38616444,-0.28475962,-0.31235038,-0.97377479,-0.19217413,-1.13918237,-0.02921119,-1.09721267,0.12350531,-0.83431936,0.69336738,0.20479950,0.16868445,0.30404439,-0.05291247,0.16274779,0.08315647,0.23528450,0.24954718,0.69336738,0.87624973,0.88772397,0.74980896,0.20479950,0.30887660,0.45763189,0.16868445,0.43894620,0.30404439,0.48823183,1.02899587,1.15979784,1.10350128,0.85070613
729,0.11822046,0.02126390,0.01504231,0.00953962,0.00992904,-0.38595944,-0.29183849,-0.31392764,-0.96755494,-0.19532040,-1.14310478,-0.03088748,-1.09412290,0.11806893,-0.84163963,0.67994096,0.21204252,0.17201956,0.29315327,-0.05226123,0.17977444,0.08662488,0.24676022,0.26152338,0.67994096,0.87247143,0.87775647,0.74629455,0.21204252,0.31007154,0.44997697,0.17201956,0.43497972,0.29315327,0.49130877,1.02296279,1.16394086,1.10027201,0.85700076
730,0.11004896,0.02184543,0.01528903,0.00782756,0.01044307,-0.38340506,-0.30854492,-0.30580907,-0.98539236,-0.19013531,-1.15722693,-0.02297254,-1.10873024,0.12286070,-0.85140231,0.68156598,0.20744301,0.17434270,0.29577982,-0.05655356,0.16795261,0.09029552,0.25530232,0.27079984,0.68156598,0.87045223,0.87781069,0.74250405,0.20744301,0.30856139,0.44912713,0.17434270,0.43769761,0.29577982,0.50185064,1.03847698,1.17759467,1.11510112,0.86800095
731,0.10697680,0.02011700,0.01493176,0.00864448,0.01172534,-0.38125654,-0.29679342,-0.30011349,-0.98345818,-0.18608523,-1.14444763,-0.02141367,-1.09511702,0.12423015,-0.84429809,0.69159201,0.19764948,0.17206805,0.29003842,-0.05247879,0.16508857,0.09339755,0.26580952,0.28174067,0.69159201,0.86983615,0.87573129,0.74523747,0.19764948,0.30026896,0.44660043,0.17206805,0.43179253,0.29003842,0.49324055,1.03448631,1.16391534,1.10074684,0.86035331
732,0.10557285,0.02055809,0.01547461,0.00901317,0.01161917,-0.37455456,-0.29382084,-0.29528910,-0.97568822,-0.18227934,-1.13509210,-0.02116704,-1.08567927,0.12391761,-0.83709784,0.68651629,0.19584585,0.16866286,0.28782393,-0.04792769,0.16123209,0.09502609,0.27345937,0.28949955,0.68651629,0.86297517,0.86713853,0.73731165,0.19584585,0.29543223,0.44157489,0.16866286,0.42731468,0.28782393,0.48691680,1.02543662,1.15379911,1.09094025,0.85262594
733,0.10410602,0.02140417,0.01571488,0.00977162,0.01149573,-0.36994827,-0.29590702,-0.29427968,-0.95667425,-0.18397443,-1.11550129,-0.02423426,-1.07198790,0.12264771,-0.82674459,0.66516330,0.19369597,0.16593188,0.28587842,-0.04310071,0.16946313,0.09681031,0.28025495,0.29650476,0.66516330,0.84042969,0.84965947,0.72429639,0.19369597,0.29363545,0.43671226,0.16593188,0.42141519,0.28587842,0.48285849,1.00625878,1.13434131,1.07724611,0.84252703
734,0.10724281,0.02297601,0.01636569,0.01061178,0.01010438,-0.37154979,-0.28328028,-0.29578066,-0.93435601,-0.18622408,-1.09794260,-0.03353020,-1.05202765,0.11012901,-0.81306793,0.65547424,0.19732609,0.15987078,0.27883659,-0.02730670,0.17188176,0.09680787,0.28651545,0.30242828,0.65547424,0.83554559,0.83978002,0.71603467,0.19732609,0.28744464,0.42364610,0.15987078,0.41133671,0.27883659,0.47563457,0.98431561,1.11637154,1.05639440,0.82575595
735,0.10003234,0.02226029,0.01602226,0.01057528,0.01588888,-0.36262645,-0.28741683,-0.29388791,-0.92506276,-0.18951443,-1.08200779,-0.03201531,-1.04426178,0.10567873,-0.80984154,0.64141130,0.18855942,0.16265977,0.27195911,-0.03126753,0.20694137,0.09714384,0.28872538,0.30462972,0.64141130,0.81324032,0.82612831,0.70208729,0.18855942,0.28788807,0.41618333,0.16265977,0.40212175,0.27195911,0.46872259,0.97428173,1.10131266,1.04897546,0.82293524
736,0.09508193,0.02402643,0.01654643,0.01177956,0.01665256,-0.34461553,-0.26857945,-0.28753067,-0.91734654,-0.17741484,-1.07253599,-0.02619075,-1.04590854,0.11539880,-0.81858581,0.65128502,0.19028751,0.15535707,0.26823844,-0.01797349,0.24842523,0.09990956,0.28878225,0.30557668,0.65128502,0.82116940,0.84024706,0.71785710,0.19028751,0.29218422,0.41663566,0.15535707,0.38952747,0.26823844,0.44232716,0.96355684,1.08904370,1.04997134,0.83314664
737,0.09989147,0.02358704,0.01716392,0.01173855,0.01832768,-0.34333497,-0.25721975,-0.27931097,-0.92117636,-0.17535817,-1.06018089,-0.02151687,-1.04384006,0.12080956,-0.80520498,0.66703848,0.17357790,0.15598050,0.27812884,-0.01565729,0.25845173,0.09910472,0.28855897,0.30510330,0.66703848,0.82034348,0.85011982,0.71882327,0.17357790,0.28624681,0.41790470,0.15598050,0.39213093,0.27812884,0.43320539,0.96436768,1.07622796,1.04707124,0.81936087
738,0.10553727,0.02404032,0.01752239,0.01314785,0.01731461,-0.33330666,-0.26292863,-0.26681608,-0.90707197,-0.16846659,-1.04965389,-0.01435277,-1.02810603,0.12188199,-0.80045571,0.64761197,0.17321385,0.15699797,0.26570923,0.00064535,0.26715768,0.09675267,0.28976129,0.30548761,0.64761197,0.80383792,0.82911020,0.70495142,0.17321385,0.28081715,0.40469824,0.15699797,0.38427154,0.26570923,0.42754713,0.94647696,1.06399289,1.03023989,0.81356805
739,0.09314872,0.02373622,0.01426367,0.01308475,0.01849401,-0.32167894,-0.26469160,-0.25981066,-0.89370179,-0.16140440,-1.04641522,-0.01097510,-1.02799273,0.12265655,-0.80557433,0.63205219,0.18173089,0.15331446,0.25986846,0.00704323,0.28492018,0.09688384,0.28939453,0.30518138,0.63205219,0.79798654,0.82448918,0.70108436,0.18173089,0.28411816,0.39473399,0.15331446,0.37429736,0.25986846,0.41809335,0.93127288,1.05944344,1.02982279,0.81827266
740,0.09692471,0.02525644,0.01822447,0.01274239,0.01561157,-0.32656355,-0.28196514,-0.25685457,-0.89448826,-0.15587123,-1.04404174,-0.00861757,-1.02828941,0.12146651,-0.80572798,0.61647706,0.18053187,0.15047382,0.25820830,0.00183827,0.29948600,0.09290773,0.28975113,0.30428205,0.61647706,0.78097505,0.81184625,0.69080470,0.18053187,0.28380327,0.39138230,0.15047382,0.36799457,0.25820830,0.43251132,0.93112140,1.05620444,1.03019262,0.81843373
741,0.08861962,0.02502839,0.02095027,0.01445475,0.01758502,-0.32478385,-0.29337800,-0.25517066,-0.89239423,-0.15785666,-1.04272868,-0.01434849,-1.02419770,0.10245703,-0.80376407,0.60307587,0.17954782,0.14739372,0.24993152,0.00180078,0.32455290,0.09211585,0.29146673,0.30567660,0.60307587,0.76775081,0.79479689,0.66750516,0.17954782,0.27757211,0.37270508,0.14739372,0.35600371,0.24993152,0.43905136,0.92861093,1.05544111,1.02668282,0.81472888
742,0.08547368,0.02477428,0.02016908,0.01662385,0.01799745,-0.30842073,-0.28314232,-0.24314205,-0.88416222,-0.14421059,-1.05377741,-0.00885263,-1.00742653,0.10858381,-0.79444058,0.60457768,0.19672473,0.14531126,0.24367791,0.00254393,0.31790711,0.08981279,0.29095198,0.30449859,0.60457768,0.78796472,0.78444861,0.66146551,0.19672473,0.26736496,0.36674907,0.14531126,0.36440595,0.24367791,0.42059149,0.91764352,1.06462677,1.01004650,0.80654890
743,0.09266162,0.02645732,0.02118560,0.01371980,0.01164130,-0.30811311,-0.28574627,-0.24453282,-0.87598590,-0.14668521,-1.03517675,-0.01264841,-0.99465507,0.10177260,-0.77880631,0.59374420,0.18704804,0.14155567,0.24462574,0.00872211,0.31604913,0.09025334,0.29190207,0.30553639,0.59374420,0.76662158,0.76824847,0.64195234,0.18704804,0.26211392,0.36210029,0.14155567,0.35856519,0.24462574,0.42186862,0.90987498,1.04611539,0.99631586,0.78842669
744,0.09754246,0.02612859,0.02350032,0.01608208,0.01091320,-0.31010894,-0.29361451,-0.24256947,-0.88261766,-0.14008156,-1.04881206,-0.01217232,-1.00137434,0.10116460,-0.79456129,0.59316139,0.19545684,0.13825246,0.23601398,0.01076055,0.30473600,0.09030304,0.28916113,0.30293365,0.59316139,0.77416486,0.76801445,0.64851103,0.19545684,0.26108668,0.35714521,0.13825246,0.35191846,0.23601398,0.42908348,0.91562853,1.05860117,1.00291127,0.80348151
745,0.10124498,0.02623183,0.02549994,0.01860053,0.01098225,-0.31215722,-0.30335171,-0.24868088,-0.88727255,-0.14814998,-1.04151564,-0.00815463,-1.00131272,0.10503528,-0.80082565,0.58819320,0.18443507,0.14864671,0.23063592,0.02935583,0.31282823,0.08977978,0.28555960,0.29934043,0.58819320,0.75643874,0.76134992,0.64965843,0.18443507,0.26926764,0.36814103,0.14864671,0.35200934,0.23063592,0.43635807,0.92146354,1.05205054,1.00214564,0.80946513
746,0.10139442,0.02594826,0.02515545,0.01849596,0.00992092,-0.31343027,-0.30764501,-0.25108814,-0.90348938,-0.15200131,-1.05484815,-0.00851610,-1.01733805,0.10603908,-0.81586650,0.59965258,0.18154292,0.15127904,0.23217229,0.02048312,0.31869021,0.08857057,0.27987889,0.29355909,0.59965258,0.76451621,0.77266129,0.65979711,0.18154292,0.27171411,0.37239166,0.15127904,0.35440222,0.23217229,0.44027893,0.93774482,1.06593805,1.01861184,0.82521440
747,0.10724757,0.02485648,0.02249754,0.01585138,0.00964843,-0.30354847,-0.28673462,-0.24439541,-0.89498391,-0.15193124,-1.03810933,-0.01320594,-1.00628272,0.10183828,-0.79618772,0.61122813,0.17079371,0.14447688,0.23975489,0.00360658,0.30679549,0.08674700,0.28125792,0.29433155,0.61122813,0.76651924,0.77631784,0.65201666,0.17079371,0.25916543,0.36308721,0.14447688,0.35236699,0.23975489,0.41870298,0.92795411,1.04962581,1.00791548,0.80539668
748,0.09891275,0.02613298,0.02196388,0.01281265,0.01124856,-0.30327426,-0.27348945,-0.24831560,-0.88072652,-0.15148868,-1.03202739,-0.01899118,-0.99400386,0.09726125,-0.78914867,0.60983702,0.17987953,0.13958846,0.23563753,0.00065098,0.30718099,0.08762422,0.28080481,0.29415871,0.60983702,0.77357945,0.77481346,0.65346466,0.17987953,0.25770083,0.35953244,0.13958846,0.34883978,0.23563753,0.41078540,0.91563697,1.04392643,0.99623410,0.79824353
749,0.09721440,0.02674684,0.02110643,0.00986546,0.01131922,-0.30694466,-0.27555450,-0.24894983,-0.88223551,-0.14245860,-1.03199544,-0.01434809,-0.99504189,0.09481886,-0.77587711,0.60947627,0.18381337,0.13460686,0.24503620,-0.00479004,0.30727933,0.08861310,0.28002136,0.29370775,0.60947627,0.77411969,0.77688970,0.64221046,0.18381337,0.26131222,0.36130322,0.13460686,0.35026416,0.24503620,0.41449962,0.91734732,1.04251685,0.99681178,0.78453391
750,0.09872777,0.02736931,0.02004741,0.00598772,0.01559850,-0.31519197,-0.27641244,-0.24959533,-0.88699390,-0.14466201,-1.03956357,-0.01879762,-0.99173052,0.09668828,-0.77566202,0.61409972,0.18517205,0.13518059,0.24536096,-0.01044779,0.30254870,0.08977992,0.27786228,0.29200665,0.61409972,0.78197447,0.77441925,0.64780025,0.18517205,0.25371496,0.36459636,0.13518059,0.35852302,0.24536096,0.42216769,0.92291802,1.05085539,0.99395468,0.78546187
751,0.10248948,0.02714017,0.02091424,0.00809398,0.01705278,-0.31637949,-0.29552954,-0.25159970,-0.90882176,-0.14769200,-1.06742148,-0.01249657,-1.01157354,0.10989489,-0.78408363,0.61677711,0.18967022,0.14691607,0.25857451,-0.01057781,0.29154967,0.09066711,0.27218287,0.28688681,0.61677711,0.79024064,0.77836601,0.64957965,0.18967022,0.26091065,0.38358425,0.14691607,0.38374464,0.25857451,0.43615221,0.94506565,1.07968876,1.01488602,0.79711510
752,0.11536544,0.02546601,0.02105302,0.01116044,0.01497696,-0.32954285,-0.29362694,-0.25741875,-0.91742356,-0.15143140,-1.06772431,-0.01078894,-1.02066718,0.11909413,-0.79123847,0.62795509,0.18415964,0.14945035,0.26397707,0.00077295,0.28519418,0.09268370,0.27399223,0.28924386,0.62795509,0.79440589,0.79440795,0.67138357,0.18415964,0.26883047,0.39923721,0.14945035,0.38811954,0.26397707,0.44364358,0.95399452,1.07987195,1.02344985,0.80496890
753,0.09764940,0.02522194,0.01836152,0.00907937,0.01735690,-0.33651076,-0.31162519,-0.26107647,-0.93131179,-0.15710303,-1.08631787,-0.01387304,-1.04364677,0.11607623,-0.80368100,0.62426490,0.18664771,0.14978846,0.27318825,-0.02169460,0.27845625,0.09191063,0.27347519,0.28850692,0.62426490,0.79519878,0.80000687,0.66885942,0.18664771,0.27171301,0.39880782,0.14978846,0.39373616,0.27318825,0.46488415,0.97002106,1.10008816,1.04709032,0.81772398
754,0.09624637,0.02425432,0.01856204,0.00959116,0.01653135,-0.34008856,-0.31456579,-0.26036986,-0.94830601,-0.15293594,-1.09600625,-0.00815716,-1.04253172,0.11916445,-0.79901268,0.63873451,0.18266521,0.15458889,0.27497408,-0.02177377,0.27128752,0.09548077,0.27819645,0.29412556,0.63873451,0.80354572,0.80016083,0.66789487,0.18266521,0.26949852,0.40842072,0.15458889,0.40322946,0.27497408,0.46885980,0.98606460,1.10919502,1.04596255,0.81332061
755,0.10490513,0.02361101,0.01730353,0.00970684,0.01489963,-0.34360912,-0.34753613,-0.24715760,-0.95444811,-0.13956850,-1.09809684,-0.00192269,-1.03696253,0.12582900,-0.79850868,0.61463059,0.17947285,0.15117093,0.27074761,-0.02410499,0.25396170,0.09874849,0.28372415,0.30041747,0.61463059,0.77788684,0.76984548,0.65193696,0.17947285,0.25908921,0.40501235,0.15117093,0.40096158,0.27074761,0.49248653,0.98855512,1.10929325,1.04047101,0.81409755
756,0.10300522,0.02378124,0.01665486,0.00968005,0.01576207,-0.34521504,-0.35468019,-0.25061933,-0.96096287,-0.14303145,-1.10573185,-0.00730297,-1.03949945,0.12214759,-0.79577597,0.61376028,0.18038867,0.15161458,0.27637972,-0.03333513,0.25012442,0.09813359,0.28767854,0.30395582,0.61376028,0.77786186,0.76402555,0.64382849,0.18038867,0.25590199,0.40854287,0.15161458,0.40890093,0.27637972,0.50020042,0.99678210,1.11802260,1.04397152,0.81275583
757,0.10276627,0.02254832,0.01466444,0.01044638,0.01602657,-0.34373618,-0.35089725,-0.24968021,-0.96175835,-0.13682813,-1.10814270,-0.00497310,-1.03754902,0.12368662,-0.79206921,0.61825405,0.18490189,0.15026819,0.27759657,-0.03679764,0.23364134,0.10026944,0.29424450,0.31085975,0.61825405,0.78507479,0.76608045,0.64403235,0.18490189,0.25635376,0.41089529,0.15026819,0.41071165,0.27759657,0.49621518,0.99733942,1.11948191,1.04193681,0.80932769
758,0.10342925,0.02475264,0.01579103,0.00741974,0.01400530,-0.33792524,-0.35112895,-0.24490953,-0.95316328,-0.13344978,-1.09689410,0.00118981,-1.01923904,0.12703592,-0.77558440,0.60928915,0.18202477,0.15591035,0.27450417,-0.02905186,0.23393962,0.09993122,0.30307045,0.31912059,0.60928915,0.77330213,0.74943360,0.63022758,0.18202477,0.25486622,0.41252270,0.15591035,0.41435245,0.27450417,0.49309452,0.98795164,1.10785425,1.02338033,0.79278628
759,0.09879481,0.02603132,0.01640868,0.00718524,0.01527306,-0.33511638,-0.35657160,-0.23752470,-0.96308361,-0.13009538,-1.10337073,0.00617416,-1.02525830,0.13218615,-0.77726276,0.61443666,0.17694008,0.15723071,0.27831152,-0.03175971,0.22550749,0.10223097,0.30730460,0.32386307,0.61443666,0.77443636,0.75081538,0.62905405,0.17694008,0.25151454,0.41383408,0.15723071,0.41879522,0.27831152,0.49700190,0.99689759,1.11465271,1.02986500,0.79549660
760,0.08869570,0.02379591,0.01523109,0.00722665,0.01785160,-0.33408923,-0.36767120,-0.22843031,-0.97373257,-0.12035210,-1.10787569,0.01134913,-1.01888162,0.14024800,-0.76847101,0.61556724,0.17265638,0.15900336,0.28173954,-0.03860949,0.22144759,0.10412994,0.31227881,0.32918247,0.61556724,0.77050491,0.73728546,0.62135855,0.17265638,0.24410844,0.42196682,0.15900336,0.42806963,0.28173954,0.50445277,1.00606722,1.11862246,1.02396665,0.78870755
761,0.08565941,0.02417877,0.01578278,0.00818814,0.01954328,-0.33532913,-0.36453973,-0.21901167,-0.96910061,-0.11190038,-1.10336276,0.01701648,-1.01384649,0.14395273,-0.76181035,0.61602466,0.17232574,0.15695020,0.28226401,-0.03796773,0.22269673,0.10606273,0.31628867,0.33359830,0.61602466,0.77190399,0.73879312,0.62269059,0.17232574,0.24059625,0.41804595,0.15695020,0.42681068,0.28226401,0.50346130,0.99980233,1.11331682,1.01876168,0.78232332
762,0.08533241,0.02334738,0.01675872,0.00871424,0.01745292,-0.33285779,-0.36210574,-0.21585497,-0.97618680,-0.10709080,-1.11111313,0.01882893,-1.02934446,0.14787727,-0.76986718,0.62550878,0.17375071,0.15016948,0.28981902,-0.03386379,0.20578379,0.10552803,0.31768509,0.33475361,0.62550878,0.78234961,0.75435031,0.63058053,0.17375071,0.24081384,0.41821369,0.15016948,0.42602975,0.28981902,0.50002049,1.00600411,1.12068044,1.03459802,0.79107978
763,0.08343653,0.02273884,0.01751516,0.00961617,0.01579129,-0.33136035,-0.35866920,-0.21491928,-0.99039952,-0.10591808,-1.11694807,0.01898996,-1.03197710,0.14590742,-0.76291773,0.64278448,0.16752073,0.15107647,0.29749256,-0.03873803,0.20011798,0.10280841,0.31667927,0.33294944,0.64278448,0.79114652,0.75905468,0.62553435,0.16752073,0.23800914,0.42676057,0.15107647,0.43445808,0.29749256,0.49751363,1.02033106,1.12689480,1.03737201,0.78378992
764,0.07725748,0.02327526,0.01760970,0.00917165,0.01281357,-0.33098695,-0.36668999,-0.21126503,-0.98451599,-0.09990441,-1.10579696,0.02699454,-1.02118360,0.14700439,-0.75950380,0.62936941,0.16536298,0.15252645,0.28789145,-0.02681563,0.17810480,0.10502288,0.31879261,0.33564644,0.62936941,0.77442380,0.74604724,0.61877607,0.16536298,0.24163309,0.42346208,0.15252645,0.42531334,0.28789145,0.50471151,1.01308379,1.11445966,1.02594289,0.77920182
765,0.07588708,0.02287950,0.01833315,0.00816366,0.01441173,-0.32535766,-0.36943871,-0.20978850,-0.98192616,-0.10114879,-1.10168804,0.02977876,-1.01804747,0.15132715,-0.75528885,0.62339096,0.16221181,0.15536858,0.28951040,-0.02755765,0.19612288,0.10601566,0.31922474,0.33636848,0.62339096,0.76580856,0.73947685,0.61328817,0.16221181,0.24269118,0.42659404,0.15536858,0.42864826,0.28951040,0.50274618,1.01041991,1.11083398,1.02325873,0.77655143
766,0.07730704,0.02211791,0.01758542,0.00802784,0.01464248,-0.32593502,-0.37838021,-0.20928618,-0.98923891,-0.09703778,-1.10986745,0.03280989,-1.02593935,0.15272677,-0.76157556,0.62219953,0.16536733,0.15461177,0.29029087,-0.03438312,0.19278558,0.10628232,0.31855617,0.33581835,0.62219953,0.76648358,0.74030629,0.61316564,0.16536733,0.24530025,0.42792563,0.15461177,0.42859248,0.29029087,0.50883142,1.01787085,1.11884578,1.03154398,0.78334620
767,0.07589650,0.02085933,0.01735133,0.00837086,0.01572305,-0.32597109,-0.38887630,-0.20509371,-1.00500129,-0.09315737,-1.12052074,0.03333857,-1.02639774,0.15738858,-0.76209044,0.62844784,0.16143307,0.15768553,0.29197481,-0.04076168,0.19656294,0.10781918,0.31857420,0.33632498,0.62844784,0.76790781,0.73188964,0.61075170,0.16143307,0.23990681,0.43669129,0.15768553,0.43733181,0.29197481,0.51560345,1.03252498,1.12925523,1.03205758,0.78470850
768,0.07574744,0.02084814,0.01719524,0.00787140,0.01615565,-0.32027389,-0.39541692,-0.20124853,-1.00653486,-0.08889012,-1.12220496,0.03931428,-1.02442318,0.16356882,-0.75525981,0.62332999,0.16192608,0.16125960,0.29646109,-0.04104219,0.19126557,0.10686313,0.32012592,0.33749124,0.62332999,0.76288764,0.72464891,0.60309937,0.16192608,0.24184995,0.44336067,0.16125960,0.44541869,0.29646109,0.51759342,1.03402305,1.13109726,1.03079950,0.78007071
769,0.07626244,0.02079874,0.01738926,0.00745778,0.01455871,-0.32040663,-0.40607456,-0.19543658,-1.01068569,-0.08488579,-1.12504976,0.04341309,-1.02215848,0.16473147,-0.75284796,0.61826847,0.15975974,0.16450677,0.29538336,-0.03992488,0.18629080,0.10834956,0.32215826,0.33989053,0.61826847,0.75678232,0.71562761,0.59644893,0.15975974,0.23986488,0.44344678,0.16450677,0.44819721,0.29538336,0.52533413,1.03693058,1.13357364,1.02854122,0.77759352
770,0.07307835,0.02161249,0.01790412,0.00701091,0.01644454,-0.31537456,-0.41390317,-0.18900484,-1.01130112,-0.07603520,-1.12237656,0.04445122,-1.01621567,0.16968381,-0.74225777,0.61131822,0.15969797,0.16083123,0.30125259,-0.03649990,0.17488626,0.10945885,0.32566652,0.34356938,0.61131822,0.74786500,0.70160887,0.58575876,0.15969797,0.23530277,0.44959931,0.16083123,0.45281148,0.30125259,0.52994950,1.03694341,1.13026791,1.02215013,0.76749428
771,0.07164874,0.02220148,0.01722937,0.00755297,0.01740993,-0.31085341,-0.41140264,-0.19034873,-0.99972962,-0.07852239,-1.11524108,0.04096499,-1.00308258,0.16336330,-0.73168497,0.60117764,0.16243610,0.16424025,0.29773180,-0.03775679,0.17736154,0.10860594,0.33062871,0.34800948,0.60117764,0.74120592,0.68840562,0.57231228,0.16243610,0.23383051,0.44530386,0.16424025,0.45365457,0.29773180,0.52603637,1.02617952,1.12325892,1.00865944,0.75571871
772,0.07098862,0.02348595,0.01681899,0.00727835,0.01573956,-0.31196508,-0.41539624,-0.18078303,-1.01705890,-0.06965305,-1.11748352,0.05761859,-0.98806339,0.18171454,-0.71719547,0.61644589,0.15206239,0.18244026,0.29808162,-0.03603914,0.19200042,0.11218276,0.34105201,0.35902847,0.61644589,0.74272863,0.68176684,0.57918055,0.15206239,0.24426136,0.47350597,0.18244026,0.47346769,0.29808162,0.53014790,1.04165631,1.12482705,0.99377319,0.74420123
773,0.07365593,0.02324371,0.01620220,0.00622487,0.01612985,-0.31009709,-0.41391368,-0.17274165,-1.02145879,-0.06310590,-1.11910200,0.06295491,-0.98694984,0.18703931,-0.70681655,0.62395917,0.14936619,0.18364072,0.30656484,-0.04233105,0.18753842,0.11387173,0.35182402,0.36979306,0.62395917,0.74724833,0.68384054,0.57737034,0.14936619,0.24274206,0.48136640,0.18364072,0.48315014,0.30656484,0.52716843,1.04521855,1.12639202,0.99323543,0.73568440
774,0.07235540,0.02292916,0.01754770,0.00804803,0.01667028,-0.30196266,-0.43300220,-0.16010670,-1.03019123,-0.05374790,-1.12735355,0.06479888,-0.99462163,0.18672621,-0.70622381,0.61492752,0.14679951,0.17889970,0.31323572,-0.04204366,0.18799568,0.11761174,0.36204908,0.38067316,0.61492752,0.73743697,0.67083427,0.56017586,0.14679951,0.23240318,0.47781279,0.17889970,0.48570560,0.31323572,0.53871300,1.05253065,1.13461081,1.00153922,0.73592434
775,0.07252089,0.02523199,0.01892682,0.00867780,0.01300454,-0.29473598,-0.43091060,-0.15122263,-1.03025629,-0.05060403,-1.12428235,0.07279801,-0.99952710,0.18608225,-0.70045865,0.61652544,0.14163118,0.17694692,0.32013054,-0.01873722,0.12875035,0.12126047,0.36686632,0.38638711,0.61652544,0.73526887,0.67816486,0.55377864,0.14163118,0.23291295,0.47694896,0.17694692,0.48685793,0.32013054,0.53663328,1.05083629,1.13060997,1.00580966,0.72822402
776,0.07004434,0.02444545,0.01986146,0.00822049,0.01335517,-0.29025878,-0.43428229,-0.14726952,-1.01383358,-0.04014731,-1.10141125,0.07479956,-0.96565396,0.18475005,-0.68354957,0.59705049,0.14211647,0.17941276,0.30309811,-0.01395376,0.12427483,0.12157837,0.36827808,0.38782734,0.59705049,0.71276574,0.64617610,0.53954846,0.14211647,0.23398744,0.47349715,0.17941276,0.47600935,0.30309811,0.53652570,1.03326462,1.10685802,0.97173799,0.71102411
777,0.06374944,0.02620626,0.01658753,0.00533044,0.01501413,-0.29301106,-0.41935147,-0.15417345,-0.99443994,-0.04287171,-1.09581589,0.06982792,-0.96956722,0.18465900,-0.67183503,0.59211381,0.15376982,0.17008691,0.31914894,-0.01946535,0.18925171,0.11411445,0.36337004,0.38086729,0.59211381,0.72126365,0.65951578,0.54106805,0.15376982,0.23050032,0.47088118,0.17008691,0.48168102,0.31914894,0.52389828,1.01565266,1.10177126,0.97614834,0.70179624
778,0.05938997,0.02667690,0.01842097,0.00766309,0.01570035,-0.28800051,-0.42667272,-0.15477683,-1.00026055,-0.05002925,-1.09093357,0.06816765,-0.97026033,0.18695597,-0.68967933,0.58919843,0.14187008,0.17032815,0.30470263,-0.02543922,0.20002361,0.11394726,0.35707395,0.37481434,0.58919843,0.70567871,0.65068461,0.54404589,0.14187008,0.23098574,0.46506288,0.17032815,0.46666044,0.30470263,0.52891212,1.02201409,1.09770619,0.97672502,0.71977409
779,0.05939952,0.02678445,0.01998872,0.00617416,0.01482708,-0.29546811,-0.40956390,-0.16152636,-0.99477599,-0.05621878,-1.08719776,0.06253748,-0.97765465,0.18867696,-0.68726285,0.60051502,0.14365806,0.16300655,0.31664253,-0.02734499,0.15724441,0.10958447,0.34918902,0.36598050,0.60051502,0.71884010,0.67262204,0.55986112,0.14365806,0.23096603,0.46968100,0.16300655,0.46970832,0.31664253,0.52304028,1.01896849,1.09510256,0.98444912,0.71862654
780,0.06428050,0.02644482,0.01792322,0.00687667,0.01513859,-0.30391100,-0.40092156,-0.18419779,-0.99102865,-0.07017105,-1.09986911,0.04855641,-0.99480274,0.17725754,-0.72832151,0.60230925,0.15964475,0.15911471,0.29593616,-0.02438603,0.20490082,0.11013478,0.33873111,0.35618596,0.60230925,0.73706963,0.69101578,0.58242848,0.15964475,0.23599027,0.44839747,0.15911471,0.44655880,0.29593616,0.51631306,1.01646409,1.10715578,1.00023883,0.75539514
781,0.07046002,0.02449803,0.01628121,0.00483130,0.01521316,-0.31710563,-0.38067294,-0.19621359,-0.98611623,-0.08585204,-1.09542316,0.04139075,-1.00987007,0.16721983,-0.73530322,0.61752552,0.15690001,0.15345315,0.30206312,-0.02504922,0.20896523,0.10739890,0.33105335,0.34803857,0.61752552,0.75128896,0.72432832,0.60037650,0.15690001,0.24045796,0.44220650,0.15345315,0.44015203,0.30206312,0.50628686,1.01222120,1.10286170,1.01459573,0.75983194
782,0.07501392,0.02277572,0.01468487,0.00802018,0.01570778,-0.32605763,-0.36718494,-0.21850084,-0.97971619,-0.09622880,-1.09580524,0.02452300,-1.01930083,0.14735487,-0.74440870,0.62237227,0.16942928,0.14295400,0.30117499,-0.04087265,0.22371451,0.10465016,0.32483283,0.34127412,0.62237227,0.76404485,0.74043248,0.60553896,0.16942928,0.24670273,0.43506854,0.14295400,0.42765371,0.30117499,0.49976250,1.01058609,1.10458821,1.02465702,0.76664112
783,0.07640297,0.02303650,0.01524052,0.01195394,0.01801123,-0.33320638,-0.36964899,-0.22397540,-0.96986185,-0.10821463,-1.10122169,0.02296463,-1.00982687,0.14702368,-0.74108127,0.61028449,0.17575960,0.15988068,0.29602538,-0.03477872,0.19859763,0.10642872,0.32052421,0.33773191,0.61028449,0.76538912,0.73259017,0.60713714,0.17575960,0.25056956,0.43599243,0.15988068,0.44144309,0.29602538,0.50706507,1.00181920,1.11085620,1.01491760,0.76250202
784,0.07985330,0.02248555,0.01578227,0.01259880,0.01577554,-0.34378353,-0.37540254,-0.22926044,-0.96890086,-0.11306959,-1.09779996,0.02205505,-1.00297292,0.15166134,-0.73662429,0.60449562,0.17454048,0.16509829,0.29620894,-0.02931757,0.16683849,0.10630831,0.31497228,0.33242893,0.60449562,0.75842452,0.72654413,0.61328209,0.17454048,0.25450369,0.44663255,0.16509829,0.44781049,0.29620894,0.51897476,1.00158095,1.10727978,1.00702708,0.75722080
785,0.08461875,0.02012733,0.01324617,0.00942068,0.01534827,-0.35398586,-0.38418868,-0.23688835,-0.99649330,-0.11356042,-1.11315550,0.02281767,-1.02123252,0.15824835,-0.75462900,0.62343563,0.17107008,0.16449939,0.29903120,-0.02601874,0.14474694,0.10410474,0.30745553,0.32460237,0.62343563,0.76772912,0.74035487,0.63242501,0.17107008,0.26202484,0.46397463,0.16449939,0.44993231,0.29903120,0.53117390,1.02939812,1.12190399,1.02447952,0.77491532
786,0.08705398,0.02106977,0.01460212,0.00899311,0.01276590,-0.35745417,-0.37125510,-0.23569009,-0.99703687,-0.11162862,-1.11658448,0.02287945,-1.03784648,0.15432790,-0.76697407,0.63760857,0.17292073,0.15589573,0.30108233,-0.02608816,0.16772196,0.10639711,0.30489869,0.32292964,0.63760857,0.78483276,0.76746217,0.64692713,0.17292073,0.26201892,0.45295777,0.15589573,0.43928628,0.30108233,0.52240458,1.02902198,1.12509965,1.04155508,0.78693894
787,0.09315212,0.02141408,0.01547588,0.01163189,0.01091166,-0.35230789,-0.36701083,-0.23694489,-0.98290640,-0.11794184,-1.10829514,0.02084376,-1.02801224,0.14913085,-0.76398791,0.62667860,0.17327939,0.16050127,0.29354141,-0.02358447,0.15866825,0.10530420,0.30517396,0.32283141,0.62667860,0.77745462,0.75907134,0.63957210,0.17327939,0.26174481,0.44385137,0.16050127,0.43580270,0.29354141,0.51559363,1.01535580,1.11751920,1.03204298,0.78340455
788,0.09319342,0.02168130,0.01522319,0.01017112,0.01110419,-0.35268775,-0.35737835,-0.23945116,-0.98202682,-0.11790526,-1.10908215,0.02427780,-1.02573956,0.14990266,-0.76744152,0.63499830,0.17650051,0.16484204,0.28722964,-0.02719199,0.16007526,0.10432768,0.30276061,0.32023156,0.63499830,0.78751631,0.76734375,0.64865316,0.17650051,0.26759903,0.44476790,0.16484204,0.43410126,0.28722964,0.50924634,1.01569789,1.11851161,1.02975802,0.78670397
789,0.09244598,0.02079281,0.01495172,0.00971619,0.01197436,-0.35501094,-0.34739552,-0.24792368,-0.98451479,-0.11688995,-1.10942259,0.02626623,-1.02291213,0.15230346,-0.75754419,0.64613384,0.18156374,0.16745417,0.29377824,-0.02292712,0.17558074,0.10379301,0.29938893,0.31687020,0.64613384,0.79837464,0.77570056,0.65238736,0.18156374,0.27692972,0.46014003,0.16745417,0.44311681,0.29377824,0.50302878,1.01919079,1.11812275,1.02665511,0.77724611
790,0.09350874,0.02159025,0.01552434,0.00878935,0.01206826,-0.35648976,-0.34683739,-0.25244955,-0.97845302,-0.11655158,-1.10858747,0.02644887,-1.01767143,0.14977396,-0.75774180,0.64020887,0.18886000,0.16950094,0.28770209,-0.02106276,0.18256192,0.10199030,0.29841451,0.31536208,0.64020887,0.79866765,0.77244069,0.65203503,0.18886000,0.28191128,0.45896478,0.16950094,0.44049712,0.28770209,0.50416765,1.01474034,1.11731562,1.02118569,0.77657644
791,0.09329287,0.02364708,0.01720986,0.00740659,0.01217508,-0.35344230,-0.34294007,-0.25261216,-0.97265382,-0.11867137,-1.10796367,0.02793406,-1.01817526,0.14918271,-0.75345037,0.63774529,0.19152030,0.17193175,0.29117237,-0.01174532,0.17364775,0.10103506,0.29702910,0.31374253,0.63774529,0.80042063,0.77563568,0.64915245,0.19152030,0.28481274,0.45810902,0.17193175,0.44432812,0.29117237,0.50009274,1.00899473,1.11648494,1.02110904,0.77137140
792,0.09643447,0.02360794,0.01728958,0.00740981,0.01227740,-0.35330917,-0.35064002,-0.25225660,-0.96287315,-0.12075785,-1.10139710,0.02596618,-1.01661802,0.15003187,-0.75570496,0.62051944,0.19161783,0.16952990,0.28890912,-0.01059437,0.18331874,0.10177925,0.29805280,0.31495157,0.62051944,0.78613771,0.76650224,0.64618976,0.19161783,0.28355653,0.45260080,0.16952990,0.43916188,0.28890912,0.50598478,0.99933687,1.11043851,1.01998148,0.77452832
793,0.09550144,0.02411893,0.01658449,0.00723985,0.01267976,-0.35389176,-0.35223637,-0.25325956,-0.95928172,-0.12534733,-1.09999844,0.02552984,-1.01886304,0.15065121,-0.75737501,0.61533302,0.19087733,0.17135784,0.28988288,-0.01227476,0.19024277,0.10149706,0.29754645,0.31438120,0.61533302,0.78212558,0.76717528,0.64721177,0.19087733,0.28535441,0.45171161,0.17135784,0.43998906,0.28988288,0.50731934,0.99603069,1.10941473,1.02197109,0.77597301
794,0.09831327,0.02560800,0.01668255,0.00762095,0.01277659,-0.35656323,-0.35226868,-0.25246232,-0.95746233,-0.12632938,-1.10713263,0.02198710,-1.01955601,0.15161350,-0.76027935,0.61409858,0.19677270,0.17225210,0.28989728,-0.00653816,0.16756585,0.10202721,0.29627773,0.31335291,0.61409858,0.78958264,0.76752785,0.65224331,0.19677270,0.28198631,0.45015826,0.17225210,0.44448017,0.28989728,0.51004453,0.99425725,1.11649128,1.02229496,0.77821408
795,0.09724205,0.02489833,0.01740481,0.00739088,0.00993759,-0.36194592,-0.35478684,-0.25408886,-0.96062628,-0.12599452,-1.10820124,0.02215655,-1.02625777,0.14719278,-0.77200616,0.61542441,0.19629457,0.16932508,0.28336999,-0.00406032,0.16321981,0.10308412,0.29713554,0.31450893,0.61542441,0.78996240,0.77395167,0.65888485,0.19629457,0.28437610,0.44386895,0.16932508,0.43319935,0.28336999,0.51570754,0.99744100,1.11742187,1.02894317,0.78871040
796,0.09548383,0.02424060,0.01736223,0.00887366,0.00988546,-0.36123996,-0.35623096,-0.25126973,-0.96215086,-0.12517683,-1.10834264,0.01890095,-1.02959379,0.14493965,-0.77659446,0.61582485,0.19324277,0.16446368,0.28266780,-0.01558234,0.18481235,0.10363493,0.29910879,0.31655374,0.61582485,0.78830804,0.77326504,0.65797011,0.19324277,0.27846306,0.43751077,0.16446368,0.42786254,0.28266780,0.51464833,0.99841465,1.11831038,1.03370912,0.79484664
797,0.09925406,0.02289747,0.01678093,0.00949297,0.01199464,-0.36011539,-0.35064936,-0.25330398,-0.96888282,-0.12744612,-1.11639809,0.02026199,-1.04410546,0.14781885,-0.77998116,0.62744735,0.19392808,0.16492165,0.29331527,-0.02179085,0.19947182,0.10466162,0.29872352,0.31652772,0.62744735,0.80033603,0.79113553,0.66528794,0.19392808,0.28388829,0.44346031,0.16492165,0.43482626,0.29331527,0.50868687,1.00518107,1.12677584,1.04873682,0.79954539
798,0.09750982,0.02231375,0.01660999,0.00950688,0.01227814,-0.36218590,-0.36396765,-0.25156218,-0.97277020,-0.12965715,-1.12591602,0.01704184,-1.05040292,0.14443523,-0.78997987,0.61881899,0.19574485,0.16557390,0.28991287,-0.02107847,0.22020064,0.10413885,0.29880742,0.31643447,0.61881899,0.79668971,0.78455442,0.66230525,0.19574485,0.28000556,0.43639441,0.16557390,0.43377241,0.28991287,0.51875133,1.00807158,1.13637427,1.05497395,0.80880788
799,0.09746589,0.02243957,0.01699421,0.01014828,0.01120055,-0.36002359,-0.36402348,-0.25042768,-0.97326827,-0.12869177,-1.12168313,0.01677507,-1.05086609,0.14416862,-0.78603594,0.61904293,0.19195480,0.16247334,0.29388123,-0.01727270,0.20982025,0.10438406,0.30101307,0.31859834,0.61904293,0.79220220,0.78365341,0.65774842,0.19195480,0.27863011,0.43696470,0.16247334,0.43277378,0.29388123,0.51737499,1.00809735,1.13181183,1.05519868,0.80449553
800,0.09804674,0.02257128,0.01795338,0.01037092,0.00979920,-0.36115337,-0.36316409,-0.25486305,-0.96393451,-0.13233454,-1.11711302,0.01341225,-1.04189841,0.14232954,-0.78544920,0.61010640,0.19616360,0.16494629,0.28703716,-0.01087259,0.21339884,0.10406399,0.30250177,0.31990097,0.61010640,0.78791943,0.77554138,0.65743129,0.19616360,0.28004401,0.43579382,0.16494629,0.43090539,0.28703716,0.51697189,0.99972302,1.12740509,1.04606496,0.80331947
801,0.09953900,0.02113440,0.01671638,0.01056493,0.01140944,-0.35724846,-0.36148237,-0.24846582,-0.96135649,-0.13001774,-1.11745407,0.01927323,-1.03426424,0.14494053,-0.78952598,0.60974523,0.19595911,0.17172572,0.27511658,-0.01918217,0.21994856,0.10362687,0.30148161,0.31879411,0.60974523,0.78947845,0.77152086,0.66048711,0.19595911,0.27811521,0.42969141,0.17172572,0.42826763,0.27511658,0.51257821,0.99592413,1.12775257,1.03885438,0.80837044
802,0.10026353,0.02174213,0.01569549,0.01245904,0.01130417,-0.34627050,-0.35749616,-0.24543103,-0.95495141,-0.12761393,-1.10920855,0.01919564,-1.03509478,0.14293961,-0.78534609,0.60596367,0.19410484,0.16557215,0.27873906,-0.01755614,0.22138587,0.10344946,0.30227410,0.31948619,0.60596367,0.78292135,0.77039487,0.65066009,0.19410484,0.27721387,0.42440506,0.16557215,0.42258094,0.27873906,0.50200954,0.98876128,1.11902624,1.03952796,0.80410504
803,0.09230656,0.02167662,0.01551832,0.01007779,0.01415669,-0.34928843,-0.34787428,-0.24814791,-0.95970857,-0.13322721,-1.10957322,0.01734680,-1.03488969,0.14626659,-0.78042720,0.62018328,0.18887395,0.16859073,0.28526354,-0.02073121,0.22047088,0.10393221,0.29976256,0.31726881,0.62018328,0.79176464,0.77893208,0.65808397,0.18887395,0.27613230,0.43342667,0.16859073,0.43206679,0.28526354,0.49825276,0.99448547,1.12020733,1.03897150,0.79936316
804,0.08941909,0.02192959,0.01627413,0.00965307,0.01523428,-0.35002395,-0.34375257,-0.25378398,-0.96019633,-0.14151103,-1.10915089,0.01005334,-1.03332938,0.14344191,-0.77962212,0.62392138,0.18658086,0.16982826,0.28663567,-0.02107155,0.21143672,0.10301163,0.29854789,0.31581995,0.62392138,0.79329249,0.77799399,0.65848393,0.18658086,0.27386411,0.43639808,0.16982826,0.43579401,0.28663567,0.49741242,0.99685556,1.12108757,1.03748470,0.79809565
805,0.08964323,0.02327777,0.01704191,0.00797729,0.01662523,-0.34880107,-0.34125452,-0.25769477,-0.95473917,-0.14266652,-1.10189238,0.00491444,-1.03547837,0.14117160,-0.77681629,0.62021801,0.18707075,0.16208964,0.29236081,-0.02089202,0.19902916,0.10258051,0.29854955,0.31568116,0.62021801,0.78811421,0.77914231,0.65558764,0.18707075,0.27474432,0.43675049,0.16208964,0.43168676,0.29236081,0.49625844,0.99325731,1.11414080,1.03952102,0.79501170
806,0.08209479,0.02170730,0.01712950,0.00875924,0.01737089,-0.35011638,-0.34797168,-0.25932206,-0.95843375,-0.14353669,-1.10034240,0.00695949,-1.03313316,0.13671869,-0.77597739,0.61718005,0.18330938,0.16503050,0.28804925,-0.02117710,0.20780405,0.10284992,0.29993778,0.31708166,0.61718005,0.78023674,0.77262940,0.64824563,0.18330938,0.27656163,0.43605985,0.16503050,0.42880127,0.28804925,0.50169106,0.99710497,1.11283208,1.03726235,0.79358963
807,0.08009565,0.02228754,0.01708118,0.00952734,0.01862957,-0.34794837,-0.35904185,-0.25465445,-0.96059218,-0.14027472,-1.09959981,0.00099218,-1.03170558,0.13573613,-0.77448410,0.60899205,0.18006934,0.15701490,0.29041494,-0.02909298,0.22817856,0.10380742,0.30289631,0.32019081,0.60899205,0.76923706,0.75811610,0.63818468,0.18006934,0.26540015,0.43259082,0.15701490,0.42670814,0.29041494,0.50602038,0.99834385,1.11224350,1.03658059,0.79328190
808,0.07926417,0.02223007,0.01674662,0.00961353,0.02037403,-0.34724953,-0.35574554,-0.25078782,-0.96739195,-0.13240101,-1.10487251,0.00439040,-1.02850841,0.13762260,-0.77035773,0.61952256,0.18171125,0.15670884,0.29051188,-0.03200895,0.20452589,0.10350613,0.30353219,0.32069504,0.61952256,0.77938732,0.75923738,0.63815917,0.18171125,0.26247185,0.43554897,0.15670884,0.42993941,0.29051188,0.50425480,1.00479577,1.11675244,1.03316874,0.78892499
809,0.08130798,0.02223656,0.01719891,0.01010703,0.01845903,-0.34266529,-0.36466876,-0.25039852,-0.96016293,-0.13251165,-1.09703238,0.00425141,-1.01681777,0.13931187,-0.76076077,0.60289026,0.18094102,0.15859298,0.28949422,-0.02390703,0.20166885,0.10237881,0.30758159,0.32417257,0.60289026,0.76196417,0.73877684,0.62397737,0.18094102,0.26096499,0.43780555,0.15859298,0.43241733,0.28949422,0.50695932,0.99730095,1.10862831,1.02108667,0.77907803
810,0.08048509,0.02284970,0.01808755,0.00988390,0.01563360,-0.33908900,-0.37084120,-0.24045914,-0.96547594,-0.12742146,-1.09840127,0.01216002,-1.01416317,0.14291076,-0.75760088,0.60294908,0.17478790,0.16310188,0.28796497,-0.01961651,0.19106377,0.10327483,0.30979654,0.32655717,0.60294908,0.75774083,0.73303076,0.61803513,0.17478790,0.25732460,0.43616354,0.16310188,0.43500865,0.28796497,0.50975240,1.00006580,1.10947504,1.01871678,0.77660823
811,0.07859126,0.02195473,0.01896950,0.01131169,0.01523226,-0.33858500,-0.38974116,-0.23048051,-0.98234094,-0.11841374,-1.11141517,0.02282842,-1.02018164,0.14814858,-0.76329983,0.60244963,0.17119858,0.16820517,0.28585107,-0.01977249,0.17651971,0.10603844,0.31003605,0.32766828,0.60244963,0.75451233,0.72669970,0.61355982,0.17119858,0.25616852,0.43751929,0.16820517,0.43845166,0.28585107,0.52540485,1.01464502,1.12192772,1.02549476,0.78363928
812,0.08605401,0.02296445,0.01890974,0.01106219,0.01112633,-0.34509415,-0.39033870,-0.22779008,-0.98553598,-0.11305394,-1.11568318,0.02575982,-1.02238579,0.14736947,-0.75392471,0.60669455,0.17370245,0.16733196,0.29476042,-0.01975722,0.17496068,0.10740020,0.31091305,0.32894031,0.60669455,0.76155617,0.73282711,0.61214002,0.17370245,0.25623403,0.44096893,0.16733196,0.44574614,0.29476042,0.52969754,1.01676484,1.12539627,1.02758063,0.77405530
813,0.08434025,0.02052030,0.01774245,0.01211230,0.01169461,-0.34568801,-0.38466271,-0.23669786,-1.00032136,-0.10460410,-1.12299764,0.02904666,-1.02442676,0.15163599,-0.75298351,0.62529625,0.18066256,0.16608850,0.29794806,-0.02364711,0.15528608,0.10731570,0.30951115,0.32758787,0.62529625,0.77670337,0.74143388,0.61891799,0.18066256,0.26699704,0.46073504,0.16608850,0.45010940,0.29794806,0.52616373,1.03338068,1.13176929,1.02937910,0.77319452
814,0.08368410,0.02115125,0.01741649,0.00862734,0.01047695,-0.34759266,-0.38771480,-0.24068378,-1.00223265,-0.10821376,-1.12593443,0.02498238,-1.02619562,0.14687518,-0.76102087,0.62386283,0.18172225,0.16640438,0.29190280,-0.02300634,0.16008008,0.10587726,0.31044805,0.32800608,0.62386283,0.77606176,0.73923604,0.61958663,0.18172225,0.26701282,0.45683117,0.16640438,0.44525518,0.29190280,0.52948228,1.03636200,1.13508725,1.03097516,0.78031005
815,0.08338336,0.02070035,0.01700210,0.00870119,0.01110863,-0.34615449,-0.38160731,-0.23890299,-1.00188296,-0.10913777,-1.12702155,0.02558698,-1.02733311,0.14637016,-0.76005045,0.62967421,0.18072065,0.16760123,0.29333693,-0.02928053,0.17114728,0.10611249,0.31161927,0.32919057,0.62967421,0.78219435,0.74509823,0.62112780,0.18072065,0.26595707,0.45515235,0.16760123,0.44716984,0.29333693,0.52363265,1.03574099,1.13639460,1.03228860,0.77964240
816,0.08300458,0.02173847,0.01749008,0.00840995,0.01086502,-0.34605792,-0.38123099,-0.24059647,-0.99435968,-0.11249088,-1.12353455,0.02401529,-1.02688017,0.14605234,-0.75649352,0.62229391,0.18242442,0.16726037,0.29667767,-0.02987807,0.17447796,0.10638461,0.31422281,0.33174336,0.62229391,0.77818290,0.74418936,0.61887315,0.18242442,0.26693396,0.45428543,0.16726037,0.44897440,0.29667767,0.52388116,1.02904740,1.13334817,1.03178869,0.77613480
817,0.08067168,0.02263607,0.01727393,0.00803650,0.01130403,-0.34534810,-0.37848274,-0.24412616,-0.99143949,-0.11629505,-1.12282052,0.02354588,-1.02720219,0.14324357,-0.75664715,0.62134659,0.18393865,0.16941069,0.29587571,-0.03262157,0.17183786,0.10670656,0.31584498,0.33338317,0.62134659,0.77879816,0.74629483,0.61792211,0.18393865,0.27055396,0.45342804,0.16941069,0.44885363,0.29587571,0.52284841,1.02747175,1.13319899,1.03215113,0.77584063
818,0.08111902,0.02280415,0.01749799,0.00835083,0.01109590,-0.34542215,-0.36995961,-0.24888039,-0.99422234,-0.11969078,-1.12935210,0.02226765,-1.03200704,0.14314466,-0.76243005,0.63174977,0.18765257,0.17215549,0.29549024,-0.03529391,0.15828485,0.10679416,0.31368361,0.33136445,0.63174977,0.79226380,0.75736737,0.62688000,0.18765257,0.27444570,0.45610367,0.17215549,0.45143010,0.29549024,0.51811780,1.03188475,1.14039510,1.03713646,0.78154361
819,0.08225981,0.02249274,0.01753996,0.00901892,0.01116523,-0.34493352,-0.36760959,-0.24850638,-0.99078607,-0.12109384,-1.12463154,0.02070021,-1.03338751,0.14227889,-0.77057241,0.63071245,0.18534205,0.16861799,0.28961072,-0.03712909,0.16488675,0.10699604,0.31425492,0.33197034,0.63071245,0.78942401,0.75957686,0.63230705,0.18534205,0.27298291,0.44900056,0.16861799,0.44130997,0.28961072,0.51501860,1.02824366,1.13586017,1.03866778,0.78969251
820,0.08322843,0.02249501,0.01688604,0.00842389,0.01168658,-0.34710199,-0.35993423,-0.24873768,-0.98994749,-0.12307917,-1.12585530,0.02095512,-1.03317896,0.14319710,-0.77016510,0.63775416,0.18578405,0.17128112,0.29006628,-0.03753042,0.16245563,0.10716355,0.31343422,0.33124769,0.63775416,0.79802195,0.76730555,0.63936320,0.18578405,0.27369732,0.44988472,0.17128112,0.44435765,0.29006628,0.51116589,1.02750019,1.13713745,1.03825078,0.78922089
821,0.08415928,0.02283337,0.01695933,0.00841000,0.01205408,-0.35060363,-0.35407604,-0.25013301,-0.99199619,-0.12376334,-1.12600732,0.02056478,-1.03349297,0.14322623,-0.76985220,0.64585818,0.18484238,0.17143385,0.29079578,-0.03648789,0.16196655,0.10713062,0.31202219,0.32990122,0.64585818,0.80459062,0.77421428,0.64561517,0.18484238,0.27430849,0.45214363,0.17143385,0.44513072,0.29079578,0.51000212,1.02988441,1.13746565,1.03879721,0.78937842
822,0.08782330,0.02200399,0.01676148,0.00992503,0.01105344,-0.35125063,-0.35400073,-0.25366051,-0.98609928,-0.12469333,-1.12215258,0.01818820,-1.03277928,0.14304003,-0.76856462,0.63965702,0.18781762,0.16860883,0.29223248,-0.03453364,0.17179829,0.10756315,0.31317593,0.33113290,0.63965702,0.80086818,0.77280952,0.64512682,0.18781762,0.27590131,0.45249965,0.16860883,0.44352926,0.29223248,0.50874830,1.02413444,1.13335336,1.03813030,0.78840337
823,0.08704360,0.02106605,0.01681966,0.01159995,0.01141648,-0.34927708,-0.35514051,-0.25586376,-0.98074789,-0.12349705,-1.11918746,0.01773259,-1.03218435,0.14238278,-0.76604632,0.63257817,0.19181876,0.16599861,0.29388754,-0.03107146,0.17208896,0.10810206,0.31476464,0.33281051,0.63257817,0.79671715,0.77012423,0.64076043,0.19181876,0.27841892,0.45247069,0.16599861,0.44206631,0.29388754,0.50784303,1.01905946,1.12999786,1.03731828,0.78554135
824,0.09051440,0.02059676,0.01642456,0.01159768,0.01024236,-0.35303474,-0.35413870,-0.25541713,-0.98519188,-0.12662600,-1.12369780,0.01495622,-1.03927602,0.13969396,-0.77174541,0.63857508,0.18942367,0.16505240,0.29518934,-0.03002252,0.16083043,0.10890257,0.31403721,0.33238402,0.63857508,0.80219535,0.77771223,0.64589241,0.18942367,0.27573805,0.44909983,0.16505240,0.44140147,0.29518934,0.50986292,1.02307527,1.13467894,1.04437404,0.79061401
825,0.09152797,0.02181761,0.01759128,0.01117603,0.01113323,-0.35777622,-0.35401368,-0.25811304,-0.97884789,-0.13169228,-1.12410070,0.01383613,-1.04392909,0.13810253,-0.77506771,0.63273401,0.19299196,0.16621973,0.29628264,-0.02589262,0.14207715,0.10976617,0.31468346,0.33327810,0.63273401,0.80267103,0.78366083,0.65067809,0.19299196,0.27974436,0.44581649,0.16621973,0.44115765,0.29628264,0.51480677,1.01821027,1.13590574,1.04893551,0.79286915
826,0.09009784,0.02062225,0.01679675,0.01201184,0.01273291,-0.35586207,-0.36550855,-0.25591103,-0.98891502,-0.14318015,-1.14037963,0.00807599,-1.06423741,0.13949849,-0.80000120,0.63151419,0.18892595,0.16958554,0.29514836,-0.03879728,0.17980414,0.11049201,0.31764381,0.33631246,0.63151419,0.80355947,0.78799295,0.65901589,0.18892595,0.27453431,0.43822459,0.16958554,0.44247757,0.29514836,0.51880021,1.02718625,1.15380119,1.06999589,0.81897479
827,0.08193399,0.02124433,0.01692171,0.01058782,0.01543850,-0.34800997,-0.35736562,-0.24546030,-0.99207214,-0.13508814,-1.13447960,0.01795695,-1.05778743,0.15363731,-0.78934888,0.64316961,0.18025160,0.17133808,0.30081088,-0.04052858,0.21279889,0.11308590,0.32520644,0.34430749,0.64316961,0.80584350,0.79049912,0.66217732,0.18025160,0.27149703,0.44764014,0.17133808,0.44998443,0.30081088,0.50729341,1.02784795,1.14724013,1.06379657,0.81126778
828,0.08340875,0.02026028,0.01640086,0.00986567,0.02233485,-0.34184599,-0.35805585,-0.24804018,-0.99960640,-0.13123570,-1.13986855,0.00957313,-1.04940630,0.15217333,-0.77335526,0.64938242,0.18261034,0.16736586,0.31071993,-0.05354053,0.23218465,0.11418376,0.33788720,0.35665907,0.64938242,0.81026743,0.77611376,0.64595719,0.18261034,0.26245932,0.45983059,0.16736586,0.46332097,0.31071993,0.50273960,1.03734274,1.15349213,1.05600986,0.79648914
829,0.08428343,0.02073501,0.01631517,0.00558197,0.01651906,-0.32651059,-0.35840966,-0.23359090,-1.02181469,-0.10076669,-1.14753042,0.03149260,-1.04089818,0.16949114,-0.75774428,0.67155225,0.18345491,0.17017541,0.31500991,-0.05038933,0.25899655,0.11390588,0.34712255,0.36533356,0.67155225,0.82143408,0.77103089,0.63708135,0.18345491,0.26687729,0.48267454,0.17017541,0.47449710,0.31500991,0.49177552,1.05616497,1.15769354,1.04669274,0.78313788
830,0.07481308,0.02209162,0.01736641,0.01309670,0.02650209,-0.34744620,-0.34448635,-0.23352499,-1.07362785,-0.09189452,-1.19779290,0.03472387,-1.10065588,0.17543665,-0.78011691,0.74032430,0.18835439,0.16002187,0.35012800,-0.06205906,0.31829770,0.11879508,0.34332843,0.36329971,0.74032430,0.89276254,0.84862167,0.68183358,0.18835439,0.26981887,0.50368556,0.16002187,0.49624562,0.35012800,0.49855969,1.10954749,1.21135512,1.11056040,0.81128598
831,0.08295805,0.01864226,0.01717394,0.00888530,0.02320735,-0.36072568,-0.27704384,-0.20511186,-1.10892042,-0.07052526,-1.22760886,0.06506499,-1.09376338,0.19702307,-0.80980284,0.84674692,0.18025819,0.19261394,0.31342603,-0.06908749,0.20070287,0.12051609,0.34100441,0.36167408,0.84674692,0.99392877,0.92122510,0.77196512,0.18025819,0.27438398,0.50466225,0.19261394,0.49790857,0.31342603,0.47486702,1.13956062,1.23834998,1.10207288,0.83996612
832,0.02446590,0.01260403,0.01843652,0.02238791,0.02883984,-0.17288814,-0.32416370,-0.28560710,-1.20100382,-0.33075905,-1.36848262,-0.29850534,-1.27783982,-0.24872936,-1.02413681,0.89606540,0.17390154,0.09786562,0.25865469,-1.14285465,1.41369112,0.00746959,0.12065721,0.12088820,0.89606540,1.06802900,0.97214897,0.71652006,0.17390154,0.07810625,0.18115405,0.09786562,0.35490815,0.25865469,0.36842432,1.24017796,1.41396671,1.31710351,1.05916055
833,0.03898697,0.01816607,0.01412205,0.01424851,0.02807251,0.08154122,-0.63780361,-0.23809727,-1.10612771,-0.30444951,-1.16302341,-0.32126695,-1.01682246,-0.31105913,-0.62357725,0.57531773,0.09106631,0.14720897,0.39338040,-0.07107409,0.45584778,0.08509760,0.19873575,0.21618857,0.57531773,0.66330491,0.56739416,0.41320321,0.09106631,0.12547014,0.48899498,0.14720897,0.53951040,0.39338040,0.64489455,1.14095960,1.21451883,1.08080382,0.71911115
834,0.06398117,0.03271409,0.03392117,0.02533573,0.02655452,0.11452456,-0.38882473,-0.01279270,-1.01899463,-0.08157067,-1.06428573,-0.14648055,-0.96107598,-0.21994025,-0.67285964,0.64305474,0.08683158,0.12908901,0.30170614,0.07113852,-0.18964697,0.06102372,0.23007702,0.23803220,0.64305474,0.70348021,0.63144756,0.45155171,0.08683158,0.16161263,0.42101360,0.12908901,0.42545655,0.30170614,0.44977276,1.04026763,1.08270745,0.98205700,0.71338678
835,0.05115956,0.02372205,0.02103221,0.01546224,0.01981970,0.24487362,-0.44565391,0.06189481,-0.99951658,-0.05208826,-1.11980836,-0.12663359,-0.98270208,-0.20486876,-0.64637891,0.58441101,0.16574165,0.15626581,0.34536570,0.01101411,0.28296312,0.08143985,0.24075109,0.25415258,0.58441101,0.73768122,0.65469448,0.49413786,0.16574165,0.18958620,0.44259118,0.15626581,0.49747290,0.34536570,0.51550990,1.00867481,1.12780184,0.99951505,0.68947638
836,0.07771830,0.02425801,0.01561804,0.00636357,0.01858642,0.30828851,-0.43960698,0.10087764,-1.04743837,-0.02338269,-1.14886520,-0.11111853,-1.02748627,-0.20563660,-0.72236585,0.64260552,0.16166033,0.15001483,0.31962470,0.04217540,0.12589176,0.08050498,0.23585118,0.24921242,0.64260552,0.78297824,0.72218869,0.58686873,0.16166033,0.21486565,0.44858432,0.15001483,0.46423547,0.31962470,0.55075389,1.06211142,1.15577345,1.03989905,0.75824285
837,0.08843293,0.02431003,0.01348308,0.00742364,0.01969237,0.31167926,-0.42003821,0.11788169,-1.06181137,-0.00482447,-1.17015884,-0.10292630,-1.05222773,-0.21143434,-0.74084330,0.67126904,0.16465598,0.15348884,0.32986003,0.05485451,0.08964113,0.08309344,0.22828988,0.24294195,0.67126904,0.81432592,0.75610062,0.61365381,0.16465598,0.22220650,0.46093841,0.15348884,0.47664364,0.32986003,0.53437756,1.07795608,1.17692591,1.06412047,0.77854585
838,0.07611066,0.02040380,0.01623234,0.01377172,0.01424766,0.31625340,-0.42841230,0.12478365,-1.06875397,0.00635276,-1.18052732,-0.09408170,-1.04981038,-0.19830669,-0.74053356,0.66897958,0.16341131,0.16492966,0.32685249,0.04366886,0.01879050,0.08013622,0.23036648,0.24390680,0.66897958,0.81360350,0.74472263,0.60187365,0.16341131,0.22049001,0.46201726,0.16492966,0.48581192,0.32685249,0.54844312,1.08787323,1.18961517,1.06345391,0.77651544
839,0.07388051,0.01912240,0.01527952,0.01438308,0.01696263,0.32591910,-0.42937922,0.12289907,-1.06515718,0.00865392,-1.19228411,-0.08657874,-1.06352497,-0.19838043,-0.74257890,0.66796391,0.17109138,0.16015236,0.34003589,0.04519772,0.05983808,0.07964960,0.22730498,0.24085600,0.66796391,0.82647787,0.75677671,0.61079818,0.17109138,0.20959800,0.45562450,0.16015236,0.49517683,0.34003589,0.55448683,1.08368101,1.20164908,1.07757063,0.78115543
840,0.07555781,0.02005424,0.01839473,0.01659337,0.01547330,0.32969151,-0.42858375,0.11980557,-1.06762007,0.00697249,-1.18929345,-0.09058178,-1.06372987,-0.19133283,-0.75835137,0.67277983,0.16600456,0.15901316,0.32198018,0.03097069,0.01532383,0.07864177,0.22521046,0.23854618,0.67277983,0.82639303,0.76168893,0.61663340,0.16600456,0.21044775,0.43912785,0.15901316,0.47461048,0.32198018,0.55897733,1.08562964,1.19893938,1.07849884,0.79399266
841,0.07526505,0.01927955,0.01807518,0.01720877,0.01968543,0.33002802,-0.43127371,0.11821078,-1.06213294,0.00781170,-1.18655564,-0.08946859,-1.06344985,-0.17502493,-0.73868026,0.66555723,0.16637289,0.15703375,0.33611957,0.01681074,0.02307745,0.07830866,0.22622554,0.23939557,0.66555723,0.82117607,0.75882613,0.59125076,0.16637289,0.20770667,0.43671064,0.15703375,0.48380914,0.33611957,0.55804890,1.07772588,1.19434360,1.07665958,0.76999779
842,0.07685644,0.02127248,0.01806500,0.01625254,0.01841771,0.34361240,-0.42949183,0.11791015,-1.05801634,0.00922987,-1.18681257,-0.08582939,-1.06184069,-0.16964958,-0.75320737,0.66782929,0.16856344,0.15703291,0.32017768,0.00421665,0.01564523,0.07786756,0.22677374,0.23977007,0.66782929,0.82785656,0.76438802,0.60696609,0.16856344,0.20378060,0.41937922,0.15703291,0.46923427,0.32017768,0.56489086,1.07273074,1.19377251,1.07328518,0.78064884
843,0.08022619,0.02109872,0.01779454,0.01539213,0.01807508,0.33917877,-0.41060480,0.11639344,-1.02989799,0.01185902,-1.16806555,-0.07600313,-1.05493606,-0.16006472,-0.75830224,0.65823593,0.17332816,0.14333326,0.30852308,0.00713691,0.05233399,0.07544548,0.22864395,0.24076976,0.65823593,0.82517817,0.76658925,0.60838943,0.17332816,0.19401899,0.38770950,0.14333326,0.44441218,0.30852308,0.54505940,1.04418226,1.17445975,1.06526158,0.78358718
844,0.07261601,0.02290340,0.01861266,0.01322673,0.01892745,0.36121998,-0.39262266,0.11060886,-1.01293240,0.00667958,-1.15159733,-0.07424965,-1.03229209,-0.15759214,-0.74288313,0.66902488,0.17348523,0.14422549,0.30148185,0.01511927,0.06537407,0.07955703,0.23151429,0.24480234,0.66902488,0.83772297,0.77389853,0.62644184,0.17348523,0.18628576,0.38149996,0.14422549,0.44085524,0.30148185,0.54961998,1.02774560,1.15847890,1.04208937,0.76705497
845,0.06667757,0.02313431,0.01899129,0.01139499,0.01792805,0.39062442,-0.38541442,0.14285908,-1.02388702,0.01378360,-1.17279146,-0.09440051,-1.04644295,-0.18179363,-0.75608676,0.68524165,0.19709696,0.16634011,0.30335139,0.04383993,0.13360463,0.08302082,0.22597361,0.24074163,0.68524165,0.87311794,0.82013152,0.68204822,0.19709696,0.23834394,0.42100783,0.16634011,0.46038284,0.30335139,0.56095476,1.04313266,1.18066398,1.05952817,0.78805507
846,0.06680257,0.02132208,0.01605051,0.00987676,0.01842738,0.40259676,-0.37869654,0.17869567,-1.01896612,0.04122954,-1.15261594,-0.09471857,-1.03547760,-0.21418463,-0.74898474,0.67879678,0.19207004,0.17945325,0.31047115,0.04176147,0.12455248,0.08326800,0.22373010,0.23872310,0.67879678,0.85425718,0.82396284,0.71945015,0.19207004,0.27413475,0.47702404,0.17945325,0.47769354,0.31047115,0.56319262,1.04320476,1.15988082,1.04708777,0.78772049
847,0.06636094,0.02335598,0.01621353,0.01061815,0.01726862,0.41157206,-0.37333837,0.17836906,-1.00070491,0.04947007,-1.13266371,-0.09134757,-1.01848729,-0.23477166,-0.74303981,0.66954174,0.18505126,0.18134822,0.31057217,0.03231036,0.11459528,0.08307840,0.22429025,0.23918223,0.66954174,0.84125023,0.81804865,0.74461755,0.18505126,0.27048995,0.48709840,0.18134822,0.48228735,0.31057217,0.56589739,1.02410919,1.13907715,1.02899029,0.78712331
848,0.07019621,0.02372107,0.01636643,0.01232511,0.01672416,0.42701729,-0.38135769,0.17836342,-1.00877570,0.04932367,-1.14410721,-0.09558507,-1.02934818,-0.23733367,-0.74867785,0.67515935,0.18724122,0.18500077,0.31445993,0.03239592,0.11942836,0.08317781,0.22056995,0.23573216,0.67515935,0.85119035,0.83263896,0.75924224,0.18724122,0.27472794,0.49040095,0.18500077,0.48841477,0.31445993,0.58223541,1.03200257,1.15094821,1.04103787,0.79431065
849,0.06994416,0.02193493,0.01585579,0.01219440,0.01881444,0.42755881,-0.38241206,0.17310816,-1.02248578,0.04672727,-1.14899209,-0.09344546,-1.04387859,-0.22119977,-0.76224861,0.68912312,0.17914084,0.17534167,0.30932070,0.03477224,0.11709363,0.08264645,0.21955254,0.23459274,0.68912312,0.85603023,0.84219098,0.75185188,0.17914084,0.26743850,0.47255695,0.17534167,0.47048437,0.30932070,0.58289923,1.04451923,1.15558483,1.05500884,0.80189998
850,0.06573126,0.02045433,0.01572642,0.01352336,0.01939055,0.43010180,-0.36946156,0.17411464,-1.02224477,0.05237749,-1.15284288,-0.09159655,-1.04367030,-0.21468419,-0.75741797,0.70156788,0.17883390,0.18089267,0.31169414,0.03717954,0.11141600,0.08324763,0.22078912,0.23596187,0.70156788,0.86978787,0.85275770,0.75262785,0.17883390,0.26657857,0.47051921,0.18089267,0.47716180,0.31169414,0.57602952,1.04445864,1.15970728,1.05490662,0.79566238
851,0.06313500,0.02031821,0.01637643,0.01230263,0.02069408,0.42975395,-0.35522014,0.17473235,-1.01316190,0.05594590,-1.14593014,-0.08467583,-1.04843516,-0.20191962,-0.76630555,0.70594839,0.17853613,0.17132695,0.30563905,0.03963989,0.10809172,0.08243354,0.22320949,0.23794487,0.70594839,0.87466576,0.86342447,0.75371707,0.17853613,0.26181457,0.45048936,0.17132695,0.45892206,0.30563905,0.56738149,1.03582301,1.15298167,1.05900764,0.80068248
852,0.06196510,0.02105989,0.01623173,0.01165578,0.02044206,0.43840898,-0.35218216,0.17977863,-1.01807002,0.05895105,-1.15907787,-0.08331680,-1.05319315,-0.19843207,-0.77513070,0.71470962,0.18596107,0.17739602,0.30108264,0.04289994,0.11480823,0.08106868,0.22202867,0.23636594,0.71470962,0.89175703,0.87401383,0.76453581,0.18596107,0.26549183,0.44975507,0.17739602,0.46225998,0.30108264,0.57248991,1.04195628,1.16676297,1.06375841,0.80838058
853,0.06011765,0.02101151,0.01615719,0.01189693,0.02206480,0.42642091,-0.35045588,0.16833510,-1.00641603,0.05065765,-1.15135837,-0.08379276,-1.04284914,-0.18912165,-0.77011128,0.70522169,0.18694964,0.17285406,0.29248287,0.04017446,0.12012139,0.08005451,0.22295927,0.23689567,0.70522169,0.88474473,0.86023465,0.74503414,0.18694964,0.25478563,0.42868844,0.17285406,0.45039079,0.29248287,0.56168864,1.02805218,1.15824895,1.05315713,0.80095256
854,0.06221901,0.02189037,0.01660769,0.01121615,0.02006525,0.42546297,-0.34689588,0.16356933,-1.00364926,0.04862681,-1.14149242,-0.06528821,-1.04715937,-0.17356944,-0.76916344,0.70723240,0.17975081,0.14802433,0.29844162,0.03962520,0.11956681,0.08036435,0.22156818,0.23569236,0.70723240,0.87944853,0.85519491,0.73291914,0.17975081,0.23298959,0.41083225,0.14802433,0.43359351,0.29844162,0.56035889,1.02500484,1.14869019,1.05659055,0.79713917
855,0.07454638,0.02183651,0.01538311,0.00981642,0.01976479,0.41101330,-0.33946246,0.15293057,-0.98328159,0.04383175,-1.12563484,-0.06081057,-1.03477507,-0.17106223,-0.76248511,0.69381591,0.17955122,0.13865657,0.29378266,0.03615873,0.11713967,0.07803395,0.21978726,0.23322894,0.69381591,0.86772873,0.84037674,0.71961378,0.17955122,0.21989241,0.39214235,0.13865657,0.42196981,0.29378266,0.54428964,1.00309687,1.13264298,1.04376280,0.79046079
856,0.07405231,0.02132223,0.01460994,0.00980069,0.01840693,0.41895085,-0.33288423,0.15875057,-0.99751924,0.04603768,-1.13478811,-0.04978071,-1.04733797,-0.16677208,-0.77133335,0.71404881,0.17771222,0.12987748,0.29978258,0.04257095,0.12082224,0.07603081,0.21446493,0.22754316,0.71404881,0.88449344,0.85474646,0.73189259,0.17771222,0.21439999,0.39639335,0.12987748,0.42119541,0.29978258,0.54607523,1.01833652,1.14242544,1.05653184,0.79944563
857,0.06869774,0.01967790,0.01386332,0.00949378,0.01800207,0.42150153,-0.33300277,0.17294840,-1.01290442,0.06248227,-1.15220329,-0.04520914,-1.04351636,-0.16401478,-0.76657021,0.72422068,0.17780877,0.15301146,0.30135795,0.04746526,0.12821798,0.07542518,0.21227728,0.22527894,0.72422068,0.89460411,0.85031588,0.72879147,0.17780877,0.22030001,0.41741423,0.15301146,0.44722903,0.30135795,0.54889109,1.03626933,1.16131304,1.05286957,0.79477315
858,0.06881878,0.02178872,0.01370673,0.00860499,0.01577417,0.42782471,-0.32208911,0.17933292,-1.00567431,0.07054951,-1.14452724,-0.04646131,-1.03208964,-0.16835081,-0.75766680,0.72746652,0.17684698,0.16229688,0.30031434,0.04037372,0.09044452,0.07480701,0.21181888,0.22464044,0.72746652,0.89668846,0.85384584,0.73837854,0.17684698,0.22784435,0.42754678,0.16229688,0.45474120,0.30031434,0.54814309,1.02978330,1.15268998,1.03949446,0.78389197
859,0.06892483,0.02174678,0.01406670,0.00873525,0.01493807,0.43163933,-0.31965712,0.18227552,-1.00340167,0.07236186,-1.14435336,-0.04106318,-1.02770786,-0.16581526,-0.76196858,0.72785992,0.17926803,0.16275490,0.29362079,0.03330751,0.08505582,0.07425236,0.21318565,0.22574662,0.72785992,0.89956752,0.85138362,0.74349903,0.17926803,0.22537317,0.42428443,0.16275490,0.45060528,0.29362079,0.54924842,1.02737687,1.15196247,1.03401745,0.78627516
860,0.07145470,0.02083203,0.01345006,0.00866974,0.01762924,0.42974137,-0.32871572,0.18793310,-1.00987345,0.07953133,-1.14914575,-0.03777440,-1.03248276,-0.15998955,-0.77314343,0.72304035,0.17675402,0.16545387,0.28671713,0.03935957,0.10459055,0.07599650,0.21463865,0.22769545,0.72304035,0.89209240,0.84492847,0.73844971,0.17675402,0.22714026,0.42110297,0.16545387,0.44584764,0.28671713,0.55074984,1.03435695,1.15729414,1.03897469,0.79660678
861,0.07672782,0.02024403,0.01373303,0.01060676,0.01555664,0.42578420,-0.32800103,0.18708383,-1.01271602,0.07801563,-1.15601074,-0.04114272,-1.03782940,-0.16720810,-0.77700113,0.72532745,0.18023237,0.16783077,0.28973671,0.03271123,0.08164319,0.07722229,0.21834531,0.23159869,0.72532745,0.89812846,0.84970275,0.74382590,0.18023237,0.22968523,0.42568089,0.16783077,0.45143740,0.28973671,0.54807818,1.03731987,1.16451977,1.04534265,0.80282379
862,0.07957299,0.01982265,0.01444077,0.01164601,0.01668273,0.42225753,-0.32606710,0.18862508,-1.01171755,0.07714504,-1.15029481,-0.04049482,-1.03742241,-0.16625442,-0.77446200,0.72454404,0.17793517,0.16309892,0.29150429,0.03039423,0.08433043,0.08014120,0.22459283,0.23846290,0.72454404,0.89362778,0.84876729,0.73996758,0.17793517,0.23055850,0.42690310,0.16309892,0.44776716,0.29150429,0.54433769,1.03663206,1.15899243,1.04554042,0.80118003
863,0.07638827,0.01949852,0.01413614,0.00994477,0.01618627,0.41925930,-0.33059466,0.18789684,-1.02165582,0.07953397,-1.16131588,-0.03827569,-1.04693489,-0.16189281,-0.78284160,0.72912347,0.17679469,0.16424837,0.29160389,0.03641583,0.11019264,0.08095993,0.22933182,0.24320278,0.72912347,0.89772478,0.85032491,0.73669647,0.17679469,0.22758279,0.42354167,0.16424837,0.44892274,0.29160389,0.54266475,1.04569641,1.16990072,1.05458939,0.80812579
864,0.07521031,0.01984123,0.01356738,0.00929069,0.01498472,0.41676270,-0.33310499,0.19335818,-1.02394020,0.08192859,-1.16623291,-0.03271159,-1.05907278,-0.16418288,-0.78737558,0.72667731,0.18082041,0.15694148,0.30185625,0.04691783,0.10951362,0.08290122,0.23379916,0.24806181,0.72667731,0.89822331,0.85425910,0.73782304,0.18082041,0.22880942,0.42877557,0.15694148,0.45178056,0.30185625,0.54216739,1.04967071,1.17531959,1.06668299,0.81310888
865,0.06931886,0.01950679,0.01321542,0.00995542,0.01869835,0.41176519,-0.34475121,0.19351823,-1.02604244,0.07866440,-1.17544545,-0.03869796,-1.06904050,-0.16711951,-0.78985928,0.71592092,0.18852382,0.15841755,0.30733909,0.05236482,0.12178343,0.08607973,0.24026851,0.25522280,0.71592092,0.89526392,0.85321849,0.73041997,0.18852382,0.23623401,0.43122372,0.15841755,0.45728959,0.30733909,0.54730324,1.05256610,1.18496837,1.07727729,0.81657149
866,0.07624059,0.02064353,0.01366680,0.00938473,0.01660041,0.40070874,-0.35965973,0.19111412,-1.02934673,0.07952760,-1.17960206,-0.03687312,-1.07535902,-0.16608380,-0.79453377,0.70217464,0.18724721,0.15625647,0.30916457,0.04719218,0.10982798,0.08741757,0.24571991,0.26080665,0.70217464,0.88081952,0.83908345,0.71453771,0.18724721,0.23267091,0.42761594,0.15625647,0.45676386,0.30916457,0.54872941,1.05510367,1.18889500,1.08318756,0.82048562
867,0.07605784,0.02214258,0.01447543,0.01032818,0.01709676,0.39727040,-0.35597156,0.19177257,-1.02437795,0.08091290,-1.18079610,-0.03403117,-1.07167764,-0.16110442,-0.79705153,0.69952719,0.19184282,0.15849056,0.30264342,0.04405673,0.10179348,0.09008673,0.25203227,0.26764881,0.69952719,0.88348890,0.83569092,0.71159679,0.19184282,0.23082303,0.41994689,0.15849056,0.45372222,0.30264342,0.54598961,1.05087610,1.19047618,1.07977938,0.82234113
868,0.07495517,0.02228891,0.01440982,0.01079944,0.01735351,0.39990927,-0.35237833,0.19681509,-1.02778078,0.08497284,-1.18841338,-0.03236453,-1.08051077,-0.15860164,-0.80027874,0.70550662,0.19583277,0.15941175,0.30744515,0.04350195,0.09609080,0.09102895,0.25729195,0.27292016,0.70550662,0.89346390,0.84684850,0.71593252,0.19583277,0.23528007,0.42225294,0.15941175,0.45831259,0.30744515,0.54602245,1.05532043,1.19854641,1.08869136,0.82486890
869,0.07502614,0.02074773,0.01424060,0.01034853,0.01742986,0.41079471,-0.33366447,0.20790788,-1.03161019,0.09853165,-1.18789219,-0.01930211,-1.09197539,-0.14818195,-0.81532673,0.72710240,0.19082572,0.15194313,0.30523067,0.04606698,0.10547355,0.09295542,0.26311959,0.27905668,0.72710240,0.90962731,0.87193401,0.73795595,0.19082572,0.23512362,0.41671335,0.15194313,0.44685915,0.30523067,0.54168108,1.06099338,1.19903080,1.10000917,0.83830965
870,0.07367465,0.01935700,0.01327122,0.01315587,0.01958075,0.41946501,-0.33423173,0.21844937,-1.02715047,0.10978655,-1.20396349,-0.00826827,-1.09895713,-0.14966853,-0.82540297,0.72184248,0.20757653,0.15801987,0.30798141,0.05138212,0.11094325,0.09568829,0.27244143,0.28875696,0.72184248,0.92340390,0.87647365,0.75194170,0.20757653,0.23782236,0.41983068,0.15801987,0.45894589,0.30798141,0.54930267,1.05958288,1.21670557,1.10783524,0.84958749
871,0.07211198,0.01927114,0.01351615,0.01457497,0.01999252,0.40826398,-0.31350581,0.22112677,-1.02773982,0.10864861,-1.19415659,-0.01067286,-1.09811949,-0.15108430,-0.82117077,0.73887134,0.20092128,0.15319766,0.31057439,0.05635854,0.11009440,0.10057225,0.28396476,0.30124867,0.73887134,0.93050966,0.88983448,0.75563343,0.20092128,0.24225588,0.42576969,0.15319766,0.45452301,0.31057439,0.52746571,1.06094920,1.20702879,1.10720929,0.84576826
872,0.07867254,0.02012705,0.01580032,0.01362852,0.01997282,0.40827497,-0.30061881,0.22325653,-1.02180362,0.09869259,-1.17980617,-0.02548869,-1.09143280,-0.15616288,-0.81630451,0.74499287,0.20129483,0.15242742,0.30476184,0.05355202,0.11238736,0.10514056,0.29422640,0.31244794,0.74499287,0.93231025,0.90214195,0.76457747,0.20129483,0.25843143,0.43189001,0.15242742,0.44411058,0.30476184,0.52066728,1.05583677,1.19196948,1.10022108,0.84060578
873,0.07541613,0.02240320,0.01693857,0.01365154,0.02063308,0.40649767,-0.33131614,0.22551615,-1.03044022,0.09542085,-1.19179242,-0.03263469,-1.10098797,-0.15902737,-0.81495668,0.72303118,0.20728778,0.15702053,0.31285501,0.06139322,0.12366475,0.10453227,0.29864104,0.31640712,0.72303118,0.91555002,0.88660341,0.74438169,0.20728778,0.26769386,0.44108786,0.15702053,0.45487904,0.31285501,0.53705670,1.06560069,1.20474962,1.11093733,0.84127363
874,0.07260330,0.02391133,0.01819992,0.01220511,0.01744070,0.40944663,-0.34248565,0.21240269,-1.03751059,0.08309508,-1.19957567,-0.03810952,-1.10425074,-0.16597139,-0.81361926,0.72291691,0.20746687,0.15470763,0.31794431,0.06175972,0.07212181,0.10479738,0.29892415,0.31676195,0.72291691,0.91732363,0.88353771,0.74375219,0.20746687,0.26002650,0.44117407,0.15470763,0.46026201,0.31794431,0.55231436,1.07238023,1.21319972,1.11485746,0.84081381
875,0.06530694,0.02467067,0.01827211,0.01107210,0.01612550,0.39570024,-0.35493643,0.18814732,-1.03872201,0.05608776,-1.18916650,-0.05647063,-1.08092650,-0.18259726,-0.79538858,0.71504435,0.20029977,0.15636199,0.31244804,0.04901354,0.09507844,0.10369141,0.29805435,0.31557615,0.71504435,0.90090109,0.85535545,0.72693516,0.20029977,0.24867421,0.44437418,0.15636199,0.46097284,0.31244804,0.54630175,1.06643890,1.19924455,1.09099449,0.82531175
876,0.06452195,0.02366797,0.01828534,0.01128959,0.01415341,0.38035623,-0.37425592,0.17261416,-1.03931507,0.04309383,-1.17627235,-0.06937930,-1.06334607,-0.18971150,-0.76229803,0.69691772,0.18901843,0.15966885,0.32489454,0.03621662,0.04384023,0.10026219,0.29526384,0.31182245,0.69691772,0.87004484,0.82290662,0.69022986,0.18901843,0.24432041,0.45827309,0.15966885,0.47593686,0.32489454,0.55106689,1.06458934,1.18523239,1.07343039,0.79297017
877,0.06366244,0.02433392,0.02397491,0.02197793,0.01235923,0.37839131,-0.38751919,0.14460368,-1.06056492,0.02276071,-1.17853179,-0.08511610,-1.04528169,-0.20718970,-0.75622365,0.71265312,0.16962557,0.17147698,0.31555710,0.01840399,-0.06461796,0.10235979,0.28591309,0.30368375,0.71265312,0.86747449,0.80496202,0.69418800,0.16962557,0.23032446,0.46689777,0.17147698,0.48226347,0.31555710,0.57179624,1.08351679,1.19023260,1.06111103,0.79448586
878,0.05973205,0.02465069,0.02169055,0.01753165,0.00873865,0.37415395,-0.39379932,0.14242619,-1.04644472,0.02943073,-1.16829523,-0.07658271,-1.04549931,-0.19192526,-0.75986382,0.69257341,0.16629278,0.16223477,0.30867982,0.00999124,0.01369591,0.09757796,0.28181679,0.29823172,0.69257341,0.84780667,0.79246951,0.67485256,0.16629278,0.21914648,0.44122060,0.16223477,0.46504901,0.30867982,0.56210549,1.06543518,1.17639601,1.05671360,0.79187269
879,0.06226960,0.02502847,0.02181517,0.01650466,0.01215582,0.37517602,-0.37086620,0.15204068,-1.03090341,0.03592978,-1.15266516,-0.07160506,-1.04000771,-0.18284460,-0.76018673,0.69674164,0.16828105,0.15574807,0.30157051,0.01556917,0.03785145,0.09383896,0.27388177,0.28951161,0.69674164,0.85223096,0.80459028,0.68057733,0.16828105,0.22383881,0.43101226,0.15574807,0.44958599,0.30157051,0.54377364,1.05077631,1.16073313,1.05094882,0.79053928
880,0.06703035,0.02522923,0.02060787,0.01329293,0.01649329,0.38542255,-0.36586990,0.16924380,-1.01287253,0.04803713,-1.14897254,-0.05340421,-1.04135207,-0.16556552,-0.76871565,0.68221700,0.18226194,0.14789374,0.29504047,0.01466566,0.08402683,0.08938039,0.26455483,0.27924561,0.68221700,0.85271276,0.80553262,0.68257163,0.18226194,0.22447580,0.41462330,0.14789374,0.43630788,0.29504047,0.54450127,1.03476801,1.15674706,1.05015766,0.79442211
881,0.06735964,0.02391172,0.02057904,0.01418990,0.01410094,0.38509429,-0.36492847,0.17876711,-1.01006733,0.05743981,-1.13758991,-0.04558246,-1.02667797,-0.15576726,-0.76998870,0.67734024,0.17616084,0.15138047,0.27963144,0.00468666,0.05217667,0.08764136,0.25759710,0.27209792,0.67734024,0.83926976,0.78956504,0.67594053,0.17616084,0.22510924,0.41229517,0.15138047,0.42518018,0.27963144,0.54375033,1.03311068,1.14491906,1.03409087,0.79219234
882,0.06952303,0.02521825,0.01985588,0.01406913,0.01642969,0.39417708,-0.37078848,0.17758985,-1.01841436,0.06010389,-1.15276068,-0.04381468,-1.03711879,-0.15274241,-0.77341116,0.68292647,0.17866080,0.15555087,0.28565465,0.00982953,0.05695267,0.08559230,0.25118523,0.26536779,0.68292647,0.85034445,0.79740978,0.67940960,0.17866080,0.22258072,0.41215700,0.15555087,0.43538566,0.28565465,0.55406772,1.04150215,1.16037659,1.04422451,0.79461668
883,0.07263103,0.02605295,0.01997877,0.01408686,0.01427649,0.39138827,-0.36814715,0.17826174,-1.01020010,0.06319637,-1.14246372,-0.04037320,-1.02387568,-0.15027357,-0.76953173,0.67650198,0.17581602,0.15758538,0.27758630,0.00201294,0.03558076,0.08434980,0.24637258,0.26041187,0.67650198,0.84110078,0.78535959,0.67516870,0.17581602,0.21996528,0.40891435,0.15758538,0.43034721,0.27758630,0.55164216,1.03339376,1.14964554,1.03004456,0.78901064
884,0.07258804,0.02484973,0.01882984,0.01193273,0.01564365,0.39177594,-0.37114460,0.18244028,-0.99836790,0.07094130,-1.13405643,-0.04020988,-1.02300453,-0.15078986,-0.75711826,0.66124478,0.17600826,0.15720620,0.28830543,0.00428287,0.06204230,0.08308929,0.24104420,0.25496301,0.66124478,0.82766623,0.78211460,0.66639760,0.17600826,0.22463860,0.41254577,0.15720620,0.43773873,0.28830543,0.55236270,1.02215029,1.14157398,1.02913612,0.77729773
885,0.07451630,0.02403299,0.01879968,0.01216819,0.01520362,0.39876451,-0.36703647,0.18947766,-1.00523132,0.07804431,-1.14234233,-0.03355201,-1.03439814,-0.14594077,-0.76775525,0.67167444,0.17705248,0.15534296,0.28974237,0.00752837,0.05480766,0.08061279,0.23373110,0.24724209,0.67167444,0.83903395,0.79520720,0.67665375,0.17705248,0.22553380,0.41217082,0.15534296,0.43690089,0.28974237,0.55478027,1.03064117,1.15070401,1.04069831,0.78718855
886,0.07724752,0.02731024,0.02465413,0.01954419,0.01305951,0.40608461,-0.35778617,0.19909153,-1.02402415,0.09503706,-1.16876234,-0.01659695,-1.05098970,-0.14506053,-0.77543720,0.69808633,0.17833963,0.16229081,0.30509052,-0.02651911,-0.01798933,0.07744239,0.22718162,0.24001836,0.69808633,0.86909708,0.81254977,0.69392709,0.17833963,0.21750543,0.42583856,0.16229081,0.46165748,0.30509052,0.56137135,1.05059746,1.17865517,1.05758185,0.79415036
887,0.07241039,0.02434057,0.02028500,0.01556982,0.01087915,0.41384558,-0.36546964,0.19529687,-1.02920310,0.08978212,-1.16286203,-0.01737230,-1.04139851,-0.15069430,-0.77107817,0.69889554,0.17050034,0.16200310,0.30185963,-0.01074145,0.02319527,0.07605364,0.22206209,0.23472479,0.69889554,0.86097688,0.80211954,0.69630929,0.17050034,0.21333377,0.43258077,0.16200310,0.46011549,0.30185963,0.57006329,1.05556479,1.17260099,1.04821630,0.79220937
888,0.06925508,0.02395845,0.02116361,0.01969541,0.01263655,0.40807860,-0.36990452,0.19197986,-1.02948082,0.08297538,-1.16053722,-0.01464663,-1.03533765,-0.15227815,-0.77320287,0.69448211,0.17048751,0.15876181,0.29653271,-0.02276730,0.01018367,0.07611991,0.22093166,0.23367721,0.69448211,0.85527934,0.78878293,0.69171460,0.17048751,0.20672230,0.42959065,0.15876181,0.45346246,0.29653271,0.56992534,1.05439147,1.16965377,1.04241706,0.79486522
889,0.06676175,0.02385924,0.02115361,0.01979064,0.01339132,0.40644555,-0.36956406,0.19047949,-1.02320392,0.08110262,-1.15313115,-0.01454050,-1.02721072,-0.14949961,-0.77470173,0.68885069,0.16985120,0.15812597,0.28675606,-0.02369939,0.01280141,0.07538257,0.22204454,0.23449160,0.68885069,0.84886511,0.78131119,0.68923123,0.16985120,0.20506646,0.42148747,0.15812597,0.44342349,0.28675606,0.56778778,1.04750422,1.16180821,1.03392556,0.79540728
890,0.06478973,0.02485938,0.02280051,0.02069427,0.01139101,0.40626164,-0.37051257,0.18995710,-1.02047416,0.08351628,-1.15093885,-0.01866261,-1.02993386,-0.15109970,-0.77535133,0.68562483,0.16837715,0.15844757,0.28744298,-0.03221483,0.00612103,0.07536791,0.22088127,0.23338564,0.68562483,0.84504338,0.78486079,0.69010203,0.16837715,0.20887958,0.42018073,0.15844757,0.44299822,0.28744298,0.56818031,1.04425952,1.15955383,1.03689590,0.79649713
891,0.06607243,0.02516759,0.02305070,0.02124962,0.01294566,0.40860809,-0.36454898,0.19624967,-1.02702912,0.08951000,-1.15369614,-0.01287792,-1.03547800,-0.14734304,-0.78333868,0.69636101,0.16565809,0.15641014,0.28634392,-0.03436112,-0.00991410,0.07529878,0.22006546,0.23259130,0.69636101,0.85185532,0.79292533,0.69775502,0.16565809,0.20929823,0.42163227,0.15641014,0.43991170,0.28634392,0.56669203,1.05193656,1.16266897,1.04195941,0.80294921
892,0.06978088,0.02382153,0.02346344,0.02319684,0.01555584,0.41330088,-0.36147047,0.20549260,-1.03199601,0.09548309,-1.16215401,-0.00795024,-1.04729279,-0.14474918,-0.79687444,0.70269771,0.17043663,0.15482239,0.28580598,-0.03691255,0.00213852,0.07540505,0.21955693,0.23214471,0.70269771,0.86194882,0.80512065,0.70875351,0.17043663,0.21428260,0.42187245,0.15482239,0.43725775,0.28580598,0.56619943,1.05764865,1.17115324,1.05393323,0.81627154
893,0.06936349,0.02547826,0.02604659,0.02478368,0.01674601,0.42096763,-0.36957046,0.21030363,-1.05336772,0.09837944,-1.18326311,-0.00565600,-1.06619024,-0.14205315,-0.80609858,0.71724901,0.17146921,0.15677524,0.29454758,-0.04211366,-0.04408647,0.07627214,0.21751420,0.23049917,0.71724901,0.87680369,0.81807335,0.71554450,0.17146921,0.21641350,0.43079191,0.15677524,0.44755020,0.29454758,0.58385009,1.08026190,1.19274229,1.07297441,0.82434514
894,0.07241824,0.02456852,0.02295257,0.02170005,0.01404339,0.41626238,-0.37554316,0.20303643,-1.04488227,0.09232554,-1.17354816,-0.01032926,-1.06177146,-0.14458833,-0.78159800,0.70302488,0.16979779,0.15184357,0.31145406,-0.02342872,-0.02004824,0.07788226,0.22051063,0.23386018,0.70302488,0.86184356,0.80847050,0.69414613,0.16979779,0.21403374,0.43660003,0.15184357,0.45830307,0.31145406,0.58205644,1.07219416,1.18373108,1.06967271,0.80208636
895,0.07250272,0.02538796,0.02300238,0.02006670,0.01411401,0.41214126,-0.38891096,0.20031128,-1.05112413,0.08573824,-1.18650406,-0.01716953,-1.07599051,-0.14942667,-0.78933737,0.69558624,0.17738051,0.15106379,0.31640998,-0.01590897,0.00349291,0.07878949,0.22125120,0.23486140,0.69558624,0.86213219,0.81042145,0.69094016,0.17738051,0.21890056,0.43732884,0.15106379,0.46188590,0.31640998,0.58710284,1.07821601,1.19662616,1.08439244,0.81117297
896,0.07041245,0.02635343,0.02235159,0.01822764,0.01625993,0.40519943,-0.39559634,0.18999458,-1.04215214,0.07640997,-1.17616448,-0.02369468,-1.06524423,-0.15088578,-0.77338451,0.68168193,0.17582040,0.14941646,0.31911815,-0.01471443,0.00565372,0.07928268,0.22483559,0.23840467,0.68168193,0.84737890,0.79560605,0.67388494,0.17582040,0.21502264,0.43499559,0.14941646,0.46295614,0.31911815,0.58596952,1.06753141,1.18523926,1.07291779,0.79480550
897,0.06796555,0.02668543,0.02229308,0.01844388,0.01583977,0.40229140,-0.39987504,0.18573888,-1.03764003,0.07498918,-1.16867041,-0.02703246,-1.05925918,-0.15664795,-0.76650814,0.67399101,0.17191817,0.14959837,0.32101524,-0.01859266,-0.00964161,0.08016456,0.22603232,0.23982696,0.67399101,0.83634319,0.78768747,0.67114965,0.17191817,0.21418567,0.43814588,0.14959837,0.46472486,0.32101524,0.58881381,1.06249034,1.17741002,1.06652693,0.78845574
898,0.07073505,0.02903317,0.02823573,0.02729939,0.01910989,0.40586355,-0.41434945,0.18949653,-1.06270353,0.07323977,-1.19205937,-0.02775779,-1.08270782,-0.16091066,-0.77964799,0.68599500,0.17421126,0.14886096,0.33283850,-0.04766167,-0.09130939,0.08174997,0.22250260,0.23704528,0.68599500,0.84862104,0.79953790,0.68197433,0.17421126,0.21835486,0.45255914,0.14886096,0.47543416,0.33283850,0.60860602,1.08679028,1.19991847,1.08937089,0.80032497
899,0.07172789,0.02940942,0.02684213,0.02516866,0.01742312,0.39800782,-0.41457349,0.17814277,-1.06554708,0.06244968,-1.19248529,-0.03750961,-1.07162437,-0.16173153,-0.76787312,0.68890332,0.17306715,0.15691895,0.33029437,-0.04010120,-0.13386072,0.08200009,0.22493160,0.23941228,0.68890332,0.85017828,0.79194337,0.67156378,0.17306715,0.21732806,0.45626093,0.15691895,0.48202122,0.33029437,0.60524518,1.08937417,1.20000744,1.07830211,0.78843089
900,0.07118760,0.02723835,0.02352520,0.02130771,0.01466331,0.39428954,-0.42039047,0.17328612,-1.05553236,0.05576901,-1.17991697,-0.03853676,-1.06404550,-0.16439812,-0.75714981,0.67335111,0.17162518,0.14939984,0.33271453,-0.02903590,-0.05042272,0.08239319,0.22719846,0.24167701,0.67335111,0.83288577,0.77703538,0.65633291,0.17162518,0.21235835,0.45225611,0.14939984,0.47732707,0.33271453,0.59925731,1.07754395,1.18700707,1.07122411,0.78020157
901,0.07072708,0.02855692,0.02667562,0.02445405,0.01649586,0.40077614,-0.43499596,0.17435204,-1.07543064,0.05716685,-1.19693580,-0.04128804,-1.07320910,-0.16980930,-0.77005176,0.68095612,0.16977089,0.15813535,0.33092569,-0.03139392,-0.11478032,0.08259711,0.22525380,0.23991990,0.68095612,0.83841907,0.77933730,0.66935946,0.16977089,0.21660745,0.46319357,0.15813535,0.48476025,0.33092569,0.62129702,1.09874688,1.20473982,1.08092504,0.79357271
902,0.06928539,0.02840508,0.02567882,0.02365393,0.01531767,0.39518865,-0.43459515,0.16703247,-1.06182551,0.05056866,-1.17216983,-0.04630506,-1.05070881,-0.17039316,-0.75240928,0.66946953,0.16128644,0.15538884,0.32434442,-0.03554760,-0.09818069,0.08302818,0.22975518,0.24429720,0.66946953,0.81700275,0.76133645,0.65644738,0.16128644,0.21450961,0.46033001,0.15538884,0.47541152,0.32434442,0.61713223,1.08359169,1.17943831,1.05829026,0.77658447
903,0.06664462,0.02856527,0.02967302,0.02915323,0.02135796,0.39324423,-0.44319158,0.15865865,-1.07719665,0.04184501,-1.17616670,-0.05006479,-1.05130863,-0.18505279,-0.76068373,0.68083937,0.15434419,0.15510634,0.32204437,-0.04203054,-0.16745593,0.08362424,0.22904989,0.24383778,0.68083937,0.81904025,0.75984516,0.67381628,0.15434419,0.21170143,0.47061084,0.15510634,0.47481763,0.32204437,0.63076308,1.09720600,1.18260136,1.05836737,0.78686791
904,0.06933822,0.02812774,0.02865642,0.02695486,0.01945088,0.39223168,-0.43946533,0.15450872,-1.07548668,0.03869897,-1.17313406,-0.05803746,-1.04550734,-0.18951040,-0.75669893,0.68301820,0.15325103,0.16038210,0.31906052,-0.03030665,-0.16710330,0.08469479,0.22907629,0.24423177,0.68301820,0.82018861,0.76239980,0.67707486,0.15325103,0.21701157,0.47351898,0.16038210,0.47671460,0.31906052,0.63003144,1.09676695,1.18054705,1.05369801,0.78461638
905,0.07085620,0.02795143,0.03146721,0.03098555,0.02289696,0.39418405,-0.44080537,0.15509348,-1.09274815,0.03876568,-1.18597912,-0.05933941,-1.05544914,-0.19373991,-0.76240837,0.69935449,0.15071686,0.16343937,0.32457367,-0.03485305,-0.19278998,0.08498569,0.22767261,0.24301725,0.69935449,0.83227645,0.77206403,0.68669225,0.15071686,0.21960537,0.48504679,0.16343937,0.48524472,0.32457367,0.63464040,1.11348573,1.19319233,1.06369044,0.79074866
906,0.06796559,0.02738126,0.02972582,0.02970541,0.02090288,0.39284171,-0.44115900,0.15789488,-1.08397556,0.04114389,-1.18196207,-0.05142917,-1.05593265,-0.19284334,-0.76309559,0.68817176,0.15316386,0.15641890,0.32670256,-0.02847591,-0.13691619,0.08530414,0.22899820,0.24437056,0.68817176,0.82464595,0.76389837,0.67937846,0.15316386,0.21202630,0.47800974,0.15641890,0.48106952,0.32670256,0.62782129,1.10442059,1.18933754,1.06419878,0.79228623
907,0.06866863,0.02700369,0.02857975,0.02852517,0.02024259,0.39321804,-0.43575918,0.16059940,-1.08208549,0.04180787,-1.17956532,-0.04613422,-1.06498205,-0.19362013,-0.75754280,0.69016126,0.15481173,0.14454961,0.34258106,-0.02477809,-0.14965844,0.08585851,0.22936027,0.24490369,0.69016126,0.82708889,0.77284122,0.68071696,0.15481173,0.20886937,0.48383540,0.14454961,0.48479073,0.34258106,0.62465100,1.10375102,1.18723323,1.07299144,0.78699261
908,0.06968970,0.02704700,0.02751683,0.02718903,0.01913787,0.39674776,-0.43999352,0.16069800,-1.08878604,0.04345735,-1.18622282,-0.04855243,-1.06988885,-0.20012253,-0.76007106,0.69259788,0.15360050,0.14840321,0.34653834,-0.01543941,-0.14012228,0.08625417,0.22823142,0.24398639,0.69259788,0.82893977,0.77542232,0.68654889,0.15360050,0.21143687,0.49145655,0.14840321,0.49236044,0.34653834,0.62818887,1.11126280,1.19465919,1.07884938,0.79186452
909,0.07234865,0.02622211,0.02463688,0.02404236,0.01635765,0.39363784,-0.43327622,0.15788311,-1.07309210,0.04396191,-1.17315130,-0.04912214,-1.06017402,-0.19943696,-0.75405673,0.68364981,0.15341413,0.14650430,0.34244763,-0.01207889,-0.13136457,0.08651110,0.22996192,0.24569627,0.68364981,0.82156661,0.77150221,0.68313651,0.15341413,0.20946495,0.48281359,0.14650430,0.48606016,0.34244763,0.62034142,1.09580149,1.18144009,1.06884605,0.78581883
910,0.07245820,0.02470747,0.02084229,0.01925811,0.01145485,0.39789320,-0.42953570,0.16468169,-1.06745316,0.04894258,-1.17223493,-0.04534406,-1.06382858,-0.19492161,-0.75694448,0.67989946,0.15740607,0.14374944,0.34229750,0.00556633,-0.07138934,0.08584044,0.22992795,0.24542910,0.67989946,0.82215260,0.77578999,0.68194838,0.15740607,0.21150863,0.47768884,0.14374944,0.48250081,0.34229750,0.61510219,1.09156046,1.18132530,1.07308704,0.78910918
911,0.07207352,0.02600600,0.02306805,0.02066320,0.01263993,0.39686412,-0.42464228,0.16677109,-1.06553979,0.05251335,-1.17125211,-0.04223774,-1.05612923,-0.19010806,-0.75632056,0.68244731,0.15738032,0.14932178,0.33559178,-0.01096144,-0.10795823,0.08584549,0.23121540,0.24663740,0.68244731,0.82503437,0.77294310,0.68248735,0.15738032,0.21155326,0.47611025,0.14932178,0.48213026,0.33559178,0.61279815,1.08875224,1.17915501,1.06350066,0.78481176
912,0.07128847,0.02692619,0.02592803,0.02384700,0.01546957,0.40096903,-0.42953187,0.16604801,-1.06273322,0.04979104,-1.17041790,-0.04197829,-1.05539588,-0.18884698,-0.75459324,0.67786028,0.15963902,0.14720994,0.33609709,-0.02327677,-0.12161456,0.08631074,0.23155132,0.24711446,0.67786028,0.82353718,0.77108890,0.68267859,0.15963902,0.20949838,0.47307268,0.14720994,0.48067596,0.33609709,0.62145344,1.08526645,1.17812788,1.06309801,0.78311196
913,0.06737468,0.02745248,0.02846658,0.02589066,0.01655395,0.39411728,-0.43033211,0.16388566,-1.05575954,0.04723166,-1.16104828,-0.04477192,-1.04972752,-0.19019264,-0.75729185,0.67023364,0.15798270,0.14452175,0.32824986,-0.03768258,-0.12948735,0.08553171,0.23322487,0.24841399,0.67023364,0.81357174,0.76477231,0.68125425,0.15798270,0.20987024,0.46630012,0.14452175,0.46995641,0.32824986,0.61830874,1.07669813,1.16789586,1.05660073,0.78477466
914,0.06533352,0.02834892,0.02697567,0.02355225,0.01439510,0.39024962,-0.42590285,0.16300018,-1.05097638,0.04607580,-1.16054470,-0.03984691,-1.05068499,-0.18602052,-0.75688030,0.66789738,0.16096665,0.13984249,0.33001585,-0.03214806,-0.11221355,0.08503992,0.23339492,0.24840486,0.66789738,0.81485124,0.76343016,0.67557216,0.16096665,0.20444247,0.46039401,0.13984249,0.46781789,0.33001585,0.61096943,1.07244841,1.16791624,1.05743560,0.78324595
915,0.06718429,0.02610683,0.02130351,0.01610572,0.01173430,0.38785104,-0.41326491,0.16589255,-1.04020721,0.04754415,-1.14482569,-0.04021994,-1.03657435,-0.17941947,-0.75399325,0.66571691,0.15915820,0.13980210,0.31608351,-0.00891366,-0.05081817,0.08332530,0.23296428,0.24741759,0.66571691,0.80831172,0.75851559,0.66729459,0.15915820,0.20840565,0.45207672,0.13980210,0.45348279,0.31608351,0.59036072,1.06209382,1.15171905,1.04269198,0.77909162
916,0.06948691,0.02622942,0.02087556,0.01465419,0.01284888,0.38644037,-0.41043528,0.17032826,-1.03291897,0.05341037,-1.14046219,-0.03438197,-1.03891790,-0.16943607,-0.75487689,0.65955436,0.16000222,0.13457537,0.31541096,-0.01010440,-0.04005885,0.08227918,0.23127754,0.24547742,0.65955436,0.80382273,0.75853269,0.65895448,0.16000222,0.20679869,0.44215402,0.13457537,0.44659720,0.31541096,0.58660751,1.05535330,1.14743346,1.04476231,0.77789644
917,0.06720660,0.02879831,0.02612820,0.02223474,0.01449709,0.39627339,-0.41602066,0.17933099,-1.04058425,0.06558355,-1.15389164,-0.02628296,-1.05309355,-0.15664535,-0.77310339,0.66352329,0.16111769,0.13647453,0.31026709,-0.04291687,-0.08986898,0.08174600,0.22671275,0.24100016,0.66352329,0.81155229,0.76808240,0.66636689,0.16111769,0.20682714,0.43214008,0.13647453,0.44225260,0.31026709,0.60124335,1.06286978,1.16077301,1.05842259,0.79219867
918,0.06562513,0.03110809,0.03300566,0.02759684,0.01935169,0.39947483,-0.42066445,0.18586478,-1.03994265,0.07184489,-1.14818961,-0.01830897,-1.04469748,-0.15410906,-0.77853126,0.65995133,0.15764515,0.13729333,0.30085583,-0.07522921,-0.13019873,0.08028737,0.22367264,0.23764577,0.65995133,0.80313260,0.75694792,0.67187370,0.15764515,0.20477284,0.43175668,0.13729333,0.43494301,0.30085583,0.60765320,1.06122297,1.15389250,1.04838482,0.79526669
919,0.06600541,0.02792380,0.02532015,0.01985408,0.01342651,0.40200523,-0.40611147,0.19009547,-1.03078870,0.07397915,-1.14215332,-0.01583135,-1.04059191,-0.15065126,-0.77759253,0.66143817,0.16103557,0.13569704,0.29678390,-0.04585074,-0.04554363,0.07784303,0.21938267,0.23278379,0.66143817,0.80774362,0.76217850,0.67175429,0.16103557,0.20654661,0.42637653,0.13569704,0.42946924,0.29678390,0.59302788,1.05391269,1.14917031,1.04524475,0.79514881
920,0.06688332,0.02786886,0.02746951,0.02160496,0.01261883,0.40642123,-0.40490962,0.19475542,-1.03187145,0.07912471,-1.14411079,-0.01707876,-1.03302296,-0.15635987,-0.77649630,0.66431848,0.16129101,0.14708482,0.29329314,-0.05921993,-0.05811191,0.07629804,0.21445080,0.22761928,0.66431848,0.81106367,0.76092719,0.68179059,0.16129101,0.21223717,0.43615080,0.14708482,0.43795101,0.29329314,0.59619933,1.05519100,1.15092171,1.03712988,0.79450935
921,0.06736907,0.02595350,0.02336540,0.01904785,0.01300231,0.40891249,-0.39603407,0.20205850,-1.01746662,0.08738903,-1.13277820,-0.00912355,-1.02489143,-0.14709211,-0.76025291,0.65632897,0.16276890,0.14482279,0.29928108,-0.04206753,-0.00753270,0.07521689,0.21171221,0.22467674,0.65632897,0.80536018,0.75703746,0.66902291,0.16276890,0.21161571,0.43497140,0.14482279,0.44099123,0.29928108,0.58869965,1.04290308,1.14059766,1.02944529,0.77787227
922,0.06698384,0.02451058,0.02111257,0.01649564,0.01480769,0.41178269,-0.39562928,0.20569489,-1.01517245,0.08784095,-1.13292479,-0.00979736,-1.01798017,-0.14618234,-0.74510632,0.65337882,0.16665369,0.15081847,0.30551780,-0.02430629,0.02952810,0.07388772,0.20797887,0.22071386,0.65337882,0.80583392,0.75227968,0.66000260,0.16665369,0.21557126,0.44410681,0.15081847,0.45329792,0.30551780,0.58644331,1.04152851,1.14114687,1.02332101,0.76430321
923,0.06621710,0.02483659,0.02230163,0.01809554,0.01312202,0.41749002,-0.39520733,0.20981237,-1.01838075,0.09048287,-1.13710502,-0.00677145,-1.02218499,-0.14271647,-0.74614976,0.65770526,0.16834728,0.15054943,0.30830923,-0.03889646,0.01334813,0.07250717,0.20314277,0.21569486,0.65770526,0.81154971,0.75785339,0.66331293,0.16834728,0.21662715,0.44592522,0.15054943,0.45562366,0.30830923,0.59097602,1.04493839,1.14519668,1.02725729,0.76411963
924,0.06918684,0.02445272,0.02177194,0.01989331,0.01279727,0.41308224,-0.39222436,0.21345941,-1.01793418,0.09462480,-1.14188363,-0.00032295,-1.02310663,-0.14061670,-0.75050100,0.65771314,0.17173656,0.15209204,0.30715345,-0.04451948,0.00007343,0.07093095,0.19835932,0.21065997,0.65771314,0.81537649,0.75507178,0.66167116,0.17173656,0.21384495,0.44410982,0.15209204,0.45690649,0.30715345,0.58548031,1.04490168,1.14993321,1.02802393,0.76792958
925,0.06983023,0.02454472,0.02213106,0.01888120,0.01127379,0.41435505,-0.39455494,0.21872762,-1.01707008,0.09655508,-1.13796459,0.00065960,-1.01147787,-0.14030512,-0.75129223,0.65334014,0.17190972,0.15872898,0.29652195,-0.04075854,0.00113534,0.06965334,0.19548230,0.20752088,0.65334014,0.80928569,0.74366881,0.66176969,0.17190972,0.21816945,0.44726865,0.15872898,0.45385552,0.29652195,0.58782221,1.04533861,1.14632814,1.01627928,0.76843142
926,0.07249010,0.02283409,0.02086186,0.01983550,0.01375774,0.41445660,-0.38686169,0.21938606,-1.02073759,0.09777992,-1.14113306,0.00578599,-1.02012583,-0.13641058,-0.74196176,0.66348602,0.17112353,0.15220060,0.31279409,-0.03178531,0.01537622,0.06873943,0.19272036,0.20461243,0.66348602,0.81826516,0.75376076,0.65594132,0.17112353,0.21375371,0.45206701,0.15220060,0.46286723,0.31279409,0.57911612,1.04873319,1.14961969,1.02574922,0.75991994
927,0.07358229,0.02310874,0.02084111,0.01775609,0.01146561,0.41680498,-0.38112622,0.21898086,-1.01994176,0.09924618,-1.13412255,0.00483243,-1.01420941,-0.14001089,-0.72646900,0.66888146,0.16547810,0.15267102,0.32257332,-0.02548890,0.02074078,0.06756384,0.19029295,0.20193137,0.66888146,0.81738721,0.75543102,0.65587238,0.16547810,0.21422684,0.46395351,0.15267102,0.47285223,0.32257332,0.57680503,1.04831779,1.14288919,1.01958748,0.74502453
928,0.07437029,0.02344718,0.02069555,0.01597735,0.01214134,0.41978870,-0.37957645,0.21770582,-1.01956008,0.09681780,-1.12110829,0.00089618,-1.00721647,-0.13974917,-0.72281842,0.67124406,0.15806883,0.14893484,0.31783999,-0.02320570,0.02350212,0.06659476,0.18798216,0.19942958,0.67124406,0.80906257,0.75494176,0.65777378,0.15806883,0.21742814,0.46552469,0.14893484,0.46376974,0.31783999,0.57771182,1.04768345,1.12936103,1.01148874,0.73990562
929,0.07468865,0.02326805,0.01999725,0.01450798,0.01445090,0.42056774,-0.38833731,0.21106515,-1.02103445,0.08816909,-1.12283842,-0.00505241,-1.01118727,-0.14019788,-0.72662055,0.66652386,0.15969216,0.14551837,0.31544839,-0.01789975,0.04516608,0.06638845,0.18673705,0.19818717,0.66652386,0.80632506,0.75459339,0.65578572,0.15969216,0.21658399,0.45909561,0.14551837,0.45778591,0.31544839,0.58281150,1.04759206,1.13038619,1.01534816,0.74385388
930,0.07310476,0.02460246,0.02244797,0.01366836,0.01386493,0.41829057,-0.40351925,0.20251198,-1.03459036,0.07749195,-1.12784195,-0.01902225,-1.00855460,-0.14469084,-0.72303350,0.66707621,0.15614175,0.15367424,0.31254222,-0.02334948,0.03766193,0.06593119,0.18559546,0.19695836,0.66707621,0.80076126,0.74710370,0.64913745,0.15614175,0.22361910,0.46780567,0.15367424,0.46259919,0.31254222,0.59260345,1.05917498,1.13447855,1.01243350,0.74043333
931,0.07260866,0.02466774,0.02222692,0.01356336,0.01459890,0.42014435,-0.41866354,0.19847254,-1.04413342,0.07175808,-1.13331795,-0.02643026,-1.01932814,-0.15167581,-0.71866515,0.66363406,0.15504234,0.15056616,0.32619960,-0.01427175,0.04820286,0.06777648,0.18556167,0.19755198,0.66363406,0.79515520,0.74872210,0.64678989,0.15504234,0.22654482,0.47893994,0.15056616,0.47162537,0.32619960,0.60370197,1.06798384,1.13994166,1.02395569,0.73838182
932,0.07431820,0.02392247,0.02319846,0.01786546,0.01025859,0.42087813,-0.42568320,0.19315206,-1.03669654,0.06468160,-1.12757450,-0.03039819,-1.01089252,-0.16557807,-0.71184510,0.65252297,0.15743290,0.15051885,0.32872643,-0.04257406,0.00905742,0.06797886,0.18619392,0.19821529,0.65252297,0.78763241,0.73960709,0.65437787,0.15743290,0.22510646,0.48458385,0.15051885,0.47565617,0.32872643,0.61005925,1.05865647,1.13290215,1.01513778,0.73406981
933,0.07055786,0.02541892,0.02439714,0.01788214,0.00946262,0.41115827,-0.42578488,0.19148428,-1.03551608,0.06600511,-1.13772396,-0.03291171,-1.00691073,-0.16798232,-0.71553038,0.64892625,0.16213700,0.16403873,0.32187887,-0.04589302,-0.01337213,0.06750788,0.18685169,0.19867276,0.64892625,0.79234300,0.73282553,0.65109218,0.16213700,0.22660366,0.48250892,0.16403873,0.48334039,0.32187887,0.60734116,1.05812369,1.14346044,1.01145673,0.73817152
934,0.06913330,0.02456171,0.02527161,0.02200108,0.01210250,0.40895772,-0.42952306,0.19231711,-1.03939859,0.06411773,-1.13805397,-0.02895692,-0.99856432,-0.16414024,-0.71942124,0.64875779,0.16212001,0.16769097,0.31098513,-0.06141166,-0.05784834,0.06750091,0.18833346,0.20006465,0.64875779,0.78994375,0.72017229,0.64698380,0.16212001,0.22526147,0.48016678,0.16769097,0.47735473,0.31098513,0.61055533,1.06178642,1.14337130,1.00299780,0.74093642
935,0.07110310,0.02381387,0.02406045,0.02066922,0.01127331,0.41043521,-0.42631835,0.19344333,-1.03160887,0.06536052,-1.13675327,-0.02566751,-0.99964058,-0.16102947,-0.71526283,0.64391016,0.16583118,0.16461136,0.31553876,-0.05057683,-0.02106154,0.06780308,0.18942220,0.20119152,0.64391016,0.79083459,0.72128607,0.64282777,0.16583118,0.22145065,0.47562639,0.16461136,0.47870806,0.31553876,0.60600233,1.05401436,1.14219823,1.00433248,0.73691473
936,0.07274385,0.02313315,0.02444502,0.02159616,0.01232841,0.41172819,-0.43101456,0.19282215,-1.03738076,0.06210126,-1.14282900,-0.02535413,-1.01245620,-0.16207281,-0.71960155,0.64570982,0.16810708,0.15707806,0.32391835,-0.05409814,-0.04345895,0.06811947,0.18947076,0.20134407,0.64570982,0.79425728,0.72842619,0.64510085,0.16810708,0.21960418,0.47695941,0.15707806,0.47920973,0.32391835,0.61043683,1.05942187,1.14787745,1.01704256,0.74108170
937,0.07411525,0.02317852,0.02382070,0.01955350,0.01059938,0.41574594,-0.43366441,0.19248591,-1.04265136,0.06149592,-1.14854193,-0.02965231,-1.01843053,-0.16603447,-0.72642206,0.64931776,0.16869917,0.15887790,0.32304654,-0.04667512,-0.03884188,0.06841111,0.18907219,0.20106808,0.64931776,0.79881111,0.73601111,0.65398189,0.16869917,0.22356785,0.47895006,0.15887790,0.47994731,0.32304654,0.61433902,1.06482704,1.15362641,1.02294440,0.74835800
938,0.07525493,0.02501858,0.02458605,0.01735241,0.00939028,0.41658570,-0.43682674,0.18901030,-1.04271105,0.05729973,-1.15129234,-0.03397639,-1.02184507,-0.16766124,-0.72838966,0.64750976,0.17088745,0.15839959,0.32317793,-0.03850053,-0.01284803,0.06820781,0.18975904,0.20164523,0.64750976,0.80019388,0.73887108,0.65467528,0.17088745,0.22405445,0.47622201,0.15839959,0.47942181,0.32317793,0.61439892,1.06395356,1.15599174,1.02623537,0.75044877
939,0.07702390,0.02647041,0.02549968,0.01768314,0.01006702,0.41894412,-0.43773105,0.18777578,-1.04169031,0.05501223,-1.15243673,-0.03619722,-1.02301565,-0.17369227,-0.72943176,0.64698512,0.17308490,0.15835722,0.32480047,-0.03574123,-0.00692656,0.06914256,0.18982715,0.20202733,0.64698512,0.80251117,0.74184612,0.66206342,0.17308490,0.22481456,0.47833810,0.15835722,0.48117849,0.32480047,0.61735588,1.06307531,1.15729550,1.02790492,0.75340966
940,0.07470364,0.02657910,0.02503195,0.01682591,0.01151740,0.41979515,-0.43391351,0.18460986,-1.04243719,0.05224518,-1.15146586,-0.03992628,-1.03232849,-0.17464540,-0.72536035,0.65254369,0.17164353,0.15065525,0.33579974,-0.02863257,0.01103088,0.06979107,0.19103951,0.20338851,0.65254369,0.80649603,0.75484711,0.66314810,0.17164353,0.22480982,0.47977503,0.15065525,0.48303939,0.33579974,0.61485875,1.06358192,1.15654969,1.03770663,0.75016570
941,0.07395879,0.02470494,0.02162253,0.01572324,0.01352256,0.42273293,-0.42880251,0.18840687,-1.03761965,0.05237292,-1.15627114,-0.04332374,-1.03875911,-0.17637096,-0.73567507,0.65239882,0.18055239,0.15161740,0.33140883,-0.01600678,0.03471907,0.07166054,0.19179242,0.20474268,0.65239882,0.81640073,0.76766159,0.67353089,0.18055239,0.23173419,0.47379767,0.15161740,0.47892138,0.33140883,0.61204883,1.05951824,1.16161017,1.04472398,0.76142500
942,0.07560511,0.02497041,0.02054380,0.01435029,0.01308419,0.42368320,-0.40192098,0.18944610,-1.03919164,0.05845873,-1.16348415,-0.04463301,-1.05133537,-0.18249918,-0.76195276,0.67895670,0.18058614,0.15233902,0.32095845,-0.00837993,0.05600262,0.07155711,0.19184694,0.20475758,0.67895670,0.84461754,0.80066416,0.70527567,0.18058614,0.23439547,0.46421790,0.15233902,0.46851882,0.32095845,0.59382321,1.06167034,1.16960459,1.05756859,0.78857976
943,0.07623715,0.02547460,0.02039704,0.01471887,0.01396693,0.42891250,-0.39055015,0.19639877,-1.04429459,0.06396179,-1.17319014,-0.04013622,-1.07036483,-0.18252335,-0.77883838,0.69386273,0.18480716,0.14633531,0.32486437,-0.01005125,0.05561578,0.07150927,0.19179392,0.20469119,0.69386273,0.86354790,0.82593171,0.72443668,0.18480716,0.23797480,0.46288785,0.14633531,0.46527077,0.32486437,0.58888297,1.06753057,1.17936897,1.07618723,0.80473911
944,0.07167728,0.02659663,0.01964725,0.01318514,0.01364438,0.43110828,-0.39006185,0.19919341,-1.03924180,0.07070756,-1.17034664,-0.03599648,-1.07760704,-0.17916229,-0.79159154,0.68942302,0.18357229,0.14139406,0.32017383,0.00127939,0.06941534,0.07285856,0.19270367,0.20601717,0.68942302,0.85953225,0.83127147,0.73052957,0.18357229,0.23830116,0.45239619,0.14139406,0.45391174,0.32017383,0.58952697,1.06354443,1.17722526,1.08360498,0.81698409
945,0.07512614,0.02760302,0.02057808,0.01392410,0.01361863,0.43155799,-0.37623652,0.20222041,-1.03629913,0.07284021,-1.16824594,-0.03236159,-1.07702901,-0.17757120,-0.79046271,0.69878804,0.18481296,0.13925594,0.32158861,-0.00246648,0.05337965,0.07245229,0.19372227,0.20682759,0.69878804,0.86946185,0.84044802,0.73669616,0.18481296,0.23809220,0.45266488,0.13925594,0.45341274,0.32158861,0.58207499,1.06156852,1.17544141,1.08307236,0.81571034
946,0.07857415,0.02708470,0.02020937,0.01443201,0.01350551,0.43788820,-0.37269927,0.20848371,-1.04629595,0.08004050,-1.17880377,-0.02452060,-1.08840702,-0.17696184,-0.79896293,0.71161052,0.18454692,0.13825530,0.32746672,-0.00271939,0.04804494,0.07228167,0.19293807,0.20603334,0.71161052,0.88197376,0.85212360,0.74819467,0.18454692,0.23678668,0.45815699,0.13825530,0.45876392,0.32746672,0.58445382,1.07253167,1.18652121,1.09442897,0.82408134
947,0.07692833,0.02753668,0.02150615,0.01555360,0.01108554,0.43275267,-0.36974048,0.20813138,-1.04077260,0.07943780,-1.17185011,-0.02313044,-1.07788548,-0.17419504,-0.79407318,0.70763025,0.18373080,0.13911224,0.32210223,-0.01674657,0.02789054,0.07202643,0.19619022,0.20899381,0.70763025,0.87649095,0.84220560,0.74092338,0.18373080,0.23423003,0.45552086,0.13911224,0.45537287,0.32210223,0.57879369,1.06642899,1.17878547,1.08290836,0.81708909
948,0.07790315,0.02546884,0.01899739,0.01298151,0.01350545,0.42923199,-0.36000859,0.21100681,-1.04476551,0.08133952,-1.17726822,-0.02135537,-1.08904918,-0.17333864,-0.79737178,0.71873810,0.18541067,0.13538732,0.32924866,0.00278467,0.05612802,0.07284804,0.19722819,0.21025174,0.71873810,0.88824340,0.85707342,0.74461306,0.18541067,0.23654988,0.45739134,0.13538732,0.45758571,0.32924866,0.56920947,1.07143388,1.18487822,1.09455259,0.82120493
949,0.07725355,0.02618708,0.02046586,0.01388576,0.01191845,0.42796619,-0.35698654,0.21127456,-1.04430392,0.08447949,-1.17928717,-0.01894421,-1.08342242,-0.17200632,-0.80381233,0.72070606,0.18520641,0.14101971,0.31913107,0.00317055,0.05695025,0.07323367,0.19901733,0.21206383,0.72070606,0.89117464,0.85291927,0.74813877,0.18520641,0.23352529,0.45280519,0.14101971,0.45496647,0.31913107,0.56679868,1.07120823,1.18730715,1.08906107,0.82733559
950,0.07668749,0.02620991,0.01985936,0.01447465,0.01171736,0.42221387,-0.35423391,0.20951846,-1.03783398,0.08068017,-1.17873023,-0.02248214,-1.07880500,-0.17213327,-0.79554783,0.71593386,0.19100427,0.14363889,0.32085030,0.00224303,0.03654018,0.07316441,0.20180770,0.21466108,0.71593386,0.89243687,0.85016188,0.74059900,0.19100427,0.23571853,0.45278183,0.14363889,0.45949871,0.32085030,0.56252513,1.06513280,1.18665505,1.08447730,0.81899768
951,0.07344716,0.02548179,0.01935333,0.01346187,0.01240211,0.41995941,-0.35551602,0.20774406,-1.04070343,0.08015253,-1.18298244,-0.02169715,-1.07687418,-0.17337476,-0.79698238,0.71741424,0.19115950,0.14715549,0.31883139,0.01512725,0.05105070,0.07354201,0.20291568,0.21583142,0.71741424,0.89456248,0.84583240,0.73968055,0.19115950,0.23245292,0.45316832,0.14715549,0.46235123,0.31883139,0.56132758,1.06844761,1.19170821,1.08319691,0.82140380
952,0.07226747,0.02459638,0.01965933,0.01533584,0.01149772,0.41633504,-0.35528423,0.20898852,-1.03397248,0.08482415,-1.17261774,-0.01909030,-1.06930765,-0.16663129,-0.79000551,0.70975532,0.18618295,0.14655148,0.31635429,0.01088656,0.03549748,0.07413311,0.20610186,0.21902899,0.70975532,0.88203279,0.83632808,0.72732315,0.18618295,0.23092023,0.44858331,0.14655148,0.45827535,0.31635429,0.55944842,1.06259218,1.18207734,1.07622478,0.81392340
953,0.07130143,0.02468410,0.01874894,0.01351855,0.01329932,0.41443033,-0.35670300,0.20420926,-1.03592842,0.08208052,-1.17173769,-0.01926639,-1.07136937,-0.16465337,-0.78892093,0.71113361,0.18277291,0.14268105,0.31805166,0.01479372,0.03889594,0.07470805,0.20734681,0.22039508,0.71113361,0.88021430,0.83597131,0.72271466,0.18277291,0.22650726,0.44468704,0.14268105,0.45584350,0.31805166,0.55855343,1.06348152,1.18074828,1.07787440,0.81223560
954,0.07116289,0.02381464,0.01833869,0.01225686,0.01422538,0.41714410,-0.36477334,0.20908804,-1.04537221,0.08422606,-1.18122174,-0.02266721,-1.08520274,-0.16844867,-0.80030548,0.71197945,0.18453602,0.14373420,0.32029511,0.02113970,0.05531207,0.07400472,0.20681436,0.21965627,0.71197945,0.88188916,0.84418173,0.72979976,0.18453602,0.23524341,0.45052698,0.14373420,0.45740824,0.32029511,0.56383936,1.07331745,1.19045162,1.09182793,0.82453960
955,0.07306440,0.02379111,0.01827495,0.01284977,0.01355869,0.41641279,-0.36438161,0.21188522,-1.05079111,0.08865522,-1.19593282,-0.02264271,-1.09373970,-0.16300452,-0.81338935,0.71669525,0.19045227,0.15112864,0.31391446,0.02556199,0.04037596,0.07305450,0.20602999,0.21859853,0.71669525,0.89406558,0.85150699,0.73303406,0.19045227,0.23854727,0.44434127,0.15112864,0.45828020,0.31391446,0.56298354,1.07974115,1.20571600,1.10075691,0.83635396
956,0.07499545,0.02330102,0.01818608,0.01181875,0.01268417,0.42199070,-0.36761848,0.21337807,-1.04758694,0.09225555,-1.19050164,-0.01992960,-1.09674719,-0.15842650,-0.81685026,0.71190797,0.18734643,0.14620403,0.31254918,0.02947821,0.06228375,0.07309782,0.20605508,0.21863665,0.71190797,0.88695493,0.85306679,0.73412132,0.18734643,0.23844187,0.43784205,0.14620403,0.45014684,0.31254918,0.56795687,1.07665269,1.20064613,1.10402976,0.83960789
957,0.07410476,0.02378444,0.01872725,0.01170024,0.01347764,0.42271387,-0.36645312,0.21605549,-1.04436404,0.09823286,-1.18895347,-0.01750636,-1.09471919,-0.15876841,-0.81299186,0.70909123,0.18656331,0.14925884,0.31543073,0.02449039,0.05323250,0.07266870,0.20659981,0.21900736,0.70909123,0.88439640,0.85115772,0.73316944,0.18656331,0.23899846,0.44088807,0.14925884,0.45564492,0.31543073,0.56939100,1.07427646,1.19953636,1.10179327,0.83566488
958,0.07144722,0.02361071,0.01829078,0.01247765,0.01229511,0.41925120,-0.36049318,0.21752658,-1.03959139,0.10536341,-1.18620375,-0.00952654,-1.09280478,-0.15208206,-0.81716306,0.70881168,0.18464257,0.14806453,0.31061501,0.02208212,0.05203699,0.07283796,0.20790093,0.22029109,0.70881168,0.88356885,0.84881890,0.73143714,0.18464257,0.23324572,0.43174255,0.14806453,0.45017306,0.31061501,0.56290727,1.06990101,1.19739352,1.09992478,0.83858963
959,0.06799967,0.02385433,0.01936676,0.01437573,0.00986345,0.42297130,-0.35525602,0.22423562,-1.04765852,0.10982806,-1.19563939,-0.00804511,-1.10081981,-0.15177247,-0.82822942,0.72065031,0.18705389,0.15130499,0.30857701,0.01788755,0.04770665,0.07306379,0.20722512,0.21972840,0.72065031,0.89709437,0.86153955,0.74438530,0.18705389,0.23832365,0.43551209,0.15130499,0.45121759,0.30857701,0.56233028,1.07875457,1.20738981,1.10850679,0.84970934
960,0.07118070,0.02394584,0.01844818,0.01154016,0.01226636,0.42452288,-0.34592083,0.22531480,-1.03737555,0.11314222,-1.18000528,-0.00024507,-1.09801863,-0.14558388,-0.82685477,0.72009566,0.18145952,0.13992809,0.30791907,0.03507447,0.07877183,0.07360786,0.20828599,0.22090987,0.72009566,0.89069130,0.86418609,0.74600884,0.18145952,0.23356979,0.42667128,0.13992809,0.43793491,0.30791907,0.55737958,1.06963458,1.19251142,1.10581257,0.84787706
961,0.06732222,0.02321577,0.01773810,0.01190001,0.01218805,0.42556635,-0.33813289,0.23162409,-1.02627636,0.12092878,-1.17762381,0.00706385,-1.09825185,-0.14620632,-0.83124333,0.71534431,0.18753403,0.13880247,0.30817392,0.02882887,0.06774529,0.07305373,0.20918146,0.22157105,0.71534431,0.89329432,0.86798216,0.75508002,0.18753403,0.23582223,0.42548891,0.13880247,0.43760744,0.30817392,0.55322163,1.05969595,1.19025715,1.10532582,0.85127369
962,0.06893412,0.02327533,0.01939960,0.01492734,0.01118412,0.42611330,-0.33685810,0.23695187,-1.03169076,0.12345455,-1.18917541,0.00825886,-1.10616481,-0.14542829,-0.84310811,0.72038857,0.19413890,0.14204803,0.30511290,0.01844713,0.05085552,0.07310396,0.20849069,0.22093564,0.72038857,0.90473310,0.87585922,0.76357320,0.19413890,0.24060768,0.42646858,0.14204803,0.43842509,0.30511290,0.55340950,1.06596933,1.20241511,1.11407364,0.86334140
963,0.06663518,0.02302761,0.01955067,0.01621657,0.01113729,0.42914979,-0.34150537,0.23938501,-1.03162481,0.12777495,-1.18954775,0.01279097,-1.11299475,-0.13871532,-0.85094646,0.71593053,0.19345281,0.13837187,0.30309363,0.01289541,0.06325457,0.07374167,0.20923135,0.22184587,0.71593053,0.90027058,0.87718598,0.76302794,0.19345281,0.24112904,0.41905798,0.13837187,0.43095720,0.30309363,0.55851390,1.06607570,1.20317238,1.12130194,0.87049913
964,0.06378056,0.02276527,0.01840388,0.01429083,0.01242298,0.42820767,-0.33367508,0.24149179,-1.02312233,0.13246507,-1.18498038,0.01646192,-1.11219176,-0.13440085,-0.85405747,0.71451790,0.19518624,0.13714061,0.29926104,0.01917628,0.07957743,0.07400129,0.21059638,0.22321968,0.71451790,0.90147871,0.88117684,0.76654615,0.19518624,0.24225855,0.41216760,0.13714061,0.42515682,0.29926104,0.55240737,1.05812642,1.19880584,1.12004703,0.87266126
965,0.06260797,0.02384334,0.01907331,0.01446526,0.01218899,0.42808165,-0.31985798,0.24535800,-1.01247887,0.13712343,-1.18183258,0.02233052,-1.11156150,-0.12963957,-0.85423465,0.71646501,0.20100083,0.13482914,0.29914472,0.01763743,0.08435629,0.07435133,0.21234284,0.22498356,0.71646501,0.90991428,0.88997132,0.77249425,0.20100083,0.24426796,0.40702889,0.13482914,0.42250540,0.29914472,0.54472509,1.04869078,1.19606056,1.11942580,0.87194354
966,0.06654310,0.02510786,0.02053362,0.01533927,0.01080853,0.43286603,-0.31015568,0.25356323,-1.01381390,0.14488892,-1.18463505,0.02726888,-1.11401119,-0.12524155,-0.85475317,0.72623404,0.20247003,0.13745015,0.30124227,0.01771575,0.06672229,0.07489092,0.21226684,0.22509079,0.72623404,0.92077538,0.90065081,0.77980727,0.20247003,0.24770397,0.41088989,0.13745015,0.42644882,0.30124227,0.54475357,1.05264668,1.20034305,1.12270120,0.87220328
967,0.06576570,0.02464985,0.01956546,0.01463200,0.01245381,0.42991872,-0.30417507,0.25685508,-1.01255669,0.15068410,-1.17425047,0.03588528,-1.10697885,-0.11898815,-0.84162205,0.72927781,0.19343886,0.13325586,0.30757263,0.01987801,0.07488053,0.07456516,0.21449558,0.22708659,0.72927781,0.91382295,0.89442683,0.76821222,0.19343886,0.24037489,0.41296780,0.13325586,0.42826678,0.30757263,0.53937662,1.05220181,1.19044207,1.11541059,0.85813325
968,0.06599475,0.02540823,0.02148680,0.01824676,0.01073611,0.42940868,-0.30115734,0.25486650,-1.01265272,0.15026956,-1.16909649,0.03548277,-1.09047488,-0.11693099,-0.83548688,0.73265296,0.18818963,0.13955158,0.29749753,-0.00717589,0.05121693,0.07573833,0.21614012,0.22902586,0.73265296,0.91176708,0.88215810,0.76432828,0.18818963,0.23304878,0.41187838,0.13955158,0.42745553,0.29749753,0.53902352,1.05053120,1.18433703,1.09831461,0.85078371
969,0.06539053,0.02582517,0.02246624,0.02036751,0.01075810,0.43560673,-0.31180595,0.25906113,-1.02668083,0.15356092,-1.18813634,0.03811806,-1.08327141,-0.12082963,-0.84015236,0.73652916,0.19287257,0.15612762,0.29116462,-0.01023558,0.02799533,0.07593093,0.21481046,0.22783556,0.73652916,0.92076528,0.86790581,0.76791446,0.19287257,0.22815249,0.42345203,0.15612762,0.44333953,0.29116462,0.55468491,1.06653626,1.20467249,1.09215140,0.85635419
970,0.06595669,0.02659009,0.02545812,0.02444540,0.01482904,0.44128467,-0.32256161,0.26442609,-1.04778946,0.15798503,-1.20404715,0.04292686,-1.10550369,-0.12385701,-0.84781387,0.74709108,0.18908555,0.15181429,0.30786438,-0.02848081,-0.01014922,0.07543157,0.21215883,0.22516947,0.74709108,0.92629996,0.87863319,0.77264183,0.18908555,0.22924124,0.43689389,0.15181429,0.45445107,0.30786438,0.56702942,1.08735298,1.22061254,1.11433024,0.86379162
971,0.06852011,0.02534885,0.02344190,0.02271889,0.01262749,0.43525161,-0.32559672,0.25713535,-1.03865934,0.15338283,-1.19390798,0.03729280,-1.10158265,-0.12302095,-0.84188435,0.73535069,0.18672673,0.14866050,0.30598495,-0.01959661,-0.00103689,0.07531202,0.21374798,0.22662766,0.73535069,0.91321044,0.87218185,0.76122463,0.18672673,0.22890393,0.42822270,0.14866050,0.44773239,0.30598495,0.56554532,1.07819419,1.21103921,1.11143788,0.85937427
972,0.06751577,0.02540810,0.02526513,0.02368623,0.01300501,0.42928600,-0.33299583,0.25119935,-1.03778359,0.14143719,-1.18440477,0.02837462,-1.08743973,-0.12462175,-0.83565716,0.72761368,0.18315432,0.14915211,0.29571364,-0.02682859,-0.01345713,0.07543214,0.21555187,0.22836948,0.72761368,0.89929475,0.85467261,0.74957743,0.18315432,0.22842636,0.42708671,0.14915211,0.43900002,0.29571364,0.56580989,1.07524264,1.19953596,1.09610150,0.85192428
973,0.06632405,0.02614172,0.02729250,0.02524435,0.01435152,0.42193967,-0.34122185,0.24679660,-1.02911630,0.13266302,-1.17460928,0.02320900,-1.07771439,-0.13358099,-0.82450973,0.71186068,0.18493283,0.14637893,0.29898566,-0.04105530,-0.04097469,0.07542647,0.21612806,0.22891154,0.71186068,0.88393634,0.83889301,0.74010243,0.18493283,0.22886904,0.43243146,0.14637893,0.44023661,0.29898566,0.57051920,1.06536788,1.18817446,1.08551737,0.84139736
974,0.06887929,0.02468299,0.02353089,0.02018767,0.00944277,0.42477778,-0.34791556,0.24666217,-1.02644879,0.13017311,-1.17792337,0.01711098,-1.07332563,-0.13398844,-0.81808567,0.70202038,0.19112121,0.15425212,0.29723917,-0.01838768,0.02302170,0.07527699,0.21436483,0.22719795,0.70202038,0.88103731,0.83223893,0.73104097,0.19112121,0.23459481,0.43400888,0.15425212,0.44652451,0.29723917,0.56827580,1.06247067,1.19152587,1.08154735,0.83661066
975,0.07089701,0.02330550,0.02110775,0.01697096,0.00799510,0.42157942,-0.33786969,0.24283124,-1.02547051,0.12441673,-1.16815584,0.01281322,-1.07230878,-0.13895462,-0.81095605,0.71049897,0.18549855,0.14749311,0.30251270,0.00466136,0.06416852,0.07535257,0.21383830,0.22672633,0.71049897,0.88186590,0.84056809,0.73350970,0.18549855,0.23527913,0.43793175,0.14749311,0.44380530,0.30251270,0.55478184,1.06043219,1.18123657,1.08073645,0.83160351
976,0.07133607,0.02297410,0.02125515,0.01818555,0.00776221,0.41865595,-0.34794062,0.23600387,-1.02961628,0.11709461,-1.16929877,0.00533210,-1.07320251,-0.14396123,-0.80594835,0.70588277,0.18348676,0.14782470,0.30654016,-0.00615951,0.03974397,0.07493296,0.21270196,0.22551513,0.70588277,0.87503645,0.83477033,0.72564012,0.18348676,0.23525528,0.44090945,0.14782470,0.44743205,0.30654016,0.55937820,1.06241442,1.18103156,1.08094190,0.82647791
977,0.07381504,0.02382921,0.02297185,0.02060666,0.00998282,0.41722819,-0.34818481,0.22735056,-1.02842805,0.10953904,-1.16552517,-0.00139364,-1.06617943,-0.14708243,-0.80797435,0.70674872,0.18076308,0.14918031,0.29714494,-0.02513627,-0.00392004,0.07475883,0.21215004,0.22493671,0.70674872,0.87373274,0.83130198,0.72886974,0.18076308,0.23202260,0.43464427,0.14918031,0.44025049,0.29714494,0.56015410,1.05890746,1.17577890,1.07274301,0.82713576
978,0.07727294,0.02330629,0.02099811,0.01763230,0.00687509,0.41320817,-0.34984320,0.22197195,-1.02524693,0.10147752,-1.16316499,-0.00336303,-1.06395568,-0.14619886,-0.80330862,0.70206934,0.18314563,0.14451339,0.29770025,-0.01371578,0.02890113,0.07473540,0.21104433,0.22388633,0.70206934,0.87108799,0.82674384,0.72042424,0.18314563,0.22879349,0.42997367,0.14451339,0.43696359,0.29770025,0.55459874,1.05450058,1.17265810,1.07027204,0.82249978
979,0.07622677,0.02315736,0.02012490,0.01668483,0.00687954,0.41704349,-0.36223258,0.22059960,-1.03715884,0.10019814,-1.17352146,-0.00285644,-1.06766267,-0.14787190,-0.81092001,0.70313194,0.18198367,0.14773776,0.29567798,-0.01918628,-0.00281331,0.07387109,0.20869071,0.22137920,0.70313194,0.87123998,0.82124364,0.72276912,0.18198367,0.22559592,0.43325098,0.14773776,0.43990093,0.29567798,0.56755999,1.06643106,1.18277449,1.07312671,0.82878966
980,0.08242692,0.02461131,0.02008404,0.01481921,0.00748581,0.41758328,-0.35973879,0.22025021,-1.04092753,0.10253488,-1.18468660,-0.00306223,-1.07371894,-0.15063780,-0.81766707,0.70922749,0.18580533,0.15318154,0.29615134,-0.01376058,0.04624951,0.07287391,0.20463833,0.21722673,0.70922749,0.88308362,0.82870625,0.73022894,0.18580533,0.22570719,0.43331685,0.15318154,0.44628298,0.29615134,0.56222132,1.06906449,1.19369188,1.07877855,0.83578344
981,0.07966867,0.02350310,0.01902085,0.01411974,0.00833580,0.41986517,-0.36202307,0.22293361,-1.03507794,0.10676610,-1.18123772,0.00121229,-1.06970134,-0.14916329,-0.81425186,0.70130061,0.18684106,0.15362249,0.29705695,-0.00516962,0.01954277,0.07204217,0.20493236,0.21722648,0.70130061,0.87710993,0.82242797,0.72778442,0.18684106,0.22469992,0.43378598,0.15362249,0.44803564,0.29705695,0.56821557,1.06541824,1.19125791,1.07504090,0.83242676
982,0.07691520,0.02311059,0.01930466,0.01409518,0.01046429,0.41261562,-0.36613408,0.22518408,-1.03861596,0.10756162,-1.18045253,0.00521923,-1.07755169,-0.14601180,-0.80935164,0.69814426,0.18437555,0.14521118,0.30855417,-0.00981646,0.01743220,0.07210392,0.20551619,0.21779780,0.69814426,0.86967910,0.82000404,0.71410663,0.18437555,0.22367137,0.43741930,0.14521118,0.45015380,0.30855417,0.56605320,1.06954228,1.19080418,1.08306761,0.82721364
983,0.07589458,0.02459885,0.01937175,0.01396001,0.00965407,0.40898190,-0.36525703,0.22161562,-1.03192558,0.10613755,-1.16893752,0.00398246,-1.06335132,-0.14911982,-0.80050979,0.69255282,0.17951971,0.14711893,0.30496043,-0.01558594,0.00383859,0.07194631,0.20638181,0.21856286,0.69255282,0.85907190,0.80753463,0.70946780,0.17951971,0.22068290,0.43890376,0.14711893,0.44918516,0.30496043,0.56299980,1.06212995,1.17869956,1.06807013,0.81804764
984,0.07586523,0.02469179,0.01810634,0.01123188,0.01153074,0.40636356,-0.36188898,0.22216222,-1.02838132,0.10888956,-1.16032677,0.00796479,-1.06123435,-0.14313006,-0.79886035,0.69147827,0.17448940,0.14180990,0.30345065,-0.00104820,0.01208148,0.07176984,0.20647747,0.21859518,0.69147827,0.85217122,0.80523525,0.70348534,0.17448940,0.21809463,0.43374618,0.14180990,0.44170740,0.30345065,0.55800631,1.05935649,1.17054653,1.06588454,0.81540027
985,0.07508307,0.02394793,0.01785776,0.01133404,0.01202351,0.40548673,-0.35922418,0.22449142,-1.03059437,0.10743596,-1.16438527,0.00768899,-1.06560540,-0.14228321,-0.79838379,0.69536846,0.17816782,0.14068788,0.30703655,0.00424871,0.02089590,0.07135435,0.20597511,0.21798438,0.69536846,0.85857426,0.81082568,0.70290809,0.17816782,0.22063106,0.43598691,0.14068788,0.44399723,0.30703655,0.55438630,1.06204310,1.17470635,1.07059600,0.81526772
986,0.07823481,0.02378347,0.01782311,0.01084115,0.01256651,0.40554597,-0.35445419,0.22406420,-1.02983588,0.10831151,-1.16613201,0.00855390,-1.06590118,-0.14257822,-0.80676283,0.69935834,0.17922513,0.14176118,0.30048747,0.00578623,0.02595472,0.07082725,0.20546454,0.21732965,0.69935834,0.86441780,0.81488999,0.71147290,0.17922513,0.21961371,0.43096839,0.14176118,0.43912707,0.30048747,0.55137957,1.06108919,1.17639616,1.07071370,0.82353400
987,0.07584360,0.02397297,0.01879410,0.01126684,0.01170028,0.40619022,-0.35485950,0.22531604,-1.02799147,0.11132350,-1.16245307,0.00772207,-1.06670696,-0.14011488,-0.81296223,0.69701237,0.17657730,0.14137763,0.29421513,0.00334317,0.03122890,0.07061597,0.20548907,0.21728409,0.69701237,0.85977993,0.81597312,0.71383818,0.17657730,0.22187819,0.42565602,0.14137763,0.43140073,0.29421513,0.55144969,1.05886032,1.17262466,1.07115830,0.82875545
988,0.07717343,0.02421999,0.01864617,0.01170560,0.01014816,0.40624767,-0.35133608,0.22832526,-1.02503714,0.11442304,-1.16421143,0.00852764,-1.06344252,-0.14643460,-0.80955871,0.69682292,0.18049675,0.14661960,0.29820431,-0.00480094,0.00604813,0.07054894,0.20512572,0.21691868,0.69682292,0.86392831,0.81628978,0.71994307,0.18049675,0.22472194,0.43495518,0.14661960,0.44146901,0.29820431,0.55095147,1.05666254,1.17423309,1.06730654,0.82558367
989,0.07559103,0.02431411,0.01868091,0.01221178,0.01085366,0.40543020,-0.35247350,0.22451232,-1.02840676,0.11147878,-1.16718798,0.00803731,-1.06900748,-0.14950232,-0.80633089,0.69973406,0.17941970,0.14283439,0.30690857,-0.00449673,0.01339549,0.07084637,0.20613081,0.21796587,0.69973406,0.86626427,0.81969408,0.71817951,0.17941970,0.22118450,0.43678313,0.14283439,0.44617433,0.30690857,0.55025576,1.05897514,1.17704417,1.07329054,0.82359521
990,0.07578329,0.02423805,0.01894567,0.01218474,0.01078022,0.40374678,-0.35512768,0.22423575,-1.02805366,0.10531853,-1.16306881,-0.00261337,-1.06304683,-0.15759850,-0.80023207,0.69649926,0.18053680,0.14746587,0.30583257,-0.00382664,-0.00543539,0.07183563,0.20776654,0.21983469,0.69649926,0.86158916,0.81689139,0.71836795,0.18053680,0.23084194,0.44696374,0.14746587,0.44912594,0.30583257,0.55276450,1.05910779,1.17259364,1.06737586,0.81904303
991,0.07132306,0.02516345,0.01934927,0.01221918,0.01131123,0.40372535,-0.34661117,0.22737981,-1.02211715,0.10607863,-1.16805516,-0.00630559,-1.06375842,-0.15624253,-0.80501967,0.69824576,0.19041605,0.15370216,0.29980496,-0.00387547,-0.00310296,0.07204560,0.20902967,0.22109720,0.69824576,0.87414194,0.82698067,0.72613267,0.19041605,0.23883926,0.44338042,0.15370216,0.44904389,0.29980496,0.54946676,1.05455727,1.17795949,1.06834438,0.82367906
992,0.07257903,0.02398088,0.01828598,0.01078052,0.01393670,0.40683530,-0.33542416,0.23939654,-1.02665388,0.11357095,-1.17495363,-0.00140670,-1.07031921,-0.15948767,-0.80630003,0.71122030,0.19487111,0.15572082,0.30825091,0.01591331,0.02581061,0.07223893,0.20829457,0.22046563,0.71122030,0.88935830,0.84093611,0.73753977,0.19487111,0.24564911,0.45738482,0.15572082,0.45955751,0.30825091,0.54297274,1.06215885,1.18627080,1.07581450,0.82690266
993,0.07361982,0.02137652,0.01704645,0.01070266,0.01542901,0.40952907,-0.32619975,0.24644300,-1.03147641,0.11461336,-1.18090457,-0.00273661,-1.08196978,-0.15818162,-0.80628089,0.72396076,0.19963871,0.15368646,0.31694754,0.02692766,0.01550500,0.07228616,0.20747971,0.21971144,0.72396076,0.90415646,0.86095486,0.74396174,0.19963871,0.25502403,0.46453874,0.15368646,0.46408252,0.31694754,0.53852078,1.06924072,1.19293833,1.08822123,0.82764971
994,0.07787675,0.01970274,0.01618596,0.01031285,0.01503052,0.41995376,-0.31768209,0.25925903,-1.02047312,0.11952369,-1.18458305,-0.01134818,-1.08384840,-0.16048141,-0.81598379,0.72122898,0.21571403,0.16519966,0.30695542,0.03387754,0.03361707,0.07297099,0.20727723,0.21974670,0.72122898,0.91756412,0.87926055,0.76502164,0.21571403,0.27821625,0.46772823,0.16519966,0.46328712,0.30695542,0.53794880,1.06099004,1.19685332,1.09033443,0.83797681
995,0.07358345,0.02074822,0.01738621,0.01127754,0.01429773,0.43249922,-0.32008549,0.27627051,-1.01916879,0.13251547,-1.18628233,-0.00533777,-1.09315176,-0.15095464,-0.82303043,0.71649841,0.22085308,0.16643308,0.30759070,0.02461412,0.01152263,0.07366436,0.20704248,0.21975674,0.71649841,0.91667424,0.88844810,0.77067208,0.22085308,0.29174287,0.47174498,0.16643308,0.46149215,0.30759070,0.55205978,1.06508361,1.20025422,1.09982155,0.84268925
996,0.07267702,0.02145203,0.01777967,0.01066246,0.01334517,0.43364875,-0.30521024,0.27990407,-1.01004911,0.13856302,-1.17588941,0.00043061,-1.09082958,-0.14869827,-0.82153274,0.72166520,0.21830845,0.16228823,0.30844757,0.03258441,0.02776222,0.07293529,0.20759902,0.22003843,0.72166520,0.91934271,0.89714932,0.77849532,0.21830845,0.29147111,0.46972824,0.16228823,0.45680499,0.30844757,0.54350965,1.05719657,1.19059670,1.09743850,0.84094126
997,0.07058667,0.02052689,0.01785615,0.01058136,0.01308704,0.43752138,-0.29342660,0.28503663,-1.00844847,0.14040047,-1.17777529,0.00246406,-1.10164827,-0.15145654,-0.82080463,0.73147211,0.22307745,0.15757397,0.32086247,0.03614832,0.04194540,0.07232315,0.20576388,0.21810413,0.73147211,0.93298296,0.91790624,0.79067940,0.22307745,0.29797121,0.47645044,0.15757397,0.46164301,0.32086247,0.53886809,1.05683454,1.19253309,1.10825161,0.84075910
998,0.06822191,0.02257515,0.01999197,0.01046600,0.01292533,0.43400952,-0.29462097,0.28436448,-1.00610955,0.13684029,-1.17559091,0.00501283,-1.09653782,-0.14605688,-0.82630921,0.72741031,0.22506625,0.15386985,0.31033232,0.03652729,0.04735639,0.07259732,0.20475243,0.21724163,0.72741031,0.92979200,0.90945966,0.78709340,0.22506625,0.29429512,0.46829411,0.15386985,0.45037177,0.31033232,0.53787362,1.05507411,1.19050507,1.10328920,0.84509193
999,0.06820177,0.02298635,0.02015094,0.01132751,0.01321126,0.42960658,-0.29064545,0.27195743,-1.00316144,0.13159126,-1.15938862,0.00258817,-1.07356688,-0.14547100,-0.81069973,0.72993640,0.21015584,0.15497881,0.30212149,0.03584413,0.07042960,0.07251928,0.20513164,0.21757306,0.72993640,0.91848283,0.89182045,0.77542006,0.21015584,0.27862887,0.46044454,0.15497881,0.44578357,0.30212149,0.53190838,1.04802976,1.17371925,1.08066196,0.83064391
1000,0.06949345,0.02351826,0.01988079,0.01106546,0.01303460,0.42785311,-0.30448718,0.26748280,-1.01208497,0.12967426,-1.17108848,-0.00000331,-1.07250392,-0.14840966,-0.81123220,0.72572544,0.21047780,0.16290064,0.30079348,0.03031192,0.08212045,0.07161900,0.20344556,0.21568351,0.72572544,0.91653119,0.87920814,0.76738840,0.21047780,0.27430067,0.46229516,0.16290064,0.45502848,0.30079348,0.53683476,1.05459504,1.18459158,1.07933628,0.83167154
1001,0.06348836,0.02453025,0.02056393,0.01185757,0.01192581,0.42959190,-0.31645890,0.25824562,-1.00600694,0.12979849,-1.16665111,0.00166946,-1.06524456,-0.14766208,-0.80907769,0.71079838,0.20568548,0.16342876,0.29679237,0.02476013,0.10174673,0.07139767,0.20133224,0.21361717,0.71079838,0.90169671,0.86271130,0.75893033,0.20568548,0.26333182,0.45129115,0.16342876,0.45270387,0.29679237,0.54230208,1.04518144,1.17954255,1.07183738,0.82922779
1002,0.06490121,0.02482003,0.02223354,0.01288112,0.00983104,0.42454805,-0.31993010,0.25138163,-1.02171185,0.12278357,-1.16919791,-0.00794672,-1.07124392,-0.15534769,-0.79660276,0.72303266,0.19569881,0.16337440,0.31204831,0.02466632,0.08752166,0.07090227,0.19928575,0.21152291,0.72303266,0.90139828,0.86706377,0.75066576,0.19569881,0.26401679,0.46512044,0.16337440,0.46512141,0.31204831,0.54135569,1.05893643,1.18138624,1.07785329,0.81825848
1003,0.06598489,0.02470352,0.02141684,0.01105337,0.01130296,0.42567301,-0.32929782,0.25218896,-1.02507468,0.11882389,-1.17334560,-0.01201698,-1.07315107,-0.15779915,-0.79573244,0.71745836,0.19950066,0.16479821,0.31371582,0.03030166,0.09114928,0.06994438,0.19720696,0.20924340,0.71745836,0.89827155,0.86326345,0.74700526,0.19950066,0.26859225,0.47017298,0.16479821,0.46829959,0.31371582,0.54717174,1.06268270,1.18510256,1.07958453,0.81771334
1004,0.06610892,0.02387367,0.02027170,0.01097382,0.01161359,0.42571241,-0.33597206,0.25023097,-1.02127291,0.11774657,-1.17346024,-0.01359197,-1.06924829,-0.15915174,-0.78572601,0.70780381,0.20179808,0.16769108,0.31895196,0.03257372,0.10032155,0.06929429,0.19535170,0.20727756,0.70780381,0.89255240,0.85512868,0.73788157,0.20179808,0.26814959,0.47247268,0.16769108,0.47654782,0.31895196,0.55082473,1.05830687,1.18513610,1.07606414,0.80887013
1005,0.06803207,0.02303559,0.01887030,0.01101117,0.01368116,0.42833194,-0.34195493,0.25009337,-1.02498918,0.11790755,-1.17333162,-0.01122646,-1.06624068,-0.15535566,-0.78218383,0.70616486,0.19872928,0.16777730,0.31882191,0.02894017,0.08693459,0.06869349,0.19383486,0.20564714,0.70616486,0.88757124,0.84741254,0.73110035,0.19872928,0.26456039,0.47283667,0.16777730,0.47728240,0.31882191,0.55802899,1.06231335,1.18534045,1.07329803,0.80484130
1006,0.06811016,0.02230707,0.01863122,0.01133672,0.01371171,0.42807310,-0.34362344,0.25036417,-1.02119688,0.11811076,-1.16932410,-0.00808540,-1.06428275,-0.15279525,-0.77696278,0.70082238,0.19859695,0.16425949,0.32196861,0.02865938,0.09185134,0.06879302,0.19300118,0.20489493,0.70082238,0.88216165,0.84269382,0.72477505,0.19859695,0.26202285,0.47150098,0.16425949,0.47687228,0.32196861,0.55736402,1.05806026,1.18091922,1.07105968,0.79903864
1007,0.07071940,0.02241931,0.01808608,0.01111513,0.01269816,0.42732252,-0.35003808,0.24948836,-1.02122149,0.11807727,-1.16705810,-0.01002554,-1.06598426,-0.15615595,-0.77499508,0.69459049,0.19643619,0.16317786,0.32599552,0.02782461,0.07255548,0.06859905,0.19181166,0.20370945,0.69459049,0.87366236,0.83904985,0.72183542,0.19643619,0.26341899,0.47502750,0.16317786,0.47868048,0.32599552,0.56295923,1.05891467,1.17914443,1.07286920,0.79755337
1008,0.07064542,0.02375924,0.01920542,0.01128426,0.01244730,0.42771673,-0.35973049,0.24546682,-1.01994066,0.11412705,-1.16170029,-0.01211346,-1.05750473,-0.15487834,-0.76745211,0.68491999,0.19370632,0.16373657,0.32388097,0.01000160,0.03712417,0.06805323,0.19187292,0.20358404,0.68491999,0.86114233,0.82492202,0.71182150,0.19370632,0.26087983,0.47475631,0.16373657,0.47786717,0.32388097,0.57132878,1.05629536,1.17247586,1.06288175,0.78767991
1009,0.07118613,0.02364041,0.01848315,0.01123664,0.01244341,0.42079144,-0.36089215,0.23767237,-1.01795324,0.10625141,-1.15298571,-0.01556025,-1.04957097,-0.15504478,-0.76379536,0.68212589,0.18902630,0.15987231,0.31854750,0.01046167,0.03572178,0.06810589,0.19282178,0.20449609,0.68212589,0.85231001,0.81540615,0.70356885,0.18902630,0.25599452,0.46939539,0.15987231,0.46937443,0.31854750,0.56664433,1.05256551,1.16291300,1.05473031,0.78392414
1010,0.07111092,0.02368312,0.01906117,0.00983096,0.01095077,0.41883606,-0.37045289,0.22779775,-1.02922411,0.09633117,-1.15729972,-0.02376999,-1.05006216,-0.15835708,-0.75956834,0.68596797,0.18424472,0.16122453,0.32072039,0.01054255,0.03446504,0.06801025,0.19245600,0.20411934,0.68596797,0.85040644,0.81118050,0.69696756,0.18424472,0.25360768,0.47298576,0.16122453,0.47307809,0.32072039,0.57113919,1.06153326,1.16640919,1.05514891,0.78019070
1011,0.07327420,0.02391266,0.01797591,0.00903899,0.01237239,0.41562606,-0.36828884,0.22166084,-1.03202084,0.08837555,-1.15648480,-0.03094567,-1.04824323,-0.16414118,-0.75311513,0.69155463,0.18325467,0.16138664,0.32429573,0.01199246,0.03049555,0.06763042,0.19238036,0.20392174,0.69155463,0.85347743,0.81369733,0.69681525,0.18325467,0.25463151,0.47824670,0.16138664,0.47669263,0.32429573,0.56791590,1.06330959,1.16507153,1.05350704,0.77519405
1012,0.07388187,0.02394200,0.01950219,0.01140354,0.00876271,0.41143246,-0.38236835,0.21517733,-1.04426518,0.07992454,-1.16028851,-0.03601060,-1.04569399,-0.16822623,-0.75184491,0.69038565,0.17920088,0.16347921,0.32306711,-0.00579142,-0.01270247,0.06676990,0.19162431,0.20292387,0.69038565,0.84589420,0.80086179,0.68980630,0.17920088,0.25313205,0.48527280,0.16347921,0.47924728,0.32306711,0.57728011,1.07413997,1.16836114,1.05099165,0.77414781
1013,0.07499784,0.02485286,0.02005222,0.01061283,0.01070082,0.40466775,-0.37807137,0.21266862,-1.04746273,0.07290331,-1.17157942,-0.04187227,-1.05160621,-0.17452848,-0.75567635,0.69638692,0.18773249,0.16648514,0.32495209,0.00197819,0.00905368,0.06633598,0.19022225,0.20145711,0.69638692,0.86020100,0.80857081,0.69305989,0.18773249,0.25630130,0.48742646,0.16648514,0.48504986,0.32495209,0.56878025,1.07697689,1.17944039,1.05741768,0.77988634
1014,0.07495458,0.02612431,0.02057493,0.01068872,0.01146786,0.39739584,-0.38770377,0.20218628,-1.04700904,0.06996110,-1.16872002,-0.04297282,-1.05241506,-0.17456023,-0.75877911,0.68760893,0.18093830,0.16283096,0.32261626,0.00669051,-0.00655640,0.06575629,0.19152031,0.20249425,0.68760893,0.84704788,0.79800312,0.68405011,0.18093830,0.24788784,0.47808656,0.16283096,0.47888536,0.32261626,0.57181184,1.07561295,1.17692790,1.05846926,0.78282614
1015,0.07637020,0.02583174,0.02134006,0.01178415,0.01070978,0.39506388,-0.39584983,0.19783915,-1.04868740,0.06312905,-1.16230526,-0.04634979,-1.03702512,-0.17621868,-0.75063415,0.68204856,0.17773420,0.16740634,0.31553431,-0.00887149,-0.03776905,0.06592886,0.19290036,0.20385574,0.68204856,0.83589240,0.78012661,0.67692885,0.17773420,0.24799011,0.48304472,0.16740634,0.47827353,0.31553431,0.57806121,1.07587257,1.16952341,1.04237925,0.77410348
1016,0.07502527,0.02565428,0.02004995,0.01040164,0.01216478,0.39294499,-0.38991844,0.18657201,-1.04582072,0.05429378,-1.16807388,-0.05739210,-1.04108937,-0.18685802,-0.74882505,0.68760570,0.18138889,0.16995401,0.32053719,0.00512899,-0.00094249,0.06610713,0.19210386,0.20316014,0.68760570,0.84887430,0.79255659,0.68453918,0.18138889,0.24699948,0.48115346,0.16995401,0.48536211,0.32053719,0.56981451,1.07113953,1.17504129,1.04733713,0.77542330
1017,0.07638137,0.02589700,0.02117740,0.01104601,0.01126155,0.39579515,-0.39419607,0.18656659,-1.05006976,0.05004157,-1.17022703,-0.05853165,-1.04218464,-0.19134300,-0.74509639,0.68844390,0.18290824,0.16861885,0.32633052,0.00126813,-0.00530758,0.06603888,0.19095126,0.20204831,0.68844390,0.84973251,0.79205526,0.68635169,0.18290824,0.24774517,0.48925688,0.16861885,0.49052130,0.32633052,0.57333163,1.07464532,1.17668542,1.04829621,0.77267037
1018,0.07399641,0.02565944,0.02038194,0.01141565,0.01203993,0.38511017,-0.41269465,0.17175780,-1.06233983,0.03875012,-1.16536823,-0.06251509,-1.03392487,-0.19251510,-0.73089879,0.68382782,0.17057673,0.16725637,0.33086895,-0.00163677,-0.05364383,0.06698336,0.19264609,0.20395903,0.68382782,0.82932501,0.76782213,0.66485620,0.17057673,0.24105512,0.49840263,0.16725637,0.49456188,0.33086895,0.58426895,1.08558266,1.17164931,1.04004727,0.75873641
1019,0.07244621,0.02629663,0.02072826,0.01090166,0.01198539,0.38432564,-0.42265332,0.16363562,-1.05479070,0.02986240,-1.15747137,-0.07204830,-1.02139166,-0.20028575,-0.71206619,0.66958930,0.17094810,0.17117439,0.33586649,-0.00608290,-0.05013919,0.06643001,0.19326019,0.20435862,0.66958930,0.81659227,0.75483511,0.65732872,0.17094810,0.24281843,0.50534673,0.17117439,0.50345720,0.33586649,0.58954670,1.07638802,1.16313986,1.02794833,0.74252582
1020,0.07142750,0.02778008,0.02167212,0.01150843,0.01090373,0.38211557,-0.43029360,0.15629351,-1.06292865,0.02043799,-1.15738082,-0.07854753,-1.01628655,-0.20177016,-0.71067622,0.67181898,0.16832957,0.17379837,0.33075741,-0.01028723,-0.07197357,0.06719931,0.19331214,0.20465906,0.67181898,0.81315042,0.74814106,0.65432798,0.16832957,0.24528856,0.50892195,0.17379837,0.50151830,0.33075741,0.59520485,1.08358856,1.16279509,1.02309505,0.74113349
1021,0.07080194,0.02878341,0.02261058,0.01109986,0.01103387,0.37866803,-0.43348616,0.15278647,-1.05352850,0.01307972,-1.14816424,-0.08548968,-1.01560026,-0.20396737,-0.69851372,0.65999594,0.17121675,0.16664200,0.33972102,-0.00857404,-0.05679515,0.06715513,0.19443678,0.20570725,0.65999594,0.80375061,0.74707837,0.64647000,0.17121675,0.24659126,0.50957320,0.16664200,0.50186408,0.33972102,0.59501131,1.07369710,1.15357705,1.02306464,0.73016420
1022,0.07138139,0.03008215,0.02379100,0.01205955,0.01028935,0.37531840,-0.44632087,0.14376535,-1.06060172,0.00236539,-1.14807317,-0.09474930,-1.01128454,-0.21100253,-0.68995407,0.65677122,0.16992259,0.16979325,0.34322334,-0.01224074,-0.09190747,0.06765354,0.19539770,0.20677829,0.65677122,0.79658955,0.73940100,0.64493531,0.16992259,0.25114754,0.52150580,0.16979325,0.50873052,0.34322334,0.60645423,1.08031201,1.15349469,1.01930255,0.72346388
1023,0.07101567,0.03031050,0.02523525,0.01492219,0.00856308,0.37447823,-0.45640593,0.13873319,-1.06474943,-0.00263350,-1.14933608,-0.10282391,-1.01212645,-0.21435588,-0.69701627,0.65325185,0.16840480,0.17182468,0.33613051,-0.02738959,-0.13231040,0.06823485,0.19628210,0.20780437,0.65325185,0.79181027,0.73849956,0.64901295,0.16840480,0.25454445,0.51875731,0.17182468,0.50313411,0.33613051,0.61664277,1.08352227,1.15461562,1.02084637,0.73089246
1024,0.07096092,0.03041875,0.02575924,0.01556419,0.00968112,0.36976871,-0.45275379,0.13654195,-1.06277800,-0.00529194,-1.14679293,-0.10341269,-1.01317674,-0.22003936,-0.69717667,0.65431065,0.16886637,0.16763972,0.33861552,-0.02580753,-0.14416558,0.06951482,0.19727973,0.20916884,0.65431065,0.79260760,0.74046150,0.65281662,0.16886637,0.25264106,0.51968793,0.16763972,0.50182261,0.33861552,0.61404113,1.08168472,1.15220092,1.02210192,0.73290608
1025,0.07015995,0.03173251,0.03173285,0.02291517,0.01693252,0.36865298,-0.46022282,0.13014392,-1.08089208,-0.01656524,-1.15222562,-0.10986716,-1.01632439,-0.22401886,-0.69680798,0.66853926,0.16819361,0.16721356,0.34245039,-0.04414649,-0.24793082,0.07175260,0.19758214,0.21020737,0.66853926,0.79966037,0.74659519,0.66438030,0.16819361,0.25794093,0.53503362,0.16721356,0.50594426,0.34245039,0.63051235,1.09950270,1.15785284,1.02575432,0.73293909
1026,0.06946587,0.02890733,0.02626522,0.01752050,0.01008554,0.36502903,-0.45992239,0.12577937,-1.08135931,-0.02112570,-1.15313194,-0.11428188,-1.01564494,-0.22638578,-0.69404383,0.66726297,0.16761531,0.16782006,0.34257241,-0.01518485,-0.16829715,0.07181208,0.19926546,0.21181053,0.66726297,0.79748274,0.74115632,0.65141486,0.16761531,0.25627197,0.53256703,0.16782006,0.50657593,0.34257241,0.62040450,1.10001358,1.15963401,1.02661427,0.73247412
1027,0.06846979,0.02842132,0.02601657,0.01621498,0.00877623,0.37153200,-0.46025414,0.12619921,-1.08924510,-0.02436418,-1.16808112,-0.11656696,-1.02807008,-0.22998982,-0.70675771,0.67536189,0.17185127,0.16886571,0.34216674,0.00685537,-0.09298617,0.07221199,0.19928796,0.21196760,0.67536189,0.81214107,0.75141022,0.65684858,0.17185127,0.25449968,0.52828299,0.16886571,0.50768913,0.34216674,0.61791685,1.10836772,1.17623386,1.04111823,0.74804066
1028,0.07058169,0.02786855,0.02603585,0.01802689,0.01012181,0.37246939,-0.45352770,0.12254969,-1.09582831,-0.02912709,-1.17569184,-0.12369282,-1.03358147,-0.23813227,-0.71927999,0.68946235,0.17367062,0.17179273,0.33601977,0.00799778,-0.13228364,0.07351993,0.19894839,0.21209819,0.68946235,0.82762765,0.76614808,0.67309348,0.17367062,0.25834411,0.52741608,0.17179273,0.50461678,0.33601977,0.61609855,1.11551042,1.18446920,1.04803433,0.76294708
1029,0.07039580,0.02852690,0.03114622,0.02447390,0.01788011,0.37781359,-0.45864467,0.12530215,-1.11534290,-0.03045180,-1.18698614,-0.12248719,-1.04218334,-0.23931373,-0.73360081,0.70521680,0.17447848,0.17306450,0.33291729,-0.00909086,-0.24380168,0.07435624,0.19780127,0.21131539,0.70521680,0.83883773,0.77554257,0.69151969,0.17447848,0.26416625,0.53716324,0.17306450,0.50365007,0.33291729,0.63511224,1.13608776,1.19603674,1.05631194,0.77545303
1030,0.07147527,0.02751965,0.02944486,0.02332814,0.01750184,0.37693944,-0.45346248,0.12786032,-1.10997761,-0.02620354,-1.18525969,-0.11945739,-1.04215646,-0.24118703,-0.73131349,0.70337883,0.17482941,0.17183594,0.33634379,-0.00545933,-0.23333281,0.07440289,0.19913521,0.21258086,0.70337883,0.83887146,0.77575878,0.69102469,0.17482941,0.26184239,0.53703403,0.17183594,0.50583180,0.33634379,0.62784983,1.13086205,1.19383489,1.05600811,0.77426223
1031,0.07089674,0.02754019,0.02824987,0.02137337,0.01489620,0.38277720,-0.45254531,0.13079997,-1.10531293,-0.02457133,-1.18392759,-0.11704945,-1.04886120,-0.23886472,-0.73425175,0.70040988,0.17687935,0.16450055,0.33933412,0.00261588,-0.19674208,0.07492684,0.19956859,0.21317048,0.70040988,0.83948570,0.78204733,0.69212562,0.17687935,0.25857225,0.53043910,0.16450055,0.50091189,0.33933412,0.62671007,1.12629076,1.19258002,1.06274753,0.77718629
1032,0.06652283,0.02790652,0.02931857,0.02324686,0.01732981,0.38312011,-0.45631472,0.13522097,-1.10282699,-0.02062941,-1.18295640,-0.11573361,-1.05146467,-0.24076867,-0.74162086,0.69347464,0.17729245,0.16286877,0.33619792,-0.00258249,-0.20381619,0.07515283,0.20043652,0.21406248,0.69347464,0.83383694,0.78058843,0.69583952,0.17729245,0.25937206,0.52718671,0.16286877,0.49583670,0.33619792,0.63119201,1.12400385,1.19175147,1.06567650,0.78512151
1033,0.06520710,0.02840878,0.02979477,0.02344147,0.01697270,0.38387005,-0.45320206,0.13757930,-1.09327264,-0.01560833,-1.17444026,-0.11322802,-1.04701427,-0.23753460,-0.73790571,0.68687645,0.17522941,0.16097299,0.33502999,-0.00994651,-0.18836738,0.07536249,0.20123271,0.21488161,0.68687645,0.82692840,0.77810078,0.69246207,0.17522941,0.25778904,0.52182631,0.16097299,0.49199035,0.33502999,0.62567281,1.11326397,1.18207087,1.06006217,0.77993409
1034,0.06548803,0.02861033,0.03126390,0.02596603,0.02092404,0.39202541,-0.45818991,0.14667120,-1.10886811,-0.00602218,-1.19368527,-0.10449788,-1.06316695,-0.23329788,-0.75952620,0.69741234,0.17647762,0.16394850,0.33223637,-0.01741470,-0.21997890,0.07544439,0.19921141,0.21301887,0.69741234,0.83994181,0.78783160,0.70624305,0.17647762,0.25800497,0.52190161,0.16394850,0.49280385,0.33223637,0.63952820,1.12992149,1.20129495,1.07532000,0.79885507
1035,0.06425149,0.02823370,0.02882271,0.02322582,0.01800967,0.38945460,-0.44860238,0.15267157,-1.08910853,0.00363222,-1.17294109,-0.09454510,-1.05176273,-0.22541423,-0.74768246,0.68436876,0.17339660,0.15645058,0.33306250,-0.01631227,-0.20569870,0.07485691,0.20199229,0.21541690,0.68436876,0.82401291,0.77815068,0.69471825,0.17339660,0.25338332,0.51532784,0.15645058,0.48549739,0.33306250,0.62750554,1.11088805,1.17992404,1.06232582,0.78492203
1036,0.06302659,0.02849652,0.02828689,0.02244271,0.01665166,0.38975341,-0.43870814,0.15740020,-1.08195783,0.01258210,-1.17254522,-0.08399743,-1.04596644,-0.21550681,-0.75121965,0.68634456,0.17330347,0.16003781,0.32492025,-0.02416291,-0.20332483,0.07463194,0.20367063,0.21691393,0.68634456,0.82964319,0.77705143,0.69550492,0.17330347,0.24826155,0.50529221,0.16003781,0.48209757,0.32492025,0.62237628,1.10355818,1.17879032,1.05450732,0.78437638
1037,0.06301305,0.03009843,0.03128539,0.02391716,0.01764149,0.39066469,-0.43042137,0.16248790,-1.07891451,0.01773948,-1.17115289,-0.07741603,-1.04727192,-0.21346318,-0.75389031,0.69129963,0.17385076,0.15726794,0.32584883,-0.03218162,-0.20493398,0.07439342,0.20296695,0.21617114,0.69129963,0.83536067,0.78336786,0.70337305,0.17385076,0.24629022,0.50432539,0.15726794,0.48056927,0.32584883,0.62256215,1.10137503,1.17768455,1.05530225,0.78617178
1038,0.06337655,0.02904398,0.03014114,0.02297085,0.01680525,0.39290129,-0.42871115,0.16906800,-1.07632202,0.02418266,-1.17313262,-0.07088259,-1.05122360,-0.21049716,-0.75640609,0.68810622,0.17633489,0.15526057,0.32830958,-0.02790935,-0.18202210,0.07436989,0.20222202,0.21546375,0.68810622,0.83561261,0.78329308,0.70110131,0.17633489,0.24478465,0.50257281,0.15526057,0.48102693,0.32830958,0.61936830,1.09980193,1.17981305,1.05919741,0.78840070
1039,0.06724169,0.03097542,0.03485021,0.02783795,0.02293271,0.39586559,-0.43041927,0.17314649,-1.08955216,0.02806854,-1.18671514,-0.06752937,-1.06533025,-0.21117387,-0.76482980,0.70143752,0.17793504,0.15559105,0.33618381,-0.03393160,-0.26290841,0.07568577,0.19991328,0.21376074,0.70143752,0.84999626,0.79871036,0.71794810,0.17793504,0.24753513,0.51263437,0.15559105,0.48920058,0.33618381,0.63666933,1.11513652,1.19396224,1.07312153,0.79605191
1040,0.06640428,0.02757868,0.02787338,0.02276712,0.01752217,0.39208369,-0.42316598,0.17538001,-1.06867053,0.02964244,-1.17241404,-0.06736105,-1.05468044,-0.20848564,-0.75290576,0.68298451,0.18096285,0.15299163,0.33501872,-0.02198147,-0.18074417,0.07412526,0.20170439,0.21489350,0.68298451,0.83619280,0.78637930,0.69690957,0.18096285,0.24624308,0.50258132,0.15299163,0.48467060,0.33501872,0.61262535,1.09371627,1.17950257,1.06296307,0.78518466
1041,0.06979936,0.02846693,0.02921656,0.02417307,0.01850026,0.39428357,-0.42060431,0.17439569,-1.07562723,0.03029504,-1.17775035,-0.06669801,-1.05640657,-0.20927944,-0.75147242,0.69415153,0.17968617,0.15612620,0.33894499,-0.02172624,-0.21511222,0.07482491,0.20042530,0.21393706,0.69415153,0.84598911,0.79375232,0.70552185,0.17968617,0.24670558,0.50997647,0.15612620,0.49209533,0.33894499,0.62218443,1.10244756,1.18576760,1.06514221,0.78406601
1042,0.06724556,0.02876785,0.03090727,0.02596492,0.02021573,0.39580481,-0.42233841,0.17811994,-1.07977716,0.03285038,-1.18087404,-0.06401057,-1.06015988,-0.20889492,-0.75978545,0.69630821,0.17933126,0.15533958,0.33571495,-0.02929227,-0.20816577,0.07472883,0.19941316,0.21295541,0.69630821,0.84697318,0.79458414,0.70920720,0.17933126,0.24656111,0.50862495,0.15533958,0.48830925,0.33571495,0.62335254,1.10586630,1.18847676,1.06849899,0.79185695
1043,0.06922717,0.02759818,0.02795896,0.02367571,0.01814799,0.39878819,-0.41821101,0.17860668,-1.07180566,0.03220291,-1.17566890,-0.06143812,-1.05818792,-0.20765870,-0.75560179,0.69227411,0.18189508,0.15062409,0.33777852,-0.02334402,-0.18570726,0.07448440,0.19985097,0.21327994,0.69227411,0.84621842,0.79459788,0.70680543,0.18189508,0.24377204,0.50467191,0.15062409,0.48579692,0.33777852,0.61714395,1.09784489,1.18299349,1.06636468,0.78796029
1044,0.07010243,0.02708009,0.02669779,0.02308018,0.01742792,0.39704662,-0.41479105,0.17957780,-1.07563884,0.03339854,-1.17729935,-0.06150754,-1.06084898,-0.20756976,-0.75304464,0.69775281,0.18060346,0.15065127,0.34236604,-0.01741859,-0.18059154,0.07400976,0.19926648,0.21256663,0.69775281,0.84890890,0.79791560,0.70464137,0.18060346,0.24508631,0.50952465,0.15065127,0.48998504,0.34236604,0.61360880,1.10264382,1.18523447,1.06955095,0.78604227
1045,0.07058549,0.02632712,0.02434681,0.01948471,0.01334352,0.39590158,-0.40755245,0.18015865,-1.06408987,0.03380768,-1.16678259,-0.06234712,-1.05180165,-0.20546396,-0.74545247,0.69180447,0.18052359,0.15015029,0.33921789,-0.00895377,-0.11861843,0.07348424,0.20043441,0.21348041,0.69180447,0.84306563,0.79331683,0.69600037,0.18052359,0.24516656,0.50394011,0.15015029,0.48586718,0.33921789,0.59766357,1.09011501,1.17434108,1.06043465,0.77877954
1046,0.07031219,0.02731662,0.02623544,0.02078609,0.01513398,0.39359731,-0.40818699,0.17757394,-1.06382870,0.03319355,-1.16206739,-0.06483180,-1.04537777,-0.20354518,-0.74457918,0.69153348,0.17700242,0.15282223,0.33267857,-0.01468716,-0.15097038,0.07374844,0.20101424,0.21411576,0.69153348,0.83852083,0.78916346,0.69449555,0.17700242,0.24641374,0.50222484,0.15282223,0.48179534,0.33267857,0.60066518,1.08992625,1.16959046,1.05388411,0.77667167
1047,0.06880781,0.02670975,0.02377554,0.01909651,0.01248907,0.39177559,-0.39940763,0.17929954,-1.04800056,0.03924075,-1.15473129,-0.05857984,-1.03687449,-0.19972757,-0.73662370,0.68337228,0.17821898,0.15353337,0.33287203,-0.00916881,-0.11841863,0.07339918,0.20323632,0.21608434,0.68337228,0.83583085,0.78385718,0.68810280,0.17821898,0.24116952,0.49483346,0.15353337,0.48305223,0.33287203,0.59019116,1.07426247,1.16226068,1.04492744,0.76832751
1048,0.07122694,0.02807779,0.02706892,0.02155275,0.01531308,0.39529095,-0.41134026,0.18088326,-1.06272391,0.03852002,-1.16594848,-0.05883262,-1.04283650,-0.20166812,-0.74717041,0.68753609,0.17850760,0.15748651,0.33013679,-0.01665356,-0.16435423,0.07417121,0.20121364,0.21444882,0.68753609,0.83852569,0.78336719,0.69665055,0.17850760,0.24446887,0.50197771,0.15748651,0.48506660,0.33013679,0.60774276,1.08984205,1.17374742,1.05097342,0.77827304
1049,0.07192473,0.02712216,0.02562119,0.02079995,0.01507713,0.39438616,-0.40511372,0.18283146,-1.06235042,0.04116550,-1.16448725,-0.05852080,-1.04323573,-0.20198485,-0.73871678,0.69186965,0.17723637,0.15739021,0.33819650,-0.01185619,-0.15275367,0.07408277,0.20091602,0.21413899,0.69186965,0.84081600,0.78722999,0.69356428,0.17723637,0.24567258,0.50827493,0.15739021,0.49228899,0.33819650,0.60149901,1.08991403,1.17252559,1.05165609,0.77071626
1050,0.07316712,0.02704739,0.02514620,0.01983643,0.01406993,0.39592417,-0.40721836,0.18128217,-1.06161791,0.04025177,-1.16560507,-0.05897157,-1.04415950,-0.20071400,-0.74305468,0.68968830,0.17766706,0.15727414,0.33429866,-0.00856058,-0.14255037,0.07382306,0.20069756,0.21384423,0.68968830,0.84026322,0.78659174,0.69340329,0.17766706,0.24439185,0.50270653,0.15727414,0.48837035,0.33429866,0.60161785,1.08902896,1.17376244,1.05271730,0.77477395
1051,0.06994506,0.02731262,0.02613859,0.02111566,0.01503057,0.39613080,-0.41313045,0.18337550,-1.06369235,0.04196581,-1.16755283,-0.05931106,-1.04656473,-0.20015669,-0.74306343,0.68559443,0.17776063,0.15828401,0.33636447,-0.01212114,-0.15094652,0.07368064,0.20095958,0.21404110,0.68559443,0.83617525,0.78430700,0.69110600,0.17776063,0.24674545,0.50559187,0.15828401,0.49095125,0.33636447,0.60654930,1.09139349,1.17584336,1.05512663,0.77431917
1052,0.07160963,0.02727489,0.02668047,0.02163748,0.01603127,0.39646895,-0.41083113,0.18367179,-1.06137404,0.04363638,-1.16522394,-0.05703240,-1.04634837,-0.20160538,-0.74182430,0.68649046,0.17676591,0.15614694,0.33869774,-0.02160295,-0.16159092,0.07380544,0.20116514,0.21427706,0.68649046,0.83684440,0.78621719,0.69499152,0.17676591,0.24446117,0.50582002,0.15614694,0.49123884,0.33869774,0.60699411,1.08801134,1.17263423,1.05401901,0.77293831
1053,0.07001714,0.02655541,0.02434791,0.01928403,0.01297699,0.39515805,-0.40667433,0.18601590,-1.05680546,0.04412990,-1.16819210,-0.05589065,-1.05178880,-0.20019844,-0.74415281,0.68393902,0.18192723,0.15380022,0.34103484,-0.01311555,-0.11603046,0.07289376,0.20162031,0.21439275,0.68393902,0.84071123,0.79031542,0.69155857,0.18192723,0.24429065,0.50083869,0.15380022,0.49094611,0.34103484,0.59689198,1.08341622,1.17578116,1.05962237,0.77548987
1054,0.07100695,0.02666476,0.02432029,0.01845204,0.01204207,0.39621754,-0.40580216,0.18424595,-1.05926856,0.04301434,-1.16886564,-0.05899324,-1.04866283,-0.20183756,-0.74199428,0.68754896,0.18003577,0.15791470,0.33945381,-0.00819133,-0.09487204,0.07274111,0.20142799,0.21416000,0.68754896,0.84227844,0.78985966,0.69145922,0.18003577,0.24536448,0.50311684,0.15791470,0.49349877,0.33945381,0.59370919,1.08527960,1.17647081,1.05685490,0.77413949
1055,0.07293036,0.02693951,0.02376747,0.01654095,0.01046767,0.39574992,-0.39941021,0.18381702,-1.05997393,0.04122619,-1.16734870,-0.06033467,-1.04689483,-0.20333824,-0.74295486,0.69410088,0.17992453,0.15797332,0.33698647,-0.00252425,-0.08257854,0.07296336,0.20109971,0.21392696,0.69410088,0.84703682,0.79402582,0.69567095,0.17992453,0.24686749,0.50410903,0.15797332,0.49132947,0.33698647,0.58837271,1.08628334,1.17506650,1.05508330,0.77545709
1056,0.06995813,0.02924377,0.03019193,0.02474699,0.01933435,0.40536795,-0.41020178,0.18708296,-1.08249549,0.04308618,-1.18497028,-0.06120581,-1.05992017,-0.20226104,-0.76438255,0.70855990,0.17869718,0.16327899,0.32984359,-0.02273303,-0.18073126,0.07361161,0.19745826,0.21073309,0.70855990,0.85862842,0.80469014,0.71473284,0.17869718,0.25226225,0.50878051,0.16327899,0.48963808,0.32984359,0.61483977,1.11069795,1.19369648,1.06906700,0.79534646
1057,0.06965439,0.02908924,0.02891150,0.02306267,0.01740370,0.40774462,-0.40835247,0.19025250,-1.07691621,0.04422489,-1.18386768,-0.05883096,-1.05887264,-0.20234009,-0.75892747,0.70489580,0.18318509,0.16251323,0.33451481,-0.02961920,-0.17922604,0.07269654,0.19742939,0.21038809,0.70489580,0.86013655,0.80581711,0.71529745,0.18318509,0.25309143,0.51115186,0.16251323,0.49377764,0.33451481,0.61150550,1.10401559,1.19107878,1.06622339,0.78888706
1058,0.06993819,0.02628287,0.02366916,0.01716417,0.00990991,0.39777673,-0.40078013,0.19015347,-1.06219238,0.04703015,-1.16746625,-0.06004145,-1.04551921,-0.20223947,-0.74607760,0.69391757,0.17944208,0.16286991,0.33280956,-0.00535122,-0.09721243,0.07216534,0.19925687,0.21192248,0.69391757,0.84496165,0.79382216,0.69937510,0.17944208,0.25376136,0.50853214,0.16286991,0.49151846,0.33280956,0.59424795,1.09006296,1.17553543,1.05357851,0.77774622
1059,0.07071510,0.02680667,0.02585450,0.02060554,0.01444311,0.40255150,-0.40953176,0.19122953,-1.06652120,0.04751989,-1.17851624,-0.05660836,-1.06012783,-0.20481154,-0.74757430,0.69142997,0.18384504,0.15798325,0.34740446,-0.01514009,-0.13220745,0.07259725,0.19894091,0.21177311,0.69142997,0.84961557,0.80000160,0.70359258,0.18384504,0.25032023,0.51286774,0.15798325,0.50116129,0.34740446,0.60649964,1.09426528,1.18643542,1.06821195,0.77989440
1060,0.07256688,0.02588467,0.02559732,0.02255094,0.01660782,0.40413489,-0.41530824,0.19277736,-1.07260943,0.04841696,-1.18754730,-0.05764057,-1.07146164,-0.20634766,-0.75573838,0.69205151,0.18587539,0.15732132,0.35048152,-0.01674419,-0.14231607,0.07367947,0.19847640,0.21171100,0.69205151,0.85305933,0.80580927,0.70710047,0.18587539,0.25191832,0.51310221,0.15732132,0.50275333,0.35048152,0.61336376,1.10061138,1.19579529,1.08044076,0.78904657
1061,0.06994073,0.02655226,0.02329367,0.01699416,0.00962550,0.39951513,-0.40558370,0.18781252,-1.06298044,0.04382866,-1.17441577,-0.06401858,-1.05287726,-0.20631083,-0.74649991,0.69094966,0.18320631,0.16283195,0.33892918,0.00143162,-0.07301452,0.07267784,0.19957428,0.21239576,0.69094966,0.84811098,0.79781314,0.69964209,0.18320631,0.25392629,0.50883634,0.16283195,0.49712595,0.33892918,0.59531346,1.09029962,1.18274491,1.06191370,0.78028629
1062,0.06948300,0.02723608,0.02394392,0.01719235,0.00994354,0.40121103,-0.40483428,0.18602995,-1.06691421,0.04270962,-1.17604104,-0.06428518,-1.05091196,-0.20610272,-0.75099322,0.69658193,0.18187390,0.16515982,0.33303798,-0.00110542,-0.09223716,0.07229119,0.19930476,0.21201039,0.69658193,0.85187243,0.79872859,0.70498056,0.18187390,0.25372012,0.50804952,0.16515982,0.49433093,0.33303798,0.59827170,1.09446051,1.18428789,1.05965677,0.78400373
1063,0.07125256,0.02713954,0.02442956,0.01892756,0.01223125,0.40115963,-0.40332558,0.18715694,-1.07114441,0.04330802,-1.17923978,-0.06309270,-1.05641981,-0.20733914,-0.74912274,0.70198981,0.18217133,0.16303445,0.34105799,-0.00350721,-0.12838333,0.07282013,0.19859921,0.21152876,0.70198981,0.85657990,0.80464653,0.70792219,0.18217133,0.25411936,0.51466723,0.16303445,0.49994981,0.34105799,0.60206465,1.09987874,1.18795469,1.06551180,0.78257752
1064,0.07251660,0.02593818,0.02283331,0.01844255,0.01174418,0.40268170,-0.40578820,0.18979513,-1.07086903,0.04688837,-1.18302745,-0.05945068,-1.06059848,-0.20663982,-0.74703424,0.69885045,0.18338749,0.16248324,0.34768617,0.00077570,-0.10494205,0.07273282,0.19843748,0.21134686,0.69885045,0.85640007,0.80389293,0.70446108,0.18338749,0.25193948,0.51603062,0.16248324,0.50594498,0.34768617,0.60221208,1.09957841,1.19186318,1.06981212,0.78111947
1065,0.07093237,0.02711782,0.02549079,0.02137683,0.01528426,0.40228782,-0.41029686,0.18860627,-1.07454909,0.04664589,-1.18357859,-0.05824906,-1.06414827,-0.20615967,-0.75186911,0.69882185,0.18079313,0.15919579,0.34714360,-0.01071027,-0.13738338,0.07325728,0.19851093,0.21159683,0.69882185,0.85351977,0.80303042,0.70573745,0.18079313,0.24942687,0.51431861,0.15919579,0.50205361,0.34714360,0.60820711,1.10280845,1.19224522,1.07327451,0.78521730
1066,0.07094938,0.02673921,0.02460435,0.01979650,0.01343017,0.40035527,-0.40527642,0.18579495,-1.06948982,0.04424349,-1.17767560,-0.06026572,-1.05495726,-0.20459111,-0.74687450,0.69876683,0.18012917,0.16150326,0.34166219,-0.00466857,-0.12422386,0.07305200,0.19983319,0.21276724,0.69876683,0.85259038,0.79940140,0.70197777,0.18012917,0.24919611,0.51099390,0.16150326,0.49923016,0.34166219,0.60199770,1.09753695,1.18626870,1.06409421,0.78007154
1067,0.06973048,0.02689896,0.02454843,0.01952084,0.01287264,0.39830765,-0.39966516,0.18474849,-1.06715326,0.04058709,-1.17493530,-0.06527464,-1.04993312,-0.20856809,-0.74034252,0.70140803,0.18201371,0.16409230,0.34245656,-0.00279607,-0.11947781,0.07298225,0.20007881,0.21297403,0.70140803,0.85563693,0.80127320,0.70246570,0.18201371,0.25328929,0.51570011,0.16409230,0.50251493,0.34245656,0.59512383,1.09484904,1.18318569,1.05921406,0.77485850
1068,0.07053960,0.02672660,0.02292574,0.01609942,0.01038707,0.39655274,-0.39789006,0.18463205,-1.05833385,0.04359667,-1.16464551,-0.06228039,-1.04349331,-0.20543027,-0.73705457,0.69385676,0.17847968,0.16142727,0.33931384,0.00659620,-0.08315975,0.07238406,0.20109007,0.21372100,0.69385676,0.84524817,0.79410983,0.69609063,0.17847968,0.25038279,0.50962632,0.16142727,0.49645416,0.33931384,0.58939596,1.08615439,1.17316051,1.05234257,0.77089495
1069,0.07223582,0.02682916,0.02491888,0.01897658,0.01251869,0.39899851,-0.40572229,0.18666714,-1.06612736,0.04412099,-1.17357246,-0.06172992,-1.05366904,-0.20788744,-0.74042337,0.69406317,0.18019859,0.16017340,0.34690257,-0.00027849,-0.10606729,0.07291134,0.19967385,0.21256930,0.69406317,0.84720180,0.79700116,0.69825406,0.18019859,0.25092461,0.51542908,0.16017340,0.50255510,0.34690257,0.59738118,1.09401346,1.18210131,1.06297979,0.77512417
1070,0.07151223,0.02634480,0.02328672,0.01849045,0.01202997,0.39718134,-0.40299006,0.18435893,-1.06193908,0.04407420,-1.17273375,-0.06036883,-1.05542957,-0.20576755,-0.74032945,0.69287155,0.18035256,0.15727906,0.34811790,-0.00142887,-0.09304606,0.07284414,0.20077564,0.21358166,0.69287155,0.84821054,0.79884614,0.69592022,0.18035256,0.24691809,0.50911022,0.15727906,0.50067333,0.34811790,0.59318597,1.08881819,1.18078772,1.06419179,0.77420230
1071,0.07207895,0.02674137,0.02479491,0.01959104,0.01348354,0.39657466,-0.39747809,0.18355372,-1.06139784,0.04100369,-1.16618144,-0.06007958,-1.04843115,-0.20527431,-0.73544633,0.69813007,0.17933644,0.15555744,0.34633511,-0.01038802,-0.13491228,0.07327799,0.20165934,0.21456038,0.69813007,0.84939041,0.79868371,0.69820553,0.17933644,0.24724855,0.51221030,0.15555744,0.49784949,0.34633511,0.59318980,1.08845404,1.17380294,1.05657833,0.76841218
1072,0.07083362,0.02638934,0.02438728,0.01786055,0.01151643,0.39438113,-0.39758876,0.18358596,-1.05602233,0.04183217,-1.15938795,-0.06011628,-1.03842263,-0.20366126,-0.73770011,0.69197566,0.17712283,0.15855470,0.33431369,-0.00933321,-0.09824047,0.07280414,0.20231378,0.21501467,0.69197566,0.84113837,0.78827588,0.69402411,0.17712283,0.24683434,0.50510447,0.15855470,0.48938931,0.33431369,0.58774093,1.08217600,1.16682351,1.04639336,0.77023525
1073,0.06950683,0.02623108,0.02358615,0.01686597,0.01086278,0.39388015,-0.39699700,0.18499512,-1.04842458,0.04307822,-1.15623891,-0.05868582,-1.03692422,-0.20045192,-0.73358536,0.68458854,0.17953400,0.15717285,0.33580446,-0.00577241,-0.07143456,0.07276053,0.20337769,0.21600134,0.68458854,0.83771689,0.78593693,0.68812539,0.17953400,0.24606681,0.50102546,0.15717285,0.48912790,0.33580446,0.58500036,1.07455709,1.16368343,1.04477819,0.76556035
1074,0.07061900,0.02578498,0.02296296,0.01682768,0.01067969,0.39593044,-0.40280868,0.18616444,-1.04782924,0.04442000,-1.15777750,-0.05631989,-1.04268908,-0.20113477,-0.73393924,0.67863848,0.18041524,0.15317857,0.34184724,-0.00175428,-0.05838486,0.07296212,0.20313660,0.21584241,0.67863848,0.83382311,0.78515238,0.68669272,0.18041524,0.24410173,0.50115584,0.15317857,0.49088041,0.34184724,0.58958827,1.07431815,1.16563406,1.05099525,0.76697463
1075,0.07204748,0.02545555,0.02311680,0.01776899,0.01094067,0.39853940,-0.40491648,0.18800862,-1.05290850,0.04483326,-1.16346014,-0.05549322,-1.05092257,-0.20318960,-0.73665116,0.68175319,0.18202261,0.15094161,0.34819126,-0.00377722,-0.07514367,0.07308896,0.20172005,0.21455297,0.68175319,0.83812134,0.79127637,0.69142471,0.18202261,0.24506688,0.50585089,0.15094161,0.49473718,0.34819126,0.59390962,1.07991018,1.17143224,1.05938388,0.77015908
1076,0.07248741,0.02522699,0.02254485,0.01765632,0.01030451,0.39634177,-0.40077397,0.18623256,-1.05135852,0.04429488,-1.16139639,-0.05793531,-1.04424050,-0.20514792,-0.73147018,0.68408554,0.18104889,0.15572992,0.34670117,-0.00311944,-0.08655936,0.07289653,0.20225996,0.21499534,0.68408554,0.83944300,0.78960984,0.69127574,0.18104889,0.24630319,0.50880750,0.15572992,0.49829628,0.34670117,0.59047596,1.07850885,1.16940428,1.05277248,0.76548849
1077,0.07227708,0.02561279,0.02296394,0.01881701,0.01189348,0.39724556,-0.40464421,0.18520785,-1.06114834,0.04396504,-1.16772194,-0.05768528,-1.04475745,-0.20596568,-0.73865866,0.69061394,0.17872538,0.15994600,0.34134266,-0.00878641,-0.10727470,0.07287447,0.20097389,0.21377837,0.69061394,0.84279658,0.78825036,0.69628775,0.17872538,0.24618029,0.51117181,0.15994600,0.49817490,0.34134266,0.59706332,1.08835116,1.17578742,1.05307991,0.77210525
1078,0.07094418,0.02511391,0.02205993,0.01744278,0.01069795,0.39470462,-0.40283246,0.18387381,-1.06046806,0.04235356,-1.16514295,-0.06281295,-1.04386174,-0.20785765,-0.73174617,0.69100798,0.17767061,0.16087350,0.34529832,-0.00355116,-0.09197002,0.07274079,0.20134747,0.21408416,0.69100798,0.84115872,0.78970765,0.69187338,0.17767061,0.24966382,0.51519210,0.16087350,0.50191047,0.34529832,0.59086490,1.08705623,1.17297044,1.05237946,0.76600878
1079,0.07305239,0.02637404,0.02462475,0.01979070,0.01371417,0.39934319,-0.41072092,0.18453223,-1.06817926,0.04160060,-1.17437960,-0.06367642,-1.04901716,-0.20783740,-0.74356752,0.69241654,0.17990878,0.16403538,0.33927034,-0.01113128,-0.13093388,0.07332761,0.19997406,0.21299428,0.69241654,0.84529245,0.79151244,0.69966896,0.17990878,0.25155058,0.51377103,0.16403538,0.49961583,0.33927034,0.60289070,1.09510885,1.18227437,1.05771797,0.77701095
1080,0.07304816,0.02644439,0.02465348,0.01938296,0.01338879,0.39826427,-0.40974197,0.18394792,-1.06689170,0.04145374,-1.17095674,-0.06305929,-1.04874144,-0.20758720,-0.74768353,0.69206761,0.17821658,0.16121941,0.33538712,-0.01145535,-0.12516899,0.07267818,0.20023922,0.21302081,0.69206761,0.84278680,0.79130612,0.70117063,0.17821658,0.25035348,0.50965995,0.16121941,0.49293666,0.33538712,0.60182485,1.09361071,1.17882743,1.05724426,0.78083202
1081,0.07183439,0.02631307,0.02373490,0.01766984,0.01057848,0.39522209,-0.40556875,0.18199566,-1.05823824,0.04196494,-1.16444630,-0.06333089,-1.04484038,-0.20830767,-0.74117907,0.68711912,0.17726447,0.15976243,0.33769490,-0.00564662,-0.09282919,0.07241208,0.20147367,0.21409145,0.68711912,0.83852436,0.78907467,0.69631358,0.17726447,0.24811137,0.50678780,0.15976243,0.49333966,0.33769490,0.59342987,1.08435909,1.17221555,1.05322974,0.77492274
1082,0.07258161,0.02606295,0.02224037,0.01552695,0.01051630,0.39388429,-0.40051668,0.18062787,-1.04999591,0.03997376,-1.15927997,-0.06289859,-1.04277834,-0.20797317,-0.73529908,0.68377660,0.17947004,0.15583905,0.34088767,0.00449050,-0.06239184,0.07242260,0.20254627,0.21510468,0.68377660,0.83809278,0.78966358,0.69266248,0.17947004,0.24591176,0.50341828,0.15583905,0.49249201,0.34088767,0.58601957,1.07608591,1.16713807,1.05128783,0.76977833
1083,0.07301145,0.02596409,0.02209147,0.01578512,0.01033228,0.39635421,-0.40538865,0.18177007,-1.05765282,0.03975780,-1.16566845,-0.06368190,-1.04606098,-0.20875723,-0.73888416,0.68687982,0.17971107,0.15851596,0.34065446,0.00153024,-0.06872045,0.07254767,0.20126623,0.21394219,0.68687982,0.84066139,0.79031786,0.69502812,0.17971107,0.24786579,0.50741331,0.15851596,0.49520250,0.34065446,0.59085616,1.08342272,1.17327301,1.05442829,0.77317699
1084,0.07172718,0.02621829,0.02253598,0.01606355,0.00953169,0.39536219,-0.40320990,0.18207636,-1.05931929,0.03981689,-1.16441973,-0.06384152,-1.04647731,-0.20879157,-0.73684525,0.69013870,0.17836821,0.15744095,0.34289711,0.00267056,-0.07651788,0.07263050,0.20131569,0.21401681,0.69013870,0.84114881,0.79209446,0.69464444,0.17836821,0.24866459,0.51037187,0.15744095,0.49604510,0.34289711,0.58948380,1.08543606,1.17212691,1.05489281,0.77115783
1085,0.07204652,0.02669633,0.02381332,0.01702071,0.01023770,0.39616752,-0.40434029,0.18155138,-1.06457700,0.03875732,-1.16730441,-0.06448527,-1.04616376,-0.20852055,-0.73906195,0.69460706,0.17786929,0.15965261,0.34040944,-0.00011819,-0.09989989,0.07279486,0.20070382,0.21349734,0.69460706,0.84394492,0.79239883,0.69697726,0.17786929,0.24975637,0.51250890,0.15965261,0.49621248,0.34040944,0.59314561,1.09096326,1.17497293,1.05453229,0.77284999
1086,0.07295081,0.02694705,0.02501065,0.01846818,0.01192406,0.39682743,-0.40137626,0.18262776,-1.06525827,0.03953323,-1.16859637,-0.06395059,-1.04588526,-0.20818138,-0.73450054,0.69826440,0.17899368,0.16097491,0.34451825,-0.00555218,-0.13041101,0.07290586,0.20033216,0.21318592,0.69826440,0.84850287,0.79560655,0.69832018,0.17899368,0.25084781,0.51706952,0.16097491,0.50161191,0.34451825,0.59468377,1.09206012,1.17610819,1.05408735,0.76805299
1087,0.07248923,0.02705431,0.02579335,0.01962530,0.01322059,0.39831239,-0.40202866,0.18318601,-1.06410856,0.04169315,-1.16791403,-0.06285268,-1.04319972,-0.20626813,-0.73947827,0.69714685,0.17801673,0.16330460,0.33749835,-0.01254354,-0.14297804,0.07288016,0.20038365,0.21322552,0.69714685,0.84750324,0.79390661,0.70165858,0.17801673,0.25072794,0.51275233,0.16330460,0.49720758,0.33749835,0.59773959,1.09085476,1.17535326,1.05104131,0.77172619
1088,0.07256660,0.02688052,0.02404980,0.01704776,0.00933266,0.39790010,-0.40286887,0.18310820,-1.05482477,0.04301075,-1.16207730,-0.06133665,-1.03992440,-0.20503028,-0.73493459,0.68689535,0.17826538,0.16118003,0.33838655,-0.00420515,-0.09244603,0.07265850,0.20146672,0.21416838,0.68689535,0.83959902,0.78791655,0.69455254,0.17826538,0.24790167,0.50747247,0.16118003,0.49571869,0.33838655,0.59308682,1.08120438,1.16963635,1.04779835,0.76756747
1089,0.07251891,0.02686874,0.02410202,0.01817703,0.01123115,0.39815664,-0.40538612,0.18301577,-1.05657867,0.04287831,-1.16415605,-0.05940001,-1.04679864,-0.20658604,-0.73794793,0.68632203,0.17843168,0.15608100,0.34333960,-0.00651314,-0.10499798,0.07259887,0.20170746,0.21437467,0.68632203,0.83940845,0.79038696,0.69620510,0.17843168,0.24531773,0.50750087,0.15608100,0.49547346,0.34333960,0.59560717,1.08304338,1.17185362,1.05485322,0.77123661
1090,0.07251941,0.02657159,0.02391980,0.01840502,0.01175969,0.39709207,-0.40494385,0.18209118,-1.05305632,0.04259727,-1.15970015,-0.05834102,-1.04269940,-0.20479837,-0.73426535,0.68353286,0.17755684,0.15495216,0.34266664,-0.00838025,-0.11171522,0.07315179,0.20290030,0.21568429,0.68353286,0.83581031,0.78667174,0.69299137,0.17755684,0.24361680,0.50574559,0.15495216,0.49379925,0.34266664,0.59558496,1.07931713,1.16717018,1.05045396,0.76693756
1091,0.07258105,0.02716317,0.02459204,0.01862846,0.01190069,0.39709195,-0.40372158,0.18088994,-1.05334606,0.04143847,-1.16151748,-0.05821776,-1.04505565,-0.20563153,-0.73501856,0.68534591,0.17833459,0.15365690,0.34450454,-0.00860410,-0.10766950,0.07334027,0.20272835,0.21558659,0.68534591,0.83899715,0.78937695,0.69442535,0.17833459,0.24199837,0.50495271,0.15365690,0.49447939,0.34450454,0.59474956,1.07939167,1.16901092,1.05294496,0.76806239
1092,0.07295254,0.02726436,0.02423329,0.01859890,0.01200257,0.39758409,-0.40393151,0.18036358,-1.05627768,0.04165028,-1.16514778,-0.05781524,-1.04775500,-0.20546173,-0.73748212,0.68819819,0.17810178,0.15419087,0.34474932,-0.00756002,-0.10243191,0.07368851,0.20236844,0.21536708,0.68819819,0.84209465,0.79124996,0.69534280,0.17810178,0.24089356,0.50444480,0.15419087,0.49538548,0.34474932,0.59488312,1.08216579,1.17268828,1.05574674,0.77061636
1093,0.07153422,0.02704927,0.02460756,0.01923831,0.01249340,0.39727132,-0.40388474,0.18156071,-1.05727237,0.04113046,-1.16689006,-0.05850794,-1.04711512,-0.20402130,-0.73952214,0.68875234,0.17982553,0.15606429,0.34142628,-0.00776017,-0.10522822,0.07392782,0.20253447,0.21560504,0.68875234,0.84382734,0.79094363,0.69476113,0.17982553,0.24261754,0.50341896,0.15606429,0.49408212,0.34142628,0.59504339,1.08338848,1.17449675,1.05535378,0.77239698
1094,0.07171861,0.02734538,0.02529955,0.01997665,0.01324091,0.39709883,-0.40341484,0.18152822,-1.05235957,0.04214465,-1.16170582,-0.05774062,-1.04166546,-0.20267789,-0.73767256,0.68477336,0.17906939,0.15646141,0.33801444,-0.01285929,-0.11958374,0.07407929,0.20304895,0.21614027,0.68477336,0.83957534,0.78703925,0.69400791,0.17906939,0.24216410,0.50082394,0.15646141,0.49115135,0.33801444,0.59624320,1.07852762,1.16916282,1.04961167,0.76986763
1095,0.07122111,0.02740778,0.02600354,0.02068591,0.01398337,0.39604471,-0.40139368,0.18335372,-1.05271720,0.04179868,-1.16242769,-0.05653776,-1.04309262,-0.20233650,-0.73714999,0.68637925,0.18089072,0.15489852,0.34017231,-0.01777996,-0.12582462,0.07346493,0.20292164,0.21581077,0.68637925,0.84204391,0.78883999,0.69406169,0.18089072,0.24255507,0.50240942,0.15489852,0.49187158,0.34017231,0.59507083,1.07895971,1.16976600,1.05092093,0.76918886
1096,0.07185929,0.02764982,0.02676993,0.02219167,0.01654418,0.39866189,-0.40752722,0.18546370,-1.06317044,0.04452869,-1.16950094,-0.05453039,-1.05007662,-0.20253494,-0.74522270,0.69120408,0.17911862,0.15552845,0.34044333,-0.02278735,-0.16396158,0.07367044,0.20149728,0.21454251,0.69120408,0.84401375,0.79146372,0.70041555,0.17911862,0.24381126,0.50698634,0.15552845,0.49287237,0.34044333,0.60523863,1.09013270,1.17685471,1.05753433,0.77642111
