step,thumb_curl,index_curl,middle_curl,ring_curl,pinky_curl,thumb_dx,thumb_dy,index_dx,index_dy,middle_dx,middle_dy,ring_dx,ring_dy,pinky_dx,pinky_dy,thumb_index_spread,index_middle_spread,middle_ring_spread,ring_pinky_spread,palm_pitch,palm_roll,palm_width,palm_height,palm_diagonal,thumb_index_distance,thumb_middle_distance,thumb_ring_distance,thumb_pinky_distance,index_middle_distance,index_ring_distance,index_pinky_distance,middle_ring_distance,middle_pinky_distance,ring_pinky_distance,palm_thumb_distance,palm_index_distance,palm_middle_distance,palm_ring_distance,palm_pinky_distance
0,0.17898363,0.42690313,0.42472257,0.45135416,0.45178161,-0.25523396,-0.47949989,-0.15955280,0.09477495,-0.02494029,0.17786442,0.05768903,0.21000432,0.16766880,0.10402899,0.58252068,0.15885649,0.13448103,0.15305727,-0.01537454,0.04824673,0.06430964,0.14624142,0.15975695,0.58252068,0.69737155,0.76917186,0.73146012,0.15885649,0.27174429,0.34397345,0.13448103,0.22550010,0.15305727,0.58625179,0.27351227,0.25884607,0.23388552,0.21912327
1,0.16186292,0.39813850,0.43773560,0.46653364,0.48871858,-0.24741449,-0.47381728,-0.24019635,-0.28763958,-0.03763767,0.17703004,0.08236817,0.19345609,0.18849145,0.03395012,0.18866363,0.50933740,0.15136851,0.19204161,0.00400508,0.22920239,0.07048552,0.13821594,0.15515107,0.18866363,0.68411462,0.75253330,0.68062682,0.50933740,0.59603233,0.55753761,0.15136851,0.28710557,0.19204161,0.55523190,0.41567693,0.22290250,0.21390825,0.19329164
2,0.16200661,0.36038764,0.42433142,0.45410379,0.47979536,-0.24166066,-0.46168305,-0.25913278,-0.33087551,-0.02455266,0.21089706,0.09213055,0.22652226,0.19326771,0.06827664,0.14853044,0.59228329,0.15432467,0.18951813,-0.00862710,0.22115782,0.07244618,0.13780410,0.15568693,0.14853044,0.70705553,0.76896085,0.69350397,0.59228329,0.67510330,0.62754410,0.15432467,0.28890343,0.18951813,0.54013910,0.46994301,0.26755413,0.25253055,0.20839131
3,0.15793870,0.34716418,0.42409114,0.45789317,0.48748342,-0.23816852,-0.45515924,-0.26081524,-0.36938958,-0.02198400,0.20583167,0.09342684,0.21459575,0.19237472,0.04864014,0.12234880,0.62433687,0.15940883,0.19485433,-0.00219292,0.22116333,0.07225252,0.13737373,0.15521588,0.12234880,0.69664973,0.75049514,0.66932625,0.62433687,0.69993898,0.64177076,0.15940883,0.29805964,0.19485433,0.52769944,0.49647673,0.26264619,0.23976792,0.20023306
4,0.16067262,0.35062501,0.42302227,0.45538369,0.48406345,-0.23983156,-0.45011977,-0.25905582,-0.35711025,-0.02180916,0.21354376,0.09121089,0.22174366,0.18964085,0.05730254,0.12742986,0.61965148,0.15558145,0.19366753,-0.00674278,0.21994812,0.07222810,0.13773929,0.15552817,0.12742986,0.69969282,0.75196252,0.67147893,0.61965148,0.69338294,0.63665427,0.15558145,0.29531541,0.19366753,0.52481317,0.48803334,0.26985411,0.24643648,0.20022676
5,0.16073399,0.37378350,0.42529537,0.45809730,0.48549324,-0.23682996,-0.44419187,-0.25725103,-0.32241297,-0.02651493,0.20659613,0.08706712,0.21536381,0.18692704,0.05733536,0.14579495,0.57848748,0.15523443,0.18830334,-0.00119182,0.22391998,0.07213708,0.13861582,0.15626293,0.14579495,0.68498540,0.73787966,0.66272913,0.57848748,0.65479876,0.60793462,0.15523443,0.29025322,0.18830334,0.51624616,0.45498080,0.25819017,0.23702804,0.19704712
6,0.16303302,0.35684503,0.42212875,0.45313031,0.47860366,-0.23832437,-0.44375962,-0.25828346,-0.35085198,-0.02187443,0.21146613,0.09044503,0.22173047,0.19366190,0.05662781,0.12827764,0.61115190,0.15346423,0.19635125,-0.00732290,0.21809333,0.07273057,0.13739859,0.15546095,0.12827764,0.69175693,0.74434508,0.66598517,0.61115190,0.68522966,0.63102224,0.15346423,0.29525027,0.19635125,0.51744782,0.48132874,0.27033997,0.24759732,0.20524553
7,0.16786598,0.35536069,0.42405513,0.45248530,0.47794213,-0.23507391,-0.44523659,-0.25809037,-0.35875510,-0.02202581,0.21106286,0.09149403,0.22706658,0.19317565,0.05496824,0.11443260,0.61773848,0.15004359,0.20125685,-0.00736904,0.21814079,0.07252746,0.13718171,0.15517427,0.11443260,0.69100136,0.74981437,0.66372754,0.61773848,0.69469702,0.63142764,0.15004359,0.29176022,0.20125685,0.51894932,0.48389145,0.26739496,0.25351853,0.20529004
8,0.16440825,0.34860621,0.42548679,0.45543626,0.47974534,-0.23864684,-0.45474362,-0.26666728,-0.38529222,-0.02257937,0.20578683,0.09042915,0.21893720,0.19097857,0.04999598,0.10562061,0.64050784,0.15208178,0.19791292,-0.00387740,0.22081432,0.07212924,0.13666526,0.15453161,0.10562061,0.69603536,0.75235465,0.66828316,0.64050784,0.71509577,0.65147447,0.15208178,0.29184880,0.19791292,0.52784080,0.50808051,0.26189926,0.24423465,0.20080230
9,0.16443797,0.33772013,0.42501462,0.45673736,0.48077908,-0.23708253,-0.45678579,-0.26633660,-0.39548214,-0.02315747,0.20450033,0.08773658,0.21471101,0.18725269,0.04319683,0.10166289,0.64850476,0.15189842,0.19991648,0.00251726,0.21681165,0.07214895,0.13634017,0.15425341,0.10166289,0.69604645,0.74881632,0.66207022,0.64850476,0.71949116,0.65266768,0.15189842,0.29472012,0.19991648,0.52939789,0.51694995,0.26176144,0.23919534,0.19498825
10,0.16606772,0.35833071,0.42458331,0.45745962,0.48113160,-0.23242986,-0.46584801,-0.26698932,-0.36360864,-0.02696158,0.20952572,0.08644147,0.21579858,0.18775218,0.05360561,0.12464843,0.62235557,0.15656952,0.19286347,0.00497742,0.21610200,0.07177668,0.13606838,0.15383919,0.12464843,0.70646442,0.75683357,0.67639748,0.62235557,0.69356352,0.63955851,0.15656952,0.29672508,0.19286347,0.53751320,0.49188188,0.26562358,0.23848870,0.19728549
11,0.16448254,0.35924063,0.42482066,0.46075820,0.48628951,-0.22948587,-0.46963784,-0.26542677,-0.35410914,-0.02764371,0.20907421,0.08551894,0.21438173,0.18724966,0.05492653,0.14274737,0.61243882,0.16123482,0.19064589,-0.00053590,0.22320932,0.07240196,0.13600929,0.15407976,0.14274737,0.70915167,0.75688528,0.67734726,0.61243882,0.68509135,0.63486176,0.16123482,0.29858998,0.19064589,0.53673552,0.48467890,0.26515025,0.23534548,0.19638600
12,0.16529669,0.35506983,0.42407827,0.45810713,0.48213905,-0.22366974,-0.46257457,-0.26036672,-0.35374791,-0.02868389,0.20805856,0.08390375,0.21857873,0.18421675,0.06028680,0.13782592,0.60913484,0.15723931,0.18876137,-0.00455533,0.21541365,0.07206693,0.13667480,0.15451099,0.13782592,0.69925385,0.75110971,0.67025820,0.60913484,0.68474752,0.63184038,0.15723931,0.29078546,0.18876137,0.52928656,0.48398003,0.26494600,0.23988869,0.19608176
13,0.16170025,0.35511174,0.42314277,0.45939632,0.48409913,-0.22199585,-0.46414855,-0.25717572,-0.35362627,-0.02793449,0.20701869,0.08477872,0.21231299,0.18417737,0.05471675,0.14319889,0.60719058,0.16086571,0.18781476,-0.00188824,0.21808350,0.07232293,0.13685568,0.15479045,0.14319889,0.69989018,0.74636757,0.66600693,0.60719058,0.67964460,0.62786433,0.16086571,0.29547566,0.18781476,0.52850748,0.48285235,0.26455405,0.23353261,0.19363426
14,0.16014437,0.37447550,0.42698466,0.46279709,0.48636606,-0.22471468,-0.46460841,-0.25534097,-0.31685097,-0.02718823,0.20537699,0.08458974,0.21017856,0.18259985,0.05903491,0.16756472,0.57152962,0.15675608,0.18133626,0.00569266,0.23116421,0.07246707,0.13739339,0.15533325,0.16756472,0.69912348,0.74661708,0.67104804,0.57152962,0.64555045,0.60274575,0.15675608,0.28719527,0.18133626,0.52950806,0.44963962,0.25461324,0.22976359,0.19269529
15,0.15616438,0.36046426,0.42413184,0.46196886,0.48529702,-0.22761145,-0.46267344,-0.26039585,-0.35126273,-0.02853431,0.21133725,0.08233561,0.21084065,0.17779201,0.06102569,0.14590852,0.61025115,0.15965062,0.17892815,0.00404798,0.23245382,0.07202210,0.13755044,0.15526527,0.14590852,0.70406176,0.74496300,0.66892933,0.61025115,0.67775152,0.62870404,0.15965062,0.28937896,0.17892815,0.52747498,0.48061102,0.26267164,0.22959531,0.18874671
16,0.16106019,0.35909399,0.42810771,0.46205151,0.48262109,-0.23395437,-0.46795590,-0.26761758,-0.36404400,-0.02911324,0.20762622,0.08316233,0.21397505,0.17962364,0.06075210,0.13094662,0.62118166,0.15280986,0.18193625,0.00298695,0.23280480,0.07135130,0.13662786,0.15413688,0.13094662,0.70641733,0.75608109,0.67804457,0.62118166,0.69259251,0.63928617,0.15280986,0.28259678,0.18193625,0.53737805,0.49208340,0.25680022,0.23390329,0.19152817
17,0.16078305,0.34582306,0.42678735,0.45945611,0.48162674,-0.23702200,-0.46398347,-0.26366547,-0.37926847,-0.02752921,0.20432790,0.08431456,0.21949193,0.18160636,0.06407720,0.11606485,0.63107076,0.15332426,0.18458941,0.00726051,0.23005032,0.07176577,0.13682226,0.15450132,0.11606485,0.70106584,0.75873602,0.68039207,0.63107076,0.70805237,0.65060848,0.15332426,0.28116287,0.18458941,0.53473981,0.50142214,0.25581647,0.23991173,0.19437524
18,0.16330945,0.33842092,0.42615338,0.45704970,0.47994903,-0.23092007,-0.46518693,-0.26383455,-0.38492452,-0.02666299,0.20688388,0.08667213,0.22499292,0.18475903,0.06578856,0.10837767,0.63910302,0.15173035,0.18836363,0.00391271,0.22408298,0.07134101,0.13636398,0.15389827,0.10837767,0.70272747,0.76380137,0.68189520,0.63910302,0.71796071,0.65727802,0.15173035,0.28190312,0.18836363,0.53662338,0.50772612,0.26029410,0.24763018,0.19901122
19,0.16641614,0.34114361,0.42518855,0.45637324,0.48002964,-0.23017907,-0.46157247,-0.26375532,-0.38176669,-0.02568210,0.20585746,0.08774318,0.22498850,0.18787484,0.06743823,0.10379745,0.63540793,0.15189488,0.18809463,0.00636965,0.22450881,0.07146505,0.13576216,0.15342300,0.10379745,0.69822269,0.76123891,0.68268975,0.63540793,0.71528649,0.65781848,0.15189488,0.28233110,0.18809463,0.53501018,0.50504447,0.26041458,0.24840972,0.20268573
20,0.16598233,0.33611226,0.42585715,0.45570949,0.47993286,-0.22713901,-0.46773048,-0.26718883,-0.38906431,-0.02484289,0.20323296,0.08910357,0.22920215,0.18815384,0.06548523,0.10151305,0.64097922,0.15259508,0.19253279,0.00731604,0.22401377,0.07128760,0.13557327,0.15317321,0.10151305,0.70093580,0.76993780,0.68403944,0.64097922,0.72610276,0.66193693,0.15259508,0.28037155,0.19253279,0.53930683,0.51001064,0.25807960,0.25289018,0.20275430
21,0.17129293,0.32499467,0.42738558,0.45579806,0.47805458,-0.22760663,-0.47338304,-0.27074248,-0.40346794,-0.02676061,0.20295938,0.09089690,0.23198574,0.19392268,0.07069237,0.09596070,0.65490315,0.15388503,0.19231465,-0.00668596,0.21555456,0.07159781,0.13399069,0.15192021,0.09596070,0.70559638,0.77864785,0.69612030,0.65490315,0.74352088,0.68148751,0.15388503,0.28128226,0.19231465,0.54631196,0.52536308,0.25956926,0.25743255,0.21144830
22,0.17004094,0.31690475,0.42745442,0.45530720,0.47982950,-0.22877896,-0.47747233,-0.26961578,-0.40787142,-0.02551507,0.20623126,0.09271850,0.23733383,0.19240377,0.06527073,0.09090162,0.66183764,0.15417876,0.20021980,-0.00004208,0.21754359,0.07138511,0.13349766,0.15138514,0.09090162,0.71330005,0.78875320,0.69603397,0.66183764,0.75136734,0.67891955,0.15417876,0.28480629,0.20021980,0.55109421,0.52629534,0.26129848,0.26283246,0.20729407
23,0.16505240,0.34060605,0.42981690,0.45943556,0.48671962,-0.22646530,-0.47046989,-0.25777432,-0.38285403,-0.02452383,0.20713204,0.09086267,0.23117911,0.18658512,0.06050357,0.11025786,0.63567549,0.15203593,0.19696549,0.00759861,0.22789196,0.07122551,0.13422222,0.15194959,0.11025786,0.70731518,0.77389040,0.67999044,0.63567549,0.71907534,0.64738243,0.15203593,0.28301489,0.19696549,0.53725963,0.49751380,0.25448755,0.25333143,0.19804772
24,0.16421239,0.34564140,0.42859885,0.45941062,0.48734443,-0.22921604,-0.47562648,-0.25996575,-0.36829905,-0.02420543,0.20351962,0.09021167,0.22347125,0.18958726,0.06494558,0.12974898,0.61984584,0.15299501,0.18854117,0.00679618,0.23649669,0.07190030,0.13446548,0.15248154,0.12974898,0.70987235,0.77217991,0.69072134,0.61984584,0.70176412,0.64538715,0.15299501,0.28285445,0.18854117,0.54255404,0.48960854,0.25422405,0.24629337,0.20228673
25,0.15749213,0.34688544,0.43096157,0.46156402,0.48874827,-0.22376086,-0.47800152,-0.25384429,-0.37538999,-0.02565202,0.19966301,0.08925166,0.22192080,0.18481541,0.05757085,0.11881915,0.62037290,0.15050207,0.19149643,0.02273108,0.23356448,0.07108263,0.13547613,0.15299190,0.11881915,0.70605344,0.77183820,0.68281784,0.62037290,0.70301809,0.63765069,0.15050207,0.27984522,0.19149643,0.54424227,0.48933325,0.24449622,0.24323533,0.19472945
26,0.15992379,0.37038154,0.43028436,0.45913054,0.48641096,-0.22301940,-0.46866526,-0.25283569,-0.33486603,-0.02822855,0.20317974,0.08550792,0.22216370,0.18108116,0.06051678,0.14724709,0.58439577,0.14801331,0.18898034,0.01730487,0.22785229,0.06996232,0.13718770,0.15399737,0.14724709,0.69965470,0.76068025,0.67329083,0.58439577,0.66506897,0.60682662,0.14801331,0.27777653,0.18898034,0.53411230,0.45650578,0.24841674,0.24270785,0.19270315
27,0.16059556,0.33966226,0.43213750,0.45883777,0.48583262,-0.23373922,-0.48570588,-0.25582911,-0.39187818,-0.02744000,0.19307429,0.08906375,0.22036475,0.18944343,0.05099497,0.10539330,0.62896759,0.14819861,0.19806150,0.02038771,0.23142427,0.07067812,0.13544809,0.15277952,0.10539330,0.70947215,0.78051841,0.69104468,0.62896759,0.71339802,0.64445994,0.14819861,0.28126786,0.19806150,0.55604117,0.50110543,0.24212704,0.24420739,0.19919436
28,0.16357918,0.31729995,0.43167263,0.45969962,0.48921421,-0.22417087,-0.46965235,-0.25384768,-0.41189932,-0.02495187,0.19083276,0.08694227,0.21101867,0.18670015,0.05406511,0.07702445,0.64584885,0.14363351,0.18783109,0.02107719,0.22265273,0.07023017,0.13597868,0.15304404,0.07702445,0.68988462,0.75313408,0.67478815,0.64584885,0.72109174,0.65904111,0.14363351,0.27663148,0.18783109,0.53784756,0.51529337,0.23758656,0.23397604,0.19599659
29,0.15896396,0.37396002,0.43206522,0.45764156,0.48582252,-0.22836782,-0.47603607,-0.24791849,-0.33114968,-0.03054297,0.19982755,0.08300107,0.22297229,0.18115438,0.07466033,0.15082042,0.57555230,0.14324863,0.17950944,0.01972838,0.21551157,0.06863314,0.13725063,0.15345437,0.15082042,0.70427125,0.77081336,0.69618422,0.57555230,0.65832258,0.61034995,0.14324863,0.26883078,0.17950944,0.54750422,0.45192018,0.24388623,0.24358466,0.19790899
30,0.17074387,0.36605682,0.43550288,0.45807686,0.48465104,-0.22921765,-0.49825343,-0.24991005,-0.36678235,-0.02707879,0.19842578,0.08725670,0.22409679,0.19128670,0.06417628,0.13560638,0.60890338,0.14111285,0.19225329,0.01185059,0.20470080,0.06841301,0.13400417,0.15045750,0.13560638,0.72555867,0.79412670,0.71192489,0.60890338,0.69067794,0.63310876,0.14111285,0.27602202,0.19225329,0.56918979,0.47828753,0.24300515,0.24762201,0.20482337
31,0.16762098,0.33136373,0.43670652,0.45921184,0.48741898,-0.22433374,-0.49154021,-0.24971547,-0.41558880,-0.02460167,0.18177423,0.09285713,0.21469926,0.19812675,0.06123119,0.08839809,0.63899757,0.14577741,0.18757922,0.00219099,0.22969804,0.06964088,0.13270871,0.14987146,0.08839809,0.70237402,0.77741582,0.70206212,0.63899757,0.72546601,0.66725679,0.14577741,0.27351540,0.18757922,0.55626703,0.51368469,0.23162861,0.24190001,0.21084954
32,0.16194160,0.32553035,0.43239032,0.45370328,0.48488964,-0.22793107,-0.50269285,-0.24253681,-0.41049150,-0.01821590,0.19141240,0.09645176,0.23203693,0.19867050,0.07495865,0.10489969,0.64322582,0.15035283,0.18976505,0.00394003,0.21302960,0.06931567,0.13311907,0.15008447,0.10489969,0.72523417,0.80656628,0.72558655,0.64322582,0.73663962,0.67332666,0.15035283,0.27306434,0.18976505,0.56980481,0.51301451,0.24742755,0.26015833,0.21563726
33,0.16179594,0.29442935,0.43004500,0.45246653,0.48659219,-0.22350889,-0.48621586,-0.23199253,-0.45230133,-0.01185680,0.18490739,0.09905151,0.21082438,0.20007662,0.05213472,0.08011181,0.67519849,0.14633460,0.19049020,0.00658260,0.20851840,0.06933520,0.13389834,0.15078506,0.08011181,0.70456102,0.77018245,0.69053778,0.67519849,0.75235429,0.68300546,0.14633460,0.27819147,0.19049020,0.54935568,0.54491253,0.24409341,0.24238520,0.21005243
34,0.15881393,0.26747989,0.42541159,0.44894620,0.48259577,-0.22043370,-0.50403394,-0.23254147,-0.46451675,-0.00383179,0.19272225,0.10403158,0.21399032,0.20235278,0.04860352,0.08313340,0.69699673,0.14524266,0.19491282,-0.00234063,0.19408541,0.06893247,0.13423612,0.15090070,0.08313340,0.73039231,0.79036253,0.70201463,0.69699673,0.76917360,0.69262364,0.14524266,0.28138531,0.19491282,0.56692739,0.55998384,0.25698962,0.24949289,0.21268486
35,0.15535469,0.26507810,0.42395973,0.44658979,0.48306299,-0.21306865,-0.49958293,-0.21141166,-0.49475461,-0.00047144,0.17897535,0.10902923,0.20969645,0.21043649,0.04729824,0.07400732,0.70700804,0.15183747,0.19515181,-0.00083205,0.19219171,0.06882190,0.13287945,0.14964425,0.07400732,0.71197947,0.78168656,0.69926802,0.70700804,0.78624094,0.70917423,0.15183747,0.28455438,0.19515181,0.56185048,0.58040052,0.25353429,0.24919268,0.21958447
36,0.16010797,0.27997307,0.42099829,0.44217038,0.47440638,-0.20539524,-0.50946969,-0.21246922,-0.48416041,0.00312354,0.18251261,0.10903334,0.21730665,0.21700656,0.05564884,0.07728476,0.70151651,0.14808679,0.19762403,-0.01970009,0.17155526,0.06736602,0.13212659,0.14830919,0.07728476,0.72372305,0.79409638,0.71188776,0.70151651,0.78284489,0.70987269,0.14808679,0.28202322,0.19762403,0.57083317,0.57576768,0.26594375,0.26136604,0.23202131
37,0.14897845,0.28109817,0.42170950,0.44513931,0.48227000,-0.20790305,-0.48822484,-0.20227166,-0.49321032,0.00438389,0.17809601,0.11100885,0.21773734,0.21112447,0.05501022,0.09534630,0.70281144,0.15325224,0.19396382,-0.01342120,0.21536895,0.06771728,0.13177537,0.14815660,0.09534630,0.70290117,0.77530698,0.68916631,0.70281144,0.78720454,0.70508751,0.15325224,0.27645253,0.19396382,0.54300760,0.57303857,0.25759149,0.25822752,0.22381018
38,0.15733592,0.26710070,0.42060712,0.44270407,0.47825138,-0.20160696,-0.51161428,-0.19726587,-0.50771589,0.00760909,0.18107373,0.11506682,0.22734128,0.22015734,0.06833164,0.09628956,0.71908337,0.15983552,0.19380177,-0.02145860,0.18919443,0.06762037,0.13032815,0.14682623,0.09628956,0.72698271,0.80488643,0.72088827,0.71908337,0.80997476,0.73141551,0.15983552,0.28039260,0.19380177,0.56515707,0.58991849,0.27029029,0.27077617,0.23735037
39,0.14780355,0.26522476,0.41623686,0.43931857,0.47668616,-0.18075977,-0.50552217,-0.18344086,-0.48863831,0.01023042,0.18649483,0.11655170,0.22988118,0.21859041,0.07224984,0.11865538,0.70290521,0.16522802,0.19067849,-0.03964369,0.19789982,0.06820123,0.13112135,0.14779790,0.11865538,0.72348449,0.79375874,0.70509774,0.70290521,0.79227683,0.71306845,0.16522802,0.28205347,0.19067849,0.55036922,0.57387861,0.28176409,0.27372201,0.23766508
40,0.14460654,0.26726504,0.41863994,0.44209797,0.47863337,-0.19001949,-0.49278152,-0.18667199,-0.49819730,0.00481615,0.17982577,0.11071146,0.23087511,0.21287208,0.08240244,0.12349689,0.70499612,0.16644671,0.18303593,-0.04385724,0.20887762,0.06760364,0.12992812,0.14646354,0.12349689,0.70709666,0.78390516,0.70415178,0.70499612,0.80028149,0.72619786,0.16644671,0.27425454,0.18303593,0.53902760,0.58003917,0.27337760,0.27075369,0.23504806
41,0.13547303,0.19157678,0.41842210,0.43811931,0.47242801,-0.17558955,-0.49478545,-0.18081099,-0.55025175,0.01671611,0.15368341,0.12252888,0.21863713,0.21982494,0.06240582,0.13357289,0.73151693,0.17525174,0.18757813,-0.04339362,0.16848103,0.06740764,0.12903918,0.14558468,0.13357289,0.68336129,0.77365144,0.68608893,0.73151693,0.83964990,0.75476416,0.17525174,0.27413404,0.18757813,0.53884407,0.62798303,0.26781398,0.26803359,0.23595603
42,0.13915954,0.19693867,0.41077026,0.43523605,0.46827374,-0.16719318,-0.51878307,-0.20120414,-0.53234608,0.01934432,0.19407385,0.11956280,0.23560506,0.21685537,0.09348409,0.12695187,0.76052767,0.17009365,0.17573971,-0.04126310,0.14018334,0.06603643,0.12923555,0.14512973,0.12695187,0.74076870,0.80892251,0.72832164,0.76052767,0.85077220,0.78177067,0.17009365,0.27688473,0.17573971,0.56506539,0.63015224,0.29779143,0.28043897,0.24342910
43,0.13042883,0.18329995,0.41221362,0.43671946,0.47124702,-0.17149311,-0.52691599,-0.18949428,-0.55192292,0.01976760,0.19123308,0.11835610,0.23627827,0.21427454,0.08889266,0.11560444,0.77272232,0.16437560,0.17982782,-0.04302295,0.16083768,0.06566011,0.12900590,0.14475418,0.11560444,0.74740602,0.81757782,0.73125552,0.77272232,0.86038231,0.78168027,0.16437560,0.27256140,0.17982782,0.57233852,0.63669928,0.29413263,0.28221051,0.23997282
44,0.13564216,0.23746413,0.41538849,0.43544673,0.46939930,-0.17954500,-0.51956173,-0.19162312,-0.49552282,0.01550044,0.19120604,0.11544434,0.24957692,0.21701737,0.10378601,0.08350656,0.71782287,0.16057450,0.18286021,-0.02316593,0.15650827,0.06532853,0.12977370,0.14528947,0.08350656,0.73882359,0.82595340,0.74597834,0.71782287,0.81781062,0.74792465,0.16057450,0.26855300,0.18286021,0.57298616,0.58326950,0.28658226,0.29315443,0.24754753
45,0.13639755,0.29640158,0.42013321,0.44156881,0.46769328,-0.18310092,-0.52036307,-0.17767852,-0.45887488,-0.00103429,0.17745822,0.10377239,0.24027319,0.21090435,0.12662404,0.10715780,0.66106089,0.16068411,0.16003208,-0.02358224,0.18418059,0.06478494,0.12873100,0.14411370,0.10715780,0.72350637,0.81425829,0.76186557,0.66106089,0.76549083,0.72272008,0.16068411,0.25862822,0.16003208,0.57013402,0.54386800,0.26887964,0.27934754,0.25387720
46,0.13293666,0.27212069,0.42515647,0.44290498,0.47231329,-0.19294300,-0.53024859,-0.18951590,-0.50347174,-0.00277663,0.15452969,0.10447150,0.22710232,0.21158683,0.10284843,0.08836559,0.68444768,0.16568146,0.16794319,-0.01193382,0.19483851,0.06477702,0.12791908,0.14338533,0.08836559,0.71313927,0.81486270,0.75558002,0.68444768,0.79791774,0.74534688,0.16568146,0.26081902,0.16794319,0.58009562,0.58073484,0.24774888,0.26578184,0.24145124
47,0.14094424,0.32176735,0.41741062,0.43967089,0.47319044,-0.17101364,-0.52220270,-0.18238659,-0.38432512,0.00042710,0.17555396,0.10495566,0.23482839,0.20950797,0.10375641,0.15857003,0.58979313,0.16483735,0.17334087,-0.00392730,0.18213048,0.06476667,0.13054070,0.14572438,0.15857003,0.72000244,0.80850289,0.74083130,0.58979313,0.69760240,0.65356280,0.16483735,0.27104769,0.17334087,0.57355149,0.48935790,0.27426355,0.27521039,0.23992111
48,0.13797535,0.37057486,0.41648943,0.44447120,0.48209235,-0.16888671,-0.53553749,-0.13507929,-0.20044329,0.00274806,0.18778035,0.10404832,0.23160183,0.20351551,0.09992673,0.34538537,0.41517082,0.16139644,0.17215603,-0.00184928,0.17554852,0.06392943,0.13143114,0.14615443,0.34538537,0.74382419,0.81950707,0.75006265,0.41517082,0.52201046,0.50252159,0.16139644,0.27540801,0.17215603,0.59046379,0.35434001,0.27993655,0.26932546,0.23036436
49,0.13023325,0.34585552,0.41157612,0.43439141,0.46869991,-0.17050699,-0.54273842,-0.15447210,-0.29080005,0.00335390,0.18354347,0.10521824,0.23819570,0.20232676,0.09900389,0.25869077,0.50227461,0.16427493,0.17864042,0.01341917,0.14338888,0.06316651,0.13111995,0.14554191,0.25869077,0.74684273,0.83530963,0.76022909,0.50227461,0.61206974,0.57284816,0.16427493,0.27655381,0.17864042,0.60857584,0.42751057,0.28959693,0.28162599,0.23106590
50,0.13109353,0.37993201,0.41264347,0.44148019,0.47618570,-0.15819711,-0.54223666,-0.14069817,-0.13705587,0.00350764,0.19572157,0.10658409,0.24336583,0.20179547,0.11141821,0.40888874,0.36807891,0.16472421,0.17148932,0.02545363,0.12814875,0.06342845,0.13212933,0.14656510,0.40888874,0.75554354,0.83916468,0.76863388,0.36807891,0.48892346,0.48464534,0.16472421,0.27662815,0.17148932,0.60661500,0.33655447,0.28743546,0.28088222,0.23345988
51,0.13064730,0.37896318,0.41610131,0.44047054,0.47246127,-0.16083649,-0.54030774,-0.15234050,-0.15871558,-0.00782203,0.18224674,0.10116352,0.24560425,0.19929990,0.11900836,0.38474913,0.37433815,0.16866990,0.16735491,0.01355459,0.15706082,0.06256218,0.13133246,0.14547247,0.38474913,0.73860480,0.83683399,0.76954803,0.37433815,0.50550550,0.49708636,0.16866990,0.26957757,0.16735491,0.60293014,0.34232794,0.27636741,0.28228737,0.23685303
52,0.13283734,0.39351985,0.41761596,0.44650487,0.48340752,-0.15231966,-0.54237365,-0.13566428,-0.07861231,0.00032520,0.18721358,0.09912214,0.23673652,0.19435304,0.10519111,0.46650026,0.30506749,0.15908878,0.16951286,0.02590011,0.13520218,0.06257401,0.13288086,0.14687692,0.46650026,0.74553290,0.82882919,0.75576045,0.30506749,0.43114486,0.43996836,0.15908878,0.26637201,0.16951286,0.59913694,0.29645573,0.26607649,0.26728170,0.22252249
53,0.13641769,0.37414759,0.41445450,0.44410547,0.47735047,-0.15562829,-0.56255380,-0.14427706,-0.19028822,-0.00067902,0.17388878,0.10191813,0.22352800,0.19932606,0.11026917,0.37599911,0.39491544,0.16057636,0.15666257,0.02500214,0.16985947,0.06240538,0.13026532,0.14444198,0.37599911,0.75256705,0.83495775,0.77751568,0.39491544,0.50906436,0.50349634,0.16057636,0.26409822,0.15666257,0.61868822,0.35065558,0.26858118,0.26218022,0.23207762
54,0.14012398,0.37925054,0.41322244,0.44595521,0.47630998,-0.16171879,-0.55833992,-0.14337579,-0.08027028,0.00211350,0.18532954,0.10153853,0.22133346,0.20102904,0.11492832,0.48148862,0.30936879,0.15541736,0.15232257,0.02016591,0.15616617,0.06175748,0.13016319,0.14407097,0.48148862,0.76155486,0.83204130,0.78287637,0.30936879,0.42699436,0.45370269,0.15541736,0.26385458,0.15232257,0.61808794,0.31125452,0.27349162,0.25865956,0.23546592
55,0.12961266,0.38478788,0.41202240,0.44192865,0.47611489,-0.15052123,-0.54282730,-0.13271263,-0.05691245,0.01294810,0.19045717,0.10595201,0.23064628,0.20460277,0.12035822,0.48875661,0.29422317,0.15430002,0.15612048,0.02445993,0.11815467,0.06287931,0.13052803,0.14488401,0.48875661,0.75143344,0.82540289,0.77377825,0.29422317,0.41516551,0.44542512,0.15430002,0.26316145,0.15612048,0.60333276,0.30232317,0.27729316,0.26759146,0.23993922
56,0.13060172,0.38365504,0.41580937,0.43894775,0.47501265,-0.14790422,-0.56306728,-0.11094142,-0.04342843,0.02046263,0.17416128,0.11163919,0.22431364,0.21026060,0.11340796,0.52378967,0.26390824,0.15068787,0.16045419,0.02493502,0.10794993,0.06183156,0.12924328,0.14327235,0.52378967,0.75639004,0.83849930,0.78783045,0.26390824,0.39192996,0.43106543,0.15068787,0.26192640,0.16045419,0.62445193,0.30459259,0.27310285,0.26991799,0.24212113
57,0.12121749,0.38526681,0.41457994,0.43845104,0.46972877,-0.15674587,-0.57626722,-0.07506520,-0.05683145,0.03824966,0.17068808,0.12201533,0.21896514,0.21776987,0.11212919,0.52911809,0.26798846,0.15556480,0.15955138,0.03360607,0.02765052,0.06150292,0.12844301,0.14240862,0.52911809,0.77242331,0.85553937,0.81333115,0.26798846,0.39707725,0.43682268,0.15556480,0.26907253,0.15955138,0.64667995,0.32118348,0.28274908,0.26997864,0.24682911
58,0.10981569,0.38959780,0.41859936,0.44053361,0.48251596,-0.15358539,-0.54678401,-0.08049281,0.03355433,0.02806503,0.15180627,0.11542879,0.21139426,0.20239140,0.10406166,0.58549341,0.17717337,0.15548977,0.15475914,0.05987749,0.03352105,0.06262029,0.13268557,0.14672001,0.58549341,0.72349193,0.82086329,0.77753736,0.17717337,0.32514994,0.38979604,0.15548977,0.25775306,0.15475914,0.61631918,0.27915491,0.24496959,0.25262558,0.22766782
59,0.11282724,0.39007065,0.41957709,0.44153298,0.47989024,-0.14419548,-0.55636962,-0.08324914,-0.00038978,0.02466059,0.15705290,0.11192487,0.21352848,0.20564586,0.10640976,0.56060909,0.20661365,0.15435040,0.15705507,0.05159202,0.03896335,0.06257029,0.13118799,0.14534555,0.56060909,0.73427636,0.82606611,0.78147868,0.20661365,0.34810996,0.40281060,0.15435040,0.26057592,0.15705507,0.62127039,0.28638120,0.25152729,0.25426819,0.23199384
60,0.11300937,0.38769765,0.41978123,0.43852822,0.48713658,-0.13936757,-0.52964559,-0.08953057,0.05248067,0.01623007,0.15936361,0.10410885,0.21804223,0.19662369,0.11181228,0.58509835,0.17233262,0.15605567,0.15783733,0.03447574,0.02568480,0.06294144,0.13354325,0.14763273,0.58509835,0.70833107,0.80400397,0.76249771,0.17233262,0.32329805,0.39803129,0.15605567,0.26345988,0.15783733,0.59785161,0.29031995,0.24618446,0.25215064,0.22619391
61,0.11070806,0.37476325,0.41306655,0.43112314,0.47396439,-0.14333281,-0.53892090,-0.07420366,0.00237804,0.02437693,0.17937639,0.11128630,0.23878163,0.20164372,0.12439792,0.54813163,0.21975582,0.15579756,0.15967077,0.02820659,0.05132066,0.06150249,0.13200010,0.14562480,0.54813163,0.73837652,0.83166123,0.77755432,0.21975582,0.36094732,0.40159720,0.15579756,0.25855805,0.15967077,0.60508666,0.29592678,0.27075340,0.27727514,0.23788578
62,0.11693879,0.37845683,0.41353519,0.43610389,0.47582391,-0.14386377,-0.54134849,-0.09492129,-0.03305939,0.01510896,0.17159508,0.10802240,0.23853474,0.20106767,0.13478422,0.51464346,0.24633865,0.16505783,0.15306819,0.01774944,0.05724565,0.06237169,0.13067054,0.14479301,0.51464346,0.73066790,0.83085924,0.78492163,0.24633865,0.39398180,0.43066431,0.16505783,0.26291798,0.15306819,0.60339254,0.30541958,0.26899032,0.27615881,0.24329228
63,0.12256517,0.37387557,0.41415318,0.43685295,0.47278237,-0.13438825,-0.56834914,-0.10786389,-0.15341980,0.01073743,0.16148380,0.10845552,0.24087049,0.21055485,0.14490254,0.41973211,0.34319883,0.16912998,0.15192655,0.00974108,0.08359430,0.06206792,0.12631772,0.14074300,0.41973211,0.74418921,0.85376924,0.81284062,0.34319883,0.48457339,0.49756820,0.16912998,0.26394186,0.15192655,0.62282545,0.33194920,0.26228807,0.28021073,0.25794965
64,0.12501664,0.36795746,0.41588942,0.43526693,0.47172600,-0.15338967,-0.58051707,-0.11655585,-0.23854592,0.00710548,0.16987375,0.11053990,0.25945606,0.21549690,0.15849467,0.35076414,0.43149357,0.17827374,0.15461296,-0.00653343,0.11366878,0.06012821,0.12131675,0.13539998,0.35076414,0.76737788,0.88723285,0.84157050,0.43149357,0.57561841,0.56644553,0.17827374,0.26678999,0.15461296,0.63376838,0.37982658,0.26840426,0.29709053,0.27070467
65,0.12933728,0.36300846,0.41932744,0.44003965,0.47350516,-0.15934536,-0.59402074,-0.13566103,-0.30871558,-0.00168946,0.15245138,0.10733247,0.25632566,0.20772927,0.15517489,0.29241779,0.48297468,0.18581978,0.14760154,-0.01341991,0.13448339,0.05887563,0.11866155,0.13246472,0.29241779,0.76298284,0.89685358,0.84580659,0.48297468,0.63561191,0.61039552,0.18581978,0.25603809,0.14760154,0.64339674,0.41889999,0.24921497,0.29157159,0.26403875
66,0.13690585,0.34626400,0.41776157,0.43680311,0.46629404,-0.16338038,-0.54137632,-0.13533538,-0.37756459,0.00837556,0.18677041,0.11072960,0.27452223,0.21040119,0.18564254,0.18240004,0.58418803,0.17232317,0.13762365,-0.03719763,0.15083220,0.05760623,0.11705635,0.13046328,0.18240004,0.74868381,0.86428707,0.82508422,0.58418803,0.71371052,0.68679157,0.17232317,0.24612942,0.13762365,0.58832079,0.46610698,0.26734345,0.30763911,0.28510279
67,0.13350293,0.29352009,0.40962813,0.42751526,0.45727884,-0.15954564,-0.54539458,-0.13155165,-0.46193188,0.01463477,0.17759001,0.11644154,0.26830823,0.21738305,0.17223278,0.10856475,0.65712778,0.17631304,0.14459181,-0.02614712,0.13292527,0.05643413,0.11455919,0.12770520,0.10856475,0.74410217,0.86356787,0.82017366,0.65712778,0.78564452,0.74796977,0.17631304,0.25245736,0.14459181,0.59748718,0.54061313,0.27538102,0.30852776,0.28368114
68,0.13849720,0.29901450,0.41634149,0.43545397,0.46372936,-0.18052148,-0.55011752,-0.13056088,-0.48505456,0.01723159,0.18965339,0.12209136,0.27819566,0.22428905,0.18520395,0.12276709,0.69227625,0.17892587,0.14278740,-0.03742532,0.12950039,0.05564475,0.11083157,0.12401603,0.12276709,0.76705108,0.88464016,0.84606326,0.69227625,0.82002382,0.78367094,0.17892587,0.25619353,0.14278740,0.60034426,0.56112289,0.27867381,0.31647853,0.29559756
69,0.12752146,0.22992506,0.40871647,0.42783996,0.46280961,-0.16219213,-0.56862932,-0.12184449,-0.56115475,0.02386932,0.17155618,0.12060137,0.25063594,0.21663338,0.14657257,0.07784798,0.74820402,0.16812042,0.14814523,-0.01763969,0.10886929,0.05505062,0.11026101,0.12323985,0.07784798,0.76361493,0.87112549,0.81990681,0.74820402,0.86107873,0.80895684,0.16812042,0.24925293,0.14814523,0.61998262,0.62730253,0.27310607,0.29512317,0.26730560
70,0.13099929,0.30072750,0.41024178,0.43418245,0.46760935,-0.16581195,-0.56183266,-0.11601490,-0.46666806,0.02518341,0.18016846,0.12136692,0.25702921,0.21655311,0.15058522,0.13547964,0.66441392,0.16913607,0.14853043,-0.02004594,0.10475839,0.05428434,0.10906979,0.12183188,0.13547964,0.76665696,0.87232901,0.81893440,0.66441392,0.78075900,0.73267304,0.16913607,0.24919050,0.14853043,0.61274538,0.54776744,0.27523221,0.29832392,0.26840485
71,0.12448421,0.31769083,0.41012000,0.43058875,0.46292183,-0.16051517,-0.60324127,-0.10594945,-0.42375264,0.02413495,0.13864410,0.12132000,0.24123968,0.21993851,0.15630387,0.19773523,0.57926108,0.18583065,0.14010845,-0.00535230,0.11400859,0.05417521,0.10794454,0.12077656,0.19773523,0.76465124,0.89661225,0.86413179,0.57926108,0.72278148,0.70102382,0.18583065,0.26157785,0.14010845,0.66033357,0.51767659,0.26926300,0.29115512,0.27577978
72,0.12376757,0.33202754,0.41182644,0.43131606,0.46928774,-0.16658845,-0.58808385,-0.10871021,-0.38954028,0.02068704,0.15138641,0.11775452,0.25283991,0.21776383,0.14749215,0.22126366,0.55907703,0.18631849,0.15410369,-0.02320650,0.12433413,0.05353737,0.10823494,0.12075203,0.22126366,0.76313049,0.89337442,0.84374819,0.55907703,0.70431771,0.66948339,0.18631849,0.26288115,0.15410369,0.64402817,0.49279975,0.27183304,0.29710363,0.26789074
73,0.11956973,0.37261795,0.41517017,0.43248629,0.47661202,-0.16493694,-0.56695596,-0.10873687,-0.25293536,0.02197515,0.16096403,0.11731571,0.25654765,0.21167852,0.14025737,0.33207615,0.43861138,0.17977834,0.15820630,-0.00854328,0.13474602,0.05396538,0.10875502,0.12140806,0.33207615,0.75209869,0.87512864,0.81348336,0.43861138,0.58628565,0.55809798,0.17977834,0.25538641,0.15820630,0.61724628,0.38708596,0.26470950,0.29619145,0.25694776
74,0.12365857,0.34044014,0.41224802,0.43029941,0.46948182,-0.16079777,-0.58599208,-0.11225824,-0.36577793,0.02754683,0.15992479,0.12193269,0.25972409,0.22097338,0.15157531,0.24188647,0.54694266,0.18162105,0.15552387,-0.03036948,0.12904764,0.05390091,0.10689522,0.11971590,0.24188647,0.76993698,0.89607589,0.84223119,0.54694266,0.69063333,0.65609292,0.18162105,0.25805293,0.15552387,0.63735854,0.47402224,0.27573645,0.30522561,0.27302240
75,0.14076509,0.35536526,0.41236408,0.43670104,0.47478872,-0.14611884,-0.59749126,-0.11867304,-0.30723869,0.02674122,0.15148486,0.12305963,0.23481104,0.22607831,0.12768112,0.30715632,0.48570718,0.17455077,0.15485216,-0.02261715,0.14522980,0.05391378,0.10576286,0.11871174,0.30715632,0.76928181,0.87921979,0.82573475,0.48570718,0.62174254,0.60026086,0.17455077,0.25848788,0.15485216,0.64144245,0.43139575,0.26252802,0.28106787,0.26439499
76,0.14074875,0.33263144,0.40700393,0.43127865,0.46608167,-0.15194816,-0.57666641,-0.11660456,-0.35168003,0.03802816,0.15509792,0.12746579,0.23780684,0.23100240,0.13094246,0.24941578,0.53406504,0.17617998,0.15511117,-0.03354197,0.13535340,0.05314112,0.10507663,0.11775006,0.24941578,0.75681738,0.86603328,0.81607001,0.53406504,0.66694269,0.64066144,0.17617998,0.25902654,0.15511117,0.62691405,0.47363400,0.27839414,0.28801480,0.27157151
77,0.14014025,0.36909056,0.41551417,0.44189302,0.47684179,-0.16711287,-0.58197131,-0.12051115,-0.18306848,0.02493981,0.15666609,0.12227373,0.22628817,0.22459130,0.12832419,0.41419825,0.37676028,0.16915254,0.14658719,-0.03724517,0.16608499,0.05337544,0.10486578,0.11766805,0.41419825,0.76371095,0.86336877,0.82137352,0.37676028,0.51352400,0.51886096,0.16915254,0.25572138,0.14658719,0.63205719,0.35766393,0.26266086,0.27243446,0.26385867
78,0.14812274,0.32856620,0.41940312,0.44160012,0.46861546,-0.17630344,-0.55609246,-0.14964600,-0.40780368,0.02586796,0.16959136,0.12732953,0.24273284,0.23499256,0.15164003,0.19231592,0.60577811,0.17403194,0.14426492,-0.05980969,0.16628151,0.05346366,0.10204420,0.11520149,0.19231592,0.75627757,0.85630061,0.82292240,0.60577811,0.72807044,0.70892595,0.17403194,0.25879472,0.14426492,0.60181244,0.51007772,0.27479242,0.28966081,0.28673956
79,0.14909454,0.23266654,0.41698493,0.43537174,0.46239806,-0.17121319,-0.56153235,-0.15376219,-0.54700710,0.02850037,0.15601858,0.12943154,0.24358226,0.23339844,0.13372455,0.13004710,0.72841138,0.18492542,0.15461778,-0.06998147,0.12760501,0.05332289,0.10080291,0.11403752,0.13004710,0.74831726,0.86121527,0.80918807,0.72841138,0.85963322,0.81230543,0.18492542,0.26086961,0.15461778,0.60757602,0.63550880,0.27838077,0.29372522,0.27766880
80,0.16128864,0.29332165,0.42094096,0.44440170,0.46985457,-0.18952164,-0.51811159,-0.17072508,-0.48796681,0.01952387,0.17184438,0.12601865,0.23064643,0.23298824,0.12320850,0.11955711,0.68837542,0.16734139,0.15364775,-0.04984195,0.15690829,0.05327094,0.10117839,0.11434535,0.11955711,0.72394791,0.81399785,0.77152744,0.68837542,0.79438005,0.75620964,0.16734139,0.25979180,0.15364775,0.56809752,0.57412348,0.26562125,0.27675585,0.27069630
81,0.15567582,0.27853772,0.41867002,0.43853002,0.46615090,-0.19319960,-0.51015444,-0.17455704,-0.50572107,0.01668271,0.18027863,0.12373077,0.26206552,0.22629915,0.14258728,0.13576525,0.71387819,0.17471840,0.15937801,-0.05296371,0.16516266,0.05345333,0.10424905,0.11715427,0.13576525,0.72660257,0.83514359,0.77759401,0.71387819,0.83924154,0.78445306,0.17471840,0.25262940,0.15937801,0.55816299,0.59162038,0.27203066,0.30399058,0.27577625
82,0.17231468,0.27687010,0.41960912,0.44332008,0.46714591,-0.17931116,-0.52608947,-0.18002202,-0.50694030,0.01010107,0.18052067,0.11909629,0.25174550,0.22452623,0.14150136,0.11831239,0.71415810,0.16933415,0.15353635,-0.04533394,0.18137558,0.05347133,0.10330102,0.11631975,0.11831239,0.73603582,0.83355460,0.78150724,0.71415810,0.82812634,0.78113887,0.16933415,0.25159944,0.15353635,0.56684734,0.58430710,0.26402497,0.29092835,0.27364856
83,0.16512327,0.27903248,0.41696116,0.43977561,0.46921832,-0.18576110,-0.49529943,-0.18495885,-0.47769792,0.01286808,0.20554836,0.12218217,0.26833775,0.22285441,0.14878912,0.10238461,0.71191273,0.15841652,0.15708321,-0.03682984,0.20315033,0.05465265,0.10587212,0.11914621,0.10238461,0.73195691,0.82375079,0.76382470,0.71191273,0.81644968,0.76070935,0.15841652,0.24452349,0.15708321,0.53861434,0.55072907,0.26892238,0.30473127,0.27486636
84,0.16410452,0.28823436,0.41929599,0.44362003,0.47043568,-0.19121227,-0.50965869,-0.18201949,-0.46422370,0.00609621,0.20772945,0.11529243,0.26309857,0.21832841,0.13495343,0.10386439,0.69863254,0.15494909,0.16529286,-0.01593078,0.17707621,0.05480328,0.10649077,0.11976512,0.10386439,0.74633215,0.83211839,0.76555889,0.69863254,0.79631167,0.73529267,0.15494909,0.25068792,0.16529286,0.55510858,0.53788942,0.26684445,0.29623750,0.26261399
85,0.14964183,0.28991656,0.41483440,0.43984724,0.46386780,-0.19624072,-0.52532519,-0.18556668,-0.45395978,0.00330620,0.21224509,0.10790614,0.27124443,0.21119398,0.14814757,0.10157547,0.69360472,0.15232821,0.16199967,-0.00557898,0.16279409,0.05410761,0.10793462,0.12073738,0.10157547,0.76474297,0.85491387,0.79144906,0.69360472,0.79364852,0.73735749,0.15232821,0.24573066,0.16199967,0.57924880,0.53611789,0.27623168,0.30350419,0.26543525
86,0.15537452,0.35946615,0.41793607,0.44464029,0.46876107,-0.19920423,-0.52463317,-0.18574266,-0.32941224,-0.00154231,0.21121294,0.11033752,0.27210324,0.21774253,0.14710087,0.20573979,0.57294583,0.15613958,0.16562743,-0.01435543,0.18038998,0.05404096,0.10759912,0.12040763,0.20573979,0.76214722,0.85779621,0.79556769,0.57294583,0.68403303,0.64266719,0.15613958,0.25218115,0.16562743,0.58153691,0.43553692,0.27154151,0.30441753,0.27042851
87,0.15629507,0.36728055,0.41869978,0.44732762,0.46813755,-0.21046584,-0.53999527,-0.17985358,-0.28867517,-0.00590924,0.21067739,0.10812905,0.26475219,0.21587045,0.15077190,0.26054742,0.53176321,0.15785795,0.15734165,-0.00996734,0.16393285,0.05360006,0.10790934,0.12048814,0.26054742,0.77806227,0.87013530,0.81812835,0.53176321,0.64189792,0.61356869,0.15785795,0.25356573,0.15734165,0.60193832,0.40732742,0.26946019,0.29517121,0.27018487
88,0.15276712,0.35202915,0.42111532,0.44618045,0.46830471,-0.22139576,-0.55774732,-0.19057672,-0.34858136,-0.00479594,0.20390281,0.11519195,0.26985332,0.21960907,0.13389290,0.21847643,0.58477048,0.16629640,0.17209351,-0.01450559,0.15862980,0.05364462,0.10681982,0.11953334,0.21847643,0.79189164,0.89758276,0.82651385,0.58477048,0.70422119,0.65230451,0.16629640,0.25931684,0.17209351,0.62238716,0.45421607,0.26761058,0.30382630,0.26499442
89,0.15242863,0.20728994,0.42118265,0.44280863,0.45870915,-0.22947915,-0.54959226,-0.19793877,-0.55308624,0.00071512,0.19816994,0.11720725,0.27037055,0.22013988,0.13712824,0.06188384,0.77767390,0.16530392,0.16887683,-0.01920682,0.12439948,0.05375954,0.10592077,0.11878256,0.06188384,0.78272077,0.89297002,0.82498536,0.77767390,0.89022301,0.81833165,0.16530392,0.25100095,0.16887683,0.61487798,0.62250339,0.26472597,0.30617512,0.26864512
90,0.15637885,0.25625896,0.42068854,0.44387731,0.46494854,-0.22766716,-0.56801992,-0.20493672,-0.49269046,-0.00066181,0.21517408,0.11597901,0.28621824,0.21763354,0.14325740,0.09858808,0.73781878,0.16475887,0.17645966,-0.02106945,0.14687494,0.05424345,0.10602235,0.11909278,0.09858808,0.81566682,0.92361554,0.84415602,0.73781878,0.85268534,0.77833000,0.16475887,0.25536928,0.17645966,0.63220308,0.57648317,0.27954438,0.32065316,0.26906457
91,0.15951473,0.24218453,0.42418126,0.44414442,0.46755961,-0.23182248,-0.55044672,-0.20287448,-0.52408098,-0.00610325,0.21489944,0.10972764,0.28333747,0.20800580,0.12936572,0.06650471,0.76561709,0.15812681,0.18332510,-0.01666715,0.14431035,0.05448898,0.10733282,0.12037186,0.06650471,0.79811619,0.90345650,0.81380423,0.76561709,0.87408906,0.78369497,0.15812681,0.25077987,0.18332510,0.61433229,0.59568201,0.26839215,0.31359138,0.25268271
92,0.16529955,0.25501235,0.42452058,0.44456579,0.46531879,-0.22712339,-0.56069035,-0.21170667,-0.51308244,-0.01135865,0.22798746,0.10924628,0.29392754,0.21503239,0.14314697,0.06675318,0.76852302,0.15827029,0.18469754,-0.01417866,0.15005697,0.05519035,0.10746584,0.12080928,0.06675318,0.81769938,0.92112464,0.83543962,0.76852302,0.87601443,0.79321846,0.15827029,0.25873575,0.18469754,0.62409871,0.58917090,0.27962480,0.32438276,0.26746643
93,0.16494890,0.23503722,0.42721321,0.44687730,0.46774577,-0.23148413,-0.57281192,-0.22052810,-0.54707747,-0.01498388,0.21393254,0.10421566,0.28472269,0.21226286,0.13269201,0.03785308,0.78893966,0.15735212,0.18707830,-0.01123565,0.14758623,0.05470822,0.10809434,0.12115022,0.03785308,0.81601772,0.92447387,0.83893229,0.78893966,0.89929655,0.81491572,0.15735212,0.25720211,0.18707830,0.63863979,0.61886222,0.26459923,0.31371534,0.25888964
94,0.16647267,0.23327748,0.43003864,0.44890155,0.47064256,-0.22011531,-0.59835209,-0.22670098,-0.50641499,-0.02124856,0.21960429,0.10001141,0.28819885,0.21222771,0.13634569,0.09290442,0.75539314,0.15742367,0.18949627,-0.00831566,0.13304078,0.05530715,0.10895177,0.12218580,0.09290442,0.84213992,0.94763588,0.86003083,0.75539314,0.86609663,0.78837532,0.15742367,0.26348273,0.18949627,0.66095799,0.58517675,0.26670750,0.31451676,0.25940983
95,0.16646264,0.18752051,0.42482843,0.44331605,0.46561678,-0.21026836,-0.58794086,-0.20917930,-0.58363860,-0.01002231,0.22170727,0.10577329,0.29868485,0.21449568,0.15004234,0.03576319,0.83069481,0.16312511,0.18531395,-0.02621751,0.11458261,0.05605008,0.10984348,0.12331748,0.03576319,0.83407320,0.94578716,0.85895736,0.83069481,0.94553074,0.86013372,0.16312511,0.25839391,0.18531395,0.64735899,0.65342243,0.27583625,0.32644081,0.26808421
96,0.16732349,0.22497590,0.42272976,0.44449411,0.46669710,-0.21520171,-0.59579304,-0.20786012,-0.57139175,-0.00504376,0.22089214,0.11059541,0.29379736,0.22427610,0.13968712,0.05196630,0.81910227,0.16739801,0.19293649,-0.02916319,0.11201475,0.05705773,0.10907563,0.12309784,0.05196630,0.84329185,0.95231892,0.86520012,0.81910227,0.93284198,0.84842944,0.16739801,0.27130109,0.19293649,0.65822375,0.64801281,0.28404534,0.32442825,0.27059902
97,0.15702547,0.19596362,0.41958527,0.43585591,0.46255355,-0.22083892,-0.58142044,-0.19966332,-0.57650532,0.00260561,0.23818290,0.11409236,0.30278333,0.22660816,0.13237205,0.05934877,0.84037955,0.15826693,0.20615193,-0.03035430,0.10012595,0.05726628,0.11097833,0.12488241,0.05934877,0.84965039,0.94862550,0.84896559,0.84037955,0.94287651,0.84255562,0.15826693,0.27534103,0.20615193,0.64344365,0.64860572,0.29858800,0.33535713,0.26918299
98,0.15577160,0.18637426,0.41876833,0.43419129,0.45933095,-0.22192489,-0.58483993,-0.20149395,-0.60421716,0.00516580,0.20570742,0.11785268,0.29873118,0.22079744,0.13764935,0.07642619,0.83706146,0.17847394,0.19324886,-0.03190167,0.09901563,0.05826386,0.11112562,0.12547342,0.07642619,0.82294402,0.94969515,0.85373711,0.83706146,0.96897784,0.87145547,0.17847394,0.26120422,0.19324886,0.64728769,0.67975456,0.28205034,0.33362565,0.26750679
99,0.16006787,0.17810801,0.41724124,0.43745836,0.46103902,-0.22715208,-0.57691415,-0.17962901,-0.61297074,-0.00191415,0.23508184,0.11243237,0.29447505,0.21987720,0.13765630,0.09392116,0.86776733,0.16631739,0.19167244,-0.02811026,0.08458721,0.05839699,0.11215033,0.12644329,0.09392116,0.84303209,0.93863486,0.84933578,0.86776733,0.96541437,0.86856154,0.16631739,0.27477868,0.19167244,0.64108828,0.68079124,0.30111711,0.32595329,0.26592053
100,0.15850194,0.18705948,0.41667693,0.43340899,0.46026758,-0.20759069,-0.57781890,-0.18283990,-0.60746965,0.00332447,0.22384898,0.11336627,0.29634450,0.22015511,0.13655846,0.08662714,0.85309313,0.17177344,0.19400938,-0.03568106,0.09423565,0.05913819,0.11336559,0.12786354,0.08662714,0.82958969,0.93444936,0.83913312,0.85309313,0.96368266,0.86544014,0.17177344,0.27079282,0.19400938,0.63534898,0.67860319,0.29754623,0.32868679,0.26576224
101,0.16395220,0.19016610,0.41602270,0.43451784,0.45893392,-0.18932126,-0.58738115,-0.17843753,-0.61702639,0.00924383,0.22055979,0.12188180,0.29528752,0.23094639,0.12304630,0.08611438,0.85997675,0.17396638,0.20565413,-0.03704404,0.06870841,0.05966554,0.11329215,0.12804330,0.08611438,0.83243268,0.93952294,0.83262261,0.85997675,0.97408674,0.86668872,0.17396638,0.27804479,0.20565413,0.64074961,0.69014109,0.29766467,0.33193417,0.26918596
102,0.15562735,0.17350173,0.41772409,0.43620239,0.46621256,-0.19541025,-0.60974635,-0.17241991,-0.63735630,0.00738028,0.20244132,0.11788487,0.29306196,0.22421937,0.10098359,0.08009542,0.85964910,0.18093353,0.22186070,-0.03172628,0.08248763,0.06039069,0.11403271,0.12903680,0.08009542,0.83781420,0.95871367,0.83251276,0.85964910,0.98590359,0.85733916,0.18093353,0.27881729,0.22186070,0.66189213,0.70229054,0.28591089,0.32867315,0.25285253
103,0.15307246,0.18167489,0.41696465,0.43320390,0.46528365,-0.18769785,-0.59393547,-0.16150143,-0.62286631,0.01200424,0.21652025,0.11767484,0.30016810,0.21827347,0.12330593,0.08027604,0.85858373,0.17421211,0.20598592,-0.03071961,0.07725084,0.05944007,0.11564882,0.13002988,0.08027604,0.83494231,0.94910646,0.83318320,0.85858373,0.97756440,0.85908185,0.17421211,0.26746564,0.20598592,0.64728902,0.68895501,0.29249021,0.33365347,0.25640095
104,0.15285562,0.17512156,0.41866823,0.43731057,0.46430506,-0.18041905,-0.61461851,-0.16552014,-0.62840794,0.01325504,0.21393923,0.11809398,0.28832610,0.21904766,0.11459323,0.05974158,0.86207934,0.16266841,0.20301399,-0.02462472,0.08141458,0.05943740,0.11593346,0.13028189,0.05974158,0.85102982,0.95474538,0.83915071,0.86207934,0.96984371,0.85363293,0.16266841,0.26224873,0.20301399,0.66342551,0.68897320,0.28511765,0.32385091,0.25423437
105,0.14649447,0.17236951,0.41414887,0.43265669,0.45798401,-0.18534518,-0.61038989,-0.15535979,-0.63377713,0.01770358,0.22079416,0.12376840,0.30249361,0.21856296,0.14122108,0.08321961,0.87338035,0.17335098,0.18869784,-0.03336434,0.07793731,0.05930622,0.11632942,0.13057474,0.08321961,0.85594922,0.96768081,0.86049761,0.87338035,0.99010785,0.88022597,0.17335098,0.25468202,0.18869784,0.66192094,0.69903852,0.29856162,0.33901876,0.26829336
106,0.14073892,0.16865472,0.41705822,0.43934712,0.45923455,-0.19655167,-0.63392822,-0.16086574,-0.64546468,0.01759897,0.20723942,0.12157860,0.28395123,0.21628250,0.12622044,0.07780104,0.87200869,0.17043449,0.18500663,-0.02314002,0.07819921,0.05950523,0.11571700,0.13012031,0.07780104,0.86852314,0.97481725,0.87083448,0.87200869,0.98276925,0.87531545,0.17043449,0.25119923,0.18500663,0.68445298,0.70564202,0.28675943,0.32070813,0.25917425
107,0.14690143,0.20177476,0.41992672,0.44202514,0.45839372,-0.19394291,-0.62890052,-0.15964055,-0.58731525,0.00982839,0.20034888,0.12092947,0.27866814,0.21916187,0.13590774,0.08074836,0.80689956,0.17332391,0.17486112,-0.01889008,0.05937218,0.05905797,0.11679446,0.13087700,0.08074836,0.85406743,0.96499556,0.87681604,0.80689956,0.92285756,0.83498536,0.17332391,0.25516660,0.17486112,0.68244476,0.65448431,0.28079350,0.31653280,0.26609023
108,0.15626282,0.29659802,0.41903598,0.44350760,0.46150566,-0.19939890,-0.62687105,-0.14753984,-0.45357540,0.00519545,0.20027517,0.11438454,0.28657744,0.21503150,0.14398117,0.19589333,0.67357161,0.17532779,0.17647905,-0.00931420,0.08022700,0.05952295,0.11621391,0.13057050,0.19589333,0.85235269,0.96955835,0.88219643,0.67357161,0.80127090,0.72330575,0.17532779,0.25459293,0.17647905,0.68010025,0.53751707,0.27919610,0.32081821,0.26604365
109,0.14999679,0.38958825,0.42050721,0.44403275,0.47101445,-0.18171881,-0.61062140,-0.14801893,-0.13830745,0.00122477,0.21211313,0.10952131,0.28274082,0.21688638,0.12852237,0.47649906,0.38677815,0.16413402,0.19075416,-0.00379795,0.11411028,0.05989974,0.11831652,0.13261515,0.47649906,0.84294597,0.94666756,0.85271098,0.38677815,0.52150797,0.49481706,0.16413402,0.26726880,0.19075416,0.66790894,0.32473621,0.28244784,0.31500626,0.25753132
110,0.14022350,0.36485563,0.41706938,0.44356941,0.46632185,-0.18848187,-0.63486712,-0.14734507,-0.28236897,0.00711598,0.19401964,0.11263605,0.27251367,0.22073662,0.14040012,0.36372695,0.50535736,0.17715871,0.17437919,-0.01932427,0.09366220,0.06022633,0.11699155,0.13158356,0.36372695,0.85173691,0.96197544,0.88811731,0.50535736,0.64048823,0.60291173,0.17715871,0.26892630,0.17437919,0.69176766,0.42380790,0.28739572,0.30925270,0.26786792
111,0.13284997,0.34928135,0.41420962,0.44408911,0.47267235,-0.17937056,-0.63110290,-0.14996117,-0.33424323,0.00135120,0.18592497,0.10666723,0.25141725,0.21141746,0.11915120,0.30737346,0.54556807,0.16985502,0.17145547,-0.01235024,0.12555009,0.06027724,0.11851255,0.13296079,0.30737346,0.83683010,0.93382031,0.85696481,0.54556807,0.66445258,0.61705072,0.16985502,0.26469910,0.17145547,0.68391238,0.45339807,0.27493395,0.28647107,0.24905299
112,0.13146301,0.26047839,0.41127518,0.44048199,0.46456915,-0.18771573,-0.64362467,-0.16282604,-0.50547763,0.00394163,0.18855029,0.10656629,0.25734203,0.20819107,0.11937424,0.15696750,0.71546285,0.17553195,0.17466936,-0.02732797,0.09919734,0.05988773,0.11779311,0.13214293,0.15696750,0.85422433,0.95343736,0.87049506,0.71546285,0.82742582,0.75575838,0.17553195,0.26765982,0.17466936,0.70141399,0.59867122,0.29541515,0.29686277,0.24966296
113,0.13239317,0.33558983,0.41031404,0.43978455,0.47081524,-0.17940326,-0.63544940,-0.14573483,-0.34590921,0.00992643,0.19632966,0.10775811,0.26289379,0.20806711,0.12820204,0.30257427,0.56815668,0.17091811,0.17274424,-0.03057922,0.11349841,0.05930018,0.11890505,0.13287183,0.30257427,0.85316458,0.94947451,0.86938161,0.56815668,0.68650970,0.63515874,0.17091811,0.26594855,0.17274424,0.69303952,0.47535654,0.29819790,0.30150389,0.25175441
114,0.13357605,0.28013469,0.41095808,0.43791350,0.46276121,-0.18977407,-0.63022834,-0.14600214,-0.43568570,-0.00374412,0.17299453,0.10320329,0.27246566,0.20931179,0.14780490,0.20869906,0.62698740,0.18862808,0.16785428,-0.02244460,0.11948240,0.05900501,0.11808470,0.13200602,0.20869906,0.82458280,0.95501741,0.88614654,0.62698740,0.76933166,0.71333830,0.18862808,0.26553003,0.16785428,0.69144949,0.53472439,0.28356576,0.30979590,0.26515695
115,0.13763789,0.26806152,0.41332565,0.44027562,0.46117821,-0.18526934,-0.63917777,-0.13840174,-0.47536484,0.01300852,0.16711999,0.11673050,0.25976730,0.22033429,0.13164208,0.18226638,0.66173705,0.18445443,0.16755864,-0.02485413,0.09689287,0.05896286,0.11598892,0.13011552,0.18226638,0.83051428,0.95391349,0.88120821,0.66173705,0.79605457,0.73245153,0.18445443,0.25927797,0.16755864,0.69543049,0.56231700,0.27647358,0.30140604,0.26558731
116,0.13020091,0.35522813,0.41088584,0.43635473,0.46559878,-0.18563742,-0.63767693,-0.13988565,-0.25293619,0.01514212,0.18357670,0.11344731,0.27255200,0.21769628,0.14557630,0.39676994,0.46808848,0.17930509,0.16939955,-0.03010301,0.11167189,0.05903298,0.11748893,0.13148589,0.39676994,0.84563618,0.96357637,0.89266361,0.46808848,0.61291325,0.58245910,0.17930509,0.26213998,0.16939955,0.69719197,0.41484650,0.29488369,0.31489750,0.27063842
117,0.12992639,0.32637713,0.41127014,0.43643397,0.46532352,-0.19509794,-0.65175697,-0.13942101,-0.37318140,0.01992174,0.18248629,0.11921259,0.27760986,0.22250536,0.13448038,0.29705750,0.58151101,0.18829134,0.18086393,-0.03814786,0.09218259,0.05899853,0.11551820,0.12971230,0.29705750,0.86183059,0.98668484,0.90190840,0.58151101,0.72610814,0.66499489,0.18829134,0.26757554,0.18086393,0.71275354,0.49831177,0.29908332,0.32067483,0.26874266
118,0.13176033,0.19505380,0.40825406,0.43048220,0.45877599,-0.18736550,-0.64367157,-0.13861891,-0.56627479,0.01234205,0.17835294,0.11329798,0.28245057,0.21172575,0.14753997,0.11674019,0.76093717,0.19064488,0.17024179,-0.03710716,0.09444541,0.05861788,0.11594799,0.12992302,0.11674019,0.84648612,0.97815911,0.89512225,0.76093717,0.90071119,0.81964237,0.19064488,0.25553550,0.17024179,0.70096459,0.64558842,0.29550701,0.32411983,0.26972650
119,0.13378153,0.26766241,0.41169109,0.43251025,0.46168947,-0.19279516,-0.64903461,-0.13435522,-0.48358634,0.01828794,0.17309410,0.11888002,0.29099466,0.22055923,0.15819949,0.19407079,0.67594091,0.19915388,0.17163030,-0.03053656,0.09268297,0.05871137,0.11480841,0.12894959,0.19407079,0.84948559,0.99450610,0.91608627,0.67594091,0.83323685,0.76347907,0.19915388,0.26057165,0.17163030,0.70553833,0.57537317,0.29057837,0.33224957,0.28008331
120,0.14481944,0.24201586,0.41137569,0.43615626,0.46036719,-0.18394500,-0.65997358,-0.14842124,-0.50567200,0.02061950,0.18863288,0.12071469,0.26719628,0.22175652,0.13253282,0.17441176,0.71622218,0.17743208,0.17092010,-0.03258764,0.06988127,0.05950600,0.11453216,0.12906813,0.17441176,0.87326545,0.98093949,0.89952485,0.71622218,0.83627412,0.76482031,0.17743208,0.25895708,0.17092010,0.71340420,0.59305375,0.29327806,0.30977088,0.26778020
121,0.13953409,0.37885576,0.41368282,0.43917999,0.47071138,-0.18512356,-0.64080031,-0.14345205,-0.16982907,0.01232579,0.20350586,0.11443452,0.27896912,0.21852964,0.13983271,0.47870405,0.41157122,0.16748180,0.17692264,-0.00683053,0.11704086,0.05842786,0.11648588,0.13031798,0.47870405,0.86708708,0.97357128,0.89044338,0.41157122,0.54968805,0.52399503,0.16748180,0.25860783,0.17692264,0.69759645,0.35689115,0.28798979,0.31589347,0.26649256
122,0.13614016,0.38954484,0.41342017,0.44094183,0.46749637,-0.16879715,-0.64006847,-0.14766958,-0.09020627,0.01893923,0.20701319,0.11613210,0.26822887,0.21688460,0.13450324,0.55444986,0.34801164,0.16077394,0.17031709,-0.00984852,0.10126566,0.05914556,0.11860232,0.13253191,0.55444986,0.86764068,0.95890071,0.87760349,0.34801164,0.48131805,0.47896928,0.16077394,0.25513019,0.17031709,0.69405496,0.32627941,0.29251946,0.30682269,0.26265185
123,0.12543949,0.31729285,0.41327045,0.44008987,0.46417597,-0.17449591,-0.66393186,-0.13144475,-0.43010706,0.02539827,0.16385853,0.12474968,0.26180909,0.22475825,0.11840735,0.24800683,0.61613494,0.18464228,0.17745789,-0.01173942,0.09301398,0.05811076,0.11537100,0.12917944,0.24800683,0.85190429,0.97778551,0.88760414,0.61613494,0.75673961,0.68350273,0.18464228,0.25440601,0.17745789,0.71514033,0.52508000,0.27853490,0.30771063,0.26416506
124,0.12424458,0.37572215,0.40881671,0.43594834,0.46307351,-0.18121299,-0.63974694,-0.11909183,-0.23329074,0.03199581,0.19643615,0.12339226,0.27131880,0.22664157,0.12915303,0.41633537,0.45990058,0.16339107,0.17905210,-0.00399426,0.08726385,0.05792596,0.11742050,0.13093124,0.41633537,0.86293918,0.96701617,0.88242841,0.45990058,0.58692792,0.54340491,0.16339107,0.25321530,0.17905210,0.69927978,0.38477162,0.29554326,0.31622330,0.27038994
125,0.12767701,0.34150534,0.40714359,0.43411888,0.45900141,-0.17668283,-0.65702253,-0.10233115,-0.36347538,0.04497683,0.18870889,0.13418777,0.27988784,0.23313332,0.14498119,0.31203161,0.57476066,0.17868530,0.17175194,-0.01607452,0.06314925,0.05825450,0.11418101,0.12818303,0.31203161,0.87441022,0.99336283,0.91302876,0.57476066,0.71032816,0.64942636,0.17868530,0.25337745,0.17175194,0.71585329,0.48094952,0.30603453,0.32983452,0.28400643
126,0.13728690,0.37285157,0.40846376,0.43346529,0.46369165,-0.15497434,-0.64668075,-0.11046957,-0.17101719,0.03778168,0.21902530,0.12783624,0.27797203,0.23078087,0.13487045,0.48486147,0.42494703,0.16022795,0.18077274,-0.01549307,0.05483351,0.05895102,0.11618446,0.13028450,0.48486147,0.88690892,0.97390839,0.88548351,0.42494703,0.54592144,0.51693009,0.16022795,0.26368003,0.18077274,0.70039111,0.36474946,0.31429130,0.32299685,0.27473568
127,0.12574401,0.37892067,0.40762232,0.43456199,0.46275317,-0.16542811,-0.64801673,-0.12002722,-0.06053137,0.03427172,0.20935100,0.12370941,0.27452509,0.22300104,0.15372570,0.59488112,0.32275157,0.16359919,0.16156486,-0.01518605,0.06379002,0.05910711,0.11631870,0.13047486,0.59488112,0.88033195,0.97489953,0.90623672,0.32275157,0.46326561,0.47435864,0.16359919,0.25431674,0.16156486,0.70828069,0.34241419,0.31156047,0.31979020,0.27902809
128,0.12562745,0.37602872,0.41009241,0.43548594,0.46547775,-0.17300426,-0.64222565,-0.12710541,-0.02347058,0.02644244,0.18139957,0.11774109,0.27440721,0.22587933,0.15460176,0.62843663,0.27058965,0.18515273,0.16837671,-0.03286795,0.07097957,0.05964729,0.11549566,0.12998864,0.62843663,0.84751863,0.96900444,0.90664953,0.27058965,0.44348864,0.47711964,0.18515273,0.26965943,0.16837671,0.70526121,0.35849249,0.30743460,0.32008396,0.28187169
129,0.12493122,0.38006538,0.41120217,0.43593903,0.46763655,-0.15854921,-0.64744633,-0.12499928,-0.04820540,0.02799825,0.19439798,0.12308803,0.27744359,0.22807066,0.15323295,0.60698008,0.30145289,0.18105778,0.16956208,-0.02776966,0.07161680,0.05960770,0.11457795,0.12915566,0.60698008,0.86226825,0.97578409,0.90716008,0.30145289,0.46597302,0.48829230,0.18105778,0.27077887,0.16956208,0.70902562,0.35824604,0.30970748,0.32273270,0.28161071
130,0.12714031,0.36712834,0.40462424,0.42943591,0.45855810,-0.15304782,-0.64263571,-0.10805578,-0.18230346,0.03820249,0.21216661,0.12740583,0.28466752,0.22579930,0.14904481,0.47313670,0.43125990,0.17642162,0.17265539,-0.04289484,0.01571374,0.05964584,0.11527722,0.12979393,0.47313670,0.87594927,0.97733525,0.89409340,0.43125990,0.57076831,0.54249923,0.17642162,0.26452290,0.17265539,0.70290459,0.40045756,0.32633296,0.33109442,0.27933879
131,0.12407700,0.37259832,0.40727143,0.43823410,0.46564630,-0.15106606,-0.64187253,-0.10877926,-0.12662804,0.04080459,0.20076886,0.13011278,0.27329345,0.23815488,0.13794846,0.52602023,0.37115632,0.17500319,0.17872404,-0.02335488,0.05220412,0.06021118,0.11656277,0.13119553,0.52602023,0.86423520,0.96554768,0.88787533,0.37115632,0.51620032,0.51128901,0.17500319,0.27181651,0.17872404,0.69972236,0.37088548,0.31606777,0.32164762,0.28271067
132,0.14252216,0.37981093,0.40967341,0.44222587,0.46206244,-0.14604742,-0.69136429,-0.13322919,-0.05372701,0.04136363,0.20579864,0.13089172,0.28226887,0.24013651,0.16044762,0.65120452,0.33055367,0.18885716,0.16842993,-0.04353190,0.03030546,0.05908718,0.11205553,0.12667966,0.65120452,0.91686121,1.01969393,0.94934286,0.33055367,0.49745292,0.52153524,0.18885716,0.27704741,0.16842993,0.74373766,0.39097532,0.33161509,0.32969949,0.29696557
133,0.14293145,0.36555322,0.40989280,0.43726740,0.46203161,-0.14529916,-0.65673280,-0.10763261,-0.18265927,0.05028064,0.17723866,0.14119413,0.26736870,0.24534439,0.14841290,0.49698286,0.41263975,0.19964985,0.16205719,-0.08498234,0.01640309,0.05849098,0.11111503,0.12556968,0.49698286,0.85679944,0.97681319,0.91094665,0.41263975,0.58501697,0.57715785,0.19964985,0.27297236,0.16205719,0.71510435,0.44139444,0.31980882,0.32113976,0.29579965
134,0.13937072,0.23444820,0.40356437,0.43312831,0.45688681,-0.13787439,-0.65195264,-0.09587705,-0.56118734,0.05139279,0.15694386,0.13878844,0.25513823,0.23315535,0.16191565,0.16535045,0.73784847,0.20493805,0.13819432,-0.07256119,0.05734964,0.05803371,0.10985123,0.12423850,0.16535045,0.83212344,0.95462524,0.90662817,0.73784847,0.88291544,0.84226372,0.20493805,0.26734067,0.13819432,0.70421128,0.67327416,0.32131320,0.31365055,0.29482424
135,0.15075722,0.23224948,0.41289425,0.43814976,0.45210904,-0.15259446,-0.68690961,-0.09448217,-0.59920748,0.03879171,0.15571690,0.13821414,0.24212518,0.25071505,0.15300705,0.17379138,0.77261991,0.20803619,0.14878655,-0.07436452,0.01657889,0.05822229,0.10514969,0.12019273,0.17379138,0.86511076,0.98072857,0.94506337,0.77261991,0.91004909,0.87915583,0.20803619,0.29158044,0.14878655,0.74247307,0.71329953,0.32184653,0.30272627,0.30408600
136,0.14396214,0.18198624,0.41208277,0.44195212,0.45800002,-0.12704571,-0.59287498,-0.09498762,-0.69293245,0.03773213,0.15644995,0.14342196,0.22038168,0.24585390,0.13665106,0.20475639,0.86879647,0.22904326,0.13822973,-0.11448687,-0.00373852,0.05871258,0.10437569,0.11975580,0.20475639,0.76887400,0.86883573,0.83942062,0.86879647,0.99615679,0.96583387,0.22904326,0.31299461,0.13822973,0.65610982,0.81915356,0.34128077,0.28428378,0.28938543
137,0.13432921,0.19071294,0.42022432,0.44948757,0.47129225,-0.17913477,-0.55886510,-0.10036747,-0.65021443,0.01754090,0.13656737,0.13646606,0.19781784,0.24243667,0.11897694,0.22487034,0.80409433,0.22481099,0.13840773,-0.11861148,0.04677459,0.05918900,0.10528143,0.12077880,0.22487034,0.72638542,0.82690335,0.81203961,0.80409433,0.92937430,0.90773249,0.22481099,0.31653006,0.13840773,0.62054052,0.76553889,0.30719999,0.25802859,0.27512676
138,0.14118063,0.18051033,0.42007386,0.44533190,0.46511753,-0.10967754,-0.49131500,-0.10528005,-0.65870610,0.00924265,0.04392092,0.13843069,0.20487115,0.24186319,0.12499943,0.26775232,0.71905874,0.27174544,0.13973824,-0.13845895,0.06653875,0.05931836,0.10473349,0.12036516,0.26775232,0.55876774,0.74229589,0.71936060,0.71905874,0.93938484,0.91757831,0.27174544,0.33448892,0.13973824,0.53653464,0.77500814,0.29673275,0.27334334,0.28039004
139,0.15210659,0.18494281,0.42098636,0.44354743,0.45967287,-0.12249847,-0.48183470,-0.11881052,-0.65816048,-0.00362576,-0.06667899,0.14412751,0.20191873,0.24819881,0.11316253,0.27418345,0.61370483,0.35369447,0.14285176,-0.14767588,0.02703602,0.05826428,0.10332373,0.11861922,0.27418345,0.44188265,0.73854902,0.71190044,0.61370483,0.94579734,0.91712300,0.35369447,0.37831293,0.14285176,0.53860432,0.78821067,0.30817953,0.27754039,0.28519388
140,0.15598233,0.20249202,0.42527902,0.44685456,0.46469094,-0.09803611,-0.49663918,-0.14065505,-0.62094002,-0.03069551,-0.13125748,0.14600928,0.20116921,0.25481263,0.11750310,0.23070218,0.51267061,0.40811469,0.14071286,-0.15247715,0.06952993,0.05904750,0.10362123,0.11926427,0.23070218,0.38112885,0.74280786,0.71582558,0.51267061,0.90928176,0.88750937,0.40811469,0.42303387,0.14071286,0.53893290,0.73865764,0.30166481,0.27276637,0.29213951
141,0.14316029,0.20426127,0.42319282,0.44876420,0.47115407,-0.18730357,-0.55249241,-0.16503452,-0.58791792,0.00103887,0.02583992,0.13310375,0.20381802,0.24156124,0.11382253,0.18333674,0.64059811,0.27344779,0.14643206,-0.12274137,0.09876077,0.05947415,0.10532834,0.12095964,0.18333674,0.61647164,0.82354720,0.79861782,0.64059811,0.87890205,0.85732920,0.27344779,0.32490415,0.14643206,0.60823491,0.70413377,0.27380580,0.26812954,0.27674200
142,0.15354221,0.20936800,0.42218687,0.44413789,0.46216653,-0.21923450,-0.57369152,-0.16557058,-0.57882392,0.00197065,0.09095607,0.12636051,0.22350521,0.24044204,0.12287848,0.19028300,0.69590507,0.23572044,0.15538152,-0.10732450,0.07607923,0.05920030,0.10478479,0.12035168,0.19028300,0.70693886,0.87061074,0.83904228,0.69590507,0.88615310,0.85415363,0.23572044,0.30152748,0.15538152,0.63633972,0.69590593,0.27717668,0.28001607,0.28164450
143,0.15032640,0.21387575,0.41972599,0.44413805,0.46901825,-0.23338379,-0.53540527,-0.16449696,-0.56653446,0.00787379,0.10042355,0.12630939,0.23351104,0.22983321,0.12166090,0.19599926,0.69422320,0.23066861,0.15574744,-0.10343193,0.11630973,0.05811512,0.10607243,0.12094927,0.19599926,0.68663779,0.85046232,0.80828786,0.69422320,0.88245210,0.83614805,0.23066861,0.28568958,0.15574744,0.60503074,0.68027079,0.27205034,0.28593397,0.27039994
144,0.15988006,0.22327774,0.42587168,0.45131364,0.47193983,-0.24001980,-0.56621638,-0.18389779,-0.55115294,-0.00031302,0.16966436,0.11530242,0.23487457,0.22827796,0.10946300,0.17519102,0.74856533,0.18305327,0.17002926,-0.07293924,0.09912971,0.05794604,0.10747356,0.12209959,0.17519102,0.77818538,0.87750370,0.82468847,0.74856533,0.86689953,0.81207878,0.18305327,0.27810516,0.17002926,0.62880981,0.65225330,0.27177566,0.27550181,0.26157802
145,0.15184064,0.20402795,0.42992597,0.44895780,0.47555496,-0.25099656,-0.53973232,-0.18758704,-0.55699258,0.00184147,0.16649011,0.11831829,0.24670930,0.22568341,0.11088889,0.16049604,0.74996787,0.18142012,0.17479555,-0.05311033,0.12965685,0.05795981,0.10966265,0.12403724,0.16049604,0.75554290,0.86915161,0.80794210,0.74996787,0.87653004,0.80894571,0.18142012,0.26861777,0.17479555,0.60392945,0.63811039,0.25448412,0.28474336,0.25734938
146,0.14766009,0.17178982,0.42418844,0.44540404,0.47429441,-0.25824902,-0.54250475,-0.19176215,-0.56724240,-0.00556178,0.16264017,0.11390182,0.24232926,0.22145187,0.11180305,0.14318171,0.75437460,0.18273365,0.17122831,-0.05201628,0.15236254,0.05840966,0.11042843,0.12492448,0.14318171,0.75367725,0.86910256,0.81327146,0.75437460,0.87895220,0.81518126,0.18273365,0.27138115,0.17122831,0.61250285,0.64634065,0.25966175,0.28227324,0.25585001
147,0.13675554,0.13860893,0.42081220,0.44375656,0.47357199,-0.30261379,-0.51665226,-0.20085702,-0.59986332,0.00869000,0.18323500,0.12009197,0.24771257,0.21804925,0.11599418,0.20234537,0.81199192,0.17240246,0.16589619,-0.05235129,0.15400050,0.05975829,0.11109918,0.12615102,0.20234537,0.77345771,0.87349323,0.81995475,0.81199192,0.92056026,0.84987958,0.17240246,0.25998051,0.16589619,0.60506603,0.67695446,0.26724670,0.28657962,0.25317334
148,0.14978483,0.15975133,0.42758816,0.45125241,0.47863690,-0.27002616,-0.51985068,-0.20785598,-0.57453323,-0.00371681,0.16376991,0.11248869,0.24439167,0.21268294,0.11390948,0.17718591,0.76786965,0.17893972,0.16712186,-0.04408054,0.14157315,0.06010945,0.11092454,0.12616417,0.17718591,0.74088005,0.85464931,0.79746195,0.76786965,0.89434744,0.82937612,0.17893972,0.26200126,0.16712186,0.59140547,0.65565957,0.24667330,0.27924463,0.24549982
149,0.15442731,0.15498494,0.42692304,0.45321469,0.47607534,-0.25366148,-0.54638325,-0.21964424,-0.57517210,-0.01297903,0.16842847,0.10781011,0.23087350,0.20949163,0.09694888,0.10587091,0.77267303,0.17233363,0.16951387,-0.03786754,0.14007550,0.06073838,0.11238016,0.12774369,0.10587091,0.75654827,0.85847927,0.79564723,0.77267303,0.88167904,0.81419676,0.17233363,0.26610830,0.16951387,0.61376477,0.65169307,0.24438383,0.26443781,0.23603785
150,0.14977110,0.14770723,0.42917380,0.45278886,0.47579927,-0.27325213,-0.54904041,-0.23006876,-0.57374496,-0.02030773,0.15856080,0.10273016,0.23377543,0.20545432,0.09779592,0.10004227,0.76281952,0.17555921,0.17197918,-0.03855631,0.14805175,0.06030985,0.11121514,0.12651516,0.10004227,0.75289062,0.87007887,0.80835834,0.76281952,0.88462283,0.81693630,0.17555921,0.26428918,0.17197918,0.62627742,0.65405913,0.23587780,0.26566981,0.23301610
151,0.13547007,0.17167640,0.42809958,0.44592992,0.46977660,-0.32899110,-0.49427866,-0.21353565,-0.55560976,-0.01427112,0.14503628,0.10819419,0.25490022,0.21018535,0.11719069,0.18114885,0.72962449,0.19275936,0.17381168,-0.04285619,0.13502023,0.06043474,0.11020686,0.12568974,0.18114885,0.71747697,0.86757200,0.81652077,0.72962449,0.88354208,0.81333659,0.19275936,0.26062635,0.17381168,0.60252036,0.63732725,0.23634528,0.28984737,0.24720671
152,0.14570167,0.16482808,0.42855351,0.44758084,0.46843842,-0.31569635,-0.50808917,-0.22441926,-0.55928099,-0.01762941,0.16974516,0.10566229,0.25274173,0.20778027,0.11215444,0.15322053,0.75915610,0.17727582,0.17497315,-0.03899754,0.13544907,0.06012191,0.11027602,0.12560034,0.15322053,0.74344087,0.87024378,0.81321319,0.75915610,0.88800692,0.81493178,0.17727582,0.26049941,0.17497315,0.60851319,0.64276514,0.24659856,0.28577107,0.24382349
153,0.13194195,0.17826781,0.43251720,0.45280364,0.47184602,-0.34426564,-0.50081142,-0.22742724,-0.56082431,-0.01589179,0.14866199,0.10723266,0.24010100,0.20519595,0.09769809,0.19140896,0.74203628,0.18255435,0.17453410,-0.03880307,0.14099103,0.06027403,0.10883506,0.12441073,0.19140896,0.73321706,0.86769684,0.81319040,0.74203628,0.88073010,0.80673890,0.18255435,0.25819849,0.17453410,0.61448345,0.64745395,0.23407805,0.27517736,0.23427315
154,0.14202766,0.17450298,0.43211762,0.45140276,0.47117252,-0.34019995,-0.51546693,-0.23999203,-0.57494861,-0.01945866,0.14179872,0.11335524,0.25382639,0.21637507,0.10122751,0.17239772,0.75115848,0.20312457,0.18593551,-0.04421463,0.14522281,0.06141950,0.10736375,0.12369046,0.17239772,0.73612642,0.89330090,0.83206793,0.75115848,0.91311938,0.83422210,0.20312457,0.27287892,0.18593551,0.62704473,0.66601908,0.23954542,0.29124534,0.24653329
155,0.14166541,0.18917151,0.43317839,0.45141912,0.47328496,-0.34676875,-0.48615944,-0.24369044,-0.53610207,-0.02605400,0.14711144,0.10813140,0.24963427,0.20797996,0.09069870,0.17665132,0.71867425,0.19519279,0.18976103,-0.04275462,0.16032039,0.06104140,0.10805340,0.12410314,0.17665132,0.71504818,0.86513985,0.80130664,0.71867425,0.87325489,0.79198915,0.19519279,0.27162750,0.18976103,0.60487683,0.63250202,0.23574528,0.28485772,0.23383814
156,0.13558158,0.17331462,0.43723494,0.45511783,0.47484858,-0.36531654,-0.45813032,-0.25032891,-0.53057789,-0.02490603,0.16148049,0.10452417,0.24134940,0.20293169,0.09310521,0.19168737,0.72982005,0.17553284,0.17956196,-0.04118341,0.16895829,0.06023683,0.10919657,0.12470913,0.19168737,0.71165003,0.84265020,0.79226273,0.72982005,0.86124999,0.78853294,0.17553284,0.26282471,0.17956196,0.59119429,0.62438780,0.22875176,0.27280955,0.22844203
157,0.14805570,0.18398804,0.43393577,0.45226745,0.46884007,-0.35733510,-0.47623607,-0.24177161,-0.53425424,-0.01839438,0.18148057,0.10979152,0.25623605,0.21654929,0.10550983,0.17861939,0.75164437,0.17311727,0.18550503,-0.04001122,0.14594852,0.06001267,0.10758427,0.12319049,0.17861939,0.74325035,0.86895139,0.81796682,0.75164437,0.87672403,0.80294303,0.17311727,0.26886187,0.18550503,0.60337789,0.62670309,0.24812620,0.28975714,0.24869327
158,0.14334122,0.14351976,0.43814874,0.45402076,0.47412578,-0.35056368,-0.47950537,-0.25020830,-0.55944251,-0.02609144,0.16984267,0.10788922,0.25643778,0.20642912,0.10353570,0.18437616,0.76414219,0.18064568,0.18308042,-0.03771822,0.17892825,0.06041275,0.10811352,0.12384762,0.18437616,0.73141898,0.86707290,0.80649116,0.76414219,0.90008516,0.81855345,0.18064568,0.26379373,0.18308042,0.59753846,0.64387368,0.23122052,0.28686997,0.23612915
159,0.14768085,0.14732533,0.43643320,0.45345921,0.47210174,-0.36899355,-0.48041501,-0.25559707,-0.55803558,-0.02463936,0.17314444,0.10884725,0.25576784,0.21129172,0.09056518,0.18931922,0.76796765,0.18132910,0.19609244,-0.02853945,0.15370753,0.05983642,0.10666462,0.12230183,0.18931922,0.74391545,0.87767097,0.81460516,0.76796765,0.90158626,0.81484458,0.18132910,0.27579900,0.19609244,0.61113405,0.64905153,0.24285708,0.28863656,0.23568229
160,0.14717333,0.15842451,0.43691273,0.45266476,0.46955936,-0.33676283,-0.48300470,-0.25590168,-0.53306822,-0.02303212,0.19220923,0.10815711,0.25501174,0.20463361,0.09396372,0.14095260,0.76271720,0.16589539,0.18887544,-0.02763989,0.16093904,0.05902497,0.10859522,0.12359963,0.14095260,0.74741948,0.86187307,0.79197636,0.76271720,0.87612809,0.79030842,0.16589539,0.26755992,0.18887544,0.59574633,0.62252288,0.24871271,0.28733237,0.23194570
161,0.16072200,0.15356647,0.43923752,0.44994097,0.46576312,-0.32841639,-0.54485408,-0.26555901,-0.53650773,-0.02931846,0.19236984,0.10732548,0.28129900,0.21161206,0.10355503,0.09023159,0.76716001,0.18171689,0.20676290,-0.02514532,0.14284318,0.05870237,0.10737818,0.12237664,0.09023159,0.79601024,0.93560065,0.84682983,0.76716001,0.90658274,0.80973962,0.18171689,0.27451005,0.20676290,0.65014808,0.63060531,0.25192643,0.31146035,0.24385554
162,0.16348058,0.29682505,0.43913299,0.44857843,0.46032410,-0.32854447,-0.54891263,-0.26665358,-0.39723997,-0.03935478,0.20387574,0.09701437,0.30524587,0.20019797,0.12318674,0.17260329,0.64325577,0.18645718,0.20991378,-0.00926084,0.15943893,0.05803441,0.10708360,0.12179856,0.17260329,0.80686246,0.95561872,0.85774802,0.64325577,0.79792045,0.70954054,0.18645718,0.26942724,0.20991378,0.65522542,0.51705195,0.26725125,0.33310022,0.24673930
163,0.16274105,0.20956350,0.43901741,0.44741754,0.46136753,-0.31692980,-0.56493974,-0.26999206,-0.48437352,-0.03529342,0.19055390,0.09495986,0.29180350,0.19465203,0.10086120,0.09461112,0.71476786,0.17734480,0.21684555,0.00090955,0.17981224,0.05900194,0.10794370,0.12301655,0.09461112,0.80628177,0.95288885,0.84454556,0.71476786,0.86159434,0.75486074,0.17734480,0.26273570,0.21684555,0.66846427,0.58335904,0.25405632,0.32250573,0.23145517
164,0.16398151,0.34150490,0.43552078,0.44210398,0.45735851,-0.33198860,-0.56418444,-0.24619145,-0.34157124,-0.04249859,0.20383822,0.08559447,0.30492861,0.18900234,0.09829980,0.24101537,0.58240647,0.17760542,0.23313493,0.01626439,0.18385460,0.05806390,0.10745657,0.12214062,0.24101537,0.82098711,0.96558694,0.84680901,0.58240647,0.73167314,0.62964203,0.17760542,0.27379423,0.23313493,0.67452764,0.46481315,0.27626770,0.33575192,0.22770901
165,0.15556468,0.23598321,0.43603135,0.44262619,0.45695712,-0.32934420,-0.57144860,-0.27235615,-0.45862318,-0.04067183,0.18626772,0.08678347,0.29591172,0.18673863,0.10480862,0.12775976,0.68531695,0.17948827,0.21742213,0.00740693,0.20523143,0.05868946,0.10749809,0.12247568,0.12775976,0.81088943,0.96353845,0.85460102,0.68531695,0.83880366,0.73367806,0.17948827,0.25793136,0.21742213,0.67967401,0.56382084,0.25733515,0.32740319,0.22944855
166,0.16591559,0.37898939,0.43540329,0.44674927,0.45920062,-0.33164625,-0.56616174,-0.22182226,-0.23378508,-0.04012252,0.20488047,0.09336008,0.30417491,0.19881643,0.11872233,0.35397952,0.47643307,0.18307379,0.21472621,0.00554974,0.18332819,0.05870132,0.10703264,0.12207306,0.35397952,0.82441996,0.97062006,0.87069769,0.47643307,0.63414157,0.56641543,0.18307379,0.27326052,0.21472621,0.67675667,0.38927051,0.27501303,0.33431353,0.24442573
167,0.16496454,0.30363449,0.43572221,0.44819238,0.46134243,-0.33133254,-0.56392017,-0.24680174,-0.40326859,-0.03563362,0.19371474,0.09777037,0.28572516,0.20211176,0.09942955,0.18388282,0.63343151,0.17822484,0.21544028,0.00659791,0.19086057,0.05868412,0.10487513,0.12017744,0.18388282,0.81340442,0.95379549,0.85592203,0.63343151,0.77560581,0.68435206,0.17822484,0.27565711,0.21544028,0.67509831,0.51202173,0.26722541,0.32019291,0.23829070
168,0.17134330,0.39512756,0.43596881,0.45007885,0.46440331,-0.32299424,-0.58485952,-0.23810474,-0.21383779,-0.03542799,0.22701407,0.09615332,0.30827244,0.19462024,0.09192498,0.38327408,0.48622449,0.17533357,0.23925027,0.00029889,0.17234367,0.05703654,0.10509619,0.11957582,0.38327408,0.86140656,0.98899762,0.85743391,0.48622449,0.63033900,0.54834121,0.17533357,0.28848952,0.23925027,0.68939270,0.38557293,0.29413788,0.33835623,0.22755547
169,0.17472507,0.29015412,0.43623271,0.44802243,0.45894239,-0.33951878,-0.58814368,-0.27186196,-0.40700024,-0.04369147,0.21653600,0.09568745,0.31670974,0.19599805,0.11214592,0.19884119,0.66413950,0.18937198,0.22924202,-0.00671795,0.17602921,0.05750372,0.10278011,0.11777278,0.19884119,0.85791117,1.00524758,0.88467466,0.66413950,0.81722435,0.70913351,0.18937198,0.28186978,0.22924202,0.69753328,0.53087984,0.29183250,0.34887916,0.24140209
170,0.17844175,0.23642285,0.43636158,0.44735967,0.45601212,-0.36172440,-0.56577559,-0.29335453,-0.45647066,-0.04745741,0.22015775,0.09848734,0.31799605,0.20540685,0.11666481,0.14069670,0.72001177,0.19525113,0.22860845,-0.00308432,0.17445922,0.05756560,0.10038567,0.11571984,0.14069670,0.84763883,0.99722061,0.88917767,0.72001177,0.87328310,0.76820691,0.19525113,0.29176457,0.22860845,0.68869208,0.58151764,0.29983441,0.35148509,0.25483248
171,0.17448165,0.26698405,0.43676895,0.44584236,0.45448776,-0.36065755,-0.55107977,-0.29777428,-0.41482902,-0.05553231,0.22093510,0.08949400,0.32264351,0.19598254,0.11785917,0.15371472,0.68036744,0.19104835,0.23177451,0.00675027,0.18094315,0.05711417,0.10142500,0.11640043,0.15371472,0.83061629,0.98380869,0.87260081,0.68036744,0.83646219,0.73282685,0.19104835,0.28716251,0.23177451,0.67667770,0.54437234,0.29276399,0.35316181,0.24623201
172,0.18337459,0.19332670,0.43769681,0.44945811,0.45672456,-0.33960226,-0.54712416,-0.29668883,-0.49889453,-0.04827575,0.21875750,0.09267585,0.30944499,0.19973712,0.10712568,0.07259473,0.75956791,0.18222180,0.22951761,-0.00089089,0.16682514,0.05838119,0.10201983,0.11754322,0.07259473,0.81963164,0.96091740,0.85075068,0.75956791,0.90133945,0.79010848,0.18222180,0.28596280,0.22951761,0.66262918,0.61057212,0.28422693,0.33917670,0.24263025
173,0.17328751,0.33988959,0.43847559,0.44942213,0.45778641,-0.35549012,-0.57384793,-0.29357182,-0.34823526,-0.05973317,0.21515905,0.08448208,0.31352029,0.19049549,0.09675579,0.23746443,0.61025886,0.18914320,0.24173851,0.00086891,0.19597870,0.05766251,0.10101878,0.11631749,0.23746443,0.84292383,0.99171927,0.86717283,0.61025886,0.76751787,0.66590579,0.18914320,0.29028816,0.24173851,0.69383855,0.49789003,0.28880143,0.34293775,0.23414631
174,0.18403193,0.25367691,0.43806781,0.44938206,0.45673464,-0.34745967,-0.56359832,-0.30234456,-0.43852860,-0.05518309,0.22026250,0.09010245,0.30885615,0.20083126,0.10375787,0.14086008,0.70379449,0.18542401,0.23365450,-0.00302143,0.16904863,0.05743942,0.10075624,0.11597890,0.14086008,0.83716292,0.97695103,0.86570177,0.70379449,0.84882319,0.74722343,0.18542401,0.29533546,0.23365450,0.67947936,0.56869268,0.29225552,0.34012364,0.24479889
175,0.16614332,0.14761096,0.44063596,0.44550692,0.45646941,-0.34613321,-0.54362421,-0.32547062,-0.49113059,-0.05733783,0.20520036,0.08533085,0.30637387,0.17677648,0.08625643,0.05817882,0.74618480,0.18350643,0.23980262,0.00198709,0.21587656,0.05767987,0.10238541,0.11751485,0.05817882,0.80264348,0.95433326,0.82181250,0.74618480,0.89909345,0.77011117,0.18350643,0.27505090,0.23980262,0.66239793,0.61248055,0.26817676,0.33565646,0.21273589
176,0.17893818,0.36159946,0.43676653,0.44754391,0.45835561,-0.34756890,-0.54687403,-0.27618936,-0.29943840,-0.05727073,0.22438519,0.08286680,0.31704379,0.18711879,0.11084023,0.26106629,0.56825606,0.18316335,0.23212295,0.01323637,0.18915791,0.05676208,0.10245000,0.11712360,0.26106629,0.82428874,0.96675134,0.85110163,0.56825606,0.72004502,0.63031280,0.18316335,0.28578909,0.23212295,0.66693701,0.45413786,0.29103770,0.34359331,0.23211678
177,0.17657668,0.18074575,0.44053166,0.44835878,0.45537363,-0.34337968,-0.54123861,-0.29897028,-0.51240276,-0.05286146,0.20452028,0.08948448,0.30069472,0.18995068,0.09855289,0.05512256,0.75801672,0.18157996,0.22679732,0.00046584,0.17742166,0.05914212,0.10164735,0.11760091,0.05512256,0.80039771,0.94800531,0.83602611,0.75801672,0.90348208,0.78734555,0.18157996,0.27696875,0.22679732,0.65902472,0.61671205,0.26626267,0.33028780,0.22892288
178,0.17659987,0.37576966,0.43894583,0.44815106,0.45585195,-0.34244824,-0.56617181,-0.27992585,-0.25219756,-0.05972297,0.22026215,0.08832827,0.31297526,0.18892143,0.09711255,0.32205033,0.52157500,0.18851756,0.23925343,0.00610415,0.19098933,0.05892092,0.10125538,0.11715088,0.32205033,0.83587905,0.98050696,0.85336667,0.52157500,0.68042285,0.59531161,0.18851756,0.29290467,0.23925343,0.68090578,0.42456897,0.28908439,0.34221627,0.22828645
179,0.17689847,0.38757896,0.43793760,0.45059565,0.45996850,-0.34862019,-0.53896360,-0.24461999,-0.21613627,-0.04919850,0.23029341,0.09221258,0.31041857,0.19594871,0.10861143,0.34491760,0.48856631,0.18153471,0.22771052,-0.00162851,0.18433369,0.05775365,0.10224641,0.11743003,0.34491760,0.82594916,0.95842607,0.84917052,0.48856631,0.63567482,0.56365692,0.18153471,0.29136698,0.22771052,0.65914555,0.38954165,0.29508570,0.33803088,0.23718197
180,0.18302224,0.34593227,0.43554264,0.44914657,0.45887136,-0.34153194,-0.54910023,-0.27477439,-0.31243150,-0.05596831,0.22859744,0.08928778,0.30911579,0.19741139,0.10099334,0.24969006,0.58403335,0.18255461,0.23557941,0.00169353,0.18613630,0.05764221,0.10079143,0.11611002,0.24969006,0.82872998,0.96185376,0.84795908,0.58403335,0.72699648,0.63905674,0.18255461,0.30013619,0.23557941,0.66657932,0.46387474,0.29787423,0.33901652,0.23734404
181,0.17414138,0.27128302,0.43469763,0.44402507,0.45531399,-0.35025389,-0.54474809,-0.30402621,-0.37803448,-0.06147919,0.22806677,0.08453702,0.32637181,0.18775061,0.11108884,0.17854212,0.65287785,0.18979303,0.23980795,-0.00495916,0.20240659,0.05814956,0.10044717,0.11606466,0.17854212,0.82580201,0.97421625,0.85020447,0.65287785,0.80832119,0.70097154,0.18979303,0.29076360,0.23980795,0.66384171,0.52097285,0.29823243,0.35497547,0.23544292
182,0.16827575,0.40000858,0.43516749,0.44804881,0.45818345,-0.35055360,-0.52852282,-0.23068999,-0.03608620,-0.06083545,0.24483827,0.07883441,0.33114850,0.17940628,0.12494998,0.51071538,0.33105708,0.18255996,0.23002937,0.00157741,0.22196452,0.05744084,0.10264112,0.11762079,0.51071538,0.82609508,0.96278768,0.84481612,0.33105708,0.49567709,0.46209483,0.18255996,0.28533701,0.23002937,0.65227037,0.31769006,0.30570257,0.35283351,0.23148493
183,0.17346516,0.36321632,0.43277208,0.44043464,0.45112736,-0.35197734,-0.52071991,-0.30749756,-0.29858343,-0.08242538,0.20948226,0.05025943,0.30699587,0.15848957,0.09883745,0.22684109,0.55579471,0.17525050,0.23572104,0.01415360,0.21132211,0.05543577,0.10198368,0.11607668,0.22684109,0.77836615,0.92218798,0.80695737,0.55579471,0.70692729,0.61957621,0.17525050,0.27773974,0.23572104,0.65054413,0.46464403,0.28117706,0.32945689,0.20549133
184,0.17493891,0.32963068,0.42848193,0.43652402,0.44856076,-0.35403848,-0.49923234,-0.32195270,-0.34101418,-0.08873657,0.21327654,0.04777748,0.30464446,0.16384786,0.11059023,0.16364583,0.60145842,0.17484434,0.22669190,0.01164467,0.21885620,0.05594183,0.10265091,0.11690465,0.16364583,0.76045945,0.89979543,0.80233038,0.60145842,0.74740968,0.66898758,0.17484434,0.28305523,0.22669190,0.63122697,0.50280213,0.28689609,0.32748628,0.21894733
185,0.17236018,0.23005609,0.42639726,0.43406009,0.44449576,-0.38259714,-0.48781688,-0.35443957,-0.39847792,-0.09714486,0.21381071,0.04301120,0.30870879,0.15934953,0.11085038,0.10048176,0.66423187,0.18015556,0.23025373,0.00554672,0.21570134,0.05572418,0.10151021,0.11579942,0.10048176,0.75792066,0.90380599,0.80933021,0.66423187,0.81440991,0.72907100,0.18015556,0.28772728,0.23025373,0.63786854,0.56496113,0.29357628,0.33204556,0.21663811
186,0.17198299,0.10358010,0.42848951,0.43180041,0.44314420,-0.39510133,-0.49454676,-0.36207704,-0.46550132,-0.08215903,0.21108400,0.05927288,0.31951114,0.17387424,0.12066382,0.09181139,0.73220793,0.18903347,0.23033118,-0.00936056,0.22413256,0.05709664,0.09922651,0.11448112,0.09181139,0.77584346,0.93240025,0.83799609,0.73220793,0.89335709,0.79879463,0.18903347,0.28378771,0.23033118,0.64210388,0.61909134,0.29295551,0.34737131,0.23549842
187,0.17955437,0.26164653,0.42758347,0.43535197,0.44542189,-0.38350867,-0.50232919,-0.35835188,-0.38271502,-0.08879166,0.23147812,0.06065313,0.33049579,0.17301227,0.12250402,0.13617283,0.67112893,0.19327641,0.23700425,-0.01215793,0.19785481,0.05574762,0.09869429,0.11335061,0.13617283,0.79165622,0.94451059,0.83834578,0.67112893,0.83262166,0.74169817,0.19327641,0.29725840,0.23700425,0.64922241,0.56427111,0.30984309,0.35470135,0.23300535
188,0.18973416,0.18753540,0.43032885,0.43837503,0.44562350,-0.37540119,-0.52949156,-0.34543655,-0.46388062,-0.08470336,0.22467937,0.07000641,0.32978918,0.19113536,0.11726673,0.10984272,0.73631649,0.20099725,0.24504154,-0.02398629,0.19454746,0.05878217,0.09505628,0.11176332,0.10984272,0.81170680,0.96785984,0.85990418,0.73631649,0.89954232,0.79678923,0.20099725,0.30881719,0.24504154,0.66087608,0.61437086,0.31194702,0.35975230,0.25027211
189,0.18344754,0.32311165,0.42782185,0.43905600,0.44641098,-0.36760849,-0.48612947,-0.34220497,-0.27855215,-0.09985569,0.23640211,0.05285943,0.31616348,0.16791216,0.12410936,0.21901650,0.56963613,0.18622265,0.22426661,-0.00740443,0.20388333,0.05692134,0.09892064,0.11412857,0.21901650,0.77164335,0.90627888,0.81301947,0.56963613,0.72022164,0.65877151,0.18622265,0.30222570,0.22426661,0.62564391,0.48712974,0.31486374,0.33947498,0.23090271
190,0.18351466,0.15010737,0.42967867,0.43517622,0.44283690,-0.38876400,-0.49194041,-0.36063529,-0.45603152,-0.09428367,0.21552218,0.05489020,0.31641600,0.17778762,0.11555111,0.09709795,0.72246063,0.19229499,0.23615074,-0.02343968,0.21268732,0.05858745,0.09695682,0.11328333,0.09709795,0.77057798,0.92220112,0.83068889,0.72246063,0.88007564,0.79037006,0.19229499,0.30212266,0.23615074,0.63687448,0.61398466,0.30409201,0.34471389,0.23772640
191,0.18040899,0.13245601,0.42840664,0.43806312,0.44546277,-0.38243938,-0.47736511,-0.37189653,-0.44815500,-0.09920977,0.23401100,0.05405585,0.31201150,0.15876932,0.08784782,0.06398033,0.73476626,0.18491761,0.24872356,-0.00521273,0.21374617,0.05729461,0.09844829,0.11390670,0.06398033,0.76688055,0.90237339,0.78418055,0.73476626,0.87513958,0.76175380,0.18491761,0.31088536,0.24872356,0.62723862,0.61409182,0.31242796,0.33645625,0.20176592
192,0.17661773,0.13353055,0.42659132,0.43216418,0.44055116,-0.40045530,-0.49453838,-0.38549528,-0.42673474,-0.10240614,0.23814661,0.04694363,0.33103801,0.15850819,0.11551637,0.08752452,0.72264114,0.18685371,0.24335419,-0.00833601,0.23384283,0.05628842,0.09737343,0.11247209,0.08752452,0.79290866,0.93904467,0.82781660,0.72264114,0.87462515,0.77217500,0.18685371,0.29949033,0.24335419,0.65041330,0.60497363,0.32124044,0.35752769,0.22419629
193,0.18426595,0.20270842,0.42878084,0.43666653,0.44396200,-0.40015676,-0.50310510,-0.37217804,-0.40094414,-0.11500394,0.22860941,0.03847245,0.34088540,0.15433092,0.11705534,0.12355136,0.68006353,0.20322565,0.25258332,-0.01137093,0.23165510,0.05645163,0.09573396,0.11113855,0.12355136,0.78763395,0.95123231,0.83236568,0.68006353,0.85120684,0.74424690,0.20322565,0.30459716,0.25258332,0.65720597,0.58256583,0.32299939,0.36524655,0.22216383
194,0.18915078,0.11517627,0.42799506,0.43263899,0.43851127,-0.39402481,-0.50895812,-0.39353723,-0.49953435,-0.13353025,0.19992731,0.03337328,0.33866906,0.15065372,0.10503002,0.04655291,0.74660386,0.22547145,0.26256579,-0.00436961,0.25199146,0.05803786,0.09388408,0.11037488,0.04655291,0.75841434,0.94932087,0.82092459,0.74660386,0.94139613,0.81575371,0.22547145,0.31158624,0.26256579,0.65758756,0.66097436,0.31532973,0.36911552,0.21855363
195,0.18660889,0.15093898,0.42955827,0.43581750,0.44247838,-0.39238150,-0.49777294,-0.38642769,-0.44778670,-0.11636750,0.23061806,0.04535991,0.33460695,0.16366670,0.10487714,0.08482944,0.73018900,0.20312429,0.25906238,-0.01463559,0.23342749,0.05737203,0.09428026,0.11036448,0.08482944,0.78220903,0.94048390,0.82008039,0.73018900,0.89579988,0.78393815,0.20312429,0.31824539,0.25906238,0.64584054,0.62193188,0.32394334,0.36182188,0.22410252
196,0.18423967,0.18192352,0.42622511,0.42986684,0.43808396,-0.40174962,-0.48345084,-0.38666142,-0.39330770,-0.13113589,0.22906971,0.02757895,0.33600624,0.14439117,0.11613857,0.10314999,0.67282004,0.20056363,0.24977094,-0.00672996,0.24801123,0.05564249,0.09484158,0.10995914,0.10314999,0.76409915,0.92513099,0.81144602,0.67282004,0.84046180,0.73957887,0.20056363,0.30832303,0.24977094,0.64433788,0.58315338,0.32858935,0.36342456,0.21847923
197,0.17776982,0.06257491,0.43353273,0.43182373,0.43813865,-0.47849621,-0.44384852,-0.42002926,-0.51815754,-0.13684146,0.21933795,0.01976941,0.31567071,0.13600635,0.09397385,0.11211098,0.79022595,0.19041062,0.25187136,0.00801057,0.26107406,0.05601218,0.09185120,0.10758256,0.11211098,0.75021843,0.90885908,0.81662097,0.79022595,0.94319681,0.82902765,0.19041062,0.31008378,0.25187136,0.66135165,0.68763678,0.31857544,0.34455421,0.19788591
198,0.20430031,0.07147337,0.43241913,0.43266845,0.43526879,-0.44649574,-0.44662125,-0.41610313,-0.53674004,-0.13327888,0.25416116,0.02441776,0.33598938,0.14103362,0.09632374,0.12025244,0.84008545,0.18663417,0.26787776,0.00452850,0.23222605,0.05706014,0.09102016,0.10742686,0.12025244,0.77270584,0.91391204,0.80000154,0.84008545,0.97850981,0.84611561,0.18663417,0.32743702,0.26787776,0.63965928,0.70138777,0.34439960,0.36226259,0.20122056
199,0.21098487,0.06242562,0.43754980,0.43493008,0.43807407,-0.45273923,-0.43967134,-0.42302735,-0.55093717,-0.13616356,0.27017408,0.02222182,0.33512466,0.14453161,0.09884024,0.13759104,0.86978039,0.17665373,0.26722893,-0.01884042,0.21348222,0.05622667,0.09059595,0.10662581,0.13759104,0.78105718,0.90940669,0.80423943,0.86978039,0.99252048,0.86532179,0.17665373,0.33592040,0.26722893,0.63934367,0.71696681,0.35178256,0.36230499,0.20728960
200,0.20840075,0.07394113,0.43580023,0.43380936,0.43410099,-0.48411421,-0.44488997,-0.45784571,-0.54362516,-0.14898686,0.28119880,0.00941359,0.35029116,0.12980594,0.12208978,0.13046814,0.88075826,0.17831837,0.25873700,-0.02261546,0.22113214,0.05458036,0.08950399,0.10483310,0.13046814,0.80406901,0.93673069,0.83593107,0.88075826,1.00951912,0.89005511,0.17831837,0.32718606,0.25873700,0.66517709,0.73366443,0.36787893,0.37757289,0.21553659
201,0.20554268,0.11623284,0.42877576,0.43008090,0.43262275,-0.46322865,-0.42710569,-0.44491572,-0.43980537,-0.15165683,0.28033179,0.00072692,0.34792041,0.12058172,0.11903887,0.07265101,0.77757172,0.17804929,0.25858569,-0.01127697,0.22142807,0.05354867,0.09327890,0.10755656,0.07265101,0.77571619,0.90328567,0.79948797,0.77757172,0.90752036,0.79882830,0.17804929,0.32480109,0.25858569,0.64191153,0.65435229,0.36974399,0.36964947,0.20431028
202,0.20995610,0.07636110,0.42623762,0.42411442,0.42687713,-0.46171497,-0.43265768,-0.45839228,-0.49181080,-0.16435919,0.28021227,-0.00951175,0.35706672,0.11398336,0.12212025,0.08326091,0.82621305,0.18188577,0.26578465,-0.00205364,0.23347071,0.05374847,0.09232136,0.10682758,0.08326091,0.77564557,0.91014136,0.79950446,0.82621305,0.96126954,0.84136092,0.18188577,0.32774660,0.26578465,0.64411198,0.69571722,0.37700481,0.38176837,0.20624074
203,0.19741846,0.09825752,0.42593822,0.42688866,0.42795532,-0.44614316,-0.41893542,-0.44998153,-0.43213200,-0.16281507,0.27544825,-0.01027184,0.34441650,0.10828169,0.12418499,0.07905934,0.76363270,0.17648134,0.25046000,0.00318848,0.25544211,0.05310062,0.09478692,0.10864730,0.07905934,0.75391851,0.87928541,0.77616528,0.76363270,0.89418843,0.79120813,0.17648134,0.31802165,0.25046000,0.62024953,0.64895002,0.36611176,0.36555401,0.19750234
204,0.18460348,0.07564628,0.42696727,0.42694868,0.43037610,-0.46592045,-0.41814822,-0.47596504,-0.44646275,-0.16692513,0.27528321,-0.01672428,0.33512660,0.10067155,0.11240597,0.07937477,0.78518433,0.16845545,0.25208394,0.01007371,0.28402837,0.05290830,0.09521114,0.10892405,0.07937477,0.75969758,0.87776901,0.77656162,0.78518433,0.90730728,0.80459982,0.16845545,0.31895002,0.25208394,0.63266248,0.67306316,0.36610247,0.35878533,0.18934907
205,0.17406044,0.11998896,0.42643119,0.42528577,0.42714993,-0.49411676,-0.40615510,-0.49318324,-0.41452540,-0.17552897,0.28322736,-0.01964570,0.34188239,0.09801365,0.13024424,0.09574185,0.76666579,0.17352284,0.24223464,0.00643860,0.28775972,0.05245620,0.09513620,0.10863954,0.09574185,0.76586600,0.88725208,0.80016102,0.76666579,0.89354293,0.80557515,0.17352284,0.31824940,0.24223464,0.64409968,0.66661284,0.37629999,0.36494933,0.20217204
206,0.16724658,0.26851397,0.42035722,0.42511497,0.42665598,-0.46978384,-0.41688258,-0.47011816,-0.26866778,-0.17679041,0.28367800,-0.02859915,0.35106189,0.08155774,0.13516311,0.17015829,0.62541444,0.17323491,0.24248884,0.02127104,0.32463082,0.05088091,0.09752068,0.10999613,0.17015829,0.76351813,0.88588690,0.78032061,0.62541444,0.76354823,0.68732202,0.17323491,0.30534287,0.24248884,0.63662097,0.57301740,0.38130150,0.37349309,0.19642646
207,0.18325287,0.29494985,0.41653887,0.41875384,0.42222678,-0.45638623,-0.41079254,-0.50139450,-0.24669440,-0.20145642,0.29184034,-0.04728374,0.36043958,0.06564988,0.13894392,0.17848216,0.61644793,0.17821380,0.24866632,0.03025233,0.32552396,0.05077278,0.09707150,0.10954794,0.17848216,0.74904288,0.87306131,0.75822283,0.61644793,0.76073523,0.68900867,0.17821380,0.31392542,0.24866632,0.63125208,0.59360974,0.40481457,0.38881365,0.20348777
208,0.16389628,0.27284345,0.42355547,0.42277874,0.42666966,-0.49738320,-0.36110462,-0.51041425,-0.31248099,-0.20139339,0.27660865,-0.05093361,0.34640782,0.06149973,0.12857543,0.06991313,0.66566949,0.17001287,0.24515347,0.04713593,0.39954683,0.04973956,0.09800811,0.10990729,0.06991313,0.70682738,0.83735102,0.74378011,0.66566949,0.80338308,0.72240232,0.17001287,0.30436888,0.24515347,0.62133926,0.61451109,0.37938228,0.37229947,0.18873126
209,0.16702266,0.38677089,0.42141229,0.41862728,0.42497429,-0.43169610,-0.40674629,-0.37495123,0.00172950,-0.19503240,0.27110411,-0.06242840,0.34418942,0.04362434,0.12346501,0.41317042,0.32401613,0.15555439,0.24517138,0.05487586,0.39296771,0.04873237,0.10118842,0.11231180,0.41317042,0.71871325,0.83682311,0.71223655,0.32401613,0.46449435,0.43777972,0.15555439,0.28464083,0.24517138,0.60709359,0.40561522,0.37117713,0.37191318,0.17386393
210,0.16636392,0.39738471,0.42549286,0.42134284,0.42626676,-0.44319812,-0.34756817,-0.36916084,-0.01797726,-0.19814838,0.25662887,-0.06091410,0.33201967,0.03563625,0.12890620,0.33917115,0.32359736,0.15854823,0.22490445,0.04279322,0.40978366,0.04851194,0.10073427,0.11180698,0.33917115,0.65312116,0.77984544,0.67559891,0.32359736,0.46669616,0.43105432,0.15854823,0.26777745,0.22490445,0.57277639,0.39333018,0.35411596,0.35742239,0.17655483
211,0.14416410,0.38092671,0.42385298,0.42030339,0.41982883,-0.49014155,-0.28848629,-0.41508461,-0.12991283,-0.22021432,0.25045941,-0.07844439,0.33258507,0.02006288,0.15146737,0.18139134,0.42830308,0.16404595,0.20626720,0.06230285,0.45204353,0.04681910,0.10051567,0.11088475,0.18139134,0.60730310,0.74804127,0.67754681,0.42830308,0.57238383,0.51885089,0.16404595,0.25987794,0.20626720,0.57089984,0.44534768,0.35572399,0.36071085,0.19537141
212,0.14375432,0.41338296,0.42516358,0.42433870,0.41999862,-0.45601698,-0.35233707,-0.31218893,0.15631261,-0.19159943,0.27591237,-0.07469127,0.32550324,0.01332868,0.15730882,0.53090507,0.16992120,0.12886521,0.18990421,0.05833430,0.45320846,0.04489506,0.10123416,0.11074259,0.53090507,0.68381830,0.77843025,0.69387841,0.16992120,0.29207638,0.32572232,0.12886521,0.23736492,0.18990421,0.58068979,0.36949472,0.35883094,0.34986620,0.19210427
213,0.16140713,0.41145781,0.42088207,0.41730806,0.40507587,-0.41181805,-0.36463492,-0.31857532,0.12163219,-0.19807794,0.28139538,-0.07290104,0.34359577,-0.00406811,0.16735613,0.49570478,0.20024806,0.14123354,0.18926937,0.06687129,0.40573286,0.04635546,0.10098804,0.11111892,0.49570478,0.68119388,0.78522620,0.67047322,0.20024806,0.33134106,0.31790986,0.14123354,0.22556116,0.18926937,0.56059817,0.36573122,0.37137039,0.37098902,0.20854716
214,0.14894421,0.40966059,0.41874309,0.41281805,0.40398222,-0.44978062,-0.32419718,-0.32028087,0.15174820,-0.19637087,0.29519248,-0.07273465,0.35868063,0.00792500,0.16611478,0.49433693,0.18990937,0.14101994,0.20885496,0.05890723,0.42475153,0.04664678,0.10090603,0.11116631,0.49433693,0.67069670,0.78032577,0.67090991,0.18990937,0.32287722,0.32901053,0.14101994,0.24346280,0.20885496,0.56345003,0.37859117,0.38296269,0.38543433,0.20229221
215,0.15795706,0.40504331,0.41475976,0.41173485,0.40854303,-0.44927917,-0.34446117,-0.33329707,0.16493753,-0.18799304,0.34245293,-0.06754282,0.39010148,0.00899618,0.14491304,0.52259736,0.23084068,0.13307527,0.25705928,0.08193771,0.45622873,0.04561860,0.09876909,0.10879517,0.52259736,0.73594999,0.82787247,0.67045300,0.23084068,0.34834871,0.34320453,0.13307527,0.28192695,0.25705928,0.57776752,0.39340955,0.41995918,0.41475345,0.18423929
216,0.15874906,0.37875703,0.41042170,0.40461744,0.40213751,-0.43794384,-0.36554624,-0.42398986,0.01859301,-0.20340881,0.32613866,-0.06568304,0.39964016,0.02404791,0.15778002,0.38449471,0.38134563,0.16018802,0.25813947,0.10093236,0.47362370,0.04779354,0.09926363,0.11017028,0.38449471,0.73134752,0.85093608,0.69811297,0.38134563,0.52316149,0.46916197,0.16018802,0.28658729,0.25813947,0.58446146,0.44058390,0.41831419,0.42509669,0.19954505
217,0.16121523,0.34780412,0.41481905,0.41127881,0.40572116,-0.42376973,-0.38587468,-0.47478155,-0.10280807,-0.18679974,0.30705166,-0.04866299,0.37507214,0.03437193,0.14536330,0.28766562,0.50311783,0.15923471,0.24434849,0.09588325,0.47811982,0.04864432,0.09888632,0.11020333,0.28766562,0.73354376,0.84837957,0.70152206,0.50311783,0.64030281,0.56641538,0.15923471,0.27802575,0.24434849,0.58679964,0.50066578,0.39680224,0.39915172,0.19213555
218,0.15847168,0.36120409,0.41132333,0.40810463,0.40574582,-0.41921792,-0.38614297,-0.44716357,-0.01964808,-0.18032977,0.32127143,-0.04500053,0.37482590,0.04061027,0.14180940,0.36786142,0.43423900,0.15398968,0.24836352,0.08831572,0.46152515,0.04917356,0.09983250,0.11128597,0.36786142,0.74824360,0.84800652,0.70018748,0.43423900,0.56357777,0.51437268,0.15398968,0.29048277,0.24836352,0.58358178,0.46906515,0.40744750,0.39726812,0.18768876
219,0.15420037,0.35155159,0.41752720,0.41214975,0.41014700,-0.40430442,-0.41932692,-0.45291390,-0.08439457,-0.19076079,0.29093583,-0.05341703,0.36935425,0.04535417,0.13721181,0.33844213,0.45938922,0.16403938,0.25243430,0.09092376,0.47760033,0.04941718,0.10001081,0.11155367,0.33844213,0.74267768,0.86322860,0.71562183,0.45938922,0.60457992,0.54551525,0.16403938,0.28656583,0.25243430,0.59622749,0.47814844,0.38543816,0.39274857,0.18381022
220,0.16003881,0.29919596,0.41675077,0.41187018,0.41133415,-0.41597377,-0.40653017,-0.48770928,-0.19012858,-0.19005472,0.28079819,-0.05032185,0.35994815,0.05050947,0.12327686,0.22798381,0.56000903,0.16625692,0.25747863,0.10278689,0.48365427,0.05048297,0.09975180,0.11179871,0.22798381,0.72566362,0.84932725,0.70590852,0.56000903,0.70291192,0.62282617,0.16625692,0.29252907,0.25747863,0.59182456,0.53455475,0.37720322,0.38345524,0.17373740
221,0.15733427,0.30598375,0.41564802,0.40831763,0.41028235,-0.40802380,-0.39533947,-0.49978882,-0.17315508,-0.20208427,0.27644907,-0.05364339,0.37021224,0.05085056,0.12797825,0.24040415,0.54120831,0.17981857,0.26417252,0.10079325,0.48045733,0.05073996,0.10051237,0.11259343,0.24040415,0.70398938,0.84360915,0.69606849,0.54120831,0.70309885,0.62763576,0.17981857,0.29797986,0.26417252,0.57975177,0.54081871,0.37752964,0.39288974,0.17396579
222,0.15532674,0.35286461,0.41225412,0.40606891,0.40579349,-0.40577721,-0.38957262,-0.47613567,-0.08127463,-0.19754566,0.29492285,-0.05220021,0.36886092,0.04743835,0.14093028,0.31624165,0.46924190,0.16942696,0.24884051,0.08389068,0.45789257,0.04998686,0.10183035,0.11343768,0.31624165,0.71635847,0.83686526,0.69793729,0.46924190,0.61848762,0.56912580,0.16942696,0.29406986,0.24884051,0.57654768,0.50013825,0.39024770,0.39022877,0.18480734
223,0.15093250,0.35223712,0.41437597,0.40623509,0.40677050,-0.40494050,-0.38209973,-0.46680309,-0.10514111,-0.19850044,0.27862804,-0.05641786,0.36437314,0.04583559,0.14004172,0.28395027,0.46938257,0.17199033,0.24667737,0.07857858,0.46884298,0.04982705,0.10276602,0.11420853,0.28395027,0.69351313,0.82383164,0.68989734,0.46938257,0.62371540,0.56864325,0.17199033,0.28595309,0.24667737,0.56984433,0.49614863,0.37922928,0.38727863,0.18396354
224,0.15027755,0.40178035,0.41674870,0.40779906,0.40586956,-0.40547299,-0.38310232,-0.32912339,0.15222087,-0.18006464,0.32074639,-0.04898177,0.37215281,0.04374018,0.14417635,0.54074040,0.22589903,0.14774805,0.24644728,0.08837600,0.43415214,0.04965921,0.10424582,0.11546960,0.54074040,0.73934115,0.83551981,0.69369080,0.22589903,0.35700049,0.37481734,0.14774805,0.29083960,0.24644728,0.57425829,0.38743569,0.39982163,0.39169685,0.18031629
225,0.15229316,0.39667442,0.42061073,0.41549158,0.41021093,-0.40760273,-0.39815838,-0.36509932,0.08146298,-0.19123431,0.30721899,-0.05297773,0.36363616,0.04548811,0.15074280,0.48155919,0.28607436,0.15548302,0.23465582,0.08232713,0.44839196,0.04948457,0.10374444,0.11494186,0.48155919,0.73854741,0.84035669,0.71195286,0.28607436,0.42114603,0.41711778,0.15548302,0.28813220,0.23465582,0.58248907,0.39550507,0.39319782,0.38371789,0.18859678
226,0.15258897,0.38916995,0.41935511,0.41225136,0.40504414,-0.40372687,-0.41625602,-0.39513400,0.02000454,-0.19567800,0.29802436,-0.05226600,0.36519279,0.03877765,0.16745085,0.43642195,0.34322410,0.16191908,0.21773553,0.07673997,0.42497664,0.04992681,0.10294843,0.11441619,0.43642195,0.74479106,0.85684820,0.73248360,0.34322410,0.48657987,0.45841255,0.16191908,0.27103864,0.21773553,0.59225250,0.41601441,0.38896766,0.38849163,0.20822614
227,0.16045740,0.41046642,0.42227748,0.41656091,0.40779248,-0.40196586,-0.39665321,-0.31014221,0.15645093,-0.17855227,0.31977324,-0.04688650,0.36924254,0.03760521,0.15709284,0.56067636,0.21022127,0.14388665,0.22839183,0.07067562,0.39823333,0.04817062,0.10218720,0.11297182,0.56067636,0.75056196,0.84438536,0.70733699,0.21022127,0.33888463,0.34833144,0.14388665,0.27271243,0.22839183,0.58191820,0.37412354,0.39698879,0.39195553,0.20050437
228,0.17062803,0.41219795,0.41890802,0.41737581,0.40790949,-0.44471511,-0.34611440,-0.33818010,0.14551018,-0.20177688,0.32324328,-0.06766706,0.37361649,0.03032228,0.17025642,0.50303529,0.22530991,0.14705047,0.22588710,0.07187210,0.38717432,0.04722731,0.10090492,0.11141015,0.50303529,0.71248955,0.81256356,0.70185304,0.22530991,0.35397249,0.36974879,0.14705047,0.28105143,0.22588710,0.57800023,0.39003376,0.41049364,0.39804945,0.20562783
229,0.16653104,0.40837466,0.41930173,0.41553445,0.41085226,-0.43085931,-0.32511288,-0.35792797,0.09871064,-0.20192059,0.30525942,-0.06526691,0.35328791,0.03136326,0.16796973,0.43008815,0.25891894,0.14787115,0.20939429,0.04369201,0.35508551,0.04810092,0.10341662,0.11405567,0.43008815,0.67065834,0.77118796,0.67715585,0.25891894,0.38860652,0.39707903,0.14787115,0.27401904,0.20939429,0.55914013,0.39695749,0.39427284,0.37779629,0.20002994
230,0.16848470,0.37976810,0.41369736,0.40393743,0.41070895,-0.43305161,-0.29415554,-0.42068249,-0.11623766,-0.22717685,0.26427953,-0.09282823,0.35807341,0.00331969,0.16798434,0.17835129,0.42772631,0.16385014,0.21335976,0.04765670,0.38666420,0.04908480,0.10644541,0.11721750,0.17835129,0.59572152,0.73606818,0.63574433,0.42772631,0.57720263,0.51065720,0.16385014,0.25009882,0.21335976,0.53291884,0.44742656,0.37030832,0.39047236,0.20250127
231,0.16866324,0.38409319,0.40949001,0.40679036,0.41135177,-0.42768516,-0.29188800,-0.41881425,-0.05868676,-0.23411136,0.23137616,-0.11666516,0.33312112,-0.02363686,0.18082387,0.23337010,0.34434824,0.15561131,0.17909372,0.04431023,0.38151428,0.04953573,0.10703884,0.11794533,0.23337010,0.55822161,0.69819022,0.62188179,0.34434824,0.49487494,0.46212456,0.15561131,0.21771590,0.17909372,0.53130517,0.43942511,0.35666371,0.37580565,0.21506517
232,0.14805355,0.38753913,0.38392853,0.39029039,0.41008680,-0.44283530,-0.24296309,-0.35420067,0.10827770,-0.23300799,0.23241376,-0.12478195,0.31767503,-0.01358740,0.19887563,0.36238352,0.17349406,0.13933573,0.16430034,0.02937171,0.33351848,0.05035026,0.11387806,0.12451250,0.36238352,0.51975142,0.64463974,0.61685063,0.17349406,0.31120083,0.35493381,0.13933573,0.22619619,0.16430034,0.52115356,0.39529023,0.35755108,0.36144640,0.22135453
233,0.15622007,0.38755319,0.39955736,0.39663866,0.41187607,-0.40413552,-0.26117155,-0.36964571,0.04863699,-0.22106920,0.20042850,-0.10748975,0.30110697,-0.01199382,0.19203070,0.31255700,0.21286567,0.15239236,0.14549591,0.01531230,0.32669534,0.05098785,0.11498194,0.12578000,0.31255700,0.49665448,0.63575105,0.59955199,0.21286567,0.36501096,0.38739795,0.15239236,0.21085329,0.14549591,0.49567203,0.39888646,0.32461413,0.33947404,0.21767237
234,0.14843404,0.37408361,0.38267061,0.38379364,0.40753019,-0.42228638,-0.23975083,-0.37514432,-0.00405479,-0.21589996,0.19109207,-0.09600170,0.28775130,0.00965961,0.21351574,0.24343139,0.25214718,0.15606126,0.12945079,0.01007609,0.30912699,0.05298899,0.11714571,0.12857274,0.24343139,0.47847649,0.62026018,0.62616613,0.25214718,0.40550702,0.44444118,0.15606126,0.22925188,0.12945079,0.49699305,0.40197161,0.31735974,0.32179191,0.23526419
235,0.17078433,0.36796280,0.40444860,0.40260738,0.42085656,-0.39058536,-0.26765448,-0.41669097,-0.14750474,-0.19915579,0.20594104,-0.06272490,0.29231652,0.05313890,0.21042853,0.13893026,0.41554408,0.16507561,0.14237793,-0.01740446,0.27673312,0.05480107,0.11370398,0.12622105,0.13893026,0.51270508,0.64896273,0.65227274,0.41554408,0.56724460,0.59442325,0.16507561,0.25652593,0.14237793,0.48437021,0.47243715,0.32153816,0.31915407,0.23888236
236,0.18189136,0.28086919,0.40505426,0.40022399,0.42449534,-0.39009189,-0.32152968,-0.41539344,-0.31145646,-0.20913813,0.23768509,-0.06906076,0.34562446,0.05059571,0.20871544,0.06335952,0.58701966,0.18131989,0.18377017,-0.03215694,0.25751714,0.05529911,0.11455876,0.12720732,0.06335952,0.58880267,0.74039277,0.69019684,0.58701966,0.74537343,0.70401217,0.18131989,0.26972040,0.18377017,0.52020833,0.54948717,0.35370146,0.37157512,0.23324976
237,0.18125884,0.35599242,0.41802790,0.42005928,0.43866986,-0.31302975,-0.37084393,-0.35415798,-0.24492387,-0.17480360,0.19787194,-0.04413557,0.27556515,0.07885247,0.15612333,0.15047938,0.47890758,0.15850684,0.17432670,-0.02493429,0.26413616,0.05943011,0.11615942,0.13047969,0.15047938,0.58650372,0.70014026,0.65783504,0.47890758,0.61086172,0.60034045,0.15850684,0.26819850,0.17432670,0.49850456,0.46880914,0.30463830,0.29891934,0.19050991
238,0.21376212,0.08621743,0.42455735,0.41746651,0.43528369,-0.30248625,-0.41821234,-0.32777605,-0.47753639,-0.15595663,0.21989388,-0.01297434,0.32793528,0.11946332,0.18152366,0.11820215,0.71945648,0.18751757,0.20029317,-0.04922756,0.20689820,0.06248601,0.11136778,0.12769998,0.11820215,0.65727720,0.80035071,0.73395140,0.71945648,0.87014408,0.80702805,0.18751757,0.29196674,0.20029317,0.52856047,0.61711949,0.31972983,0.34832778,0.23259429
239,0.19609713,0.14402825,0.43914246,0.44754182,0.45007974,-0.34268078,-0.46182043,-0.35973844,-0.43716419,-0.13066181,0.25531648,0.01355517,0.29237150,0.15436051,0.16391049,0.13072787,0.73214769,0.16441633,0.19275155,-0.02405299,0.17285223,0.06328449,0.10943811,0.12641846,0.13072787,0.75053194,0.83411360,0.79987152,0.73214769,0.83025510,0.80735338,0.16441633,0.31509263,0.19275155,0.58095942,0.60375075,0.32193085,0.30251763,0.23016673
240,0.19643366,0.07335785,0.43021276,0.43790057,0.44139737,-0.33989124,-0.47280108,-0.36811895,-0.49430804,-0.13997944,0.26784874,0.00748927,0.32520415,0.14997305,0.19187051,0.16496856,0.79769775,0.17685477,0.19955967,-0.03283881,0.16734917,0.06307506,0.10957335,0.12643093,0.16496856,0.77402183,0.87066384,0.82587866,0.79769775,0.91187423,0.87823781,0.17685477,0.32315629,0.19955967,0.58766023,0.66152420,0.35284457,0.34123961,0.25113426
241,0.17588262,0.05247520,0.43842304,0.44128525,0.44474940,-0.39684559,-0.48886748,-0.35758278,-0.53607143,-0.13809976,0.23549344,0.00812483,0.31323437,0.13593378,0.17796681,0.12476245,0.80305333,0.17666403,0.18807644,-0.04183581,0.18978452,0.06166773,0.10972177,0.12586411,0.12476245,0.77246258,0.89858750,0.85371768,0.80305333,0.92998724,0.87712841,0.17666403,0.29372902,0.18807644,0.63534806,0.67278607,0.31435580,0.32723178,0.23378613
242,0.16889399,0.06159203,0.44253685,0.44757545,0.45520832,-0.33673547,-0.51227311,-0.34678414,-0.51226594,-0.11477808,0.23093382,0.02113210,0.29929688,0.14786010,0.16426178,0.13724693,0.78072312,0.16308737,0.18752663,-0.03349832,0.19478888,0.06374483,0.11439682,0.13095815,0.13724693,0.77965024,0.88719938,0.83223762,0.78072312,0.89867262,0.85072964,0.16308737,0.28498747,0.18752663,0.61575621,0.64851874,0.29189970,0.31001341,0.22626035
243,0.17085116,0.11709185,0.44068384,0.44787612,0.45557499,-0.31660663,-0.51035132,-0.29625621,-0.55062678,-0.09917888,0.19567830,0.03915909,0.27856726,0.15548725,0.12341928,0.10020367,0.77278938,0.17018993,0.19598397,-0.02885543,0.20719363,0.06619664,0.11619888,0.13373172,0.10020367,0.74058909,0.86542864,0.79087025,0.77278938,0.89915177,0.82026387,0.17018993,0.27735889,0.19598397,0.60735950,0.65064604,0.26166901,0.29482650,0.20734408
244,0.16559661,0.09537808,0.44199614,0.44643841,0.46042383,-0.34616128,-0.51111678,-0.28463518,-0.56705578,-0.08466542,0.19231161,0.05906316,0.28948423,0.17507898,0.14102365,0.13408874,0.78604718,0.18381148,0.19000747,-0.04581891,0.19382452,0.06570103,0.11706811,0.13424443,0.13408874,0.75371188,0.89735931,0.83499323,0.78604718,0.92790133,0.85278362,0.18381148,0.27814988,0.19000747,0.62215170,0.66025898,0.25667945,0.30790787,0.23324603
245,0.16829464,0.10558818,0.44051778,0.44831813,0.45741431,-0.32913285,-0.54629277,-0.28460841,-0.53975669,-0.08793253,0.18116430,0.05842280,0.27844622,0.17263451,0.13670698,0.09221596,0.74806676,0.18830815,0.18361907,-0.04976863,0.18597508,0.06606440,0.11677972,0.13417156,0.09221596,0.76777576,0.91151858,0.84874106,0.74806676,0.89307108,0.82621789,0.18830815,0.27980804,0.18361907,0.64708394,0.63903949,0.25427203,0.29768949,0.22917542
246,0.16365167,0.10738903,0.43731798,0.44385510,0.45757996,-0.35996117,-0.54007506,-0.28367782,-0.55098317,-0.07937636,0.18139289,0.06263600,0.28066049,0.17478017,0.14063154,0.11284625,0.76090668,0.18704626,0.18132392,-0.04971676,0.17828256,0.06553870,0.11663026,0.13378318,0.11284625,0.77592230,0.92330885,0.86673317,0.76090668,0.90638816,0.83931257,0.18704626,0.27500540,0.18132392,0.65819196,0.64872892,0.25608305,0.30190532,0.23372750
247,0.15517412,0.10015521,0.43796117,0.44460080,0.45847645,-0.36314187,-0.53513709,-0.28111062,-0.56017953,-0.07226595,0.18152999,0.06596865,0.28162900,0.17660889,0.14027137,0.11695867,0.77102951,0.18576421,0.18115114,-0.05038608,0.17124350,0.06545053,0.11749050,0.13449085,0.11695867,0.77521763,0.92286672,0.86577238,0.77102951,0.91608197,0.84600492,0.18576421,0.27052517,0.18115114,0.65582268,0.65446646,0.25334147,0.30231837,0.23432629
248,0.16551176,0.10767403,0.43506513,0.44748393,0.46118593,-0.34053268,-0.55257087,-0.26330339,-0.58406038,-0.05913126,0.19579839,0.08122039,0.28976402,0.19759267,0.14856270,0.13686904,0.80690265,0.19049800,0.18389367,-0.05120054,0.15730436,0.06496415,0.11602831,0.13297710,0.13686904,0.80289910,0.94213404,0.88445004,0.80690265,0.94732372,0.87702449,0.19049800,0.28190204,0.18389367,0.65723910,0.67476987,0.27034616,0.31372841,0.25702490
249,0.16236262,0.12129460,0.43707986,0.44923998,0.46392708,-0.32091871,-0.56895818,-0.26423689,-0.59025418,-0.05803973,0.17621956,0.08159273,0.27999041,0.19719023,0.13899851,0.10465144,0.79455056,0.19077192,0.18311111,-0.05389296,0.16292634,0.06485161,0.11588147,0.13279400,0.10465144,0.79171351,0.93998847,0.87850227,0.79455056,0.94341564,0.87293143,0.19077192,0.27495835,0.18311111,0.66343109,0.67729976,0.24833335,0.30427549,0.25115301
250,0.16468573,0.12022925,0.43702481,0.44814385,0.46443009,-0.30731776,-0.58401370,-0.24795486,-0.61703236,-0.05566704,0.19214718,0.08434572,0.30111459,0.19367058,0.13768395,0.11825324,0.83261768,0.19488961,0.19735818,-0.05679850,0.15342731,0.06548653,0.11714310,0.13420504,0.11825324,0.81799540,0.96817659,0.87943690,0.83261768,0.98371126,0.88501336,0.19488961,0.27325749,0.19735818,0.66792853,0.69435999,0.25679163,0.32286382,0.24592660
251,0.17757613,0.13042635,0.43131736,0.44748381,0.46202639,-0.30828911,-0.58730780,-0.24531411,-0.61072645,-0.04449313,0.20844848,0.09852533,0.31827420,0.21258347,0.15562992,0.14942189,0.84444759,0.20717545,0.19956990,-0.05066267,0.12753110,0.06435566,0.11555682,0.13226878,0.14942189,0.84337988,0.99281212,0.90780530,0.84444759,1.00091840,0.90741030,0.20717545,0.28905223,0.19956990,0.67058969,0.69786097,0.28595466,0.34475998,0.27247440
252,0.17252198,0.12870349,0.43382130,0.44538001,0.46031847,-0.29924346,-0.59496731,-0.23168763,-0.62137424,-0.04251494,0.20472978,0.09426215,0.31949696,0.20948213,0.16347733,0.15045905,0.84869812,0.19966974,0.19488303,-0.04205356,0.12830881,0.06451983,0.11656533,0.13323019,0.15045905,0.84433794,0.99553999,0.91352042,0.84869812,1.00480192,0.91337428,0.19966974,0.27740545,0.19488303,0.67157732,0.69817762,0.27138846,0.34344817,0.27346249
253,0.18789035,0.20461130,0.42869343,0.44750277,0.45934738,-0.26927393,-0.61442529,-0.24051300,-0.53794501,-0.04347775,0.23325611,0.09612882,0.34136021,0.21627269,0.17872718,0.15117092,0.79745776,0.20909584,0.20278192,-0.03230838,0.11485561,0.06384749,0.11642425,0.13278219,0.15117092,0.88074899,1.02379867,0.93125188,0.79745776,0.95514816,0.86790057,0.20909584,0.29439648,0.20278192,0.68046198,0.63672115,0.30559156,0.36367627,0.28804253
254,0.16344496,0.35569178,0.43295042,0.45080978,0.46855689,-0.25243970,-0.59887088,-0.22289152,-0.34419773,-0.04868016,0.21500874,0.07365455,0.30532141,0.18701101,0.15917409,0.26911831,0.58821999,0.17783254,0.18629305,-0.01528970,0.13662241,0.06411014,0.12361410,0.13924997,0.26911831,0.83945133,0.96336813,0.88051251,0.58821999,0.72887567,0.67072345,0.17783254,0.26790878,0.18629305,0.66378736,0.46388204,0.27395260,0.32188004,0.25025614
255,0.14876089,0.38297160,0.43697189,0.45066101,0.46912198,-0.25926938,-0.59750093,-0.22631581,-0.30040955,-0.06418217,0.19360195,0.06451659,0.29670840,0.17820970,0.12756380,0.30419065,0.52115471,0.18273535,0.20486341,0.00595053,0.18889481,0.06499681,0.12693781,0.14261063,0.30419065,0.81506807,0.95278628,0.85047282,0.52115471,0.67394701,0.60420558,0.18273535,0.27022608,0.20486341,0.66419453,0.41982546,0.25372471,0.31210468,0.22510227
256,0.14951968,0.39281438,0.43424389,0.45185832,0.47166781,-0.23016882,-0.59611092,-0.20987316,-0.24993484,-0.04958345,0.20012330,0.07238515,0.29198621,0.18636020,0.12747762,0.34715709,0.47939523,0.17135947,0.20145232,0.02150350,0.17849736,0.06483298,0.12828315,0.14373546,0.34715709,0.81678826,0.94364839,0.84408281,0.47939523,0.62220923,0.56495415,0.17135947,0.26665563,0.20145232,0.66264091,0.37854358,0.25620851,0.30987101,0.23154625
257,0.13990730,0.37823262,0.43362829,0.45126658,0.47236535,-0.23467096,-0.58004425,-0.21167473,-0.31315796,-0.04972120,0.18132848,0.07070245,0.27784097,0.17908732,0.10720657,0.26836081,0.52144328,0.17128923,0.20380928,0.02012392,0.18299775,0.06515100,0.13162862,0.14686983,0.26836081,0.78371846,0.91527113,0.81084902,0.52144328,0.66389309,0.58944247,0.17128923,0.26058986,0.20380928,0.64758198,0.41995268,0.23988572,0.29625578,0.21432399
258,0.13842061,0.38682760,0.43065875,0.44997514,0.47419804,-0.23617430,-0.59841819,-0.20257064,-0.24799384,-0.04406284,0.18965994,0.07635859,0.28258765,0.19090946,0.11425954,0.35232362,0.46694514,0.17289128,0.20587889,0.01932477,0.18193133,0.06447855,0.13034612,0.14542213,0.35232362,0.81147372,0.94066510,0.84180751,0.46694514,0.61117415,0.55540170,0.17289128,0.27128192,0.20587889,0.67082513,0.37988715,0.25674871,0.30486076,0.22910913
259,0.14085091,0.37025746,0.42913157,0.44853694,0.47064919,-0.23398277,-0.58959767,-0.20473657,-0.31343714,-0.03903254,0.19874967,0.07776852,0.28186432,0.18630335,0.11340465,0.27789646,0.53919835,0.16319063,0.20226419,0.02414160,0.17425978,0.06416920,0.13072129,0.14562191,0.27789646,0.81234969,0.93075622,0.82865698,0.53919835,0.66783321,0.59466616,0.16319063,0.26300328,0.20226419,0.66015204,0.42126793,0.25965167,0.30435663,0.22544366
260,0.14223000,0.24676297,0.42999337,0.44509890,0.46711240,-0.23865814,-0.58857919,-0.22555096,-0.48743396,-0.03314627,0.19549140,0.08397362,0.29293941,0.19294033,0.12055753,0.10262817,0.70962703,0.16981037,0.20518804,0.00883986,0.17877679,0.06456171,0.12883460,0.14410610,0.10262817,0.81055767,0.94180583,0.83603579,0.70962703,0.84409380,0.74631353,0.16981037,0.25741351,0.20518804,0.65631453,0.56545460,0.25734226,0.31748464,0.23700341
261,0.14261158,0.31978486,0.42840176,0.44832166,0.47310765,-0.22540314,-0.59658005,-0.20337346,-0.40473839,-0.02328929,0.19577559,0.08998613,0.27955110,0.19813507,0.10823940,0.19467503,0.62752511,0.16565058,0.20452970,0.01859817,0.16261473,0.06439721,0.12994160,0.14502352,0.19467503,0.81773089,0.93547385,0.83067015,0.62752511,0.75324909,0.66681115,0.16565058,0.26450557,0.20452970,0.65985046,0.49278549,0.25828843,0.30430964,0.23160680
262,0.14519033,0.35973925,0.42934487,0.45235739,0.47237314,-0.21481320,-0.58868496,-0.19302347,-0.32732948,-0.02926582,0.19454195,0.08288226,0.26779986,0.18996964,0.12287608,0.26376830,0.54831242,0.16170580,0.18163404,0.01886129,0.15656428,0.06425785,0.13216035,0.14695384,0.26376830,0.80497134,0.91234369,0.82793368,0.54831242,0.66854894,0.61027156,0.16170580,0.25701694,0.18163404,0.64915770,0.42830415,0.25302438,0.28858879,0.23082001
263,0.14231253,0.33819063,0.42644479,0.44308789,0.46077562,-0.23411443,-0.58018681,-0.20132879,-0.35640130,-0.02669921,0.20041923,0.08449008,0.29310926,0.19060390,0.15868687,0.22864391,0.58444922,0.16785829,0.17269786,0.00414000,0.15905470,0.06486306,0.13232755,0.14736959,0.22864391,0.80769339,0.93335617,0.85879952,0.58444922,0.71922595,0.66209193,0.16785829,0.24588765,0.17269786,0.64813832,0.45681732,0.26455089,0.31683298,0.25598392
264,0.14171677,0.34611854,0.42992062,0.44922004,0.46985916,-0.23210429,-0.58386046,-0.21266537,-0.35957442,-0.03643110,0.18393236,0.08165157,0.27865342,0.18803649,0.13613014,0.22701992,0.57234781,0.17524424,0.17970836,0.01051373,0.17804463,0.06509162,0.13100258,0.14628258,0.22701992,0.79234590,0.92246394,0.84196656,0.57234781,0.71329919,0.65426902,0.17524424,0.25628466,0.17970836,0.65136630,0.46361726,0.25144141,0.30098666,0.23821615
265,0.14646500,0.33097220,0.42774435,0.44607453,0.46755060,-0.23061206,-0.58521558,-0.21258320,-0.37793732,-0.02941976,0.19405028,0.08914238,0.28713134,0.19596630,0.13817682,0.20996498,0.60140465,0.17348057,0.18512734,0.00574143,0.17006885,0.06513210,0.12987555,0.14529229,0.20996498,0.80482427,0.93333566,0.84760265,0.60140465,0.73962423,0.67358833,0.17348057,0.25773076,0.18512734,0.65276974,0.47866430,0.26069469,0.31262868,0.24711706
266,0.14817724,0.28597775,0.42601135,0.44323291,0.46026644,-0.24726578,-0.58942189,-0.22200764,-0.44356500,-0.03372725,0.19742025,0.08399420,0.30555775,0.19140243,0.16052953,0.15113679,0.66845833,0.17861774,0.18147702,-0.00629456,0.16724199,0.06452813,0.12803196,0.14337385,0.15113679,0.81533846,0.95703829,0.87359838,0.66845833,0.81569075,0.74205670,0.17861774,0.24860156,0.18147702,0.66000188,0.53295606,0.26402434,0.33007034,0.26032755
267,0.14897827,0.33040156,0.42715105,0.44679420,0.46579796,-0.24391926,-0.59882641,-0.22650641,-0.39401650,-0.03991175,0.20111203,0.08045432,0.29634454,0.18765157,0.13949738,0.20648520,0.62428966,0.17399723,0.19154235,0.00118678,0.17551428,0.06395101,0.12665199,0.14188185,0.20648520,0.82557756,0.95633168,0.86276658,0.62428966,0.76337965,0.68848972,0.17399723,0.25864641,0.19154235,0.67086839,0.49592284,0.26712211,0.31978020,0.24264492
268,0.15594820,0.37900584,0.42651161,0.44676103,0.46603522,-0.23221687,-0.59801936,-0.19460267,-0.25246977,-0.03451991,0.21842431,0.08164763,0.31265264,0.18471060,0.13927413,0.34847519,0.49913096,0.16943716,0.20336383,0.00612365,0.16817794,0.06365146,0.12797799,0.14293312,0.34847519,0.84021413,0.96809144,0.85586191,0.49913096,0.64067342,0.56490575,0.16943716,0.25587431,0.20336383,0.66776660,0.38181889,0.27782090,0.33505996,0.23965613
269,0.15490916,0.30965723,0.43215265,0.44826315,0.46665576,-0.24090075,-0.60619712,-0.23372576,-0.41999478,-0.04276725,0.19519036,0.08100142,0.29874364,0.18976194,0.12029823,0.18635338,0.64446454,0.17792352,0.21058703,0.01877172,0.19278009,0.06409344,0.12434326,0.13989002,0.18635338,0.82571840,0.96499572,0.85291302,0.64446454,0.79039773,0.69712220,0.17792352,0.26431639,0.21058703,0.67746672,0.51505501,0.25893477,0.32227838,0.23355210
270,0.16317057,0.39054434,0.43220704,0.45163898,0.46870235,-0.25049911,-0.59560637,-0.21564978,-0.23006528,-0.04800905,0.20817319,0.07682705,0.30001696,0.18245008,0.12301864,0.36794346,0.47088486,0.17531497,0.20791905,0.01612118,0.18256501,0.06288546,0.12558094,0.14044626,0.36794346,0.82905338,0.95861193,0.84831118,0.47088486,0.61751856,0.55257651,0.17531497,0.26888694,0.20791905,0.67233126,0.37843408,0.27272924,0.32184242,0.22815388
271,0.16093142,0.37621878,0.43212653,0.45205774,0.46938708,-0.25505293,-0.60687254,-0.23516312,-0.31323179,-0.04784614,0.20484676,0.07986706,0.29974459,0.19287042,0.12406771,0.29578456,0.55207005,0.18201655,0.21005719,0.01361591,0.18987408,0.06376270,0.12343280,0.13892925,0.29578456,0.83777337,0.97114264,0.86521625,0.55207005,0.70030826,0.62920283,0.18201655,0.27694113,0.21005719,0.68291208,0.44498797,0.27382151,0.32214331,0.23828552
272,0.15148298,0.39506836,0.43650703,0.45239928,0.46888045,-0.26230953,-0.59213527,-0.23124573,-0.26881229,-0.05185269,0.20317647,0.07755193,0.29591906,0.18148795,0.11305769,0.32521697,0.50582763,0.17410147,0.21133539,0.01466320,0.19869511,0.06402389,0.12689670,0.14213314,0.32521697,0.82280338,0.95459883,0.83979237,0.50582763,0.65145287,0.57518597,0.17410147,0.26617517,0.21133539,0.66829409,0.39816609,0.25840361,0.31633877,0.22208423
273,0.15294260,0.23079326,0.43617237,0.44867593,0.46725782,-0.25148250,-0.60215486,-0.25057682,-0.49120856,-0.04401796,0.18244324,0.08350174,0.28790866,0.19170273,0.10717465,0.11097790,0.70465697,0.17996649,0.21202094,0.01422232,0.19609635,0.06473370,0.12537244,0.14109819,0.11097790,0.81163485,0.95449800,0.84303488,0.70465697,0.85139400,0.75119954,0.17996649,0.26499619,0.21202094,0.67491988,0.57698030,0.24762831,0.31322512,0.22953589
274,0.15651593,0.35815903,0.43121294,0.44950907,0.46799943,-0.27559636,-0.57162707,-0.24884199,-0.37146839,-0.04740668,0.20385695,0.07521943,0.29540429,0.18461002,0.11382561,0.20620242,0.61014285,0.17356791,0.21362389,0.01635643,0.19855209,0.06243480,0.12475279,0.13950398,0.20620242,0.80850445,0.93768521,0.83083822,0.61014285,0.74931425,0.66449263,0.17356791,0.27142386,0.21362389,0.65442684,0.49046327,0.27292483,0.31877883,0.22694769
275,0.16050833,0.35421987,0.43752520,0.45379387,0.46997765,-0.27194622,-0.58830067,-0.26574400,-0.38296166,-0.05151500,0.19725294,0.07529591,0.29038178,0.18240131,0.10810747,0.20611234,0.61884877,0.17366270,0.21249594,0.02015180,0.20473314,0.06288548,0.12437544,0.13936942,0.20611234,0.81590479,0.94798389,0.83738367,0.61884877,0.76064890,0.67481021,0.17366270,0.26772699,0.21249594,0.66768074,0.49866967,0.25696436,0.31123058,0.22076543
276,0.15887680,0.32292781,0.43773206,0.45487706,0.47007087,-0.27774170,-0.58904665,-0.27777502,-0.40469229,-0.05859371,0.19977427,0.06981757,0.29186720,0.17431966,0.09621921,0.18473457,0.64316161,0.17251255,0.22286655,0.01938501,0.22871545,0.06262553,0.12345387,0.13842982,0.18473457,0.81870434,0.94978869,0.82635814,0.64316161,0.78305263,0.68308033,0.17251255,0.27062152,0.22286655,0.66931887,0.51827307,0.25716600,0.31103915,0.20797369
277,0.16825184,0.19419572,0.43842249,0.44685669,0.46141757,-0.29347392,-0.58473373,-0.30543166,-0.48834255,-0.06059269,0.20356887,0.06554447,0.30895426,0.17074956,0.11505312,0.10284205,0.73396008,0.17631206,0.22178729,-0.00021125,0.24601770,0.06439142,0.11851403,0.13487709,0.10284205,0.82255367,0.96367539,0.84163142,0.73396008,0.88192131,0.77388771,0.17631206,0.26242605,0.22178729,0.66834512,0.60065263,0.27031210,0.33232950,0.22108109
278,0.17014020,0.14877154,0.43734109,0.44590843,0.45632541,-0.32270029,-0.56104883,-0.32410856,-0.50885232,-0.06646949,0.21231507,0.06652288,0.31882562,0.16424490,0.11758959,0.06030691,0.76587888,0.17917020,0.22492437,0.00084715,0.24947620,0.06373604,0.11588569,0.13225648,0.06030691,0.81572055,0.96223232,0.83613220,0.76587888,0.91633024,0.79723234,0.17917020,0.26154585,0.22492437,0.65873455,0.62233707,0.27593233,0.34307280,0.21894544
279,0.17499057,0.13149204,0.43824512,0.44155689,0.45274297,-0.32788788,-0.55808768,-0.33815149,-0.51100191,-0.07146558,0.20524861,0.06443909,0.32717988,0.16075397,0.12084698,0.05678059,0.76444501,0.19060913,0.22888977,0.00827912,0.24160844,0.06268707,0.11390587,0.13001621,0.05678059,0.80653991,0.96835108,0.83712399,0.76444501,0.93068090,0.80749235,0.19060913,0.25909400,0.22888977,0.65774769,0.63011865,0.27130407,0.35041706,0.21811060
280,0.18894296,0.22701497,0.43555756,0.44509079,0.44628642,-0.36474698,-0.54520131,-0.35778181,-0.41748349,-0.08464827,0.21959347,0.05207091,0.31372157,0.15110571,0.11620321,0.12880486,0.69387107,0.17582956,0.22165517,0.02894494,0.24819359,0.06318335,0.10969901,0.12659387,0.12880486,0.81580566,0.95478550,0.83928541,0.69387107,0.83865713,0.73874093,0.17582956,0.26829831,0.22165517,0.66806336,0.56779995,0.29220432,0.33823519,0.21415450
281,0.17881034,0.10350325,0.43090581,0.43407096,0.43724005,-0.38326871,-0.53473448,-0.40505102,-0.41892822,-0.11223315,0.22010409,0.03227028,0.32656937,0.12162443,0.09403848,0.11786323,0.70448341,0.18515341,0.24983242,0.03218745,0.27873510,0.06346132,0.10962209,0.12666626,0.11786323,0.80324791,0.95630446,0.80664589,0.70448341,0.86430229,0.73541351,0.18515341,0.27338113,0.24983242,0.67160129,0.59759082,0.30526501,0.35440362,0.19188815
282,0.18226082,0.22693698,0.43227811,0.43846182,0.43833879,-0.37353116,-0.53513614,-0.40112472,-0.36664782,-0.12858271,0.22921803,0.02182314,0.32227624,0.12038840,0.10538969,0.17096624,0.65670144,0.18349422,0.23886647,0.04035913,0.30609311,0.06433009,0.10887729,0.12646195,0.17096624,0.80437626,0.94418016,0.80895731,0.65670144,0.80840993,0.70377421,0.18349422,0.28584995,0.23886647,0.66445784,0.55968795,0.31725472,0.34775607,0.19498448
283,0.17580298,0.29619286,0.42738203,0.43498901,0.43466663,-0.37202120,-0.47822580,-0.40537607,-0.29358735,-0.13956951,0.23993485,0.00280204,0.32498887,0.09930089,0.12458511,0.18865695,0.59695806,0.17303301,0.22280775,0.05312708,0.33684597,0.06163188,0.11171155,0.12758511,0.18865695,0.75664898,0.88637157,0.76526360,0.59695806,0.74130180,0.65609208,0.17303301,0.27250039,0.22280775,0.61641368,0.51792173,0.32325701,0.34518597,0.18986864
284,0.16437580,0.34107220,0.41742110,0.42668310,0.42596805,-0.38033284,-0.48491268,-0.39421574,-0.14180573,-0.15760086,0.25462363,-0.01512658,0.33413668,0.08538303,0.14034671,0.34483109,0.46236854,0.17152259,0.21856813,0.06170111,0.38344375,0.06048353,0.11318225,0.12832957,0.34483109,0.77443892,0.89679043,0.77967087,0.46236854,0.60908933,0.55775653,0.17152259,0.27595381,0.21856813,0.62907793,0.44767598,0.35100874,0.35893546,0.20313724
285,0.16850352,0.37752880,0.41914509,0.42642638,0.42603311,-0.39110735,-0.47893309,-0.34508121,0.02695976,-0.15347810,0.28341984,-0.01845115,0.34157939,0.07772361,0.14222937,0.50954819,0.32040009,0.15701901,0.22165804,0.06401052,0.39294107,0.05995777,0.11219770,0.12721343,0.50954819,0.80029046,0.90117573,0.77835820,0.32040009,0.45545190,0.44154145,0.15701901,0.27908199,0.22165804,0.63280861,0.38761859,0.37293535,0.36683307,0.20199437
286,0.17166144,0.38007704,0.41970607,0.42770287,0.42585574,-0.38644827,-0.48621404,-0.34819675,0.03502860,-0.15451347,0.28564342,-0.01974165,0.34287697,0.07914131,0.14754227,0.52456218,0.31689023,0.15705986,0.21912273,0.05879384,0.38299470,0.06043205,0.11259142,0.12778443,0.52456218,0.80780798,0.90657046,0.78647565,0.31689023,0.45260692,0.44542538,0.15705986,0.27928663,0.21912273,0.63462075,0.39135527,0.37380749,0.36662260,0.20556727
287,0.17592683,0.35860222,0.41994363,0.42815139,0.42711373,-0.39398372,-0.47542683,-0.40489170,-0.13435933,-0.16281983,0.26779576,-0.02176684,0.33521974,0.08049144,0.15331842,0.34306020,0.47008173,0.16500093,0.20871351,0.05969331,0.37721942,0.05895972,0.11185997,0.12644723,0.34306020,0.78070986,0.89205227,0.78769460,0.47008173,0.60665733,0.56509930,0.16500093,0.27483395,0.20871351,0.62868114,0.45339099,0.36093316,0.35887053,0.21194008
288,0.17016180,0.38085318,0.42032363,0.42743642,0.42443908,-0.39071773,-0.48485492,-0.35164259,-0.00138202,-0.15179806,0.27124862,-0.01972024,0.32885920,0.07720878,0.15118201,0.48663441,0.33836718,0.15391741,0.20253095,0.06264178,0.37965539,0.06005045,0.11306612,0.12802345,0.48663441,0.79481133,0.89429853,0.78965152,0.33836718,0.46984609,0.45754011,0.15391741,0.26578076,0.20253095,0.63546718,0.38886951,0.35974168,0.35307874,0.20766815
289,0.16505454,0.38774823,0.41959445,0.42617335,0.42246458,-0.39437194,-0.47413217,-0.33173404,0.07820862,-0.15734567,0.27974677,-0.02501045,0.33713583,0.06906980,0.14550453,0.55661207,0.26677499,0.15256577,0.21380946,0.07469217,0.40017238,0.05940376,0.11278539,0.12747295,0.55661207,0.79129182,0.89144332,0.77406608,0.26677499,0.40318335,0.40944635,0.15256577,0.27032509,0.21380946,0.63101443,0.37741902,0.36506553,0.36017034,0.19639419
290,0.16198804,0.37555528,0.42189793,0.42657278,0.42360439,-0.41308407,-0.47880742,-0.38462630,-0.04679580,-0.17563831,0.26323711,-0.03516124,0.33829052,0.06337694,0.13949217,0.43350802,0.37475395,0.16624467,0.22216750,0.08311913,0.41646396,0.05894286,0.11119672,0.12585297,0.43350802,0.78054998,0.90026372,0.78066817,0.37475395,0.52049326,0.48635118,0.16624467,0.27553026,0.22216750,0.64491057,0.41497343,0.36111535,0.36280969,0.19157333
291,0.16610463,0.37116710,0.42244749,0.42687194,0.42181248,-0.39918978,-0.49899009,-0.40454749,-0.08474167,-0.17869000,0.26601683,-0.03919192,0.34453842,0.06025247,0.13890924,0.41445429,0.41818937,0.16796964,0.22846466,0.07871729,0.42724865,0.05868387,0.10916987,0.12394296,0.41445429,0.79719949,0.91719067,0.78627173,0.41818937,0.56413299,0.51650255,0.16796964,0.27632534,0.22846466,0.65531900,0.44220096,0.37059713,0.37220718,0.19983045
292,0.15966122,0.38933043,0.42275112,0.42502268,0.42003455,-0.39131380,-0.48154619,-0.33395843,0.08347453,-0.17375903,0.26967705,-0.04199420,0.33446705,0.05482866,0.14203585,0.56846250,0.24611598,0.15658957,0.21572412,0.07373815,0.41731090,0.05785071,0.11130633,0.12544243,0.56846250,0.78312107,0.88775285,0.76717773,0.24611598,0.38698900,0.39640243,0.15658957,0.26998168,0.21572412,0.63746351,0.38429220,0.37095733,0.36195975,0.19406469
293,0.15541827,0.37544054,0.42473942,0.42493048,0.41882359,-0.39951896,-0.50066217,-0.38336484,-0.03294714,-0.18695526,0.24942664,-0.04719049,0.33713108,0.05549636,0.14278109,0.46860350,0.34524951,0.17247245,0.22003928,0.07933284,0.43544869,0.05823413,0.11086955,0.12523287,0.46860350,0.78146985,0.90887005,0.78810000,0.34524951,0.50038898,0.47371815,0.17247245,0.27163448,0.22003928,0.65423430,0.41561447,0.36343219,0.36682331,0.19874200
294,0.15927032,0.39042150,0.42212279,0.42678307,0.42120693,-0.38549136,-0.47540325,-0.32473531,0.11280535,-0.16992857,0.27766195,-0.03832611,0.33204633,0.05966670,0.14677580,0.59233060,0.22614823,0.15393004,0.20973527,0.06474565,0.39877689,0.05742864,0.11258319,0.12638442,0.59233060,0.78407912,0.87923949,0.76568160,0.22614823,0.36532543,0.39147539,0.15393004,0.27246645,0.20973527,0.63006777,0.38984689,0.37408290,0.35715415,0.19756563
295,0.16326630,0.39320496,0.42412019,0.42721761,0.42002656,-0.38681487,-0.49142785,-0.32289782,0.11302889,-0.16967422,0.27505319,-0.03635289,0.33432160,0.06103479,0.13933375,0.60858423,0.22311431,0.15772223,0.21815934,0.07076490,0.40052329,0.05823343,0.11066628,0.12505262,0.60858423,0.79752579,0.89732331,0.77423821,0.22311431,0.36587617,0.38982993,0.15772223,0.27650288,0.21815934,0.64367566,0.38780999,0.37476923,0.36049084,0.19401254
296,0.15806684,0.38862639,0.42319057,0.42545730,0.42022385,-0.39144844,-0.48731417,-0.33830390,0.08017631,-0.17566123,0.26654086,-0.04080780,0.32890577,0.06026781,0.13794855,0.57053534,0.24759017,0.15823363,0.21636618,0.07360182,0.40827338,0.05849158,0.11142448,0.12584387,0.57053534,0.78496197,0.88853796,0.77194145,0.24759017,0.39022393,0.40650080,0.15823363,0.27668084,0.21636618,0.64274781,0.38925124,0.36937095,0.35652499,0.19242150
297,0.15831815,0.38887178,0.42325864,0.42532808,0.42194892,-0.39588461,-0.47949519,-0.34053086,0.07222690,-0.17265426,0.26935671,-0.03981475,0.33345057,0.06235254,0.14421201,0.55511763,0.25921029,0.15648767,0.21519586,0.07589585,0.42172127,0.05772891,0.11196193,0.12596865,0.55511763,0.78236309,0.88761314,0.77424543,0.25921029,0.40035015,0.41205633,0.15648767,0.27293312,0.21519586,0.63808496,0.38721049,0.36793916,0.35989339,0.19872284
298,0.15491498,0.39225824,0.42424762,0.42460431,0.42062877,-0.40276586,-0.48276688,-0.34776394,0.08139415,-0.17877448,0.26180762,-0.04621114,0.33232092,0.05922088,0.14597485,0.56716603,0.24807006,0.15893144,0.21436093,0.08477337,0.43147432,0.05742602,0.11239527,0.12621586,0.56716603,0.77857221,0.88974284,0.78054548,0.24807006,0.39354583,0.41418993,0.15893144,0.27198324,0.21436093,0.64376925,0.39044832,0.36384169,0.35855423,0.19561103
299,0.15363710,0.39321752,0.42396160,0.42587093,0.42218600,-0.41101864,-0.48015169,-0.34746763,0.08426216,-0.17790302,0.25968179,-0.04599086,0.32386443,0.05480437,0.14138329,0.56823971,0.24491069,0.15585139,0.20871100,0.08682537,0.43109934,0.05684185,0.11286154,0.12636741,0.56823971,0.77664799,0.88311126,0.77709696,0.24491069,0.38635975,0.40840171,0.15585139,0.26847144,0.20871100,0.64743836,0.39069277,0.36205315,0.35063342,0.19103347
300,0.15574132,0.39460958,0.42402577,0.42597808,0.42145083,-0.40287444,-0.48850003,-0.33365231,0.08399231,-0.17287547,0.25770305,-0.04481296,0.31894478,0.05740610,0.13486343,0.57692613,0.23757556,0.15177222,0.21086814,0.07794222,0.41187154,0.05757880,0.11262711,0.12649184,0.57692613,0.78176332,0.88341689,0.77535979,0.23757556,0.37381525,0.39687902,0.15177222,0.26900189,0.21086814,0.64987711,0.38103729,0.36085559,0.34749966,0.18882087
301,0.15060379,0.39484399,0.42371167,0.42455380,0.42012369,-0.40354937,-0.48373559,-0.33640569,0.11257530,-0.17137352,0.27029436,-0.04191126,0.32928072,0.05743279,0.14365653,0.60058429,0.22880142,0.15093211,0.21080333,0.07980494,0.41968190,0.05743017,0.11338819,0.12710274,0.60058429,0.78998371,0.88987862,0.77882149,0.22880142,0.36729957,0.39767962,0.15093211,0.26853610,0.21080333,0.64484103,0.39012819,0.36612392,0.35555052,0.19385471
302,0.15212620,0.39413720,0.42150627,0.42385941,0.41910651,-0.40184675,-0.47478241,-0.32913683,0.12605673,-0.16743045,0.27993903,-0.03960583,0.33206642,0.05833894,0.14315118,0.60554030,0.22330671,0.14795854,0.21298929,0.07692677,0.40737663,0.05709853,0.11390968,0.12741921,0.60554030,0.79070628,0.88486265,0.77133203,0.22330671,0.35845702,0.39190648,0.14795854,0.27123132,0.21298929,0.64003280,0.39148982,0.37088662,0.35641534,0.19218918
303,0.15570549,0.39582002,0.42240416,0.42336133,0.42033903,-0.40347146,-0.47685595,-0.33154661,0.11748448,-0.16798396,0.27545140,-0.03971358,0.33309088,0.06012852,0.14041948,0.59891898,0.22758109,0.15036766,0.21732554,0.07854835,0.40319114,0.05751075,0.11255752,0.12639889,0.59891898,0.78874289,0.88828856,0.77295020,0.22758109,0.36548853,0.39628592,0.15036766,0.27295043,0.21732554,0.64292495,0.39035131,0.36875788,0.35810007,0.19031330
304,0.16029470,0.39335623,0.42438932,0.42681908,0.42425574,-0.38090376,-0.47676894,-0.30828143,0.09289567,-0.15859443,0.25940596,-0.03120985,0.31897765,0.06763544,0.13371026,0.57462838,0.22391663,0.15236241,0.21034175,0.06182714,0.37663195,0.05807361,0.11365885,0.12763572,0.57462838,0.76934561,0.86993464,0.75906929,0.22391663,0.36196927,0.38423664,0.15236241,0.26832841,0.21034175,0.63179836,0.37072889,0.35662380,0.34501855,0.18920378
305,0.16696079,0.38239553,0.42541251,0.42801358,0.42389921,-0.38541468,-0.50383151,-0.34880920,-0.04669418,-0.16923598,0.24383887,-0.03499357,0.32577921,0.06887297,0.13244410,0.45893288,0.34209987,0.16673492,0.21983573,0.06640028,0.39624008,0.05927058,0.11038561,0.12529160,0.45893288,0.77916808,0.90077263,0.78243019,0.34209987,0.48837508,0.45707360,0.16673492,0.27154393,0.21983573,0.65377278,0.39332695,0.35517305,0.35619130,0.19600028
306,0.16305519,0.34809161,0.42298639,0.42388589,0.42164492,-0.38775029,-0.50376967,-0.40062324,-0.19043206,-0.17421394,0.22756059,-0.03244689,0.33577669,0.07388499,0.13621505,0.31361650,0.47636248,0.18438130,0.22660700,0.07242054,0.40183475,0.05975897,0.11079664,0.12588499,0.31361650,0.76261303,0.91172861,0.78959751,0.47636248,0.64242355,0.57689748,0.18438130,0.27145911,0.22660700,0.65508219,0.47193962,0.34486533,0.36720455,0.20242558
307,0.16678618,0.35963928,0.42308838,0.42577177,0.42784968,-0.37144319,-0.48970757,-0.35507550,-0.14518910,-0.15551193,0.22594291,-0.01861494,0.32875000,0.08715776,0.13827468,0.34530939,0.42148894,0.17941435,0.21859709,0.04980069,0.35167473,0.06020631,0.11335581,0.12835241,0.34530939,0.74797139,0.89169624,0.77893214,0.42148894,0.58290914,0.52893346,0.17941435,0.26772636,0.21859709,0.63705247,0.42552389,0.33570251,0.35776040,0.20403052
308,0.16382565,0.36574363,0.42246601,0.43041087,0.43206503,-0.36360068,-0.49301443,-0.34773611,-0.13384642,-0.14328916,0.23685617,-0.01652718,0.32270193,0.08747224,0.14092450,0.36014815,0.42335358,0.16323503,0.20982797,0.05562659,0.34733643,0.05909383,0.11528635,0.12954930,0.36014815,0.76278483,0.88707170,0.77935649,0.42335358,0.56657511,0.51897835,0.16323503,0.25942645,0.20982797,0.63184233,0.41211122,0.32972065,0.34555973,0.19874246
309,0.16404132,0.38913576,0.42605053,0.43195622,0.43566918,-0.34880584,-0.49260748,-0.26980247,0.02712513,-0.12226718,0.23816294,0.00043085,0.31492684,0.10203529,0.14760594,0.52717685,0.25826867,0.15885148,0.19620891,0.03434459,0.28401967,0.06049777,0.11786655,0.13248587,0.52717685,0.76532490,0.88102144,0.78527667,0.25826867,0.40392702,0.40316191,0.15885148,0.25441017,0.19620891,0.62320691,0.33370828,0.31957901,0.33327573,0.20336898
310,0.17795586,0.37344016,0.42671299,0.43322050,0.43671945,-0.34068264,-0.48963520,-0.32614123,-0.20536333,-0.12114786,0.21852848,0.00513847,0.30702848,0.10633114,0.14175517,0.28637918,0.47086483,0.16611583,0.19413211,0.03171690,0.27230389,0.06067805,0.11708272,0.13187186,0.28637918,0.74219798,0.86892300,0.77459892,0.47086483,0.61301108,0.55902108,0.16611583,0.25101042,0.19413211,0.61278743,0.42198575,0.30477376,0.32711954,0.20409729
311,0.17576167,0.37850998,0.43086604,0.43779052,0.44377881,-0.32084302,-0.48878488,-0.30463004,-0.25513386,-0.10920157,0.21453639,0.02189787,0.31135422,0.12521084,0.14408219,0.23549245,0.50874941,0.17365704,0.19742176,0.02384758,0.25125126,0.06242433,0.11809181,0.13357572,0.23549245,0.73469311,0.87147117,0.77658448,0.50874941,0.65723670,0.59268686,0.17365704,0.25687051,0.19742176,0.60363795,0.43402879,0.29356172,0.33029455,0.21108328
312,0.18005117,0.38110110,0.42841665,0.43940690,0.44504218,-0.31552497,-0.51404106,-0.29128921,-0.24434168,-0.08717203,0.23638756,0.04014085,0.32580054,0.13822035,0.14800456,0.27167625,0.52230562,0.16788088,0.20401508,0.02163509,0.23949369,0.06237634,0.11701179,0.13259927,0.27167625,0.78456119,0.91327620,0.80541563,0.52230562,0.66310846,0.58851662,0.16788088,0.25589223,0.20401508,0.62427022,0.42193554,0.30776082,0.34738159,0.22320962
313,0.17474092,0.39447881,0.43020023,0.44264094,0.44907586,-0.31942462,-0.51823543,-0.26424566,-0.13162923,-0.08753362,0.24261014,0.04159365,0.33272792,0.13930586,0.15087862,0.39162843,0.41497409,0.16927081,0.20757632,0.02538035,0.23656297,0.06252342,0.11819399,0.13371237,0.39162843,0.79539949,0.92652620,0.81568021,0.41497409,0.56366151,0.50566620,0.16927081,0.25864173,0.20757632,0.63282434,0.35782766,0.30993025,0.35282088,0.22343270
314,0.17152166,0.39209889,0.42614092,0.43862424,0.44738919,-0.30516487,-0.52429934,-0.23385118,-0.10994245,-0.07726522,0.24634043,0.04361226,0.33386674,0.13750346,0.14939080,0.42142537,0.39067199,0.16309195,0.20857191,0.03018690,0.22239825,0.06328963,0.12063486,0.13622902,0.42142537,0.80365054,0.92907245,0.81191106,0.39067199,0.53286326,0.47002282,0.16309195,0.25273428,0.20857191,0.63344405,0.33359535,0.31291063,0.35453589,0.22027821
315,0.18211468,0.15185215,0.43578854,0.44175968,0.44849686,-0.28632585,-0.55547344,-0.31444664,-0.55261844,-0.07017386,0.21673461,0.05662936,0.32334828,0.15939737,0.13113600,0.03767737,0.80720503,0.17122948,0.21908907,0.01445370,0.22218081,0.06501022,0.11639110,0.13331623,0.03767737,0.80220062,0.94564930,0.82329609,0.80720503,0.95219359,0.83427052,0.17122948,0.25361395,0.21908907,0.65056844,0.65465994,0.27753275,0.34790407,0.22639761
316,0.17145779,0.14940346,0.43577574,0.43932964,0.44824706,-0.28263014,-0.58386637,-0.32805453,-0.51453755,-0.07482720,0.20168287,0.05601108,0.33703647,0.15703325,0.13613873,0.08306783,0.75967137,0.19521846,0.22587191,0.00980947,0.24885104,0.06484378,0.11563654,0.13257649,0.08306783,0.81257657,0.98273342,0.84707119,0.75967137,0.93548577,0.81467622,0.19521846,0.25175060,0.22587191,0.67044559,0.63186057,0.27180658,0.36032260,0.22776420
317,0.17796732,0.14867945,0.43521661,0.44034122,0.44787528,-0.28573645,-0.56326764,-0.30920640,-0.53404323,-0.07830593,0.20238845,0.05519900,0.32486171,0.15908771,0.13553643,0.04444507,0.77178167,0.18720654,0.21760956,0.01707264,0.22528046,0.06534759,0.11614931,0.13327029,0.04444507,0.79359994,0.95392752,0.83405872,0.77178167,0.93417336,0.82037758,0.18720654,0.25746833,0.21760956,0.65856596,0.63817265,0.27152846,0.34935699,0.22726468
318,0.17494505,0.14893453,0.43752051,0.44282318,0.45096119,-0.26298518,-0.58954188,-0.30683693,-0.55582498,-0.06509099,0.19534866,0.06409528,0.33099267,0.16439998,0.12271142,0.05672853,0.78912018,0.19385140,0.23235850,0.01123960,0.23045476,0.06580266,0.11568821,0.13309302,0.05672853,0.80951303,0.97873886,0.83478834,0.78912018,0.96242218,0.82912679,0.19385140,0.25162994,0.23235850,0.66757277,0.65414120,0.26094449,0.35475514,0.22282377
319,0.17346441,0.21999742,0.43561922,0.44269133,0.45762336,-0.26105829,-0.58991221,-0.27908629,-0.50284334,-0.04873648,0.20311494,0.07545680,0.33143900,0.17574700,0.12321072,0.09043615,0.74263448,0.18906467,0.23250886,-0.00111509,0.22232105,0.06435872,0.11601218,0.13266828,0.09043615,0.82100007,0.98235721,0.84000653,0.74263448,0.90921552,0.77972575,0.18906467,0.25381943,0.23250886,0.66653457,0.60388091,0.27312217,0.35849010,0.23217253
320,0.16353147,0.28607308,0.43181959,0.44135779,0.45952587,-0.25752471,-0.58413045,-0.25749815,-0.43749373,-0.03841278,0.21211389,0.07729036,0.32978898,0.16936461,0.10870484,0.14980957,0.68574863,0.17790599,0.24097744,-0.00026834,0.22046314,0.06387464,0.11892478,0.13499286,0.14980957,0.82596863,0.97470665,0.81758897,0.68574863,0.84121280,0.70179067,0.17790599,0.25009395,0.24097744,0.65887880,0.54336294,0.27926154,0.35647478,0.21821429
321,0.16781961,0.34409798,0.43345217,0.44468558,0.46262744,-0.25021457,-0.58063481,-0.24093948,-0.38115667,-0.04166752,0.20745759,0.07647640,0.32399251,0.17565927,0.12813473,0.20330865,0.62194094,0.18005370,0.22071074,-0.00649748,0.22309684,0.06371178,0.11924670,0.13519973,0.20330865,0.81532201,0.96349020,0.83069724,0.62194094,0.77911694,0.66843112,0.18005370,0.24918442,0.22071074,0.65308038,0.49401306,0.27560954,0.34958735,0.23309723
322,0.16814198,0.30164476,0.43444610,0.44880513,0.46536660,-0.24902564,-0.59126029,-0.24596709,-0.44103039,-0.04667891,0.20074305,0.07727451,0.31301283,0.18314193,0.11711883,0.15157002,0.67235115,0.18015426,0.22374022,0.00152029,0.20650198,0.06337165,0.11951904,0.13528033,0.15157002,0.81744510,0.96379661,0.83472871,0.67235115,0.82517603,0.71264493,0.18015426,0.26019482,0.22374022,0.66351852,0.53924617,0.26560527,0.33772794,0.23119907
323,0.16866041,0.29032165,0.43113545,0.44872517,0.46634446,-0.24454761,-0.59293429,-0.26305171,-0.45684403,-0.05069167,0.21572399,0.07414877,0.31788872,0.18612877,0.13155017,0.13841712,0.70559620,0.17971967,0.21883969,0.00504368,0.19802756,0.06242400,0.11916351,0.13452397,0.13841712,0.83157641,0.96849296,0.84967209,0.70559620,0.85080300,0.75070324,0.17971967,0.27212009,0.21883969,0.66645776,0.56322721,0.28409178,0.34097268,0.23946982
324,0.16614723,0.21597052,0.43336065,0.44711880,0.46625167,-0.24357985,-0.59975298,-0.25309872,-0.53411979,-0.03812894,0.20982511,0.08300106,0.31775669,0.19093846,0.13478871,0.07600217,0.77485632,0.17810720,0.21352796,-0.01058171,0.19690472,0.06262733,0.11775818,0.13337605,0.07600217,0.83530025,0.97596694,0.85767085,0.77485632,0.92129338,0.81212385,0.17810720,0.25912050,0.21352796,0.66751196,0.62398138,0.27453848,0.34313159,0.24633142
325,0.16406657,0.19104544,0.43044154,0.44464913,0.46374244,-0.23822915,-0.59929311,-0.24935868,-0.54696832,-0.03612396,0.21213338,0.08795428,0.31747148,0.19863504,0.13851954,0.06393605,0.78885093,0.17996144,0.21148070,-0.01505784,0.18560276,0.06270444,0.11795046,0.13358203,0.06393605,0.83628845,0.97529076,0.86185955,0.78885093,0.93338869,0.82794977,0.17996144,0.26482632,0.21148070,0.66673083,0.63486466,0.28060433,0.34525110,0.25570339
326,0.15582564,0.21361863,0.42991865,0.44600377,0.46528945,-0.24727809,-0.59322229,-0.25042252,-0.52755269,-0.03937461,0.21226060,0.08479480,0.31249851,0.19804056,0.14895399,0.08076053,0.76993115,0.18100705,0.20022564,-0.02206316,0.17674282,0.06177096,0.11834004,0.13349164,0.08076053,0.83204342,0.96714231,0.87037845,0.76993115,0.91186144,0.82341635,0.18100705,0.26848166,0.20022564,0.66417105,0.62209473,0.28362132,0.33845437,0.25912118
327,0.15606727,0.33616486,0.42759385,0.44481495,0.46632121,-0.24434749,-0.58011626,-0.23346812,-0.37982174,-0.04152220,0.21853276,0.08204863,0.31451364,0.19566968,0.16057893,0.20946484,0.62911966,0.18174366,0.19262690,-0.01362886,0.18147087,0.06216401,0.12035022,0.13545678,0.20946484,0.82454705,0.95435805,0.86570107,0.62911966,0.77248352,0.70516567,0.18174366,0.26981392,0.19262690,0.64837279,0.49528411,0.28956472,0.33806179,0.26277957
328,0.16579890,0.32194160,0.43257855,0.44780949,0.46533469,-0.24249906,-0.59256782,-0.23809313,-0.40758898,-0.04309948,0.20835128,0.08386792,0.30700710,0.19641609,0.15340897,0.18881786,0.64706349,0.18010570,0.19149347,-0.01436537,0.17227422,0.06315595,0.11866999,0.13442931,0.18881786,0.82536943,0.96023551,0.87123809,0.64706349,0.79246287,0.72274354,0.18010570,0.26583490,0.19149347,0.66186008,0.51474921,0.27198828,0.33027759,0.25834681
329,0.16689514,0.26223463,0.43097861,0.44454786,0.45994178,-0.25011136,-0.59944108,-0.24302723,-0.47359561,-0.04277265,0.21790890,0.08043027,0.31548531,0.19148344,0.16950312,0.13532712,0.72050467,0.17837094,0.18493388,-0.02429206,0.15606264,0.06270085,0.11705310,0.13278865,0.13532712,0.84347896,0.97492015,0.89106080,0.72050467,0.86031682,0.78813632,0.17837094,0.26243780,0.18493388,0.66831355,0.57099858,0.28429224,0.33863952,0.26501762
330,0.15974293,0.16743005,0.43008745,0.44230406,0.46030750,-0.25630287,-0.57394257,-0.24276371,-0.53880311,-0.03587395,0.21210525,0.08533415,0.31312032,0.19451019,0.17781237,0.07491262,0.77935564,0.18108126,0.17521374,-0.03271357,0.16969532,0.06265207,0.11821290,0.13378928,0.07491262,0.81724330,0.95194854,0.87958505,0.77935564,0.92023994,0.85068965,0.18108126,0.25784039,0.17521374,0.64388776,0.62530703,0.27881551,0.33639647,0.27186895
331,0.16345966,0.16917594,0.42890149,0.44345720,0.46215277,-0.25304785,-0.58596875,-0.24653185,-0.54498264,-0.03398008,0.21403227,0.08740016,0.30827504,0.20058727,0.17536906,0.07947234,0.78891352,0.18128526,0.17588521,-0.03026096,0.16434359,0.06349452,0.11823971,0.13420947,0.07947234,0.83017309,0.95883886,0.89012297,0.78891352,0.92536402,0.86114645,0.18128526,0.26524169,0.17588521,0.65562373,0.63650410,0.28454987,0.33234991,0.27467850
332,0.16873417,0.29563070,0.42552239,0.44380275,0.46030593,-0.23829430,-0.59266241,-0.23346268,-0.42648085,-0.03365818,0.21966095,0.09207065,0.31716857,0.20691134,0.18104610,0.18105170,0.67721545,0.18790639,0.17948621,-0.01972177,0.15559840,0.06439229,0.11824424,0.13464051,0.18105170,0.83852159,0.96999534,0.89671324,0.67721545,0.82286357,0.76657616,0.18790639,0.27260883,0.17948621,0.65690870,0.53572957,0.29259856,0.34240418,0.28323726
333,0.16822352,0.24621080,0.42297321,0.44123168,0.45796403,-0.23116315,-0.57241045,-0.23894538,-0.48979262,-0.02786953,0.22427537,0.08882784,0.30931508,0.20292553,0.18628222,0.11228639,0.74580469,0.17378653,0.16905243,-0.02758364,0.15134613,0.06395684,0.12050778,0.13642801,0.11228639,0.82289545,0.94012370,0.87810675,0.74580469,0.87481151,0.82325706,0.17378653,0.26165711,0.16905243,0.63661752,0.59197650,0.29461876,0.33479274,0.28464846
334,0.16286253,0.21733574,0.42249271,0.43886109,0.45660142,-0.24063470,-0.55030378,-0.23609514,-0.49690060,-0.02777647,0.23483351,0.08760294,0.31032736,0.19976666,0.19200235,0.09588461,0.76225448,0.16522024,0.16399901,-0.03446111,0.15512852,0.06391269,0.12237199,0.13805700,0.09588461,0.81413257,0.92295171,0.86647052,0.76225448,0.88058150,0.82993557,0.16522024,0.25580739,0.16399901,0.61827559,0.59483414,0.29676879,0.33432291,0.28592053
335,0.16322194,0.37768132,0.42100898,0.43956451,0.46017533,-0.22460883,-0.53381818,-0.20987066,-0.22444778,-0.02817989,0.25024526,0.08753821,0.31817579,0.20113331,0.19874591,0.31910038,0.51118594,0.16007204,0.16586194,-0.02564361,0.17291558,0.06505015,0.12524599,0.14113143,0.31910038,0.80860292,0.90969626,0.85139423,0.51118594,0.63480946,0.61130976,0.16007204,0.25773926,0.16586194,0.59827248,0.38195307,0.30518552,0.34079905,0.29050043
336,0.16247259,0.29161370,0.42250865,0.44256929,0.46299360,-0.21964410,-0.53490860,-0.23089982,-0.45486833,-0.02829500,0.22066500,0.08318797,0.28664178,0.19257987,0.16930682,0.11628058,0.70752086,0.15814872,0.16154330,-0.02186647,0.15351354,0.06503526,0.12578929,0.14160695,0.11628058,0.77989761,0.87789500,0.82017000,0.70752086,0.81863306,0.77237724,0.15814872,0.25192845,0.16154330,0.59444032,0.55608901,0.27692037,0.30754914,0.26228480
337,0.16225357,0.26082055,0.42132697,0.43799185,0.46098656,-0.22501652,-0.53709614,-0.23933233,-0.49668832,-0.03051206,0.23107019,0.08208591,0.29633637,0.19344358,0.16509700,0.11461824,0.75888727,0.15669800,0.17329528,-0.02828314,0.16900600,0.06488700,0.12523553,0.14104702,0.11461824,0.79428839,0.88881282,0.81913078,0.75888727,0.86689515,0.80658386,0.15669800,0.25700755,0.17329528,0.59414055,0.59518125,0.28996899,0.31908922,0.26250750
338,0.16998529,0.32213655,0.42108449,0.43933331,0.46178405,-0.21535927,-0.52992999,-0.23600071,-0.41828896,-0.03558582,0.24111706,0.08046269,0.30138162,0.19077266,0.16976409,0.14441754,0.69137734,0.15504395,0.17274358,-0.03467532,0.17346993,0.06544179,0.12674920,0.14264637,0.14441754,0.79246988,0.88373697,0.81184720,0.69137734,0.79824228,0.74335162,0.15504395,0.25832111,0.17274358,0.58721856,0.52909806,0.29547665,0.32298142,0.26352737
339,0.16777502,0.29595444,0.42139075,0.43965114,0.46345051,-0.20696824,-0.52155442,-0.23847578,-0.47106656,-0.03508625,0.23787114,0.07609680,0.29498142,0.18883426,0.16615694,0.11919852,0.73921024,0.15034407,0.17210749,-0.03031452,0.18749730,0.06570495,0.12707696,0.14305836,0.11919852,0.78047386,0.86472870,0.79491282,0.73921024,0.83877577,0.78195699,0.15034407,0.25602129,0.17210749,0.57222105,0.57025657,0.29202843,0.31552979,0.25964726
340,0.16369723,0.34820053,0.42341788,0.44250928,0.46650391,-0.20226833,-0.52413392,-0.22861065,-0.39881910,-0.03730816,0.23115038,0.07630132,0.29051864,0.18882396,0.15562643,0.16124809,0.66056693,0.15388372,0.17677364,-0.02654426,0.19002164,0.06673109,0.12904378,0.14527675,0.16124809,0.77435314,0.86193566,0.78658204,0.66056693,0.76645379,0.71193022,0.15388372,0.26047964,0.17677364,0.57420294,0.50819219,0.28523050,0.31027206,0.25146352
341,0.16599508,0.36063135,0.42067694,0.44319554,0.46631876,-0.19983883,-0.51032158,-0.22890680,-0.37026107,-0.03414903,0.23609654,0.07450640,0.28309810,0.18289019,0.16671223,0.17738085,0.63952743,0.14825687,0.16018579,-0.01989775,0.19840680,0.06669244,0.13121527,0.14719147,0.17738085,0.76600703,0.84059320,0.78017465,0.63952743,0.73532198,0.69691798,0.14825687,0.25232971,0.16018579,0.55976365,0.48719402,0.28752914,0.30128893,0.25289931
342,0.16243340,0.37414636,0.42257974,0.44769860,0.47077343,-0.20199679,-0.52119712,-0.21585314,-0.29355062,-0.03593833,0.22197028,0.07138912,0.26933123,0.17917684,0.15522453,0.25484678,0.54911934,0.14939449,0.15847724,-0.02400450,0.21344072,0.06803037,0.13247673,0.14892353,0.25484678,0.76350672,0.83728807,0.77866050,0.54911934,0.64968479,0.62229813,0.14939449,0.25258842,0.15847724,0.56933807,0.42660387,0.27805010,0.28754831,0.24211951
343,0.16151424,0.38012920,0.42224774,0.45173778,0.47081166,-0.19371559,-0.50528391,-0.20793449,-0.26740285,-0.03750444,0.22694776,0.06845996,0.26004840,0.17070455,0.15203389,0.25952112,0.52743474,0.14147087,0.14960922,-0.02157709,0.21141779,0.06828539,0.13475794,0.15107149,0.25952112,0.74947101,0.81078678,0.75483816,0.52743474,0.61574782,0.59090905,0.14147087,0.24444367,0.14960922,0.55316096,0.40251909,0.27377370,0.27568931,0.23289970
344,0.15757558,0.36681118,0.42436843,0.44792240,0.46842380,-0.20022233,-0.51000154,-0.22002031,-0.36187642,-0.04509578,0.21020534,0.06709659,0.27233047,0.17399115,0.15147640,0.17384976,0.60071472,0.15266609,0.16249221,-0.02493700,0.21211561,0.06881702,0.13471725,0.15127631,0.17384976,0.73751835,0.82816981,0.76301812,0.60071472,0.70960753,0.66583365,0.15266609,0.24874314,0.16249221,0.56106494,0.47257448,0.26507607,0.28962789,0.23669201
345,0.15015522,0.38672506,0.42331802,0.44789293,0.46937297,-0.19671758,-0.50219082,-0.19403720,-0.24936003,-0.03642996,0.21451194,0.07032244,0.27105213,0.17689838,0.16060550,0.26730608,0.49336229,0.14843039,0.15472516,-0.01846206,0.21088434,0.06962260,0.13680452,0.15350174,0.26730608,0.73496120,0.82009046,0.76476396,0.49336229,0.60131913,0.57669067,0.14843039,0.24415639,0.15472516,0.55371783,0.38053120,0.26648293,0.28807099,0.24370985
346,0.15082988,0.39088498,0.42405686,0.44801973,0.47029033,-0.20220190,-0.49989527,-0.19908311,-0.22207983,-0.03797755,0.21464117,0.07058337,0.27150550,0.17639440,0.16354742,0.29126217,0.46884332,0.14893732,0.15246942,-0.02125590,0.22316873,0.07006550,0.13733495,0.15417543,0.29126217,0.73383955,0.81993945,0.76735538,0.46884332,0.57975822,0.56165589,0.14893732,0.24391330,0.15246942,0.55233126,0.36302212,0.26515513,0.28826788,0.24498882
347,0.14953208,0.38516452,0.42484288,0.44686520,0.46716239,-0.20493326,-0.48969710,-0.21367955,-0.28034735,-0.04636435,0.21346017,0.06394750,0.26956159,0.17004861,0.15595689,0.22379702,0.52383660,0.14753425,0.15700099,-0.01753588,0.21996903,0.07020780,0.13818471,0.15499726,0.22379702,0.72135784,0.80716136,0.75034139,0.52383660,0.62978236,0.60084663,0.14753425,0.24620685,0.15700099,0.54494356,0.40615234,0.26561445,0.28594712,0.23583196
348,0.15025511,0.38935605,0.42778796,0.45076976,0.46958309,-0.20455350,-0.48864161,-0.21679540,-0.28168680,-0.05156985,0.20901791,0.06102704,0.26532725,0.16623437,0.15456108,0.22364069,0.52035642,0.15035244,0.15386227,-0.01804002,0.22854639,0.07077341,0.13954277,0.15646424,0.22364069,0.71495697,0.80094431,0.74557038,0.52035642,0.62797946,0.60018246,0.15035244,0.24598807,0.15386227,0.54127959,0.40547674,0.25863287,0.27903292,0.23098670
349,0.14655466,0.39701511,0.42318708,0.44968847,0.47505607,-0.20193685,-0.48575757,-0.20657221,-0.22097134,-0.05053454,0.21589986,0.06118361,0.26504425,0.16274919,0.15777238,0.27839923,0.46664489,0.15367229,0.14984056,-0.00570175,0.23929095,0.07130605,0.14153564,0.15848309,0.27839923,0.71867547,0.79768691,0.74433652,0.46664489,0.57324792,0.55534107,0.15367229,0.25080325,0.14984056,0.53754515,0.36065201,0.26540914,0.27703178,0.22832013
350,0.14753778,0.39259113,0.42107001,0.45274006,0.47207168,-0.19537490,-0.49127300,-0.20764940,-0.24358320,-0.04985823,0.21357618,0.05808318,0.24847592,0.15566964,0.15761772,0.26452575,0.48629595,0.15079692,0.13524335,-0.00947912,0.23297124,0.07104075,0.14199845,0.15877767,0.26452575,0.72088871,0.78412820,0.74217688,0.48629595,0.57906090,0.56820188,0.15079692,0.24546654,0.13524335,0.54000241,0.37847303,0.26631070,0.26036215,0.22343220
351,0.14701237,0.39528906,0.42291920,0.45062787,0.46860925,-0.20000341,-0.49857850,-0.19705259,-0.18314517,-0.05234068,0.20790960,0.05542219,0.25570629,0.15372739,0.15631870,0.32356499,0.42110175,0.14778827,0.14142595,-0.01125044,0.22487586,0.07085183,0.14339525,0.15994430,0.32356499,0.72187513,0.79997153,0.75066475,0.42110175,0.52747220,0.51669910,0.14778827,0.23947917,0.14142595,0.55442435,0.34075928,0.26184362,0.26870366,0.22281858
352,0.14422607,0.37761365,0.42269348,0.44691757,0.46693052,-0.20050443,-0.48943522,-0.23373232,-0.34368863,-0.05907908,0.20161167,0.05198298,0.26461145,0.15319546,0.14979233,0.16320315,0.57501733,0.15277290,0.15485505,-0.01401983,0.23265466,0.07181961,0.14452758,0.16138859,0.16320315,0.70548407,0.79837667,0.73667144,0.57501733,0.68581773,0.64722478,0.15277290,0.24347104,0.15485505,0.54640084,0.46239444,0.25803452,0.27761263,0.21841807
353,0.15120845,0.40029293,0.42656631,0.45283654,0.46758157,-0.19725402,-0.48987388,-0.21751894,-0.22510697,-0.06488165,0.20310392,0.04695243,0.25410383,0.15043286,0.14181617,0.27105541,0.45835377,0.14678543,0.15394088,-0.01149898,0.23072587,0.07220437,0.14520767,0.16216886,0.27105541,0.70551949,0.78756456,0.72849975,0.45835377,0.56466267,0.54320877,0.14678543,0.24508852,0.15394088,0.54739393,0.37063984,0.25503300,0.26521067,0.21060805
354,0.15427297,0.39949031,0.42435707,0.45127453,0.46894347,-0.19404700,-0.47954208,-0.21617934,-0.22496738,-0.06142921,0.21267213,0.04929706,0.25884835,0.15191746,0.14799253,0.25914962,0.46745711,0.14403628,0.15216254,-0.00728079,0.22757344,0.07272997,0.14677136,0.16380318,0.25914962,0.70490575,0.78284657,0.72497333,0.46745711,0.56810188,0.54592790,0.14403628,0.24351368,0.15216254,0.53894256,0.36754160,0.26146172,0.27011874,0.21604454
355,0.15162996,0.40190033,0.42510957,0.45166287,0.46858536,-0.19647308,-0.47576948,-0.21197568,-0.19966326,-0.06547337,0.20488748,0.04614218,0.25628575,0.14883919,0.14199741,0.28025104,0.43359707,0.14705955,0.15502226,-0.00571480,0.23016326,0.07339266,0.14852145,0.16566564,0.28025104,0.69319742,0.77633265,0.71616262,0.43359707,0.54092291,0.52053828,0.14705955,0.24527500,0.15502226,0.53509752,0.34860332,0.25553163,0.26660686,0.20893781
356,0.15070690,0.40582658,0.42481903,0.45437633,0.46951043,-0.19219281,-0.46526852,-0.20287332,-0.12493746,-0.06683824,0.21330012,0.04393915,0.25002763,0.14675289,0.14524000,0.34459789,0.36891672,0.14297390,0.14807158,-0.00399267,0.24081432,0.07405594,0.15050016,0.16773366,0.34459789,0.69005889,0.75816542,0.70619842,0.36891672,0.46995097,0.46938943,0.14297390,0.24625836,0.14807158,0.52151298,0.30426762,0.25998279,0.25877045,0.20876275
357,0.15933624,0.40222604,0.42511119,0.45164385,0.46551146,-0.18803460,-0.47132292,-0.22726419,-0.25523980,-0.07096982,0.21812233,0.04214158,0.26018084,0.14929053,0.14995913,0.22364890,0.50126746,0.14251096,0.15442607,-0.01247343,0.22919559,0.07360798,0.14911042,0.16628906,0.22364890,0.69938963,0.77168636,0.71411507,0.50126746,0.59559385,0.57138532,0.14251096,0.24771284,0.15442607,0.52806606,0.39024740,0.26655270,0.27030930,0.21638028
358,0.15431094,0.40544909,0.42595249,0.45035872,0.46384312,-0.19416262,-0.46854514,-0.23278606,-0.24835251,-0.07706727,0.21504663,0.03813824,0.26219318,0.14470618,0.15018510,0.22445877,0.49259487,0.14531866,0.15533853,-0.00318227,0.21288642,0.07405384,0.15151686,0.16864557,0.22445877,0.69472326,0.77540516,0.71741080,0.49259487,0.59364780,0.56921771,0.14531866,0.24799695,0.15533853,0.53587602,0.39136631,0.26414016,0.27114715,0.21285075
359,0.16311681,0.40516147,0.42294541,0.44313650,0.45665196,-0.18644227,-0.46911967,-0.21888470,-0.20360816,-0.06746492,0.22740876,0.03969782,0.28238072,0.14095423,0.17550789,0.26772492,0.46175572,0.13994203,0.14803454,-0.00338960,0.18614179,0.07356528,0.15317101,0.16992118,0.26772492,0.70882373,0.79502147,0.73693668,0.46175572,0.56764353,0.54489223,0.13994203,0.23163702,0.14803454,0.53976531,0.36100801,0.27302661,0.29223665,0.23025866
360,0.15542693,0.40852452,0.42258182,0.44681260,0.45812969,-0.18990085,-0.46256817,-0.21100052,-0.10846665,-0.06987340,0.23332561,0.03795341,0.27157073,0.13917666,0.17013524,0.35572243,0.37513454,0.13886188,0.14422281,-0.00763084,0.20169787,0.07475777,0.15361571,0.17084060,0.35572243,0.70711612,0.77728217,0.72519882,0.37513454,0.47594684,0.47459896,0.13886188,0.23814904,0.14422281,0.53060677,0.31294190,0.28139766,0.28118340,0.22456224
361,0.15166187,0.40702438,0.42342927,0.44907596,0.46087761,-0.19151493,-0.47365193,-0.20994330,-0.12997853,-0.07222569,0.22025890,0.03779090,0.26440639,0.13968821,0.16810519,0.34488765,0.38240293,0.14289726,0.14120467,-0.00174092,0.19178039,0.07533718,0.15395075,0.17139581,0.34488765,0.70556071,0.78295550,0.73603346,0.38240293,0.48857088,0.48797891,0.14289726,0.23865271,0.14120467,0.54287772,0.32146390,0.26977552,0.27336554,0.22246145
362,0.15176307,0.40527398,0.42039019,0.44657337,0.46034285,-0.18696998,-0.45950117,-0.23209367,-0.22423010,-0.07247485,0.21896495,0.03722122,0.26288428,0.14003294,0.16797481,0.23984199,0.47488189,0.14348412,0.14103670,0.00553676,0.20208949,0.07566513,0.15535037,0.17279743,0.23984199,0.68976384,0.76744145,0.72279412,0.47488189,0.57431203,0.56360343,0.14348412,0.23995809,0.14103670,0.53029450,0.37915521,0.26925340,0.27166626,0.22228516
363,0.14830421,0.40240270,0.42285596,0.44748961,0.45749052,-0.18981487,-0.46443929,-0.24432530,-0.24923143,-0.07492686,0.22344234,0.03387656,0.26425126,0.13733006,0.17380235,0.22282626,0.50528631,0.14140068,0.13802606,0.00520075,0.20735208,0.07614249,0.15625568,0.17382036,0.22282626,0.69841328,0.77132969,0.72905428,0.50528631,0.59988426,0.58918257,0.14140068,0.23719408,0.13802606,0.53238206,0.40085360,0.27443015,0.27309692,0.22646279
364,0.15376282,0.40218988,0.42168845,0.44529658,0.45371374,-0.18271996,-0.45946216,-0.23299051,-0.23964219,-0.07246936,0.22062060,0.03455081,0.26920724,0.13764642,0.18680392,0.22551049,0.49106476,0.14004501,0.13238230,0.00737131,0.19458108,0.07663048,0.15705481,0.17475252,0.22551049,0.69129964,0.77190922,0.73540281,0.49106476,0.59067449,0.58353881,0.14004501,0.22970710,0.13238230,0.53159396,0.38840073,0.27032350,0.27845872,0.23778022
365,0.15200865,0.39833908,0.41870319,0.44189507,0.45221844,-0.19284992,-0.46830861,-0.25157919,-0.27864492,-0.07612910,0.22824029,0.03300532,0.27547351,0.13929428,0.18744948,0.19860193,0.53960187,0.14332355,0.13861950,0.00196712,0.19713980,0.07653643,0.15609852,0.17385216,0.19860193,0.70833463,0.78881125,0.74967028,0.53960187,0.63819702,0.62695491,0.14332355,0.23817262,0.13861950,0.54576789,0.42917500,0.28310932,0.28594371,0.24019855
366,0.14877125,0.39947223,0.41761227,0.44426276,0.45353870,-0.19596047,-0.46479083,-0.24135330,-0.25116435,-0.08390855,0.22415775,0.02566314,0.26920194,0.13057420,0.18874601,0.21855493,0.50347565,0.14834355,0.13339345,0.00699603,0.20613245,0.07834751,0.15745729,0.17587248,0.21855493,0.69940403,0.77826674,0.74607103,0.50347565,0.60184007,0.59777031,0.14834355,0.24229689,0.13339345,0.54105165,0.40369919,0.28323623,0.27747564,0.23377164
367,0.14470080,0.40890100,0.41702684,0.44693102,0.45563493,-0.19324371,-0.45047076,-0.21525630,-0.12735632,-0.08145740,0.21963254,0.02522579,0.26275359,0.12380060,0.18285816,0.32392320,0.37536126,0.15246951,0.12885741,0.01564835,0.19573256,0.07821356,0.16013379,0.17821389,0.32392320,0.68083194,0.75984417,0.72771540,0.37536126,0.48249671,0.49118183,0.15246951,0.24183588,0.12885741,0.52655357,0.31934248,0.27689502,0.26822052,0.22225354
368,0.14389947,0.40629819,0.41688196,0.44662879,0.45534645,-0.19008343,-0.44866437,-0.23276696,-0.23711214,-0.08216559,0.21545620,0.02631604,0.25948375,0.12488266,0.17799701,0.21591956,0.47962652,0.15075381,0.12959987,0.00855290,0.20049535,0.07775596,0.16027409,0.17813976,0.21591956,0.67425026,0.75335060,0.71930946,0.47962652,0.57868159,0.57263848,0.15075381,0.24025030,0.12959987,0.52254609,0.38549138,0.27240580,0.26557393,0.21936974
369,0.14595702,0.40245439,0.41879721,0.44578262,0.45129195,-0.19204126,-0.44467252,-0.24909087,-0.31274177,-0.08599214,0.20649020,0.02479966,0.25755115,0.12210980,0.18272862,0.14393199,0.54729485,0.14861402,0.12357773,-0.00072485,0.20519411,0.07755369,0.15963499,0.17747649,0.14393199,0.66295380,0.75010340,0.72064421,0.54729485,0.64851873,0.63865607,0.14861402,0.23173726,0.12357773,0.52576165,0.44571310,0.26350937,0.26440393,0.22341075
370,0.14621708,0.40867883,0.41755641,0.44635670,0.45055960,-0.19805970,-0.44097324,-0.23788354,-0.24401872,-0.08695805,0.20602587,0.02256159,0.25466727,0.12174568,0.18575434,0.20102830,0.47768306,0.15004525,0.12177521,0.00082334,0.21323994,0.07848680,0.16110559,0.17920711,0.20102830,0.65915517,0.74499149,0.72276854,0.47768306,0.58068645,0.58261370,0.15004525,0.23489880,0.12177521,0.52251797,0.39134414,0.26324912,0.26024307,0.22453744
371,0.16320030,0.40894688,0.42093928,0.44328877,0.44452612,-0.19858485,-0.43431852,-0.24655457,-0.26234240,-0.09526688,0.20704034,0.01631456,0.26571866,0.12086885,0.18722644,0.17858289,0.49587237,0.14871921,0.13096763,-0.01163782,0.20810420,0.07847348,0.16030226,0.17847942,0.17858289,0.65200669,0.74453691,0.71317074,0.49587237,0.60417213,0.59688342,0.14871921,0.23369219,0.13096763,0.51558791,0.40729148,0.26678139,0.27284922,0.22884866
372,0.17104830,0.40232814,0.42715164,0.44770146,0.45214431,-0.20479766,-0.43079752,-0.26649267,-0.35144843,-0.09572287,0.19737934,0.01987030,0.26199590,0.13211740,0.17771383,0.10091199,0.57764939,0.15198963,0.14064913,-0.02519668,0.19192145,0.07951898,0.15711393,0.17609104,0.10091199,0.64103151,0.74184621,0.71153831,0.57764939,0.68975487,0.67733180,0.15198963,0.24345319,0.14064913,0.51645762,0.47985228,0.25577248,0.26884546,0.22659161
373,0.17395922,0.39427656,0.42626532,0.44559071,0.44986178,-0.21104161,-0.44175736,-0.28132804,-0.36809390,-0.09257145,0.20685457,0.02445052,0.26994773,0.13833427,0.18800332,0.10195345,0.60745241,0.15354748,0.14050220,-0.03004423,0.19147888,0.07933655,0.15524960,0.17434657,0.10195345,0.66106260,0.75991848,0.73217815,0.60745241,0.71933220,0.71007655,0.15354748,0.24654796,0.14050220,0.52401711,0.50154779,0.26594701,0.27813158,0.23976769
374,0.17359029,0.39247627,0.42709335,0.44545847,0.44938584,-0.21580080,-0.43135956,-0.28055954,-0.35016410,-0.09157163,0.21913132,0.02539722,0.27511963,0.13814451,0.19042432,0.10700679,0.60348057,0.14941862,0.14106486,-0.03477408,0.20013530,0.07997139,0.15460416,0.17406283,0.10700679,0.66347677,0.75526340,0.72518901,0.60348057,0.71013604,0.69879837,0.14941862,0.24428180,0.14106486,0.51181586,0.49003181,0.27115093,0.28202993,0.24112244
375,0.16990657,0.38116631,0.42723061,0.44704198,0.45125385,-0.22369494,-0.43804761,-0.29212087,-0.39253352,-0.09025443,0.22308879,0.02936224,0.27479086,0.14227533,0.18414638,0.08864029,0.65164665,0.15125527,0.14479668,-0.03679579,0.19863619,0.07989181,0.15363547,0.17316628,0.08864029,0.67547161,0.76490485,0.73081158,0.65164665,0.75513315,0.73686615,0.15125527,0.24812670,0.14479668,0.51914722,0.52834115,0.27318997,0.28129920,0.23843811
376,0.17813601,0.36175925,0.42695189,0.44635021,0.44752026,-0.22302955,-0.41907821,-0.29479933,-0.40005040,-0.09522915,0.22630047,0.03032257,0.28632264,0.14665567,0.19682201,0.08525724,0.66041099,0.15886765,0.14680709,-0.04439994,0.21186751,0.08152897,0.15331405,0.17364380,0.08525724,0.65825661,0.75589411,0.72459197,0.66041099,0.77225434,0.75491290,0.15886765,0.25457851,0.14680709,0.49917004,0.53426045,0.27920353,0.29337815,0.25249874
377,0.18205125,0.37924200,0.42277617,0.44451067,0.44341732,-0.23510190,-0.40905055,-0.29856675,-0.33915053,-0.09982533,0.24758318,0.02613272,0.29337843,0.14172886,0.19915685,0.10454708,0.62262264,0.15568325,0.14916733,-0.03588084,0.20783007,0.08167822,0.15452350,0.17478228,0.10454708,0.67065395,0.75565809,0.72157031,0.62262264,0.72498331,0.70908118,0.15568325,0.25779877,0.14916733,0.49478932,0.49172137,0.29757540,0.29914267,0.25067119
378,0.18722275,0.39112462,0.42084127,0.43893904,0.43636560,-0.25266407,-0.39075741,-0.32596215,-0.26576231,-0.10416242,0.26281112,0.02028438,0.29931122,0.13682938,0.19876865,0.14927322,0.57802404,0.15042186,0.15392077,-0.02835365,0.19241029,0.08130253,0.15827847,0.17793868,0.14927322,0.67133098,0.75089856,0.71585883,0.57802404,0.67960270,0.67283121,0.15042186,0.26081087,0.15392077,0.49362224,0.46595485,0.30960591,0.30414126,0.24639546
379,0.18804524,0.40929510,0.41727485,0.43322638,0.42939188,-0.26346684,-0.35583496,-0.25648430,-0.02459668,-0.10272903,0.27858862,0.01792367,0.32390441,0.12933828,0.22466269,0.33279570,0.34790874,0.14817540,0.14920956,-0.02487813,0.20019144,0.08265236,0.16259823,0.18239955,0.33279570,0.65585581,0.74472903,0.71059097,0.34790874,0.46733242,0.48268035,0.14817540,0.24956023,0.14920956,0.47027112,0.32007376,0.31873400,0.32720607,0.26254890
380,0.18030885,0.40982597,0.41676458,0.43243725,0.42951017,-0.25802377,-0.35538450,-0.22991158,0.02811355,-0.09658319,0.26800752,0.02355903,0.31779717,0.13091918,0.22418588,0.38478697,0.28495698,0.14798011,0.14264874,-0.02101272,0.18107823,0.08331123,0.16577962,0.18553610,0.38478697,0.64698363,0.74174192,0.71204498,0.28495698,0.41212515,0.43892515,0.14798011,0.24456121,0.14264874,0.47436703,0.30177855,0.30789230,0.32199963,0.26245054
381,0.17613594,0.41809033,0.42094721,0.43102782,0.42672480,-0.26494023,-0.37060875,-0.27467883,-0.12536458,-0.09490229,0.26141651,0.02398618,0.31473922,0.13088885,0.21742648,0.24611505,0.43074696,0.14851787,0.14468287,-0.01952244,0.16637311,0.08164262,0.16519107,0.18426504,0.24611505,0.65918351,0.75868077,0.72573666,0.43074696,0.54788365,0.54851625,0.14851787,0.24264638,0.14468287,0.49841222,0.35353809,0.30438609,0.31997892,0.25801082
382,0.16542180,0.41227048,0.41775617,0.42881788,0.42428167,-0.26930990,-0.37012623,-0.21609038,0.07937357,-0.08734109,0.26809422,0.02290417,0.31023672,0.12386116,0.21601678,0.45264372,0.24312204,0.13506984,0.13826894,-0.01473885,0.16020481,0.08108745,0.16940775,0.18781416,0.45264372,0.66860145,0.75488418,0.72236445,0.24312204,0.36410313,0.39814191,0.13506984,0.22933937,0.13826894,0.49842124,0.30444290,0.30491415,0.31513403,0.25276298
383,0.17198078,0.41615840,0.41882829,0.42955883,0.42250383,-0.27568830,-0.36275198,-0.23551798,0.03517708,-0.09866850,0.26894887,0.02133773,0.31859980,0.12259144,0.20690854,0.40001735,0.28086408,0.14635624,0.15083616,-0.01319974,0.16545504,0.08128461,0.16792588,0.18656444,0.40001735,0.66107463,0.75805751,0.71191222,0.28086408,0.40789708,0.42335789,0.14635624,0.24093135,0.15083616,0.49773181,0.30658439,0.31016638,0.32342532,0.24494922
384,0.16932488,0.41527396,0.41762530,0.43178861,0.42310165,-0.27393598,-0.36116527,-0.22663929,0.05990636,-0.09504250,0.26893611,0.02045537,0.31000681,0.12161810,0.21027791,0.42371967,0.25876375,0.14262794,0.14206175,-0.01769762,0.17879204,0.08168149,0.16873328,0.18746409,0.42371967,0.65955799,0.74814632,0.71133616,0.25876375,0.38225082,0.40842127,0.14262794,0.23642282,0.14206175,0.49467764,0.30672458,0.30971587,0.31433205,0.24731289
385,0.16865520,0.41629754,0.41706863,0.42971112,0.41851380,-0.28392955,-0.35451680,-0.22596957,0.10040413,-0.09661449,0.27259346,0.01516593,0.30927522,0.11346037,0.21371101,0.45861816,0.22596171,0.13798686,0.13709615,-0.02005979,0.18332132,0.08018749,0.16993499,0.18790406,0.45861816,0.65850797,0.74231706,0.70814141,0.22596171,0.34858728,0.38406438,0.13798686,0.22946158,0.13709615,0.49256605,0.30961002,0.31232952,0.31301890,0.24645436
386,0.17135971,0.41926854,0.41323424,0.42607473,0.41129322,-0.28829949,-0.34191186,-0.25650376,0.03135090,-0.10173704,0.28174958,0.00950211,0.31217862,0.10681446,0.21723001,0.37475764,0.29915431,0.13614613,0.13603169,-0.02110874,0.19340198,0.07932800,0.16947804,0.18712492,0.37475764,0.65407287,0.73145074,0.69718534,0.29915431,0.40671082,0.42573012,0.13614613,0.22862587,0.13603169,0.48246069,0.30965219,0.32170524,0.31554114,0.24705708
387,0.16788604,0.41195144,0.40873110,0.42304847,0.41129882,-0.29246757,-0.34573871,-0.22352728,0.12500780,-0.09600608,0.29374447,0.01012264,0.31891451,0.10364096,0.21961674,0.47582749,0.21985956,0.13286726,0.13640287,-0.02694697,0.19702142,0.07877643,0.16914715,0.18659175,0.47582749,0.67103832,0.74148867,0.70212008,0.21985956,0.33266208,0.36663721,0.13286726,0.22602865,0.13640287,0.48659583,0.31628175,0.33356528,0.32291893,0.24790111
388,0.17647416,0.41690681,0.40003356,0.41138625,0.39491348,-0.29100601,-0.32276694,-0.29757234,-0.09494629,-0.10503918,0.29188726,0.00994959,0.33291482,0.10742733,0.22395624,0.22939717,0.43315501,0.14844655,0.14631180,-0.02317587,0.18464962,0.07828701,0.16887438,0.18613815,0.22939717,0.64463113,0.73504555,0.68982949,0.43315501,0.53924541,0.52686319,0.14844655,0.23653030,0.14631180,0.47619355,0.35496963,0.33968771,0.33740668,0.25546962
389,0.16179157,0.41360087,0.40069070,0.41853537,0.40427183,-0.28738909,-0.34820744,-0.23485934,0.08817118,-0.09123078,0.30228898,0.01808800,0.32083818,0.11492226,0.21207664,0.43987988,0.26261316,0.14322996,0.14562361,-0.01851920,0.17195019,0.07847266,0.17253317,0.18954064,0.43987988,0.68277059,0.75229285,0.70777769,0.26261316,0.37131524,0.39700114,0.14322996,0.24280710,0.14562361,0.49598684,0.31335150,0.34454107,0.32479560,0.24568482
390,0.15236300,0.40707473,0.39784450,0.41320405,0.40464344,-0.29608161,-0.33413180,-0.23434707,0.11036585,-0.09045181,0.31493051,0.01946565,0.32546126,0.11161528,0.20786521,0.44910270,0.25946317,0.13332131,0.14973560,-0.01582391,0.17597912,0.07777024,0.17347511,0.19011003,0.44910270,0.68632773,0.74874464,0.69949496,0.25946317,0.36243036,0.39095503,0.13332131,0.24387133,0.14973560,0.49654155,0.32721487,0.35283137,0.33084410,0.24040576
391,0.16796804,0.41758976,0.40303884,0.42120980,0.40900923,-0.28780314,-0.33360937,-0.24999671,0.02852382,-0.08786096,0.31125965,0.02591097,0.33373392,0.11982293,0.20163421,0.36560766,0.32924881,0.14820548,0.16208104,-0.02068725,0.16592912,0.07980274,0.17256868,0.19012740,0.36560766,0.67985537,0.75721888,0.69462086,0.32924881,0.43426143,0.43154331,0.14820548,0.25257306,0.16208104,0.49147112,0.31207397,0.35161074,0.33783822,0.23882350
392,0.17047630,0.41459122,0.40955185,0.43188822,0.41538223,-0.27965409,-0.37284235,-0.22157061,0.07649035,-0.08813912,0.28948440,0.02775827,0.32451599,0.12804858,0.20501129,0.45312921,0.25728455,0.15555579,0.15601280,-0.02169944,0.15448878,0.08219095,0.17246960,0.19105265,0.45312921,0.69226387,0.77870540,0.72520887,0.25728455,0.38338954,0.40282466,0.15555579,0.25208310,0.15601280,0.50988526,0.30783881,0.33535776,0.32905867,0.24609038
393,0.16027060,0.40289885,0.40894236,0.42647870,0.41207051,-0.27606046,-0.35509699,-0.20293506,0.15781994,-0.08202209,0.29054207,0.02585648,0.31617622,0.12358710,0.20797218,0.51812923,0.19098734,0.13875237,0.14591298,-0.02540748,0.17556172,0.08225853,0.17581337,0.19410514,0.51812923,0.67682674,0.74987547,0.70636370,0.19098734,0.31541182,0.36453406,0.13875237,0.23877480,0.14591298,0.48981629,0.32517823,0.33030135,0.32124057,0.24607253
394,0.15261945,0.40894721,0.41319795,0.42686214,0.41586048,-0.27952936,-0.36659914,-0.22688984,0.13927240,-0.09943013,0.28418278,0.01815525,0.31698715,0.11466485,0.20725023,0.50874032,0.20550896,0.14132304,0.14614088,-0.02977470,0.20106021,0.08393727,0.17435310,0.19350573,0.50874032,0.67779895,0.75684173,0.70840474,0.20550896,0.33428533,0.37637961,0.14132304,0.23865870,0.14614088,0.49510787,0.32845874,0.32475872,0.32150445,0.24199677
395,0.16336279,0.41306326,0.41943207,0.43371967,0.42392148,-0.27364459,-0.37260153,-0.21107754,0.15634359,-0.09301794,0.26640233,0.02147057,0.30196553,0.12218924,0.20031261,0.53274796,0.17893794,0.14088541,0.14310038,-0.03569820,0.17705766,0.08429896,0.17353513,0.19292681,0.53274796,0.66733072,0.74952102,0.71040317,0.17893794,0.31330828,0.36877625,0.14088541,0.23709961,0.14310038,0.49667987,0.32576445,0.30487077,0.30554912,0.23820007
396,0.16460247,0.40743637,0.41921215,0.42954347,0.42527027,-0.25838653,-0.37636360,-0.21460117,0.13739223,-0.09319664,0.25081413,0.02087977,0.30125416,0.12136306,0.21068826,0.51616915,0.18485051,0.13987053,0.13537301,-0.03196289,0.20927743,0.08707809,0.17621648,0.19655748,0.51616915,0.65108401,0.74274631,0.71037313,0.18485051,0.32114158,0.37495956,0.13987053,0.22876612,0.13537301,0.48703692,0.31997060,0.29025421,0.30595807,0.24709605
397,0.17289781,0.41830102,0.43122824,0.44206159,0.44715230,-0.25332397,-0.40662080,-0.25705409,-0.00180893,-0.09177154,0.25129932,0.03191344,0.30029810,0.13882675,0.18915340,0.40561260,0.31145107,0.14738934,0.15453157,-0.03549461,0.20990322,0.08887115,0.17158537,0.19323463,0.40561260,0.67928980,0.77065577,0.72378462,0.31145107,0.44037138,0.46385197,0.14738934,0.24980928,0.15453157,0.50631625,0.31908452,0.29083646,0.30620408,0.23815443
398,0.18076554,0.41177032,0.43180598,0.44731506,0.45345185,-0.21931203,-0.43417809,-0.24084203,-0.00929501,-0.09160321,0.24464273,0.03453640,0.29257012,0.13893600,0.16316825,0.42961731,0.30567899,0.15178726,0.16659891,-0.04844025,0.22945586,0.08989036,0.17085189,0.19305607,0.42961731,0.69107664,0.77521439,0.70395845,0.30567899,0.43569977,0.44738434,0.15178726,0.25728144,0.16659891,0.50731331,0.31571706,0.28838918,0.29927276,0.21840809
399,0.16889846,0.41727464,0.43374453,0.45356652,0.46105598,-0.21617458,-0.45308709,-0.25529010,-0.03474137,-0.09065049,0.21910090,0.03688473,0.27243468,0.14801836,0.15970398,0.42369159,0.30948596,0.15884324,0.15863250,-0.04075656,0.25725367,0.08963603,0.17029649,0.19244613,0.42369159,0.68388988,0.77350725,0.71970225,0.30948596,0.44751841,0.47335466,0.15884324,0.26138851,0.15863250,0.51955946,0.31916971,0.26724411,0.27858447,0.22050791
400,0.16921450,0.41705557,0.43777044,0.45634616,0.47343788,-0.21948483,-0.47166695,-0.24972947,-0.07648748,-0.08291093,0.21178883,0.04225599,0.26167191,0.15860378,0.15488148,0.39892043,0.34054932,0.15449812,0.15855081,-0.03415557,0.24398569,0.08973815,0.16866668,0.19105336,0.39892043,0.69744029,0.78520560,0.74081717,0.34054932,0.47021249,0.49606106,0.15449812,0.26382517,0.15855081,0.54060966,0.32437536,0.25779087,0.26898305,0.22394008
401,0.16288806,0.41649504,0.43538847,0.45437579,0.47185808,-0.21370780,-0.47257562,-0.24590859,-0.06575967,-0.07549515,0.21577212,0.04454751,0.26302583,0.14991833,0.14799388,0.41154334,0.33605922,0.14961338,0.15673965,-0.03291379,0.25083715,0.08983942,0.17173493,0.19381437,0.41154334,0.70224379,0.78486941,0.72700610,0.33605922,0.46168968,0.47715396,0.14961338,0.25236097,0.15673965,0.53651829,0.31795249,0.25932411,0.27082343,0.21299359
402,0.16447099,0.41073797,0.43225498,0.45205082,0.48049009,-0.19420348,-0.47263953,-0.26640307,-0.15695443,-0.07423664,0.21811308,0.04468003,0.25965819,0.15859987,0.16099036,0.32803893,0.42698408,0.14770216,0.15217731,-0.03053211,0.24481113,0.09030788,0.17390538,0.19595559,0.32803893,0.70128234,0.77592155,0.73421526,0.42698408,0.53998883,0.55638077,0.14770216,0.25908109,0.15217731,0.53078873,0.36608158,0.26325016,0.26821672,0.22785953
403,0.16741820,0.40851192,0.43143401,0.45096054,0.48404884,-0.19263625,-0.47124201,-0.24281301,-0.15345989,-0.06648107,0.20826243,0.04897437,0.25305189,0.16479432,0.16485916,0.32539655,0.40844670,0.14626344,0.14757264,-0.02331810,0.22852511,0.09078100,0.17594957,0.19798848,0.32539655,0.69144008,0.76991995,0.73997071,0.40844670,0.52175564,0.54501804,0.14626344,0.25647765,0.14757264,0.53326272,0.35435080,0.25828982,0.26457693,0.23579243
404,0.17335007,0.40329284,0.42493703,0.44393504,0.47765776,-0.17197621,-0.47781181,-0.24716506,-0.20088397,-0.06376692,0.22367204,0.05603060,0.27428770,0.16989204,0.16506282,0.29234041,0.46648875,0.15223844,0.15906446,-0.03592343,0.22584822,0.09150170,0.17906242,0.20108683,0.29234041,0.70979992,0.79041430,0.73558537,0.46648875,0.58083861,0.57755999,0.15223844,0.26056647,0.15906446,0.53216108,0.38426173,0.27889398,0.28976339,0.24308245
405,0.16062451,0.40439310,0.42731725,0.44728959,0.47886849,-0.17912436,-0.47088807,-0.24921657,-0.20640720,-0.06987799,0.21367703,0.04940468,0.25786372,0.15834774,0.16695374,0.27611751,0.46040052,0.14708157,0.14342622,-0.01865246,0.22958786,0.09372041,0.18452792,0.20696393,0.27611751,0.69353439,0.76956481,0.73078487,0.46040052,0.56748467,0.57338370,0.14708157,0.25149607,0.14342622,0.52737558,0.37678654,0.26236735,0.26964297,0.23363999
406,0.16358229,0.38946434,0.42685499,0.44251415,0.47103924,-0.18080534,-0.47155521,-0.28669848,-0.32850799,-0.08017044,0.22181803,0.03969949,0.26812350,0.15546302,0.16506482,0.17909848,0.59041512,0.14598810,0.15696449,-0.01153194,0.22769490,0.09498461,0.18810057,0.21072233,0.17909848,0.70153517,0.77892116,0.73153655,0.59041512,0.69142476,0.67933078,0.14598810,0.25999391,0.15696449,0.53180402,0.47428102,0.26987210,0.27801865,0.22975785
407,0.17055738,0.39710941,0.43350125,0.44766406,0.46909447,-0.18957892,-0.48214857,-0.29848884,-0.31258719,-0.07860904,0.21952804,0.03917284,0.27092528,0.14999465,0.16675456,0.20310978,0.57951227,0.14457307,0.15289354,-0.02142061,0.20839117,0.09603312,0.19039023,0.21323883,0.20310978,0.71155446,0.79426290,0.74254118,0.57951227,0.68699186,0.67285038,0.14457307,0.24847946,0.15289354,0.54375268,0.47230103,0.26435297,0.27988321,0.22831800
408,0.16561785,0.39099913,0.43045755,0.44524941,0.47784251,-0.19512583,-0.47282336,-0.28891542,-0.32320552,-0.06845515,0.21446684,0.04714837,0.27013186,0.15888010,0.16224907,0.17841576,0.58515153,0.14573979,0.15646432,-0.01642948,0.20954282,0.09849040,0.19571177,0.21909691,0.17841576,0.70019446,0.78947815,0.73881097,0.58515153,0.69567127,0.67877155,0.14573979,0.24932063,0.15646432,0.53907730,0.47563886,0.25852017,0.28027544,0.23041566
409,0.17095947,0.38278088,0.42712552,0.44101185,0.47480190,-0.19123238,-0.45518229,-0.26257512,-0.36094699,-0.05839419,0.21612476,0.05551916,0.26981822,0.16942685,0.14934477,0.12072894,0.61491714,0.14130245,0.16677908,-0.02205376,0.20349609,0.10046158,0.20009064,0.22389460,0.12072894,0.68516242,0.77208237,0.71343817,0.61491714,0.71698994,0.68323144,0.14130245,0.25121985,0.16677908,0.52095883,0.48544006,0.26007325,0.28380451,0.23136453
410,0.17585976,0.36386062,0.42388802,0.43863815,0.46860510,-0.18171538,-0.46023176,-0.24739421,-0.37701834,-0.05568063,0.22019675,0.05803529,0.27104796,0.16964634,0.16502299,0.11039911,0.63015168,0.14279016,0.15492235,-0.01747033,0.18880069,0.10301066,0.20496359,0.22939326,0.11039911,0.69264281,0.77599272,0.72669090,0.63015168,0.72820218,0.69969420,0.14279016,0.24782913,0.15492235,0.52277900,0.49311219,0.26625490,0.28568479,0.24226063
411,0.17493021,0.36584279,0.41617393,0.43104925,0.46213945,-0.17768607,-0.44942192,-0.25200456,-0.35743473,-0.05326393,0.23279895,0.05758261,0.28210455,0.17060194,0.15556454,0.12309888,0.62544849,0.14225042,0.17058807,-0.01427014,0.18171344,0.10470181,0.21270999,0.23708229,0.12309888,0.69386763,0.77460778,0.70754943,0.62544849,0.72265737,0.68127390,0.14225042,0.25406202,0.17058807,0.51473170,0.48574098,0.28406572,0.29870702,0.23900956
412,0.16758890,0.36416040,0.41779324,0.43583955,0.47130123,-0.17740942,-0.45667278,-0.25266455,-0.37029121,-0.05037856,0.22663263,0.06140381,0.27386606,0.16939050,0.14254890,0.11942331,0.63311973,0.14543502,0.17075219,-0.00871507,0.20044513,0.10782357,0.21770963,0.24294733,0.11942331,0.69551075,0.77592095,0.70306166,0.63311973,0.73022470,0.68225999,0.14543502,0.25413449,0.17075219,0.52086457,0.49527073,0.27670068,0.28935651,0.22800935
413,0.15673713,0.36059623,0.41372697,0.43219736,0.46806764,-0.18043444,-0.45687752,-0.25055170,-0.38377586,-0.04567633,0.22908342,0.06374990,0.28010391,0.16794232,0.14207760,0.10410609,0.64885688,0.14446792,0.17367551,-0.00630300,0.20630109,0.10911863,0.22357716,0.24878429,0.10410609,0.69993082,0.78470445,0.70498906,0.64885688,0.74737746,0.68947940,0.14446792,0.24958079,0.17367551,0.52868392,0.50818168,0.28360287,0.29860227,0.22952240
414,0.15642475,0.37157224,0.41403168,0.43523458,0.46823122,-0.17680314,-0.45941735,-0.24049327,-0.36804954,-0.04340339,0.23398964,0.06821410,0.28145319,0.16945784,0.13534127,0.11343115,0.63596646,0.14451177,0.17819032,0.00300406,0.20368815,0.11205032,0.22965660,0.25553362,0.11343115,0.70697427,0.78851175,0.69958243,0.63596646,0.73165148,0.66566241,0.14451177,0.25161265,0.17819032,0.52966392,0.49029084,0.28721527,0.30105184,0.22785089
415,0.15475953,0.36025188,0.40917887,0.43233918,0.46499698,-0.17274428,-0.45352354,-0.21872110,-0.37827853,-0.03720054,0.23549139,0.07169642,0.28530592,0.17303297,0.14064939,0.09016864,0.64235589,0.14640361,0.17737038,0.00357357,0.19294280,0.11503315,0.23632453,0.26283437,0.09016864,0.70311996,0.78737988,0.70079975,0.64235589,0.73749571,0.66839710,0.14640361,0.25159148,0.17737038,0.52873020,0.49317711,0.29532192,0.30765297,0.23486840
416,0.15257082,0.31636792,0.40474175,0.42798411,0.45815065,-0.17646025,-0.45479034,-0.20629259,-0.42188227,-0.02729906,0.23432626,0.07645716,0.28490700,0.17765856,0.14411561,0.05872592,0.68232888,0.14746012,0.17423593,-0.00915514,0.18174742,0.11722189,0.24338089,0.27013928,0.05872592,0.70524891,0.78908784,0.70682970,0.68232888,0.77509250,0.70309273,0.14746012,0.24901519,0.17423593,0.52790240,0.52747289,0.30047983,0.30970524,0.24143200
417,0.15499365,0.31143495,0.40229926,0.42510858,0.45209437,-0.16954503,-0.45682653,-0.20906105,-0.44179742,-0.02370754,0.24579660,0.07921270,0.28758980,0.18271660,0.13431425,0.04873683,0.71413251,0.14289759,0.18572374,-0.00144760,0.15839437,0.11888966,0.24795289,0.27498252,0.04873683,0.71818767,0.79384536,0.70143207,0.71413251,0.79725719,0.71487352,0.14289759,0.25778194,0.18572374,0.53406263,0.54577185,0.31128186,0.31449751,0.24137902
418,0.14845860,0.33222511,0.40034603,0.42647658,0.45407731,-0.16528693,-0.45407968,-0.21315469,-0.42128314,-0.02123375,0.24211100,0.07993658,0.27906808,0.17958576,0.12655154,0.05975086,0.69280688,0.14280155,0.18272271,0.00452800,0.14870900,0.12124346,0.25555739,0.28285961,0.05975086,0.71212064,0.78473385,0.69152753,0.69280688,0.77369731,0.69350858,0.14280155,0.25553347,0.18272271,0.53404295,0.53037147,0.30625227,0.30469567,0.23332143
419,0.14576693,0.32633459,0.39983605,0.42660728,0.45866320,-0.17354369,-0.44877080,-0.20961007,-0.41317357,-0.01977853,0.24037981,0.07867442,0.27724845,0.17906543,0.13106655,0.05184082,0.68255738,0.14187467,0.17824832,0.00667349,0.16064834,0.12363553,0.26107867,0.28887335,0.05184082,0.70729676,0.78060124,0.69599543,0.68255738,0.76257072,0.68893281,0.14187467,0.25362215,0.17824832,0.53247009,0.52131249,0.30511508,0.30240325,0.23378736
420,0.13945320,0.33163960,0.39447584,0.42459399,0.45611445,-0.17189118,-0.43959714,-0.20732373,-0.40733014,-0.01926052,0.23945483,0.07722305,0.27666671,0.17690977,0.13253387,0.04796053,0.67575753,0.14123756,0.17600976,0.00345669,0.15445664,0.12559027,0.26708293,0.29513761,0.04796053,0.69825976,0.77351065,0.69099780,0.67575753,0.75595752,0.68332627,0.14123756,0.25016972,0.17600976,0.53254851,0.51844585,0.30653400,0.30229517,0.23435385
421,0.14041779,0.35087911,0.39476302,0.42335119,0.45218663,-0.16359491,-0.43878402,-0.20595302,-0.35815714,-0.01763596,0.23993422,0.07749554,0.28234809,0.17428451,0.15215903,0.09110971,0.62990679,0.14123351,0.16289438,-0.00013708,0.15121650,0.12680765,0.27150732,0.29966048,0.09110971,0.69704413,0.77658728,0.70226785,0.62990679,0.71746044,0.65875810,0.14123351,0.23804452,0.16289438,0.53180078,0.48267415,0.30625853,0.30754876,0.24460164
422,0.14266306,0.36508271,0.39950607,0.42840210,0.45547471,-0.15680366,-0.44903223,-0.20157233,-0.33252666,-0.02562042,0.22932149,0.07152113,0.27217385,0.16790161,0.15004852,0.12551844,0.59223928,0.13678840,0.15617387,0.00910827,0.15227065,0.12665774,0.27340264,0.30131575,0.12551844,0.69524972,0.77399510,0.70412120,0.59223928,0.68033878,0.62952511,0.13678840,0.23176546,0.15617387,0.54066042,0.45895120,0.29242786,0.29650599,0.23887914
423,0.14429921,0.35728405,0.40445798,0.43051966,0.45774161,-0.15452651,-0.44327145,-0.20248043,-0.38158765,-0.02369790,0.22662406,0.07377491,0.27027210,0.16804723,0.15121580,0.08292234,0.63719364,0.13568331,0.15223282,0.01400160,0.14931794,0.12682229,0.27456789,0.30244242,0.08292234,0.68873047,0.76951335,0.70157386,0.63719364,0.72327796,0.66807503,0.13568331,0.22660568,0.15223282,0.53654263,0.49036097,0.28296380,0.29250673,0.23769884
424,0.14704198,0.35463910,0.40087297,0.43016611,0.45615001,-0.15532823,-0.45094501,-0.19942670,-0.36176151,-0.02568173,0.22288281,0.07238807,0.26846268,0.16790546,0.15876946,0.10096742,0.61351575,0.13981779,0.14611854,0.01372332,0.14958289,0.12773294,0.27480853,0.30304361,0.10096742,0.69125789,0.77398641,0.71475980,0.61351575,0.70362556,0.65910975,0.13981779,0.22826822,0.14611854,0.54486119,0.48090409,0.28754654,0.29263493,0.24366584
425,0.14714977,0.35378366,0.40396322,0.43084428,0.45950276,-0.15922010,-0.44999664,-0.19751607,-0.36848309,-0.02070300,0.22241886,0.07721627,0.26838653,0.16952827,0.15580982,0.09203562,0.62018426,0.14095010,0.14641551,0.01128306,0.14560326,0.12826898,0.27440011,0.30289990,0.09203562,0.69162665,0.77608001,0.71488903,0.62018426,0.71074633,0.66238916,0.14095010,0.22769974,0.14641551,0.54321990,0.48224307,0.28409671,0.29197182,0.24054188
426,0.14857105,0.36744889,0.40339312,0.43281717,0.45898788,-0.16678832,-0.45401343,-0.20117603,-0.35569987,-0.02621781,0.22627733,0.07031412,0.26459049,0.16324478,0.14989574,0.10447837,0.61150665,0.13875197,0.14805835,0.01108186,0.14925435,0.12766293,0.27302619,0.30139861,0.10447837,0.69883867,0.77519893,0.71128372,0.61150665,0.69576594,0.64640318,0.13875197,0.22896876,0.14805835,0.54650611,0.47707339,0.28916211,0.28699613,0.23387343
427,0.14412084,0.36242448,0.40572241,0.43519825,0.46057459,-0.17311677,-0.46292058,-0.20137352,-0.38423642,-0.03005144,0.22169409,0.06851947,0.25943491,0.16299597,0.14469389,0.08360412,0.63316652,0.14079299,0.14903545,0.01082625,0.15381117,0.12813942,0.27256130,0.30117997,0.08360412,0.70253159,0.77819959,0.71497726,0.63316652,0.71595448,0.66451963,0.14079299,0.23246987,0.14903545,0.55107373,0.49764162,0.28560293,0.28127759,0.22997800
428,0.15096155,0.36246220,0.40742107,0.43609979,0.46504766,-0.16456892,-0.47492327,-0.20504364,-0.37022259,-0.02942980,0.22628682,0.07080082,0.26559819,0.16898602,0.13941127,0.11349134,0.62417857,0.14266194,0.16077248,0.00885097,0.15665767,0.12810235,0.27144416,0.30015354,0.11349134,0.71509480,0.78800036,0.71452302,0.62417857,0.70865805,0.65324629,0.14266194,0.24314169,0.16077248,0.54800383,0.48411344,0.29119440,0.28840135,0.23011396
429,0.14983252,0.36187280,0.41134430,0.43871255,0.46935813,-0.16586720,-0.48233055,-0.20724271,-0.39345709,-0.02932663,0.22190008,0.07264980,0.26085039,0.17231033,0.12813420,0.10115650,0.64282461,0.14582375,0.16683607,0.01147421,0.15565462,0.12825463,0.26884927,0.29787444,0.10115650,0.71792923,0.79056531,0.71230101,0.64282461,0.72741562,0.66648100,0.14582375,0.24974088,0.16683607,0.55012932,0.50114974,0.28546398,0.28248698,0.22392336
430,0.15495978,0.35952349,0.40853581,0.43664402,0.46539074,-0.16181743,-0.48883202,-0.21123777,-0.40883727,-0.02827950,0.22864186,0.07468819,0.26455241,0.17793221,0.12443968,0.10018981,0.66559436,0.14806902,0.17483830,0.00103227,0.15347076,0.12653330,0.26444403,0.29315750,0.10018981,0.73011622,0.79897454,0.71463645,0.66559436,0.74810948,0.68248552,0.14806902,0.25889890,0.17483830,0.55606026,0.52110326,0.29752216,0.28866562,0.22858007
431,0.15682229,0.34735504,0.40752924,0.43515736,0.46476414,-0.15998368,-0.48348646,-0.20627562,-0.40826365,-0.02524185,0.22764301,0.07808879,0.26948996,0.17561558,0.12684317,0.09709180,0.66389635,0.15052458,0.17328628,-0.00354799,0.15518733,0.12555775,0.26563962,0.29381824,0.09709180,0.72405146,0.79891559,0.70926071,0.66389635,0.75246274,0.68008944,0.15052458,0.25204819,0.17328628,0.54932485,0.51948253,0.29515900,0.29317797,0.22830082
432,0.15683609,0.33864456,0.40742610,0.43291599,0.46252151,-0.16062607,-0.48636130,-0.20363505,-0.41467015,-0.02153296,0.22860628,0.08231998,0.27252076,0.18120320,0.12462366,0.09172876,0.67156590,0.14956310,0.17856835,0.00203333,0.15079514,0.12520672,0.26336702,0.29161432,0.09172876,0.72882777,0.80641789,0.71384504,0.67156590,0.76169237,0.68579118,0.14956310,0.25459522,0.17856835,0.55414633,0.52491875,0.29532383,0.29781390,0.23144592
433,0.15962595,0.33510737,0.41158858,0.43743344,0.46630402,-0.15602000,-0.48642027,-0.20912200,-0.42395783,-0.02419935,0.22355249,0.08042270,0.26500380,0.17709754,0.11329212,0.08410159,0.67560417,0.14621646,0.18038403,0.01536649,0.16492129,0.12444339,0.26212710,0.29016681,0.08410159,0.72299303,0.79826173,0.70064453,0.67560417,0.76182568,0.68101150,0.14621646,0.25307231,0.18038403,0.55276385,0.52568627,0.28517778,0.28883568,0.22119967
434,0.15817016,0.36049481,0.41356490,0.43557817,0.46220409,-0.16324751,-0.47830073,-0.21384803,-0.38979068,-0.02451640,0.22885966,0.08082998,0.27706938,0.17674990,0.12282912,0.10384345,0.64924448,0.14639446,0.18171827,0.00423959,0.16076424,0.12396916,0.26144848,0.28935041,0.10384345,0.72146699,0.80345534,0.70267093,0.64924448,0.74310272,0.66154177,0.14639446,0.24654571,0.18171827,0.54551958,0.49832488,0.28663201,0.29985835,0.22818665
435,0.15947506,0.33430684,0.41361555,0.43945560,0.47119057,-0.16556906,-0.49529463,-0.20909227,-0.43585815,-0.02316602,0.22307618,0.08357828,0.26294399,0.18365015,0.11106084,0.08082319,0.68685661,0.14991904,0.18254936,0.00998210,0.16949910,0.12488332,0.25621538,0.28503011,0.08082319,0.73266779,0.80695044,0.71255178,0.68685661,0.77276769,0.69392345,0.14991904,0.26092359,0.18254936,0.55806334,0.53533561,0.28455204,0.28664013,0.22344228
436,0.16068723,0.34314097,0.41303698,0.43806674,0.46479999,-0.16070388,-0.49521910,-0.21428984,-0.42024506,-0.02184804,0.21960042,0.08466777,0.26130664,0.18149553,0.11034829,0.09635912,0.67119710,0.15006308,0.17964806,0.00748582,0.15513815,0.12256650,0.25472756,0.28268123,0.09635912,0.72905291,0.80632874,0.71015948,0.67119710,0.76143537,0.68377356,0.15006308,0.25467551,0.17964806,0.56301592,0.53037998,0.28393037,0.28652243,0.22397967
437,0.16098578,0.33878667,0.41687169,0.43963835,0.47026112,-0.16644625,-0.49892571,-0.22124183,-0.43490349,-0.02149819,0.21981464,0.08429663,0.26016539,0.18304049,0.10022520,0.09061100,0.68760111,0.14845288,0.18821644,0.00910165,0.15500823,0.12172694,0.25108305,0.27903431,0.09061100,0.73390104,0.80958855,0.70713576,0.68760111,0.77617007,0.69209443,0.14845288,0.25944790,0.18821644,0.56322384,0.54148503,0.27849311,0.28322013,0.21825541
438,0.15917553,0.31657006,0.41093067,0.43552917,0.46129317,-0.16559680,-0.50910994,-0.22100644,-0.44943902,-0.01475520,0.23028399,0.08947835,0.26662573,0.18708670,0.11162565,0.08886809,0.71362581,0.14868978,0.18363290,0.00359047,0.14398176,0.11986411,0.24757872,0.27506840,0.08886809,0.75534282,0.82728763,0.72861903,0.71362581,0.79839126,0.71704163,0.14868978,0.25980573,0.18363290,0.57890122,0.56240132,0.29720035,0.29459023,0.23030619
439,0.15650805,0.31629236,0.40738817,0.43443715,0.46055419,-0.16048026,-0.52259854,-0.21276509,-0.40693927,-0.01236046,0.22970407,0.09249982,0.26149676,0.18850648,0.11171250,0.12786694,0.67127656,0.14876908,0.17945213,0.01721909,0.12930157,0.11848048,0.24753708,0.27443074,0.12786694,0.76880215,0.83868826,0.74608653,0.67127656,0.75476946,0.68435153,0.14876908,0.26394621,0.17945213,0.60077388,0.52998088,0.30023374,0.29233093,0.22968245
440,0.15593641,0.27808162,0.40807974,0.43029922,0.45471648,-0.16452220,-0.51045380,-0.22087750,-0.44955857,-0.01095522,0.22637176,0.09254851,0.27193700,0.18915963,0.12012953,0.08410945,0.71113589,0.15126374,0.18106717,0.01172935,0.10796470,0.11791699,0.24593833,0.27274545,0.08410945,0.75468258,0.83812947,0.74407499,0.71113589,0.80468456,0.72707465,0.15126374,0.25667054,0.18106717,0.59092733,0.56523380,0.29760543,0.30175830,0.23544944
441,0.15146969,0.33559715,0.41099654,0.43357633,0.45876300,-0.17205504,-0.51467032,-0.21625438,-0.37386256,-0.01112431,0.22499057,0.09757848,0.27167141,0.19061142,0.12415248,0.14797494,0.63686364,0.15515446,0.17527317,0.02178980,0.10881549,0.11686740,0.24622611,0.27255327,0.14797494,0.75927416,0.84645840,0.75560751,0.63686364,0.73771067,0.66993374,0.15515446,0.25445211,0.17527317,0.59441469,0.50072423,0.29048681,0.30036519,0.23674652
442,0.15094998,0.33342160,0.41252871,0.43487137,0.46433925,-0.17419934,-0.52169772,-0.22294284,-0.36699484,-0.01158635,0.22585402,0.09698470,0.26840583,0.19409801,0.11234702,0.16392685,0.63285883,0.15522535,0.18564890,0.02545327,0.12457065,0.11723486,0.24212251,0.26901175,0.16392685,0.76620602,0.84780751,0.75290296,0.63285883,0.73109308,0.66450952,0.15522535,0.26778830,0.18564890,0.59706714,0.49995316,0.29534400,0.29850422,0.23252713
443,0.14555621,0.30253844,0.41482316,0.43748541,0.46749455,-0.17873899,-0.52305435,-0.21556200,-0.41737859,-0.00791044,0.20990727,0.09881789,0.25101692,0.19397006,0.10063654,0.11377496,0.66417792,0.15444987,0.18024582,0.04139995,0.12805494,0.11717392,0.24154583,0.26846623,0.11377496,0.75405576,0.83599439,0.74833730,0.66417792,0.75819000,0.68988467,0.15444987,0.26502056,0.18024582,0.59949718,0.53337196,0.28013399,0.28182255,0.22483497
444,0.14988247,0.25791707,0.41472321,0.43794308,0.46726022,-0.17089168,-0.53219616,-0.20352150,-0.47762622,-0.00532438,0.20953738,0.10081761,0.24682925,0.19874705,0.08585291,0.06364854,0.71732529,0.15188012,0.19104761,0.02926248,0.12563545,0.11377196,0.23556477,0.26160050,0.06364854,0.76180364,0.83940974,0.74382245,0.71732529,0.80141940,0.71769111,0.15188012,0.27347472,0.19104761,0.61006061,0.57508538,0.28414356,0.28134405,0.22419805
445,0.14766104,0.26537969,0.41637377,0.44090784,0.47163414,-0.16643554,-0.53515526,-0.20666116,-0.46349719,-0.00430123,0.20250299,0.10387873,0.24144464,0.19740436,0.08809424,0.08272956,0.69892724,0.15713945,0.18185562,0.03428820,0.12991813,0.11343008,0.23491943,0.26087070,0.08272956,0.75716902,0.83786663,0.74606330,0.69892724,0.78891252,0.71205175,0.15713945,0.26859978,0.18185562,0.60973691,0.56560080,0.27535813,0.27458026,0.22210290
446,0.14710000,0.29443045,0.41980053,0.44401232,0.47585570,-0.16945521,-0.53277463,-0.20756491,-0.44651051,-0.00486304,0.19558086,0.10404189,0.23745090,0.20035967,0.08148472,0.09503678,0.67591083,0.16325287,0.18540998,0.05117954,0.12877290,0.11361627,0.23360953,0.25977312,0.09503678,0.74821696,0.83313982,0.74156068,0.67591083,0.77130397,0.69685296,0.16325287,0.27441090,0.18540998,0.60468464,0.54871516,0.26795770,0.26824812,0.22016387
447,0.14778834,0.30745204,0.42459374,0.44992423,0.48369919,-0.16619138,-0.54362101,-0.20279645,-0.42915136,-0.00949128,0.18289581,0.10051103,0.22124917,0.19622654,0.07974755,0.12090146,0.64485303,0.15753497,0.17299705,0.06078992,0.14192917,0.11267276,0.23225979,0.25814679,0.12090146,0.74483699,0.82473900,0.74375645,0.64485303,0.73710077,0.67558772,0.15753497,0.26595743,0.17299705,0.60613224,0.52466449,0.24409162,0.24922724,0.21366163
448,0.14526316,0.35180286,0.42155739,0.44727132,0.48389476,-0.17189719,-0.52784372,-0.18719505,-0.32002803,-0.01095927,0.18896619,0.09624003,0.22048820,0.18910861,0.08287973,0.21022475,0.54395819,0.15287101,0.16816579,0.04783518,0.14463145,0.11209048,0.23419329,0.25963584,0.21022475,0.73622541,0.80939618,0.73172698,0.54395819,0.63636826,0.58889192,0.15287101,0.26168675,0.16816579,0.59295771,0.43960548,0.24806375,0.24701018,0.20852648
449,0.14919213,0.34873855,0.42064074,0.44728262,0.47855763,-0.17648924,-0.54568962,-0.19178072,-0.35233913,-0.01417288,0.18119793,0.09326355,0.22012520,0.19049498,0.07748119,0.19496089,0.56639136,0.15320061,0.17469279,0.03141162,0.13736238,0.10991841,0.22888079,0.25390643,0.19496089,0.74633409,0.82567946,0.74449566,0.56639136,0.66166592,0.60788348,0.15320061,0.26312921,0.17469279,0.61408712,0.46709487,0.24989819,0.24895578,0.21003644
450,0.14332405,0.36723333,0.42291192,0.44925286,0.47802327,-0.19359659,-0.53715747,-0.19348384,-0.33883442,-0.01273301,0.18678644,0.09322278,0.21961759,0.18521289,0.07813637,0.20074883,0.55985556,0.15128041,0.16976276,0.03325531,0.12130418,0.10877690,0.22785225,0.25248577,0.20074883,0.74705745,0.82111397,0.73945725,0.55985556,0.65032785,0.59391944,0.15128041,0.25632789,0.16976276,0.60356860,0.45129207,0.24611320,0.24527204,0.20466235
451,0.14648194,0.34259299,0.41872594,0.44820208,0.47796940,-0.19338709,-0.53451484,-0.20113447,-0.41361836,-0.00975072,0.19437292,0.09340571,0.22538554,0.18346083,0.07756981,0.12761816,0.63992323,0.15526043,0.17392864,0.02194071,0.12254868,0.10848488,0.22465073,0.24947328,0.12761816,0.75184833,0.82231051,0.73337387,0.63992323,0.72352918,0.65087958,0.15526043,0.25997697,0.17392864,0.59841682,0.51298974,0.25871125,0.25092243,0.20347534
452,0.14005964,0.31566215,0.42310414,0.45028517,0.47784418,-0.19739384,-0.54209977,-0.19070926,-0.46044261,-0.00841380,0.18432666,0.09354730,0.21665519,0.17984100,0.07022655,0.09789805,0.67286954,0.15162187,0.17075016,0.01963407,0.11337805,0.10802634,0.22322153,0.24798698,0.09789805,0.75064840,0.82078628,0.73118400,0.67286954,0.75355459,0.67327414,0.15162187,0.25256807,0.17075016,0.60221309,0.54734012,0.24732154,0.24282706,0.19734298
453,0.14547486,0.36572204,0.42323644,0.45118929,0.47850796,-0.17980796,-0.56153779,-0.18466120,-0.33855705,-0.01617250,0.17882461,0.09298921,0.21816213,0.18335493,0.07828928,0.22563361,0.54836225,0.15813824,0.16749114,0.02885377,0.12750308,0.10720834,0.22316556,0.24758129,0.22563361,0.75898682,0.83804704,0.75275528,0.54836225,0.64638917,0.58874373,0.15813824,0.25621639,0.16749114,0.62274364,0.45136402,0.24487374,0.24439689,0.20356006
454,0.13952273,0.34192091,0.42542466,0.45124389,0.47915822,-0.18606070,-0.53618137,-0.18642575,-0.40596884,-0.01262836,0.18163286,0.08835375,0.21703043,0.17236248,0.07695604,0.13578161,0.61540878,0.14479446,0.16425298,0.04040603,0.12998139,0.10694121,0.22630523,0.25030077,0.13578161,0.73870024,0.80999766,0.72263056,0.61540878,0.69821901,0.62568648,0.14479446,0.24161512,0.16425298,0.59232470,0.49278289,0.23656135,0.24035319,0.19219176
455,0.14517030,0.33915456,0.42272388,0.44831101,0.47477213,-0.19379033,-0.54973110,-0.17877743,-0.41185054,-0.01201922,0.17364975,0.08917996,0.21858436,0.18111624,0.07778935,0.14497626,0.61117677,0.14725816,0.16984855,0.04612005,0.12182326,0.10486876,0.22364705,0.24701308,0.14497626,0.74596251,0.82597694,0.74295364,0.61117677,0.70148455,0.63238354,0.14725816,0.24725671,0.16984855,0.60923352,0.49973115,0.24012246,0.24576613,0.20205154
456,0.13610284,0.34411349,0.42288744,0.44826101,0.47723693,-0.19739009,-0.52987750,-0.18236419,-0.42049428,-0.01334203,0.16256902,0.08532382,0.20513337,0.17305380,0.06781905,0.11594201,0.60926706,0.14691057,0.16424035,0.03484568,0.12235335,0.10425878,0.22640871,0.24926050,0.11594201,0.71667478,0.79608048,0.71642335,0.60926706,0.69723792,0.62810671,0.14691057,0.24145706,0.16424035,0.59307937,0.50596047,0.23030024,0.23076680,0.19051667
457,0.13483216,0.35990757,0.42358997,0.45153834,0.48238132,-0.18927731,-0.54438666,-0.17965509,-0.39079987,-0.01672615,0.15708650,0.08389894,0.19595791,0.17475597,0.04994269,0.15743105,0.57406139,0.15096365,0.17347302,0.05163642,0.13236151,0.10277107,0.22437034,0.24678724,0.15743105,0.72265802,0.79905501,0.71255092,0.57406139,0.66252483,0.59396428,0.15096365,0.25420665,0.17347302,0.60452413,0.48112935,0.22662446,0.22062113,0.18492929
458,0.13618844,0.34789842,0.41861880,0.44913178,0.47962546,-0.18851121,-0.52549057,-0.18467238,-0.41425635,-0.01347473,0.16101997,0.08428022,0.20532900,0.16859149,0.06607780,0.11548442,0.60173800,0.15316497,0.16399748,0.04383712,0.14131076,0.10245954,0.22620935,0.24833169,0.11548442,0.70857596,0.78945123,0.70528036,0.60173800,0.69236261,0.62057280,0.15316497,0.24258303,0.16399748,0.58686795,0.50054481,0.23372646,0.22981705,0.18538088
459,0.15070315,0.32270076,0.41865245,0.44165339,0.47019700,-0.17786884,-0.52735425,-0.18253745,-0.46159305,-0.01387065,0.16483862,0.08628953,0.22796976,0.18297005,0.07885111,0.07179728,0.65005757,0.15268372,0.17943350,0.02900900,0.12275766,0.10219755,0.22218639,0.24456315,0.07179728,0.71147253,0.80761725,0.71809962,0.65005757,0.75282272,0.67237380,0.15268372,0.24661957,0.17943350,0.58922425,0.54373391,0.24490464,0.25788206,0.20791164
460,0.14945726,0.33321135,0.40842356,0.43702748,0.46830127,-0.15780900,-0.51937042,-0.20493050,-0.40374635,-0.01701904,0.19080768,0.07905509,0.23550576,0.17081365,0.10132765,0.12496361,0.62486526,0.15224184,0.16492019,0.04817757,0.12244095,0.10342900,0.22853958,0.25085434,0.12496361,0.72486823,0.80430674,0.72323188,0.62486526,0.71538542,0.65413626,0.15224184,0.24919842,0.16492019,0.58687891,0.50706073,0.26814131,0.26047098,0.20491815
461,0.14737406,0.29864024,0.40796605,0.43405175,0.46790169,-0.13805915,-0.52616616,-0.20022295,-0.44936969,-0.01771065,0.20636325,0.08145401,0.25168067,0.17330830,0.11444445,0.09957527,0.68309513,0.14912874,0.16806656,0.04234509,0.11321986,0.10394216,0.22635536,0.24907974,0.09957527,0.74372840,0.82148854,0.73423513,0.68309513,0.77215127,0.70267136,0.14912874,0.25023985,0.16806656,0.58949683,0.54716894,0.27564572,0.27640522,0.21336608
462,0.14423954,0.30717712,0.39812982,0.42827330,0.46208341,-0.12615876,-0.52869169,-0.18540285,-0.43450929,-0.02330721,0.21922754,0.07792423,0.26237748,0.17167069,0.12845349,0.11193200,0.67726345,0.15541694,0.16798747,0.05468520,0.10752986,0.10425162,0.22512077,0.24808821,0.11193200,0.75724407,0.83417474,0.75065440,0.67726345,0.76658793,0.70183250,0.15541694,0.26131553,0.16798747,0.60281205,0.54555252,0.29892984,0.28879434,0.22097200
463,0.14456601,0.33032135,0.39319546,0.42191715,0.46320016,-0.12776730,-0.49091761,-0.18728952,-0.36284573,-0.03729049,0.23436201,0.06661318,0.28207879,0.16390890,0.15031028,0.14130076,0.62106109,0.15178100,0.16891131,0.04323370,0.12528662,0.10591281,0.22716311,0.25064038,0.14130076,0.73588896,0.81833013,0.73999936,0.62106109,0.71630236,0.66029055,0.15178100,0.25970691,0.16891131,0.58186752,0.49539128,0.31002767,0.30649906,0.22994166
464,0.14569601,0.37217976,0.39212500,0.42146393,0.46705675,-0.11740301,-0.45871170,-0.17016190,-0.14354663,-0.04868282,0.23782292,0.05558015,0.28794995,0.15353502,0.16258028,0.31956189,0.41016455,0.15065660,0.16484235,0.03624142,0.10894649,0.10769539,0.23427629,0.25784429,0.31956189,0.70598101,0.78936033,0.71639698,0.41016455,0.52134396,0.50106074,0.15065660,0.25700733,0.16484235,0.55258590,0.35941819,0.30983660,0.30858548,0.22978914
465,0.14517060,0.38810055,0.40098333,0.42343920,0.46117439,-0.11789766,-0.46336890,-0.18225231,-0.22095066,-0.04943413,0.22716402,0.05224491,0.27863110,0.15463815,0.15772180,0.25265063,0.47359263,0.14346979,0.16136808,0.01620601,0.08891690,0.10546438,0.23492998,0.25751666,0.25265063,0.70209488,0.78558627,0.71447214,0.47359263,0.57561555,0.54276858,0.14346979,0.24562891,0.16136808,0.55600462,0.38240761,0.29215671,0.29736568,0.22867526
466,0.14571031,0.39309088,0.39984042,0.42132595,0.45554202,-0.12230559,-0.44456960,-0.17775300,-0.15348447,-0.05328429,0.22963005,0.04495836,0.28345372,0.15129020,0.17266315,0.29777066,0.41095358,0.13584685,0.15576947,0.01042711,0.07857092,0.10560901,0.23610666,0.25864960,0.29777066,0.68670343,0.77017298,0.70815856,0.41095358,0.51530003,0.49860986,0.13584685,0.23601261,0.15576947,0.54036818,0.34476574,0.29127101,0.30207193,0.23945491
467,0.15077161,0.38773206,0.39556172,0.41209738,0.44605432,-0.12606119,-0.43466627,-0.18409262,-0.26651486,-0.05227694,0.22672177,0.04491000,0.28658370,0.15277669,0.18441041,0.17912617,0.51543001,0.13776159,0.15039039,0.00196929,0.08005515,0.10283356,0.23469048,0.25623107,0.17912617,0.67179912,0.76025441,0.70567421,0.51543001,0.61663570,0.58832650,0.13776159,0.23221341,0.15039039,0.52358534,0.40446084,0.28900598,0.30502353,0.24977871
468,0.15537235,0.36780217,0.39769829,0.41785348,0.45034763,-0.13486580,-0.43714767,-0.19213987,-0.33796377,-0.04561944,0.21175358,0.05106263,0.27061207,0.15812415,0.17112542,0.11533013,0.57507395,0.14282686,0.14748253,-0.00536421,0.09089689,0.10113459,0.23064432,0.25184322,0.11533013,0.66222917,0.75470514,0.70542314,0.57507395,0.67733525,0.64675191,0.14282686,0.23363981,0.14748253,0.53219763,0.46680319,0.27810303,0.28889588,0.24258357
469,0.16371169,0.26709824,0.39934382,0.42392771,0.45968687,-0.13948934,-0.44293176,-0.20373892,-0.46506465,-0.05361204,0.21581218,0.04960807,0.26972377,0.15794076,0.15501289,0.06814769,0.70104389,0.14938754,0.15963138,-0.00859929,0.11515310,0.10216214,0.22238478,0.24472861,0.06814769,0.66777838,0.75478926,0.69317338,0.70104389,0.79488999,0.74278114,0.14938754,0.24966199,0.15963138,0.52891074,0.56966241,0.28944920,0.28917755,0.23135933
470,0.17320682,0.31041503,0.40973330,0.43335176,0.46036021,-0.15474606,-0.45011945,-0.24294692,-0.43762964,-0.06210918,0.23136628,0.04570886,0.29289239,0.14940692,0.17495278,0.09201948,0.69647042,0.15425696,0.15800596,-0.01837701,0.14254653,0.10255660,0.21482331,0.23804813,0.09201948,0.68931040,0.78183056,0.71227541,0.69647042,0.80180331,0.74900422,0.15425696,0.24453321,0.15800596,0.52524170,0.55735729,0.29713304,0.30816773,0.23957203
471,0.17564155,0.31069142,0.40490153,0.42844672,0.45584112,-0.16835903,-0.43122562,-0.24786143,-0.43181356,-0.06746568,0.24172769,0.04202369,0.29389148,0.14771002,0.17286473,0.08174851,0.70159119,0.15134654,0.16144377,-0.02304687,0.14274516,0.10178470,0.21380928,0.23680061,0.08174851,0.68299563,0.76961422,0.70143495,0.70159119,0.79935491,0.74560946,0.15134654,0.24966453,0.16144377,0.51793256,0.55771932,0.30518571,0.30829556,0.23715578
472,0.18352797,0.34422958,0.40663519,0.43021280,0.44318448,-0.19365636,-0.41756375,-0.29996459,-0.38267646,-0.07922640,0.25699767,0.03027502,0.30038916,0.13043175,0.19453404,0.11912469,0.68284085,0.14954421,0.14596315,-0.02159194,0.17075546,0.10145722,0.21264484,0.23560856,0.11912469,0.68606383,0.76548366,0.70886683,0.68284085,0.78060433,0.74513638,0.14954421,0.24071315,0.14596315,0.50722139,0.54857213,0.31423531,0.31000989,0.24231089
473,0.18572896,0.36009441,0.41204563,0.43440577,0.44501395,-0.19898481,-0.41747281,-0.28998730,-0.36629975,-0.07523222,0.25926040,0.03656949,0.30253313,0.13767038,0.18759914,0.11076359,0.66752714,0.14966216,0.15307533,-0.02753748,0.17586099,0.10191801,0.20955831,0.23302782,0.11076359,0.69001463,0.77091092,0.70719263,0.66752714,0.76571797,0.72275422,0.14966216,0.24218783,0.15307533,0.50755962,0.52806042,0.31172178,0.31185915,0.24169842
474,0.18643899,0.34609677,0.40617464,0.42399462,0.43507199,-0.21409863,-0.39305877,-0.29521300,-0.34255957,-0.07537552,0.27240423,0.03276559,0.31016476,0.12933496,0.19998798,0.10347303,0.65982037,0.14459209,0.14665425,-0.02743219,0.17540100,0.10173184,0.21296840,0.23601887,0.10347303,0.68194044,0.75881970,0.70135899,0.65982037,0.75290479,0.71433670,0.14459209,0.23693009,0.14665425,0.49363175,0.51570113,0.32177415,0.31870539,0.24536551
475,0.19202077,0.34194593,0.40998889,0.42444521,0.43114013,-0.22764424,-0.38366342,-0.29281109,-0.35880055,-0.07855853,0.27070240,0.03323779,0.31659229,0.13344593,0.21146131,0.07204354,0.67002880,0.14695548,0.14538926,-0.02374556,0.16242997,0.10196766,0.20913761,0.23267132,0.07204354,0.67419633,0.76174938,0.71302546,0.67002880,0.76809216,0.73255433,0.14695548,0.23790369,0.14538926,0.49547014,0.51870021,0.31995254,0.32546662,0.25741628
476,0.18979366,0.29284737,0.40321014,0.41455007,0.42126609,-0.23563272,-0.37390577,-0.31044890,-0.38065390,-0.08506606,0.27463588,0.02967191,0.32201003,0.13599515,0.22096080,0.07577162,0.69786863,0.15138923,0.14683261,-0.02789393,0.15690432,0.10148819,0.20918619,0.23250530,0.07577162,0.66974301,0.76162113,0.72077623,0.69786863,0.79878550,0.76953715,0.15138923,0.24587726,0.14683261,0.49925104,0.54763414,0.32881506,0.33148918,0.26778179
477,0.19067991,0.32810571,0.40170998,0.41660947,0.42156736,-0.23304934,-0.39338798,-0.31452815,-0.32492685,-0.07599732,0.28524469,0.04250571,0.33165205,0.14376981,0.22043593,0.10674081,0.66037391,0.15621515,0.15049765,-0.02355534,0.14965288,0.10086814,0.20729815,0.23053613,0.10674081,0.70056796,0.79306465,0.74015256,0.66037391,0.76726740,0.73443001,0.15621515,0.24830629,0.15049765,0.51394736,0.51333821,0.33573491,0.34147903,0.27090126
478,0.19061382,0.34092624,0.40434687,0.42004539,0.42508049,-0.23567184,-0.40420325,-0.30470186,-0.30331359,-0.07300717,0.28162033,0.04606332,0.32611055,0.14699513,0.20251809,0.12229286,0.63357689,0.15325245,0.15972917,-0.02135410,0.13815545,0.10183089,0.20644286,0.23019163,0.12229286,0.70845186,0.79835348,0.73584971,0.63357689,0.73819423,0.69854072,0.15325245,0.25151970,0.15972917,0.52048400,0.48825650,0.33042282,0.33692213,0.25826994
479,0.17893540,0.31245289,0.39636860,0.41447281,0.41993514,-0.23376431,-0.41090294,-0.31318206,-0.32872944,-0.06974752,0.28170900,0.04711767,0.32013264,0.14652091,0.19653208,0.11433490,0.66134856,0.15003843,0.15925968,-0.02354241,0.14716850,0.10279610,0.20829945,0.23228366,0.11433490,0.71524957,0.79860136,0.73670907,0.66134856,0.75922749,0.71944927,0.15003843,0.25312691,0.15925968,0.52852298,0.51351710,0.33425332,0.33330965,0.25376558
480,0.18251353,0.31442474,0.39448688,0.41473478,0.41950205,-0.24278956,-0.40348784,-0.33910465,-0.33895945,-0.08319136,0.29250585,0.03819207,0.32881749,0.13538278,0.19331005,0.11622513,0.68459896,0.15395822,0.16687297,-0.02002495,0.17736096,0.10066429,0.21013750,0.23300444,0.11622513,0.71796854,0.80097661,0.72634060,0.68459896,0.78231461,0.73084296,0.15395822,0.25765460,0.16687297,0.52571909,0.52984550,0.34311767,0.33864749,0.24485523
481,0.18609090,0.33198406,0.39895445,0.41943669,0.41952938,-0.24438905,-0.40127587,-0.33893068,-0.33478404,-0.07797230,0.28151697,0.03867929,0.32837021,0.13587151,0.19106411,0.11729734,0.67195547,0.15782308,0.16822509,-0.01755568,0.18079906,0.10033074,0.20904261,0.23187296,0.11729734,0.70731560,0.80204264,0.72556519,0.67195547,0.77878971,0.72546390,0.15782308,0.25126760,0.16822509,0.52797841,0.52510925,0.33349287,0.33705986,0.24325233
482,0.18174530,0.33018874,0.40491892,0.42082443,0.42057332,-0.24917581,-0.43550137,-0.34149766,-0.35531569,-0.07914409,0.27165169,0.04177426,0.32522594,0.13688646,0.18736977,0.12759710,0.68176117,0.15577815,0.16750400,-0.01388298,0.18338684,0.09961470,0.20574876,0.22859493,0.12759710,0.73286888,0.83251967,0.75343124,0.68176117,0.79279658,0.73659634,0.15577815,0.24695846,0.16750400,0.55770089,0.53454007,0.32183549,0.33550691,0.24192140
483,0.18095893,0.33785351,0.40547974,0.42269907,0.42122940,-0.24349834,-0.44284943,-0.33225880,-0.35093398,-0.07380532,0.27311370,0.04517092,0.33037111,0.14034662,0.18915616,0.13121954,0.67709126,0.15901746,0.17029639,-0.01209498,0.18400841,0.09908423,0.20299184,0.22588354,0.13121954,0.73981262,0.84179416,0.75755736,0.67709126,0.79060102,0.73022869,0.15901746,0.24618415,0.17029639,0.55700356,0.52469191,0.32366382,0.34043029,0.24557436
484,0.19056364,0.32874808,0.40960274,0.42498096,0.42288108,-0.24070715,-0.42508580,-0.33047593,-0.38491660,-0.07026928,0.26439619,0.04710157,0.31934584,0.14077846,0.18342067,0.10193616,0.70107779,0.15531377,0.16512988,-0.01341962,0.17638714,0.09783566,0.20025229,0.22287394,0.10193616,0.71404601,0.81386637,0.73476956,0.70107779,0.80999649,0.74937369,0.15531377,0.24028942,0.16512988,0.53686600,0.54381929,0.31152489,0.32897068,0.24087507
485,0.19213167,0.32252175,0.40294306,0.42314633,0.42407103,-0.24131388,-0.41837275,-0.32023614,-0.36920173,-0.06924273,0.26949369,0.04820195,0.31297932,0.14219227,0.17948315,0.09591114,0.68819297,0.15450572,0.16326643,-0.01469544,0.16052385,0.09681073,0.19791922,0.22032779,0.09591114,0.71304609,0.80384786,0.72920957,0.68819297,0.78826022,0.73138730,0.15450572,0.24670762,0.16326643,0.53567299,0.53122498,0.31919552,0.32345872,0.23848343
486,0.18799791,0.31102550,0.40500670,0.41936881,0.41753113,-0.24722521,-0.40927015,-0.32445575,-0.32312092,-0.08232537,0.27401157,0.04039779,0.32308246,0.13390768,0.19963389,0.11634986,0.64834957,0.15376592,0.15489469,-0.02002916,0.17641170,0.09579472,0.19621623,0.21835164,0.11634986,0.70541733,0.79884364,0.73207559,0.64834957,0.75718385,0.71196706,0.15376592,0.24276846,0.15489469,0.52401372,0.51094787,0.32532265,0.33440908,0.25131369
487,0.19123732,0.29414778,0.40338557,0.42169855,0.42022684,-0.25134937,-0.39502902,-0.31678823,-0.33425349,-0.07571893,0.27561110,0.04611029,0.32043348,0.14305002,0.18897852,0.08963969,0.65932937,0.15664513,0.16336549,-0.02121992,0.17125377,0.09676590,0.19252526,0.21547533,0.08963969,0.69741106,0.79193525,0.72421202,0.65932937,0.76461754,0.71454689,0.15664513,0.25225367,0.16336549,0.52459349,0.51426420,0.32784020,0.33184139,0.24703787
488,0.19002958,0.32753606,0.40702612,0.42238106,0.41466239,-0.27020013,-0.38946406,-0.34291627,-0.29748613,-0.08056806,0.28964325,0.03999334,0.32336651,0.13574424,0.20586989,0.11813922,0.64781411,0.15112996,0.15168164,-0.02741257,0.20259524,0.09471407,0.19050522,0.21275102,0.11813922,0.70796133,0.79143520,0.73453941,0.64781411,0.74739761,0.71214698,0.15112996,0.24500747,0.15168164,0.51786017,0.50578813,0.33369559,0.33133407,0.25525857
489,0.19539686,0.30705987,0.40433151,0.42576178,0.41402932,-0.27487353,-0.36945158,-0.34312485,-0.34084668,-0.08162542,0.29197704,0.03899947,0.31852195,0.13807904,0.20342612,0.07468771,0.68745378,0.15935486,0.15236543,-0.02673793,0.19823479,0.09434370,0.18844967,0.21074633,0.07468771,0.69275827,0.77549962,0.72402597,0.68745378,0.77909800,0.74173118,0.15935486,0.25283133,0.15236543,0.51228573,0.52902799,0.33967531,0.32516578,0.25425748
490,0.19756868,0.35589723,0.40905960,0.42965053,0.41754868,-0.28617553,-0.37263122,-0.34678913,-0.28068214,-0.08684515,0.28976511,0.03366891,0.31441244,0.12939049,0.18613277,0.11040279,0.63008751,0.15597657,0.16029768,-0.01964596,0.19653382,0.09178151,0.18479439,0.20633180,0.11040279,0.69397875,0.77286484,0.71085725,0.63008751,0.72407747,0.68362597,0.15597657,0.25512438,0.16029768,0.51285987,0.49453903,0.33759685,0.32078468,0.23521499
491,0.18905731,0.35496035,0.41017097,0.42574335,0.41817104,-0.29720897,-0.38019312,-0.36239637,-0.24768819,-0.09633449,0.28836473,0.02793931,0.31791261,0.12720654,0.18923062,0.14767843,0.60218131,0.15298600,0.16266421,-0.01547930,0.21326106,0.09041722,0.18515483,0.20605239,0.14767843,0.70115269,0.78453189,0.72442491,0.60218131,0.70363718,0.67188633,0.15298600,0.25648181,0.16266421,0.52603130,0.48692763,0.33633040,0.32466094,0.23749995
492,0.17221984,0.38958428,0.40742849,0.42185893,0.42056996,-0.31537402,-0.35963689,-0.28259438,0.05848063,-0.09704164,0.29821438,0.02150061,0.32296417,0.11644397,0.18635536,0.41967348,0.31040224,0.14694720,0.16636169,-0.01453669,0.22155768,0.08757252,0.18835947,0.20772153,0.41967348,0.69505048,0.77304454,0.70905084,0.31040224,0.43000427,0.44505355,0.14694720,0.25499642,0.16636169,0.51609712,0.35627459,0.34435665,0.32901286,0.22751839
493,0.16987337,0.38768868,0.40768461,0.42281494,0.41661168,-0.30913267,-0.37456426,-0.25465327,0.08046321,-0.09732149,0.28844044,0.01672238,0.31398174,0.10579219,0.18236214,0.45849694,0.26978025,0.13667802,0.15913168,-0.00142900,0.23170298,0.08643496,0.18782562,0.20675945,0.45849694,0.69817835,0.77207165,0.70728524,0.26978025,0.38440168,0.40277626,0.13667802,0.24237426,0.15913168,0.52314066,0.33890816,0.33488349,0.32184284,0.21935904
494,0.17012632,0.38182019,0.40536749,0.42201064,0.41822802,-0.29897741,-0.38720893,-0.30349706,-0.10389864,-0.09664125,0.26810727,0.02072715,0.29857456,0.11424027,0.16209774,0.28435078,0.42872535,0.14235576,0.16585036,-0.00104024,0.22389121,0.08708149,0.18480840,0.20429716,0.28435078,0.68994588,0.77131379,0.70606347,0.42872535,0.53192196,0.51396608,0.14235576,0.25128446,0.16585036,0.53975909,0.38026880,0.32343830,0.30938270,0.20923102
495,0.16364322,0.37815164,0.40105270,0.42178334,0.41736347,-0.30797498,-0.40125279,-0.26913778,0.04111782,-0.09973714,0.27869985,0.01694580,0.30190349,0.10470421,0.16212881,0.44412736,0.29946827,0.14058476,0.16619297,0.00113910,0.23426568,0.08420932,0.18350086,0.20190041,0.44412736,0.71368311,0.78632219,0.71531121,0.29946827,0.41242781,0.42495366,0.14058476,0.25358217,0.16619297,0.55122906,0.35389824,0.33587563,0.31377932,0.20342174
496,0.16882870,0.37958691,0.41096435,0.42967751,0.42751890,-0.31321929,-0.41718117,-0.30306245,-0.00984945,-0.10132034,0.26899327,0.01589110,0.28962097,0.11106831,0.15087935,0.40761286,0.35078883,0.14241155,0.16889402,0.01124515,0.24191627,0.08331560,0.17862003,0.19709542,0.40761286,0.72037479,0.79123729,0.72462233,0.35078883,0.46123673,0.47242519,0.14241155,0.26019164,0.16889402,0.56430962,0.37841571,0.32828170,0.30098333,0.19851232
497,0.16604308,0.37832119,0.41500402,0.43384685,0.43399680,-0.30926378,-0.41938303,-0.28803552,0.01269475,-0.09984173,0.26643424,0.02166318,0.30223826,0.11425456,0.16094091,0.43342312,0.32105006,0.14999826,0.16921578,0.00383376,0.26447328,0.08411618,0.17680280,0.19579265,0.43342312,0.71772734,0.80158130,0.72848648,0.32105006,0.44572064,0.45334515,0.14999826,0.25512609,0.16921578,0.55294311,0.35769190,0.32376650,0.31195645,0.20760357
498,0.16871938,0.38176719,0.41518919,0.43228150,0.43529067,-0.30662272,-0.41612921,-0.30269268,-0.02047170,-0.09502431,0.26843135,0.02145894,0.30772385,0.11220548,0.15164075,0.39579365,0.35986136,0.14426557,0.18070132,0.00778496,0.25799646,0.08290147,0.17531658,0.19392926,0.39579365,0.71788723,0.80371626,0.71693086,0.35986136,0.47910367,0.46958695,0.14426557,0.25193570,0.18070132,0.55115645,0.36387116,0.32044201,0.31664071,0.19919210
499,0.16311899,0.38668023,0.42187774,0.43714608,0.44236939,-0.31058562,-0.43212523,-0.29736270,-0.06181851,-0.09441201,0.25406716,0.02422231,0.30266891,0.11683315,0.14463641,0.37065627,0.38030579,0.14631639,0.18322133,0.00135540,0.25968709,0.08182040,0.17315567,0.19151361,0.37065627,0.72126625,0.81661675,0.72888030,0.38030579,0.50341995,0.48218987,0.14631639,0.24941099,0.18322133,0.56585019,0.36448563,0.30552724,0.31171222,0.19734038
500,0.17105467,0.38837445,0.42228596,0.43800581,0.43867414,-0.30891266,-0.45998360,-0.29120078,-0.10011744,-0.09473297,0.25780261,0.02591115,0.30935796,0.11821236,0.15057545,0.36036734,0.41286761,0.14904866,0.18383655,-0.00092618,0.24299140,0.08009340,0.16799250,0.18610866,0.36036734,0.75103143,0.84832070,0.75693236,0.41286761,0.53446440,0.50007243,0.14904866,0.25109023,0.18383655,0.58973656,0.37205153,0.31177847,0.31980363,0.20341726
501,0.16518354,0.37328643,0.42171673,0.43714430,0.44150012,-0.30161266,-0.46919733,-0.30778293,-0.15839650,-0.09276235,0.24068383,0.02541294,0.29013361,0.11743369,0.12406224,0.31120009,0.45701046,0.14606006,0.19044205,0.00698963,0.24497220,0.07971489,0.16795328,0.18591065,0.31120009,0.74124126,0.83452965,0.73760667,0.45701046,0.57324934,0.53012762,0.14606006,0.25497249,0.19044205,0.59136976,0.40537627,0.29991048,0.30279911,0.18386238
502,0.16860925,0.37925556,0.42380043,0.43790373,0.44070589,-0.30179980,-0.46904174,-0.30631616,-0.14608385,-0.08904781,0.24534942,0.02826220,0.29449841,0.11921167,0.13267183,0.32315381,0.45222955,0.14342519,0.18603147,0.00780426,0.23230321,0.07905726,0.16743005,0.18515635,0.32315381,0.74732386,0.84042295,0.74615822,0.45222955,0.56833874,0.52825081,0.14342519,0.24944520,0.18603147,0.59158651,0.39778379,0.29789993,0.30578515,0.18988534
503,0.16394037,0.38179626,0.42695918,0.43598349,0.43628558,-0.30910879,-0.48369196,-0.31765134,-0.14086786,-0.09165045,0.25110720,0.03614804,0.31059254,0.13308369,0.14377184,0.34295875,0.45547316,0.15422464,0.19315027,0.00495811,0.21590985,0.08249989,0.16652233,0.18583842,0.34295875,0.76779685,0.87309317,0.77686590,0.45547316,0.58496455,0.54729180,0.15422464,0.25913436,0.19315027,0.60720229,0.40211461,0.30655172,0.32470092,0.21104680
504,0.19101181,0.38196981,0.43742365,0.44722223,0.44326868,-0.27965603,-0.44686691,-0.33533552,-0.23853848,-0.09234391,0.25056831,0.04054990,0.29195689,0.14183330,0.13699692,0.21597333,0.54861561,0.15187297,0.18517960,-0.01601318,0.21522429,0.08501967,0.16602527,0.18652811,0.21597333,0.72326130,0.81151576,0.72651338,0.54861561,0.65987873,0.61679745,0.15187297,0.26626778,0.18517960,0.55140023,0.44666887,0.29343712,0.30097881,0.20775615
505,0.16133905,0.13036136,0.43494207,0.45061648,0.45735211,-0.30952332,-0.46443282,-0.34573458,-0.47512341,-0.09304535,0.22225044,0.03871958,0.26738089,0.14604348,0.10905431,0.05112038,0.74290490,0.15988130,0.19200689,-0.01341118,0.26937448,0.08705200,0.16427170,0.18591191,0.05112038,0.72003242,0.81495325,0.73952873,0.74290490,0.84470631,0.77577407,0.15988130,0.28116307,0.19200689,0.57614077,0.61380084,0.27661407,0.27619405,0.18673704
506,0.17824880,0.36927437,0.43119455,0.45352832,0.46269564,-0.27695315,-0.45557716,-0.33571889,-0.19914284,-0.09378697,0.23836975,0.02922578,0.26320984,0.14106806,0.10540763,0.26875721,0.50209449,0.15920243,0.19437645,0.00972173,0.24990589,0.08601571,0.16884440,0.18949178,0.26875721,0.71776427,0.78637876,0.70799512,0.50209449,0.60645450,0.58893853,0.15920243,0.29424929,0.19437645,0.55246724,0.43847524,0.29855788,0.27056086,0.17976498
507,0.15937584,0.33911721,0.43789106,0.47022401,0.47896803,-0.26862610,-0.47727602,-0.28887326,-0.37003077,-0.08680974,0.17664168,0.03229483,0.18236338,0.15552030,0.04714391,0.14892301,0.58707506,0.16205036,0.18363074,-0.00356512,0.26573713,0.08986413,0.16928621,0.19165955,0.14892301,0.67942097,0.72932272,0.68110637,0.58707506,0.66391959,0.64030461,0.16205036,0.30210369,0.18363074,0.55727205,0.51195754,0.23795559,0.18674931,0.16271267
508,0.14833567,0.27911543,0.43698831,0.46796102,0.49024655,-0.26563792,-0.51340475,-0.25920764,-0.48045283,-0.06839137,0.17133407,0.05668194,0.17821057,0.17608518,0.05327852,0.15069233,0.68691044,0.16503519,0.17541439,-0.02007476,0.20677981,0.09059086,0.16857274,0.19137260,0.15069233,0.71393354,0.76567624,0.72457992,0.68691044,0.76020639,0.72952494,0.16503519,0.30433890,0.17541439,0.58541839,0.59612525,0.22946577,0.18924428,0.18397213
509,0.13344114,0.23343366,0.43383568,0.46404240,0.49135709,-0.23699366,-0.51519562,-0.23426118,-0.51628462,-0.05666695,0.16085278,0.06065808,0.17719159,0.16676553,0.05481355,0.13364344,0.70559870,0.15810763,0.16723522,-0.01515028,0.21817993,0.09037243,0.17365586,0.19576397,0.13364344,0.70114415,0.75600122,0.70580407,0.70559870,0.77793424,0.73626034,0.15810763,0.28737089,0.16723522,0.57519397,0.61175480,0.22154732,0.19084806,0.17561185
510,0.14208619,0.27537462,0.43856228,0.46476504,0.49751137,-0.20764068,-0.52037689,-0.22052741,-0.49335005,-0.04968162,0.15695508,0.06870224,0.18564591,0.17793704,0.08192413,0.11710172,0.67760589,0.15742717,0.15363995,-0.00901182,0.20283088,0.08958323,0.17197227,0.19390621,0.11710172,0.69611767,0.76145495,0.72221901,0.67760589,0.76056809,0.73179265,0.15742717,0.27264012,0.15363995,0.57055703,0.58385568,0.21417349,0.20142788,0.19601645
511,0.15263108,0.29884152,0.42169225,0.44486877,0.48558075,-0.18464608,-0.55889318,-0.19813018,-0.47321365,-0.02831112,0.17441393,0.08026865,0.23053510,0.18768850,0.08254447,0.13488643,0.67366717,0.17051810,0.18858804,-0.01747887,0.12825877,0.08529474,0.17132447,0.19138251,0.13488643,0.75033520,0.83756500,0.75409309,0.67366717,0.78116359,0.71773171,0.17051810,0.28691615,0.18858804,0.61257570,0.58112791,0.26565715,0.25672059,0.20773622
512,0.14250309,0.29273490,0.43147756,0.44909161,0.49054848,-0.15882773,-0.57981072,-0.16626504,-0.53385621,-0.01115660,0.16076578,0.09341090,0.20347221,0.21310409,0.07148238,0.11737107,0.71687996,0.16228908,0.18472259,-0.01128798,0.08573162,0.08503754,0.16855630,0.18879250,0.11737107,0.75547512,0.82831139,0.76357757,0.71687996,0.80747474,0.75721774,0.16228908,0.29253349,0.18472259,0.62369645,0.62260696,0.24766725,0.23504000,0.22592727
513,0.14251357,0.32886512,0.42855813,0.43897055,0.48254549,-0.14453368,-0.57952055,-0.16319212,-0.46988189,-0.01710084,0.16370017,0.08951575,0.23135903,0.20154843,0.09727251,0.13618563,0.65418690,0.16286076,0.18074777,-0.01900702,0.08072006,0.08472151,0.17289030,0.19253257,0.13618563,0.75409483,0.84945863,0.77339828,0.65418690,0.76563195,0.70965537,0.16286076,0.27285990,0.18074777,0.62275966,0.55894009,0.24604293,0.26066289,0.22632893
514,0.13216705,0.34342799,0.42086980,0.43409980,0.48661177,-0.13300913,-0.55957559,-0.14123573,-0.40231687,-0.01641887,0.17038539,0.08455041,0.23329665,0.18911175,0.10112114,0.16863072,0.59018258,0.15850171,0.17453764,-0.00159883,0.09013393,0.08427365,0.17804720,0.19698440,0.16863072,0.73926322,0.82995291,0.75197903,0.59018258,0.69651788,0.64074565,0.15850171,0.26377635,0.17453764,0.60578176,0.49450845,0.24952603,0.25976330,0.21674090
515,0.13647455,0.26119734,0.43229345,0.44293423,0.48917049,-0.11560807,-0.55792032,-0.13384768,-0.54570689,-0.01995767,0.15540727,0.08465484,0.22961594,0.18871479,0.08501029,0.06382026,0.71227050,0.15683788,0.17989930,0.01267680,0.09278014,0.08625617,0.17744848,0.19730203,0.06382026,0.71974633,0.81685074,0.71950177,0.71227050,0.81814510,0.72809509,0.15683788,0.24856216,0.17989930,0.58723312,0.59710981,0.21633804,0.25171460,0.20973927
516,0.13415660,0.39171088,0.41742897,0.43704137,0.48753935,-0.10450998,-0.55515531,-0.13436568,-0.13129458,-0.02610992,0.18684258,0.07488543,0.25036443,0.18018427,0.12696975,0.43001885,0.34105670,0.15576307,0.16739408,0.02813499,0.15089156,0.08578987,0.18369698,0.20274240,0.43001885,0.74616976,0.83039643,0.75112527,0.34105670,0.46316816,0.45332944,0.15576307,0.25719519,0.16739408,0.58989424,0.30160506,0.25919456,0.27260228,0.22339323
517,0.13263880,0.38800637,0.41616353,0.43334032,0.49252039,-0.09980711,-0.52875638,-0.11428579,0.00634733,-0.02054993,0.18396738,0.06880297,0.24584266,0.17369097,0.10625551,0.53636481,0.21181519,0.14565814,0.18273732,0.07155684,0.09028904,0.08699111,0.19403333,0.21264145,0.53636481,0.71790005,0.80340626,0.71557528,0.21181519,0.34331888,0.37486270,0.14565814,0.25794577,0.18273732,0.57438503,0.26114082,0.24958505,0.26482810,0.20428356
518,0.12407078,0.38223265,0.41378811,0.43174515,0.48903545,-0.10025263,-0.54661998,-0.10497016,0.03019011,-0.02171660,0.18806802,0.06577455,0.24906155,0.17582437,0.10876934,0.57772155,0.19172200,0.14997879,0.18799151,0.08768337,0.05878013,0.08820128,0.19659599,0.21547494,0.57772155,0.73984565,0.82536362,0.73954749,0.19172200,0.32839211,0.37450288,0.14997879,0.26933066,0.18799151,0.59688378,0.27269997,0.26113709,0.26813470,0.20728157
519,0.11848313,0.38330493,0.40637759,0.42666781,0.47877196,-0.07685959,-0.54130511,-0.09004445,0.04833297,-0.00236744,0.19878383,0.07734408,0.24630730,0.17871812,0.11298322,0.59051833,0.18939774,0.14062893,0.17788128,0.08526094,0.01351895,0.08878135,0.20296522,0.22153332,0.59051833,0.74519317,0.81659933,0.73334049,0.18939774,0.31570069,0.36612038,0.14062893,0.25993984,0.17788128,0.59110714,0.27388912,0.26792424,0.26855019,0.21190233
520,0.12732212,0.38010986,0.41228888,0.43341550,0.49247307,-0.05857385,-0.52951488,-0.11128486,0.01962399,-0.01924803,0.17876035,0.06019972,0.23351067,0.16368061,0.14834060,0.55297926,0.19901814,0.14487930,0.14806279,0.10200454,0.04015166,0.09297185,0.20551618,0.22556743,0.55297926,0.71038916,0.78592987,0.74338115,0.19901814,0.33034558,0.39154442,0.14487930,0.25225352,0.14806279,0.57175445,0.27044479,0.24706879,0.24883610,0.22090420
521,0.13667909,0.38560058,0.41164928,0.43444595,0.49259619,-0.05344722,-0.54894070,-0.11157885,-0.00068746,-0.01440643,0.17475919,0.06582623,0.22741118,0.17188636,0.12038452,0.55210586,0.21399758,0.13903272,0.16394084,0.10573704,0.04423707,0.09237943,0.20313716,0.22315615,0.55210586,0.72616734,0.79889889,0.73694488,0.21399758,0.33795059,0.39055614,0.13903272,0.25485872,0.16394084,0.59137395,0.26712516,0.24288766,0.24617151,0.20987034
522,0.13903533,0.39621509,0.41721159,0.43630350,0.49339556,-0.06762841,-0.55754137,-0.13182007,0.00007211,-0.02497642,0.17717548,0.06062424,0.23914656,0.17534579,0.09635173,0.56132460,0.22317365,0.14059496,0.19301557,0.08442431,0.01150534,0.09163491,0.20069690,0.22062684,0.56132460,0.74009307,0.82484287,0.73506608,0.22317365,0.35406310,0.39997753,0.14059496,0.26504880,0.19301557,0.60883400,0.27444244,0.23797242,0.25491827,0.20010181
523,0.13746142,0.39431774,0.41613167,0.44004441,0.48843087,-0.08151254,-0.55800011,-0.13956173,0.01752645,-0.03091503,0.18175406,0.05980055,0.24322757,0.17313441,0.11644221,0.57854329,0.21526913,0.14525705,0.17741365,0.07184711,0.04318356,0.09079803,0.19788300,0.21771992,0.57854329,0.74540903,0.83152610,0.75441582,0.21526913,0.35203821,0.40224661,0.14525705,0.25921347,0.17741365,0.61299346,0.28763042,0.24669094,0.25968504,0.20942365
524,0.14510735,0.38470243,0.40387618,0.43212908,0.47728672,-0.10179757,-0.52281145,-0.15021784,0.01730318,-0.03979811,0.20140219,0.05069377,0.25049086,0.15688669,0.15093951,0.54265536,0.23347732,0.13967705,0.15158559,0.05916390,0.08834991,0.09127337,0.19770361,0.21775571,0.54265536,0.73038411,0.80549208,0.75117807,0.23347732,0.35973739,0.40545091,0.13967705,0.24479150,0.15158559,0.58621378,0.30511734,0.26860834,0.26744643,0.22074497
525,0.15311516,0.39145897,0.40732732,0.43719419,0.47157774,-0.11772805,-0.49692010,-0.16042961,-0.01636853,-0.05223471,0.20881551,0.04135272,0.25997696,0.13821052,0.18825495,0.48303514,0.26653601,0.13992929,0.12350986,0.04309906,0.11132487,0.09141896,0.19920625,0.21918155,0.48303514,0.71212027,0.78972746,0.75484264,0.26653601,0.38825344,0.41875049,0.13992929,0.22476045,0.12350986,0.55929432,0.29913855,0.26764532,0.27200868,0.23719832
526,0.15199738,0.37727812,0.39412050,0.42390042,0.45727981,-0.12578165,-0.47353614,-0.17128260,-0.02245605,-0.06614104,0.22425241,0.02776188,0.27405914,0.12480971,0.21289484,0.45375819,0.28476256,0.14152558,0.11808050,0.02879350,0.12758122,0.09264618,0.19993339,0.22035579,0.45375819,0.70455007,0.78199431,0.75719812,0.28476256,0.40414902,0.43615782,0.14152558,0.22657743,0.11808050,0.55249592,0.32400999,0.29406693,0.28825374,0.25326280
527,0.16037416,0.39142482,0.40745204,0.43609135,0.45751126,-0.14291164,-0.44598495,-0.19466801,-0.01087825,-0.08050437,0.22278073,0.02267363,0.27336971,0.11581258,0.22820711,0.43862609,0.27774528,0.13823959,0.10426857,0.01671291,0.15573852,0.09636097,0.19961125,0.22165308,0.43862609,0.67614193,0.75415575,0.74119358,0.27774528,0.39804773,0.43416670,0.13823959,0.21577928,0.10426857,0.51242717,0.29991007,0.27037803,0.27947846,0.25916964
528,0.15655052,0.40017514,0.41451181,0.44169667,0.45686078,-0.15651337,-0.44971937,-0.20438887,-0.05480310,-0.08694687,0.22102649,0.01708417,0.26731943,0.11447092,0.21695796,0.39787114,0.31143575,0.13615916,0.11057809,0.01062869,0.16772586,0.09484476,0.19720559,0.21882773,0.39787114,0.67875501,0.75323259,0.73861273,0.31143575,0.42202122,0.45342905,0.13615916,0.22026151,0.11057809,0.52026965,0.30289435,0.27189991,0.27400758,0.24909765
529,0.16221380,0.39561045,0.41360597,0.43552297,0.44218025,-0.16634170,-0.44954520,-0.23858733,-0.11112273,-0.10706695,0.22235998,0.00061747,0.27584583,0.10012278,0.24057933,0.34656176,0.36755322,0.14059984,0.10589656,0.00616396,0.19092385,0.09598189,0.19510586,0.21743693,0.34656176,0.67738537,0.75653189,0.75356738,0.36755322,0.48030451,0.51456470,0.14059984,0.22327442,0.10589656,0.51818788,0.34031430,0.28110070,0.28266127,0.26599401
530,0.16107081,0.39022094,0.40970752,0.43050330,0.43971706,-0.17732114,-0.43884166,-0.23040924,-0.10287562,-0.11345024,0.22262907,-0.00300983,0.28673054,0.10056675,0.24502024,0.34069906,0.35506621,0.14603840,0.11237277,0.00930904,0.19692886,0.09705152,0.19543926,0.21820976,0.34069906,0.66730830,0.75771497,0.75210743,0.35506621,0.47574807,0.50733549,0.14603840,0.23081804,0.11237277,0.51279484,0.33275564,0.28480658,0.29420251,0.27014097
531,0.16167418,0.39402607,0.41444626,0.43055096,0.43916615,-0.20023367,-0.43407178,-0.26165059,-0.12074186,-0.12252763,0.22662380,-0.01277069,0.29605506,0.09633253,0.24604713,0.32057295,0.38263209,0.14791371,0.12027284,0.00929495,0.21454190,0.09748896,0.19247580,0.21575688,0.32057295,0.66722517,0.76363311,0.75325535,0.38263209,0.50830904,0.53649207,0.14791371,0.23336134,0.12027284,0.50997842,0.35439575,0.28694646,0.30149589,0.26851193
532,0.15506052,0.40318639,0.41859933,0.43604628,0.44308804,-0.20971152,-0.43003190,-0.22552569,0.01912721,-0.11401374,0.23501722,-0.00595039,0.29642056,0.10162590,0.24468158,0.45133066,0.25546226,0.14524523,0.11946064,-0.00913347,0.22457378,0.09879412,0.19164180,0.21560811,0.45133066,0.67294784,0.76285985,0.75228542,0.25546226,0.38577531,0.42785767,0.14524523,0.23012245,0.11946064,0.50405035,0.30198393,0.28790445,0.30001397,0.26814655
533,0.15914855,0.40202164,0.41225674,0.42821610,0.43188263,-0.20882339,-0.41284604,-0.22446933,0.01501404,-0.11405244,0.24835319,-0.00649311,0.30335998,0.10485967,0.24493917,0.43060843,0.26894256,0.14285191,0.12583901,-0.01035234,0.22116760,0.09927783,0.19227384,0.21639158,0.43060843,0.66860566,0.75170413,0.73707951,0.26894256,0.39199784,0.43105336,0.14285191,0.23345382,0.12583901,0.48735989,0.30047763,0.30000078,0.30712652,0.26984274
534,0.15583586,0.39578185,0.40189597,0.41408711,0.42087841,-0.22635140,-0.40551832,-0.23201404,0.07246195,-0.12014353,0.27458028,-0.01288279,0.32322565,0.09595307,0.25327760,0.48013373,0.24377666,0.14017222,0.12941905,-0.01555723,0.22137583,0.09772663,0.19332978,0.21662617,0.48013373,0.68912166,0.76711855,0.74193639,0.24377666,0.36684062,0.40617008,0.14017222,0.23119511,0.12941905,0.48938637,0.31439260,0.32342617,0.32667333,0.27410967
535,0.15533135,0.39127687,0.39925136,0.41093835,0.41596258,-0.23119213,-0.40374916,-0.23032090,0.09803907,-0.12764163,0.28310238,-0.01708832,0.34151559,0.09533250,0.27320468,0.50340634,0.22847735,0.14599794,0.13165141,-0.01930056,0.20750728,0.09814129,0.19162844,0.21529787,0.50340634,0.69611924,0.78481478,0.76213622,0.22847735,0.36168723,0.40560510,0.14599794,0.23729987,0.13165141,0.49311726,0.32274428,0.33208301,0.34454540,0.29172161
536,0.15729295,0.39126033,0.38911654,0.39957719,0.40589021,-0.23882273,-0.38665373,-0.24206682,0.11132080,-0.13672930,0.30324494,-0.02467217,0.35104092,0.08891320,0.28903959,0.49940632,0.23357536,0.14134508,0.12948078,-0.00915930,0.20106092,0.09930673,0.19317644,0.21720719,0.49940632,0.69878297,0.77677377,0.76048275,0.23357536,0.35799304,0.40735110,0.14134508,0.23854868,0.12948078,0.48168141,0.33151977,0.35224720,0.35467120,0.30501168
537,0.15628440,0.38164465,0.37377997,0.38064865,0.39209753,-0.24432848,-0.36254678,-0.24347716,0.12038753,-0.13821641,0.29584770,-0.02958996,0.34650150,0.08101652,0.28736357,0.48326388,0.21691889,0.13843373,0.12570862,-0.00057769,0.18143227,0.09753818,0.19877039,0.22141221,0.48326388,0.66908957,0.75107082,0.73867368,0.21691889,0.34181845,0.39446676,0.13843373,0.23275966,0.12570862,0.46938536,0.33070870,0.34674779,0.35097370,0.30109018
538,0.15951169,0.37432928,0.36392106,0.37289422,0.38800780,-0.24908426,-0.33497028,-0.24387595,0.12360836,-0.14258013,0.29437186,-0.03708737,0.35423554,0.07462088,0.29501651,0.45873882,0.21227231,0.13695833,0.12660743,0.00169994,0.18633551,0.09667798,0.19943726,0.22163450,0.45873882,0.64150536,0.73230212,0.72091777,0.21227231,0.33939045,0.38979016,0.13695833,0.22827116,0.12660743,0.45318217,0.33145533,0.34581937,0.35948297,0.30720040
539,0.16131862,0.36317793,0.34619473,0.35926433,0.37207415,-0.23871030,-0.30805278,-0.23521492,0.14800561,-0.13359437,0.31555319,-0.03185398,0.36608837,0.07501437,0.30649359,0.45634009,0.21476434,0.13149853,0.12270713,0.00250481,0.17027595,0.09823361,0.20193442,0.22456035,0.45634009,0.63651633,0.71863214,0.70562005,0.21476434,0.33566388,0.38475442,0.13149853,0.22201378,0.12270713,0.43100672,0.34223487,0.36045775,0.37029097,0.31763329
540,0.16410143,0.34364766,0.30218466,0.31903918,0.33616154,-0.24200471,-0.27086837,-0.24131966,0.16254325,-0.13893861,0.33464381,-0.03828742,0.38047219,0.06378361,0.32390397,0.43364115,0.21665975,0.12701519,0.11688730,-0.00394492,0.16324495,0.09723232,0.20725412,0.22892880,0.43364115,0.61804226,0.69493058,0.68281091,0.21665975,0.33134742,0.37706160,0.12701519,0.21444861,0.11688730,0.40330970,0.34715480,0.37771251,0.38493913,0.33225280
541,0.16397894,0.31706032,0.26358400,0.28066892,0.30029779,-0.25027776,-0.22491883,-0.23797578,0.17754496,-0.13995374,0.34168887,-0.04430253,0.39229939,0.05112743,0.33497185,0.40277427,0.20737824,0.12476275,0.11139054,-0.00891490,0.16028444,0.09521172,0.21281735,0.23314480,0.40277427,0.58152599,0.66403233,0.65030918,0.20737824,0.32235774,0.36020815,0.12476275,0.20223787,0.11139054,0.37789269,0.34820311,0.38295550,0.39676220,0.34072339
542,0.16436265,0.29487473,0.24687263,0.27971694,0.29032719,-0.24420148,-0.20128927,-0.22385139,0.21324969,-0.12844124,0.35771950,-0.03573996,0.39382562,0.05937366,0.34936717,0.41529556,0.19100003,0.12178169,0.10502351,-0.01648497,0.15203677,0.09563106,0.21708588,0.23721631,0.41529556,0.57467637,0.64512860,0.64394876,0.19100003,0.30127218,0.34972640,0.12178169,0.20161957,0.10502351,0.36222653,0.36332840,0.39572860,0.39745641,0.35633831
543,0.16494780,0.27247014,0.22793800,0.25606225,0.25479793,-0.24090439,-0.18832654,-0.22024517,0.22338764,-0.12414665,0.36455061,-0.03530441,0.39806443,0.05183167,0.35538140,0.41268162,0.18404693,0.11655094,0.09702867,-0.01815834,0.15895554,0.09475063,0.22023107,0.23974863,0.41268162,0.56722514,0.63230379,0.62851567,0.18404693,0.28857008,0.33173591,0.11655094,0.18879025,0.09702867,0.34262819,0.35864391,0.39921644,0.40139186,0.36108777
544,0.16145437,0.28158677,0.21517123,0.24146180,0.24133456,-0.25706572,-0.18803873,-0.24737259,0.20371857,-0.13442301,0.38040557,-0.04509000,0.42042448,0.03965455,0.37618180,0.39210888,0.22039875,0.11816746,0.09559845,-0.02174968,0.17267415,0.09299904,0.21868890,0.23764186,0.39210888,0.58405773,0.65550789,0.64879865,0.22039875,0.32533023,0.36071218,0.11816746,0.18631928,0.09559845,0.35727407,0.36529813,0.41754138,0.42485123,0.38050786
545,0.15723154,0.26327315,0.21288754,0.24161184,0.24757704,-0.27345280,-0.17602214,-0.23543230,0.22926624,-0.13088353,0.37430881,-0.04375291,0.41018507,0.04089847,0.36429388,0.40723105,0.19377856,0.11498163,0.09629127,-0.02076215,0.16343579,0.09318120,0.22135106,0.24016458,0.40723105,0.57199888,0.64269944,0.63821604,0.19377856,0.29873618,0.33801308,0.11498163,0.18412027,0.09629127,0.36348169,0.37178800,0.40874402,0.41385172,0.36812476
546,0.16230225,0.25271121,0.19560189,0.22448521,0.23557578,-0.27224664,-0.15787565,-0.24433353,0.21960729,-0.12959645,0.38646967,-0.04260024,0.41936844,0.04080883,0.37041547,0.37859158,0.21228585,0.11371656,0.09672612,-0.01580984,0.16575452,0.09212982,0.22631225,0.24434634,0.37859158,0.56550728,0.63300578,0.62567044,0.21228585,0.31188890,0.34687041,0.11371656,0.18268274,0.09672612,0.35265008,0.36844302,0.42045791,0.42320717,0.37471818
547,0.16556141,0.24299177,0.19791888,0.22392424,0.23121535,-0.27484282,-0.13846569,-0.23978799,0.23735456,-0.12246267,0.38686205,-0.03623956,0.42404311,0.04719662,0.38072325,0.37754725,0.20225405,0.11518916,0.09401392,-0.02298862,0.16333151,0.09425399,0.22661946,0.24543878,0.37754725,0.55033985,0.62416732,0.62397191,0.20225405,0.30783072,0.34816124,0.11518916,0.18217739,0.09401392,0.34907574,0.37927616,0.41890914,0.42722243,0.38551143
548,0.16244644,0.24015121,0.19025551,0.20909947,0.22784930,-0.28785622,-0.12619570,-0.26312614,0.21268839,-0.13025916,0.38212279,-0.04008879,0.42367462,0.04247228,0.37337518,0.33994747,0.22497039,0.11807688,0.09673766,-0.01809942,0.18220421,0.09317743,0.23002792,0.24818315,0.33994747,0.53499120,0.61466490,0.60987825,0.22497039,0.33306015,0.36742794,0.11807688,0.18322142,0.09673766,0.35091060,0.37710905,0.41624398,0.42721134,0.37800046
549,0.16384137,0.24636592,0.19472403,0.21630996,0.23050219,-0.28783284,-0.12022282,-0.28891639,0.15772188,-0.13296395,0.37885319,-0.03639616,0.41712093,0.04639177,0.37845345,0.27831519,0.27740841,0.12352825,0.09174141,-0.02009006,0.19604789,0.09338253,0.23037532,0.24858215,0.27831519,0.52464429,0.60404995,0.60950967,0.27740841,0.38396715,0.41892190,0.12352825,0.18869891,0.09174141,0.34867579,0.37052367,0.41604053,0.42082142,0.38459739
550,0.16720072,0.27468896,0.21718205,0.22906863,0.22379671,-0.29601661,-0.09146336,-0.23605965,0.17007461,-0.11872472,0.32637336,-0.02997967,0.38469606,0.04488631,0.38005181,0.26850758,0.20560342,0.11900606,0.07802594,-0.02139924,0.22255435,0.09257150,0.23426034,0.25188765,0.26850758,0.45708031,0.55594858,0.58817974,0.20560342,0.31992363,0.36366358,0.11900606,0.17518200,0.07802594,0.34062944,0.32803679,0.35819335,0.38735429,0.38668923
551,0.15794514,0.28164620,0.21098916,0.22316307,0.22634349,-0.30689784,-0.07754654,-0.25760769,0.16709456,-0.12310146,0.35915847,-0.02662069,0.41915815,0.04665112,0.39377989,0.24957453,0.24211952,0.12714644,0.07997564,-0.02411064,0.20941566,0.09123804,0.23234012,0.24961232,0.24957453,0.47727074,0.58170106,0.59678438,0.24211952,0.36149493,0.39183266,0.12714644,0.17725893,0.07997564,0.35257074,0.34541411,0.39207833,0.42197814,0.40110155
552,0.15263919,0.25873053,0.19859594,0.21564166,0.22777141,-0.31633455,-0.05514451,-0.24041439,0.23634173,-0.12079912,0.40535943,-0.02914541,0.44431382,0.04894313,0.38672240,0.30124551,0.21347925,0.11982427,0.09857770,-0.03246972,0.19329086,0.09189744,0.23741394,0.25457911,0.30124551,0.50347853,0.58915101,0.58296925,0.21347925,0.31929378,0.34143604,0.11982427,0.17771635,0.09857770,0.36161518,0.37392399,0.43699531,0.44735629,0.39448546
553,0.14296175,0.23123957,0.17953671,0.20272608,0.21750484,-0.30531239,-0.07016539,-0.25412811,0.27436910,-0.11699889,0.43320512,-0.02573852,0.45761801,0.04812042,0.38806395,0.34831578,0.21557854,0.11606960,0.10189164,-0.03440112,0.18801041,0.09215179,0.24023855,0.25730627,0.34831578,0.53972517,0.60861539,0.58861333,0.21557854,0.31526786,0.34031903,0.11606960,0.18073862,0.10189164,0.35392877,0.40856376,0.46325545,0.46081386,0.39518397
554,0.14129340,0.19596493,0.18081473,0.20605297,0.22387525,-0.32203028,-0.06838160,-0.23927282,0.34141344,-0.11903765,0.43587236,-0.03743882,0.45394384,0.03211293,0.38367168,0.41822049,0.16562336,0.10963737,0.09906409,-0.02887654,0.20305277,0.08934487,0.24332996,0.25921415,0.41822049,0.54609490,0.60747357,0.58608341,0.16562336,0.26743548,0.30320698,0.10963737,0.17253747,0.09906409,0.36862614,0.45298435,0.46586938,0.45746615,0.38808080
555,0.14817499,0.20267816,0.18266493,0.20442673,0.22142549,-0.31140477,-0.07341889,-0.24221129,0.33784257,-0.11546678,0.43530044,-0.03041112,0.45389341,0.03871325,0.38522056,0.41716635,0.17224482,0.11336937,0.09762920,-0.03038867,0.19043573,0.09198864,0.24751696,0.26405786,0.41716635,0.54780467,0.61074993,0.58942717,0.17224482,0.27750917,0.31339226,0.11336937,0.17522004,0.09762920,0.36234167,0.45310690,0.46510483,0.45699496,0.39033815
556,0.15579666,0.22178159,0.18698343,0.21123890,0.22991582,-0.31401016,-0.06570376,-0.25092332,0.32700174,-0.12410490,0.43957346,-0.03334729,0.45640252,0.04624660,0.38907737,0.39774344,0.18052285,0.11421585,0.10483505,-0.03345637,0.18571628,0.09128837,0.24812563,0.26438589,0.39774344,0.54349930,0.60699822,0.59238526,0.18052285,0.28420378,0.32575132,0.11421585,0.18635424,0.10483505,0.37019484,0.45106766,0.47259091,0.46079865,0.39718870
557,0.15525681,0.23159632,0.20459374,0.22228995,0.23141318,-0.34102127,-0.02526801,-0.29056436,0.21309707,-0.14010474,0.37515614,-0.03993602,0.41252092,0.03110207,0.39302305,0.24369308,0.22621815,0.11923572,0.07687622,-0.04677153,0.25799404,0.09190428,0.24935195,0.26574949,0.24369308,0.45106016,0.54164795,0.56601320,0.22621815,0.33567786,0.37683309,0.11923572,0.17487188,0.07687622,0.37675821,0.39162824,0.41418626,0.41781640,0.40130740
558,0.13437705,0.16988199,0.17222737,0.19203104,0.20166688,-0.35707739,0.02940201,-0.31206537,0.22426114,-0.15095967,0.41013906,-0.05422617,0.44852293,0.01663917,0.42993186,0.20109922,0.25000544,0.12019405,0.07501854,-0.05030547,0.33195838,0.09095757,0.25295412,0.26881047,0.20109922,0.43359217,0.52382470,0.55195830,0.25000544,0.35743792,0.39775971,0.12019405,0.17440507,0.07501854,0.38871208,0.42096268,0.45516193,0.45673395,0.43821656
559,0.08224768,0.13655561,0.14409230,0.16042144,0.17026602,-0.39989441,0.14081007,-0.37200952,0.20969113,-0.17442865,0.42971956,-0.06259998,0.47547759,0.02629248,0.47187288,0.07736242,0.29645899,0.13282056,0.09004845,-0.07712227,0.36488085,0.09013689,0.25108761,0.26677640,0.07736242,0.36647492,0.47827361,0.54119166,0.29645899,0.41492440,0.48087947,0.13282056,0.20920267,0.09004845,0.44136579,0.45073833,0.47988876,0.48440176,0.47968208
560,0.11717906,0.10102019,0.17330640,0.21417435,0.21411513,-0.41329344,0.22773689,-0.42256389,0.30945786,-0.19274146,0.46940399,-0.08441297,0.50672888,0.01186059,0.54053882,0.08228256,0.28549101,0.13391990,0.10443852,-0.12856837,0.36542687,0.09269404,0.23981175,0.25710282,0.08228256,0.33231446,0.44973449,0.53821974,0.28549101,0.41097108,0.50267899,0.13391990,0.22166898,0.10443852,0.50965755,0.55718038,0.52491931,0.51781086,0.54767003
561,0.15815534,0.16374038,0.33169320,0.37945918,0.27009581,-0.89473639,0.71823701,-0.66762188,0.90047554,-0.36839696,0.97947361,-0.16688471,1.05265845,-0.01350695,1.25836401,0.29181472,0.31567069,0.22484594,0.26159870,-0.43111942,0.56260815,0.09345387,0.11161733,0.14557491,0.29181472,0.59320112,0.81475594,1.03823539,0.31567069,0.53925417,0.74980023,0.22484594,0.45167480,0.26159870,1.16765378,1.13827293,1.05519766,1.06795433,1.26401805
562,0.19043680,0.24768425,0.36135868,0.42383262,0.66908332,-0.06795059,-0.14882723,0.11312556,-0.45675071,0.00921595,-0.05643652,-0.10587512,0.02338463,-0.28225438,-0.04256700,0.36522915,0.42201164,0.17781066,0.19441801,0.09552268,0.05995567,0.11941045,0.25337359,0.28010183,0.36522915,0.12063398,0.21184695,0.29102714,0.42201164,0.56207157,0.62157900,0.17781066,0.33178521,0.19441801,0.35254328,0.61011229,0.30974234,0.22300976,0.32085109
563,0.22555903,0.37118126,0.40760829,0.43139143,0.41246919,-0.05800899,-0.07887314,0.14675937,-0.08244284,0.03560599,0.04529074,-0.07060957,0.10665081,-0.18331066,0.13112798,0.20536715,0.18666762,0.14428279,0.12275766,0.01984013,0.04457327,0.12874004,0.28044943,0.30858691,0.20536715,0.16789631,0.23232906,0.30444042,0.18666762,0.32693733,0.43955512,0.14428279,0.26310025,0.12275766,0.23244569,0.28186325,0.15835662,0.14655397,0.22730288
564,0.22680062,0.40689115,0.46250609,0.48461177,0.42706943,-0.04048416,-0.09885140,0.16077064,-0.02252881,0.03566019,0.03091296,-0.06297723,0.10395588,-0.16928254,0.13759119,0.21591512,0.15904693,0.13755910,0.11863606,0.00492668,0.06541734,0.12650496,0.28249707,0.30952883,0.21591512,0.16402860,0.24058138,0.31734679,0.15904693,0.29485732,0.41086131,0.13755910,0.25281680,0.11863606,0.20532387,0.25173844,0.11970974,0.13064303,0.21827121
565,0.22609431,0.40213906,0.48556647,0.54111283,0.50110392,-0.01714264,-0.16361939,0.18444727,-0.07013999,0.06007388,-0.02495221,-0.03960047,0.07154134,-0.14585741,0.13056783,0.22328751,0.15486504,0.15565636,0.13026709,0.01581723,0.05373709,0.12747722,0.27576186,0.30380100,0.22328751,0.16916598,0.26921685,0.36616921,0.15486504,0.30509766,0.43421842,0.15565636,0.28352444,0.13026709,0.23440376,0.27316734,0.12645404,0.09010530,0.19596768
566,0.22085814,0.39849299,0.48749054,0.53150670,0.45278869,0.02163436,-0.20249563,0.19080439,-0.07624177,0.07714065,-0.02670988,-0.02809693,0.07078152,-0.14009565,0.12850217,0.21256558,0.15520267,0.16175063,0.13474926,0.01832601,0.03037026,0.12381365,0.27285441,0.29963202,0.21256558,0.19660180,0.31244478,0.41489141,0.15520267,0.31270447,0.44497820,0.16175063,0.29374699,0.13474926,0.27919935,0.29812549,0.14733693,0.08998182,0.19010425
567,0.22579824,0.39902108,0.49493131,0.53577624,0.44325226,0.04815710,-0.21763619,0.20158260,-0.05602217,0.08530511,-0.00947121,-0.02442670,0.07645814,-0.13553790,0.12909901,0.22347729,0.15678570,0.16006077,0.13277763,0.01450001,-0.00498193,0.12079361,0.26755979,0.29356317,0.22347729,0.22519768,0.34080806,0.44331805,0.15678570,0.31395128,0.44465075,0.16006077,0.29081298,0.13277763,0.30465804,0.30689539,0.15595604,0.09537102,0.18718700
568,0.22050919,0.40033181,0.50993670,0.55311999,0.43906714,0.06873531,-0.21406705,0.20525433,-0.06266875,0.09153721,-0.01803590,-0.01509532,0.06782145,-0.11832107,0.12977972,0.20424180,0.15053657,0.15311915,0.12925494,0.00443603,0.02313284,0.12136623,0.27317697,0.29892376,0.20424180,0.21129473,0.32747939,0.43559118,0.15053657,0.30014692,0.42799908,0.15311915,0.28152737,0.12925494,0.29802677,0.29894362,0.15211835,0.08652576,0.17567917
569,0.22643077,0.41198472,0.47485263,0.53399701,0.43480778,0.06841863,-0.19678785,0.20543597,-0.04278045,0.08925190,-0.00442161,-0.01676315,0.08157319,-0.11766730,0.13409272,0.20643682,0.15050923,0.15348541,0.12437255,0.00285891,0.02230598,0.12046806,0.27319986,0.29858117,0.20643682,0.20806892,0.32596821,0.42767324,0.15050923,0.29957185,0.42306898,0.15348541,0.27660546,0.12437255,0.28581385,0.29462028,0.14893661,0.09661496,0.17840445
570,0.22771294,0.40246236,0.51161681,0.54372083,0.40745140,0.07498128,-0.17872789,0.20288037,-0.03577854,0.08726267,-0.00206621,-0.01855780,0.08337059,-0.12440073,0.14738630,0.19188606,0.15173543,0.15315429,0.13296150,0.00789747,0.01733624,0.11936929,0.27251727,0.29751419,0.19188606,0.19732750,0.31975317,0.43432323,0.15173543,0.29951540,0.43056772,0.15315429,0.28520561,0.13296150,0.28085219,0.29311193,0.14533415,0.09690804,0.19289156
571,0.24156939,0.41528961,0.52448868,0.52472004,0.34819919,0.06823417,-0.13860753,0.19859105,-0.02810340,0.08795794,0.00330145,-0.01040105,0.10078617,-0.11412132,0.17698521,0.17166165,0.14199214,0.14967660,0.13608101,0.01243637,0.03983200,0.11890138,0.27382967,0.29853011,0.17166165,0.15818394,0.28076381,0.40135941,0.14199214,0.28268498,0.41690283,0.14967660,0.28495953,0.13608101,0.23468032,0.27827224,0.14057701,0.11426200,0.21076450
572,0.24601323,0.41479391,0.47310314,0.46504456,0.31393243,0.07697462,-0.13977791,0.20658929,-0.02890607,0.09217099,0.01087787,-0.00733604,0.13168144,-0.11960899,0.19780045,0.17247959,0.14371958,0.16458479,0.13746034,0.01430739,0.05461415,0.11765867,0.27126195,0.29567991,0.17247959,0.16000667,0.30221173,0.41718902,0.14371958,0.29665239,0.43290318,0.16458479,0.29793105,0.13746034,0.22188238,0.27539382,0.13824591,0.14159824,0.23128170
573,0.25498305,0.41417793,0.46961326,0.42511114,0.25924095,0.07200170,-0.11314251,0.19442046,-0.02043049,0.09025288,0.02755745,-0.00721596,0.15406619,-0.11870692,0.22130186,0.15591121,0.13786175,0.16730738,0.13677461,0.00766173,0.04244518,0.11404829,0.27190210,0.29485210,0.15591121,0.15028131,0.29590512,0.41011743,0.13786175,0.29508608,0.42988540,0.16730738,0.29937403,0.13677461,0.20301778,0.26531093,0.13959636,0.16308679,0.25137384
574,0.26598627,0.42286800,0.48659746,0.45285777,0.30839611,0.07449790,-0.12007326,0.19697595,-0.02844240,0.08904594,0.02154264,-0.00711650,0.15071393,-0.12635290,0.20582700,0.15429280,0.13811170,0.16826233,0.13940132,0.00830463,0.06410819,0.11601412,0.26816701,0.29218628,0.15429280,0.15087567,0.29956347,0.40951037,0.13811170,0.29649057,0.43227623,0.16826233,0.29911266,0.13940132,0.20487377,0.26081575,0.13442860,0.15882310,0.24153335
575,0.27291017,0.42055263,0.51577093,0.47234680,0.32047132,0.07864579,-0.11434012,0.19958862,-0.03347815,0.08984587,0.01587265,-0.01006376,0.14390806,-0.13118769,0.20344956,0.14659082,0.13860121,0.16939098,0.14241457,0.01156680,0.05929311,0.11616172,0.27003910,0.29396371,0.14659082,0.14022335,0.29043861,0.40727712,0.13860121,0.29848518,0.43808230,0.16939098,0.30463368,0.14241457,0.20147793,0.26050813,0.13189847,0.15175489,0.24208401
576,0.26613112,0.42371688,0.47527879,0.45999279,0.36009509,0.08898529,-0.12892191,0.20641264,-0.03813391,0.09495233,0.01393892,-0.00862915,0.14682981,-0.12761578,0.20362555,0.15050370,0.13873914,0.17428101,0.13904753,0.01624147,0.07841804,0.11738357,0.26639609,0.29111128,0.15050370,0.14827282,0.30428432,0.41698621,0.13873914,0.30375577,0.43975778,0.17428101,0.30559488,0.13904753,0.20582890,0.26297127,0.13452692,0.15526009,0.24037474
577,0.26459464,0.43936279,0.47745798,0.45997789,0.37600230,0.09094539,-0.15157239,0.20530285,-0.04412245,0.08864805,0.00562470,-0.01388662,0.13864030,-0.13016946,0.19412919,0.15859222,0.14062156,0.17441346,0.13685307,0.01227901,0.06619162,0.11426691,0.26392530,0.28759953,0.15859222,0.16168720,0.32001133,0.43075392,0.14062156,0.30507055,0.43931942,0.17441346,0.30347552,0.13685307,0.21930512,0.25969489,0.12790903,0.14641671,0.23373391
578,0.25182569,0.44487624,0.47377477,0.47303999,0.43970068,0.09931498,-0.16106193,0.21185563,-0.04165706,0.09238541,0.00909041,-0.01296127,0.12846673,-0.12898401,0.16106383,0.16579311,0.14160068,0.16686083,0.13024106,0.01455727,0.08956598,0.11300453,0.25993679,0.28343811,0.16579311,0.17342929,0.32137783,0.41635377,0.14160068,0.30138508,0.42611774,0.16686083,0.28629640,0.13024106,0.22525335,0.26062231,0.12886359,0.13500737,0.20658508
579,0.24395417,0.45125739,0.49200267,0.50096650,0.47634135,0.11274568,-0.19303717,0.21506850,-0.04375995,0.09273510,0.00015818,-0.01834474,0.10985660,-0.13314417,0.12804833,0.18280145,0.14293596,0.16511984,0.12654639,0.01748254,0.10329152,0.11210755,0.25405256,0.27768832,0.18280145,0.19713499,0.34144698,0.42717217,0.14293596,0.30150363,0.42122786,0.16511984,0.27956363,0.12654639,0.25439836,0.26424873,0.12763575,0.11642855,0.18542822
580,0.23644265,0.44277102,0.49913268,0.51836718,0.49928903,0.11090575,-0.21699824,0.20988363,-0.04518950,0.08953763,-0.00227868,-0.02285403,0.09552132,-0.14239699,0.10339914,0.20005420,0.14471413,0.15939601,0.12817073,0.01395507,0.10495310,0.11129355,0.25076460,0.27435222,0.20005420,0.21970968,0.35379307,0.43293459,0.14471413,0.29915698,0.41849395,0.15939601,0.27460728,0.12817073,0.27600879,0.26548628,0.12571677,0.10316284,0.17653371
581,0.22301545,0.44398686,0.50608703,0.51853732,0.50146883,0.12246729,-0.23607180,0.21719138,-0.06472882,0.09314702,0.00091270,-0.02150126,0.09944628,-0.14096552,0.09748786,0.19628100,0.15736972,0.16039610,0.12633406,0.02042382,0.11563086,0.11038170,0.24623484,0.26984387,0.19628100,0.24555365,0.38155520,0.45136186,0.15736972,0.31544355,0.42672943,0.16039610,0.27036044,0.12633406,0.30222520,0.27600778,0.12701011,0.10687920,0.17159341
582,0.21969759,0.44130055,0.50316040,0.52254191,0.51899394,0.16389964,-0.25457218,0.23548114,-0.01562259,0.09723046,0.01894697,-0.02159624,0.10478113,-0.14679204,0.08299686,0.24968174,0.15863945,0.16137701,0.13626466,0.02352103,0.08414532,0.10880254,0.23921047,0.26279201,0.24968174,0.28758964,0.42364844,0.49117665,0.15863945,0.31529003,0.43657386,0.16137701,0.27796378,0.13626466,0.33939802,0.28757379,0.13699215,0.11037078,0.17006707
583,0.22363292,0.44325161,0.48459413,0.50103091,0.50695334,0.18237223,-0.25245385,0.25311435,0.02139102,0.10826895,0.06438135,-0.01752205,0.13606488,-0.14623485,0.08501007,0.28454256,0.16177307,0.16004784,0.14720329,0.04291534,0.08859184,0.10643320,0.22913230,0.25264527,0.28454256,0.32647787,0.44711323,0.49279431,0.16177307,0.31980783,0.44101700,0.16004784,0.28135643,0.14720329,0.33825040,0.30187992,0.16418374,0.14211365,0.16963726
584,0.21733368,0.44108763,0.47196121,0.49307481,0.50522228,0.20284668,-0.26401159,0.26058912,0.03509448,0.11035492,0.09139041,-0.02052790,0.14458084,-0.14847897,0.08196778,0.30677527,0.16782033,0.16161255,0.15221374,0.04573984,0.08223010,0.10448971,0.22092478,0.24438875,0.30677527,0.36747042,0.47456713,0.51399725,0.16782033,0.32760524,0.44991460,0.16161255,0.29075619,0.15221374,0.35680247,0.31016984,0.18390517,0.15059766,0.17043500
585,0.22814452,0.44459930,0.47869462,0.50134755,0.50352832,0.22482915,-0.27462075,0.27506779,0.04385791,0.12186553,0.11167930,-0.01331980,0.16204731,-0.14436899,0.09678751,0.32443694,0.17426508,0.16475492,0.15465312,0.05853748,0.09079165,0.10215370,0.21147704,0.23485723,0.32443694,0.39996014,0.50570793,0.54239383,0.17426508,0.33674116,0.45845858,0.16475492,0.29640002,0.15465312,0.37535891,0.32039981,0.19877648,0.16549036,0.17484861
586,0.23750602,0.44972486,0.47095167,0.49579063,0.49749858,0.23324899,-0.29653291,0.26890268,0.05744181,0.11571014,0.14413506,-0.01171783,0.17210181,-0.13793785,0.09736061,0.36122188,0.17965646,0.15626792,0.15416680,0.05835311,0.10140819,0.09859800,0.20374070,0.22634451,0.36122188,0.45684866,0.53212710,0.55168025,0.17965646,0.32676137,0.44250583,0.15626792,0.29040406,0.15416680,0.38903163,0.31686255,0.22119494,0.17611201,0.16925917
587,0.23755521,0.45386765,0.47651716,0.50461892,0.50565342,0.22118905,-0.30884539,0.25570805,0.05547376,0.10715890,0.13148364,-0.01341830,0.15776062,-0.13562254,0.08102465,0.37064633,0.16912393,0.14877316,0.15215012,0.05242533,0.12242583,0.09585477,0.20317015,0.22464694,0.37064633,0.45592792,0.52483075,0.53789048,0.16912393,0.30843349,0.42312405,0.14877316,0.28060205,0.15215012,0.39163151,0.30362260,0.21158490,0.16416781,0.15805704
588,0.22622858,0.45321596,0.47371218,0.49778508,0.50301589,0.22410759,-0.31216507,0.25712808,0.03721356,0.11531435,0.11650713,-0.00756062,0.15829437,-0.13141151,0.07926980,0.35512526,0.16480411,0.15105888,0.15456142,0.04884720,0.13697110,0.09403740,0.20185399,0.22268378,0.35512526,0.44307274,0.52683303,0.53788575,0.16480411,0.30939218,0.41965774,0.15105888,0.27921720,0.15456142,0.39620876,0.30043953,0.20510650,0.16501142,0.15348227
589,0.23383859,0.44369629,0.46724386,0.49031259,0.49891031,0.20500095,-0.32042754,0.26120366,0.02255487,0.11804987,0.12855369,-0.00705743,0.17171675,-0.13165465,0.08835658,0.35350315,0.18198729,0.15374171,0.15627652,0.04794265,0.14802585,0.09351750,0.19871201,0.21961782,0.35350315,0.45813598,0.53830498,0.53804077,0.18198729,0.32796476,0.42914434,0.15374171,0.28097501,0.15627652,0.39356128,0.31005214,0.21657337,0.17898347,0.15866295
590,0.23830151,0.44396425,0.46464093,0.48815998,0.49243403,0.19494400,-0.32015457,0.26629326,-0.05486350,0.11878898,0.12189060,-0.01155450,0.17234715,-0.13272569,0.09822427,0.28140776,0.23261100,0.15801494,0.14992863,0.03846220,0.13423032,0.09206200,0.19493386,0.21557973,0.28140776,0.44941175,0.53601911,0.53966849,0.23261100,0.37453152,0.45461135,0.15801494,0.28040730,0.14992863,0.39009739,0.32015070,0.21770520,0.18353606,0.16571579
591,0.24898384,0.44793384,0.47538378,0.49280082,0.49579310,0.19270442,-0.31033614,0.26114842,-0.00772564,0.10925026,0.11937286,-0.01109260,0.18124067,-0.12939590,0.11146901,0.31745050,0.20201299,0.15298950,0.14599399,0.04123288,0.12803909,0.09196858,0.19248589,0.21332847,0.31745050,0.43859662,0.53395947,0.53888946,0.20201299,0.34954288,0.43879949,0.15298950,0.26763432,0.14599399,0.37785514,0.30836795,0.20388470,0.18905761,0.17081721
592,0.23755789,0.44256739,0.47235167,0.49372838,0.49825451,0.18490220,-0.31974390,0.25587612,0.00152678,0.10776644,0.11813250,-0.01289237,0.17016849,-0.13107386,0.10514698,0.33456351,0.19279048,0.15043384,0.14275869,0.03406058,0.14508785,0.09143500,0.19196432,0.21262798,0.33456351,0.44507879,0.53098616,0.53881694,0.19279048,0.33704291,0.43151146,0.15043384,0.26760114,0.14275869,0.38279523,0.30242546,0.20038524,0.17715147,0.16803826
593,0.24459317,0.44137374,0.46986422,0.49195314,0.49599647,0.17911370,-0.32319109,0.25320272,0.00461072,0.10116224,0.12415284,-0.01690262,0.17404246,-0.13132397,0.11801776,0.34312681,0.19686438,0.14922184,0.13519768,0.03647828,0.14482090,0.08938298,0.18907087,0.20913419,0.34312681,0.45524652,0.53627581,0.54679621,0.19686438,0.33832651,0.43105565,0.14922184,0.26246677,0.13519768,0.38046220,0.29949000,0.20202455,0.18099992,0.17656839
594,0.24590327,0.43987271,0.46797711,0.49130265,0.49633256,0.17285649,-0.31891903,0.24897331,0.00986562,0.10078514,0.12364382,-0.01611891,0.17234444,-0.13010919,0.11779923,0.34395418,0.19081172,0.14747431,0.13442247,0.02272862,0.14598224,0.08728726,0.18731652,0.20665561,0.34395418,0.44924382,0.52853448,0.53972391,0.19081172,0.33128313,0.42545280,0.14747431,0.26092853,0.13442247,0.37442676,0.29567986,0.19986003,0.17881089,0.17551648
595,0.24185249,0.44242197,0.46825131,0.49093978,0.50177891,0.16979277,-0.33623836,0.24398404,-0.00544603,0.09885267,0.12101781,-0.02054936,0.17026442,-0.13701879,0.10461718,0.34664806,0.19690638,0.15032333,0.14126343,0.02170870,0.14188469,0.08617787,0.18260850,0.20192199,0.34664806,0.46375985,0.54303596,0.54486133,0.19690638,0.33890222,0.42913367,0.15032333,0.26630124,0.14126343,0.38682429,0.29202953,0.19638997,0.17658044,0.17242851
596,0.24775960,0.44022791,0.46791489,0.49057251,0.49996269,0.16581141,-0.33332997,0.24609920,-0.00666308,0.10512880,0.11368016,-0.01690353,0.16892766,-0.13954201,0.10770622,0.34454522,0.19031136,0.15378558,0.14425669,0.01947793,0.12844478,0.08580383,0.18146956,0.20073241,0.34454522,0.45219893,0.53628267,0.54378278,0.19031136,0.33777629,0.43426498,0.15378558,0.27280007,0.14425669,0.38241814,0.29467575,0.19514773,0.17519068,0.17628268
597,0.25606889,0.43702395,0.46376097,0.48746511,0.49998484,0.16583938,-0.34186866,0.25260403,0.01767151,0.10835198,0.13621192,-0.01898573,0.18745469,-0.14619494,0.11898421,0.38103758,0.19216928,0.16134417,0.15187292,0.01418921,0.11885354,0.08554671,0.17764576,0.19717063,0.38103758,0.48372895,0.56199562,0.56308524,0.19216928,0.34577569,0.44797438,0.16134417,0.28709432,0.15187292,0.38830027,0.30589467,0.21494800,0.19289325,0.18857543
598,0.25558673,0.43755621,0.45910512,0.48065586,0.49992771,0.15790678,-0.33662154,0.25151049,0.02654799,0.11418074,0.14870179,-0.01638172,0.20746945,-0.15171056,0.12698039,0.38678302,0.18874191,0.16865898,0.16353268,0.01707162,0.11083624,0.08546366,0.17572356,0.19540422,0.38678302,0.49002049,0.57255188,0.56343082,0.18874191,0.34919819,0.45136472,0.16865898,0.29822780,0.16353268,0.37922693,0.30427969,0.22603409,0.21140021,0.19796389
599,0.27280991,0.43631681,0.45909119,0.48225698,0.49753992,0.16572776,-0.34541364,0.26067492,0.03450482,0.11988003,0.15097113,-0.01194038,0.21022729,-0.15170316,0.12579757,0.40464808,0.18671694,0.17038229,0.16781157,0.01273915,0.11447168,0.08381635,0.17169132,0.19105782,0.40464808,0.50252615,0.58396692,0.57191375,0.18671694,0.34892373,0.45431242,0.17038229,0.30169284,0.16781157,0.38869220,0.31178360,0.23202388,0.21412630,0.19707589
600,0.25844378,0.43602680,0.45874926,0.47959405,0.49995894,0.15967655,-0.34452462,0.25912720,0.02990910,0.11996896,0.15158515,-0.01271952,0.21275699,-0.15350953,0.11291471,0.39902701,0.18843326,0.16840497,0.17799225,0.01890676,0.11947611,0.08278319,0.16985205,0.18895178,0.39902701,0.50118046,0.58386254,0.55856194,0.18843326,0.34900831,0.45164749,0.16840497,0.30409122,0.17799225,0.38553164,0.30716416,0.23055222,0.21721547,0.19057134
601,0.27841934,0.42969045,0.45169528,0.47233500,0.49389003,0.17366794,-0.36657881,0.26368770,0.05997647,0.12209017,0.17964633,-0.01384438,0.24083342,-0.16719281,0.12832001,0.45068783,0.19083404,0.17995809,0.19388887,0.02034182,0.08130003,0.08112705,0.16438962,0.18331815,0.45068783,0.55298494,0.63648897,0.60491914,0.19083404,0.36202894,0.47336839,0.17995809,0.32479501,0.19388887,0.41252467,0.33014258,0.26068204,0.24509141,0.21083562
602,0.25933502,0.42730975,0.45266519,0.47004642,0.49784696,0.15256569,-0.38476352,0.25592960,0.04658935,0.12104073,0.18840310,-0.02413555,0.24716133,-0.16911492,0.12476903,0.45411263,0.20539386,0.18129729,0.19501469,0.01502785,0.07041921,0.08124191,0.16377164,0.18281520,0.45411263,0.57509983,0.65857654,0.61104890,0.20539386,0.37717886,0.47566155,0.18129729,0.32687071,0.19501469,0.42561944,0.32599107,0.26105429,0.25200678,0.21017165
603,0.27318746,0.43135504,0.45591558,0.47573367,0.50620811,0.14962080,-0.38839594,0.25061944,0.06700717,0.10924899,0.20798438,-0.03517959,0.24882229,-0.18447089,0.11806171,0.47840188,0.21093978,0.18370231,0.20299169,0.02680570,0.05372735,0.08076475,0.15915068,0.17847096,0.47840188,0.59895844,0.66693140,0.61670148,0.21093978,0.38080887,0.48872415,0.18370231,0.34122138,0.20299169,0.42652984,0.32720489,0.26914400,0.25257750,0.21969462
604,0.26336308,0.43144222,0.45895746,0.48121561,0.50835926,0.15235178,-0.41235286,0.25150722,0.07204359,0.10905581,0.18676106,-0.03884821,0.22946910,-0.18375199,0.11205044,0.50304977,0.19417256,0.18920639,0.19271818,0.01602828,0.04110852,0.08042487,0.15845640,0.17769803,0.50304977,0.60130422,0.67476167,0.63650803,0.19417256,0.37387401,0.49102683,0.18920639,0.34125063,0.19271818,0.45217173,0.32843966,0.25408493,0.23390446,0.21668802
605,0.28086454,0.43402272,0.46203352,0.48237695,0.50208247,0.17355600,-0.40963838,0.26008400,0.07951933,0.11144923,0.18117474,-0.03938763,0.23391151,-0.18605723,0.12574337,0.50658478,0.19428297,0.19428364,0.18551072,0.01751462,0.03046551,0.07842534,0.15297145,0.17190346,0.50658478,0.59465437,0.68306531,0.65579482,0.19428297,0.38363279,0.49875284,0.19428364,0.33564942,0.18551072,0.45653579,0.33865612,0.24869564,0.23791279,0.22515588
606,0.25713968,0.43707846,0.45677772,0.48175825,0.50853087,0.16220692,-0.39385812,0.24986597,0.04903502,0.10744916,0.17733152,-0.03684375,0.22201455,-0.17490895,0.12172371,0.45905497,0.20150274,0.18298378,0.17686626,0.01153759,0.05342644,0.07843126,0.15562719,0.17427359,0.45905497,0.57418843,0.65246308,0.62935006,0.20150274,0.37347760,0.48022942,0.18298378,0.32442052,0.17686626,0.43897172,0.31719383,0.24315079,0.22629850,0.21430794
607,0.24402674,0.43406128,0.45772877,0.47871565,0.50469518,0.15829653,-0.41498168,0.24872808,0.04595996,0.11171466,0.16760084,-0.03462708,0.22765035,-0.17284747,0.12310012,0.47490202,0.19484177,0.18660152,0.18027184,0.00487898,0.04759589,0.07799096,0.15573168,0.17416930,0.47490202,0.58445304,0.67770980,0.64823644,0.19484177,0.37498961,0.47943395,0.18660152,0.32409911,0.18027184,0.46255941,0.32190486,0.24127123,0.23274139,0.21278885
608,0.25728697,0.43376350,0.45783335,0.47983577,0.50439629,0.15577544,-0.41578831,0.25543884,0.03885865,0.11051239,0.17138917,-0.03613892,0.22891650,-0.17646693,0.12585149,0.47292294,0.20772814,0.19095157,0.17990253,0.01058255,0.03416005,0.07708049,0.15301532,0.17133327,0.47292294,0.58913907,0.67890276,0.65004608,0.20772814,0.38984708,0.49285605,0.19095157,0.32848400,0.17990253,0.45972548,0.32855565,0.24470634,0.23335821,0.21748856
609,0.25684340,0.42654442,0.45838400,0.48170133,0.49840226,0.16372173,-0.44826110,0.26682422,0.05337028,0.12355366,0.17468281,-0.02929789,0.23551318,-0.17945848,0.13627120,0.52338910,0.20008825,0.19962563,0.18367181,0.01934390,0.03122437,0.07642864,0.14858252,0.16708711,0.52338910,0.62544300,0.71436629,0.68683156,0.20008825,0.39255382,0.50393522,0.19962563,0.34013139,0.18367181,0.48871893,0.34581375,0.25800911,0.23935846,0.22539998
610,0.26940701,0.43411644,0.45764313,0.48205390,0.50577070,0.16071462,-0.42539964,0.26171413,0.02281785,0.11973389,0.21208256,-0.03168611,0.24455610,-0.18381535,0.13730090,0.47287813,0.24669977,0.19008792,0.18995473,0.01138900,0.06057117,0.07694583,0.14757561,0.16643083,0.47287813,0.64017727,0.70036723,0.66827764,0.24669977,0.40949539,0.50904043,0.19008792,0.34594061,0.18995473,0.46438843,0.33384690,0.27901531,0.24795769,0.22974594
611,0.24795133,0.42274342,0.45352137,0.47789888,0.49969282,0.15946591,-0.45324802,0.26991823,0.06959035,0.12301772,0.19158262,-0.02684048,0.23087950,-0.17968656,0.12707072,0.54424573,0.20331087,0.19138384,0.19059221,0.01732101,0.03759007,0.07738682,0.14901738,0.16791337,0.54424573,0.64672082,0.71343020,0.68382271,0.20331087,0.38375500,0.50780257,0.19138384,0.34801587,0.19059221,0.49498015,0.35640209,0.27390936,0.23583655,0.22018447
612,0.27172894,0.42946051,0.45235429,0.47503945,0.49721415,0.16468253,-0.44290563,0.26135797,0.05470634,0.11518074,0.21400060,-0.03296809,0.24840591,-0.18972410,0.12088133,0.52562776,0.22517710,0.19394651,0.20535520,0.03130915,0.04312817,0.07564741,0.14384246,0.16252133,0.52562776,0.66314417,0.72037451,0.67081699,0.22517710,0.39716997,0.50614704,0.19394651,0.35532298,0.20535520,0.47942967,0.34600124,0.28937881,0.25326353,0.22496125
613,0.26353856,0.42614337,0.45338544,0.47229550,0.49015525,0.19049106,-0.43628955,0.26974280,0.08309253,0.12044413,0.22009076,-0.02697335,0.25007312,-0.17333587,0.12697575,0.53644919,0.21303531,0.18702795,0.19665588,0.01370766,0.04060648,0.07533282,0.14669979,0.16491168,0.53644919,0.66147917,0.72324469,0.68023154,0.21303531,0.38368459,0.49783621,0.18702795,0.34584036,0.19665588,0.48765933,0.35424476,0.29144247,0.25425565,0.21504133
614,0.26305835,0.42611851,0.45067018,0.47693571,0.49060003,0.18292018,-0.45599964,0.27280727,0.06988209,0.11532106,0.21778334,-0.03392458,0.24462632,-0.17916994,0.11962096,0.54514305,0.22599551,0.19060934,0.19591409,0.02327917,0.02585361,0.07611471,0.14677349,0.16533574,0.54514305,0.67870674,0.73672700,0.68895688,0.22599551,0.39707764,0.50624193,0.19060934,0.34751636,0.19591409,0.50327266,0.35801325,0.29098886,0.25006827,0.21543731
615,0.26883362,0.42513044,0.45336297,0.47829095,0.48602614,0.19691242,-0.47623366,0.28087382,0.07389260,0.12294639,0.23057078,-0.03580118,0.25310751,-0.18752849,0.12789094,0.56965575,0.24011736,0.19775266,0.19955882,0.02809128,0.01681961,0.07774842,0.14487961,0.16442299,0.56965575,0.71135579,0.77020457,0.72571497,0.24011736,0.41819427,0.52890655,0.19775266,0.35946830,0.19955882,0.52838012,0.37575022,0.30032138,0.25765793,0.22699017
616,0.25919194,0.42440705,0.44924150,0.47854892,0.49656612,0.19432242,-0.46300063,0.25966508,0.07399349,0.11560540,0.24466069,-0.03643271,0.25456125,-0.17846423,0.12447783,0.55198882,0.23412636,0.19262337,0.19859481,0.01945344,0.03532361,0.07776711,0.14923496,0.16828190,0.55198882,0.71312447,0.75780744,0.70721844,0.23412636,0.39453977,0.50045291,0.19262337,0.35856845,0.19859481,0.51441285,0.34927845,0.31003685,0.25932401,0.21810084
617,0.24757042,0.42193858,0.44580255,0.47491685,0.49142621,0.20064685,-0.46030259,0.27651205,0.06061888,0.12398738,0.24869430,-0.02920706,0.26470294,-0.17109194,0.14333923,0.53248327,0.25132231,0.19457135,0.19256993,0.01539524,0.04302422,0.07834612,0.15128612,0.17036903,0.53248327,0.71324528,0.76792271,0.72528046,0.25132231,0.41203356,0.51149345,0.19457135,0.35459419,0.19256993,0.52037305,0.35650931,0.31551882,0.26805602,0.22381686
618,0.25216992,0.42017982,0.44808710,0.47971787,0.49089785,0.20931005,-0.47146932,0.28913348,0.06196385,0.13294214,0.23303029,-0.02415118,0.25952151,-0.16909276,0.14700659,0.54623559,0.24216342,0.20697845,0.19031452,0.03348720,0.01641333,0.07928143,0.15056732,0.17016481,0.54623559,0.70880105,0.77614694,0.74402095,0.24216342,0.42222776,0.53041318,0.20697845,0.36330054,0.19031452,0.53502257,0.37356660,0.31119613,0.26189257,0.22544717
619,0.24671820,0.41719064,0.44572621,0.47942268,0.48573514,0.24544115,-0.50269113,0.28483707,0.10404414,0.13968264,0.20655599,-0.01419438,0.25355280,-0.15836200,0.14858119,0.61973246,0.18340540,0.20980047,0.18511939,0.06047394,0.00051124,0.07931499,0.15399333,0.17321898,0.61973246,0.72095622,0.80182533,0.77411410,0.18340540,0.37971129,0.50116031,0.20980047,0.35518894,0.18511939,0.56827490,0.37460519,0.30438039,0.25706728,0.21737027
620,0.23917301,0.39994219,0.43704956,0.46628729,0.48031562,0.29115282,-0.49631046,0.28735691,0.11142350,0.14619449,0.24473833,-0.01074440,0.29057670,-0.15613986,0.16369281,0.61908694,0.19995258,0.21478119,0.19815704,0.05346979,0.00618325,0.07867185,0.15544507,0.17421949,0.61908694,0.75834902,0.84563996,0.80541702,0.19995258,0.39490126,0.50326635,0.21478119,0.36323896,0.19815704,0.58594538,0.38371692,0.33758670,0.29372663,0.22624577
621,0.21064421,0.39884178,0.43680687,0.45175690,0.46693956,0.29482536,-0.50990652,0.29251320,-0.01988649,0.14458602,0.22694766,-0.01055097,0.29055897,-0.15560674,0.17133966,0.49795280,0.29602589,0.20142861,0.19208231,0.04996436,0.00390105,0.08092159,0.16146567,0.18060860,0.49795280,0.75225608,0.86172361,0.82746254,0.29602589,0.47011443,0.53523231,0.20142861,0.34110522,0.19208231,0.60829941,0.37920333,0.31885577,0.29676193,0.23222532
622,0.20027482,0.39308095,0.42659027,0.44236761,0.45408916,0.28081882,-0.48953166,0.26076889,0.10341754,0.12927061,0.23830471,-0.01716288,0.30114389,-0.15286948,0.19802205,0.60170183,0.19890305,0.20026797,0.17572931,0.03994806,0.00498342,0.08145315,0.16726371,0.18604237,0.60170183,0.74433835,0.84921477,0.82286926,0.19890305,0.38810211,0.48166522,0.20026797,0.32886434,0.17572931,0.58781287,0.38566869,0.33738242,0.31193523,0.25284474
623,0.19010081,0.39401665,0.42366693,0.43491622,0.44810818,0.28289575,-0.48311763,0.22798950,0.15644130,0.10745632,0.23961964,-0.02956991,0.30929777,-0.16088672,0.21758052,0.64865508,0.16432909,0.19209120,0.16604586,0.03271229,-0.01708491,0.08178403,0.17185297,0.19032097,0.64865508,0.74396202,0.85723859,0.84117643,0.16432909,0.35454240,0.45769214,0.19209120,0.31266276,0.16604586,0.58946481,0.39193668,0.33206625,0.32294232,0.27420250
624,0.18651746,0.38859618,0.42136958,0.43087036,0.45023046,0.29739823,-0.49268731,0.19970372,0.20063888,0.07793768,0.25981421,-0.05763477,0.31884800,-0.18233962,0.20891594,0.70621865,0.15672179,0.19187235,0.17590679,0.02436534,-0.03730370,0.08208191,0.17140257,0.19004284,0.70621865,0.78396226,0.89248258,0.86609983,0.15672179,0.34739901,0.46148071,0.19187235,0.32039703,0.17590679,0.61024126,0.40899172,0.34689669,0.33736626,0.27968415
625,0.18829480,0.39767345,0.42447824,0.43114304,0.45961680,0.31456705,-0.49806437,0.19224208,0.20384095,0.05812148,0.28041323,-0.08013606,0.33968951,-0.19508756,0.16661381,0.71840119,0.17006259,0.18867516,0.21542572,0.01745636,-0.04057039,0.08371891,0.17145457,0.19080232,0.71840119,0.81989310,0.93074439,0.85090639,0.17006259,0.35623189,0.45822879,0.18867516,0.32594011,0.21542572,0.61727759,0.39360141,0.35231912,0.36076969,0.25885297
626,0.17658883,0.40517070,0.42883288,0.42968232,0.46179812,0.31988891,-0.50758271,0.17195556,0.20098599,0.03671837,0.27431237,-0.09446732,0.34152387,-0.19486977,0.14951729,0.72864642,0.16889073,0.17940645,0.22452215,0.01857054,-0.02281261,0.08579379,0.17379761,0.19381998,0.72864642,0.83170655,0.94894737,0.84762089,0.16889073,0.34685272,0.43644928,0.17940645,0.30849052,0.22452215,0.62762610,0.37636233,0.34031579,0.36706110,0.24838009
627,0.17651284,0.39630745,0.42417944,0.42471849,0.45398617,0.30707562,-0.50157586,0.15243762,0.23275629,0.02570384,0.29458402,-0.09968339,0.35989978,-0.19611787,0.17109610,0.75728916,0.15980283,0.17520092,0.21909406,0.02801523,-0.02262131,0.08642005,0.17770173,0.19760144,0.75728916,0.84483157,0.95578542,0.85040883,0.15980283,0.33414111,0.42428872,0.17520092,0.29942821,0.21909406,0.61264704,0.38999637,0.35592661,0.38525085,0.26321869
628,0.17527228,0.38718347,0.41893288,0.41831616,0.45403950,0.29006111,-0.49328379,0.14970668,0.24462061,0.01835621,0.31063665,-0.10678951,0.37068072,-0.20242018,0.17969797,0.75841608,0.16694862,0.17283701,0.22112278,0.03112341,-0.02226876,0.08668045,0.18079066,0.20049629,0.75841608,0.84898363,0.95388407,0.84470810,0.16694862,0.33888861,0.43068951,0.17283701,0.30258389,0.22112278,0.59714123,0.39766352,0.36794604,0.39689382,0.27307617
629,0.18530911,0.38397379,0.41796277,0.41605973,0.44545831,0.29438173,-0.48479296,0.15973791,0.26597444,0.02719329,0.32060304,-0.10021549,0.38429566,-0.19368478,0.20230899,0.77020910,0.16344597,0.17885959,0.21298532,0.03578171,-0.02498752,0.08749094,0.18098377,0.20102187,0.77020910,0.84903629,0.95779700,0.85417724,0.16344597,0.34120632,0.43522825,0.17885959,0.30133146,0.21298532,0.59528953,0.42315593,0.38381386,0.40980978,0.28318751
630,0.18299447,0.37942342,0.40954419,0.41745919,0.43994332,0.29826385,-0.42915225,0.17065460,0.26921268,0.04052554,0.33056473,-0.08521385,0.37531423,-0.18130310,0.21852065,0.71544076,0.16644628,0.17331577,0.19168518,0.03984043,-0.02957141,0.08728101,0.18662188,0.20602354,0.71544076,0.80226137,0.89742927,0.82156902,0.16644628,0.33833257,0.43373899,0.17331577,0.29811852,0.19168518,0.56006161,0.43091385,0.39174505,0.39658746,0.28697353
631,0.19595424,0.38223218,0.40595707,0.41486819,0.43136718,0.27854194,-0.41573752,0.18951909,0.25636366,0.05165402,0.35038142,-0.07899090,0.39135798,-0.17504339,0.23316959,0.68269170,0.18704655,0.17471041,0.19184389,0.03390403,-0.04011788,0.08627322,0.18661542,0.20559276,0.68269170,0.79902149,0.88992929,0.80840938,0.18704655,0.35718041,0.43905121,0.17471041,0.30071714,0.19184389,0.54263125,0.43095199,0.40945220,0.41085153,0.29523135
632,0.21505931,0.37676743,0.40250401,0.40454807,0.43093566,0.24744993,-0.37180286,0.22640520,0.08606884,0.04349169,0.35944036,-0.09422330,0.38450614,-0.19106052,0.21881480,0.46796753,0.34331435,0.17331768,0.19857006,0.03843331,-0.02155137,0.09217659,0.18963272,0.21084851,0.46796753,0.75916508,0.83667384,0.75221505,0.34331435,0.48176150,0.50514818,0.17331768,0.31345691,0.19857006,0.49043107,0.38322848,0.41296152,0.40745381,0.29402079
633,0.20717869,0.38497298,0.40426939,0.41066975,0.42887509,0.25182066,-0.35830517,0.19785165,0.18141425,0.04396003,0.34591676,-0.08855906,0.36361107,-0.18294153,0.21106171,0.55136602,0.24026281,0.16833173,0.18581202,0.02900405,0.00517037,0.09215350,0.19212331,0.21308129,0.55136602,0.73441946,0.80285010,0.72904540,0.24026281,0.38699325,0.44807551,0.16833173,0.30395337,0.18581202,0.47465086,0.38932680,0.40120469,0.38639422,0.28335589
634,0.19604396,0.39245663,0.40587868,0.41268242,0.43222468,0.25942002,-0.37442563,0.22588895,0.13104908,0.04849962,0.34007117,-0.08650119,0.35059884,-0.18232312,0.18737526,0.51385478,0.28696408,0.17002533,0.19639050,0.02221726,0.02524051,0.09346680,0.19101497,0.21265644,0.51385478,0.74497977,0.80970593,0.73105456,0.28696408,0.42543197,0.47688542,0.17002533,0.31731440,0.19639050,0.49787002,0.38808884,0.39864312,0.37455704,0.26564169
635,0.19887893,0.40176477,0.41345004,0.42286245,0.43835816,0.25973953,-0.39399253,0.27870951,-0.03332616,0.05742554,0.32171049,-0.07932550,0.33183291,-0.18113589,0.17157140,0.37140814,0.42560367,0.16941759,0.19470216,0.02216604,0.05351881,0.09489076,0.18766844,0.21029431,0.37140814,0.74379576,0.80628017,0.72955566,0.42560367,0.54140380,0.54974350,0.16941759,0.31590126,0.19470216,0.50659867,0.39007962,0.37934756,0.35366847,0.25445780
636,0.17990413,0.39428816,0.41073945,0.42675499,0.44365250,0.27550836,-0.38471538,0.20240494,0.17702290,0.05975044,0.30917916,-0.06713842,0.31841471,-0.16503136,0.16792765,0.57229909,0.20982391,0.16344377,0.18573688,0.01905473,0.06833729,0.09165907,0.19415041,0.21469925,0.57229909,0.72666914,0.78853875,0.72199504,0.20982391,0.35433807,0.43307409,0.16344377,0.30504098,0.18573688,0.50950558,0.38130116,0.36857603,0.33734907,0.23904128
637,0.21003634,0.38958046,0.40551878,0.41732429,0.44075961,0.26462852,-0.38651064,0.20721368,0.15718118,0.04958490,0.34389017,-0.07803735,0.35202298,-0.18150220,0.18176615,0.55646161,0.26213964,0.16477053,0.20460681,0.03401855,0.03015512,0.09336251,0.18930586,0.21107645,0.55646161,0.76144996,0.81969611,0.73624649,0.26213964,0.39857563,0.46036682,0.16477053,0.31990084,0.20460681,0.50423680,0.38979372,0.39863064,0.37200087,0.26076645
638,0.20242594,0.39145388,0.40874827,0.42597305,0.44767710,0.29495307,-0.39589187,0.19872584,0.20236300,0.05008953,0.33153355,-0.08016876,0.33701894,-0.17844154,0.15492055,0.61465607,0.21548317,0.16828222,0.21253258,0.02599229,0.03100521,0.09061996,0.18693962,0.20774600,0.61465607,0.76769136,0.82832077,0.73952454,0.21548317,0.36539087,0.45084895,0.16828222,0.32774240,0.21253258,0.52576273,0.40133356,0.38860932,0.35793545,0.23993278
639,0.21193637,0.38962835,0.41027204,0.42519121,0.44894595,0.29258287,-0.38985574,0.20530538,0.19783750,0.04784378,0.34984050,-0.08849500,0.35377568,-0.18780826,0.16050736,0.60425639,0.23703025,0.17211399,0.22315157,0.03280998,0.02675982,0.09138852,0.18431942,0.20573164,0.60425639,0.77936667,0.83998990,0.74320695,0.23703025,0.38606751,0.46565981,0.17211399,0.34006621,0.22315157,0.51787115,0.40315802,0.40289080,0.37539015,0.24999428
640,0.21339659,0.38902829,0.41038811,0.42314466,0.45087189,0.28441542,-0.37336732,0.19259431,0.20333564,0.04627266,0.34783461,-0.09427340,0.35540506,-0.19352187,0.16777778,0.59394665,0.22367587,0.17275501,0.21886512,0.02837891,0.02244669,0.09065914,0.18536970,0.20635165,0.59394665,0.75977757,0.82514924,0.73414983,0.22367587,0.37525870,0.45681456,0.17275501,0.33688887,0.21886512,0.49860290,0.39368451,0.39841597,0.37820212,0.25852735
641,0.20518631,0.39639907,0.41300697,0.42212328,0.45144581,0.28159391,-0.36172795,0.21371228,0.12528966,0.05257847,0.34045392,-0.09519032,0.35337320,-0.19325229,0.16897542,0.49939687,0.28091784,0.17647667,0.21692270,0.02287451,0.02516918,0.09070524,0.18721142,0.20802778,0.49939687,0.73860612,0.81328646,0.72746969,0.28091784,0.42289376,0.47237348,0.17647667,0.33708470,0.21692270,0.49230601,0.36400731,0.39108142,0.37675797,0.25856012
642,0.21080037,0.40724503,0.42150432,0.42659755,0.45462589,0.29488894,-0.34544802,0.20580480,0.15090524,0.05508128,0.32826936,-0.08699447,0.34109980,-0.18647914,0.15926342,0.51141229,0.24727066,0.16898891,0.21366217,0.02869017,0.02152328,0.09189619,0.18771347,0.20900061,0.51141229,0.71512617,0.79063222,0.71153659,0.24727066,0.39013228,0.45276852,0.16898891,0.32742698,0.21366217,0.48293468,0.35668991,0.37183420,0.35994783,0.24633488
643,0.20163730,0.41074818,0.42762106,0.44222520,0.46133881,0.29438441,-0.34066097,0.20123838,0.18586560,0.06754039,0.28651602,-0.07119600,0.31457136,-0.17326069,0.14801069,0.53945905,0.18411375,0.16890430,0.19971431,0.02986911,0.03437828,0.09121260,0.19243427,0.21295701,0.53945905,0.66696106,0.75661954,0.69051393,0.18411375,0.34542793,0.43125389,0.16890430,0.30829675,0.19971431,0.47675397,0.35658058,0.33107088,0.32794214,0.22856785
644,0.18079152,0.42010014,0.43587027,0.44785871,0.46275630,0.30150854,-0.34507604,0.21347873,0.16537764,0.08369740,0.24471464,-0.05045660,0.29105872,-0.15130931,0.12598933,0.52014727,0.16906436,0.16578633,0.19823013,0.03028890,0.05132460,0.09177614,0.19570956,0.21615987,0.52014727,0.62928093,0.73560811,0.67164578,0.16906436,0.33299683,0.41921463,0.16578633,0.29319189,0.19823013,0.48669094,0.34288568,0.29291473,0.29991305,0.19707976
645,0.18279266,0.42522083,0.43480200,0.44386374,0.44944815,0.30068020,-0.32988395,0.23728747,0.13251359,0.09214419,0.24801751,-0.03603360,0.29651859,-0.13656914,0.15250421,0.47004037,0.19569552,0.15687356,0.17992139,0.03247062,0.06600881,0.09298561,0.19730789,0.21812090,0.47004037,0.61441120,0.71598692,0.66239520,0.19569552,0.34761986,0.41443926,0.15687356,0.27339475,0.17992139,0.46752433,0.33440749,0.29589535,0.30393029,0.20542912
646,0.19281427,0.41405484,0.44150266,0.44377928,0.44710547,0.30565907,-0.32761777,0.36175181,-0.24866041,0.11885263,0.22369641,-0.01975812,0.27879407,-0.12902609,0.13855929,0.09763763,0.53368196,0.16126853,0.17970494,0.02484069,0.09643527,0.09280373,0.19365514,0.21474367,0.09763763,0.58344650,0.69556345,0.64994771,0.53368196,0.66074085,0.64051026,0.16126853,0.27632813,0.17970494,0.47363778,0.46926748,0.27776429,0.28440929,0.19116460
647,0.18530881,0.42052548,0.43302891,0.43991060,0.44787315,0.30471996,-0.32150003,0.32439114,-0.08916372,0.13147785,0.23077042,-0.00306891,0.28378063,-0.11643533,0.15541346,0.23650087,0.37650082,0.15985549,0.17498077,0.02881346,0.11948208,0.09251787,0.19548358,0.21627156,0.23650087,0.57884898,0.68319834,0.64588608,0.37650082,0.50941006,0.52617155,0.15985549,0.27921103,0.17498077,0.46371037,0.38001254,0.29572015,0.29047168,0.19592736
648,0.19244871,0.41287185,0.43074794,0.43772505,0.43988020,0.31458013,-0.29155070,0.33152187,-0.14079228,0.12910803,0.22494188,0.00834672,0.26940745,-0.10035937,0.17020023,0.15656607,0.41925871,0.14129204,0.14891261,0.01839884,0.15466493,0.09082569,0.19905000,0.21879262,0.15656607,0.54882157,0.64121199,0.62527178,0.41925871,0.53002411,0.54414298,0.14129204,0.24944075,0.14891261,0.44709866,0.39614717,0.29129449,0.27958266,0.20420215
649,0.18788480,0.42219391,0.43366004,0.43948801,0.44555227,0.29470387,-0.26306243,0.27453766,0.01617716,0.11494437,0.21510104,-0.00108743,0.26273442,-0.10326868,0.16038000,0.28363168,0.25921991,0.13948298,0.14796912,0.03594823,0.16897541,0.09166982,0.20204957,0.22187245,0.28363168,0.51083727,0.60646253,0.58854119,0.25921991,0.38509897,0.42751432,0.13948298,0.24316093,0.14796912,0.41531730,0.32525002,0.27508217,0.27095327,0.19392812
650,0.18340013,0.42813814,0.43694193,0.44625511,0.44945230,0.29459116,-0.25605917,0.24715906,0.05740042,0.10592769,0.19847030,-0.00543061,0.23313819,-0.10369661,0.13256255,0.31912183,0.20259130,0.13179940,0.14392689,0.03327167,0.16381833,0.09090006,0.20356479,0.22293821,0.31912183,0.49213270,0.57694432,0.56373256,0.20259130,0.32232979,0.38052446,0.13179940,0.23826216,0.14392689,0.40770930,0.29696744,0.25483625,0.24038354,0.17055211
651,0.19200216,0.43333496,0.44134515,0.45126226,0.45170514,0.29494910,-0.24280705,0.25063106,0.03606997,0.10524420,0.18856061,-0.00630277,0.21924058,-0.10426165,0.12296086,0.28449302,0.21268847,0.12893872,0.14030482,0.03562045,0.17067236,0.09052353,0.20220817,0.22154605,0.28449302,0.47127158,0.55396745,0.54731713,0.21268847,0.32705422,0.38293827,0.12893872,0.23562031,0.14030482,0.39613441,0.28904256,0.24248504,0.22573226,0.16310164
652,0.19337351,0.43191138,0.44180673,0.45199155,0.45125353,0.29514626,-0.24577066,0.24502380,0.07323415,0.10640392,0.18449112,-0.00438301,0.20974527,-0.10525072,0.11921999,0.32446894,0.17988576,0.12910701,0.13943054,0.03425961,0.16973481,0.08970780,0.20112135,0.22022099,0.32446894,0.46985637,0.54817263,0.54921634,0.17988576,0.29791410,0.37365371,0.12910701,0.24062458,0.13943054,0.39912380,0.29166379,0.24089952,0.21596809,0.16010947
653,0.19622895,0.43063878,0.44028852,0.45226425,0.45064248,0.29827221,-0.23074005,0.24236102,0.08049543,0.10999541,0.18281239,-0.00194086,0.20882945,-0.11018171,0.12866597,0.31761854,0.16984228,0.13286590,0.13852576,0.04090039,0.16071128,0.09075008,0.19885047,0.21857970,0.31761854,0.45439416,0.53640126,0.55291340,0.16984228,0.29216602,0.37824873,0.13286590,0.24742538,0.13852576,0.39488420,0.29464372,0.24365700,0.21497549,0.17041831
654,0.19366173,0.43609056,0.44204074,0.45500647,0.45399428,0.29872707,-0.21688007,0.24262772,0.08594546,0.10874956,0.18038367,-0.00627318,0.21250704,-0.11558755,0.13375028,0.30919720,0.16587586,0.14062723,0.13972929,0.04760053,0.15324710,0.09168821,0.19869348,0.21882831,0.30919720,0.44035459,0.53168884,0.55376467,0.16587586,0.29666234,0.38657101,0.14062723,0.25473253,0.13972929,0.38698200,0.29471563,0.24123342,0.21697234,0.17688784
655,0.19779232,0.45026615,0.46173791,0.47394311,0.46584441,0.30258932,-0.20131252,0.24609453,0.05922290,0.10759782,0.14665641,-0.00230899,0.17485013,-0.10676235,0.10827651,0.26721715,0.16392413,0.13305391,0.13010644,0.03826983,0.19360893,0.09109075,0.20294830,0.22245345,0.26721715,0.39904636,0.48766360,0.52246111,0.16392413,0.28439773,0.37466780,0.13305391,0.24366115,0.13010644,0.37611021,0.27806156,0.21173544,0.17913788,0.15206201
656,0.20200431,0.45896412,0.47620790,0.48971951,0.47715523,0.29945285,-0.20692239,0.25250811,0.04171567,0.10979338,0.11489085,-0.00669193,0.15012643,-0.11507544,0.09643826,0.25375208,0.16050363,0.14121546,0.12820256,0.04045043,0.19277119,0.09363241,0.20348981,0.22399806,0.25375208,0.37376394,0.47398792,0.52356593,0.16050363,0.29155897,0.39065344,0.14121546,0.25285116,0.12820256,0.37554745,0.27919082,0.19063493,0.15399946,0.15040233
657,0.20632389,0.46034158,0.47835809,0.49339143,0.48102906,0.28608444,-0.21013383,0.24910180,0.03776772,0.10895139,0.10277761,-0.01181619,0.14068046,-0.12715900,0.08793963,0.25222387,0.15565093,0.14808759,0.13404612,0.04172616,0.16694104,0.09468328,0.20192817,0.22302446,0.25222387,0.35968734,0.46517671,0.52148233,0.15565093,0.29639248,0.40430928,0.14808759,0.26538703,0.13404612,0.36707053,0.27978737,0.18162082,0.14352448,0.15559623
658,0.22597250,0.47718364,0.50878194,0.51786292,0.49569770,0.26336533,-0.18769216,0.24992607,0.01481995,0.10533351,0.06150760,-0.01687822,0.10583358,-0.13370367,0.07236604,0.20531181,0.15345096,0.14604029,0.12794388,0.04060497,0.16081903,0.09623543,0.20548996,0.22690831,0.20531181,0.29523834,0.40980729,0.48446366,0.15345096,0.29531555,0.40849805,0.14604029,0.26193630,0.12794388,0.33322673,0.27399671,0.15150246,0.10967912,0.15294530
659,0.23496944,0.49286324,0.53888642,0.53662198,0.51029719,0.24507452,-0.18633987,0.24574703,0.00011315,0.09707344,0.03485996,-0.02673822,0.08515992,-0.14630015,0.05304357,0.18914568,0.15577110,0.15148392,0.13028007,0.04506894,0.13634642,0.09630897,0.20712926,0.22842493,0.18914568,0.26614756,0.39057949,0.47201388,0.15577110,0.30319574,0.42058270,0.15148392,0.26848503,0.13028007,0.32036563,0.27365428,0.13657164,0.09109293,0.15722147
660,0.25223569,0.49923323,0.57748008,0.55799101,0.51604618,0.24923487,-0.16858059,0.24575454,0.00041793,0.10116588,0.02902710,-0.02364208,0.08529601,-0.14535100,0.06952044,0.17372932,0.15397062,0.15300801,0.12863008,0.04383317,0.11574976,0.09663716,0.21119116,0.23225082,0.17372932,0.24696696,0.37974406,0.47409676,0.15397062,0.30416132,0.42503141,0.15300801,0.27170933,0.12863008,0.31349898,0.27714497,0.13440409,0.08981873,0.16279049
661,0.26207227,0.51025415,0.64143022,0.59153970,0.51267930,0.24727629,-0.17084103,0.23545955,-0.00558501,0.09892503,0.01583431,-0.02152204,0.07165623,-0.13503316,0.08618647,0.17378932,0.14509155,0.14535279,0.11916944,0.03576331,0.11531778,0.09580030,0.21557413,0.23590232,0.17378932,0.23858902,0.36557802,0.46829795,0.14509155,0.28755865,0.40540096,0.14535279,0.26121127,0.11916944,0.31171746,0.27154808,0.13533043,0.08129104,0.16020049
662,0.26665568,0.50598232,0.63009190,0.57242926,0.49625253,0.24433743,-0.15537149,0.23511890,0.00383654,0.10046823,0.03232377,-0.01879640,0.09413313,-0.13396524,0.10431794,0.16589573,0.14537046,0.14388705,0.11906424,0.03733313,0.10786984,0.09657341,0.21910453,0.23944356,0.16589573,0.23649323,0.36642166,0.46596998,0.14537046,0.28688378,0.40298729,0.14388705,0.25795886,0.11906424,0.30111125,0.26788987,0.13336533,0.10056033,0.16979770
663,0.26916358,0.52243475,0.64928849,0.58130652,0.49267120,0.24295431,-0.14068038,0.23269017,-0.00588916,0.10052503,0.02385628,-0.01889105,0.09024044,-0.13254283,0.10860263,0.14026492,0.14218837,0.14632765,0.11852175,0.04360464,0.11890836,0.09810634,0.22060506,0.24143622,0.14026492,0.21769629,0.35393463,0.45890352,0.14218837,0.28577788,0.40226444,0.14632765,0.26075349,0.11852175,0.29526340,0.26605677,0.13422195,0.09802271,0.17143033
664,0.26497074,0.51952045,0.65421789,0.58327405,0.50216912,0.23311973,-0.13773618,0.23374989,-0.00036959,0.09998977,0.02107862,-0.02122352,0.08830291,-0.13924091,0.09986692,0.14018030,0.14369346,0.14721434,0.12121671,0.04708980,0.12187974,0.09921696,0.22081125,0.24207770,0.14018030,0.20819432,0.34731187,0.45175015,0.14369346,0.28702619,0.40523172,0.14721434,0.26272441,0.12121671,0.28801655,0.26559849,0.12867108,0.09521169,0.17138667
665,0.25791596,0.52223030,0.65751486,0.58838872,0.50964472,0.23446663,-0.13489308,0.22785312,-0.00406938,0.09582627,0.01280473,-0.02491531,0.07599186,-0.14183147,0.08332691,0.13306169,0.14297361,0.14551034,0.12022136,0.04292187,0.11961706,0.09967495,0.22159615,0.24298138,0.13306169,0.20461321,0.34369307,0.44792592,0.14297361,0.28452722,0.40157989,0.14551034,0.25989061,0.12022136,0.28997864,0.26131188,0.12276473,0.08368481,0.16451489
666,0.26760826,0.50189136,0.61781722,0.59550938,0.53888612,0.20505797,-0.14812169,0.22719558,0.00022644,0.08859725,0.01036129,-0.03226628,0.06061277,-0.15260351,0.05294017,0.15368761,0.14855631,0.14697910,0.12930659,0.03531560,0.07022077,0.09833800,0.21416237,0.23566052,0.15368761,0.19758775,0.32751165,0.43118045,0.14855631,0.29191414,0.41785159,0.14697910,0.26997059,0.12930659,0.27572850,0.26857050,0.12722508,0.07269350,0.16313134
667,0.25903505,0.47696207,0.59676887,0.59655321,0.54989976,0.16576058,-0.14898069,0.21840898,-0.00113405,0.08170530,0.00352675,-0.03522804,0.04352161,-0.15458006,0.03377728,0.15919424,0.14844094,0.14817380,0.13330615,0.02247272,0.05165097,0.09849239,0.21404098,0.23561471,0.15919424,0.17687061,0.30026573,0.40664452,0.14844094,0.29284985,0.42371749,0.14817380,0.27646902,0.13330615,0.26300955,0.27454083,0.13600987,0.06213171,0.16136027
668,0.26042074,0.46356398,0.53466568,0.55380179,0.53720057,0.14440424,-0.15098942,0.21243411,0.01225102,0.07780113,0.01528737,-0.03828583,0.05242665,-0.15408124,0.02454431,0.17898554,0.14405470,0.14977707,0.13219224,0.01965009,0.07412925,0.09905367,0.21322478,0.23510941,0.17898554,0.18066506,0.29494446,0.38486552,0.14405470,0.28909207,0.41560102,0.14977707,0.27332366,0.13219224,0.24708619,0.26592214,0.13425107,0.06831874,0.16013718
669,0.25164680,0.46234337,0.52696154,0.53786306,0.52579063,0.13729837,-0.16080333,0.21363017,0.00831555,0.07723402,0.01310285,-0.03551432,0.05925819,-0.14750562,0.02258053,0.18734744,0.14499795,0.14999280,0.13218188,0.02243298,0.08947950,0.09818418,0.21400049,0.23544923,0.18734744,0.18542552,0.30085308,0.37919233,0.14499795,0.28859906,0.41130163,0.14999280,0.26891434,0.13218188,0.24904374,0.26553946,0.13384769,0.07221645,0.15419553
670,0.25078567,0.46876049,0.54461905,0.55352113,0.53437184,0.14496072,-0.17172300,0.21337571,0.00226655,0.07727792,0.00622464,-0.03762211,0.04976305,-0.15275557,0.02046151,0.19009011,0.14468904,0.15020003,0.13207140,0.02422750,0.09638955,0.09911838,0.21320458,0.23511836,0.19009011,0.19094258,0.30428235,0.38825819,0.14468904,0.28908993,0.41430125,0.15020003,0.27180301,0.13207140,0.25558208,0.26439273,0.13225701,0.06574942,0.15848229
671,0.25451771,0.48085105,0.56876140,0.57031396,0.53312503,0.17858284,-0.15613208,0.21821628,-0.00014259,0.08214563,0.01443593,-0.03592188,0.05326683,-0.15179107,0.03896671,0.16893731,0.14391805,0.14580052,0.12673892,0.03784209,0.12502479,0.09928728,0.21259926,0.23464102,0.16893731,0.19606059,0.30770187,0.40163650,0.14391805,0.28639983,0.40910513,0.14580052,0.26662638,0.12673892,0.25492230,0.26183621,0.13033665,0.06856042,0.15875608
672,0.25805924,0.53149669,0.63866606,0.57255230,0.48965202,0.23406697,-0.10552305,0.22141674,0.00206980,0.10125589,0.03291427,-0.00991122,0.08420994,-0.11868169,0.09124945,0.11282309,0.13299988,0.13077109,0.11217301,0.04309824,0.13094945,0.09662158,0.23017121,0.24962875,0.11282309,0.19254585,0.31530417,0.41358517,0.13299988,0.26282499,0.37163978,0.13077109,0.23879890,0.11217301,0.27424887,0.25570756,0.13314447,0.09135121,0.14989314
673,0.24165994,0.52235741,0.62494945,0.55280267,0.47340583,0.25791382,-0.11265496,0.22927098,-0.00333940,0.11212437,0.02013235,0.00763486,0.09691651,-0.09866081,0.11981581,0.11597272,0.12659179,0.13810337,0.11166904,0.04517801,0.18862390,0.09817092,0.23250683,0.25238256,0.11597272,0.19782855,0.33251726,0.43481393,0.12659179,0.25915515,0.36862839,0.13810337,0.24431558,0.11166904,0.29688036,0.25905285,0.13845962,0.10209322,0.15531505
674,0.26996486,0.49891055,0.53855910,0.48719402,0.42407074,0.26893954,-0.05596651,0.22036351,0.01766496,0.11653551,0.07169572,0.01674421,0.14500834,-0.07830966,0.17684256,0.09105838,0.12240295,0.12984819,0.10276735,0.04704019,0.19074361,0.09732093,0.24638008,0.26490471,0.09105838,0.19924746,0.32669497,0.42473414,0.12240295,0.25156971,0.35221727,0.12984819,0.22984779,0.10276735,0.28770971,0.24609649,0.15475586,0.14970546,0.19369510
675,0.25871472,0.46174236,0.48040884,0.44877417,0.41191005,0.29198478,-0.07389233,0.22351963,0.02281528,0.13109949,0.09795775,0.03594444,0.16836388,-0.05516271,0.19927695,0.12224660,0.12562236,0.12482432,0.09800625,0.04417685,0.23696008,0.09655563,0.24890901,0.26698068,0.12224660,0.23561275,0.35593666,0.44696341,0.12562236,0.25038805,0.34416412,0.12482432,0.21990530,0.09800625,0.31320325,0.25285251,0.18047118,0.17597535,0.20753317
676,0.24685308,0.42350576,0.45800191,0.43433355,0.39352642,0.31007384,-0.06660321,0.23487620,0.03151268,0.13488323,0.11489760,0.04063955,0.19176148,-0.04433061,0.22878364,0.12854647,0.13677636,0.12455997,0.09277446,0.04032313,0.32919877,0.09687748,0.25018962,0.26829106,0.12854647,0.25234610,0.37479997,0.46289676,0.13677636,0.26104802,0.34955273,0.12455997,0.21458897,0.09277446,0.32496727,0.25965573,0.18846275,0.19953443,0.23539427
677,0.26005147,0.40531616,0.42033215,0.41353524,0.38754136,0.32981228,-0.06098854,0.24042230,0.03195943,0.14817726,0.12547695,0.05755767,0.20077537,-0.02558678,0.23173797,0.13322103,0.13724584,0.11989749,0.08873256,0.02954720,0.37145330,0.09586114,0.24959277,0.26736849,0.13322103,0.26038586,0.37875880,0.46140081,0.13724584,0.25647802,0.33864796,0.11989749,0.20503697,0.08873256,0.34332679,0.26499733,0.20540076,0.21360880,0.23715893
678,0.22612216,0.39908463,0.40773051,0.41093955,0.38825451,0.34359284,-0.07309466,0.24122784,0.03185217,0.15661883,0.12729127,0.06840735,0.20508528,-0.01444107,0.23552494,0.15303743,0.13222599,0.11971548,0.08852429,0.01597321,0.44568371,0.09332346,0.25257457,0.26926415,0.15303743,0.27421776,0.39152007,0.47273320,0.13222599,0.25129516,0.33074302,0.11971548,0.20302087,0.08852429,0.35757699,0.26732433,0.21559980,0.22271552,0.24354879
679,0.21474133,0.39226254,0.40247932,0.40093275,0.37811963,0.35175704,-0.06315820,0.24457366,0.04203740,0.16181833,0.13171975,0.07408619,0.21256637,-0.00891508,0.24212881,0.15530437,0.12870744,0.12217574,0.08825092,0.02167340,0.43840108,0.09270145,0.24985308,0.26649600,0.15530437,0.27213227,0.39229103,0.47307436,0.12870744,0.25033917,0.32888934,0.12217574,0.20443861,0.08825092,0.36587181,0.27475189,0.22240661,0.23073778,0.24860611
680,0.21912071,0.42999731,0.45693369,0.44657532,0.40838655,0.31120022,-0.06066000,0.22942753,0.03782906,0.13287815,0.10451452,0.03812710,0.16984750,-0.05103037,0.20768112,0.13279118,0.12332692,0.12144864,0.09685979,0.02933287,0.37965497,0.09329189,0.24732382,0.26433397,0.13279118,0.24308106,0.35974824,0.45280552,0.12332692,0.24477105,0.33701069,0.12144864,0.21462014,0.09685979,0.32773164,0.26087531,0.18716305,0.17896118,0.21763404
681,0.22091764,0.46655635,0.52632966,0.49328327,0.43106223,0.26939491,-0.08790281,0.23368646,0.03602258,0.11772769,0.08345934,0.00341505,0.14424040,-0.09429852,0.16379768,0.12897971,0.13252573,0.13905166,0.10174214,0.04190850,0.21709637,0.09189935,0.23534009,0.25264688,0.12897971,0.23255893,0.36486686,0.45642186,0.13252573,0.27121835,0.37013493,0.13905166,0.23766775,0.10174214,0.31340744,0.27259967,0.17138780,0.15019354,0.19018850
682,0.21652663,0.52143583,0.61604687,0.57855962,0.50907643,0.23121395,-0.18690833,0.24169194,-0.01298165,0.10834626,0.01440504,-0.01582625,0.07981346,-0.13082752,0.09038927,0.17516152,0.14565988,0.15625885,0.12054719,0.04049908,0.13427226,0.09368301,0.21540569,0.23489598,0.17516152,0.23827026,0.37775140,0.47621549,0.14565988,0.29908633,0.41654270,0.15625885,0.27136820,0.12054719,0.32951895,0.29014903,0.15378724,0.09044182,0.15909212
683,0.22308954,0.51523674,0.62170335,0.58932410,0.53281331,0.21464527,-0.21002732,0.23540435,-0.01198055,0.09217155,0.00730830,-0.02881550,0.05870055,-0.14305587,0.05183855,0.20088266,0.15346106,0.14827345,0.12148660,0.04023390,0.11137442,0.09574046,0.21215145,0.23275411,0.20088266,0.25073171,0.37453204,0.46326224,0.15346106,0.29875765,0.41618748,0.14827345,0.26319886,0.12148660,0.32325215,0.27730520,0.13219469,0.07032668,0.15288402
684,0.24437914,0.49084189,0.56534396,0.56870644,0.53836299,0.17904977,-0.20667190,0.22822199,0.00071489,0.08812252,0.01167392,-0.03162447,0.05687400,-0.14951401,0.03184452,0.21628942,0.14865006,0.14962916,0.12963452,0.04210845,0.09014680,0.09673205,0.20840623,0.22976128,0.21628942,0.23680971,0.34898646,0.42847802,0.14865006,0.29417965,0.41693327,0.14962916,0.26938371,0.12963452,0.29523095,0.27206650,0.13352707,0.06873685,0.15499979
685,0.24153375,0.46504040,0.51527172,0.53979464,0.53309768,0.15285585,-0.21377235,0.22320678,0.00477213,0.08122437,0.02432960,-0.03748962,0.06845930,-0.15751792,0.02660285,0.23254413,0.15085278,0.15311170,0.13850090,0.03723592,0.09303894,0.09695522,0.20747904,0.22901499,0.23254413,0.24884888,0.35373757,0.42065894,0.15085278,0.29955844,0.42521356,0.15311170,0.27729388,0.13850090,0.28753740,0.27101368,0.13618762,0.08070794,0.16342204
686,0.23353204,0.45486352,0.49312489,0.52136380,0.52186709,0.13807586,-0.22312177,0.22130204,-0.00044388,0.08146517,0.02054061,-0.03514341,0.07484249,-0.15232214,0.02686656,0.24072266,0.14696119,0.15725026,0.13821014,0.03474035,0.11433832,0.09701511,0.21038942,0.23168004,0.24072266,0.25016144,0.35687892,0.41076801,0.14696119,0.29742092,0.41820576,0.15725026,0.27562644,0.13821014,0.28519718,0.26714648,0.13810045,0.08487244,0.15886423
687,0.22499501,0.45005552,0.49375230,0.52715582,0.52366944,0.12961404,-0.23094938,0.21860494,0.00010426,0.08130033,0.01341234,-0.03758171,0.05963142,-0.15365495,0.01732662,0.25209802,0.14458806,0.15622206,0.13396033,0.03903614,0.12770443,0.09706532,0.20981975,0.23118392,0.25209802,0.24912586,0.34612796,0.40111940,0.14458806,0.29495951,0.41618909,0.15622206,0.27455782,0.13396033,0.28296401,0.26347308,0.13249653,0.07177802,0.15928642
688,0.22686403,0.44873799,0.48707148,0.51869976,0.51567060,0.12469241,-0.23472348,0.21964765,-0.00542022,0.08254387,0.01416553,-0.03682090,0.06801320,-0.15020488,0.01730478,0.25216876,0.14487729,0.15899387,0.13502514,0.04108693,0.12590503,0.09719199,0.20982408,0.23124106,0.25216876,0.25244149,0.35424691,0.39871441,0.14487729,0.29795618,0.41445883,0.15899387,0.27325594,0.13502514,0.28548952,0.26539051,0.13535176,0.07900974,0.15561312
689,0.21726629,0.44450800,0.48220612,0.51815596,0.51920802,0.12612517,-0.24923961,0.21497788,-0.01202009,0.08286923,0.01088212,-0.03760019,0.06208963,-0.15209043,0.00662948,0.25801372,0.14200123,0.16177141,0.13814328,0.04452167,0.11718415,0.09663492,0.20910363,0.23035329,0.25801372,0.26370339,0.36378995,0.40543546,0.14200123,0.29899925,0.41638075,0.16177141,0.27820078,0.13814328,0.30003946,0.26738960,0.13957284,0.07448981,0.15669525
690,0.21781667,0.44065548,0.48637494,0.52610184,0.52516637,0.12285805,-0.24395512,0.21974123,-0.01072848,0.09152721,-0.00165127,-0.03247276,0.04874289,-0.15172397,0.00019416,0.25748546,0.13976038,0.16084030,0.13903077,0.04020337,0.11212093,0.09627238,0.20945534,0.23052095,0.25748546,0.24436630,0.34440479,0.39550076,0.13976038,0.29648503,0.42038841,0.16084030,0.28149082,0.13903077,0.29289996,0.26965401,0.13634438,0.05975759,0.15706192
691,0.21496082,0.44179575,0.48591987,0.52495077,0.52288608,0.12709295,-0.24510782,0.22407592,-0.00105385,0.09449605,0.00772064,-0.03044003,0.05496208,-0.14787401,-0.00115441,0.26788299,0.14110866,0.16263733,0.14179605,0.03741620,0.09875248,0.09434779,0.20864522,0.22898545,0.26788299,0.25493169,0.35200055,0.39753721,0.14110866,0.29968070,0.42433119,0.16263733,0.28467725,0.14179605,0.29542285,0.27414779,0.13982612,0.06361655,0.15495368
692,0.22419607,0.44040276,0.48483786,0.52283400,0.52625308,0.11126146,-0.22361168,0.22101612,0.00746446,0.09404745,0.01647121,-0.03019320,0.06974398,-0.14913809,0.01249035,0.26002890,0.14099603,0.16418417,0.14344556,0.03541563,0.08689878,0.09513574,0.20937965,0.22997967,0.26002890,0.24110784,0.34287235,0.38759947,0.14099603,0.30107652,0.42558349,0.16418417,0.28539332,0.14344556,0.27538139,0.27448764,0.13968448,0.07650422,0.15697326
693,0.22146441,0.43722918,0.47687393,0.51303392,0.52067194,0.11352975,-0.23231870,0.22118624,0.01555714,0.09506314,0.03466749,-0.03087546,0.09052213,-0.14855148,0.02564064,0.27322040,0.14042775,0.16639572,0.14574557,0.03539893,0.08300943,0.09497089,0.20916452,0.22971562,0.27322040,0.26826307,0.37092080,0.40439753,0.14042775,0.30375639,0.42457488,0.16639572,0.28609947,0.14574557,0.28686211,0.27604543,0.14633200,0.09644271,0.15704827
694,0.21645377,0.43494477,0.48023732,0.52043490,0.52646601,0.12318774,-0.23393000,0.22115836,0.01772150,0.09213004,0.02859700,-0.03421775,0.07361509,-0.14956908,0.01349248,0.27358449,0.14389783,0.16393703,0.14113937,0.03801676,0.08043940,0.09521130,0.20968631,0.23029012,0.27358449,0.26503474,0.36355581,0.40475303,0.14389783,0.30495788,0.42698406,0.16393703,0.28435246,0.14113937,0.29131449,0.27719708,0.14141370,0.08169224,0.15695459
695,0.21505007,0.43340598,0.48032564,0.51879381,0.52305460,0.13226488,-0.23457392,0.22506692,0.01463225,0.09720291,0.03179783,-0.02989444,0.08304479,-0.14885997,0.02601007,0.26912245,0.14258434,0.16557002,0.14311521,0.03135316,0.07704266,0.09457153,0.20952594,0.22988018,0.26912245,0.26936548,0.37387369,0.41841282,0.14258434,0.30543160,0.42856956,0.16557002,0.28739700,0.14311521,0.29538937,0.27813406,0.14446992,0.08873188,0.15806091
696,0.21009633,0.43382665,0.48147547,0.51616608,0.52328313,0.12760692,-0.25255560,0.22989426,0.01411667,0.09508764,0.03311395,-0.03589535,0.08852307,-0.15155404,0.02352537,0.28820755,0.15031708,0.16773936,0.14218742,0.03357139,0.08492174,0.09544843,0.20791981,0.22878166,0.28820755,0.28861422,0.39508006,0.42598058,0.15031708,0.31541654,0.43258510,0.16773936,0.28380716,0.14218742,0.30848605,0.28126202,0.14029363,0.09592443,0.15911837
697,0.22040383,0.43914994,0.47984186,0.51285413,0.51897497,0.12023744,-0.25361531,0.22859515,0.02128710,0.09522054,0.04410064,-0.03217449,0.09956538,-0.15123464,0.02923956,0.29941689,0.14615804,0.16484803,0.14732464,0.03440387,0.10064067,0.09448723,0.20636317,0.22696607,0.29941689,0.29884491,0.39636776,0.41850727,0.14615804,0.30798222,0.42693880,0.16484803,0.28360407,0.14732464,0.29854895,0.27429896,0.14145091,0.10481504,0.16038605
698,0.21213891,0.43730901,0.47286314,0.50694441,0.51700448,0.12720651,-0.27663933,0.22946502,0.01603165,0.09774309,0.04913220,-0.03141506,0.10215186,-0.14972415,0.02024249,0.31472472,0.14567865,0.16566329,0.15338748,0.02734078,0.11223376,0.09415640,0.20555245,0.22609122,0.31472472,0.32710471,0.41991193,0.42970334,0.14567865,0.30919057,0.42640104,0.16566329,0.28691593,0.15338748,0.31975693,0.27562530,0.14765063,0.10733931,0.15712108
699,0.20776551,0.43363981,0.46859503,0.50227988,0.51245484,0.12864142,-0.28837064,0.22197064,0.02244761,0.09487643,0.06030342,-0.03252658,0.10692027,-0.14784268,0.01657098,0.32840356,0.14466373,0.16224874,0.15387675,0.02637189,0.11457646,0.09373230,0.20625083,0.22655054,0.32840356,0.35038543,0.43765458,0.43594630,0.14466373,0.30570404,0.41759936,0.16224874,0.28167966,0.15387675,0.33426730,0.27453244,0.15191182,0.11253257,0.15258419
700,0.22053088,0.43399270,0.46986297,0.50302663,0.51213522,0.13771468,-0.27857909,0.22095987,0.01891789,0.10025888,0.06050424,-0.02837955,0.11077706,-0.14535270,0.02322846,0.31339869,0.13927287,0.16178507,0.15278022,0.02987501,0.12061795,0.09218311,0.20395634,0.22382117,0.31339869,0.34115809,0.43218223,0.43426897,0.13927287,0.30031122,0.41021181,0.16178507,0.27988124,0.15278022,0.32883080,0.27362356,0.15702202,0.11615171,0.14919004
701,0.21984299,0.43134467,0.46439605,0.49356800,0.50433472,0.14508029,-0.28136046,0.21681083,0.02480502,0.09005381,0.08182426,-0.03090154,0.12492361,-0.14350924,0.03970270,0.31863022,0.15056431,0.15111028,0.14597451,0.02506999,0.10933731,0.09151519,0.20433363,0.22389118,0.31863022,0.36738682,0.45106283,0.44890857,0.15056431,0.30050990,0.40063052,0.15111028,0.26443442,0.14597451,0.33538460,0.27189102,0.16025518,0.13102399,0.14940925
702,0.21726646,0.43481723,0.46141571,0.48429976,0.50010435,0.12690799,-0.31181759,0.21511082,0.01212173,0.08808141,0.08799641,-0.03530833,0.13842356,-0.15105756,0.05163130,0.33807558,0.15898091,0.15275849,0.14932241,0.02028549,0.08237032,0.09193004,0.20316488,0.22299574,0.33807558,0.40211686,0.48753068,0.47566702,0.15898091,0.31030358,0.40552231,0.15275849,0.26638260,0.14932241,0.35845976,0.27007267,0.16267565,0.14598908,0.15978586
703,0.20989276,0.43224458,0.45823183,0.48210144,0.49805845,0.12132223,-0.32233899,0.21951752,0.02535421,0.09971350,0.10235752,-0.02673039,0.14929772,-0.15031503,0.05447901,0.36479726,0.15571758,0.15300439,0.15884470,0.01832193,0.08784208,0.09236583,0.20387588,0.22382319,0.36479726,0.42543051,0.50154502,0.47875666,0.15571758,0.30705505,0.40655662,0.15300439,0.27475160,0.15884470,0.36313305,0.27609521,0.17588787,0.15467047,0.15988501
704,0.21185762,0.43641642,0.46076467,0.47794743,0.49307634,0.10368757,-0.31580660,0.21624952,0.00365747,0.09945309,0.08770370,-0.02854252,0.14911763,-0.14730914,0.06552913,0.34113586,0.15736782,0.15767661,0.14884352,0.01823349,0.06710977,0.09285670,0.20417969,0.22430273,0.34113586,0.40419547,0.49199343,0.47315527,0.15736782,0.31399279,0.40397813,0.15767661,0.26762657,0.14884352,0.35589493,0.27371596,0.16854767,0.15590509,0.16125187
705,0.21023835,0.43381967,0.45942313,0.47968424,0.49746820,0.09281152,-0.30611899,0.21189707,-0.01008734,0.09578156,0.07036033,-0.03202622,0.13631015,-0.15018235,0.06790550,0.32314521,0.15455786,0.16009383,0.14028714,0.01355766,0.07468749,0.09343535,0.20477030,0.22508007,0.32314521,0.37667160,0.46695830,0.46042582,0.15455786,0.31405659,0.40559630,0.16009383,0.26650957,0.14028714,0.34058290,0.27059797,0.15876801,0.14431720,0.16484278
706,0.21481472,0.43355112,0.46201515,0.48007409,0.50109962,0.06820492,-0.31448182,0.19907397,0.00205378,0.08943103,0.07468683,-0.03564808,0.13499845,-0.15255419,0.06034628,0.34731176,0.14974789,0.15641411,0.14265632,0.00801832,0.06826759,0.09255644,0.20259600,0.22273714,0.34731176,0.39000295,0.46929138,0.45110809,0.14974789,0.30559673,0.39792454,0.15641411,0.26430178,0.14265632,0.34251811,0.26494457,0.15565573,0.14307318,0.16406984
707,0.21393129,0.43631360,0.46328805,0.48088850,0.50257492,0.06515765,-0.34372971,0.19417428,-0.01618516,0.08344270,0.06696099,-0.04042058,0.13377494,-0.15593854,0.06725229,0.35552318,0.15900564,0.16377446,0.13772094,0.00407047,0.03966338,0.09113957,0.20144257,0.22110073,0.35552318,0.41208392,0.50175572,0.48924158,0.15900564,0.32208557,0.41007330,0.16377446,0.26704592,0.13772094,0.37782409,0.27378262,0.15647022,0.14302005,0.16987415
708,0.21929271,0.43383354,0.45919361,0.47717047,0.50313694,0.05396364,-0.32671259,0.18969550,-0.02271638,0.08756984,0.06797178,-0.03285869,0.13938254,-0.14899711,0.07575115,0.33394489,0.15553894,0.15949374,0.13670821,-0.00424832,0.04076845,0.09076349,0.20675982,0.22580441,0.33394489,0.39904617,0.49023506,0.47784331,0.15553894,0.31392790,0.39817404,0.15949374,0.26114743,0.13670821,0.36680906,0.26518246,0.15580667,0.14697746,0.16714992
709,0.20968907,0.43125368,0.45859877,0.47685589,0.50533721,0.05497116,-0.31832451,0.18247495,-0.02870929,0.08113166,0.05701967,-0.03098097,0.13325758,-0.14368716,0.07317379,0.31687755,0.15283418,0.15471633,0.13165290,0.00183025,0.04177520,0.08939091,0.20872168,0.22705830,0.31687755,0.38086846,0.47872083,0.46920186,0.15283418,0.30721869,0.38725532,0.15471633,0.24927952,0.13165290,0.36323112,0.25983344,0.14587305,0.14060647,0.16124723
710,0.20759501,0.42567674,0.45652545,0.48169377,0.50631461,0.04617439,-0.31852964,0.17749571,-0.03359471,0.07516046,0.05675820,-0.03532366,0.13453675,-0.14102966,0.08552922,0.31511004,0.15891253,0.16018725,0.12138924,0.00379697,0.03253783,0.08961561,0.20607207,0.22471461,0.31511004,0.37998048,0.48059077,0.47741790,0.15891253,0.31871568,0.39525897,0.16018725,0.24897849,0.12138924,0.36478537,0.27026976,0.15229791,0.14310639,0.16493874
711,0.19319686,0.42976838,0.46658755,0.49132443,0.51637124,0.03758054,-0.33524222,0.17127203,-0.04007678,0.07325145,0.04784016,-0.03638460,0.10445561,-0.13995200,0.07156007,0.32916101,0.16409635,0.15222065,0.11442986,-0.00361831,0.02237948,0.08844650,0.20442183,0.22273542,0.32916101,0.38681768,0.46421208,0.47354434,0.16409635,0.31465139,0.39877294,0.15222065,0.24827977,0.11442986,0.37032835,0.27445080,0.14270767,0.11310161,0.15766289
712,0.18172248,0.43371428,0.46301968,0.48950370,0.51934178,0.03941925,-0.34713817,0.16850539,-0.05957154,0.07021377,0.03986541,-0.04042830,0.10107977,-0.14875018,0.06065502,0.31957228,0.16156964,0.15487087,0.12272130,-0.00682222,0.04164158,0.08868619,0.20171342,0.22034869,0.31957228,0.38926058,0.47026054,0.47639965,0.16156964,0.31383836,0.39981394,0.15487087,0.25578180,0.12272130,0.37931262,0.26846879,0.14410713,0.11290756,0.16103135
713,0.21970462,0.43776571,0.46508638,0.49002903,0.51958167,0.03101965,-0.32560492,0.17774071,-0.06122085,0.07324297,0.04601232,-0.03869361,0.11474434,-0.16485921,0.06075945,0.30639138,0.17076667,0.15982452,0.14349136,-0.00643527,0.01803042,0.08810035,0.19723675,0.21601853,0.30639138,0.37542798,0.46266750,0.46375296,0.17076667,0.32831803,0.42251168,0.15982452,0.27311558,0.14349136,0.36128057,0.27662380,0.14858894,0.12469817,0.17611936
714,0.21009930,0.44054128,0.46547710,0.49131133,0.52103733,0.02456272,-0.33295427,0.16890863,-0.06692186,0.06775341,0.04658193,-0.04310924,0.10214707,-0.15765327,0.05835693,0.30950134,0.17010729,0.15243063,0.12923893,-0.01094306,0.03048233,0.08878815,0.19854039,0.21748937,0.30950134,0.38216270,0.45160387,0.45412270,0.17010729,0.31739512,0.40578983,0.15243063,0.26019621,0.12923893,0.35705143,0.26379334,0.14133634,0.11395222,0.16873009
715,0.21057285,0.43932444,0.46713874,0.49121935,0.52047663,0.01931366,-0.34773035,0.17900337,-0.06358544,0.07498715,0.04450827,-0.03659330,0.10731929,-0.15093298,0.06141659,0.32912450,0.17044299,0.15357461,0.12992170,-0.01358786,0.02118649,0.08914443,0.19957552,0.21857977,0.32912450,0.39773654,0.47393011,0.47158836,0.17044299,0.32116844,0.40902566,0.15357461,0.25923873,0.12992170,0.37833912,0.27113814,0.14238230,0.11673592,0.16350486
716,0.23919720,0.44379009,0.46644541,0.48439298,0.51011854,0.01566959,-0.35301431,0.17309661,-0.06476177,0.07299642,0.05142820,-0.04316334,0.12746303,-0.15790400,0.07227960,0.33596537,0.16695121,0.15982343,0.12983952,-0.00642722,0.05234381,0.09001564,0.19675925,0.21637240,0.33596537,0.40851260,0.48975641,0.47008606,0.16695121,0.32370940,0.39679527,0.15982343,0.25435537,0.12983952,0.36982723,0.25786824,0.14469620,0.13896981,0.17390579
717,0.24150939,0.44591491,0.47122449,0.48536303,0.50821349,0.00345075,-0.34286727,0.17464962,-0.07772835,0.07735891,0.03887238,-0.03824819,0.12030177,-0.15968839,0.07149938,0.32088047,0.16625211,0.15898883,0.13378376,-0.00843289,0.04680997,0.09067535,0.19713270,0.21698691,0.32088047,0.38895017,0.47228682,0.45874031,0.16625211,0.32285726,0.40286092,0.15898883,0.25949230,0.13378376,0.36445450,0.26357253,0.14298203,0.13276273,0.17547604
718,0.23672322,0.44559609,0.46409960,0.48162775,0.50514105,0.00775763,-0.36828212,0.17710050,-0.07753407,0.07540240,0.04423669,-0.03950623,0.12134614,-0.15681093,0.07369848,0.34099147,0.17102486,0.15941705,0.12936587,-0.00842458,0.03952484,0.09095320,0.19781330,0.21772135,0.34099147,0.41811493,0.49965388,0.48525591,0.17102486,0.32699236,0.40387953,0.15941705,0.25683106,0.12936587,0.38970975,0.26590189,0.14741216,0.13360255,0.17375300
719,0.23479981,0.44581143,0.47465577,0.48715264,0.50857466,-0.00034364,-0.36325286,0.17793040,-0.07491972,0.08058897,0.04638234,-0.03556821,0.13853907,-0.16862933,0.08266691,0.34834334,0.17465603,0.16696568,0.14708951,0.01500335,0.04823465,0.08966844,0.19309686,0.21290098,0.34834334,0.41755425,0.50874603,0.48793962,0.17465603,0.33993194,0.42312724,0.16696568,0.27293176,0.14708951,0.38040151,0.27304660,0.14681604,0.14770457,0.18799112
720,0.24324525,0.44190093,0.46372560,0.47728727,0.49623085,0.00749130,-0.35904607,0.18129286,-0.06007831,0.07845099,0.04593494,-0.03551869,0.14510459,-0.16456957,0.09826018,0.35006297,0.16445793,0.16880057,0.13946036,0.00305575,0.03658822,0.08928467,0.19238058,0.21208970,0.35006297,0.41154292,0.51450518,0.50259712,0.16445793,0.33301740,0.41751889,0.16880057,0.26787764,0.13946036,0.38330376,0.26823693,0.14739491,0.15483908,0.19235661
721,0.23280474,0.43957086,0.45851438,0.47666874,0.49637143,0.02485109,-0.38535098,0.18664045,-0.05795234,0.07905795,0.05402019,-0.03814640,0.14370554,-0.16681681,0.09197216,0.36933225,0.16988394,0.17061494,0.14218296,-0.01958793,0.02267728,0.08487014,0.18570711,0.20418146,0.36933225,0.44291645,0.54198313,0.53072331,0.16988394,0.33922243,0.42657003,0.17061494,0.27491324,0.14218296,0.41082634,0.27634143,0.15862393,0.15419296,0.19072709
722,0.22020180,0.44040748,0.45381585,0.47498018,0.50404915,0.03801887,-0.36636653,0.18797164,-0.05882599,0.07464049,0.05465182,-0.03646884,0.14822405,-0.15643267,0.07752039,0.34333625,0.17001884,0.16823350,0.14604157,-0.02346987,0.03838889,0.08287818,0.18491110,0.20263491,0.34333625,0.42352995,0.53204655,0.50934925,0.17001884,0.33646511,0.41418374,0.16823350,0.26557177,0.14604157,0.39827931,0.26683742,0.15437408,0.15747978,0.17466724
723,0.21310871,0.44050994,0.45840682,0.47758254,0.50392231,0.04974441,-0.36433962,0.18859358,-0.04815191,0.07779079,0.04260772,-0.03501910,0.13900591,-0.15086601,0.08359236,0.34694983,0.15624983,0.16982549,0.13503256,-0.02773315,0.03566855,0.08004141,0.18266508,0.19943209,0.34694983,0.40894028,0.52248354,0.51419110,0.15624983,0.32568017,0.40924111,0.16982549,0.26348468,0.13503256,0.39481645,0.26323316,0.14504868,0.14691568,0.17274204
724,0.20416860,0.44194812,0.45624912,0.47634098,0.51103815,0.06060371,-0.38283310,0.18900848,-0.06023236,0.07592693,0.04542063,-0.03594513,0.13560957,-0.14726279,0.05237540,0.34756456,0.16351405,0.16828118,0.14829465,-0.04157545,0.05052803,0.07794692,0.17892706,0.19516817,0.34756456,0.43014208,0.54192316,0.51358053,0.16351405,0.32963669,0.40329068,0.16828118,0.26316558,0.14829465,0.41854441,0.26354259,0.14966257,0.14415282,0.15739665
725,0.18255501,0.43822382,0.45102506,0.47417694,0.51068201,0.08966034,-0.37541210,0.19240678,-0.03975565,0.08116522,0.05474893,-0.02847263,0.14235110,-0.13332188,0.06795070,0.35131625,0.15275215,0.17020556,0.13900934,-0.05263209,0.06738251,0.07637103,0.17597496,0.19183253,0.35131625,0.43134941,0.54607971,0.52792040,0.15275215,0.31925895,0.39422582,0.17020556,0.26159519,0.13900934,0.41613561,0.25963127,0.15854196,0.14792110,0.15162776
726,0.19039853,0.43848786,0.45203107,0.47241786,0.50606920,0.08257146,-0.38264227,0.19183758,-0.04327959,0.07991165,0.05430137,-0.03232905,0.14616104,-0.13864103,0.05826095,0.35683823,0.15609823,0.17336078,0.14729656,-0.03680752,0.06181822,0.07483709,0.17212672,0.18769177,0.35683823,0.43820042,0.55607914,0.52498695,0.15609823,0.32652082,0.39680409,0.17336078,0.26320283,0.14729656,0.42338846,0.26418232,0.16058092,0.15335337,0.15150008
727,0.20289927,0.43776164,0.45382586,0.47690326,0.50893046,0.07633962,-0.39933226,0.19910015,-0.04263199,0.08033020,0.06009939,-0.03804842,0.14575150,-0.15308289,0.05072738,0.37860178,0.16431325,0.17103161,0.15636856,-0.02328436,0.09241490,0.07416640,0.16571875,0.18155814,0.37860178,0.45973464,0.56678602,0.52749968,0.16431325,0.33251556,0.40818936,0.17103161,0.27014345,0.15636856,0.43161874,0.26983953,0.16319231,0.15580992,0.16141912
728,0.20423983,0.43693833,0.45763120,0.48458141,0.51475498,0.07711244,-0.37942118,0.20710953,-0.05375983,0.08641714,0.06077153,-0.03598568,0.13484870,-0.15139482,0.04456018,0.35228836,0.17523917,0.16892455,0.15588851,-0.03206550,0.09018185,0.07534925,0.16471723,0.18113330,0.35228836,0.44079386,0.53810221,0.50881192,0.17523917,0.34005473,0.42118576,0.16892455,0.27797133,0.15588851,0.41122845,0.27485955,0.15802793,0.14229277,0.15986047
729,0.20246233,0.43699078,0.45524016,0.48315703,0.50724493,0.08578538,-0.37269622,0.21130148,-0.03582715,0.08918335,0.06676938,-0.03140958,0.13534978,-0.14435060,0.06221487,0.36072466,0.16805619,0.16607511,0.14363361,-0.02807130,0.09301904,0.07560871,0.16479092,0.18130837,0.36072466,0.44008891,0.53380442,0.51888763,0.16805619,0.33017875,0.41705520,0.16607511,0.27312539,0.14363361,0.40740911,0.27368861,0.16174834,0.14135210,0.15905347
730,0.20504772,0.43695936,0.45745007,0.48846248,0.51250616,0.09290767,-0.39305473,0.20917142,-0.02617881,0.08553286,0.07720431,-0.03914177,0.13661405,-0.15575493,0.06124655,0.38832240,0.17120424,0.16579697,0.14566558,-0.02509974,0.09956971,0.07573143,0.16256507,0.17933949,0.38832240,0.47035515,0.55456151,0.53695759,0.17120424,0.33243056,0.42222142,0.16579697,0.27732566,0.14566558,0.42080104,0.27072740,0.16076217,0.14356360,0.16902937
731,0.20354751,0.43755814,0.45739213,0.48788386,0.51339069,0.10048482,-0.37887929,0.20932422,-0.02448171,0.08695319,0.08131182,-0.03662803,0.14160424,-0.15458194,0.07170857,0.37472783,0.16961106,0.16667977,0.14500965,-0.02068812,0.10082231,0.07517565,0.16199229,0.17858577,0.37472783,0.46040381,0.54581934,0.53581030,0.16961106,0.33039608,0.42273610,0.16667977,0.28005571,0.14500965,0.40839999,0.27027461,0.16776886,0.14822165,0.17197780
732,0.20812513,0.43766235,0.45595501,0.48713646,0.50984938,0.10105974,-0.37754987,0.21171794,-0.02502413,0.09085272,0.08245022,-0.03378365,0.14482547,-0.15066105,0.07265208,0.37334692,0.16807542,0.16706400,0.14500197,-0.01985637,0.10958571,0.07461667,0.16085975,0.17732317,0.37334692,0.46018007,0.54604184,0.53210096,0.16807542,0.32881384,0.41810877,0.16706400,0.27860651,0.14500197,0.40537586,0.26723468,0.16844160,0.15052741,0.16885634
733,0.22519238,0.43917103,0.46025996,0.48735190,0.50297484,0.10026512,-0.38668203,0.22308591,-0.02090782,0.09465601,0.07746635,-0.03335085,0.15403817,-0.15660116,0.08135872,0.39168395,0.17002400,0.16901497,0.14683409,0.00415292,0.12015324,0.07447677,0.15618699,0.17303516,0.39168395,0.46442693,0.56069585,0.54270210,0.17002400,0.33724587,0.42634298,0.16901497,0.27530217,0.14683409,0.41130029,0.27845249,0.16653001,0.16113460,0.17647514
734,0.21244923,0.43482987,0.45927144,0.48612485,0.50235998,0.10419861,-0.38211521,0.22196689,-0.01090036,0.09632968,0.07454689,-0.03438463,0.14439933,-0.15597095,0.07596764,0.39152204,0.16320598,0.16711899,0.14399397,-0.00518828,0.09567058,0.07398042,0.15832990,0.17476115,0.39152204,0.45713913,0.55294375,0.54313657,0.16320598,0.32946903,0.42439423,0.16711899,0.27638518,0.14399397,0.41595607,0.27818482,0.16262050,0.15154239,0.17356242
735,0.21886944,0.43572084,0.45891233,0.48559466,0.50021585,0.10470097,-0.37237254,0.22214902,-0.00483180,0.09630922,0.08767563,-0.03707491,0.15902417,-0.15729095,0.09691632,0.38886857,0.16690110,0.16992849,0.14017380,-0.00497835,0.09121190,0.07474412,0.15713100,0.17400239,0.38886857,0.46024418,0.55696524,0.55170008,0.16690110,0.33557965,0.42919534,0.16992849,0.27820565,0.14017380,0.40483731,0.27845113,0.16981392,0.16630884,0.18482072
736,0.21351622,0.43160827,0.46247036,0.48969910,0.50328265,0.10422257,-0.35418184,0.21515524,-0.01621491,0.09447052,0.07401026,-0.03427067,0.14574920,-0.14920044,0.08647666,0.35837242,0.16101531,0.16452928,0.13500929,-0.00186248,0.10248044,0.07535032,0.16173919,0.17842991,0.35837242,0.42850420,0.52588281,0.52349197,0.16101531,0.32452491,0.41443457,0.16452928,0.26844167,0.13500929,0.38782841,0.27004290,0.15987716,0.15321003,0.17256511
737,0.21473985,0.43054445,0.46265118,0.49068602,0.50213322,0.11650326,-0.34468086,0.21901334,-0.00262426,0.09427375,0.07699517,-0.03270462,0.14715704,-0.14626998,0.08959596,0.35961604,0.15847379,0.16147430,0.13290812,0.00115782,0.10206344,0.07735744,0.16610442,0.18323442,0.35961604,0.42249768,0.52095833,0.52231738,0.15847379,0.31949875,0.41158952,0.16147430,0.26440484,0.13290812,0.38331266,0.27314555,0.16173651,0.15489316,0.17154819
738,0.20570818,0.42573694,0.46626222,0.50086899,0.51191323,0.11104252,-0.34065390,0.21810030,-0.00991469,0.09205239,0.06085726,-0.03881984,0.13002503,-0.15124640,0.08526672,0.34924491,0.15667394,0.16543951,0.12837582,0.00146248,0.07848398,0.08000281,0.17240190,0.19006017,0.34924491,0.40286013,0.50414032,0.52042519,0.15667394,0.32191103,0.42055011,0.16543951,0.27096065,0.12837582,0.38416319,0.27799132,0.15699475,0.14085955,0.17369989
739,0.22486571,0.43603853,0.47493738,0.50259284,0.51588147,0.09472180,-0.32655359,0.22368710,-0.02487662,0.09203054,0.04930572,-0.03937191,0.12987784,-0.15684091,0.07660883,0.33036588,0.16243115,0.17077649,0.13533626,0.01343424,0.08413117,0.08235277,0.17486516,0.19328684,0.33036588,0.37644530,0.48498720,0.49410296,0.16243115,0.33295799,0.43058098,0.17077649,0.27530738,0.13533626,0.35987725,0.27421217,0.14256957,0.13774391,0.17541807
740,0.22266091,0.43809381,0.47534772,0.50483133,0.52125814,0.08379510,-0.32542065,0.21915664,-0.03500476,0.09126627,0.03842615,-0.04010258,0.11647568,-0.16087282,0.06103218,0.32318282,0.16077527,0.17147723,0.13922372,0.01321494,0.08384022,0.08468069,0.17926060,0.19825535,0.32318282,0.36457650,0.46962537,0.47867477,0.16077527,0.33208887,0.43274647,0.17147723,0.27986666,0.13922372,0.35578704,0.27308237,0.13728409,0.12439070,0.17376135
741,0.21948303,0.43910408,0.47787564,0.50871247,0.52018610,0.09043768,-0.32358929,0.21454582,-0.03543177,0.08700727,0.02118036,-0.03573132,0.09822201,-0.15465918,0.05733440,0.31659871,0.15337693,0.16336005,0.13131171,0.01654751,0.09194418,0.08588631,0.18450895,0.20351907,0.31659871,0.34544242,0.45076684,0.47249823,0.15337693,0.31598057,0.41975532,0.16336005,0.26929661,0.13131171,0.35378806,0.26599599,0.12662570,0.10546877,0.16663246
742,0.22593372,0.43519347,0.47633567,0.50974522,0.52092393,0.09309089,-0.30814893,0.21522036,-0.03963453,0.08654602,0.00861129,-0.03700996,0.08800605,-0.15445103,0.05377518,0.29761830,0.15093120,0.16600302,0.12903668,0.01383618,0.08850394,0.08700380,0.18943627,0.20846046,0.29761830,0.31765459,0.42886062,0.46070042,0.15093120,0.31536339,0.42200885,0.16600302,0.27230147,0.12903668,0.34200018,0.26818248,0.12704426,0.09667827,0.16557306
743,0.22974131,0.43185977,0.47585770,0.51627465,0.52951099,0.08265109,-0.27453637,0.22035362,-0.03955765,0.08835145,-0.00162171,-0.03916564,0.08119180,-0.15856269,0.06573376,0.27424822,0.15234268,0.17039848,0.12988654,0.00619070,0.07411925,0.08883245,0.19473827,0.21404251,0.27424822,0.27505150,0.39195406,0.44651761,0.15234268,0.31989463,0.43745419,0.17039848,0.28512287,0.12988654,0.31484150,0.27649632,0.13073670,0.09221466,0.17413322
744,0.20672539,0.43092758,0.47963456,0.52822713,0.54266266,0.11362979,-0.27947512,0.21141557,-0.03011390,0.08999580,0.00016687,-0.03937328,0.07252932,-0.15909644,0.06072186,0.27023597,0.14541976,0.16685714,0.13264871,-0.00046294,0.05336734,0.08923606,0.20009958,0.21909568,0.27023597,0.28323186,0.40063229,0.46825256,0.14541976,0.31005798,0.43381866,0.16685714,0.28855981,0.13264871,0.33044723,0.27336578,0.13201567,0.08491127,0.17403370
745,0.20547831,0.43726329,0.48110052,0.52742161,0.53753859,0.12046441,-0.27273130,0.23015201,-0.03262217,0.10059158,0.00329989,-0.03951634,0.07234964,-0.16567531,0.05848919,0.27305475,0.15222851,0.17131018,0.13747817,0.01000794,0.08782956,0.09324120,0.19852086,0.21932727,0.27305475,0.27675010,0.38710144,0.45513576,0.15222851,0.32222913,0.45038165,0.17131018,0.29852903,0.13747817,0.31228775,0.28374504,0.13590235,0.08506405,0.17856307
746,0.21054016,0.42970101,0.46141414,0.50656163,0.52663981,0.10849531,-0.25726409,0.22927631,-0.01700767,0.09214565,0.01174239,-0.03964062,0.08025315,-0.16293018,0.05771229,0.27476202,0.15508693,0.16714777,0.13609168,0.01053033,0.07585924,0.09766391,0.20535056,0.22739193,0.27476202,0.26969092,0.37866141,0.43865259,0.15508693,0.31979316,0.44485570,0.16714777,0.28982365,0.13609168,0.30228164,0.28727776,0.14076717,0.09412263,0.17449786
747,0.22828801,0.42924775,0.48476009,0.54176893,0.56246022,0.08662690,-0.20462082,0.21252437,-0.03304066,0.08954538,0.00061554,-0.03700930,0.06976593,-0.16110158,0.05772805,0.21864392,0.15138633,0.16452403,0.13723539,0.00471905,0.02567025,0.10187301,0.22256154,0.24476877,0.21864392,0.20765473,0.32065140,0.39802299,0.15138633,0.31415510,0.44207265,0.16452403,0.29108302,0.13723539,0.25465050,0.27698989,0.12905042,0.08016099,0.17660281
748,0.24238035,0.43116442,0.52368684,0.56917554,0.56723507,0.07592571,-0.17411527,0.20608688,-0.06224700,0.08605704,-0.03658971,-0.03297938,0.03435338,-0.15327392,0.04925913,0.17357733,0.14758739,0.15881328,0.13113106,0.01211063,0.05222698,0.10400331,0.23074498,0.25310064,0.17357733,0.14884248,0.27049763,0.36898110,0.14758739,0.30321030,0.43068522,0.15881328,0.28448687,0.13113106,0.23665622,0.27251866,0.12646373,0.04821696,0.16650211
749,0.26246730,0.42903927,0.52392630,0.55487053,0.55640287,0.06045806,-0.16808791,0.20478348,-0.07163791,0.07957729,-0.04627785,-0.02987371,0.03467210,-0.15101903,0.04205208,0.17536603,0.15083862,0.15343289,0.13126217,0.01680376,0.07501044,0.10546507,0.23315333,0.25589716,0.17536603,0.13512922,0.25527114,0.34623177,0.15083862,0.29859763,0.42415786,0.15343289,0.27488453,0.13126217,0.22310712,0.26873461,0.12090610,0.04639483,0.16239278
750,0.26246769,0.42250199,0.51507946,0.56030313,0.56395975,0.06270056,-0.14883815,0.19980706,-0.05245534,0.07424842,-0.03532481,-0.03525737,0.03302629,-0.15424713,0.05081740,0.17156148,0.15034002,0.14661145,0.12903280,0.02294164,0.08083261,0.10847488,0.23703690,0.26067852,0.17156148,0.12236556,0.23580275,0.33562063,0.15034002,0.29186168,0.41814045,0.14661145,0.27040536,0.12903280,0.20355428,0.26164747,0.11449975,0.04936946,0.16644395
751,0.24136123,0.41807662,0.49116107,0.55349874,0.56084150,0.06215544,-0.16826566,0.19324837,-0.04858226,0.07541032,-0.02875138,-0.02886636,0.04341319,-0.14775134,0.05033342,0.18098235,0.14202712,0.15149051,0.12829356,0.02676467,0.07993402,0.10893860,0.23769566,0.26147054,0.18098235,0.14615151,0.26183191,0.34850611,0.14202712,0.28858637,0.41117425,0.15149051,0.27039157,0.12829356,0.22788505,0.26575267,0.12778612,0.05459370,0.15924083
752,0.23341168,0.41763193,0.49517384,0.55955415,0.56534374,0.07753197,-0.18955023,0.19043129,-0.05669022,0.07705167,-0.04168007,-0.03182829,0.02795229,-0.15021492,0.03915669,0.17976551,0.13969034,0.15266501,0.12929640,0.02124175,0.07589765,0.10593168,0.23411172,0.25696268,0.17976551,0.15228913,0.27039719,0.36406913,0.13969034,0.28746313,0.41263385,0.15266501,0.27497989,0.12929640,0.23943047,0.26008771,0.12390496,0.04283572,0.16145780
753,0.21699390,0.40860560,0.49677719,0.55254492,0.55515937,0.08057369,-0.20034708,0.19733628,-0.05137421,0.08487721,-0.04398894,-0.03004062,0.02556111,-0.14809735,0.03923940,0.19389222,0.14133363,0.15549607,0.12736916,0.02125689,0.09398064,0.10285432,0.22919279,0.25121374,0.19389222,0.16228413,0.27937364,0.37109047,0.14133363,0.29049884,0.41399750,0.15549607,0.27679352,0.12736916,0.25095592,0.26542058,0.12766895,0.03994167,0.15822291
754,0.23307575,0.41658570,0.49984207,0.54323129,0.54481213,0.07452099,-0.21140057,0.19754405,-0.05882820,0.08405142,-0.04199699,-0.03140520,0.03366975,-0.14775513,0.04250900,0.19874227,0.14437682,0.15733540,0.12381190,0.02217440,0.09097609,0.10148232,0.22313832,0.24513134,0.19874227,0.17826882,0.29703122,0.37857307,0.14437682,0.29594777,0.41392425,0.15733540,0.27301791,0.12381190,0.26203166,0.26632550,0.12406434,0.04637320,0.15787824
755,0.23961632,0.41880573,0.50280917,0.54859596,0.54628308,0.08414687,-0.21937393,0.21091888,-0.04162311,0.08970527,-0.02481602,-0.02672119,0.04665809,-0.14646004,0.04544752,0.22196708,0.15329695,0.15738571,0.12807377,0.03093066,0.09250492,0.10096454,0.21782338,0.24008512,0.22196708,0.20153976,0.31635243,0.39273414,0.15329695,0.30549603,0.42651649,0.15738571,0.27564855,0.12807377,0.26892237,0.27461016,0.12177499,0.05376937,0.15982986
756,0.24842065,0.42453375,0.49605674,0.54174473,0.53729003,0.08659157,-0.19640956,0.21721004,-0.04375408,0.08803982,-0.02887072,-0.02841583,0.04653262,-0.14798328,0.04120105,0.20660192,0.15343102,0.15903616,0.12929556,0.02910351,0.10618988,0.09977429,0.21635845,0.23825593,0.20660192,0.17082077,0.29082259,0.37022932,0.15343102,0.30631537,0.42883067,0.15903616,0.27687614,0.12929556,0.24268192,0.27411630,0.12236678,0.05456655,0.16056260
757,0.24690509,0.42382076,0.50318902,0.53450720,0.53299968,0.10098840,-0.19125095,0.22798395,-0.02041858,0.09474624,0.00211054,-0.03184268,0.07009440,-0.15481658,0.05852171,0.21310957,0.16006620,0.15752931,0.13367424,0.00890895,0.09398131,0.09971277,0.21452158,0.23656319,0.21310957,0.20770686,0.32494731,0.40547210,0.16006620,0.31354785,0.43972768,0.15752931,0.28079384,0.13367424,0.26194308,0.27812256,0.11912980,0.07736411,0.17112753
758,0.20912669,0.42531704,0.47341499,0.49969346,0.52110817,0.11694311,-0.20577857,0.22555080,-0.04931161,0.09533051,0.03139238,-0.03565758,0.09081551,-0.15175295,0.06856634,0.19178465,0.17145458,0.15523518,0.12556259,0.01213735,0.09119192,0.10311598,0.22575197,0.24818714,0.19178465,0.25807562,0.36899906,0.43304153,0.17145458,0.32586810,0.43339834,0.15523518,0.26940352,0.12556259,0.29173776,0.27430342,0.12301654,0.09839388,0.16913383
759,0.21809726,0.42695515,0.46450070,0.49125623,0.51604258,0.13442661,-0.22741022,0.23032852,-0.00591915,0.09942262,0.05687987,-0.03516962,0.10942915,-0.16253554,0.06320846,0.24199334,0.16818611,0.16115102,0.14215162,0.01037523,0.02058301,0.10812497,0.22826230,0.25257610,0.24199334,0.30417849,0.41521791,0.46863216,0.16818611,0.32895421,0.44589542,0.16115102,0.28590361,0.14215162,0.32151404,0.28385313,0.14023130,0.11533651,0.17757508
760,0.21331064,0.42261814,0.45150182,0.47159570,0.50779822,0.11240276,-0.22016129,0.21836450,0.01200121,0.09081000,0.09890769,-0.04066808,0.13362600,-0.16228456,0.07785569,0.25574184,0.17601164,0.15491801,0.14215892,-0.00325083,-0.00366049,0.11157844,0.23816659,0.26300775,0.25574184,0.33543840,0.42352928,0.46283334,0.17601164,0.32728046,0.43820212,0.15491801,0.28186379,0.14215892,0.31376731,0.28110607,0.16277668,0.14080742,0.18251673
761,0.20606197,0.42736211,0.46238690,0.48240513,0.52237607,0.10651464,-0.24271760,0.21072693,-0.02464166,0.08620011,0.08138314,-0.04920502,0.10535452,-0.17371172,0.03946885,0.24261171,0.18790608,0.15669890,0.14963949,-0.00517863,-0.00169090,0.11265727,0.23930502,0.26449679,0.24261171,0.34402459,0.42545738,0.46408166,0.18790608,0.33551908,0.44664486,0.15669890,0.29170622,0.14963949,0.32989927,0.27525168,0.14462128,0.11653320,0.18320618
762,0.19190918,0.43215875,0.46142663,0.48154872,0.51455807,0.11330463,-0.27772511,0.21372153,-0.06731275,0.08746825,0.08431738,-0.04881436,0.10376496,-0.17193308,0.02380783,0.23543143,0.21373608,0.15810036,0.15670739,-0.00800643,0.01174061,0.11653045,0.24125729,0.26792616,0.23543143,0.38071383,0.45708631,0.48324167,0.21373608,0.35180294,0.45071691,0.15810036,0.29753302,0.15670739,0.36124356,0.28041020,0.14909268,0.11500105,0.17960454
763,0.19920041,0.42501744,0.46753693,0.49800057,0.52175207,0.09140268,-0.29311451,0.21863038,-0.01180578,0.09816108,0.06515848,-0.04163086,0.09114072,-0.16876353,0.02416687,0.30909689,0.16891740,0.16237855,0.15121356,-0.01997603,0.04804064,0.11706359,0.24525496,0.27176070,0.30909689,0.37334571,0.44600220,0.47052515,0.16891740,0.32663985,0.44475254,0.16237855,0.29779493,0.15121356,0.35752339,0.27619562,0.14150795,0.10019861,0.17687988
764,0.21448794,0.42718389,0.47464201,0.50524098,0.52375945,0.08382397,-0.29111695,0.20899958,-0.00612968,0.09367727,0.04664835,-0.03922859,0.08789533,-0.16228162,0.02526401,0.31126775,0.15911875,0.16151245,0.14510859,-0.00995433,0.03046928,0.11549739,0.24788745,0.27347364,0.31126775,0.35104338,0.43607268,0.45807440,0.15911875,0.31963854,0.43408835,0.16151245,0.28636090,0.14510859,0.35149313,0.27538376,0.13364332,0.09625887,0.16989703
765,0.20323101,0.42352027,0.46991165,0.51215396,0.52760767,0.08841033,-0.31501987,0.20722183,-0.00447089,0.09131580,0.04477711,-0.03656259,0.07137179,-0.15977155,0.02463142,0.33287143,0.15448059,0.15743705,0.13823885,0.00272283,0.06224236,0.11660543,0.25106314,0.27682039,0.33287143,0.36729270,0.43709585,0.46727325,0.15448059,0.31087357,0.42843118,0.15743705,0.28331118,0.13823885,0.36474642,0.27249901,0.13412075,0.08019333,0.16708546
766,0.21099939,0.42346146,0.47688096,0.51567532,0.53052717,0.07964624,-0.31805379,0.21225786,-0.00193491,0.09680895,0.03208579,-0.03288342,0.08033237,-0.15773508,0.04245165,0.34374211,0.15302110,0.16404351,0.13699781,0.01509181,0.04281384,0.11617608,0.25075568,0.27636081,0.34374211,0.35731804,0.44284131,0.47532605,0.15302110,0.31655230,0.43498457,0.16404351,0.28595449,0.13699781,0.36552268,0.28282384,0.13762322,0.08690858,0.16759229
767,0.20994516,0.42423548,0.47118416,0.50664141,0.52322335,0.08332896,-0.31139038,0.22072677,-0.01958895,0.10031416,0.03439090,-0.02984893,0.08829846,-0.15386738,0.05237936,0.32406298,0.15769438,0.16239173,0.13455996,0.01588556,0.06237943,0.11573207,0.24897926,0.27456253,0.32406298,0.35051884,0.43698458,0.46765277,0.15769438,0.31992344,0.43303794,0.16239173,0.28108758,0.13455996,0.35709747,0.28875230,0.14493322,0.09493498,0.16374730
768,0.20297923,0.42402683,0.46671659,0.49858670,0.52039363,0.09046400,-0.31512288,0.22234142,-0.02549760,0.10109019,0.04115627,-0.03029541,0.09226497,-0.15603023,0.04461097,0.31935705,0.16272998,0.16253636,0.14081999,0.00792024,0.05587991,0.11542350,0.24792884,0.27347997,0.31935705,0.36127515,0.44732154,0.47240362,0.16272998,0.32470175,0.43761061,0.16253636,0.28492989,0.14081999,0.36558390,0.29259720,0.14995949,0.09955904,0.16349727
769,0.20811878,0.43039977,0.47721448,0.50752762,0.52453795,0.08652723,-0.32887585,0.21433837,-0.02061782,0.09666739,0.02954047,-0.03273875,0.10135594,-0.15443610,0.04970359,0.33515757,0.15443027,0.16883872,0.13807382,0.01538099,0.05199263,0.11379093,0.24668681,0.27166663,0.33515757,0.36280650,0.46688923,0.48219809,0.15443027,0.32260808,0.42900081,0.16883872,0.27950203,0.13807382,0.37145803,0.28105318,0.13810124,0.10728337,0.16446652
770,0.20900898,0.43112626,0.46555753,0.49447674,0.51477874,0.08700390,-0.33338334,0.21328096,-0.01776267,0.09381835,0.03897904,-0.03250954,0.11433299,-0.15074452,0.04597941,0.34072530,0.15059138,0.17113474,0.14311610,0.01273668,0.05156259,0.11161991,0.24533679,0.26953505,0.34072530,0.37563008,0.48306016,0.48224367,0.15059138,0.32139946,0.42129605,0.17113474,0.27717306,0.14311610,0.37993205,0.28169430,0.15057662,0.12119983,0.15875513
771,0.21543600,0.43050613,0.46068870,0.48512618,0.50667295,0.08634851,-0.33102302,0.21252478,-0.00957327,0.09685119,0.05830995,-0.02915412,0.13182089,-0.14642962,0.05585734,0.34703887,0.15148906,0.16860005,0.14558946,0.00864594,0.06043464,0.10910274,0.24037671,0.26397797,0.34703887,0.39113465,0.49202800,0.47949760,0.15148906,0.32001983,0.41410979,0.16860005,0.27371855,0.14558946,0.37516468,0.28419266,0.16341627,0.13909477,0.15689709
772,0.21448267,0.43143698,0.45875829,0.48755291,0.50491683,0.10876206,-0.32452929,0.22378639,0.00656728,0.10157143,0.06803237,-0.02444023,0.12901471,-0.14487619,0.05458340,0.35435027,0.15009656,0.16211446,0.14579554,0.01742181,0.09121801,0.10609243,0.23177676,0.25490404,0.35435027,0.39274776,0.48146822,0.47329103,0.15009656,0.31177863,0.41232955,0.16211446,0.27295257,0.14579554,0.36473400,0.28606340,0.16873845,0.13578017,0.15481770
773,0.21936942,0.42729346,0.45307100,0.48559968,0.50338522,0.11039186,-0.32660574,0.22399390,0.00660851,0.09788656,0.07463975,-0.02461031,0.12573362,-0.14431849,0.05424545,0.35428399,0.15330262,0.16026397,0.14588993,0.01100421,0.08357126,0.10372339,0.22691387,0.24949638,0.35428399,0.40171128,0.48350058,0.48133588,0.15330262,0.31116686,0.41591981,0.16026397,0.27695466,0.14588993,0.37467747,0.29152373,0.18046404,0.13487143,0.15417856
774,0.21640122,0.42745287,0.46124547,0.48997180,0.50248408,0.10823078,-0.34425452,0.22659115,0.00086784,0.10233283,0.07375020,-0.02708215,0.12988009,-0.15253896,0.06354167,0.36663195,0.16293185,0.16472084,0.14684370,0.01236751,0.07029184,0.10412374,0.22377456,0.24681330,0.36663195,0.41996164,0.50869192,0.51070030,0.16293185,0.32706652,0.43269885,0.16472084,0.28308569,0.14684370,0.39426414,0.29885957,0.17323630,0.13688385,0.16529349
775,0.21663618,0.42674632,0.45769360,0.48518617,0.49772698,0.11765101,-0.34841717,0.22798649,-0.00539449,0.10778560,0.08663503,-0.02495144,0.13796327,-0.15463363,0.07187668,0.36259854,0.16550686,0.16533695,0.14905306,0.01125359,0.08627611,0.10278330,0.21942095,0.24230138,0.36259854,0.43596451,0.51877356,0.52071662,0.16550686,0.32763679,0.43118712,0.16533695,0.28740746,0.14905306,0.39708387,0.29701062,0.18533387,0.14558720,0.17067032
776,0.21887393,0.42820112,0.45752786,0.48217184,0.49552774,0.12800216,-0.36062533,0.23239057,-0.00274886,0.11187715,0.08687106,-0.02132433,0.14267098,-0.15096400,0.06779074,0.37489055,0.16413807,0.16471732,0.15351031,0.00935501,0.08689965,0.10135833,0.21566417,0.23829508,0.37489055,0.44857613,0.53553981,0.52999485,0.16413807,0.32660781,0.42908718,0.16471732,0.28680011,0.15351031,0.41112647,0.30014226,0.18805516,0.15095812,0.16582172
777,0.23252991,0.43095962,0.45519375,0.48269998,0.49667739,0.13199173,-0.36229923,0.23946544,0.02334487,0.10974397,0.10900702,-0.02494011,0.16400672,-0.15572492,0.09037200,0.40581088,0.16544743,0.16647820,0.15325591,0.01962603,0.09624399,0.10093746,0.21118447,0.23406677,0.40581088,0.47193239,0.55379456,0.54600945,0.16544743,0.32957596,0.43483376,0.16647820,0.28870188,0.15325591,0.40281784,0.30225320,0.19970189,0.17198656,0.18062182
778,0.21755232,0.42621492,0.45992034,0.48912885,0.49952463,0.12945827,-0.35853854,0.23586940,0.01456751,0.11119574,0.09323943,-0.02102200,0.13501892,-0.14445050,0.08800260,0.39168577,0.16364193,0.15768757,0.13615364,0.01159388,0.08591468,0.10096715,0.21469557,0.23725209,0.39168577,0.45247817,0.52419542,0.53866863,0.16364193,0.31914527,0.42677983,0.15768757,0.27762863,0.13615364,0.40204484,0.29798426,0.18238488,0.14115482,0.16916225
779,0.22113485,0.42923688,0.46010065,0.48897581,0.50423695,0.13910013,-0.35262841,0.23739821,0.00543131,0.10765365,0.08775470,-0.02420670,0.13322239,-0.14576514,0.07218953,0.37374616,0.16857387,0.15851132,0.14122540,0.00389479,0.07381756,0.10101637,0.21620005,0.23863522,0.37374616,0.44231119,0.52261496,0.53030039,0.16857387,0.32509597,0.42967756,0.15851132,0.27802815,0.14122540,0.40082755,0.29372769,0.17324508,0.13831861,0.16295311
780,0.21925515,0.42017236,0.44755013,0.47425790,0.48817146,0.11003786,-0.34959562,0.23422280,-0.02783668,0.10766555,0.08573937,-0.01798760,0.13833258,-0.14069305,0.08818680,0.34691821,0.18602342,0.15726128,0.13794815,-0.00724186,0.04671173,0.10384459,0.22059260,0.24381303,0.34691821,0.43699547,0.51773941,0.52770399,0.18602342,0.33903080,0.43699515,0.15726128,0.27445486,0.13794815,0.40142408,0.31002193,0.18644396,0.14725992,0.16628976
781,0.20300144,0.42285692,0.44867725,0.46980930,0.48634433,0.09801708,-0.36923473,0.22785071,-0.01085268,0.10854280,0.08818341,-0.01798308,0.15184369,-0.14520824,0.10027470,0.38226187,0.17203287,0.16181877,0.14241919,-0.00735765,0.01800037,0.10699579,0.22368333,0.24795631,0.38226187,0.45981716,0.54803912,0.55299563,0.17203287,0.33202971,0.43345622,0.16181877,0.27934128,0.14241919,0.41890306,0.30381318,0.18834170,0.16023156,0.17674868
782,0.20173370,0.41824433,0.44465641,0.46299764,0.48456717,0.07030227,-0.36189520,0.21388363,-0.04341393,0.10497410,0.09053454,-0.02789083,0.15034506,-0.16078779,0.09545759,0.35063365,0.18958239,0.16735045,0.14938708,-0.00768417,-0.00860223,0.11067467,0.23006187,0.25529854,0.35063365,0.45632800,0.53769202,0.54026832,0.18958239,0.34901183,0.44736960,0.16735045,0.29281956,0.14938708,0.41291922,0.30703076,0.19532712,0.16260104,0.18757140
783,0.20467420,0.42597444,0.44736299,0.46743160,0.48686071,0.07752508,-0.35415679,0.22954446,-0.02444735,0.10937735,0.07598859,-0.02146556,0.15466897,-0.15640793,0.09662086,0.36372299,0.17678917,0.17361071,0.15164570,0.01425248,-0.00534264,0.11506343,0.23462533,0.26132095,0.36372299,0.43550330,0.53768602,0.53898181,0.17678917,0.34957475,0.45226818,0.17361071,0.29246880,0.15164570,0.41256968,0.31801795,0.19086803,0.16525006,0.18457772
784,0.21486275,0.41911591,0.44762719,0.46937864,0.48941865,0.06875062,-0.33705113,0.22345142,-0.03110016,0.11172802,0.06427851,-0.02211494,0.13363171,-0.15521590,0.06947975,0.34359276,0.17080931,0.17313805,0.15265501,0.01958133,-0.01836705,0.11694342,0.24100909,0.26788271,0.34359276,0.40873066,0.50216569,0.50074941,0.17080931,0.34224937,0.44485564,0.17313805,0.29418824,0.15265501,0.39926555,0.31893794,0.18904211,0.14549237,0.17069544
785,0.21443955,0.42398761,0.45541549,0.47919792,0.49494497,0.06071175,-0.35799433,0.22573729,-0.03750305,0.10388716,0.05471991,-0.03121207,0.11855324,-0.17293320,0.08298221,0.36181928,0.17874794,0.17531075,0.15130987,0.00552523,-0.02657069,0.11541149,0.24082085,0.26704774,0.36181928,0.41952261,0.50898386,0.53494420,0.17874794,0.35268511,0.47276310,0.17531075,0.30755018,0.15130987,0.41379216,0.32409333,0.18026402,0.13062109,0.19189951
786,0.21969913,0.43405642,0.46144524,0.48373270,0.50230425,0.05509697,-0.34612865,0.23323499,-0.04841021,0.11017534,0.05439792,-0.02253488,0.12714189,-0.16842240,0.09217671,0.34781850,0.18083568,0.17533261,0.15584522,-0.00127415,-0.01155739,0.11864675,0.24116869,0.26877386,0.34781850,0.40856853,0.50175440,0.52730475,0.18083568,0.35477428,0.47648261,0.17533261,0.31006170,0.15584522,0.39808120,0.31982646,0.17874886,0.13556429,0.19199872
787,0.21033609,0.42915728,0.46463102,0.48156004,0.49778546,0.03617204,-0.35722766,0.21154980,-0.04954271,0.10461256,0.05529091,-0.02194863,0.13962760,-0.16549844,0.11433673,0.35465597,0.17902607,0.17785252,0.15326267,0.00326499,-0.05991123,0.12055853,0.24694776,0.27480458,0.35465597,0.42561119,0.52882650,0.55762682,0.17902607,0.35570159,0.47487776,0.17785252,0.30971703,0.15326267,0.41911533,0.32004372,0.18093700,0.14823688,0.20117108
788,0.20809976,0.43203180,0.46246161,0.47778930,0.48854884,0.06041750,-0.35030607,0.21041797,-0.04529977,0.10698775,0.04715906,-0.01522318,0.13615368,-0.15513165,0.12136958,0.34014388,0.16457481,0.17370866,0.14556634,0.00976186,-0.04510946,0.12000701,0.24787120,0.27539392,0.34014388,0.40725124,0.51799146,0.55527193,0.16457481,0.33785429,0.45400410,0.17370866,0.29887105,0.14556634,0.41487440,0.31274958,0.18115136,0.14682986,0.19757256
789,0.21583809,0.43423143,0.45729406,0.47519114,0.49242483,0.05418349,-0.35055334,0.21636171,-0.05475128,0.10232585,0.04745443,-0.02254634,0.14448580,-0.15915898,0.11437558,0.33772775,0.17559296,0.17971892,0.14587470,0.01013414,-0.02915913,0.11855402,0.24288074,0.27027044,0.33772775,0.40694255,0.52444163,0.54800240,0.17559296,0.35513247,0.46351176,0.17971892,0.29818555,0.14587470,0.40853788,0.31253476,0.17428573,0.15374889,0.19608907
790,0.21258753,0.42719141,0.45722098,0.47226099,0.48844961,0.05626265,-0.38003617,0.20765175,-0.04322716,0.09819835,0.05622601,-0.03059586,0.16053105,-0.17304410,0.11214177,0.36965009,0.17579422,0.19032560,0.15561211,0.00085268,-0.04219844,0.11503714,0.23811791,0.26444977,0.36965009,0.44520207,0.57382754,0.58274502,0.17579422,0.36586217,0.47035238,0.19032560,0.30737849,0.15561211,0.44372649,0.31942211,0.18297962,0.17096324,0.20646823
791,0.20781092,0.43004973,0.46797510,0.48376735,0.49374355,0.08832024,-0.37012546,0.21797514,-0.05310897,0.10869923,0.04418533,-0.02653179,0.12601232,-0.16283709,0.08255382,0.34251324,0.17105359,0.17703698,0.14497161,0.01339093,-0.00091776,0.11098138,0.23772114,0.26235131,0.34251324,0.42368786,0.53563460,0.55126028,0.17105359,0.34671502,0.44744146,0.17703698,0.29299998,0.14497161,0.43177329,0.30484270,0.16624948,0.13427386,0.18315089
792,0.20080434,0.42372915,0.44691827,0.46755688,0.48470333,0.08528997,-0.35864026,0.21335702,-0.06100264,0.09780910,0.08169368,-0.03683910,0.13986656,-0.16707688,0.06296481,0.32412101,0.20043749,0.16593847,0.15360811,0.00015578,-0.00148604,0.10967908,0.24104413,0.26482404,0.32412101,0.44640814,0.53469469,0.52218468,0.20043749,0.35763770,0.44074043,0.16593847,0.28534159,0.15360811,0.41926404,0.30399943,0.18019578,0.15296992,0.18001943
793,0.18647546,0.41108902,0.44354837,0.46510059,0.47867562,0.09435658,-0.34630496,0.20188659,-0.08801476,0.09437947,0.10481899,-0.04414572,0.13269797,-0.16183393,0.08551127,0.27978086,0.23532174,0.16205271,0.12816580,-0.00759361,0.03001961,0.11046432,0.24147819,0.26554488,0.27978086,0.45825936,0.52363355,0.53290789,0.23532174,0.36755701,0.44115311,0.16205271,0.27500544,0.12816580,0.41611118,0.30528725,0.19179571,0.14873029,0.18580174
794,0.18983874,0.42127021,0.45158084,0.47108434,0.47637908,0.11295281,-0.36404713,0.22539583,-0.06671640,0.10568004,0.12367407,-0.03592997,0.15241953,-0.16654771,0.08832433,0.31821140,0.24432844,0.16864673,0.14612517,0.01688458,-0.00405727,0.11091102,0.23857546,0.26309600,0.31821140,0.50001426,0.57243175,0.57188382,0.24432844,0.38677537,0.46482817,0.16864673,0.29233220,0.14612517,0.44949152,0.32453267,0.20716920,0.16195664,0.19055424
795,0.17519504,0.39274238,0.42633442,0.45695858,0.46171545,0.11294537,-0.37197629,0.20247544,-0.08554817,0.09242007,0.16048932,-0.04330484,0.18051198,-0.16293962,0.12496982,0.30021668,0.28771485,0.17635738,0.13337219,0.00420803,-0.03764086,0.11374389,0.24674441,0.27169924,0.30021668,0.54076172,0.60895924,0.61045438,0.28771485,0.41942683,0.48095751,0.17635738,0.28900101,0.13337219,0.46621160,0.34500213,0.24820716,0.19345144,0.20825206
796,0.18096527,0.40502822,0.41988253,0.44322013,0.45533211,0.13408908,-0.38615239,0.21229065,0.01367845,0.08337806,0.17993605,-0.05303562,0.23752605,-0.17500737,0.17460532,0.40913160,0.22783128,0.18980964,0.14324427,0.01082747,-0.07466506,0.11433973,0.24428953,0.26972384,0.40913160,0.57054316,0.67263691,0.67376629,0.22783128,0.40376304,0.48684323,0.18980964,0.30384146,0.14324427,0.47875815,0.35705155,0.28116626,0.25636145,0.25035535
797,0.19011896,0.39527670,0.41491515,0.43723701,0.44874647,0.13204486,-0.39072967,0.20068350,0.03849118,0.07941221,0.18474489,-0.05312832,0.24053812,-0.17255580,0.16902258,0.43686947,0.20800190,0.18566687,0.14509901,0.01287257,-0.06185635,0.11297115,0.24725845,0.27184412,0.43686947,0.57932372,0.67665913,0.66770338,0.20800190,0.38221659,0.46413142,0.18566687,0.29802761,0.14509901,0.47762457,0.35037049,0.28357784,0.25978598,0.24509544
798,0.20192768,0.40266353,0.41584255,0.43243417,0.44780440,0.13805998,-0.40817049,0.24852649,-0.06810149,0.09536924,0.20820220,-0.04502276,0.26842889,-0.16901762,0.19089282,0.35981241,0.32543780,0.19960371,0.15477634,0.03287155,-0.08361812,0.11296439,0.23789680,0.26335497,0.35981241,0.61901494,0.72042219,0.70733114,0.32543780,0.49205634,0.55464637,0.19960371,0.31983914,0.15477634,0.50247467,0.39447778,0.31791919,0.28732282,0.25829824
799,0.19041110,0.39035573,0.40952189,0.42719342,0.45136464,0.14367069,-0.36718971,0.21440110,-0.02230177,0.08782793,0.19807815,-0.04114668,0.26453000,-0.15585271,0.19126788,0.35405663,0.26466414,0.18311163,0.14560426,0.01907981,-0.02895214,0.11348264,0.24512615,0.27012060,0.35405663,0.56918422,0.67465737,0.66447173,0.26466414,0.42664208,0.48889994,0.18311163,0.29349492,0.14560426,0.46843577,0.36165886,0.30631222,0.28749384,0.25236948
800,0.19370353,0.38248910,0.40813022,0.42309443,0.43935031,0.13288248,-0.36655335,0.21908599,-0.15584995,0.06954449,0.22137096,-0.05205738,0.27544706,-0.16433178,0.19978040,0.23134310,0.41378798,0.17275039,0.14157579,0.03869082,-0.05478501,0.11271905,0.23945589,0.26465961,0.23134310,0.59266851,0.68474069,0.66760893,0.41378798,0.54412711,0.57232407,0.17275039,0.27950845,0.14157579,0.46770390,0.40244717,0.31868906,0.30051934,0.26720019
801,0.19769321,0.36021148,0.40053450,0.41315003,0.43704489,0.11797353,-0.35686386,0.18803525,-0.11549773,0.05758309,0.22578868,-0.05963714,0.28456924,-0.16914333,0.18320591,0.25621316,0.37499940,0.16898091,0.16012023,0.03263113,-0.07013169,0.11290938,0.24206623,0.26710408,0.25621316,0.58679791,0.68038811,0.64329843,0.37499940,0.50782236,0.52805951,0.16898091,0.28342140,0.16012023,0.46041389,0.38518390,0.32829734,0.31635864,0.25809159
802,0.20600299,0.38181981,0.39855351,0.41537182,0.44157340,0.12320006,-0.33835912,0.18828104,0.00486942,0.05854088,0.25298966,-0.05219886,0.30268744,-0.16933005,0.19292898,0.35483589,0.29116157,0.16234656,0.16834162,0.04979093,-0.04845191,0.11060968,0.23708954,0.26162178,0.35483589,0.59513597,0.67635339,0.63157815,0.29116157,0.42632103,0.46913224,0.16234656,0.28401370,0.16834162,0.43359202,0.35737558,0.34283969,0.32834300,0.26487915
803,0.20669916,0.36602125,0.40339083,0.42103956,0.44486944,0.12168058,-0.33201608,0.20979695,-0.09639857,0.07593981,0.22476060,-0.04957493,0.27240068,-0.16128301,0.18069347,0.25486253,0.35725788,0.16667102,0.15297247,0.03816784,-0.06714326,0.11235270,0.24231737,0.26709706,0.25486253,0.56009295,0.64338613,0.61536393,0.35725788,0.48541652,0.51706914,0.16667102,0.28352084,0.15297247,0.43143327,0.36919746,0.31487175,0.29728623,0.24908332
804,0.20869131,0.36260381,0.40125992,0.42075099,0.44241000,0.11230907,-0.32654209,0.19958160,-0.08403412,0.06834864,0.22635345,-0.04962829,0.27762194,-0.16282434,0.18163294,0.26118860,0.34900578,0.16990619,0.15665262,0.05711044,-0.07836563,0.11461915,0.24257027,0.26828695,0.26118860,0.55675219,0.64549284,0.61470449,0.34900578,0.48334184,0.51514951,0.16990619,0.28531251,0.15665262,0.43894975,0.38088014,0.32470276,0.30327905,0.25154281
805,0.20628086,0.32214352,0.39700330,0.41337945,0.43990737,0.10589461,-0.31450417,0.20599591,-0.21299258,0.07008667,0.22054840,-0.05077211,0.28875164,-0.16196760,0.18290844,0.14633835,0.46064617,0.17384588,0.16147205,0.04499519,-0.05934537,0.11507350,0.24423283,0.26998442,0.14633835,0.53796406,0.64051178,0.59853908,0.46064617,0.59186853,0.58767154,0.17384588,0.28145910,0.16147205,0.42302876,0.41837814,0.31891056,0.31482806,0.25272577
806,0.20870576,0.18112033,0.40133611,0.41464009,0.44368643,0.11401397,-0.31361100,0.21549900,-0.43220613,0.07637024,0.19970266,-0.05498497,0.28452281,-0.16939540,0.17356101,0.15966474,0.65044881,0.18634684,0.16681582,0.03983064,-0.03211026,0.11730311,0.24005198,0.26717967,0.15966474,0.51574071,0.63588222,0.59272792,0.65044881,0.78424032,0.74981669,0.18634684,0.28943131,0.16681582,0.41635094,0.55955250,0.30400961,0.31167878,0.25121429
807,0.20591154,0.14795172,0.40565659,0.41715608,0.44732996,0.11470468,-0.29545094,0.21249717,-0.45308291,0.06980906,0.18804359,-0.05963205,0.28341126,-0.17088777,0.17026739,0.18569056,0.66001241,0.18738981,0.16522853,0.03834274,-0.03313363,0.11852037,0.24111504,0.26866995,0.18569056,0.48885708,0.62355916,0.58138160,0.66001241,0.80153101,0.76058509,0.18738981,0.28018402,0.16522853,0.41100357,0.56864414,0.28689466,0.30940254,0.24927677
808,0.20591044,0.13001990,0.40511265,0.41392954,0.44874706,0.11153814,-0.29244302,0.20074876,-0.48349258,0.06940555,0.18278119,-0.06481246,0.28389334,-0.17958352,0.17014839,0.21429237,0.68205330,0.19573579,0.16975451,0.03455230,-0.02174718,0.12069674,0.23955476,0.26824277,0.21429237,0.47775314,0.61565441,0.57470051,0.68205330,0.82839530,0.78643760,0.19573579,0.29219649,0.16975451,0.39259815,0.59146106,0.28824883,0.31179090,0.25442185
809,0.20160217,0.21510795,0.39301085,0.40043053,0.44356715,0.13248547,-0.21676820,0.19897698,-0.37151655,0.06311891,0.20906803,-0.06394231,0.29485173,-0.18274180,0.19880410,0.17160544,0.59887755,0.17655380,0.15773264,0.03398811,-0.00729433,0.12008739,0.24652108,0.27421456,0.17160544,0.43206030,0.55906920,0.54268623,0.59887755,0.73057474,0.71017030,0.17655380,0.27683387,0.15773264,0.32927482,0.48615594,0.28718727,0.31751299,0.27654875
810,0.18601858,0.33209729,0.38757273,0.40423393,0.44310369,0.15558208,-0.22575639,0.19578210,-0.28058766,0.05911237,0.22025305,-0.07205300,0.28699683,-0.19271871,0.21572405,0.07328106,0.52279003,0.17649034,0.14433936,0.03803694,0.00428983,0.11996480,0.24694698,0.27454392,0.07328106,0.45760412,0.57624674,0.58637459,0.52279003,0.64742591,0.65932556,0.17649034,0.28434970,0.14433936,0.34964713,0.42042202,0.29224885,0.30796702,0.29369707
811,0.19409062,0.30437801,0.36934089,0.38108815,0.41220728,0.13742418,-0.17094156,0.18632405,-0.25121983,0.04482770,0.25256610,-0.07880329,0.30850550,-0.19272841,0.22395539,0.10652773,0.52592248,0.16479938,0.14529169,0.04738888,0.00519917,0.11966192,0.25208748,0.27904673,0.10652773,0.43351963,0.53464892,0.53025647,0.52592248,0.63635818,0.63323172,0.16479938,0.26988789,0.14529169,0.29085144,0.39493997,0.31831590,0.33227186,0.30224027
812,0.20846446,0.35086050,0.33341650,0.33761877,0.38425416,0.13692776,-0.09348557,0.15423192,0.05377512,0.05282088,0.29320025,-0.05807312,0.34414190,-0.17615849,0.25714027,0.15470878,0.26592263,0.14229697,0.15017591,0.04993459,0.04388761,0.12068728,0.26384909,0.29014093,0.15470878,0.39589640,0.48654689,0.48440783,0.26592263,0.38210742,0.42010329,0.14229697,0.25464863,0.15017591,0.24150923,0.27381514,0.34009088,0.36063675,0.31715537
813,0.20468944,0.36286426,0.35176030,0.34477539,0.38823147,0.14584196,-0.10702730,0.15357807,-0.03749962,0.05117216,0.28498502,-0.05769418,0.33976462,-0.16724125,0.24796658,0.07702104,0.34229304,0.14306804,0.14634068,0.03454725,0.03683964,0.11837978,0.26298157,0.28839743,0.07702104,0.40375554,0.49997954,0.48979631,0.34229304,0.45057957,0.45763372,0.14306804,0.24574394,0.14634068,0.25119384,0.26006900,0.32828964,0.35374298,0.30297639
814,0.21439958,0.36460429,0.32113270,0.25620354,0.26370322,0.15034907,-0.05492429,0.14620211,0.03611403,0.02917711,0.32239079,-0.07476185,0.37233512,-0.17208800,0.29263281,0.09816172,0.31394728,0.13529955,0.13082534,0.02128231,0.01809712,0.11349958,0.26394072,0.28730969,0.09816172,0.39668075,0.49093501,0.49008723,0.31394728,0.42122623,0.43923255,0.13529955,0.22973079,0.13082534,0.23093381,0.25271043,0.35633651,0.38773235,0.34210340
815,0.21086310,0.37506888,0.35671278,0.31605327,0.32524233,0.17148329,-0.07834508,0.16142653,0.03314009,0.03940787,0.31529173,-0.07214713,0.36183795,-0.17437264,0.28619044,0.11727564,0.31307668,0.14406358,0.13170762,0.02436207,0.03619881,0.11376452,0.25261618,0.27705108,0.11727564,0.41591631,0.51348654,0.52083432,0.31307668,0.42609861,0.45427778,0.14406358,0.24338922,0.13170762,0.26795307,0.27920401,0.35852348,0.37923684,0.33935846
816,0.22463243,0.39357622,0.38519960,0.35221097,0.36348731,0.17705555,-0.08711184,0.18179353,0.16072118,0.05762454,0.29689195,-0.05600632,0.34692352,-0.16520066,0.26520769,0.24922892,0.19547652,0.14360559,0.14084657,0.01937398,0.03225687,0.11183527,0.24704950,0.27118367,0.24922892,0.40406192,0.50509923,0.51260612,0.19547652,0.33179472,0.40135843,0.14360559,0.24934930,0.14084657,0.27482151,0.32565963,0.33848049,0.36036989,0.31562876
817,0.22842677,0.40762020,0.41131300,0.36991243,0.37492808,0.19676874,-0.10618559,0.19635448,0.15388349,0.06829061,0.28247749,-0.04560795,0.34321445,-0.15324306,0.24384603,0.26156034,0.19139295,0.14663890,0.15136733,0.02666491,0.04760927,0.10992486,0.24050021,0.26443113,0.26156034,0.41066738,0.52077591,0.51458240,0.19139295,0.33374519,0.39836576,0.14663890,0.24933333,0.15136733,0.28767719,0.32538228,0.32618312,0.35502734,0.29082368
818,0.22090614,0.39337033,0.40226084,0.38025072,0.37850905,0.20711213,-0.11763029,0.20511942,0.16107750,0.07839302,0.28782482,-0.03527689,0.33242375,-0.14570739,0.25183004,0.28057560,0.19041031,0.14325373,0.14035528,0.03342813,0.06533600,0.10872135,0.24356831,0.26673180,0.28057560,0.42660008,0.52224041,0.52935839,0.19041031,0.32637942,0.40067773,0.14325373,0.25079402,0.14035528,0.29788155,0.33556423,0.33250478,0.34194747,0.29370752
819,0.22082597,0.39388048,0.39874127,0.37949386,0.38327104,0.21574167,-0.10504863,0.21052819,0.14657594,0.07782112,0.28641090,-0.03342529,0.33286575,-0.14257010,0.24203081,0.25292876,0.20325079,0.14215279,0.14564546,0.03814453,0.06160822,0.10675823,0.24200937,0.26451059,0.25292876,0.41689917,0.51670613,0.52005355,0.20325079,0.33724862,0.40423836,0.14215279,0.24928647,0.14564546,0.29889734,0.32733731,0.32770722,0.34053504,0.28263124
820,0.21654776,0.40318318,0.40665521,0.40087642,0.40924303,0.24050518,-0.12158573,0.22081511,0.12200624,0.07912086,0.28196126,-0.03252904,0.32354164,-0.14384495,0.23077115,0.24579515,0.22174239,0.14383995,0.14841749,0.04768553,0.08459587,0.10488233,0.23619878,0.25843793,0.24579515,0.43586715,0.53439321,0.54137657,0.22174239,0.35262888,0.41756327,0.14383995,0.25501588,0.14841749,0.31897399,0.32003439,0.32361053,0.33014934,0.27307922
821,0.20348502,0.40187870,0.40327643,0.39937844,0.40570409,0.25033010,-0.12812965,0.22640752,0.11793217,0.08612820,0.27982711,-0.02618380,0.31801774,-0.13256103,0.22240802,0.24835061,0.22178229,0.14431086,0.14695141,0.04816103,0.09061390,0.10312534,0.23300990,0.25481061,0.24835061,0.44105852,0.53754573,0.54026802,0.22178229,0.35118237,0.41209287,0.14431086,0.25407736,0.14695141,0.33124128,0.32348937,0.32507369,0.32451576,0.26015431
822,0.19833230,0.41084164,0.41769740,0.41402431,0.42436053,0.26518981,-0.16061370,0.23231447,0.11697091,0.09231204,0.25459442,-0.02166469,0.30262937,-0.12955283,0.20588788,0.28018093,0.20350536,0.15027800,0.14998087,0.05412399,0.09288241,0.09979670,0.22285471,0.24417945,0.28018093,0.45107708,0.55788003,0.56147694,0.20350536,0.34392491,0.41280399,0.15027800,0.25880277,0.14998087,0.35788660,0.32685307,0.30687571,0.30908362,0.24410292
823,0.19496261,0.41618403,0.42206345,0.41775544,0.43361350,0.26823964,-0.17697460,0.23380532,0.12488290,0.09309080,0.25695336,-0.02259260,0.30973435,-0.13229670,0.19475443,0.30502760,0.19777507,0.15564077,0.16472482,0.06219371,0.09977114,0.09764290,0.21419326,0.23539942,0.30502760,0.46821964,0.57677790,0.56645448,0.19777507,0.34293365,0.41233085,0.15564077,0.26904198,0.16472482,0.36058212,0.32654644,0.31053570,0.31587142,0.23587635
824,0.18465839,0.41425206,0.41889694,0.42189707,0.43679590,0.27323308,-0.20192928,0.23604086,0.11294339,0.09155834,0.26639271,-0.02414679,0.29992285,-0.12948738,0.19081316,0.31823705,0.21554003,0.14679327,0.15626759,0.05212642,0.12239559,0.09424450,0.20857095,0.22887522,0.31823705,0.50264074,0.59213839,0.57951981,0.21554003,0.34539840,0.40920541,0.14679327,0.26333479,0.15626759,0.37717893,0.32404171,0.31728259,0.30724117,0.23189586
825,0.18721826,0.41991590,0.42855129,0.43577840,0.44936606,0.27824632,-0.22842462,0.24107513,0.08743739,0.09092942,0.24472248,-0.02439981,0.27788306,-0.13424165,0.18088911,0.31868750,0.22143678,0.14552734,0.15157325,0.04653242,0.10241513,0.09409491,0.20513634,0.22568733,0.31868750,0.50933426,0.59894767,0.59835923,0.22143678,0.34952525,0.41969316,0.14552734,0.26350683,0.15157325,0.39729712,0.31817623,0.29935954,0.28623597,0.22668820
826,0.18101509,0.42031011,0.42498846,0.43553829,0.45187783,0.26847165,-0.23297516,0.25150031,0.10171299,0.09572520,0.24888799,-0.02754718,0.28724084,-0.13918465,0.18156482,0.33689011,0.21906907,0.15891585,0.15955439,0.05502781,0.12954698,0.09199521,0.19974229,0.21990930,0.33689011,0.51200877,0.60744136,0.59953701,0.21906907,0.36243897,0.43785787,0.15891585,0.27937774,0.15955439,0.38843748,0.33185369,0.30386259,0.29338875,0.22900575
827,0.17366005,0.41975361,0.42511554,0.43681540,0.45177827,0.27441235,-0.24932764,0.24893411,0.11970513,0.09953326,0.25458217,-0.02259261,0.28294652,-0.13383927,0.17083204,0.37132098,0.20524452,0.15405219,0.16296531,0.06291136,0.14294125,0.09090948,0.19653702,0.21654407,0.37132098,0.53345027,0.61725574,0.60175602,0.20524452,0.34233043,0.42186583,0.15405219,0.27980401,0.16296531,0.39961065,0.33045778,0.30767940,0.28852090,0.21732553
828,0.18432277,0.42422744,0.42671931,0.43965668,0.45579040,0.25517949,-0.25974667,0.25234945,0.12153899,0.10154983,0.25459485,-0.02415002,0.28692257,-0.13517730,0.15527143,0.38305607,0.20520414,0.16001078,0.17839438,0.05844214,0.12164034,0.08824811,0.19106915,0.21046413,0.38305607,0.53681118,0.62162543,0.58772702,0.20520414,0.34908698,0.42900471,0.16001078,0.29246887,0.17839438,0.39410534,0.33703327,0.31086926,0.29278788,0.20597305
829,0.19201451,0.42361858,0.42738651,0.43693989,0.44909594,0.25182062,-0.26199136,0.25876540,0.09385573,0.09840014,0.26437914,-0.02938687,0.29514717,-0.14008478,0.17082975,0.35779107,0.23932776,0.15923143,0.17174159,0.06510818,0.10126762,0.08684996,0.18506326,0.20442927,0.35779107,0.54843306,0.63254491,0.60171286,0.23932776,0.37824267,0.44510626,0.15923143,0.28825143,0.17174159,0.39890057,0.34090630,0.32010729,0.30289774,0.22175033
830,0.19209341,0.42912701,0.43395010,0.44103024,0.45596784,0.25798105,-0.27892609,0.25645700,0.04432111,0.08070084,0.26258267,-0.03642359,0.27447536,-0.14524897,0.13977413,0.32733458,0.28442732,0.13817030,0.17756665,0.05743773,0.11883364,0.08721937,0.18672743,0.20609307,0.32733458,0.56979660,0.63067718,0.59138007,0.28442732,0.39165699,0.44291377,0.13817030,0.28034032,0.17756665,0.40311371,0.32003937,0.30722409,0.28446311,0.20324391
831,0.18208547,0.42389881,0.43125718,0.44462906,0.46091621,0.26314457,-0.27787481,0.24279589,0.11511223,0.09101504,0.24862623,-0.03041964,0.26974193,-0.14024775,0.14055433,0.39529469,0.20711274,0.15291603,0.17547789,0.07438650,0.11731522,0.08573510,0.18350926,0.20254915,0.39529469,0.55397620,0.62903736,0.59861234,0.20711274,0.34196553,0.42431618,0.15291603,0.28908668,0.17547789,0.41251142,0.32993089,0.30252796,0.27714097,0.19884477
832,0.18495147,0.42578562,0.43477287,0.45089966,0.46692080,0.25431162,-0.28631228,0.24783288,0.09896583,0.09471087,0.23818389,-0.02999556,0.25281461,-0.14029264,0.12879080,0.38769993,0.21240599,0.15343114,0.17251398,0.06040951,0.11927193,0.08484173,0.18092352,0.19982853,0.38769993,0.54826472,0.61658832,0.58966351,0.21240599,0.34548214,0.43016680,0.15343114,0.29236993,0.17251398,0.41105562,0.32885342,0.29416649,0.26070753,0.19066202
833,0.19295233,0.42623991,0.43291641,0.44703647,0.45970131,0.25490949,-0.28071603,0.24545040,0.08051689,0.08597747,0.25025364,-0.03024457,0.25748073,-0.13945362,0.13954518,0.36445362,0.23904926,0.14164368,0.16574810,0.05328450,0.10439171,0.08282462,0.17928159,0.19748875,0.36445362,0.55723298,0.61526899,0.59026662,0.23904926,0.35414459,0.42690980,0.14164368,0.27882122,0.16574810,0.40690178,0.32366933,0.29990234,0.26621774,0.19829764
834,0.19470857,0.42107109,0.43074708,0.44158296,0.46124335,0.23222832,-0.29174867,0.22397399,0.06120148,0.07305294,0.25304114,-0.04378350,0.26589139,-0.14325941,0.12521198,0.35570823,0.25267292,0.14306304,0.17945814,0.03637405,0.06518989,0.08251191,0.18097657,0.19889880,0.35570823,0.56798844,0.63074627,0.58175910,0.25267292,0.36763850,0.42164452,0.14306304,0.28370417,0.17945814,0.41024246,0.31607702,0.30268239,0.27782430,0.19106214
835,0.19464288,0.42353612,0.43128792,0.44223725,0.45429748,0.21868804,-0.32159288,0.26505435,-0.10039232,0.06595427,0.26368902,-0.03956514,0.26437128,-0.14292329,0.12173227,0.23029407,0.41778393,0.13011546,0.18123153,0.04052573,0.07771193,0.08146426,0.17490349,0.19294470,0.23029407,0.60489698,0.64537196,0.58516720,0.41778393,0.49128876,0.49369827,0.13011546,0.27907197,0.18123153,0.42143105,0.35072186,0.31446096,0.27960957,0.19182526
836,0.18965238,0.42771996,0.43261367,0.43995512,0.45256362,0.23049380,-0.33866338,0.24735796,0.02654669,0.07876718,0.25646721,-0.02760863,0.27746758,-0.14018442,0.14109062,0.37005125,0.28844105,0.13159405,0.18046119,0.03795807,0.09687353,0.07837110,0.17172927,0.18876698,0.37005125,0.61431565,0.67079280,0.61398930,0.28844105,0.39059056,0.43255987,0.13159405,0.27105564,0.18046119,0.43431333,0.32013125,0.31123211,0.29098168,0.20441869
837,0.19815141,0.42292896,0.42847696,0.43024195,0.44192928,0.20256653,-0.34073186,0.22566164,0.05945113,0.07839519,0.26331918,-0.02735172,0.29005039,-0.13610808,0.15418660,0.40445479,0.25667811,0.13378359,0.17772834,0.03001867,0.06602974,0.07740159,0.17482568,0.19119369,0.40445479,0.61668692,0.67554347,0.60988338,0.25667811,0.36575754,0.40869076,0.13378359,0.26610198,0.17772834,0.42700477,0.31570955,0.31859895,0.30316311,0.21114561
838,0.19101370,0.42300903,0.43320495,0.43871043,0.45111248,0.18452709,-0.36607678,0.22718340,0.04462273,0.08979966,0.25076153,-0.02358421,0.27799276,-0.14192309,0.15929843,0.41648908,0.25345767,0.14307340,0.17181584,0.02474975,0.07145867,0.07865643,0.17447746,0.19138761,0.41648908,0.62407017,0.68180762,0.63003299,0.25345767,0.36875372,0.42399207,0.14307340,0.27681718,0.17181584,0.44087351,0.31710722,0.31231693,0.29028537,0.21752053
839,0.19722773,0.42622304,0.43028618,0.44007715,0.45625774,0.17634939,-0.36430560,0.22634472,0.02949845,0.08577056,0.25110865,-0.02797121,0.27320961,-0.14754703,0.15555439,0.39944496,0.26798862,0.14373869,0.17208921,0.01698082,0.05383506,0.07738624,0.17455180,0.19093706,0.39944496,0.62212209,0.67614868,0.62683861,0.26798862,0.37879516,0.43274710,0.14373869,0.28072559,0.17208921,0.43941624,0.31393101,0.31050529,0.28501008,0.21770698
840,0.19429704,0.42583282,0.43284931,0.44655307,0.46299143,0.16991112,-0.39210247,0.22078972,0.02999776,0.08234567,0.22852962,-0.03140273,0.25545518,-0.15337784,0.13859551,0.42758752,0.24672426,0.14753033,0.17305882,0.01084587,0.06176246,0.07773057,0.17268717,0.18937503,0.42758752,0.62678331,0.68438584,0.63485780,0.24672426,0.36529656,0.42730929,0.14753033,0.28274134,0.17305882,0.46061616,0.31133965,0.29625172,0.26939866,0.21093531
841,0.19493907,0.42529334,0.43441203,0.45102333,0.47461352,0.15755627,-0.39299268,0.21546596,0.05119042,0.08102083,0.20201988,-0.02837823,0.23679097,-0.14094478,0.13153530,0.44980197,0.21132244,0.14973648,0.16090262,0.00812203,0.05484630,0.07783371,0.17358259,0.19023407,0.44980197,0.60028362,0.66703227,0.62525716,0.21132244,0.34480011,0.41859857,0.14973648,0.27297429,0.16090262,0.46260890,0.31731293,0.27334004,0.24832176,0.19414761
842,0.19712903,0.42028637,0.43000872,0.44878428,0.46921689,0.14375336,-0.41893445,0.21073939,0.02546789,0.09022350,0.21241657,-0.02584999,0.24918082,-0.14148224,0.13174626,0.45376681,0.22840762,0.15923302,0.17216489,0.01863397,0.04593156,0.07906961,0.17324366,0.19043469,0.45376681,0.63370685,0.69540595,0.63614893,0.22840762,0.36042398,0.42084089,0.15923302,0.28883133,0.17216489,0.47543742,0.31702521,0.29487179,0.26326459,0.19581551
843,0.19424325,0.42489319,0.42917251,0.44448512,0.46279683,0.15014622,-0.39801065,0.21592343,0.01312010,0.08796868,0.21743711,-0.02516776,0.25140689,-0.14225207,0.14671557,0.41984047,0.24587906,0.15426492,0.16271244,0.02003649,0.04521505,0.07808454,0.17272035,0.18955083,0.41984047,0.61860591,0.67914908,0.63305076,0.24587906,0.36970828,0.42692700,0.15426492,0.27944033,0.16271244,0.45826870,0.31169278,0.29327312,0.26408607,0.20721845
844,0.20191577,0.42234449,0.42748216,0.44637649,0.46526804,0.15130157,-0.38485559,0.20543160,0.03906715,0.08524408,0.20846247,-0.02466030,0.23886983,-0.14117383,0.13623961,0.43167637,0.21287626,0.15547565,0.16146611,0.01885626,0.05043195,0.07569541,0.17078381,0.18680713,0.43167637,0.59715304,0.65449520,0.61279586,0.21287626,0.34069033,0.41017781,0.15547565,0.28103010,0.16146611,0.44654874,0.31039439,0.29002284,0.25219626,0.19890506
845,0.19929223,0.42568938,0.43230326,0.44954718,0.47696191,0.15891364,-0.39476945,0.20747961,0.02330663,0.07838425,0.19977006,-0.03145627,0.22280108,-0.14344378,0.10814574,0.42390127,0.22484717,0.15347232,0.16768036,0.00635961,0.04908497,0.07270273,0.16673810,0.18189910,0.42390127,0.59997183,0.65499164,0.60718191,0.22484717,0.34868300,0.41588081,0.15347232,0.28515018,0.16768036,0.45758304,0.30231647,0.27142396,0.23326573,0.18005785
846,0.19606697,0.42669865,0.43713955,0.45428256,0.47551975,0.16693855,-0.40108522,0.19513049,0.01837733,0.07467046,0.18743719,-0.03325181,0.20966043,-0.13296644,0.10345591,0.42341454,0.21352358,0.14709895,0.15168800,-0.00401510,0.07442748,0.06745564,0.16336449,0.17674337,0.42341454,0.59571146,0.65001081,0.60326437,0.21352358,0.33240238,0.38843633,0.14709895,0.26398606,0.15168800,0.46090580,0.28310966,0.25399734,0.21975893,0.16910192
847,0.19221201,0.42893238,0.43695839,0.45160291,0.46806185,0.19131591,-0.38318468,0.21690986,-0.02067013,0.08235448,0.19054069,-0.02989774,0.22537931,-0.13199882,0.12368949,0.36638135,0.25415478,0.14810869,0.14974864,0.00185657,0.10149617,0.06659235,0.15652826,0.17010478,0.36638135,0.58398920,0.65333604,0.61462175,0.25415478,0.37318869,0.41584298,0.14810869,0.25988348,0.14974864,0.45377134,0.29336525,0.25791774,0.23590994,0.18225461
848,0.20238647,0.43070596,0.43812451,0.45365541,0.47158598,0.17980018,-0.39666046,0.22973817,-0.02051426,0.08488176,0.17863838,-0.02440744,0.22002704,-0.13318618,0.09248595,0.38144391,0.24912473,0.14763126,0.17546264,0.01540975,0.08925585,0.06811808,0.15296237,0.16744420,0.38144391,0.58307805,0.65567092,0.59751830,0.24912473,0.37255848,0.42044988,0.14763126,0.27414346,0.17546264,0.46557303,0.30764179,0.25815862,0.23396487,0.16389591
849,0.20586728,0.42919790,0.43808530,0.45286539,0.47221789,0.18064268,-0.40283045,0.23157363,-0.02473432,0.08519174,0.18959257,-0.02630308,0.22708611,-0.13639104,0.08078130,0.38392025,0.26211752,0.14733046,0.19042092,0.02168736,0.08808668,0.06732537,0.15040206,0.16478314,0.38392025,0.60009644,0.66813995,0.59374697,0.26211752,0.38160783,0.42200651,0.14733046,0.28429486,0.19042092,0.47066406,0.31099158,0.26818394,0.24244995,0.16105230
850,0.19481343,0.43112764,0.43987412,0.45460433,0.46994516,0.18822369,-0.41487633,0.23408484,-0.06725346,0.09114384,0.19803352,-0.02695517,0.22546296,-0.14088663,0.08736384,0.35273268,0.30383148,0.14982498,0.18555924,0.01558149,0.07906260,0.06774603,0.14783363,0.16261705,0.35273268,0.62055066,0.68128553,0.61593710,0.30383148,0.41219486,0.44197763,0.14982498,0.29121015,0.18555924,0.48417077,0.31663550,0.27253079,0.23930037,0.16791788
851,0.19708263,0.42977938,0.43817485,0.45419357,0.46851502,0.19340208,-0.40263496,0.23134116,-0.01616943,0.09164205,0.20343003,-0.02465151,0.23279915,-0.13877851,0.09696421,0.39022312,0.26304302,0.14984504,0.18374601,0.02100165,0.08239794,0.06742199,0.14730825,0.16200446,0.39022312,0.61454861,0.67773658,0.61545769,0.26304302,0.37931622,0.42505402,0.14984504,0.28874097,0.18374601,0.47595733,0.30808791,0.27733602,0.24579279,0.17145071
852,0.19271724,0.43067822,0.43935999,0.45477519,0.47021267,0.19378890,-0.40114088,0.22908477,-0.01980584,0.08879587,0.20649761,-0.03062035,0.23587221,-0.14202133,0.10333810,0.38455616,0.26925079,0.15059266,0.17970610,0.01705385,0.08772339,0.06669617,0.14635245,0.16083352,0.38455616,0.61666347,0.68162189,0.62202050,0.26925079,0.38591739,0.42841886,0.15059266,0.28664161,0.17970610,0.47364122,0.30199718,0.27347182,0.24761289,0.17685219
853,0.18686940,0.42600971,0.43650721,0.45333103,0.47183329,0.18560775,-0.41109715,0.22863475,-0.05544402,0.08446204,0.22645823,-0.04155398,0.23365892,-0.15004219,0.09743455,0.35993183,0.32016975,0.15877273,0.18099980,0.00525185,0.07313576,0.06720324,0.14501574,0.15983066,0.35993183,0.64565333,0.69223855,0.62955267,0.32016975,0.42102130,0.45173821,0.15877273,0.30472015,0.18099980,0.48299500,0.31370359,0.28987781,0.24573068,0.17947991
854,0.18062175,0.42440143,0.43526311,0.45418998,0.47721565,0.19079140,-0.40966834,0.21677420,-0.01043295,0.06987511,0.22740257,-0.04849504,0.25285806,-0.14697398,0.10575307,0.40101596,0.28228867,0.15223342,0.18614769,0.00366044,0.07457219,0.06510598,0.14604202,0.15989703,0.40101596,0.64855325,0.71207388,0.63710172,0.28228867,0.39622491,0.42611303,0.15223342,0.29029918,0.18614769,0.48590917,0.29917532,0.29046583,0.26799547,0.18184629
855,0.18957920,0.42068066,0.43075986,0.44053195,0.46911662,0.17844859,-0.39646285,0.19984318,0.00975335,0.05829414,0.25497186,-0.05192952,0.29690932,-0.15136542,0.12225371,0.40874035,0.28751658,0.14417924,0.20756661,0.00632144,0.05161063,0.06562234,0.14723837,0.16119996,0.40874035,0.66249825,0.73652866,0.63151723,0.28751658,0.40437050,0.41249907,0.14417924,0.28239935,0.20756661,0.46845040,0.29325908,0.30894203,0.31223612,0.19680871
856,0.19639399,0.41424236,0.42486904,0.42994008,0.45496136,0.17530793,-0.40199195,0.22059385,-0.09421252,0.06631796,0.29035546,-0.04878561,0.31448184,-0.15929509,0.15856752,0.31482225,0.41680796,0.14289463,0.19745544,0.00464237,0.03136374,0.06805604,0.14909942,0.16389711,0.31482225,0.70088085,0.75473948,0.66518980,0.41680796,0.50551275,0.48905179,0.14289463,0.29221093,0.19745544,0.47207035,0.32752395,0.34691775,0.33261963,0.22963760
857,0.20040169,0.40944244,0.42427578,0.42989860,0.45466045,0.15720516,-0.38889492,0.21979756,-0.10232071,0.07861881,0.27588809,-0.04662229,0.31129092,-0.15907255,0.16954536,0.29858813,0.40756612,0.15669878,0.18737389,0.01004524,0.01663935,0.06962787,0.15295115,0.16805384,0.29858813,0.66941191,0.73447940,0.65607582,0.40756612,0.51242764,0.50429168,0.15669878,0.29375942,0.18737389,0.45613948,0.33763440,0.33812289,0.32785007,0.23642939
858,0.19100989,0.41118201,0.42164535,0.43014792,0.46506819,0.16474147,-0.37574911,0.19608762,0.01977825,0.06602041,0.26066771,-0.05674016,0.30988601,-0.16375010,0.16367666,0.40017428,0.28018184,0.15799114,0.18894515,0.00505988,0.03821200,0.07104766,0.15810670,0.17333637,0.40017428,0.64407216,0.72662016,0.64858007,0.28018184,0.41160364,0.43594708,0.15799114,0.28601583,0.18894515,0.44910819,0.30653633,0.32090836,0.32729307,0.23417621
859,0.19027770,0.41255616,0.41587908,0.43041449,0.46827580,0.15720426,-0.37022837,0.19317475,0.04667551,0.05570536,0.26099735,-0.06377779,0.28790107,-0.16650582,0.15383707,0.42089168,0.26321041,0.15481476,0.17722661,-0.00929413,0.01007527,0.07251415,0.16368846,0.17903133,0.42089168,0.63969367,0.70388732,0.63896677,0.26321041,0.38763565,0.43256826,0.15481476,0.28789088,0.17722661,0.44391833,0.30630108,0.31449389,0.30346935,0.22740662
860,0.18211687,0.42184264,0.42630936,0.44518358,0.48434750,0.15728663,-0.38478351,0.19497745,0.04099831,0.06047675,0.21487556,-0.06186075,0.23000537,-0.16660252,0.12440216,0.43008989,0.22717886,0.16848526,0.15965044,-0.02184937,0.00754410,0.07507701,0.16761603,0.18366190,0.43008989,0.60750113,0.66446222,0.63048590,0.22717886,0.36240428,0.43667661,0.16848526,0.29938900,0.15965044,0.45073530,0.29819543,0.27731012,0.24330492,0.20809067
861,0.18587904,0.42795484,0.43287385,0.44855509,0.48967270,0.16101138,-0.35895108,0.19554962,0.05306132,0.06849403,0.21352809,-0.05485914,0.23422770,-0.16038597,0.12885502,0.41477587,0.21213915,0.15931461,0.15831224,-0.03180521,0.01770974,0.07607238,0.17497028,0.19079205,0.41477587,0.58035190,0.64280574,0.60968359,0.21213915,0.34551262,0.41895661,0.15931461,0.28740576,0.15831224,0.42473844,0.27992870,0.26297810,0.24365927,0.20624179
862,0.18080190,0.42672310,0.43190126,0.44951304,0.48467154,0.15978047,-0.39621080,0.19113104,0.03159185,0.05918928,0.20741876,-0.06549233,0.21723902,-0.16833519,0.09595455,0.43047127,0.22823226,0.16211370,0.16843318,-0.02338302,0.00920094,0.07853355,0.17392926,0.19083738,0.43047127,0.61247266,0.66599057,0.61943425,0.22823226,0.35691108,0.42635259,0.16211370,0.29894519,0.16843318,0.46340804,0.28992266,0.26522338,0.23259806,0.19381142
863,0.18493330,0.42217109,0.42994984,0.44335909,0.47596128,0.15269112,-0.39346723,0.17965046,0.00978244,0.05073447,0.21127403,-0.06996499,0.22346258,-0.17108016,0.10128844,0.40586776,0.24926088,0.15969064,0.16710740,-0.01287367,-0.01403975,0.07940652,0.17729721,0.19426707,0.40586776,0.61415162,0.66996065,0.62084400,0.24926088,0.37178164,0.42747682,0.15969064,0.29290950,0.16710740,0.46486604,0.29371503,0.27106666,0.24128917,0.19889345
864,0.19122498,0.42346485,0.42838445,0.44583438,0.47593587,0.13778726,-0.38389360,0.17522875,0.04465104,0.05198065,0.21157299,-0.06769554,0.21464245,-0.17429903,0.10334703,0.43158911,0.21744677,0.15956118,0.16417281,-0.01867878,-0.03674706,0.07956222,0.18147174,0.19814677,0.43158911,0.60237251,0.64720038,0.60971590,0.21744677,0.34203673,0.42094505,0.15956118,0.29863525,0.16417281,0.45210136,0.29250258,0.27321751,0.23276675,0.20265388
865,0.18990465,0.42004605,0.42545768,0.44537033,0.47307090,0.14085747,-0.39178074,0.18828669,0.05523794,0.06541478,0.21099593,-0.05281048,0.22297109,-0.15868213,0.11066918,0.45185415,0.20864188,0.16490513,0.16476400,-0.01749823,-0.03740700,0.07910263,0.18478559,0.20100483,0.45185415,0.60777060,0.65814527,0.61529970,0.20864188,0.34392080,0.42361221,0.16490513,0.29978984,0.16476400,0.46175597,0.31428707,0.28552547,0.23861307,0.19366650
866,0.17691154,0.41412877,0.42235743,0.44387541,0.47439400,0.14551884,-0.42259405,0.18718374,0.05392006,0.06661259,0.22565443,-0.05587702,0.24158016,-0.16117595,0.10458752,0.48003587,0.21985936,0.16762711,0.18180715,-0.01999503,-0.00627982,0.08288367,0.18599443,0.20362620,0.48003587,0.65352027,0.70773113,0.64035089,0.21985936,0.35541543,0.42354375,0.16762711,0.30887545,0.18180715,0.49367965,0.31698570,0.29895323,0.25795416,0.19268641
867,0.17951181,0.41669779,0.41907779,0.44178655,0.47168421,0.13233398,-0.46649292,0.18003648,-0.00172288,0.05403491,0.24041217,-0.06546525,0.24503139,-0.17498639,0.09922966,0.46879626,0.28004380,0.16485032,0.19100949,-0.01800835,-0.02631982,0.08261249,0.18310224,0.20087621,0.46879626,0.71163597,0.75120681,0.67251657,0.28004380,0.39007327,0.43644024,0.16485032,0.31841646,0.19100949,0.53161733,0.31332675,0.31351043,0.26605492,0.20253401
868,0.18138901,0.41940863,0.42474508,0.44739161,0.47183634,0.14091816,-0.47722637,0.19905130,0.01285361,0.06360982,0.23151436,-0.06106604,0.22428263,-0.17329882,0.08322237,0.49716222,0.26440831,0.17766052,0.18868450,-0.00594411,-0.02960977,0.08315599,0.18086054,0.19906143,0.49716222,0.71294556,0.74106497,0.66815162,0.26440831,0.38414955,0.45036847,0.17766052,0.33358504,0.18868450,0.53857123,0.33260116,0.31562476,0.24534950,0.19358942
869,0.18683810,0.41872728,0.42700698,0.44677417,0.46519498,0.13071047,-0.42306909,0.20816464,-0.01087555,0.07883167,0.22182933,-0.04619142,0.22665161,-0.15918741,0.10802281,0.42153141,0.27280233,0.16740041,0.17055218,-0.00416145,0.00557116,0.08519752,0.18562942,0.20424715,0.42153141,0.64721187,0.68551917,0.63010485,0.27280233,0.38764218,0.44347368,0.16740041,0.30783957,0.17055218,0.48952556,0.32625286,0.30344571,0.24483394,0.19516145
870,0.19142481,0.41429872,0.42708889,0.44846824,0.46818158,0.13386609,-0.44889751,0.19990007,0.02029032,0.07245675,0.21496514,-0.04870795,0.22235039,-0.16363221,0.10055225,0.47677937,0.24456175,0.16474952,0.17380669,0.01036301,-0.01687584,0.08638313,0.18824247,0.20711656,0.47677937,0.66706606,0.70834297,0.65026451,0.24456175,0.37079211,0.43931231,0.16474952,0.30621977,0.17380669,0.51566490,0.33552200,0.29810305,0.24194866,0.19530653
871,0.19239550,0.41065052,0.42504710,0.44536338,0.46671649,0.14677922,-0.42212259,0.20888897,-0.00857291,0.07914103,0.21773593,-0.04486496,0.23299967,-0.15827391,0.10072093,0.42061405,0.26956350,0.16292365,0.18061768,0.00090594,0.00499768,0.08788961,0.19164587,0.21083814,0.42061405,0.64382791,0.69436164,0.63010481,0.26956350,0.39051506,0.44179623,0.16292365,0.30529497,0.18061768,0.49601360,0.33384914,0.30111872,0.25299973,0.19186589
872,0.19026612,0.41772598,0.42789811,0.44472136,0.46766513,0.14875336,-0.42312736,0.21380699,-0.00446312,0.07277372,0.22603337,-0.04791711,0.24874121,-0.15599223,0.10217611,0.42679874,0.27793321,0.15786735,0.18840726,0.01287379,0.01981263,0.09010808,0.19294014,0.21294451,0.42679874,0.65373328,0.70908905,0.62830863,0.27793321,0.39947468,0.43965952,0.15786735,0.29906309,0.18840726,0.49128672,0.33045661,0.30219422,0.26806935,0.19058938
873,0.19138039,0.42138129,0.42792452,0.44270185,0.46563820,0.16612521,-0.40177802,0.22310393,0.03326299,0.07894116,0.22992060,-0.04136372,0.26758395,-0.14763896,0.12531385,0.44096952,0.25079892,0.15867500,0.18413453,0.01501412,0.03204541,0.09047295,0.19748848,0.21722581,0.44096952,0.63785265,0.70950670,0.63383514,0.25079892,0.38585883,0.43292973,0.15867500,0.28865293,0.18413453,0.47829477,0.33190940,0.30536377,0.28483941,0.19768938
874,0.19290971,0.42060544,0.42748820,0.44284130,0.46184427,0.18449239,-0.40373974,0.22678325,0.01100665,0.08533866,0.23437089,-0.03521892,0.26814743,-0.14943085,0.12340460,0.42107071,0.26957881,0.16012341,0.18979064,0.02269888,0.04680842,0.09219379,0.19830016,0.21868390,0.42107071,0.64580061,0.71303648,0.63916399,0.26957881,0.39751952,0.43952031,0.16012341,0.29733118,0.18979064,0.48297826,0.33732150,0.31771048,0.28730947,0.20064520
875,0.18938797,0.42238624,0.43159936,0.44403280,0.46380476,0.18965734,-0.39409656,0.23774770,-0.00602250,0.08393410,0.23455479,-0.03630904,0.27336645,-0.14731401,0.12418263,0.39471877,0.29036736,0.15597564,0.19089534,0.02789209,0.05637581,0.09359323,0.20220561,0.22281562,0.39471877,0.63748021,0.71045101,0.63245829,0.29036736,0.41706710,0.44756335,0.15597564,0.28944667,0.19089534,0.47334783,0.33419472,0.30857379,0.29028038,0.19843509
876,0.19211504,0.41961833,0.43115419,0.44145468,0.45610061,0.20501065,-0.38213830,0.26509797,-0.12528084,0.08834739,0.23623483,-0.03634495,0.27736112,-0.14025327,0.14121394,0.26704901,0.40535941,0.15686645,0.17478950,0.03310282,0.05420662,0.09482785,0.20461256,0.22551856,0.26704901,0.62932332,0.70841507,0.63990585,0.40535941,0.52068807,0.51388167,0.15686645,0.27543652,0.17478950,0.46991295,0.36811952,0.30628149,0.29322844,0.20597242
877,0.20436050,0.42393600,0.43200268,0.44222243,0.45545660,0.21042638,-0.36128700,0.25441926,-0.03073005,0.09432387,0.25413372,-0.03373752,0.28976267,-0.14381078,0.14271509,0.33746561,0.33082660,0.15608334,0.18754338,0.03605268,0.04563522,0.09772511,0.20731752,0.22919588,0.33746561,0.62627668,0.70011177,0.62753217,0.33082660,0.45117963,0.46692939,0.15608334,0.28886537,0.18754338,0.45050425,0.33744541,0.31884877,0.30415232,0.20826254
878,0.20558045,0.42155607,0.42464646,0.43473960,0.45119818,0.21899825,-0.32849252,0.24011100,0.06176394,0.08454472,0.27936463,-0.04079509,0.31336401,-0.14586544,0.16528917,0.39440661,0.27160354,0.15421737,0.18582371,0.03372625,0.04075657,0.09996395,0.21321057,0.23548150,0.39440661,0.62257785,0.69673444,0.62496993,0.27160354,0.39897155,0.43420251,0.15421737,0.28489088,0.18582371,0.42912993,0.33225951,0.33986097,0.32883277,0.22635718
879,0.20280248,0.42084247,0.42635082,0.43444536,0.44898472,0.23620870,-0.34213270,0.25059174,0.07393138,0.08935665,0.26946660,-0.04125001,0.31714788,-0.15129476,0.16754307,0.42028507,0.25864676,0.16457892,0.19116635,0.03791645,0.04206868,0.10283104,0.21200145,0.23562435,0.42028507,0.62901133,0.71997765,0.65280274,0.25864676,0.40477635,0.45222528,0.16457892,0.29341017,0.19116635,0.45299796,0.35310504,0.33933753,0.33444573,0.23177228
880,0.21182097,0.41843989,0.42283717,0.43348408,0.44213250,0.24151916,-0.31824360,0.24746628,0.08967943,0.08404999,0.28680607,-0.04562646,0.32643322,-0.15286821,0.19260586,0.41379858,0.26108036,0.16106494,0.17521007,0.04264513,0.04087258,0.10555517,0.21824870,0.24243430,0.41379858,0.62547151,0.70906782,0.65379075,0.26108036,0.40121505,0.44840372,0.16106494,0.28299593,0.17521007,0.43253961,0.35285562,0.35097700,0.34361010,0.25340071
881,0.20451473,0.41599144,0.42481630,0.43571286,0.44771114,0.24316567,-0.30274735,0.24212807,0.10924791,0.08733153,0.28314332,-0.04328343,0.31763692,-0.15673734,0.17784977,0.41768656,0.23994375,0.15949713,0.18416107,0.05036933,0.04976445,0.10798310,0.22452315,0.24914051,0.41768656,0.60635425,0.68733338,0.63533109,0.23994375,0.38117293,0.44360642,0.15949713,0.29312648,0.18416107,0.42485266,0.35872559,0.34827344,0.33528571,0.24440361
882,0.20301807,0.41556819,0.42507674,0.43359139,0.44255744,0.25459112,-0.30715484,0.27164247,0.05610030,0.10541110,0.28447337,-0.03121969,0.32403847,-0.14584358,0.18671167,0.36965399,0.28748098,0.17028371,0.18403422,0.05078940,0.05824610,0.11080427,0.22813837,0.25362315,0.36965399,0.61028196,0.69757664,0.64778846,0.28748098,0.43028720,0.47705385,0.17028371,0.30235703,0.18403422,0.44024540,0.37508035,0.36283124,0.34217977,0.24493768
883,0.19608911,0.40848011,0.42279926,0.43389210,0.44851011,0.23657285,-0.31257424,0.25741700,0.07299776,0.10254529,0.26017758,-0.03279697,0.31291969,-0.15391417,0.16695948,0.39047579,0.25023704,0.17470581,0.19667330,0.05362491,0.05562727,0.11804654,0.23629516,0.26414085,0.39047579,0.58822759,0.68818669,0.63658229,0.25023704,0.40798331,0.47088563,0.17470581,0.31095160,0.19667330,0.43994783,0.37153597,0.34253716,0.33036357,0.23224297
884,0.19936084,0.40653046,0.41975393,0.42684927,0.43722758,0.22272679,-0.28170908,0.24525263,0.03382861,0.08611259,0.26654969,-0.03381375,0.31922316,-0.14681839,0.19356159,0.31982740,0.28676427,0.15616108,0.17548056,0.04050410,0.05163963,0.11885777,0.24563200,0.27287772,0.31982740,0.56504830,0.65961940,0.61756185,0.28676427,0.42216444,0.46189969,0.15616108,0.27763477,0.17548056,0.41026875,0.34864077,0.34018987,0.33869470,0.25042797
885,0.21175436,0.40725806,0.41795978,0.41963469,0.42729443,0.22126310,-0.28502433,0.26786919,-0.04791085,0.09025132,0.27531233,-0.03296839,0.33565036,-0.14650142,0.21218146,0.24584550,0.37226840,0.16256590,0.17502143,0.04464090,0.01968848,0.12027111,0.24804699,0.27566728,0.24584550,0.57547406,0.67708578,0.63466008,0.37226840,0.50657381,0.52404279,0.16256590,0.28081365,0.17502143,0.41675203,0.37207695,0.35384467,0.35663560,0.26614550
886,0.20911235,0.40108439,0.41928952,0.41929294,0.42802952,0.20938160,-0.29245135,0.26779143,-0.14609814,0.09163352,0.25822252,-0.03599447,0.32794942,-0.15332286,0.21136523,0.16402157,0.44363467,0.16917091,0.17251842,0.04184486,0.02235581,0.12479501,0.25236891,0.28153839,0.16402157,0.56312745,0.67306092,0.63593607,0.44363467,0.57885896,0.58204561,0.16917091,0.28380926,0.17251842,0.41639613,0.39780263,0.34359073,0.35137194,0.27082584
887,0.21259198,0.39867330,0.41967791,0.41955099,0.42887752,0.21005247,-0.28880641,0.26990817,-0.16948934,0.09829164,0.26074745,-0.03464399,0.33670593,-0.14819620,0.21876062,0.14224422,0.46568204,0.17684437,0.17107247,0.05040944,0.01813395,0.12808779,0.25688500,0.28704770,0.14224422,0.56080408,0.67732907,0.63618154,0.46568204,0.60631478,0.60015306,0.17684437,0.28564335,0.17107247,0.41203855,0.40796237,0.34693402,0.35851811,0.27298273
888,0.20876104,0.39051810,0.41633948,0.41913568,0.43361898,0.20955694,-0.29470893,0.26521666,-0.15874385,0.10460148,0.25420907,-0.03299399,0.32913110,-0.14905684,0.21991813,0.15164321,0.44550798,0.18228749,0.16795292,0.04420725,0.01520436,0.13321408,0.26631981,0.29777883,0.15164321,0.55893122,0.67705854,0.64611802,0.44550798,0.58857952,0.59336933,0.18228749,0.29477233,0.16795292,0.42110843,0.39965969,0.34410308,0.34981025,0.27253944
889,0.21658913,0.35768321,0.41104441,0.41832025,0.43306873,0.19704923,-0.27108500,0.27709977,-0.25580601,0.11107985,0.24965244,-0.03327166,0.32582085,-0.15251744,0.23042339,0.08976370,0.53476811,0.19211279,0.16176967,0.04471204,-0.00299980,0.13941980,0.27638015,0.30955431,0.08976370,0.52804287,0.65055384,0.63482921,0.53476811,0.67733113,0.68160765,0.19211279,0.30624937,0.16176967,0.40291680,0.45879883,0.34292554,0.34420141,0.28126837
890,0.21656021,0.38344281,0.40590953,0.41728652,0.42994743,0.18706725,-0.26139951,0.24950895,-0.05439021,0.10487721,0.26690330,-0.03171057,0.33108247,-0.14713382,0.24185975,0.22172087,0.35930042,0.18230248,0.15392073,0.04905986,-0.00790302,0.14531435,0.28904031,0.32351285,0.22172087,0.53508097,0.64355385,0.62829717,0.35930042,0.50741556,0.54243648,0.18230248,0.29502861,0.15392073,0.39034912,0.37203089,0.34973523,0.34671408,0.28728191
891,0.21554904,0.38085713,0.41162478,0.41655706,0.43289515,0.18507471,-0.26899525,0.27222980,-0.21262884,0.10880585,0.24874551,-0.03279090,0.32214158,-0.15205565,0.23556768,0.11251703,0.49387356,0.18921958,0.15637191,0.04895507,-0.00396717,0.14967801,0.29295219,0.32897491,0.11251703,0.52380828,0.64214021,0.63198091,0.49387356,0.63807014,0.65519456,0.18921958,0.30326380,0.15637191,0.39859416,0.43969857,0.34092581,0.34021312,0.28517938
892,0.21224838,0.34230437,0.40963801,0.41454227,0.43037221,0.18911507,-0.26657166,0.27787346,-0.32267808,0.11393551,0.22675064,-0.02423675,0.31223245,-0.14253696,0.22995584,0.11674659,0.57618016,0.18805970,0.15266655,0.05256948,0.00788991,0.15304152,0.30316490,0.33960369,0.11674659,0.49905228,0.62501589,0.61589623,0.57618016,0.71927720,0.72315758,0.18805970,0.29470183,0.15266655,0.39059792,0.50150485,0.32812688,0.33304228,0.27776213
893,0.20847286,0.34245554,0.41238443,0.41778707,0.43477215,0.18545110,-0.25804465,0.26839996,-0.32838284,0.11025421,0.23413120,-0.02438326,0.30403837,-0.14005163,0.23186658,0.11938807,0.58915565,0.17577152,0.14389751,0.05633886,0.02161734,0.15809331,0.31194457,0.34971833,0.11938807,0.49856895,0.61086529,0.60979016,0.58915565,0.71596412,0.72447375,0.17577152,0.28430702,0.14389751,0.38244343,0.49854175,0.31912923,0.32035869,0.27581396
894,0.21558342,0.32747649,0.41613685,0.41789342,0.43743060,0.18584537,-0.25132533,0.27394919,-0.38399763,0.11045278,0.22332586,-0.02456648,0.29961525,-0.13906575,0.21787835,0.16318772,0.63447200,0.17839442,0.14788032,0.05091712,0.01322013,0.16050109,0.31610367,0.35451676,0.16318772,0.48299019,0.60526441,0.59895298,0.63447200,0.76546006,0.76161643,0.17839442,0.28315881,0.14788032,0.38758887,0.54092448,0.30807154,0.31468589,0.26279578
895,0.21618801,0.37491516,0.41439089,0.41799569,0.43839582,0.17997688,-0.25343905,0.26674871,-0.26578187,0.11589740,0.22581143,-0.01615824,0.29973067,-0.13358915,0.21949185,0.09654223,0.51933609,0.17580666,0.15085557,0.05031270,0.00802534,0.16070116,0.32090076,0.35889018,0.09654223,0.48458984,0.59940148,0.59293823,0.51933609,0.65280225,0.66401403,0.17580666,0.28603666,0.15085557,0.38170239,0.45874003,0.31661979,0.31632300,0.26167586
896,0.21456847,0.33079981,0.41647587,0.41889077,0.43135972,0.18737116,-0.26757689,0.27350279,-0.37486901,0.11676196,0.19803964,-0.01083719,0.29025234,-0.13032285,0.22417425,0.14633965,0.59719935,0.17905163,0.14395401,0.05654700,0.01912964,0.16114005,0.32283231,0.36081410,0.14633965,0.47109893,0.59997695,0.60269065,0.59719935,0.73821196,0.74777729,0.17905163,0.28083346,0.14395401,0.38818417,0.53170117,0.30306926,0.31136752,0.26771543
897,0.21426141,0.31527935,0.41463567,0.41759432,0.42847304,0.17921577,-0.26474271,0.26474559,-0.37258061,0.11724603,0.20522853,-0.01089749,0.29499800,-0.12988553,0.23598052,0.14702110,0.59934777,0.17800128,0.13958602,0.05125311,0.02204553,0.16177717,0.32645439,0.36434094,0.14702110,0.47411200,0.59844527,0.60398318,0.59934777,0.73663229,0.74923215,0.17800128,0.27992149,0.13958602,0.37783673,0.52244196,0.30519342,0.31440085,0.27715697
898,0.21054982,0.39077163,0.41691401,0.41845477,0.43255558,0.17792010,-0.27249199,0.24844506,-0.20782719,0.11439230,0.21638288,-0.00857984,0.30231868,-0.12699344,0.23706868,0.10446020,0.44868126,0.17119188,0.14210061,0.05109573,0.02346328,0.16166517,0.33021159,0.36766197,0.10446020,0.49325514,0.61232847,0.61068423,0.44868126,0.58830575,0.61065558,0.17119188,0.27316921,0.14210061,0.38421929,0.40683120,0.30858593,0.32030375,0.27593410
899,0.20686464,0.22544999,0.41873270,0.41507575,0.43394705,0.17862371,-0.27786641,0.25068068,-0.44509446,0.10531951,0.18563347,-0.01391863,0.28665360,-0.12709327,0.21141546,0.18707805,0.64895128,0.17490539,0.14323790,0.05055017,0.02906133,0.16271622,0.33268872,0.37034896,0.18707805,0.46927690,0.60212252,0.59090164,0.64895128,0.78814900,0.77641569,0.17490539,0.26458640,0.14323790,0.38367669,0.56358634,0.28659791,0.30833834,0.25573941
900,0.21115211,0.36262628,0.41221154,0.41473662,0.43338404,0.15971119,-0.25958116,0.22708861,-0.31087394,0.10570234,0.20955066,-0.01372230,0.28989211,-0.12708927,0.22866097,0.08932378,0.53763535,0.16709407,0.13561991,0.04055220,0.03036806,0.16248271,0.33402707,0.37144947,0.08932378,0.47321607,0.58763674,0.58780253,0.53763535,0.66301998,0.67170828,0.16709407,0.26596351,0.13561991,0.37522897,0.45757017,0.30093240,0.30811244,0.26865791
901,0.21073261,0.26865095,0.41667947,0.41446391,0.43258116,0.16853642,-0.26895852,0.24236142,-0.41540471,0.11385024,0.18512891,-0.00797732,0.29143881,-0.12222025,0.21575096,0.16991150,0.61566097,0.18088364,0.14387020,0.05257588,0.02779901,0.16249242,0.33121089,0.36892336,0.16991150,0.45736969,0.59296804,0.57863901,0.61566097,0.76012616,0.74806070,0.18088364,0.26881981,0.14387020,0.37189862,0.53671063,0.29189224,0.31295713,0.25764488
902,0.21051285,0.39423370,0.41627104,0.42005316,0.43882813,0.15589722,-0.26182915,0.22432345,-0.17014644,0.10817148,0.20666743,-0.00892630,0.29024840,-0.12377403,0.21541660,0.12007437,0.39783562,0.16469493,0.14308125,0.04619347,0.03146330,0.16020978,0.32830313,0.36530825,0.12007437,0.47120607,0.58419011,0.57000354,0.39783562,0.53297523,0.54783121,0.16469493,0.26184151,0.14308125,0.36596045,0.36939217,0.29851262,0.30916354,0.25682815
903,0.19608839,0.36850684,0.41619266,0.41515896,0.44510532,0.15109623,-0.28840938,0.20107367,-0.31413251,0.09178281,0.18377191,-0.01711941,0.28225953,-0.13020012,0.17925337,0.07484259,0.51216213,0.16987680,0.16022766,0.04904914,0.04245736,0.15744036,0.32575463,0.36180595,0.07484259,0.47589208,0.60106872,0.56178303,0.51216213,0.64924264,0.62173201,0.16987680,0.25888459,0.16022766,0.38412800,0.45082222,0.28927453,0.30650441,0.23250814
904,0.20237722,0.35578737,0.41734906,0.42537381,0.45285375,0.14434244,-0.28774836,0.19794137,-0.35794862,0.09198880,0.17846618,-0.02110818,0.26505447,-0.13561764,0.17128957,0.09583778,0.54817191,0.16725609,0.15443401,0.04002314,0.04274829,0.15425092,0.32485346,0.35961524,0.09583778,0.46914854,0.58393515,0.55403290,0.54817191,0.67244042,0.64849108,0.16725609,0.26310079,0.15443401,0.37771839,0.47162460,0.28039022,0.28700910,0.22764168
905,0.19261660,0.36966029,0.41444188,0.42681387,0.45368919,0.13494430,-0.28715945,0.18839446,-0.28695713,0.09079193,0.17146463,-0.01890815,0.25559047,-0.12772344,0.17869964,0.06894324,0.47119755,0.16321902,0.13937934,0.04468808,0.07013524,0.15253579,0.32258560,0.35683138,0.06894324,0.46077091,0.57154007,0.55100459,0.47119755,0.59634323,0.58974541,0.16321902,0.25318713,0.13937934,0.37599177,0.42190302,0.27636151,0.27891149,0.23027168
906,0.19748854,0.38914848,0.41599373,0.42911757,0.45052797,0.13818089,-0.27293167,0.20408812,-0.15760619,0.10150614,0.18053229,-0.00833547,0.25975915,-0.12031673,0.19338778,0.13841343,0.35628683,0.15512676,0.13511156,0.03421947,0.08629948,0.14956513,0.32067035,0.35383499,0.13841343,0.45499373,0.55857404,0.54619007,0.35628683,0.48375484,0.50321374,0.15512676,0.24875537,0.13511156,0.35939855,0.34390385,0.27568013,0.28079169,0.23830541
907,0.20218819,0.39901527,0.42052557,0.43213929,0.44995177,0.14035465,-0.27146604,0.21415895,-0.07598251,0.10844661,0.17989335,-0.00246519,0.25594144,-0.11719998,0.20354352,0.21606154,0.28263457,0.15338687,0.13132248,0.03866605,0.09350332,0.14726599,0.31151828,0.34457352,0.21606154,0.45248983,0.55161911,0.55187345,0.28263457,0.41733557,0.46463941,0.15338687,0.25228480,0.13132248,0.35259198,0.32391570,0.27273395,0.27486134,0.24334100
908,0.20604172,0.40546003,0.42073885,0.43490725,0.45252452,0.14247878,-0.27280569,0.21497936,-0.02472934,0.10340890,0.17378119,-0.00519434,0.24798720,-0.11500461,0.20112409,0.26386614,0.23552519,0.15483967,0.12553178,0.03680092,0.08129646,0.14198894,0.30726156,0.33848268,0.26386614,0.44834693,0.54853926,0.55421189,0.23552519,0.37811394,0.43877477,0.15483967,0.25093042,0.12553178,0.35569642,0.31688176,0.26504839,0.26374376,0.23720097
909,0.19452026,0.41114711,0.42611597,0.44404576,0.45914488,0.13815012,-0.30449571,0.21149597,-0.04872828,0.09586337,0.16588376,-0.00795008,0.22983883,-0.11484955,0.18408453,0.27109838,0.24924772,0.14774203,0.12131763,0.04176528,0.10700750,0.13806195,0.29776987,0.32821944,0.27109838,0.47227642,0.56019177,0.56271114,0.24924772,0.37957082,0.43541154,0.14774203,0.24220097,0.12131763,0.37438319,0.30928315,0.25509825,0.24518168,0.22275073
910,0.18870208,0.41237908,0.42527655,0.44497146,0.45930606,0.15333894,-0.31226244,0.21450564,-0.06157443,0.09943709,0.16713244,-0.00507582,0.22226072,-0.11374334,0.17062281,0.26173640,0.26076407,0.14627740,0.12516844,0.03856354,0.10788815,0.13544237,0.29087066,0.32085881,0.26173640,0.48244911,0.56502862,0.56612424,0.26076407,0.38366680,0.43663367,0.14627740,0.24502898,0.12516844,0.38900463,0.31190401,0.25725298,0.23701870,0.21052284
911,0.19279873,0.40700064,0.42631467,0.44390565,0.45551283,0.14801019,-0.32106728,0.21373464,-0.15770870,0.10482980,0.15890720,-0.00061284,0.21867726,-0.11146204,0.16769422,0.18040243,0.33873769,0.14661599,0.12779941,0.03444704,0.08978173,0.13062886,0.28467997,0.31321970,0.18040243,0.48206531,0.56777230,0.56904086,0.33873769,0.45335128,0.49110209,0.14661599,0.24775930,0.12779941,0.39981885,0.34872508,0.25831219,0.23728213,0.20849327
912,0.20520927,0.40577426,0.42497730,0.44154369,0.45448670,0.14386428,-0.31682959,0.20752695,-0.09882841,0.10027331,0.16492852,0.00114527,0.22901153,-0.11198097,0.17419061,0.23014898,0.29073756,0.14841800,0.13139541,0.03870603,0.07853590,0.12666025,0.27785826,0.30536541,0.23014898,0.48420382,0.57509774,0.57355896,0.29073756,0.41497591,0.45999507,0.14841800,0.24814207,0.13139541,0.40461234,0.33505380,0.26734373,0.24793873,0.21472085
913,0.19994124,0.41301435,0.42824126,0.44481981,0.45339511,0.15031549,-0.32582902,0.21017428,-0.13529314,0.09931588,0.15558588,-0.00385429,0.21917126,-0.11291279,0.17656645,0.20414104,0.31498747,0.14678189,0.12217357,0.03291690,0.08949730,0.12540956,0.27196935,0.29949104,0.20414104,0.48414428,0.57328652,0.58048249,0.31498747,0.43428108,0.47868975,0.14678189,0.24358841,0.12217357,0.40162391,0.33474814,0.25402926,0.23761932,0.21714996
914,0.19865211,0.41251557,0.42866217,0.44503980,0.45532978,0.15374483,-0.32561532,0.21028134,-0.14354071,0.09894925,0.16082553,-0.00590734,0.21903860,-0.11448839,0.17283730,0.19679465,0.32784972,0.14537729,0.12321994,0.03725348,0.09666182,0.12306273,0.26660331,0.29363543,0.19679465,0.48951791,0.57359145,0.57828610,0.32784972,0.44219992,0.48323111,0.14537729,0.24400759,0.12321994,0.39876360,0.33655601,0.25447546,0.23628906,0.21397210
915,0.20037815,0.41424219,0.42823649,0.44271377,0.45300801,0.14836612,-0.32800298,0.21272022,-0.11871468,0.10148077,0.17108520,-0.00161342,0.23731790,-0.11497228,0.18325207,0.22302225,0.31445465,0.14805064,0.13047144,0.03668174,0.09549219,0.12034504,0.26139209,0.28776510,0.22302225,0.50134716,0.59190606,0.58879450,0.31445465,0.43643260,0.47646240,0.14805064,0.24703688,0.13047144,0.40353029,0.33140503,0.26458186,0.25430372,0.22346847
916,0.19913359,0.41494738,0.42864715,0.44086385,0.45340620,0.15673918,-0.32721195,0.22023346,-0.19465225,0.10453832,0.17081472,-0.00396744,0.23658324,-0.11627410,0.17529028,0.15340129,0.38580770,0.14847614,0.13336116,0.02653078,0.10092130,0.11798128,0.25580818,0.28170447,0.15340129,0.50075506,0.59125383,0.58320200,0.38580770,0.50078730,0.52454495,0.14847614,0.24888236,0.13336116,0.40050158,0.36329503,0.26267430,0.25418737,0.21748069
917,0.19850924,0.41657469,0.42827624,0.44179433,0.45357118,0.15976279,-0.32586381,0.21444010,-0.11688090,0.10219610,0.17633064,-0.00297645,0.24071066,-0.11309768,0.18643068,0.21979799,0.31720629,0.14579803,0.12819719,0.02882466,0.09859466,0.11525997,0.25216794,0.27726076,0.21979799,0.50550464,0.59522190,0.59257339,0.31720629,0.43621277,0.47419478,0.14579803,0.24414449,0.12819719,0.40231141,0.32485593,0.26472962,0.25741320,0.22470496
918,0.19771842,0.41835676,0.43076779,0.44391753,0.45814507,0.16316400,-0.33722033,0.21717443,-0.10693438,0.10072071,0.17929021,-0.00525374,0.23953368,-0.11875333,0.17920375,0.24057694,0.31251383,0.14581201,0.13434667,0.03277757,0.09758241,0.11243622,0.24610532,0.27057297,0.24057694,0.52027872,0.60651539,0.60084846,0.31251383,0.43077135,0.47138180,0.14581201,0.24970099,0.13434667,0.41166558,0.32349139,0.26548511,0.25520616,0.22045341
919,0.20045305,0.41929753,0.42928438,0.44353891,0.45616780,0.16288891,-0.34074890,0.21738046,-0.07570000,0.10094059,0.18256512,-0.00237283,0.24242746,-0.11687165,0.18593306,0.27500183,0.28704943,0.14546921,0.13270236,0.03488638,0.09913169,0.10960205,0.24019254,0.26401717,0.27500183,0.52697536,0.61143405,0.60763600,0.28704943,0.40770511,0.45559587,0.14546921,0.24834831,0.13270236,0.41241524,0.31477793,0.26814312,0.25703316,0.22505868
920,0.19792730,0.42011348,0.43205907,0.44688681,0.46191478,0.15893872,-0.36138552,0.21228552,-0.08682343,0.09289794,0.17533754,-0.00863642,0.22818672,-0.12120918,0.15770782,0.28402555,0.29256056,0.14133756,0.13856113,0.03074885,0.09338948,0.10612520,0.23548431,0.25829328,0.28402555,0.54077341,0.61873552,0.60277524,0.29256056,0.40742254,0.44845430,0.14133756,0.24725259,0.13856113,0.42929146,0.31643728,0.25930106,0.24331504,0.20382850
921,0.19808462,0.42546826,0.43493577,0.44724669,0.46183275,0.17112860,-0.35886932,0.22351324,-0.07213292,0.10099118,0.16473756,-0.00316008,0.23044508,-0.11921222,0.15227128,0.29562639,0.27072237,0.14687940,0.14443910,0.03266106,0.10899684,0.10266314,0.22997414,0.25184882,0.29562639,0.52829052,0.61939260,0.59863630,0.27072237,0.39871638,0.44069989,0.14687940,0.24914405,0.14443910,0.42842663,0.31435323,0.25237538,0.24471749,0.19888983
922,0.20769995,0.42447817,0.43556107,0.44611904,0.46744879,0.17690164,-0.32963856,0.21960476,-0.03864853,0.09642621,0.17659504,-0.00585731,0.23283358,-0.12599266,0.15067025,0.30000444,0.25208252,0.14067192,0.15030456,0.04342266,0.13229606,0.10073329,0.22473145,0.24627509,0.30000444,0.51278127,0.59492676,0.57693467,0.25208252,0.37395112,0.42576456,0.14067192,0.25220339,0.15030456,0.39928889,0.29869955,0.25310474,0.24469776,0.19995783
923,0.20803747,0.42730829,0.43540407,0.44217753,0.45882650,0.18907226,-0.33543479,0.22907945,-0.08975781,0.09979935,0.18269003,-0.00397231,0.24158121,-0.12206096,0.15294006,0.25758878,0.30421686,0.14058453,0.15229338,0.04377722,0.12597268,0.09835305,0.21775251,0.23893404,0.25758878,0.52641209,0.61035334,0.58533199,0.30421686,0.42094277,0.45301536,0.14058453,0.25014240,0.15229338,0.40719667,0.31627993,0.26174134,0.25590262,0.20124644
924,0.19561435,0.42582917,0.43320992,0.44131410,0.45867863,0.18196312,-0.33835682,0.23411705,-0.07137127,0.09673713,0.20006524,-0.01273338,0.24589384,-0.12549605,0.16084895,0.27788035,0.30714884,0.13940301,0.14722185,0.04019133,0.12294542,0.09750341,0.21507882,0.23614787,0.27788035,0.54531591,0.61863114,0.59480475,0.30714884,0.41823252,0.45595247,0.13940301,0.25313693,0.14722185,0.41176417,0.31918693,0.27534695,0.26196479,0.20955994
925,0.19858950,0.42524498,0.43489491,0.44554278,0.46269938,0.19099868,-0.32576794,0.23512101,0.04172953,0.09908458,0.19021353,-0.01368086,0.25638586,-0.13177282,0.17550891,0.37457806,0.20644069,0.15439164,0.14865351,0.05784035,0.12228109,0.09726824,0.21096256,0.23230651,0.37457806,0.52424318,0.62104864,0.60629832,0.20644069,0.35248733,0.42500059,0.15439164,0.26164068,0.14865351,0.40365186,0.31154537,0.26442022,0.26680363,0.22185105
926,0.18478256,0.42155737,0.42756550,0.43325849,0.44741981,0.20604855,-0.29093264,0.24656873,-0.00589869,0.10001883,0.21138765,-0.01981834,0.27311266,-0.13249029,0.18816237,0.29219356,0.26538788,0.15555755,0.14549974,0.03905099,0.12056698,0.09493100,0.20936701,0.22988353,0.29219356,0.51345402,0.61154374,0.59594428,0.26538788,0.40380058,0.45312073,0.15555755,0.25960430,0.14549974,0.38817932,0.31974443,0.28435219,0.28646288,0.23521421
927,0.19278076,0.42286473,0.43190291,0.44027709,0.45597182,0.23805510,-0.27367609,0.24412274,0.05972767,0.10309965,0.19501106,-0.01954784,0.26482273,-0.13654191,0.17575794,0.33761333,0.19944463,0.16505091,0.15237231,0.04372735,0.11929146,0.09774158,0.20692930,0.22885181,0.33761333,0.48790162,0.60134742,0.59581592,0.19944463,0.35682589,0.43096604,0.16505091,0.27122472,0.15237231,0.39149628,0.32125975,0.27265065,0.27583871,0.22525134
928,0.20085830,0.41977041,0.43268983,0.43705488,0.45508046,0.22106721,-0.25921312,0.23595939,0.04847889,0.10440405,0.20287836,-0.01359709,0.28203369,-0.12903325,0.17166945,0.31008872,0.20630710,0.16050142,0.16596464,0.04215078,0.14144031,0.09656870,0.21000054,0.23114009,0.31008872,0.47659572,0.59490589,0.56841954,0.20630710,0.35976690,0.41614712,0.16050142,0.26422738,0.16596464,0.37553339,0.30896721,0.27630768,0.29380539,0.21776072
929,0.20986141,0.41919368,0.42682396,0.41799090,0.44237047,0.19140638,-0.24666340,0.21507786,0.03082098,0.09945800,0.20036637,-0.00043805,0.28333925,-0.11373370,0.19004478,0.28219811,0.20969864,0.14303330,0.15213788,0.03389008,0.13639880,0.09258923,0.21491337,0.23400966,0.28219811,0.45639473,0.56658040,0.54161408,0.20969864,0.34761877,0.39238277,0.14303330,0.23572015,0.15213788,0.34449823,0.28941341,0.26825318,0.29672070,0.22662460
930,0.27009755,0.43133533,0.42967725,0.42060901,0.45579088,0.16279390,-0.22209130,0.19169965,0.01288538,0.07230168,0.16137581,-0.01773995,0.23803380,-0.12727020,0.14796669,0.25055067,0.19341743,0.13230814,0.14807665,0.03501625,0.13899163,0.09262524,0.20926553,0.22884820,0.25055067,0.39700686,0.49438784,0.47319238,0.19341743,0.32113637,0.37185063,0.13230814,0.22451742,0.14807665,0.29695121,0.27244323,0.23841830,0.25901771,0.20359010
931,0.15162709,0.42494246,0.45313357,0.47126519,0.49240529,0.13682463,-0.33765000,-0.00132289,-0.22087174,-0.07992771,-0.08501306,-0.14491354,0.01066447,-0.19801215,-0.01500156,0.19324191,0.15832122,0.12422117,0.06323102,0.02174701,0.27260562,0.07048498,0.19235518,0.20486251,0.19324191,0.33621424,0.44799902,0.46545998,0.15832122,0.28033558,0.29826410,0.12422117,0.15325044,0.06323102,0.37466015,0.27006034,0.17819123,0.17058157,0.20943533
932,0.13410703,0.10300996,0.08324701,0.09318012,0.11107943,-0.79472928,0.04423009,-1.00553379,0.56737812,-0.83300275,1.05968933,-0.47289622,1.11030846,-0.17454925,1.07832323,0.58185989,0.53663888,0.39971141,0.30635448,-0.70683353,0.83211653,0.08184888,0.06581261,0.10502637,0.58185989,1.01632397,1.12349923,1.22406583,0.53663888,0.81462910,1.03760733,0.39971141,0.69696854,0.30635448,0.86134103,1.24737027,1.39166669,1.22022132,1.09877279
933,0.13837844,0.07219833,0.09100842,0.15851535,0.15336542,-0.46109185,0.73693859,-0.63841919,0.58921032,-0.26402166,1.00484174,-0.11379919,0.96079022,-0.07303474,0.94501568,0.26428216,0.57031250,0.25275959,0.06082689,-0.33029524,0.26574778,0.05794127,0.11960569,0.13290114,0.26428216,0.33304929,0.45099049,0.49359504,0.57031250,0.71350396,0.75499702,0.25275959,0.31307054,0.06082689,0.92129508,0.97107867,1.08794554,0.97546750,0.95138039
934,0.06953710,0.08587848,0.11280495,0.15256575,0.18022182,-0.46030375,0.14480063,-0.41422789,0.18151353,-0.15078461,0.48771736,-0.00266330,0.51833438,0.13080802,0.50284686,0.07571551,0.41869699,0.16868393,0.13528237,-0.08541461,0.18672773,0.09929381,0.19528356,0.21907744,0.07571551,0.46617342,0.60648045,0.70171100,0.41869699,0.56303988,0.65493262,0.16868393,0.28809795,0.13528237,0.50890656,0.49830902,0.52001201,0.51891322,0.52112501
935,0.15776353,0.10710384,0.11280548,0.13053583,0.12991936,-0.35018219,0.07477077,-0.31164879,0.13926845,-0.10501222,0.44293434,0.01715504,0.52795616,0.11826958,0.50352715,0.07781719,0.37837798,0.16642323,0.10440677,-0.06576517,0.13762232,0.09705385,0.20918104,0.23059956,0.07781719,0.44792659,0.60112906,0.65344770,0.37837798,0.53527859,0.58981503,0.16642323,0.24592644,0.10440677,0.40669043,0.40240018,0.47133185,0.53038931,0.51868531
936,0.15658812,0.14031983,0.09649215,0.10876365,0.10618482,-0.25693947,-0.02066753,-0.22776575,0.21844555,-0.08648476,0.36297046,0.02301036,0.42891623,0.12335845,0.39042404,0.24088885,0.21831580,0.14304585,0.10802555,-0.03294750,0.14328608,0.09544274,0.23434487,0.25303524,0.24088885,0.42805851,0.54988139,0.58208920,0.21831580,0.35878527,0.42156092,0.14304585,0.22455751,0.10802555,0.31678660,0.36481640,0.38642130,0.43106003,0.41023468
937,0.14619654,0.24251136,0.15102543,0.14347129,0.13533868,-0.22965715,-0.14706367,-0.19042159,0.24264418,-0.06223739,0.36044750,0.02854312,0.40508627,0.11296463,0.35256392,0.39169438,0.19967635,0.11833199,0.10110267,-0.00161650,0.11092034,0.09276208,0.22886728,0.24695149,0.39169438,0.54265141,0.62908276,0.63029131,0.19967635,0.31570486,0.36828674,0.11833199,0.19264977,0.10110267,0.33441636,0.36606197,0.37903521,0.40786160,0.37073947
938,0.15762367,0.31599239,0.27208535,0.25144804,0.32046167,-0.20347688,-0.24779460,-0.15875874,0.23865554,-0.05104385,0.34925626,0.03760207,0.37741118,0.13470026,0.28780901,0.48871110,0.18644164,0.11196712,0.13446885,-0.01349114,0.05948276,0.09124699,0.21953336,0.23774126,0.48871110,0.62276988,0.68721898,0.65784306,0.18644164,0.29266608,0.35404391,0.11196712,0.21425505,0.13446885,0.37729535,0.35722334,0.36931334,0.38209809,0.31848491
939,0.16725520,0.37416174,0.36287323,0.35339213,0.40330740,-0.20022821,-0.31898078,-0.19120956,-0.02225545,-0.03919699,0.31430005,0.05815225,0.34875612,0.15569618,0.26006051,0.29711544,0.38148085,0.12559894,0.13395252,-0.01736938,0.11176604,0.09180020,0.20084870,0.22083360,0.29711544,0.65873405,0.73254561,0.70275409,0.38148085,0.47725187,0.48627946,0.12559894,0.22357568,0.13395252,0.43482454,0.29961362,0.34388842,0.35904263,0.30557159
940,0.16125794,0.39305736,0.40493839,0.42042759,0.45176316,-0.21438926,-0.39075724,-0.23463774,-0.09463759,-0.07211127,0.25336513,0.04097542,0.30917608,0.14814663,0.21179779,0.29681173,0.39237278,0.14589689,0.14684830,-0.02140414,0.15748197,0.09427840,0.19267427,0.21450360,0.29681173,0.66458128,0.76084843,0.72553652,0.39237278,0.51246195,0.52164396,0.14589689,0.24454626,0.14684830,0.49903043,0.33781857,0.30003951,0.31969686,0.26250287
941,0.16079164,0.40174098,0.41520221,0.42774286,0.45262501,-0.21331313,-0.41274509,-0.22273419,-0.07416947,-0.06983847,0.24603989,0.04420964,0.31149497,0.15552775,0.20942968,0.33887046,0.36347612,0.15125434,0.15340863,-0.02386001,0.16001901,0.09546398,0.19202317,0.21444409,0.33887046,0.67767091,0.78184572,0.74297473,0.36347612,0.49351847,0.50603131,0.15125434,0.24993486,0.15340863,0.51222483,0.32600601,0.29521457,0.32290628,0.26484787
942,0.16102367,0.40765911,0.41530238,0.42247939,0.44873114,-0.19887800,-0.39525707,-0.22444904,-0.12386125,-0.06807349,0.23663632,0.04014830,0.29921464,0.15107196,0.20169759,0.27272816,0.39815728,0.14159095,0.14996845,-0.01588211,0.16922037,0.09458270,0.19726542,0.21876822,0.27272816,0.64769250,0.74455491,0.70766789,0.39815728,0.51582401,0.52110389,0.14159095,0.24041997,0.14996845,0.48484960,0.32928912,0.28449558,0.31132019,0.25691414
943,0.15847922,0.41076255,0.42235731,0.43482627,0.45527764,-0.19103979,-0.42004625,-0.19700330,-0.00460227,-0.06830626,0.22246364,0.03077722,0.28491163,0.14056581,0.19805368,0.41558076,0.27263853,0.13376284,0.14200003,-0.01089362,0.17203654,0.09384934,0.19867838,0.21972892,0.41558076,0.65785836,0.75118605,0.71909152,0.27263853,0.39531156,0.42776466,0.13376284,0.22812224,0.14200003,0.50367726,0.28850238,0.26750220,0.29436554,0.24673201
944,0.15593573,0.41029590,0.42556596,0.43763878,0.46250052,-0.18578415,-0.42856356,-0.19226304,0.01531602,-0.06859742,0.21519839,0.03087722,0.28581600,0.13818986,0.20121291,0.44460425,0.24854960,0.14094642,0.13945311,-0.01651869,0.19176216,0.09424611,0.19783301,0.21913519,0.44460425,0.65675686,0.75721716,0.72491781,0.24854960,0.38195108,0.41937687,0.14094642,0.22943560,0.13945311,0.50244385,0.28487166,0.26002757,0.29331876,0.24598550
945,0.15039501,0.40394834,0.42595694,0.44216081,0.46940697,-0.18556917,-0.45070583,-0.18530104,0.02213801,-0.06835075,0.20674393,0.02819351,0.27934881,0.13244864,0.19577203,0.47368870,0.23447477,0.14150700,0.13571705,-0.01142791,0.20224138,0.09368377,0.19895366,0.21990727,0.47368870,0.67022054,0.77180289,0.73677550,0.23447477,0.37002357,0.40546480,0.14150700,0.22347506,0.13571705,0.52325018,0.28741687,0.25547317,0.28708819,0.23911392
946,0.14529830,0.40047718,0.42434850,0.44414673,0.47290316,-0.19341349,-0.46262743,-0.17041921,0.04891437,-0.06303582,0.21987912,0.03958732,0.28341119,0.14541752,0.19425603,0.51248494,0.21813926,0.14178183,0.14094324,-0.01041927,0.21589060,0.09187792,0.19594588,0.21641705,0.51248494,0.69758229,0.79333825,0.75685292,0.21813926,0.35176934,0.39325271,0.14178183,0.23311378,0.14094324,0.54027369,0.28415797,0.26789213,0.29346433,0.24565811
947,0.14387952,0.39565244,0.42503951,0.44263638,0.47002906,-0.20453508,-0.47436198,-0.17053812,0.07731878,-0.06462464,0.21998956,0.03255536,0.28217235,0.13691492,0.19940763,0.55386600,0.19842288,0.13834619,0.13616104,-0.01245239,0.21938026,0.09149893,0.19312935,0.21370775,0.55386600,0.71027341,0.80326765,0.77158077,0.19842288,0.33215189,0.38295319,0.13834619,0.22800371,0.13616104,0.55222825,0.29712277,0.26989785,0.29161926,0.24481772
948,0.14673996,0.39798069,0.42618031,0.44428431,0.47132424,-0.20757125,-0.48627168,-0.17490575,0.01811089,-0.06734077,0.21301023,0.03583872,0.27862442,0.14823207,0.19254374,0.50675804,0.23676553,0.14445526,0.14448076,-0.00653957,0.22010340,0.08984747,0.18775037,0.20814122,0.50675804,0.71456591,0.81176288,0.78092693,0.23676553,0.37027391,0.41181490,0.14445526,0.24099337,0.14448076,0.56168451,0.28644738,0.26659954,0.28916825,0.24621835
949,0.14483251,0.40129934,0.43032158,0.44975788,0.47068122,-0.21767571,-0.49209287,-0.17939170,0.00203758,-0.06588129,0.21239299,0.03854738,0.27708175,0.14996004,0.18501291,0.49655862,0.25218506,0.14505395,0.14687057,-0.00215139,0.20998597,0.08912919,0.18517229,0.20550618,0.49655862,0.72236807,0.82059599,0.78551396,0.25218506,0.38466098,0.41913786,0.14505395,0.24082557,0.14687057,0.57016836,0.28326795,0.26214921,0.28646918,0.24079722
950,0.14366122,0.40562443,0.43476127,0.45340832,0.47245813,-0.22981903,-0.48487567,-0.18114359,0.01088689,-0.06869958,0.21380074,0.03802905,0.27829422,0.14504543,0.19148478,0.49905548,0.24333749,0.14633489,0.13925680,0.00814612,0.22444078,0.08998283,0.18310919,0.20402422,0.49905548,0.71832232,0.81764981,0.78587042,0.24333749,0.37689716,0.40982760,0.14633489,0.23565014,0.13925680,0.56195836,0.26789584,0.25634238,0.28479278,0.24172389
951,0.13849839,0.39520895,0.42997761,0.44220464,0.46647465,-0.22763051,-0.48530728,-0.17755486,0.07098834,-0.06879148,0.22031291,0.02933675,0.28603500,0.12822666,0.20234648,0.55981398,0.20157798,0.13845070,0.13199072,0.00613495,0.23189771,0.08759104,0.18428695,0.20404379,0.55981398,0.72455346,0.82114614,0.78692097,0.20157798,0.33530779,0.37749981,0.13845070,0.22056530,0.13199072,0.56382156,0.28585176,0.26579128,0.29364018,0.24199644
952,0.14645817,0.40100818,0.42826351,0.44145052,0.46306816,-0.21624686,-0.46739102,-0.18155907,-0.00991599,-0.06863249,0.21214276,0.03398895,0.28208406,0.13419745,0.19719385,0.45968471,0.26139140,0.14237679,0.13300266,0.00434192,0.20231604,0.08647807,0.18427752,0.20355997,0.45968471,0.69720927,0.79921739,0.76445408,0.26139140,0.39224594,0.41403234,0.14237679,0.22266507,0.13300266,0.54685080,0.27976696,0.25986986,0.29121098,0.24234164
953,0.15129066,0.40692635,0.42661979,0.43709252,0.46702747,-0.21025023,-0.45441969,-0.18820161,-0.10115644,-0.07207738,0.21652800,0.03053272,0.29470317,0.13805652,0.20279965,0.35549169,0.34313588,0.14623451,0.14408256,-0.00529615,0.21525862,0.08616109,0.18168797,0.20108270,0.35549169,0.68547169,0.79241028,0.75358555,0.34313588,0.46966173,0.47176654,0.14623451,0.23155846,0.14408256,0.52830880,0.29376759,0.26977421,0.30562370,0.24989951
954,0.14951597,0.40001469,0.42289763,0.43706828,0.46594489,-0.19565621,-0.46670013,-0.18051793,-0.16349451,-0.05925043,0.19442286,0.04291610,0.27458021,0.14870165,0.18432001,0.30414766,0.38288282,0.15045925,0.14168875,0.00263062,0.17711559,0.08510387,0.18263374,0.20148884,0.30414766,0.67641842,0.78776897,0.75085432,0.38288282,0.51063732,0.50644949,0.15045925,0.23235437,0.14168875,0.54337121,0.32580975,0.25552509,0.28888847,0.24240238
955,0.15844203,0.39979261,0.42058171,0.43309017,0.45694103,-0.18103232,-0.44148493,-0.18476927,-0.21492919,-0.05034787,0.20371380,0.04538265,0.26797528,0.15261394,0.18359424,0.22659566,0.44362234,0.13332447,0.13850200,0.00978319,0.16599028,0.08393883,0.18398453,0.20222768,0.22659566,0.66075280,0.75493579,0.72375401,0.44362234,0.54954937,0.54316508,0.13332447,0.22321262,0.13850200,0.51972127,0.35157372,0.25742559,0.28393923,0.24578475
956,0.14395202,0.39989534,0.41929406,0.43865630,0.45769118,-0.18435274,-0.44993281,-0.16118363,-0.05203388,-0.05769478,0.20564657,0.03668636,0.25614517,0.14045970,0.18138485,0.39862789,0.28567468,0.12806816,0.12993244,0.01020499,0.17176464,0.08271904,0.18730776,0.20475995,0.39862789,0.67043497,0.75133721,0.72641760,0.28567468,0.39115893,0.41372558,0.12806816,0.22032265,0.12993244,0.52967809,0.27503861,0.26077299,0.27063773,0.23624214
957,0.14124071,0.40335741,0.41938593,0.43712460,0.45701008,-0.17967861,-0.47495133,-0.15136114,-0.00213806,-0.04727613,0.22113458,0.04675071,0.27489595,0.14529463,0.19368727,0.47386937,0.25840049,0.13200296,0.13105535,0.01572332,0.15114223,0.08122360,0.18631910,0.20325374,0.47386937,0.71144594,0.79559681,0.76237158,0.25840049,0.37356310,0.39978415,0.13200296,0.22102176,0.13105535,0.55223674,0.27626308,0.27307487,0.28944688,0.24686514
958,0.13957608,0.40304330,0.41763030,0.43386221,0.45161532,-0.17609103,-0.46718659,-0.15074156,-0.02131248,-0.04883990,0.22446392,0.04299184,0.27562251,0.14127297,0.20229981,0.44673836,0.27462578,0.12627787,0.12534781,0.00881837,0.16061099,0.08039258,0.18634424,0.20294616,0.44673836,0.70554012,0.78473248,0.75646584,0.27462578,0.38045974,0.40271365,0.12627787,0.21411895,0.12534781,0.54096637,0.26722130,0.27521644,0.29064627,0.25293005
959,0.14321646,0.40331683,0.42027793,0.43736998,0.46420681,-0.17806424,-0.50280594,-0.15912705,-0.11073877,-0.05074328,0.22312124,0.04921471,0.28117389,0.15666383,0.17176672,0.39263702,0.35812871,0.13829156,0.15704747,0.01674654,0.13675539,0.08017718,0.18264576,0.19946893,0.39263702,0.73958038,0.82776702,0.77232195,0.35812871,0.46754359,0.46069311,0.13829156,0.24023367,0.15704747,0.57720553,0.30078126,0.27859633,0.29727459,0.23761386
960,0.13951159,0.39485804,0.41481846,0.43689819,0.48193815,-0.17530048,-0.47920743,-0.18211884,-0.28190003,-0.05446030,0.19435532,0.04913470,0.26019919,0.14804377,0.15594795,0.19864774,0.49506115,0.15027902,0.14961346,0.03630748,0.17547946,0.08496192,0.18515097,0.20371404,0.19864774,0.68468227,0.78037830,0.72848105,0.49506115,0.60376430,0.57493096,0.15027902,0.24279693,0.14961346,0.53993315,0.38993002,0.25396650,0.27325136,0.21657128
961,0.14004081,0.39908092,0.41526908,0.43374882,0.47798100,-0.18090236,-0.48074925,-0.17560784,-0.13533473,-0.05498121,0.21260068,0.04672218,0.27776621,0.14889161,0.17771658,0.34568859,0.37246145,0.14421258,0.14955909,0.03648366,0.17774118,0.08475260,0.18583253,0.20424675,0.34568859,0.70601043,0.80126322,0.75485598,0.37246145,0.48806357,0.48491160,0.14421258,0.24043897,0.14955909,0.54976987,0.30445875,0.26754233,0.29123802,0.23380750
962,0.13903370,0.37100146,0.41107218,0.43205858,0.46719148,-0.17110286,-0.49976399,-0.18632992,-0.32175165,-0.04962180,0.20839650,0.05060553,0.27560491,0.15220829,0.18094424,0.18017194,0.55040988,0.14857002,0.14486272,0.03334329,0.15373452,0.08391307,0.18677512,0.20475924,0.18017194,0.71927764,0.81532313,0.77064599,0.55040988,0.65840791,0.63352996,0.14857002,0.24052133,0.14486272,0.56469595,0.43349392,0.27117439,0.29129953,0.23953944
963,0.13877984,0.37754394,0.41941237,0.43170745,0.45848119,-0.17640903,-0.50642541,-0.18698618,-0.30432102,-0.05445490,0.19847976,0.04917580,0.28056134,0.15202784,0.19278472,0.20265728,0.52384962,0.15198291,0.13998432,0.01368431,0.16498674,0.08297422,0.18440159,0.20220946,0.20265728,0.71733925,0.82862641,0.78977032,0.52384962,0.64580579,0.62658030,0.15198291,0.23459433,0.13998432,0.57887627,0.42403972,0.26375532,0.29870849,0.25132919
964,0.14155674,0.37334786,0.41909444,0.43421832,0.46024173,-0.16871272,-0.50668012,-0.18916041,-0.32809778,-0.06075896,0.20141296,0.04346851,0.27589951,0.14992462,0.18976309,0.17992676,0.54790696,0.15092142,0.14250541,0.02971555,0.13988739,0.08365624,0.18558236,0.20356616,0.17992676,0.71800019,0.82111480,0.78429138,0.54790696,0.66169561,0.64379608,0.15092142,0.24235839,0.14250541,0.57552742,0.43927981,0.26726135,0.29196427,0.24610484
965,0.14008111,0.38789970,0.42289519,0.43621180,0.46327835,-0.16847757,-0.51768025,-0.17648742,-0.24180534,-0.05629096,0.19978985,0.04529022,0.27879769,0.14665091,0.19837459,0.27633531,0.46234981,0.15172040,0.13498855,0.02545600,0.14497753,0.08474956,0.18570815,0.20413232,0.27633531,0.72803988,0.83520371,0.80074220,0.46234981,0.58441522,0.57638701,0.15172040,0.23517834,0.13498855,0.58485935,0.37601082,0.26320661,0.29397007,0.25041713
966,0.14788769,0.37736060,0.42198892,0.43322175,0.45484713,-0.15892300,-0.52493590,-0.16924500,-0.28904096,-0.06223848,0.20139449,0.03433529,0.28706868,0.13715802,0.21344092,0.23654546,0.50505184,0.15217563,0.13258515,0.02033910,0.14235085,0.08440994,0.18621696,0.20445487,0.23654546,0.73391188,0.84356521,0.81183278,0.50505184,0.62602688,0.61430262,0.15217563,0.23322891,0.13258515,0.58855653,0.40499952,0.27205964,0.30322772,0.25890842
967,0.14615294,0.38892162,0.42440954,0.43318073,0.46239542,-0.17482468,-0.54285547,-0.17212191,-0.18358432,-0.06624644,0.18646367,0.03246054,0.28644818,0.13663296,0.19234386,0.35929361,0.39068209,0.16075494,0.14923694,0.02641365,0.13626449,0.08364521,0.18804751,0.20581154,0.35929361,0.74013083,0.86655251,0.82139152,0.39068209,0.53276616,0.52437237,0.16075494,0.24035847,0.14923694,0.61702306,0.34669815,0.26184965,0.30302539,0.23977257
968,0.14818931,0.39175216,0.41838338,0.42071508,0.46751482,-0.15214921,-0.54649866,-0.14836646,-0.10000009,-0.04191098,0.20747594,0.04656940,0.31097202,0.15598522,0.19629939,0.44764675,0.33376798,0.15940065,0.16724852,0.01351844,0.11439288,0.08484768,0.19024969,0.20831244,0.44764675,0.76317663,0.88908402,0.82380925,0.33376798,0.48126451,0.47410840,0.15940065,0.24053267,0.16724852,0.60758842,0.30696232,0.27469440,0.32768065,0.25371581
969,0.14993866,0.39129387,0.41125097,0.42362491,0.46611998,-0.12384907,-0.55398470,-0.14944189,-0.05905190,-0.03221743,0.20290471,0.04996370,0.29377750,0.16100659,0.21504484,0.49852178,0.29501631,0.15576683,0.14663896,0.01877095,0.13270902,0.08851842,0.19322214,0.21253307,0.49852178,0.76255186,0.87243404,0.83654837,0.29501631,0.43740523,0.46850582,0.15576683,0.24535371,0.14663896,0.60386757,0.30556719,0.28089493,0.31288506,0.27172641
970,0.15339094,0.39743131,0.41490720,0.43704175,0.47959844,-0.11303941,-0.55125305,-0.14435058,0.00520536,-0.04195240,0.19038244,0.03988568,0.25999019,0.14418922,0.21618702,0.56032419,0.22304981,0.14817719,0.11997960,0.04698456,0.12345378,0.09106739,0.20102256,0.22068833,0.56032419,0.74514404,0.83347758,0.82406825,0.22304981,0.35866890,0.41586672,0.14817719,0.23554635,0.11997960,0.58900475,0.27307461,0.25296997,0.26960304,0.26056836
971,0.12734493,0.39213983,0.41482742,0.43903675,0.49078589,-0.08634766,-0.55007574,-0.11707857,0.04457165,-0.02048871,0.17288384,0.05363540,0.25229915,0.15190987,0.17444070,0.59636241,0.17335853,0.14916558,0.13457558,0.06544321,0.11163788,0.09484871,0.21066405,0.23103164,0.59636241,0.72666362,0.82549977,0.78439060,0.17335853,0.31677395,0.36883871,0.14916558,0.22925968,0.13457558,0.58988145,0.26003810,0.23822185,0.26491140,0.23159920
972,0.13556610,0.39210998,0.41510352,0.42792570,0.47004411,-0.06279171,-0.55069288,-0.11142746,-0.00122535,-0.01992221,0.18877920,0.05538604,0.27956031,0.15870284,0.19016931,0.55164488,0.22430475,0.15475373,0.14783129,0.08232644,0.02285059,0.09638505,0.21721813,0.23764215,0.55164488,0.74408411,0.85586266,0.80600527,0.22430475,0.37128122,0.40486740,0.15475373,0.23758917,0.14783129,0.60736390,0.27739504,0.25997048,0.29532862,0.24857751
973,0.12613180,0.38218003,0.40918853,0.42953829,0.46865745,-0.06675073,-0.58199456,-0.10607227,-0.01234302,-0.02554148,0.18275732,0.04937886,0.26526450,0.14777917,0.20083323,0.57117152,0.22601934,0.15424140,0.13195300,0.08132888,0.01986129,0.09768119,0.21846851,0.23931173,0.57117152,0.76879837,0.87265609,0.84463103,0.22601934,0.36929199,0.41356290,0.15424140,0.24097711,0.13195300,0.64080536,0.29354566,0.26672803,0.28318337,0.25071177
974,0.12445256,0.38942723,0.40729992,0.42828361,0.46533891,-0.06798630,-0.55988760,-0.10724926,-0.00163005,-0.02832518,0.19756063,0.04391821,0.27185079,0.14335445,0.19664546,0.55964450,0.22753550,0.14006678,0.13365495,0.07702039,0.01738969,0.09924973,0.22469833,0.24564171,0.55964450,0.76264861,0.85704240,0.81626115,0.22753550,0.35612658,0.38739608,0.14006678,0.22305623,0.13365495,0.61697067,0.26940508,0.26251853,0.28575104,0.24497227
975,0.12269093,0.39172656,0.41473587,0.43672714,0.48390190,-0.09278790,-0.55231370,-0.12280829,0.02740307,-0.03739075,0.18275161,0.04044696,0.25796870,0.14020994,0.18914982,0.58055230,0.19368363,0.14148511,0.12908925,0.08465526,0.08481770,0.10027868,0.22729687,0.24843447,0.58055230,0.74044147,0.83676945,0.80386802,0.19368363,0.32926023,0.37543035,0.14148511,0.22351528,0.12908925,0.60186524,0.26100563,0.23978823,0.26782651,0.23593412
976,0.12774742,0.39455182,0.41208322,0.43339942,0.48785969,-0.09995109,-0.52665072,-0.13288748,0.00725177,-0.04318221,0.20156626,0.04045421,0.26857366,0.14372506,0.18145313,0.53492131,0.22646092,0.13758546,0.14225962,0.08415363,0.10247904,0.10246777,0.22904513,0.25092094,0.53492131,0.73396538,0.82288858,0.77583378,0.22646092,0.35218515,0.38576985,0.13758546,0.22902165,0.14225962,0.57790878,0.25538453,0.25142303,0.27765658,0.23185029
977,0.14089029,0.38987503,0.41274966,0.42793318,0.47976188,-0.11156802,-0.50917662,-0.12799427,0.00342158,-0.04712396,0.19368968,0.03717914,0.27555818,0.13753355,0.20558092,0.51292454,0.22068787,0.14075969,0.12968562,0.06678427,0.12111180,0.10295221,0.23034119,0.25230184,0.51292454,0.70919435,0.81205777,0.78032056,0.22068787,0.35393576,0.38789564,0.14075969,0.22081799,0.12968562,0.56276320,0.25469491,0.24530506,0.28566057,0.24836153
978,0.15050681,0.38893824,0.41324285,0.42969956,0.46945946,-0.11420467,-0.51033791,-0.13068538,-0.12566974,-0.05502917,0.18463089,0.03312623,0.26881895,0.13664768,0.20591173,0.38521396,0.32721855,0.14514272,0.12728654,0.03704277,0.12384840,0.10043245,0.22298344,0.24455734,0.38521396,0.69997083,0.80483844,0.77923651,0.32721855,0.45269775,0.46598477,0.14514272,0.22602516,0.12728654,0.56541555,0.29063344,0.24789854,0.28164386,0.25005195
979,0.15036301,0.37053133,0.41462983,0.42940075,0.46711092,-0.13612522,-0.50755753,-0.15469962,-0.24538775,-0.07879385,0.16680829,0.02069208,0.26678364,0.13044351,0.20700664,0.26365954,0.42337728,0.16111807,0.13037760,0.01609326,0.15278488,0.10190224,0.21708027,0.23980806,0.26365954,0.67791574,0.79864668,0.77804713,0.42337728,0.55861551,0.56262600,0.16111807,0.24213306,0.13037760,0.56364087,0.36696982,0.24745379,0.28138401,0.24971287
980,0.15233904,0.39382545,0.42261897,0.44002933,0.46581785,-0.16632126,-0.49633139,-0.17987922,0.01934162,-0.09689882,0.20252204,0.00372760,0.28401889,0.11160615,0.21353228,0.51649353,0.21601658,0.14951259,0.13330437,0.01372883,0.17481888,0.10592702,0.21667529,0.24118192,0.51649353,0.70430002,0.80883565,0.77935300,0.21601658,0.35688415,0.39739228,0.14951259,0.23546971,0.13330437,0.55916696,0.28667077,0.26644719,0.29224437,0.24341583
981,0.15136233,0.37277145,0.41802445,0.43348517,0.45524920,-0.18078179,-0.48783508,-0.19868018,-0.25459006,-0.10937177,0.16564760,-0.00299584,0.27341092,0.10555949,0.19957380,0.23393075,0.43442735,0.16793687,0.13588335,0.02779020,0.16297720,0.10533755,0.21463593,0.23909115,0.23393075,0.66051859,0.79364675,0.76428078,0.43442735,0.57953535,0.57310073,0.16793687,0.24277265,0.13588335,0.56590903,0.39229745,0.25388733,0.28653513,0.23137799
982,0.15226674,0.39114553,0.42237823,0.44078131,0.45774778,-0.20038479,-0.48706308,-0.19671753,-0.03547740,-0.11511157,0.19067494,-0.00582553,0.28545782,0.10938275,0.20480740,0.45169906,0.25058334,0.16299102,0.14360874,0.02495565,0.18308410,0.10759183,0.21127500,0.23709308,0.45169906,0.68581681,0.80821716,0.77587879,0.25058334,0.40083921,0.42660266,0.16299102,0.24789243,0.14360874,0.56823399,0.29929045,0.26972352,0.29572748,0.23708618
983,0.15024924,0.40075005,0.42659554,0.44481597,0.45616621,-0.21424141,-0.48480261,-0.20940939,0.02364980,-0.11837978,0.18436780,-0.01256154,0.27742439,0.10112156,0.20651976,0.50850270,0.20024472,0.16065852,0.13595859,0.01930456,0.16257867,0.10635149,0.21166254,0.23687902,0.50850270,0.67983249,0.80245530,0.77915135,0.20024472,0.35640064,0.40176093,0.16065852,0.24232913,0.13595859,0.57103103,0.30302286,0.26022705,0.28481803,0.23342554
984,0.14542206,0.40426276,0.42718040,0.44714769,0.45388570,-0.21328827,-0.50059949,-0.20746347,0.02211126,-0.11526430,0.18474706,-0.01396572,0.27337773,0.09625819,0.20303545,0.52274323,0.20344197,0.15625949,0.13231306,0.02199738,0.16843594,0.10631188,0.21194426,0.23711302,0.52274323,0.69693702,0.81498184,0.78943547,0.20344197,0.35503666,0.39664032,0.15625949,0.23451633,0.13231306,0.58609008,0.30167466,0.25761870,0.27987067,0.22789681
985,0.13547844,0.40804942,0.42784531,0.45356597,0.46365586,-0.21177715,-0.51787386,-0.20130028,0.05067471,-0.10549774,0.19380137,-0.00670845,0.26792552,0.09995750,0.19729751,0.56864530,0.18463531,0.15854968,0.12940123,0.02186474,0.16611423,0.10271032,0.21155729,0.23517205,0.56864530,0.72259166,0.82880153,0.80177656,0.18463531,0.33556621,0.38292731,0.15854968,0.23739575,0.12940123,0.59491875,0.29012735,0.25928304,0.27051576,0.22184748
986,0.13245345,0.41338785,0.43241811,0.45652022,0.47397332,-0.20584339,-0.52456985,-0.18940693,0.04206138,-0.09327296,0.18738681,0.00189677,0.26480837,0.11310349,0.17277621,0.56698911,0.18112093,0.16124849,0.14650752,0.02836933,0.17783096,0.10219371,0.21202642,0.23536940,0.56698911,0.72179116,0.82858949,0.78490075,0.18112093,0.33158998,0.37507970,0.16124849,0.24418215,0.14650752,0.58841512,0.26535034,0.24724033,0.26618220,0.20651294
987,0.13212312,0.40586453,0.43241583,0.45423289,0.46604374,-0.20339173,-0.55387688,-0.19057084,0.04039291,-0.09626728,0.19103004,-0.00252562,0.27184272,0.10623783,0.18320644,0.59536822,0.18754504,0.15571393,0.14182475,0.03117750,0.20702719,0.10248004,0.20928974,0.23303294,0.59536822,0.75302286,0.85831436,0.81186587,0.18754504,0.33580924,0.37302606,0.15571393,0.23310512,0.14182475,0.61205652,0.27668295,0.25379746,0.27509278,0.21285800
988,0.13434313,0.40796299,0.43423984,0.45628433,0.46220814,-0.21287416,-0.54299944,-0.19477829,0.03737240,-0.10348375,0.17903328,-0.00897086,0.26434261,0.09497163,0.18803561,0.58071026,0.18356938,0.15898625,0.12990602,0.02482667,0.18308438,0.10084631,0.20911187,0.23215890,0.58071026,0.73313071,0.84790554,0.81242845,0.18356938,0.33802203,0.37472833,0.15898625,0.22756151,0.12990602,0.61692339,0.28824521,0.24772139,0.26768129,0.21218514
989,0.13605479,0.40924195,0.43116165,0.45699171,0.46476429,-0.21276110,-0.54615896,-0.19681005,0.03325238,-0.10626733,0.18075996,-0.01195685,0.26591269,0.09603203,0.17854096,0.57977875,0.18413047,0.16545574,0.14037006,0.01940232,0.18325754,0.10003814,0.20774302,0.23057492,0.57977875,0.73635969,0.85089803,0.80714876,0.18413047,0.34175376,0.37761061,0.16545574,0.23843506,0.14037006,0.61776310,0.28843715,0.25515806,0.26908437,0.20363724
990,0.13675863,0.40770219,0.43310657,0.45517091,0.46402370,-0.20785854,-0.53965175,-0.19118915,0.03686726,-0.09939433,0.18537937,-0.00579218,0.26927835,0.09893399,0.18494899,0.57694225,0.18854756,0.15952666,0.13545082,0.02551370,0.17430155,0.09952997,0.20773715,0.23034960,0.57694225,0.73528777,0.84805482,0.80529828,0.18854756,0.34218243,0.37498724,0.15952666,0.22905480,0.13545082,0.61056133,0.28663446,0.25221022,0.27243328,0.21118121
991,0.13413396,0.40885687,0.43505485,0.45892762,0.46682207,-0.21509497,-0.52882079,-0.19354512,0.03148100,-0.10419368,0.17448817,-0.00896383,0.26150633,0.10072476,0.17447107,0.56072302,0.18251291,0.16214791,0.14114152,0.01522184,0.16961257,0.09956851,0.20736478,0.23003052,0.56072302,0.71514769,0.83332023,0.79237025,0.18251291,0.33945452,0.37624588,0.16214791,0.23545618,0.14114152,0.60568301,0.28376821,0.24414226,0.26426979,0.20238331
992,0.13003522,0.41054865,0.43511420,0.45774494,0.46398037,-0.20914294,-0.54311965,-0.19029323,0.03633853,-0.09962056,0.18123782,-0.00546274,0.25915157,0.09816745,0.17313472,0.57978653,0.18454323,0.15178603,0.13519946,0.02490927,0.17858240,0.09771452,0.20694040,0.22885030,0.57978653,0.73542711,0.84202673,0.79696450,0.18454323,0.33056445,0.36237439,0.15178603,0.22263275,0.13519946,0.61226776,0.27499617,0.24196797,0.26164125,0.20043811
993,0.13747924,0.41330951,0.43572594,0.45892260,0.46368107,-0.21167851,-0.55070063,-0.18963067,0.03234705,-0.09897186,0.17889412,-0.00569365,0.26300355,0.09757003,0.17740203,0.58346935,0.18425618,0.15865582,0.13472281,0.01318569,0.15426026,0.09692156,0.20358942,0.22548268,0.58346935,0.74091745,0.85444053,0.80961947,0.18425618,0.33665060,0.36616312,0.15865582,0.22501773,0.13472281,0.62187420,0.27677747,0.24431819,0.26563066,0.20390569
994,0.13452736,0.41152341,0.43886153,0.45665332,0.46378192,-0.21194986,-0.57254343,-0.19129183,0.00050954,-0.09863132,0.17259468,-0.00379524,0.27247259,0.10482900,0.17191205,0.57351790,0.20714934,0.16079486,0.14892406,0.02626498,0.18266093,0.09777149,0.19956188,0.22222558,0.57351790,0.75595917,0.88167375,0.82426537,0.20714934,0.36346593,0.38114852,0.16079486,0.22640499,0.14892406,0.64076012,0.28027800,0.24097628,0.27764906,0.20470525
995,0.14237709,0.40632359,0.43447735,0.45228820,0.45939032,-0.20910353,-0.53073665,-0.20214729,0.01581881,-0.10904616,0.17538665,-0.01071935,0.27579173,0.09558201,0.18676754,0.54666435,0.20102368,0.16033609,0.14004246,0.02341982,0.17837448,0.09979485,0.20176279,0.22509384,0.54666435,0.71668734,0.84365811,0.79735080,0.20102368,0.35875420,0.38584816,0.16033609,0.22667731,0.14004246,0.60653498,0.29517496,0.24687318,0.28204238,0.21329100
996,0.14706772,0.39934118,0.43030745,0.44455261,0.45506298,-0.21234404,-0.51236009,-0.19918097,0.02346474,-0.10845817,0.18215449,-0.01145368,0.27875860,0.09311906,0.20542403,0.53599076,0.20017895,0.15463784,0.12933233,0.02474718,0.15976827,0.09866231,0.20305687,0.22575727,0.53599076,0.70672259,0.83014337,0.79875092,0.20017895,0.35210923,0.38570571,0.15463784,0.22289709,0.12933233,0.59543644,0.29681105,0.25252151,0.28653206,0.22998156
997,0.14818965,0.39952687,0.43329710,0.44352264,0.45386793,-0.21903860,-0.52214442,-0.20026811,0.03343565,-0.11058421,0.18724570,-0.01199516,0.28379036,0.09188319,0.19959351,0.55596278,0.19578593,0.15473629,0.13526340,0.01828763,0.16220376,0.09746017,0.19939241,0.22193652,0.55596278,0.72132445,0.84428637,0.80265055,0.19578593,0.34793963,0.37748609,0.15473629,0.22208557,0.13526340,0.60374924,0.29796111,0.25682685,0.29175176,0.22453490
998,0.14121953,0.40123882,0.43264240,0.44527372,0.45653034,-0.23026853,-0.52803849,-0.20888319,0.06069519,-0.10890820,0.20332655,-0.00787910,0.29159430,0.09876719,0.21203201,0.58984052,0.19158213,0.15685367,0.13409600,0.00181561,0.17495361,0.09791264,0.19683574,0.21984356,0.58984052,0.74309562,0.85945608,0.82344271,0.19158213,0.34591161,0.38618584,0.15685367,0.22977997,0.13409600,0.60621215,0.30789372,0.26885096,0.29718938,0.23733214
999,0.14283943,0.40267140,0.43223612,0.44258726,0.45022120,-0.23185088,-0.51894123,-0.21521030,0.07441815,-0.11302896,0.20785534,-0.01359625,0.29029236,0.09496122,0.22916538,0.59440353,0.18572359,0.15002008,0.12526152,0.00021476,0.17656453,0.09771094,0.19789906,0.22070674,0.59440353,0.73800802,0.84731755,0.82784416,0.18572359,0.33374024,0.38535250,0.15002008,0.22735851,0.12526152,0.59516353,0.30812315,0.26925997,0.29526602,0.25114219
1000,0.14538113,0.39999236,0.43199935,0.44208585,0.44747660,-0.22857396,-0.50137905,-0.21081040,0.08879763,-0.11101208,0.19578324,-0.01393580,0.27969376,0.09148443,0.23161609,0.59109698,0.16826769,0.14721179,0.11612822,0.00859270,0.18453680,0.09669435,0.19875976,0.22103221,0.59109698,0.70916746,0.81999964,0.81118728,0.16826769,0.31513593,0.37198505,0.14721179,0.22064049,0.11612822,0.57910319,0.30777849,0.25638743,0.28458313,0.25268708
1001,0.14538799,0.40122409,0.43637230,0.44476913,0.45091393,-0.22905446,-0.50851464,-0.21077806,0.05525281,-0.11155781,0.18397100,-0.01259797,0.27596218,0.09547526,0.21132603,0.56510649,0.17947158,0.15042848,0.12626285,0.00727530,0.20746707,0.09493705,0.19706668,0.21874259,0.56510649,0.70362699,0.82092093,0.79825756,0.17947158,0.32898094,0.37562348,0.15042848,0.22200411,0.12626285,0.58266589,0.29779151,0.24975686,0.28284138,0.23754407
1002,0.14427432,0.40187457,0.43421003,0.44093479,0.44696172,-0.23033624,-0.50255619,-0.21909940,0.01954681,-0.11474781,0.18576001,-0.01187785,0.28971605,0.09723809,0.21255740,0.52352889,0.20845622,0.16124384,0.13442912,0.00726104,0.21446164,0.09468278,0.19498961,0.21676203,0.52352889,0.69874937,0.82804996,0.79504412,0.20845622,0.36745528,0.40080348,0.16124384,0.22902564,0.13442912,0.58011407,0.30603388,0.26072853,0.29940135,0.24133502
1003,0.14352987,0.40133698,0.43536632,0.44600987,0.45351924,-0.23942725,-0.50167513,-0.20661727,0.06870254,-0.10576421,0.18129320,-0.00216047,0.27305806,0.10459726,0.19757627,0.57242450,0.16790755,0.15615202,0.13136963,0.00095439,0.20781612,0.09288340,0.19361259,0.21473975,0.57242450,0.69693865,0.81766877,0.78889290,0.16790755,0.32359061,0.37214185,0.15615202,0.22750211,0.13136963,0.58408413,0.30588733,0.25326070,0.28175250,0.23061939
1004,0.14798290,0.40393195,0.43239684,0.43888235,0.45037072,-0.25451814,-0.47681520,-0.20419289,0.08049244,-0.10701953,0.20051443,-0.00242310,0.28771970,0.10152442,0.20162725,0.56001519,0.17117716,0.15234791,0.13563844,0.00694629,0.18847701,0.09084631,0.19426933,0.21446125,0.56001519,0.69512553,0.81391302,0.77771838,0.17117716,0.32227343,0.36379397,0.15234791,0.22399548,0.13563844,0.57047775,0.30013429,0.26226745,0.29445327,0.23102670
1005,0.14740843,0.40284121,0.43257071,0.44092535,0.44871472,-0.25837006,-0.49318391,-0.20194329,0.08943380,-0.10313192,0.19623378,0.00136029,0.28118807,0.10677880,0.18643366,0.58614861,0.16104598,0.15268926,0.14237668,0.00777978,0.19405070,0.08915672,0.19079014,0.21059392,0.58614861,0.70771804,0.82418176,0.78135376,0.16104598,0.31302010,0.35854871,0.15268926,0.22681579,0.14237668,0.58495053,0.30482882,0.26275942,0.28955796,0.22194965
1006,0.14691022,0.40702062,0.43393865,0.43993781,0.44723440,-0.26102438,-0.47780656,-0.20187122,0.09094861,-0.10268899,0.19883144,0.00443428,0.28421699,0.10714409,0.19163820,0.57273509,0.16031104,0.15284825,0.13879363,0.00878625,0.20771057,0.08895359,0.19013924,0.20991825,0.57273509,0.69568464,0.81316915,0.77223785,0.16031104,0.31232574,0.35579052,0.15284825,0.22460233,0.13879363,0.56906900,0.29693792,0.26025588,0.29160462,0.22588425
1007,0.14588444,0.40915255,0.43587792,0.43933801,0.44666140,-0.27129873,-0.48269005,-0.21628338,0.06331842,-0.11112173,0.19223334,-0.00131106,0.27948177,0.10543608,0.17836008,0.54958586,0.17646469,0.15475836,0.14762596,0.00722903,0.22043737,0.08723602,0.18691568,0.20627068,0.54958586,0.69427436,0.81406768,0.76842567,0.17646469,0.32920944,0.36826279,0.15475836,0.23078639,0.14762596,0.57722420,0.29668234,0.25940344,0.28780535,0.21451213
1008,0.14215217,0.40015362,0.43261864,0.43711393,0.44464492,-0.27606736,-0.47087537,-0.20384744,0.09560382,-0.10466224,0.19868523,-0.00114192,0.27282358,0.10107660,0.16688357,0.57139054,0.15835191,0.14389591,0.14797663,0.01734715,0.21839254,0.08489997,0.18781509,0.20611286,0.57139054,0.69285887,0.80127607,0.75235680,0.15835191,0.30117346,0.34719375,0.14389591,0.22376271,0.14797663,0.57565305,0.30260114,0.26164132,0.28098761,0.20197548
1009,0.14272536,0.40730986,0.43686990,0.44251359,0.44646825,-0.28766127,-0.47587553,-0.20603884,0.08921028,-0.10772216,0.18695397,-0.00186774,0.26735671,0.09860750,0.16787273,0.57161720,0.15360071,0.14899340,0.14169613,0.01067950,0.23518713,0.08332874,0.18318499,0.20124716,0.57161720,0.68789912,0.80328764,0.75951059,0.15360071,0.30203564,0.34547519,0.14899340,0.22089599,0.14169613,0.58003258,0.29582842,0.25011309,0.27383760,0.20099669
1010,0.14025853,0.40917303,0.43382697,0.44529137,0.44815407,-0.30409031,-0.47615775,-0.20893690,0.11044305,-0.10756710,0.20124433,-0.00458467,0.26717344,0.09275096,0.17705339,0.59460894,0.15072196,0.14273163,0.13265920,0.01393937,0.23567821,0.08065985,0.18155432,0.19866550,0.59460894,0.70674519,0.81008259,0.77365494,0.15072196,0.29236865,0.33920210,0.14273163,0.21534534,0.13265920,0.58972533,0.30272342,0.25989513,0.27199462,0.20583340
1011,0.14846653,0.41399875,0.43645607,0.44968838,0.45047098,-0.31392511,-0.49190778,-0.20731173,0.09802909,-0.10006936,0.21472339,0.00146420,0.28601689,0.09698259,0.17881574,0.59992271,0.17142911,0.14778303,0.14359832,0.00876364,0.21576830,0.07877377,0.17568753,0.19253939,0.59992271,0.73951340,0.84838160,0.79580467,0.17142911,0.31644581,0.34599246,0.14778303,0.21500238,0.14359832,0.60811816,0.30026368,0.26949889,0.29005193,0.20955892
1012,0.14584113,0.41067336,0.43033221,0.44853149,0.45017256,-0.31740014,-0.49444783,-0.20657629,0.06837758,-0.09479683,0.21711233,0.00513946,0.28157834,0.09855938,0.16210604,0.57398468,0.19529097,0.14795382,0.15191330,0.02499361,0.22973341,0.07727283,0.17096505,0.18761700,0.57398468,0.74659912,0.84996721,0.78904218,0.19529097,0.33465533,0.35534130,0.14795382,0.22311062,0.15191330,0.61693349,0.30116617,0.27979479,0.28812352,0.19673687
1013,0.14604430,0.41559622,0.43969300,0.45054625,0.45384432,-0.30324281,-0.50882343,-0.20025801,0.05649707,-0.09406824,0.20409930,0.00901342,0.28900236,0.10270079,0.15993207,0.57498473,0.18819854,0.15241742,0.15977032,0.01537039,0.25368604,0.07760871,0.16860591,0.18560999,0.57498473,0.74351004,0.86276417,0.79017461,0.18819854,0.33576403,0.34608264,0.15241742,0.21806004,0.15977032,0.61469620,0.27819372,0.26274004,0.29585269,0.19736178
1014,0.14316404,0.41265018,0.44271538,0.45361135,0.45464865,-0.29422196,-0.53558363,-0.19547450,0.04215607,-0.08550606,0.19402542,0.01907355,0.28229981,0.11336012,0.16042277,0.58698073,0.19230235,0.15490145,0.15452089,0.00829817,0.25661477,0.07877462,0.16604440,0.18378298,0.58698073,0.75895327,0.87980106,0.81213671,0.19230235,0.34202910,0.35417282,0.15490145,0.21851048,0.15452089,0.62960018,0.27133970,0.25447373,0.29103502,0.20443283
1015,0.14103542,0.42089447,0.44862525,0.45573778,0.45970568,-0.29919985,-0.56569039,-0.19652555,0.06644724,-0.08738078,0.18691431,0.02224958,0.27442288,0.12032792,0.13592780,0.64084396,0.16805473,0.15309931,0.17012754,0.01282485,0.26455779,0.07636759,0.16165784,0.17878833,0.64084396,0.78208468,0.90312507,0.82271558,0.16805473,0.31926012,0.34447821,0.15309931,0.22608903,0.17012754,0.65780282,0.27173353,0.24541241,0.28446348,0.19105834
1016,0.13906555,0.42035178,0.44723670,0.45346233,0.45791708,-0.28498391,-0.54100181,-0.18577861,0.06513202,-0.08117340,0.17508787,0.02896664,0.28691888,0.12409591,0.16163884,0.61543326,0.16099119,0.16902954,0.15789955,0.00021783,0.25194102,0.07867462,0.16212739,0.18020817,0.61543326,0.74467499,0.88883073,0.81814580,0.16099119,0.32994406,0.34967300,0.16902954,0.21944500,0.15789955,0.62881518,0.27057877,0.23376184,0.29656076,0.21120138
1017,0.14043949,0.41973209,0.44735820,0.45748626,0.46280929,-0.26440991,-0.53100039,-0.18810002,0.05344127,-0.07692449,0.18827452,0.03083585,0.27907398,0.12862936,0.15746276,0.59049018,0.18084525,0.15404520,0.15661002,0.00860014,0.25858326,0.08053109,0.16354942,0.18230104,0.59049018,0.74338534,0.86528066,0.79742001,0.18084525,0.33267488,0.35497805,0.15404520,0.22111032,0.15661002,0.60796034,0.25846926,0.23742225,0.28716602,0.20870084
1018,0.14205096,0.40144797,0.44209517,0.45220072,0.46393021,-0.24367213,-0.55323338,-0.19865717,-0.21437712,-0.07595114,0.16442407,0.03534115,0.27968238,0.13564464,0.14445418,0.34393364,0.39871921,0.17191877,0.17012871,0.01052287,0.26585279,0.08160201,0.16159011,0.18102556,0.34393364,0.73719675,0.87956380,0.79717269,0.39871921,0.55294701,0.50206708,0.17191877,0.22956024,0.17012871,0.61775037,0.33569019,0.23162929,0.29360551,0.20636924
1019,0.13594512,0.40180712,0.44031794,0.45205863,0.46337393,-0.23693190,-0.58170878,-0.18669072,-0.10143893,-0.07592949,0.18052097,0.03643063,0.28789438,0.13680893,0.16145395,0.48522835,0.30521906,0.17101324,0.16384328,0.01054105,0.24941479,0.08039693,0.15981358,0.17889675,0.48522835,0.77911622,0.91359972,0.83659806,0.30521906,0.46169656,0.43865760,0.17101324,0.23555129,0.16384328,0.64426884,0.28567487,0.24894551,0.30164438,0.21849688
1020,0.14628017,0.40980244,0.44170045,0.45355387,0.46529882,-0.23343994,-0.57870161,-0.16825301,-0.05610429,-0.07186632,0.20396106,0.03574158,0.29477390,0.13866111,0.16082172,0.52855978,0.28139174,0.15769114,0.17039272,0.01027292,0.20893100,0.07948803,0.16138268,0.17989641,0.52855978,0.79917055,0.91696876,0.83339644,0.28139174,0.42281401,0.40135130,0.15769114,0.23428550,0.17039272,0.64067832,0.25999706,0.25903738,0.30544554,0.21799131
1021,0.15074414,0.40870764,0.44137038,0.45392130,0.46467558,-0.23651874,-0.60029947,-0.17651486,-0.07687072,-0.07481943,0.20465646,0.03396661,0.29296271,0.14612730,0.18365020,0.53010381,0.30285734,0.15701459,0.15750828,0.00889754,0.21664074,0.07888164,0.15822023,0.17679354,0.53010381,0.82113161,0.93513896,0.87557495,0.30285734,0.44130880,0.43569913,0.15701459,0.23859868,0.15750828,0.65888041,0.27196171,0.26229871,0.30434862,0.24185576
1022,0.15371383,0.19641809,0.43977876,0.45054576,0.46471175,-0.22129004,-0.59672172,-0.21748497,-0.53584480,-0.06594396,0.16509008,0.04439128,0.27750380,0.14928361,0.17886572,0.07696638,0.71753665,0.16974688,0.14467210,0.00319554,0.19157761,0.07741535,0.15717798,0.17520860,0.07696638,0.77782249,0.91460249,0.86130142,0.71753665,0.85893083,0.80971440,0.16974688,0.22911872,0.14467210,0.64686569,0.60073686,0.22534141,0.29092017,0.24086322
1023,0.14679914,0.34255945,0.43476341,0.44788204,0.47268073,-0.21814156,-0.59018088,-0.17489554,-0.40783449,-0.06199547,0.15280998,0.04927035,0.27183531,0.16176745,0.19328337,0.20497706,0.57415239,0.18120153,0.13919259,-0.01013418,0.16383769,0.08068507,0.15974827,0.17896813,0.20497706,0.75990473,0.90376797,0.87356513,0.57415239,0.72741257,0.70587215,0.18120153,0.24951471,0.13919259,0.63991026,0.48657573,0.22210278,0.28486979,0.25622144
1024,0.14580985,0.33709827,0.43007092,0.43687967,0.46540079,-0.19504062,-0.61392438,-0.16683217,-0.40459115,-0.05508686,0.14658502,0.04919989,0.29179665,0.16678891,0.21400044,0.22927653,0.56477024,0.19609609,0.14506779,-0.01269047,0.15098173,0.08068669,0.16340092,0.18223667,0.22927653,0.77418231,0.93906874,0.90684102,0.56477024,0.74104498,0.72227607,0.19609609,0.25871040,0.14506779,0.65860265,0.49270077,0.23448630,0.31047565,0.27783837
1025,0.14776659,0.37716750,0.42653524,0.43834616,0.46874627,-0.17273641,-0.60325107,-0.13966000,-0.27810701,-0.05401493,0.16362942,0.04520904,0.27994056,0.15994565,0.20428850,0.33501537,0.45475476,0.17272485,0.14114306,-0.00260382,0.13443823,0.08124838,0.17008450,0.18849413,0.33501537,0.77605489,0.91257659,0.87964008,0.45475476,0.60578415,0.59521890,0.17272485,0.24514140,0.14114306,0.64678048,0.38721323,0.23826701,0.29579910,0.26461983
1026,0.14434980,0.39466815,0.42464882,0.44181518,0.46485491,-0.16866034,-0.61990809,-0.14316761,-0.02046058,-0.06518728,0.20432619,0.02993172,0.29002644,0.14258486,0.22409933,0.60494651,0.25156094,0.15556797,0.13352231,0.00689471,0.12227353,0.08163275,0.17181320,0.19022009,0.60494651,0.83071548,0.93596275,0.90765548,0.25156094,0.39406236,0.42513634,0.15556797,0.23902221,0.13352231,0.66388493,0.28419944,0.26936102,0.30095731,0.26964804
1027,0.13863913,0.40097995,0.43129793,0.44828450,0.47171051,-0.15680369,-0.63742362,-0.15274482,-0.13706374,-0.06882412,0.19101089,0.03065206,0.27938819,0.14884102,0.18968139,0.50394732,0.34488112,0.15341051,0.15013754,0.01214806,0.15197124,0.08382982,0.17188822,0.19124068,0.50394732,0.83311087,0.93934672,0.88796648,0.34488112,0.47658924,0.47413785,0.15341051,0.23923565,0.15013754,0.67558735,0.30059995,0.25502132,0.29167942,0.24731221
1028,0.13004978,0.40040127,0.42908452,0.45048895,0.47579424,-0.14443139,-0.64044592,-0.14841533,-0.16380425,-0.07050157,0.17046068,0.02797664,0.27110272,0.14398283,0.18987232,0.48071465,0.34848648,0.16476540,0.14374817,0.03334522,0.17081221,0.08488847,0.17444783,0.19400541,0.48071465,0.81427213,0.93146636,0.88562032,0.34848648,0.49146874,0.48955867,0.16476540,0.24192456,0.14374817,0.67493524,0.31106160,0.24322998,0.28214272,0.24314096
1029,0.13524357,0.40140104,0.42342937,0.44599765,0.47482032,-0.14147356,-0.59862269,-0.14266485,-0.04893972,-0.06746916,0.19017685,0.02643687,0.28595848,0.13618897,0.21180222,0.55127467,0.25793950,0.16182490,0.13591970,0.05771463,0.15955013,0.08517100,0.17917058,0.19838397,0.55127467,0.79249116,0.90701313,0.86803668,0.25793950,0.40455412,0.42286729,0.16182490,0.23788319,0.13591970,0.63941991,0.26383236,0.25483241,0.29446491,0.25417682
1030,0.13802507,0.39873458,0.42357862,0.44508826,0.46965759,-0.14324789,-0.59764517,-0.15121495,-0.18231469,-0.07352297,0.17248433,0.02275437,0.27638590,0.13248533,0.21126629,0.41721525,0.36729629,0.16540884,0.13080928,0.04714484,0.16926055,0.08519033,0.17873035,0.19799477,0.41721525,0.77344204,0.89540120,0.86445729,0.36729629,0.51018910,0.51372375,0.16540884,0.23872279,0.13080928,0.63967452,0.32072459,0.24751394,0.28758966,0.25382832
1031,0.13181343,0.39925527,0.42200454,0.44481891,0.47361001,-0.14256940,-0.58845581,-0.14582075,-0.07933099,-0.07093339,0.16396749,0.02257547,0.26539384,0.13013573,0.19583087,0.51059507,0.26141086,0.16719809,0.13257642,0.05384815,0.15011066,0.08592994,0.18400091,0.20307705,0.51059507,0.75611349,0.87728676,0.84369763,0.26141086,0.41337694,0.43271655,0.16719809,0.24081974,0.13257642,0.63215781,0.27583456,0.24039312,0.27449946,0.23732238
1032,0.13444904,0.39705461,0.41919171,0.44123743,0.47221716,-0.13896197,-0.57550038,-0.14859835,-0.05085727,-0.06773825,0.17360015,0.02151012,0.26930105,0.12490167,0.21792164,0.52606980,0.24652181,0.16358419,0.12060752,0.05134701,0.14906774,0.08712595,0.18510368,0.20458325,0.52606980,0.75288011,0.86862295,0.85087374,0.24652181,0.39637710,0.43025025,0.16358419,0.23827387,0.12060752,0.62037896,0.27264422,0.24612397,0.27732151,0.25270527
1033,0.13689440,0.39557836,0.42124365,0.43857071,0.46540823,-0.14223673,-0.57885629,-0.16392935,-0.17900452,-0.07549626,0.15975234,0.01889781,0.26900448,0.12641332,0.22320410,0.40176329,0.35466127,0.17051835,0.12160485,0.03764993,0.15650644,0.08682304,0.18197418,0.20162550,0.40176329,0.74200784,0.87063521,0.85877572,0.35466127,0.50581890,0.52803909,0.17051835,0.24546863,0.12160485,0.62713743,0.33267937,0.24579832,0.28132605,0.26070111
1034,0.14377811,0.39769477,0.42441030,0.44306988,0.46742004,-0.15430363,-0.57416435,-0.16673447,-0.06394207,-0.07985531,0.16750836,0.01622507,0.26978333,0.12629885,0.22387360,0.51111492,0.25792818,0.16344632,0.12322616,0.03447175,0.14746295,0.08794133,0.18309807,0.20312208,0.51111492,0.74681997,0.87073849,0.86108637,0.25792818,0.41183394,0.45186520,0.16344632,0.24260167,0.12322616,0.62851946,0.29228085,0.24361397,0.28022649,0.26062004
1035,0.14336801,0.39754501,0.42351687,0.44215271,0.46874083,-0.15518835,-0.56536576,-0.16590821,-0.10483599,-0.07535711,0.16826082,0.02333343,0.26998445,0.13196390,0.21849403,0.46153820,0.29549142,0.16832684,0.12409082,0.03587109,0.15478485,0.08779889,0.18157967,0.20169239,0.46153820,0.73897590,0.86398796,0.85006434,0.29549142,0.44867812,0.47849523,0.16832684,0.24553329,0.12409082,0.61962491,0.30165112,0.24525916,0.28012133,0.25839417
1036,0.14503237,0.39608540,0.42331530,0.44279070,0.46698602,-0.15237088,-0.55381433,-0.16729569,-0.11054345,-0.07705697,0.15823913,0.02302933,0.26223903,0.13548279,0.21280255,0.44441546,0.29300568,0.16877931,0.12653162,0.02628226,0.15155337,0.08813123,0.18161180,0.20186620,0.44441546,0.71748623,0.84525882,0.83505753,0.29300568,0.44860174,0.48269593,0.16877931,0.24906313,0.12653162,0.61100316,0.31005387,0.23958883,0.27374461,0.25620669
1037,0.14868879,0.38906420,0.41984730,0.43300317,0.45623509,-0.15367025,-0.51771473,-0.16398333,-0.01056528,-0.07351491,0.18394197,0.02221561,0.28075568,0.12523181,0.23622984,0.50767614,0.22952666,0.15881553,0.11670004,0.03705371,0.15355187,0.08698249,0.18406607,0.20358358,0.50767614,0.70884525,0.82997411,0.82264358,0.22952666,0.38241076,0.42747518,0.15881553,0.23489632,0.11670004,0.58190619,0.28874015,0.25200634,0.29119783,0.27065322
1038,0.15433309,0.39875929,0.42221408,0.43942606,0.46018966,-0.15931751,-0.50950450,-0.17937123,-0.11600235,-0.07945549,0.18416898,0.02235232,0.27776370,0.12662983,0.23520656,0.39446500,0.32484844,0.15947469,0.11469828,0.02986466,0.17771816,0.08882651,0.18192541,0.20245247,0.39446500,0.70040873,0.81904257,0.81283125,0.32484844,0.46819641,0.49756019,0.15947469,0.23516070,0.11469828,0.57241763,0.31060338,0.25149980,0.28788991,0.27187965
1039,0.15408520,0.39573365,0.42172354,0.43898106,0.45740258,-0.16546986,-0.50526718,-0.16532998,-0.03476212,-0.07428347,0.18722893,0.02743048,0.27685086,0.13068013,0.23556165,0.47107029,0.25063069,0.15744349,0.11406257,0.02314929,0.18485622,0.08728621,0.18024795,0.20027034,0.47107029,0.70021596,0.81588652,0.81271326,0.25063069,0.39688123,0.43856946,0.15744349,0.23551764,0.11406257,0.57028463,0.28485291,0.25533207,0.28862478,0.27425120
1040,0.15030484,0.39599629,0.41907116,0.43834755,0.45462017,-0.17449528,-0.49191606,-0.17775617,-0.10245438,-0.08546511,0.19352550,0.01889372,0.27987182,0.12491589,0.23473562,0.38995859,0.31600035,0.15594738,0.11763483,0.02894888,0.18971298,0.08834131,0.18117822,0.20156819,0.38995859,0.69245623,0.80449623,0.79876122,0.31600035,0.45166150,0.48121828,0.15594738,0.23695846,0.11763483,0.55771734,0.29785451,0.26215186,0.29102526,0.27130439
1041,0.15464369,0.40106371,0.41904881,0.44027106,0.45954586,-0.17166798,-0.47201721,-0.18775459,-0.19832749,-0.08173072,0.18995289,0.02329097,0.27922731,0.12753219,0.22012075,0.27447049,0.40581730,0.15994509,0.12234496,0.02932579,0.19871015,0.08836554,0.18092290,0.20134936,0.27447049,0.66917803,0.78534318,0.76778131,0.40581730,0.53877181,0.54712753,0.15994509,0.23642180,0.12234496,0.53655980,0.33954610,0.25542941,0.28852124,0.25819714
1042,0.14622584,0.40882084,0.42282239,0.45014467,0.46463435,-0.18366890,-0.48698959,-0.16998104,-0.04031356,-0.07880607,0.18369780,0.02233538,0.25312388,0.12269993,0.19271870,0.44803388,0.24740146,0.15156743,0.11933835,0.02567430,0.21133512,0.08792408,0.18374515,0.20369812,0.44803388,0.67913124,0.77594924,0.75713208,0.24740146,0.37815509,0.40844861,0.15156743,0.23062481,0.11933835,0.54421360,0.25887056,0.24343628,0.25896712,0.23006967
1043,0.14892628,0.39825270,0.42815880,0.44556871,0.46288230,-0.17800972,-0.50327647,-0.19580645,-0.27348162,-0.08110850,0.17448880,0.02600022,0.27013215,0.13144334,0.20214449,0.23165051,0.46624378,0.16058413,0.12785073,0.01210721,0.21934343,0.08817913,0.18025349,0.20066609,0.23165051,0.68562181,0.80715339,0.78168184,0.46624378,0.60166251,0.59805526,0.16058413,0.23505875,0.12785073,0.56158573,0.39009784,0.23679599,0.27932119,0.24467163
1044,0.14657321,0.40008168,0.42490067,0.44579740,0.46005226,-0.18814105,-0.50073212,-0.17731434,-0.14903384,-0.08040334,0.18129401,0.02611624,0.26940459,0.13094311,0.20897639,0.35360073,0.35047754,0.15738174,0.12269774,0.00715813,0.21639292,0.08939356,0.18261184,0.20331821,0.35360073,0.69116894,0.80638352,0.78833333,0.35047754,0.48616474,0.49923066,0.15738174,0.23360301,0.12269774,0.56147240,0.30974345,0.24268451,0.27827966,0.25055590
1045,0.14839628,0.40408762,0.42919912,0.44805167,0.46133466,-0.18807385,-0.50290214,-0.17748919,-0.08920107,-0.08280183,0.18828218,0.02465719,0.27414716,0.12999681,0.20967084,0.41479494,0.30101074,0.15599593,0.12492999,0.01412713,0.21156381,0.08940434,0.18342047,0.20404952,0.41479494,0.70029680,0.81360592,0.79148581,0.30101074,0.43928831,0.45787289,0.15599593,0.23297536,0.12492999,0.56425089,0.28306987,0.24521862,0.28170246,0.25010355
1046,0.14856516,0.40241877,0.42876403,0.44707505,0.46294845,-0.18761902,-0.50652172,-0.19476361,-0.23602940,-0.08542446,0.17740029,0.02384984,0.26858174,0.13061314,0.19650022,0.27199585,0.43145115,0.16101605,0.13118845,0.01358605,0.20542593,0.08818259,0.18199456,0.20223300,0.27199585,0.69214572,0.81024543,0.78251303,0.43145115,0.56566813,0.56365135,0.16101605,0.23887970,0.13118845,0.56588021,0.36358141,0.24110129,0.27709261,0.23915311
1047,0.14480848,0.40586982,0.42975030,0.45128801,0.46405709,-0.19612262,-0.51562706,-0.17856737,-0.13120049,-0.07996401,0.17584222,0.02732033,0.26335160,0.13459816,0.19492858,0.38720841,0.32770299,0.15813679,0.12843497,0.00425960,0.21869513,0.08980409,0.18316076,0.20399176,0.38720841,0.70132624,0.81557173,0.79132847,0.32770299,0.46496476,0.47704793,0.15813679,0.23498157,0.12843497,0.57241919,0.29557432,0.23703826,0.27169226,0.24084231
1048,0.14162485,0.40653153,0.43049760,0.45408812,0.46856529,-0.19199852,-0.51698684,-0.17825439,-0.11351705,-0.07825046,0.17642836,0.02863217,0.25976745,0.13321597,0.18635577,0.40527480,0.31213189,0.15667116,0.12898106,0.01152503,0.22866272,0.08964943,0.18440236,0.20503963,0.40527480,0.70303641,0.81375824,0.78389336,0.31213189,0.44808977,0.45900783,0.15667116,0.23251995,0.12898106,0.57324624,0.28558335,0.23504245,0.26718001,0.23220026
1049,0.14323539,0.40408465,0.42966069,0.45203897,0.46569622,-0.19371490,-0.52139986,-0.18957661,-0.19259023,-0.08123084,0.16826542,0.02804038,0.25542851,0.13457304,0.18542839,0.33071391,0.38031896,0.15864961,0.12882565,0.00772238,0.23249088,0.08947704,0.18297827,0.20368404,0.33071391,0.69897619,0.81304617,0.78711327,0.38031896,0.51398167,0.51878996,0.15864961,0.23588141,0.12882565,0.57782453,0.33133783,0.23340498,0.26501539,0.23372812
