step,thumb_curl,index_curl,middle_curl,ring_curl,pinky_curl,thumb_dx,thumb_dy,index_dx,index_dy,middle_dx,middle_dy,ring_dx,ring_dy,pinky_dx,pinky_dy,thumb_index_spread,index_middle_spread,middle_ring_spread,ring_pinky_spread,palm_pitch,palm_roll,palm_width,palm_height,palm_diagonal,thumb_index_distance,thumb_middle_distance,thumb_ring_distance,thumb_pinky_distance,index_middle_distance,index_ring_distance,index_pinky_distance,middle_ring_distance,middle_pinky_distance,ring_pinky_distance,palm_thumb_distance,palm_index_distance,palm_middle_distance,palm_ring_distance,palm_pinky_distance
0,0.20232145,0.00694866,0.24370784,0.19659532,0.17692626,0.15757131,-0.05638741,0.19871935,-1.53153646,0.07651869,0.33030936,-0.00972523,0.41001573,-0.13880873,0.46998304,1.48522769,1.86967656,0.18313064,0.14295377,0.22027639,0.18231200,0.12095704,0.20817932,0.24076801,1.48522769,0.39803266,0.50402130,0.60921659,1.86967656,1.96994926,2.04472156,0.18313064,0.28645579,0.14295377,0.25633401,1.58621588,0.41678886,0.42259362,0.50340715
1,0.17124679,0.01212268,0.16227947,0.13636776,0.13865196,0.10795703,-0.03717954,0.18578342,-1.22491144,0.08472165,0.42088461,0.01235569,0.50584901,-0.09217176,0.47145494,1.19296812,1.64923429,0.16578648,0.11023471,0.13209030,0.09888375,0.11429341,0.25727305,0.28151804,1.19296812,0.46101990,0.55658459,0.55277766,1.64923429,1.74640871,1.72665431,0.16578648,0.22477523,0.11023471,0.20210876,1.26326740,0.47944778,0.51408694,0.48771910
2,0.16628673,0.01232541,0.14347673,0.13998565,0.17156658,0.09853531,-0.07505940,0.19684436,-1.19880730,0.09179280,0.45437236,0.01519832,0.49526378,-0.09358750,0.38155204,1.12903259,1.65651516,0.14011789,0.15911949,0.11967722,0.15685186,0.11742235,0.26595080,0.29071952,1.12903259,0.53176070,0.57956916,0.50249915,1.65651516,1.70720467,1.61220478,0.14011789,0.23978216,0.15911949,0.19361729,1.23059320,0.50409307,0.50326658,0.39812935
3,0.15761165,0.01116747,0.14434764,0.13787428,0.16439546,0.10509641,-0.08109342,0.19737606,-1.16730340,0.09211428,0.44994214,0.01741676,0.47706037,-0.09000957,0.36413937,1.09095737,1.62067747,0.13393060,0.15786388,0.11336518,0.15230520,0.11530023,0.27204960,0.29547441,1.09095737,0.53338981,0.56811872,0.49340353,1.62067747,1.65733134,1.56335882,0.13393060,0.24123091,0.15786388,0.19853429,1.19906906,0.49933917,0.48545215,0.38036614
4,0.16025479,0.01165380,0.14313526,0.13640821,0.15462173,0.09778105,-0.08983157,0.19496831,-1.14582215,0.08691917,0.43685841,0.01771789,0.47569357,-0.08116084,0.37465988,1.06128110,1.58638740,0.13084664,0.14307621,0.11346746,0.16510585,0.11504482,0.27475424,0.29786776,1.06128110,0.52921011,0.57367477,0.50348398,1.58638740,1.63396881,1.54981720,0.13084664,0.21912663,0.14307621,0.19448625,1.17676732,0.48525215,0.48417964,0.38906667
5,0.15351649,0.01293774,0.14665898,0.14385972,0.16780795,0.10496659,-0.08779762,0.19957704,-1.13842641,0.09171779,0.42825360,0.01941503,0.46104405,-0.08356590,0.35409612,1.05574542,1.57038890,0.13120457,0.14998760,0.11624815,0.17518096,0.11583511,0.27688969,0.30014275,1.05574542,0.51808681,0.55875796,0.48734983,1.57038890,1.61289448,1.52424042,0.13120457,0.22811638,0.14998760,0.20022902,1.17112370,0.47744053,0.46933151,0.36946915
6,0.14685031,0.01326113,0.14867428,0.14643869,0.18432358,0.10580734,-0.10302647,0.20514154,-1.13959280,0.09631665,0.42203112,0.02292419,0.46721084,-0.08338162,0.34078854,1.04190509,1.56541288,0.13365058,0.16692437,0.11289084,0.17025735,0.11665908,0.27583218,0.29948745,1.04190509,0.52647191,0.57985837,0.49057154,1.56541288,1.62018135,1.51331779,0.13365058,0.23415388,0.16692437,0.20771046,1.17198963,0.47014602,0.47478347,0.35547331
7,0.14583209,0.01338912,0.15747608,0.15426037,0.19186890,0.10602354,-0.11352668,0.20981672,-1.13561392,0.09422634,0.42296100,0.02357826,0.45394953,-0.07982138,0.32621791,1.02785494,1.56286267,0.13001578,0.16623169,0.11137061,0.15984165,0.11596650,0.27641403,0.29975481,1.02785494,0.53790437,0.57738924,0.48627978,1.56286267,1.60354991,1.49547405,0.13001578,0.23763011,0.16623169,0.21561060,1.16907813,0.47184456,0.46190913,0.34065073
8,0.14443805,0.01343889,0.15094624,0.15086964,0.17980489,0.11180141,-0.10166338,0.20886984,-1.11589555,0.10353655,0.43056786,0.02876571,0.45852281,-0.07461092,0.33933690,1.01941295,1.55004654,0.13234811,0.15894331,0.11153918,0.18325868,0.11783253,0.28046751,0.30421461,1.01941295,0.53335811,0.57085453,0.48738416,1.55004654,1.58817982,1.48780842,0.13234811,0.23588325,0.15894331,0.21152420,1.14967344,0.47865466,0.46568418,0.35206104
9,0.14649375,0.01337662,0.15237660,0.14671167,0.16509549,0.10563871,-0.10564367,0.20687372,-1.11721049,0.10462188,0.41529197,0.03142803,0.45943932,-0.07115938,0.35870586,1.01728388,1.53591422,0.13352615,0.14512041,0.11125052,0.18299099,0.11688784,0.27993044,0.30335428,1.01728388,0.52250043,0.57331771,0.50357253,1.53591422,1.58946351,1.50655526,0.13352615,0.22148691,0.14512041,0.20471268,1.14986100,0.46469217,0.46703318,0.37027570
10,0.14643673,0.01233433,0.15246845,0.14880820,0.16215591,0.10885123,-0.10367522,0.20759613,-1.11122029,0.10094502,0.41776573,0.03057292,0.45473507,-0.06743824,0.36641617,1.01299272,1.53271118,0.13041548,0.13300921,0.10811129,0.17670296,0.11564789,0.28224755,0.30502150,1.01299272,0.52311053,0.56731052,0.50827848,1.53271118,1.57896313,1.50738614,0.13041548,0.21320171,0.13300921,0.20597868,1.14410542,0.46666729,0.46246179,0.37762086
11,0.14536938,0.01227654,0.15462921,0.15107073,0.16294063,0.10701442,-0.10438252,0.20864272,-1.11367515,0.10430630,0.40999794,0.03205351,0.45064198,-0.06784593,0.36738412,1.01494930,1.52725001,0.13280437,0.13108148,0.10996350,0.18410950,0.11617678,0.28020485,0.30333447,1.01494930,0.51583975,0.56383146,0.50969197,1.52725001,1.57733582,1.51103027,0.13280437,0.21424484,0.13108148,0.20644716,1.14662028,0.46017517,0.45834726,0.37852077
12,0.14401226,0.01192994,0.16531420,0.15640326,0.16814350,0.10339954,-0.11081919,0.20640030,-1.11089953,0.10455510,0.39979729,0.03118074,0.44272943,-0.06839017,0.35848156,1.00576421,1.51414057,0.13390449,0.13155898,0.10529036,0.17549651,0.11496158,0.28227422,0.30478665,1.00576421,0.51180220,0.56244609,0.50707578,1.51414057,1.56647202,1.49919481,0.13390449,0.21488199,0.13155898,0.21152382,1.14348777,0.45168521,0.45078256,0.37012454
13,0.14795468,0.01212932,0.16676753,0.15675078,0.15899164,0.10534607,-0.11231385,0.21126628,-1.12028975,0.10605764,0.39117622,0.03428675,0.44958576,-0.06048319,0.39101962,1.01388352,1.51513159,0.13725863,0.11256909,0.10849416,0.17344076,0.11555411,0.27822659,0.30126863,1.01388352,0.50450515,0.57061069,0.53680569,1.51513159,1.58275394,1.53965993,0.13725863,0.20382778,0.11256909,0.21464536,1.15361284,0.44408806,0.45795728,0.40081205
14,0.14329470,0.01190339,0.17207155,0.15887921,0.15500838,0.10714044,-0.11885985,0.21068605,-1.11965386,0.10405980,0.38660364,0.03099989,0.43250942,-0.06376374,0.38466551,1.00665938,1.51002776,0.13500499,0.10698430,0.10754404,0.16505140,0.11356573,0.27887437,0.30111142,1.00665938,0.50662749,0.56094238,0.53816702,1.51002776,1.56586119,1.53349653,0.13500499,0.20465765,0.10698430,0.21535020,1.15290376,0.43827083,0.43996658,0.39468553
15,0.14841591,0.01195092,0.18649456,0.17037576,0.17369037,0.10419649,-0.12893636,0.21555600,-1.13270344,0.10613558,0.38091148,0.03458667,0.44402029,-0.05952696,0.38346101,1.01032750,1.51757285,0.13974839,0.11274430,0.10869507,0.17197294,0.11472962,0.27530764,0.29825691,1.01032750,0.51094701,0.58124104,0.54418271,1.51757285,1.59004749,1.54489779,0.13974839,0.20212279,0.11274430,0.22256449,1.16653871,0.43527249,0.45246312,0.39365553
16,0.14855845,0.01227175,0.17978002,0.17086265,0.17893985,0.10922972,-0.12540840,0.21715845,-1.13431514,0.10361020,0.38718215,0.02944659,0.43901124,-0.06496542,0.37307941,1.01518927,1.52572946,0.13646708,0.11604405,0.10987439,0.16679554,0.11350438,0.27426328,0.29682249,1.01518927,0.51377805,0.57403724,0.53438286,1.52572946,1.58766124,1.53785338,0.13646708,0.20539867,0.11604405,0.21884833,1.16808809,0.43803149,0.44626855,0.38345033
17,0.15037142,0.01134458,0.18830752,0.17528611,0.17563747,0.10683652,-0.12565036,0.21724738,-1.13467922,0.10463413,0.37854306,0.03086766,0.43393199,-0.06018272,0.38205275,1.01548857,1.51741141,0.13692985,0.10558604,0.10771734,0.16466680,0.11343530,0.27308469,0.29570731,1.01548857,0.50531160,0.56875548,0.54051050,1.51741141,1.58264847,1.54584117,0.13692985,0.20049389,0.10558604,0.21963537,1.16844296,0.43142793,0.44185584,0.39209864
18,0.14938206,0.01211833,0.19252273,0.17468214,0.17485084,0.10837766,-0.12857277,0.21799064,-1.13436111,0.10335940,0.37978061,0.02986687,0.43958650,-0.06084127,0.38454962,1.01227448,1.51847487,0.13886725,0.10686685,0.10762390,0.15310766,0.11255864,0.27261355,0.29493659,1.01227448,0.50947728,0.57758347,0.54632198,1.51847487,1.58835525,1.54846710,0.13886725,0.20012621,0.10686685,0.22177299,1.16865520,0.43198881,0.44719519,0.39451481
19,0.15470773,0.01167829,0.17711886,0.16546129,0.16288037,0.10426263,-0.12884852,0.21717272,-1.12195539,0.10509654,0.38585558,0.03005127,0.43660831,-0.05888555,0.38366443,1.00012902,1.51197164,0.13586527,0.10409459,0.10614088,0.15368170,0.11139504,0.27425584,0.29601541,1.00012902,0.51604295,0.57389814,0.54308505,1.51197164,1.57290294,1.53470357,0.13586527,0.19878184,0.10409459,0.21564795,1.15584383,0.43656334,0.44382726,0.39319773
20,0.15733131,0.01151818,0.18117548,0.16700027,0.16399579,0.10807011,-0.12253319,0.22003796,-1.12284280,0.10830789,0.37934942,0.03320696,0.44265494,-0.05507906,0.39297496,1.00711969,1.50635611,0.14060214,0.10220589,0.10626879,0.16293998,0.11130518,0.27147596,0.29340764,1.00711969,0.50349653,0.57330710,0.54573175,1.50635611,1.57940639,1.54433115,0.14060214,0.19977855,0.10220589,0.21273390,1.15674739,0.43220051,0.45034419,0.40168814
21,0.15819864,0.01118348,0.17678260,0.16174019,0.15741178,0.10362183,-0.12128392,0.21979399,-1.12194785,0.11123570,0.38417295,0.03527698,0.44571762,-0.05411790,0.39396633,1.00789860,1.51003934,0.13945550,0.10413852,0.10547698,0.15767819,0.11082693,0.27004552,0.29190271,1.00789860,0.50694127,0.57440106,0.54400467,1.51003934,1.58126074,1.54416349,0.13945550,0.20033951,0.10413852,0.21153372,1.15600648,0.43734123,0.45377545,0.40282229
22,0.15669334,0.01246070,0.17708975,0.16118051,0.16330063,0.10499238,-0.13232029,0.22218779,-1.12135692,0.10999921,0.40093830,0.03496292,0.45895410,-0.05599172,0.39224483,0.99658279,1.52642493,0.13883523,0.11378234,0.10672793,0.14188613,0.11051481,0.27008142,0.29181758,0.99658279,0.53458856,0.59884041,0.55436729,1.52642493,1.59446277,1.54319303,0.13883523,0.20288612,0.11378234,0.21969772,1.15659956,0.45219011,0.46658926,0.40096493
23,0.15823081,0.01235763,0.17499986,0.15947064,0.15857149,0.10727363,-0.12726684,0.22373308,-1.11863792,0.11306884,0.39766291,0.03696312,0.45591399,-0.05442472,0.39509402,0.99881712,1.52033656,0.13949249,0.11065649,0.10698958,0.14514874,0.10980143,0.26935787,0.29087801,0.99881712,0.52636112,0.59077263,0.55220044,1.52033656,1.58864330,1.54317325,0.13949249,0.20335057,0.11065649,0.21645892,1.15395968,0.44961908,0.46358028,0.40353186
24,0.15805113,0.01223954,0.16577514,0.15474458,0.15452862,0.10658698,-0.12330823,0.22426638,-1.10637673,0.10962515,0.40616577,0.03502697,0.46115359,-0.05355859,0.40394551,0.99072284,1.51688538,0.13641579,0.10622184,0.10561152,0.14403097,0.10950906,0.26985423,0.29122764,0.99072284,0.53093273,0.59196636,0.55593898,1.51688538,1.58185094,1.53953657,0.13641579,0.19842607,0.10622184,0.21316107,1.14203662,0.45625815,0.46876362,0.41243275
25,0.15773253,0.01208293,0.17315327,0.16013972,0.15728374,0.10785188,-0.12398159,0.22514242,-1.11250836,0.11029774,0.40340845,0.03594994,0.45636897,-0.05321723,0.40154234,0.99606925,1.52026278,0.13638790,0.10551053,0.10624008,0.13802394,0.10931208,0.26849179,0.28989131,0.99606925,0.52870801,0.58829130,0.55507123,1.52026278,1.58333659,1.54350796,0.13638790,0.19968052,0.10551053,0.21581230,1.14842793,0.45417800,0.46401400,0.40985199
26,0.15650737,0.01245623,0.17886367,0.16434881,0.16331396,0.11128733,-0.12654532,0.22492314,-1.11704423,0.11112125,0.40030595,0.03807042,0.46023673,-0.05111616,0.40037435,0.99758519,1.52161393,0.13847700,0.10806395,0.10769991,0.14205937,0.10899196,0.26665697,0.28807150,0.99758519,0.52813706,0.59482886,0.55662479,1.52161393,1.59137262,1.54627627,0.13847700,0.19774970,0.10806395,0.22006338,1.15294627,0.45210987,0.46820433,0.40887055
27,0.15500086,0.01226411,0.19039349,0.17492961,0.17280612,0.11156801,-0.13733579,0.22485951,-1.13665338,0.11450751,0.39369314,0.04046920,0.45489609,-0.05047891,0.39634568,1.00635163,1.53432514,0.14068462,0.10880951,0.11231816,0.14878845,0.10872465,0.26234615,0.28398337,1.00635163,0.53251368,0.59981857,0.56275844,1.53432514,1.60524075,1.56145533,0.14068462,0.20090456,0.10880951,0.22647396,1.17212825,0.44817661,0.46333972,0.40502350
28,0.15293480,0.01263105,0.20506194,0.18836934,0.19314596,0.10710014,-0.15116554,0.22182775,-1.15490821,0.11925341,0.38869040,0.04239489,0.45308047,-0.05285854,0.38336047,1.01084931,1.54700594,0.14756016,0.11872870,0.11441537,0.15254336,0.10915008,0.25964694,0.28165631,1.01084931,0.54126008,0.61186251,0.56423296,1.54700594,1.62138694,1.56704795,0.14756016,0.21046002,0.11872870,0.23671192,1.18991576,0.44642132,0.46137930,0.39213977
29,0.14808399,0.01341002,0.20989535,0.18748960,0.18624556,0.11032152,-0.15050626,0.22021223,-1.15617595,0.11298354,0.38908683,0.03593886,0.45384399,-0.05768872,0.38960642,1.01222684,1.54897917,0.14828169,0.11436144,0.11504801,0.14907306,0.10838846,0.25891513,0.28068684,1.01222684,0.54074545,0.61335587,0.57234502,1.54897917,1.62410643,1.57524483,0.14828169,0.21010277,0.11436144,0.24078390,1.19159204,0.44637744,0.46197483,0.39915194
30,0.15296503,0.01277630,0.22227260,0.19444809,0.18985717,0.10230126,-0.16016086,0.21751298,-1.18031112,0.11441536,0.37846100,0.03802022,0.45383065,-0.05703179,0.38956786,1.02715260,1.56218583,0.15437743,0.11570962,0.11918851,0.14606360,0.10752615,0.25466573,0.27643535,1.02715260,0.54006752,0.62169425,0.57913415,1.56218583,1.64738247,1.59828793,0.15437743,0.21302584,0.11570962,0.24583015,1.21490247,0.44019699,0.46284045,0.39947698
31,0.15586308,0.01364562,0.23334863,0.21123017,0.23076933,0.10193050,-0.16550939,0.21640245,-1.19873002,0.11218016,0.35583354,0.03609265,0.43426379,-0.05920238,0.36628115,1.04008027,1.55813727,0.15517941,0.11918036,0.11700113,0.17583389,0.10861098,0.25128109,0.27374903,1.04008027,0.52379878,0.60640813,0.56182409,1.55813727,1.64560560,1.59335044,0.15517941,0.21692307,0.11918036,0.24033463,1.23058222,0.41912584,0.44318432,0.37560083
32,0.15700126,0.01353397,0.24252053,0.21455472,0.20961368,0.09102790,-0.18242383,0.20482867,-1.20985181,0.10365993,0.35019447,0.03510559,0.43974028,-0.05323391,0.39350408,1.03428455,1.56339047,0.15491552,0.10072979,0.11178631,0.15227836,0.10740903,0.24979676,0.27191014,1.03428455,0.53501051,0.62729277,0.59802136,1.56339047,1.66083440,1.62744811,0.15491552,0.20252682,0.10072979,0.24837634,1.23966853,0.41205114,0.44917622,0.40325947
33,0.15682124,0.01321629,0.23255331,0.19847676,0.20465564,0.09256386,-0.17288276,0.19683530,-1.22337863,0.10297600,0.35239905,0.03303067,0.45038535,-0.05919342,0.38860389,1.05625125,1.57866993,0.15903764,0.11245581,0.11114711,0.13779361,0.10617906,0.24768341,0.26948295,1.05625125,0.52806245,0.62816325,0.58568998,1.57866993,1.68396814,1.63551124,0.15903764,0.20609381,0.11245581,0.24122077,1.25152936,0.41504308,0.46040874,0.39956369
34,0.15701965,0.01317371,0.29380675,0.26934712,0.27849567,0.09173278,-0.21992923,0.20155116,-1.27540654,0.11136803,0.30166641,0.03630796,0.42190614,-0.05652960,0.36709638,1.06180848,1.57974587,0.17977560,0.10898545,0.11830766,0.15938138,0.10931172,0.24173645,0.26530278,1.06180848,0.52476476,0.64669201,0.60977379,1.57974587,1.70787772,1.66622941,0.17977560,0.22019132,0.10898545,0.28027637,1.30430918,0.37958137,0.43315503,0.37894766
35,0.14770511,0.01311089,0.28409667,0.25984446,0.27689647,0.09077547,-0.23012809,0.20153505,-1.28715677,0.10400981,0.31933595,0.03126293,0.42860172,-0.06037823,0.36816753,1.06368139,1.60947284,0.17332729,0.11103304,0.11844723,0.15354736,0.10968104,0.24158080,0.26531342,1.06368139,0.55202512,0.66428881,0.62205695,1.60947284,1.72735987,1.68030260,0.17332729,0.21510728,0.11103304,0.29096676,1.31751131,0.39326819,0.43935809,0.38050110
36,0.14621015,0.01257112,0.28441953,0.26423326,0.29037586,0.09009930,-0.23083931,0.20416051,-1.28886483,0.10632455,0.32766123,0.03014276,0.43285005,-0.06272033,0.36702929,1.06488654,1.61951021,0.17124307,0.11507130,0.11449573,0.14129851,0.11045549,0.24139783,0.26546813,1.06488654,0.56085053,0.66935885,0.62223497,1.61951021,1.73351320,1.68149929,0.17124307,0.21596000,0.11507130,0.29093698,1.31896681,0.39888325,0.44303150,0.37936102
37,0.15102330,0.01246694,0.28593620,0.26018677,0.28225420,0.08081766,-0.21873277,0.20015919,-1.27501156,0.09843352,0.32648234,0.02468483,0.44048552,-0.06622548,0.37723940,1.06353049,1.60478051,0.17447633,0.11234014,0.11324191,0.13019876,0.11050168,0.24373437,0.26761365,1.06353049,0.54755377,0.66452024,0.61917111,1.60478051,1.72710727,1.67751022,0.17447633,0.21490249,0.11234014,0.28038204,1.30443581,0.39688548,0.45097533,0.39021383
38,0.14789783,0.01208230,0.30416092,0.28069377,0.29566969,0.08950673,-0.23554814,0.20770628,-1.29728978,0.10022940,0.30732755,0.02433318,0.42072744,-0.06652269,0.36623931,1.06890739,1.60826566,0.17651684,0.10732152,0.11274520,0.12735470,0.10894503,0.24173912,0.26515433,1.06890739,0.54519349,0.66249789,0.62682041,1.60826566,1.73060523,1.68997149,0.17651684,0.21897595,0.10732152,0.29711759,1.32797636,0.38358169,0.43189934,0.38018664
39,0.14811174,0.01187869,0.31970906,0.30520170,0.33760939,0.09066707,-0.25469090,0.21315966,-1.32051959,0.09217276,0.31047528,0.01467578,0.40541271,-0.08035301,0.34710578,1.07329683,1.63554270,0.17019524,0.11429440,0.11545594,0.13039492,0.10876913,0.23813059,0.26179553,1.07329683,0.56703039,0.66837247,0.63315301,1.63554270,1.74037854,1.69812738,0.17019524,0.22722313,0.11429440,0.31948135,1.35268946,0.38937513,0.41736001,0.36366533
40,0.14925489,0.01169690,0.32790061,0.31467279,0.33086966,0.09513169,-0.27890454,0.22188993,-1.34391148,0.09383242,0.29736746,0.01648431,0.40244551,-0.07586003,0.34967365,1.07315113,1.64630669,0.17685417,0.10789785,0.11500960,0.11989378,0.10797675,0.23449201,0.25815787,1.07315113,0.57827800,0.68956801,0.65753113,1.64630669,1.76170680,1.72417867,0.17685417,0.22460911,0.10789785,0.33895526,1.37732396,0.37909664,0.41411423,0.36622274
41,0.14590399,0.01234544,0.33110374,0.31812667,0.32377960,0.10287828,-0.27079877,0.22590034,-1.34086380,0.09412229,0.29874763,0.02076460,0.40789439,-0.06923047,0.36741511,1.07768272,1.64494891,0.17795308,0.09990570,0.11579571,0.12525190,0.10893969,0.23467833,0.25873109,1.07768272,0.57162407,0.68742226,0.66679132,1.64494891,1.76399739,1.73791623,0.17795308,0.22306282,0.09990570,0.33821016,1.37581598,0.38418208,0.42110496,0.38386162
42,0.14854142,0.01094010,0.33298577,0.32233354,0.33411188,0.09469848,-0.26965870,0.22986894,-1.33740386,0.08997049,0.30158207,0.01634223,0.40324075,-0.07606392,0.36024594,1.07658292,1.64504908,0.17105134,0.10374697,0.10975642,0.12246108,0.10819739,0.23362852,0.25746643,1.07658292,0.57299227,0.68122841,0.65896465,1.64504908,1.75641533,1.72896921,0.17105134,0.22224805,0.10374697,0.33578547,1.37201675,0.38443433,0.41690101,0.37791478
43,0.14751776,0.01132917,0.34021531,0.33032179,0.34706737,0.10131572,-0.29026907,0.23544696,-1.35944658,0.09876724,0.28980508,0.02105009,0.40555615,-0.07303415,0.34789670,1.07797577,1.65499415,0.18242617,0.11194357,0.11368516,0.13093767,0.10763180,0.23004657,0.25398037,1.07797577,0.58199082,0.70398064,0.66756192,1.65499415,1.78081596,1.73908853,0.18242617,0.22697804,0.11194357,0.35128292,1.39409660,0.37531073,0.41809350,0.36449767
44,0.14638692,0.01208574,0.34064467,0.33330459,0.35545497,0.10466708,-0.29618119,0.23853601,-1.35586306,0.10093899,0.29498159,0.02288656,0.40723994,-0.06991664,0.34777477,1.06845168,1.65664266,0.18086162,0.11209988,0.11161664,0.12907987,0.10837122,0.23037910,0.25459546,1.06845168,0.59272661,0.71217524,0.67406864,1.65664266,1.77921312,1.73571509,0.18086162,0.22639255,0.11209988,0.35911574,1.39132159,0.37979700,0.41960775,0.36322032
45,0.14619885,0.01208275,0.33406797,0.33044365,0.35241942,0.10786294,-0.28037760,0.23654024,-1.34614120,0.10062007,0.29801499,0.02133059,0.40471317,-0.07057514,0.34716468,1.07391834,1.64982980,0.17894881,0.11012089,0.11396949,0.13240885,0.10805042,0.23116439,0.25517027,1.07391834,0.58014643,0.69462813,0.65922555,1.64982980,1.76716240,1.72541718,0.17894881,0.22592018,0.11012089,0.34687272,1.38179744,0.38265220,0.41698219,0.36295147
46,0.14881510,0.01142852,0.32798683,0.32614809,0.35255526,0.09950785,-0.27976422,0.23674050,-1.31973561,0.10017908,0.29951319,0.02127354,0.39994752,-0.07145641,0.34277456,1.04944778,1.62505655,0.17240810,0.11038123,0.11053031,0.13246756,0.10802946,0.23309556,0.25691225,1.04944778,0.58102286,0.68785368,0.65163866,1.62505655,1.73612273,1.69506742,0.17240810,0.22176155,0.11038123,0.33969625,1.35506556,0.37926434,0.41143849,0.35838115
47,0.14799542,0.01156923,0.33649989,0.33655845,0.35779695,0.10326932,-0.29134223,0.23960184,-1.34132263,0.09908728,0.28936648,0.02016272,0.39165151,-0.07199964,0.33852388,1.05924661,1.63678932,0.17516911,0.10785628,0.11261849,0.13466324,0.10739906,0.23103356,0.25477650,1.05924661,0.58243855,0.69196002,0.66015799,1.63678932,1.74994010,1.71287918,0.17516911,0.22406640,0.10785628,0.35175043,1.37698551,0.37245743,0.40333636,0.35444049
48,0.14391812,0.01196527,0.33851843,0.33417474,0.35812419,0.10842214,-0.29083219,0.23702223,-1.33998435,0.09703584,0.29151283,0.01929158,0.39488405,-0.07251057,0.33873767,1.05747730,1.63754888,0.17494725,0.10890295,0.11392120,0.13983685,0.10748555,0.23154952,0.25528087,1.05747730,0.58421538,0.69527475,0.66110212,1.63754888,1.75157534,1.71129263,0.17494725,0.22152577,0.10890295,0.35221959,1.37513181,0.37316570,0.40637498,0.35492433
49,0.14026124,0.01214753,0.34138170,0.33675788,0.35129853,0.11927608,-0.28650456,0.24135697,-1.33161698,0.09741455,0.29019449,0.02103317,0.39551747,-0.06905061,0.35289967,1.05265593,1.62823266,0.17375095,0.10044157,0.11295780,0.14248653,0.10692752,0.23216518,0.25560548,1.05265593,0.57868201,0.69287355,0.67197440,1.62823266,1.74417021,1.71676456,0.17375095,0.21897342,0.10044157,0.35200245,1.36749889,0.37048123,0.40697049,0.36860114
50,0.13919039,0.01262315,0.34631102,0.34354166,0.36678948,0.11616779,-0.30568280,0.24219613,-1.33727752,0.10087724,0.28188149,0.02110702,0.38697262,-0.07351492,0.33387238,1.03968844,1.62535574,0.17653733,0.10953331,0.11001352,0.14164368,0.10744544,0.23124924,0.25499163,1.03968844,0.58921085,0.70326856,0.67326963,1.62535574,1.74157745,1.70498720,0.17653733,0.22497544,0.10953331,0.36804523,1.37346220,0.36578607,0.39851826,0.35062788
51,0.13764018,0.01262820,0.33966367,0.32938827,0.35969889,0.11391030,-0.30803386,0.24168155,-1.32869746,0.09070020,0.29744000,0.01399782,0.40621815,-0.08203114,0.34125111,1.02896528,1.63319752,0.17658969,0.11718691,0.10701586,0.13753442,0.10704727,0.23066591,0.25429487,1.02896528,0.60730092,0.72510572,0.68443726,1.63319752,1.75272553,1.70515062,0.17658969,0.22241843,0.11718691,0.37015824,1.36479420,0.37618670,0.41756299,0.35966790
52,0.13879524,0.01257502,0.34872639,0.34342260,0.36746556,0.11679164,-0.32594678,0.24879081,-1.34615594,0.09366361,0.28910047,0.01589905,0.39769473,-0.08134522,0.33520352,1.02898653,1.64265044,0.18068689,0.11663695,0.10860439,0.12880611,0.10641403,0.22786864,0.25149167,1.02898653,0.61658447,0.73554921,0.69746631,1.64265044,1.76267912,1.71795442,0.18068689,0.22714398,0.11663695,0.39101085,1.38427720,0.37431310,0.40962639,0.35437843
53,0.14091545,0.01272294,0.35064099,0.34294259,0.37752614,0.11863397,-0.32480656,0.25038237,-1.34242077,0.09719743,0.28917620,0.01690510,0.39922272,-0.08389413,0.32582462,1.02654770,1.63881611,0.18137339,0.12584713,0.10888760,0.14337418,0.10550972,0.22722788,0.25052906,1.02654770,0.61579506,0.73525645,0.68797369,1.63881611,1.76052364,1.70597511,0.18137339,0.22987549,0.12584713,0.38521825,1.38011453,0.37140329,0.41005266,0.34472248
54,0.13702906,0.01345541,0.35315450,0.34308818,0.37487061,0.12433695,-0.33049304,0.25501722,-1.35325166,0.09501063,0.28925817,0.01646772,0.40617311,-0.08361269,0.33351571,1.03148770,1.65034849,0.18540443,0.12490985,0.10999466,0.14754507,0.10490688,0.22369279,0.24707067,1.03148770,0.62198191,0.74847924,0.70218317,1.65034849,1.77868985,1.72485869,0.18540443,0.23007833,0.12490985,0.39358056,1.39196299,0.37419505,0.41791354,0.35289548
55,0.13968865,0.01299707,0.35140203,0.34721250,0.38441886,0.10647883,-0.34640395,0.25885197,-1.36847367,0.09382619,0.28754912,0.01736940,0.40397788,-0.08524272,0.32246635,1.03368674,1.66426507,0.18510310,0.13259559,0.11421849,0.14200143,0.10552070,0.22080215,0.24472068,1.03368674,0.63517623,0.76037482,0.70365314,1.66426507,1.79222748,1.73052833,0.18510310,0.23125989,0.13259559,0.40481869,1.40791756,0.37267624,0.41554607,0.34200355
56,0.14328960,0.01311656,0.35755574,0.35871961,0.39652930,0.10641741,-0.35339606,0.26331181,-1.38092788,0.09686234,0.28293395,0.01368252,0.40404158,-0.09315336,0.31303989,1.03973504,1.67219328,0.19461091,0.14240740,0.11637022,0.13094295,0.10510658,0.21798127,0.24199841,1.03973504,0.63731719,0.76879725,0.70555517,1.67219328,1.80621227,1.73691309,0.19461091,0.24506361,0.14240740,0.41454998,1.42192856,0.37300234,0.41535520,0.33426099
57,0.14413168,0.01407792,0.35786944,0.34972607,0.38683326,0.10889767,-0.34903038,0.26542559,-1.38130682,0.09859807,0.27885855,0.01770469,0.41616919,-0.08697040,0.32855611,1.04429472,1.66859552,0.20251481,0.13840173,0.11500198,0.13450929,0.10404799,0.21703873,0.24069024,1.04429472,0.62903522,0.77567083,0.71405145,1.66859552,1.81778322,1.75082926,0.20251481,0.24238893,0.13840173,0.41123833,1.42210732,0.37149562,0.42833926,0.34847894
58,0.14376222,0.01407022,0.35850629,0.34769550,0.37954306,0.11100279,-0.34528569,0.26785385,-1.37898546,0.09683372,0.28341297,0.01931313,0.42421423,-0.08173550,0.33983753,1.04579269,1.67126068,0.20202696,0.13325288,0.11523275,0.14171203,0.10381430,0.21618936,0.23982337,1.04579269,0.63016384,0.77925408,0.71905971,1.67126068,1.82328485,1.75852212,0.20202696,0.23564819,0.13325288,0.40743205,1.42021640,0.37530236,0.43714954,0.35927873
59,0.14486606,0.01377697,0.35999227,0.35454815,0.39238474,0.10799272,-0.34382557,0.27013583,-1.38787484,0.09732474,0.28637366,0.01850134,0.42071660,-0.08154304,0.33864193,1.05682968,1.68324390,0.19753316,0.13126112,0.11653943,0.15671572,0.10478616,0.21435462,0.23859599,1.05682968,0.63169077,0.77384936,0.71552476,1.68324390,1.82892057,1.76640529,0.19753316,0.23519227,0.13126112,0.40238872,1.42836871,0.37462304,0.43273212,0.35685017
60,0.14166784,0.01384771,0.36220585,0.35012974,0.38889216,0.10968279,-0.36179371,0.27072375,-1.39408516,0.10055898,0.28304741,0.02222707,0.42414927,-0.07545239,0.34055190,1.04515731,1.68580470,0.20075982,0.13012735,0.11698966,0.15164811,0.10505226,0.21421272,0.23858555,1.04515731,0.64631069,0.79451606,0.73277150,1.68580470,1.83813791,1.77325920,0.20075982,0.23183022,0.13012735,0.41647573,1.43454949,0.37074650,0.43586876,0.35738570
61,0.14317970,0.01332179,0.36538809,0.35856406,0.39680771,0.10190865,-0.37166522,0.26832851,-1.40690501,0.09184077,0.28297850,0.01537148,0.41674152,-0.08267425,0.33293326,1.04882762,1.69915888,0.19579068,0.13090348,0.11400278,0.15800158,0.10530098,0.21286078,0.23748265,1.04882762,0.65605914,0.79705911,0.73538022,1.69915888,1.84403462,1.77937327,0.19579068,0.23117221,0.13090348,0.42369957,1.44630226,0.36880026,0.42819019,0.35110651
62,0.14585394,0.01368819,0.37023573,0.35802226,0.39560249,0.10078249,-0.37797425,0.26932235,-1.39703387,0.09933738,0.26769207,0.02252434,0.41400664,-0.07736515,0.33544502,1.03315568,1.67353250,0.20340679,0.12960749,0.11434136,0.16376183,0.10534600,0.21330146,0.23789765,1.03315568,0.64725512,0.79920650,0.74192820,1.67353250,1.83030690,1.77100719,0.20340679,0.23784030,0.12960749,0.42708821,1.43595943,0.35845771,0.42606933,0.35183390
63,0.15006264,0.01312512,0.37738862,0.36344394,0.39959808,0.09983174,-0.38352165,0.26965306,-1.41164418,0.10629051,0.23211573,0.02481677,0.40587790,-0.07520461,0.33167077,1.04229326,1.65207845,0.22510547,0.12710106,0.11098964,0.16261959,0.10526043,0.21153518,0.23627715,1.04229326,0.61764727,0.79589029,0.74223238,1.65207845,1.83617745,1.78087993,0.22510547,0.25160766,0.12710106,0.43001078,1.44957587,0.33458114,0.41842238,0.34788732
64,0.15706552,0.01257074,0.37477218,0.36505930,0.39671008,0.09239718,-0.39384977,0.26463585,-1.41201711,0.10172067,0.24543314,0.02370995,0.40070325,-0.07637986,0.32679932,1.03298054,1.66558511,0.20919900,0.12638456,0.11749616,0.15491573,0.10368432,0.21078194,0.23490310,1.03298054,0.64122233,0.80037079,0.74557026,1.66558511,1.83109209,1.77576901,0.20919900,0.23995378,0.12638456,0.43706718,1.44940713,0.34139796,0.41317319,0.34403848
65,0.15619528,0.01206610,0.37129167,0.36561890,0.40143323,0.08835825,-0.39652521,0.25734637,-1.42904460,0.09899479,0.25398773,0.01700584,0.40915905,-0.08274447,0.33020533,1.04673854,1.69059772,0.21035561,0.12880965,0.11634286,0.16101052,0.10441753,0.20814893,0.23287121,1.04673854,0.65274778,0.81129215,0.75122970,1.69059772,1.85627206,1.79550850,0.21035561,0.23954368,0.12880965,0.43732442,1.46488881,0.34706645,0.42127249,0.34938066
66,0.15465446,0.01267234,0.37736321,0.37416770,0.40715081,0.08713217,-0.41138326,0.25715453,-1.44097629,0.10508660,0.24375742,0.01911807,0.39807005,-0.08279453,0.32339738,1.04400520,1.69172607,0.21104432,0.12807522,0.11131059,0.16503197,0.10441683,0.20717041,0.23199667,1.04400520,0.65754900,0.81468382,0.75874937,1.69172607,1.85674146,1.80046740,0.21104432,0.24550036,0.12807522,0.44997536,1.47620544,0.34061177,0.41039003,0.34258170
67,0.15515360,0.01186006,0.38212930,0.37653021,0.40196940,0.07638970,-0.41388393,0.25320543,-1.42866622,0.09547919,0.24052967,0.01465050,0.37995865,-0.08611807,0.31620745,1.03040519,1.67677689,0.19642917,0.12083580,0.10805344,0.14826727,0.10269216,0.20855623,0.23246802,1.03040519,0.65647307,0.79880549,0.75260917,1.67677689,1.82651815,1.78094722,0.19642917,0.23683803,0.12083580,0.45093465,1.46307448,0.33340537,0.39264505,0.33695983
68,0.15570013,0.01258520,0.39220507,0.38157877,0.41293182,0.06753907,-0.42964295,0.24265159,-1.43338224,0.09431738,0.21098493,0.01240777,0.36556673,-0.09027331,0.28890719,1.01906942,1.65133697,0.20519375,0.13035072,0.09895336,0.15419641,0.10123283,0.20722264,0.23062807,1.01906942,0.64310991,0.79919298,0.74017060,1.65133697,1.81522066,1.75702214,0.20519375,0.23946306,0.13035072,0.46196699,1.46419237,0.30922085,0.37873152,0.31166986
69,0.15331605,0.01260595,0.39161683,0.36509685,0.39656789,0.06476513,-0.39570810,0.22700730,-1.41296488,0.08978497,0.18061752,0.01071039,0.36383418,-0.08897357,0.31891530,1.03036643,1.59996888,0.22353907,0.11197395,0.09141245,0.15390246,0.10282101,0.20952640,0.23339553,1.03036643,0.58023300,0.76242819,0.73364074,1.59996888,1.79096103,1.76253626,0.22353907,0.25822515,0.11197395,0.42684767,1.44104979,0.29027601,0.37967872,0.34154702
70,0.15781520,0.01246233,0.38437462,0.36694263,0.39786995,0.04407791,-0.41233085,0.22203984,-1.40913012,0.08493364,0.20228084,0.00386898,0.37027775,-0.09882162,0.31847949,1.01272822,1.61764453,0.21331041,0.11731308,0.08988043,0.13509068,0.10109058,0.21024576,0.23328649,1.01272822,0.61840923,0.78514526,0.74809305,1.61764453,1.79398432,1.75946189,0.21331041,0.25157690,0.11731308,0.44162809,1.43664888,0.30149236,0.38444362,0.34297231
71,0.15264992,0.01252736,0.38850037,0.36815104,0.40411987,0.03187833,-0.41485957,0.21646719,-1.41806452,0.07241564,0.18649763,-0.00148021,0.36000541,-0.10260857,0.31118638,1.02022874,1.61143314,0.21440090,0.11445748,0.08915930,0.14503252,0.10118956,0.20932487,0.23249996,1.02022874,0.60531943,0.77694415,0.74153176,1.61143314,1.79256740,1.76061472,0.21440090,0.24817298,0.11445748,0.44426065,1.44512953,0.29128977,0.37635884,0.33917030
72,0.15118356,0.01328908,0.37418647,0.35709238,0.38803458,0.01622506,-0.40633616,0.20737582,-1.40497925,0.07500778,0.22317780,0.00100000,0.37807267,-0.10195212,0.33203734,1.01712319,1.63376827,0.20154189,0.11402276,0.09959397,0.13695966,0.10327188,0.21050833,0.23447567,1.01712319,0.63461144,0.78620758,0.75083299,1.63376827,1.79663322,1.76687006,0.20154189,0.24114093,0.11402276,0.43859755,1.43298778,0.32153103,0.39470819,0.36050958
73,0.15172056,0.01209447,0.37551604,0.36629663,0.40193085,0.00888208,-0.42127362,0.20085094,-1.41688538,0.06312231,0.22887006,-0.00550594,0.36247573,-0.11180034,0.29970263,1.01433616,1.65165549,0.18794833,0.12550305,0.10054897,0.10685940,0.10026887,0.20969506,0.23243464,1.01433616,0.65431712,0.78640561,0.73600006,1.65165549,1.79359398,1.74852029,0.18794833,0.23238895,0.12550305,0.45556933,1.44512065,0.32586322,0.37890493,0.33165411
74,0.15107002,0.01355144,0.37989922,0.37214175,0.40767081,0.00595316,-0.41241873,0.19541293,-1.38912978,0.06077024,0.21470966,-0.01140974,0.34698590,-0.11521000,0.28251365,0.99520320,1.60970075,0.18612354,0.12476875,0.08608354,0.11006117,0.10019899,0.21210357,0.23457997,0.99520320,0.63153882,0.76187444,0.71040033,1.60970075,1.75034449,1.70367732,0.18612354,0.23162054,0.12476875,0.44419224,1.41544755,0.31009815,0.36301954,0.31563616
75,0.15016352,0.01273711,0.38077640,0.36982979,0.40352339,0.00457322,-0.41132523,0.19393509,-1.39396582,0.05870389,0.21987448,-0.01466914,0.35410525,-0.11739789,0.29507165,1.00108028,1.61967545,0.18866700,0.12059979,0.09332934,0.10646824,0.10057740,0.21147605,0.23417500,1.00108028,0.63556220,0.76797860,0.72152111,1.61967545,1.76258929,1.72093556,0.18866700,0.23309859,0.12059979,0.44508568,1.42108926,0.31717541,0.37123663,0.32953678
76,0.15345615,0.01316690,0.37911313,0.36806562,0.40441377,-0.00385491,-0.41689367,0.19059915,-1.39030298,0.05604462,0.21986783,-0.01910742,0.35124017,-0.12064644,0.29137024,0.99284823,1.61601954,0.18736933,0.12130048,0.08963787,0.08634639,0.09984944,0.21241462,0.23471234,0.99284823,0.64136244,0.77082940,0.72359870,1.61601954,1.75607727,1.71386010,0.18736933,0.23595617,0.12130048,0.45154852,1.41660888,0.31696252,0.36881604,0.32590749
77,0.15193010,0.01205111,0.37926210,0.36077633,0.38734185,-0.00608459,-0.41407493,0.18543434,-1.38031126,0.05697316,0.20299584,-0.01592653,0.36040641,-0.11479238,0.31706455,0.98528468,1.58875728,0.20203840,0.11014132,0.09341581,0.08641858,0.10074581,0.21456477,0.23703957,0.98528468,0.62231695,0.77637661,0.74299023,1.58875728,1.75395260,1.72647263,0.20203840,0.24134982,0.11014132,0.44585206,1.40526481,0.30145038,0.37770812,0.34901227
78,0.14997224,0.01236792,0.38624628,0.37351213,0.40346175,-0.01939184,-0.42692744,0.17811553,-1.38508323,0.05006736,0.18108021,-0.01570842,0.34157328,-0.10992711,0.30590364,0.97843986,1.57171300,0.20112614,0.10379240,0.09086777,0.10668126,0.10336386,0.21679294,0.24017341,0.97843986,0.61387470,0.77036272,0.74254955,1.57171300,1.73890755,1.71796655,0.20112614,0.23927832,0.10379240,0.45779446,1.40812227,0.28366439,0.35941019,0.33617363
79,0.14536045,0.01178852,0.38299451,0.37058785,0.39530345,-0.01060016,-0.44005185,0.17533333,-1.38485131,0.04143507,0.18046953,-0.02419949,0.33156584,-0.11575420,0.30255706,0.96305291,1.57126268,0.19677610,0.09988965,0.08788885,0.06350645,0.10121857,0.21938556,0.24160965,0.96305291,0.62415072,0.77447702,0.75570500,1.57126268,1.72987388,1.71576366,0.19677610,0.24054519,0.09988965,0.47480369,1.40931129,0.28795800,0.35109753,0.33502330
80,0.14689756,0.01218382,0.37737500,0.36081534,0.38015270,-0.01276396,-0.42223508,0.16885130,-1.37281437,0.04393175,0.19674409,-0.02316720,0.35574002,-0.11315882,0.33109805,0.96792967,1.57471342,0.20281981,0.09582144,0.09384476,0.06614424,0.10358890,0.22019063,0.24334045,0.96792967,0.62298562,0.78072060,0.76488913,1.57471342,1.74111825,1.73020870,0.20281981,0.24332697,0.09582144,0.46069310,1.39772046,0.30269284,0.37590775,0.36321137
81,0.14941156,0.01272161,0.37916418,0.35963566,0.37830252,-0.01067723,-0.42344154,0.17025420,-1.36291902,0.04748467,0.18291773,-0.01929108,0.35390272,-0.11285573,0.32499623,0.95686655,1.55095233,0.21239368,0.10140519,0.09498533,0.06107762,0.10280463,0.22151971,0.24421256,0.95686655,0.61067337,0.77999179,0.76071801,1.55095233,1.72906394,1.71473765,0.21239368,0.25225074,0.10140519,0.46134111,1.38775039,0.29461932,0.37392850,0.35634288
82,0.14891972,0.01216452,0.37487679,0.37182254,0.39274984,-0.01645438,-0.42892990,0.17050615,-1.37134705,0.04793021,0.20837903,-0.02094590,0.34870301,-0.11303286,0.31945497,0.96082200,1.58467596,0.19051498,0.09934859,0.09075094,0.06351140,0.10496342,0.22182264,0.24540294,0.96082200,0.64144967,0.78125449,0.76094422,1.58467596,1.73269203,1.71773228,0.19051498,0.23596515,0.09934859,0.47063160,1.39653700,0.31176575,0.36871645,0.35188880
83,0.14427778,0.01175013,0.37799005,0.38234146,0.39345695,-0.02091001,-0.43414766,0.16727701,-1.37400936,0.05477525,0.19296088,-0.01448207,0.33050824,-0.11155035,0.32345194,0.95851927,1.57119503,0.19016358,0.09968704,0.08865527,0.06256724,0.10613335,0.22158621,0.24569236,0.95851927,0.63205367,0.76987221,0.77100716,1.57119503,1.71638933,1.72363464,0.19016358,0.24983550,0.09968704,0.48190295,1.39938636,0.30550649,0.35153347,0.35571233
84,0.14552401,0.01128804,0.37713456,0.38063897,0.39170306,-0.02608619,-0.44436446,0.16521450,-1.37352014,0.05121981,0.19584323,-0.01688534,0.33543493,-0.10966427,0.32529819,0.94865758,1.57373657,0.18911965,0.09550841,0.09050943,0.07022767,0.10621567,0.22150485,0.24565457,0.94865758,0.64567144,0.78350008,0.78008954,1.57373657,1.72051394,1.72386148,0.18911965,0.24304598,0.09550841,0.48568576,1.39770214,0.30391887,0.35624889,0.35714186
85,0.14475574,0.01167467,0.38081710,0.39156306,0.40390333,-0.02867122,-0.45611053,0.16697447,-1.38609469,0.04981800,0.19319534,-0.01648031,0.32028680,-0.11279379,0.31617957,0.95036985,1.58388182,0.17959063,0.09861031,0.08620922,0.07643498,0.10665088,0.21935091,0.24390415,0.95036985,0.65500565,0.77987037,0.78243565,1.58388182,1.71807484,1.72804640,0.17959063,0.24123634,0.09861031,0.49493611,1.41000624,0.30123974,0.34155981,0.34936023
86,0.14545360,0.01168328,0.37898136,0.38236907,0.39654208,-0.02900350,-0.46083171,0.16594535,-1.37450933,0.05271498,0.19117932,-0.01334832,0.32772012,-0.10597448,0.31563583,0.93425497,1.57003855,0.18560543,0.09653607,0.08683466,0.06641862,0.10544560,0.21988175,0.24385807,0.93425497,0.65794747,0.79215439,0.78642642,1.57003855,1.71343798,1.71495792,0.18560543,0.24066381,0.09653607,0.50089044,1.39866938,0.30162815,0.34935877,0.34649824
87,0.14840584,0.01188418,0.38193596,0.39228544,0.40669920,-0.03293694,-0.46455967,0.16522499,-1.37885948,0.05497827,0.18599322,-0.01618830,0.31028927,-0.11248463,0.30176573,0.93555631,1.56902684,0.17966286,0.09995697,0.08216339,0.06185130,0.10499366,0.21909239,0.24295091,0.93555631,0.65755072,0.77824958,0.77641701,1.56902684,1.70065319,1.70655258,0.17966286,0.24365955,0.09995697,0.50246098,1.40247158,0.29806837,0.33231842,0.33505882
88,0.14629764,0.01171605,0.38010982,0.38865841,0.41405093,-0.03659214,-0.45670712,0.15593991,-1.36829762,0.05337876,0.19954630,-0.01822659,0.31117274,-0.11361963,0.29299450,0.93170105,1.57151316,0.16962743,0.10155445,0.07518681,0.06398917,0.10571255,0.21949123,0.24362172,0.93170105,0.66319548,0.77157282,0.76063314,1.57151316,1.69010376,1.68622030,0.16962743,0.23446822,0.10155445,0.49553529,1.39016957,0.30280085,0.33246653,0.32578934
89,0.14632636,0.01326835,0.38120899,0.38441906,0.40202374,-0.03110673,-0.44656953,0.15126436,-1.36621319,0.04402481,0.19512858,-0.02237470,0.31742770,-0.11572661,0.30063115,0.93761988,1.56526803,0.17436481,0.09793522,0.08352229,0.06217404,0.10364182,0.21984087,0.24304657,0.93761988,0.64726557,0.76688583,0.75738026,1.56526803,1.69433124,1.69114619,0.17436481,0.23109867,0.09793522,0.48274712,1.38790426,0.29722206,0.33828227,0.33457834
90,0.14564962,0.01318583,0.38922966,0.38362191,0.40295942,-0.02305038,-0.44276196,0.15129267,-1.36810312,0.04095707,0.16922013,-0.02032530,0.32717853,-0.11369944,0.31296371,0.94162709,1.54167335,0.19707257,0.09803001,0.08144572,0.07799717,0.10466159,0.21824008,0.24203880,0.94162709,0.61649629,0.77248537,0.76631044,1.54167335,1.70521331,1.70430810,0.19707257,0.24634447,0.09803001,0.48002205,1.38910398,0.28216817,0.34956512,0.34630392
91,0.14605398,0.01252311,0.38382956,0.38992167,0.39795829,-0.01083631,-0.42598926,0.14925496,-1.36660868,0.03312063,0.18533433,-0.02627928,0.31009621,-0.11887819,0.30224179,0.95418806,1.55658894,0.17219510,0.09495978,0.08156150,0.06792036,0.10173571,0.21879652,0.24129250,0.95418806,0.61419834,0.73892630,0.74079742,1.55658894,1.68739851,1.69272142,0.17219510,0.22742275,0.09495978,0.46165616,1.38733944,0.28765638,0.33168518,0.33844969
92,0.14761046,0.01270067,0.39379307,0.39215254,0.41397182,-0.01686483,-0.44004162,0.14907807,-1.37529650,0.03567397,0.15333356,-0.02312412,0.30870564,-0.11917492,0.29182055,0.94987281,1.53314790,0.19509011,0.10104855,0.08809137,0.08734450,0.10522036,0.21790793,0.24198180,0.94987281,0.59676000,0.75173624,0.74482435,1.53314790,1.69427654,1.69137741,0.19509011,0.24440027,0.10104855,0.47686052,1.39598728,0.26936451,0.33069041,0.32776682
93,0.14646604,0.01293551,0.39339567,0.38367354,0.40522806,-0.01869687,-0.43520200,0.14677178,-1.37299765,0.03496516,0.15085663,-0.02402373,0.31563283,-0.11910752,0.29882795,0.95228765,1.52830161,0.20193098,0.10089637,0.08335728,0.07453790,0.10501880,0.21812156,0.24208669,0.95228765,0.58961695,0.75362884,0.74679095,1.52830161,1.69860620,1.69562585,0.20193098,0.25006457,0.10089637,0.47328322,1.39361459,0.26999095,0.33868546,0.33436102
94,0.14975856,0.01198704,0.38807768,0.39049735,0.40449354,-0.02817887,-0.43319089,0.14323837,-1.37357955,0.03355224,0.16252652,-0.02729378,0.30649952,-0.11966775,0.29636962,0.95598896,1.54025116,0.18758625,0.09574753,0.09081723,0.08389335,0.10394016,0.21837690,0.24185125,0.95598896,0.60030872,0.74234580,0.74026280,1.54025116,1.69046050,1.69346923,0.18758625,0.23971922,0.09574753,0.46824661,1.39399119,0.27279745,0.32773284,0.33197295
95,0.14885219,0.01224850,0.38223364,0.37922848,0.40054307,-0.03120466,-0.42919163,0.13692464,-1.35748649,0.03793711,0.17387184,-0.02489864,0.31998582,-0.11707684,0.29585649,0.94348665,1.53487575,0.18770067,0.09863747,0.08515482,0.08291240,0.10445921,0.21879318,0.24245037,0.94348665,0.60863456,0.75124105,0.73457151,1.53487575,1.68664138,1.67536573,0.18770067,0.23361751,0.09863747,0.46412753,1.37711013,0.28162158,0.34216388,0.33151909
96,0.15144885,0.01227560,0.38372788,0.38608724,0.40708608,-0.03582911,-0.43351451,0.13235961,-1.37567418,0.03372461,0.17553492,-0.02965236,0.31686976,-0.12194075,0.29302648,0.95720555,1.55458747,0.18381690,0.09826262,0.08601347,0.06722890,0.10386280,0.21869195,0.24210256,0.95720555,0.61463348,0.75237225,0.73579149,1.55458747,1.70177630,1.69064970,0.18381690,0.23049510,0.09826262,0.46785466,1.39492887,0.28107515,0.33940497,0.33103311
97,0.15199481,0.01237417,0.38321145,0.38145813,0.39185662,-0.04405611,-0.43030638,0.12508674,-1.36778717,0.03217066,0.16350618,-0.02810197,0.31993275,-0.11644848,0.31139591,0.95270048,1.53434464,0.19443128,0.09157216,0.07916358,0.04792166,0.10333965,0.21934803,0.24247194,0.95270048,0.59998304,0.75272872,0.74967876,1.53434464,1.69617184,1.69907748,0.19443128,0.24208605,0.09157216,0.46798071,1.38674013,0.27443818,0.34269601,0.34632704
98,0.14850498,0.01211235,0.37868890,0.38327730,0.39997897,-0.04418243,-0.43671248,0.12227439,-1.37272714,0.02289167,0.18987509,-0.03731324,0.32312088,-0.12392483,0.30373059,0.95086891,1.56592186,0.17716888,0.09178219,0.07569293,0.04160776,0.10238184,0.21998208,0.24263997,0.95086891,0.63146439,0.76219794,0.74933251,1.56592186,1.70510244,1.69743913,0.17716888,0.22305094,0.09178219,0.47242345,1.39155256,0.28785322,0.34502776,0.34061769
99,0.14971424,0.01195359,0.37975707,0.37960428,0.39499854,-0.04915593,-0.44333107,0.12001486,-1.37812268,0.03007543,0.18183226,-0.03259844,0.32814620,-0.11991222,0.31209171,0.95028075,1.56270599,0.18801451,0.09182332,0.07571597,0.04948302,0.10466933,0.21818477,0.24199227,0.95028075,0.63187478,0.77351453,0.76263224,1.56270599,1.71484042,1.71015106,0.18801451,0.23392632,0.09182332,0.47796183,1.39712590,0.28561020,0.35027799,0.34747903
100,0.14575053,0.01191384,0.38022569,0.38111074,0.38280997,-0.04160210,-0.42858788,0.11344863,-1.36534643,0.03254013,0.18106282,-0.03128801,0.32162406,-0.11890322,0.31884979,0.94988149,1.54859018,0.18267117,0.08949199,0.07645611,0.04420945,0.10269338,0.21939221,0.24223722,0.94988149,0.61551379,0.75241439,0.75511982,1.54859018,1.69521998,1.70316958,0.18267117,0.23516331,0.08949199,0.46422468,1.38460744,0.28259540,0.34362304,0.35436180
101,0.14483773,0.01184196,0.37840421,0.38398777,0.39930762,-0.04960655,-0.42483470,0.10393048,-1.36065785,0.03020563,0.18553717,-0.03624238,0.31223856,-0.12443411,0.30203882,0.94847351,1.54807964,0.17367592,0.09179540,0.06583600,0.05558097,0.10400910,0.21940032,0.24280526,0.94847351,0.61662752,0.73982450,0.73571906,1.54807964,1.68059576,1.68139612,0.17367592,0.22873755,0.09179540,0.46394159,1.37861696,0.28622755,0.33553780,0.33993591
102,0.14856815,0.01293064,0.37462672,0.37225336,0.39127787,-0.05944278,-0.42860834,0.09624334,-1.35951958,0.03136145,0.19498982,-0.03635183,0.32915300,-0.12517765,0.30849067,0.94417742,1.55597326,0.18056638,0.09446017,0.06925907,0.05505846,0.10359735,0.21871801,0.24201235,0.94417742,0.63169341,0.76020213,0.74443663,1.55597326,1.69583270,1.68598871,0.18056638,0.23008541,0.09446017,0.46578848,1.37717698,0.29280647,0.35090881,0.34525599
103,0.14494024,0.01330585,0.37204500,0.37351633,0.39345783,-0.05919383,-0.44201290,0.09401301,-1.38826977,0.03481548,0.20793199,-0.02852273,0.34751907,-0.11849548,0.32379072,0.95910511,1.59740298,0.18711186,0.09639271,0.07668341,0.06666275,0.10692885,0.21711870,0.24202130,0.95910511,0.65860692,0.79220510,0.77251463,1.59740298,1.74238765,1.72897819,0.18711186,0.23340270,0.09639271,0.47983899,1.40703686,0.30985581,0.36868352,0.35753444
104,0.14749929,0.01465463,0.37149969,0.37614539,0.39758563,-0.07346373,-0.44354626,0.08885513,-1.39453553,0.04214447,0.19618096,-0.02081507,0.33968021,-0.11537151,0.32536548,0.96530730,1.59147810,0.19027984,0.09985367,0.07324419,0.06533325,0.10897331,0.21752258,0.24329253,0.96530730,0.65190075,0.78723620,0.77507569,1.59147810,1.74013448,1.73621324,0.19027984,0.24530709,0.09985367,0.48565534,1.41406284,0.30690516,0.36230221,0.35819805
105,0.14709093,0.01408149,0.37424006,0.38086678,0.39972916,-0.07763455,-0.45280574,0.08887041,-1.40883895,0.04216979,0.17681145,-0.01779388,0.33094320,-0.11194031,0.32734590,0.97086151,1.58641176,0.19866399,0.09836671,0.07551458,0.06707071,0.10945233,0.21830007,0.24420224,0.97086151,0.64245253,0.78876567,0.78653208,1.58641176,1.74562310,1.75208514,0.19866399,0.25602687,0.09836671,0.49743860,1.42866114,0.29723941,0.35425047,0.35925410
106,0.14827220,0.01347370,0.37383418,0.38134398,0.39952147,-0.06737079,-0.44084660,0.08976517,-1.39515236,0.05051464,0.18726748,-0.01064128,0.32919759,-0.10419941,0.31812052,0.96765244,1.58294067,0.19000349,0.09711148,0.08617671,0.07687402,0.10909762,0.22114426,0.24659091,0.96765244,0.64041892,0.77522157,0.76549473,1.58294067,1.73017105,1.72864863,0.19000349,0.24297715,0.09711148,0.48315727,1.41475938,0.29878599,0.34944608,0.34747914
107,0.15063293,0.01290549,0.37857206,0.38664164,0.40346673,-0.06135208,-0.44657388,0.08722171,-1.39788592,0.04643778,0.17130676,-0.01124531,0.31961880,-0.10450584,0.30664249,0.96317718,1.56976350,0.19438234,0.09685022,0.08509568,0.06607037,0.10850608,0.22333289,0.24829649,0.96317718,0.62828280,0.77148017,0.76074323,1.56976350,1.72324604,1.71967937,0.19438234,0.24317955,0.09685022,0.48849770,1.41679492,0.28650949,0.33928737,0.33639485
108,0.14743929,0.01255954,0.37112810,0.38408205,0.39811824,-0.05706731,-0.43317588,0.08573304,-1.39655358,0.05552072,0.19105002,-0.00895797,0.31581989,-0.10246935,0.31548575,0.97399399,1.58797782,0.17982640,0.09468210,0.09076773,0.09316703,0.10930696,0.22208426,0.24752662,0.97399399,0.63500048,0.75505402,0.75632011,1.58797782,1.71765789,1.72589651,0.17982640,0.23793054,0.09468210,0.47834685,1.41455607,0.30003422,0.33530415,0.34572469
109,0.15062557,0.01293963,0.37031586,0.37553091,0.39754321,-0.05574360,-0.42583337,0.08866016,-1.38849140,0.05244131,0.19487746,-0.00890309,0.32923572,-0.10280537,0.31939759,0.97346450,1.58387184,0.18246025,0.09626195,0.09201870,0.10333133,0.10934025,0.22218456,0.24763132,0.97346450,0.63056992,0.76094930,0.75348007,1.58387184,1.72286666,1.72204834,0.18246025,0.23548809,0.09626195,0.47205557,1.40624250,0.29935083,0.34851707,0.34878124
110,0.14784384,0.01399357,0.37412845,0.37722304,0.40225082,-0.04793812,-0.42187710,0.09070030,-1.40347105,0.05306283,0.19114122,-0.01158780,0.32436618,-0.10463273,0.31853485,0.99135744,1.59515551,0.18261854,0.09573746,0.09012081,0.10509777,0.10943277,0.22070167,0.24634277,0.99135744,0.62175752,0.75167840,0.74987703,1.59515551,1.73315340,1.73659157,0.18261854,0.24009816,0.09573746,0.46670928,1.42058397,0.29477134,0.34308271,0.34699098
111,0.14734479,0.01375359,0.37368556,0.37697165,0.40234669,-0.04537276,-0.42528472,0.09268133,-1.40685612,0.05869121,0.18765135,-0.00586765,0.32368199,-0.10475374,0.31433353,0.99126329,1.59494052,0.18606073,0.10179665,0.09178240,0.09691501,0.10933277,0.21920280,0.24495617,0.99126329,0.62212790,0.75497105,0.74991987,1.59494052,1.73590358,1.73639292,0.18606073,0.24510742,0.10179665,0.47125567,1.42483564,0.29561686,0.34238309,0.34311729
112,0.14791267,0.01320511,0.37402245,0.38132989,0.40688029,-0.04089952,-0.41737517,0.09071294,-1.41136634,0.05492467,0.19552303,-0.00906904,0.32545435,-0.10687195,0.31144042,1.00274061,1.60735450,0.18130724,0.10094411,0.09423989,0.10318660,0.10861577,0.21992666,0.24528580,1.00274061,0.62092337,0.74804601,0.73899863,1.60735450,1.74224541,1.73791657,0.18130724,0.23759227,0.10094411,0.46060236,1.42872439,0.29742612,0.34309812,0.34070593
113,0.14833125,0.01341801,0.37024594,0.37102533,0.39378768,-0.02655045,-0.42084586,0.09859537,-1.41891958,0.05802332,0.20326337,-0.00720066,0.34123316,-0.10080717,0.32585118,1.00604132,1.62273104,0.18962252,0.09660965,0.10014383,0.10183084,0.10728884,0.21830401,0.24324378,1.00604132,0.63048148,0.76688757,0.75725757,1.62273104,1.76622185,1.76017808,0.18962252,0.23952891,0.09660965,0.46406867,1.43794595,0.30710250,0.35866747,0.35326092
114,0.14932257,0.01367175,0.37028911,0.36964127,0.39563003,-0.01995680,-0.42191374,0.10158369,-1.42514056,0.06265810,0.20928818,-0.00339213,0.35023679,-0.09515800,0.33113927,1.01083519,1.63497563,0.19177036,0.09508545,0.10076490,0.12486561,0.10808218,0.21655835,0.24203156,1.01083519,0.63784121,0.77567779,0.76189701,1.63497563,1.78104016,1.77077787,0.19177036,0.23693280,0.09508545,0.46027150,1.44358130,0.31208825,0.36737856,0.35736412
115,0.14855585,0.01337711,0.36897260,0.36748110,0.39753298,-0.01611760,-0.41955315,0.10797033,-1.44309415,0.06379383,0.21522455,-0.00512027,0.35149093,-0.09759034,0.33452507,1.03152195,1.65894544,0.19041667,0.09537761,0.10574987,0.13487693,0.10752236,0.21513136,0.24050480,1.03152195,0.64122924,0.77436482,0.76342424,1.65894544,1.80106206,1.79338698,0.19041667,0.23902598,0.09537761,0.45512692,1.46190524,0.31335202,0.36683767,0.35960521
116,0.15029032,0.01401206,0.37441705,0.37125410,0.40410849,-0.01328362,-0.42264425,0.11179420,-1.44988910,0.06212280,0.20755745,-0.00353294,0.34846382,-0.09658450,0.32313892,1.03564478,1.65820012,0.19483928,0.09785290,0.10827936,0.14377668,0.10833884,0.21502005,0.24077153,1.03564478,0.63640750,0.77441592,0.75549613,1.65820012,1.80551583,1.78984662,0.19483928,0.23773277,0.09785290,0.45747701,1.47009118,0.30963765,0.36359932,0.34834587
117,0.15132374,0.01297230,0.37327159,0.36624961,0.40359881,-0.00384502,-0.41650877,0.12216940,-1.44830730,0.06492681,0.20896547,-0.00000433,0.35190509,-0.09647674,0.31896334,1.04039837,1.65827260,0.19663257,0.10357789,0.10919359,0.14441840,0.10693738,0.21620648,0.24120706,1.04039837,0.63124632,0.77143950,0.74631088,1.65827260,1.80783876,1.78552323,0.19663257,0.23842342,0.10357789,0.44890184,1.46875036,0.30861766,0.36563019,0.34291425
118,0.15330508,0.01242674,0.37066788,0.35752743,0.39861740,0.00570626,-0.41383534,0.12736519,-1.45725833,0.06746475,0.22581073,0.00209259,0.36749959,-0.09621046,0.32548873,1.05167440,1.68415281,0.19675419,0.10893325,0.11239641,0.14715770,0.10689740,0.21483336,0.23995922,1.05167440,0.64520464,0.78381182,0.75092655,1.68415281,1.83248032,1.80162423,0.19675419,0.23778758,0.10893325,0.44453847,1.47811135,0.32235157,0.38088966,0.34851774
119,0.15347300,0.01249618,0.37816429,0.36753214,0.41066638,0.01825577,-0.41511276,0.13320327,-1.47512134,0.07058694,0.20623000,0.00435453,0.35834923,-0.09560187,0.31768985,1.06708872,1.68257031,0.20508201,0.11092589,0.11059214,0.15938001,0.10661446,0.21325186,0.23841770,1.06708872,0.62608681,0.77624315,0.74701872,1.68257031,1.84111258,1.81222747,0.20508201,0.24784669,0.11092589,0.44706733,1.49565095,0.31066789,0.37228588,0.34016171
120,0.15250672,0.01198540,0.37169301,0.35361835,0.39450967,0.02779973,-0.41460791,0.14096189,-1.46552176,0.06979268,0.22946598,0.00114295,0.37586584,-0.09651354,0.32331389,1.05789100,1.69655508,0.20063460,0.11328297,0.10699242,0.14669686,0.10299224,0.21310677,0.23668945,1.05789100,0.64817895,0.79314075,0.75284159,1.69655508,1.84955559,1.80892804,0.20063460,0.23790884,0.11328297,0.44540538,1.48635571,0.32536993,0.38922285,0.34630208
121,0.15570511,0.01183548,0.37788883,0.36951983,0.39501167,0.03754017,-0.39711440,0.15087015,-1.46012254,0.07833324,0.22439062,0.01097754,0.36417960,-0.08731974,0.32243534,1.06960807,1.68617480,0.19628183,0.10848263,0.10607561,0.14331693,0.10390563,0.21452627,0.23836506,1.06960807,0.62513678,0.76467115,0.73532063,1.68617480,1.83248689,1.80245719,0.19628183,0.23759169,0.10848263,0.43162290,1.48145637,0.32278002,0.37734654,0.34329470
122,0.15399627,0.01133014,0.38324988,0.37043769,0.40023820,0.04246985,-0.41716333,0.16061372,-1.47513012,0.08375223,0.20694026,0.01121350,0.35719899,-0.08906250,0.30780873,1.06539015,1.68389360,0.20684918,0.11376067,0.10999106,0.14109945,0.10250619,0.21290177,0.23629364,1.06539015,0.62811584,0.77768383,0.74178361,1.68389360,1.84152780,1.80489855,0.20684918,0.24617437,0.11376067,0.45038003,1.49819453,0.31482084,0.37102638,0.32992906
123,0.15029303,0.01151730,0.38128850,0.37180708,0.39974043,0.05900722,-0.38695942,0.17159314,-1.45373093,0.09449325,0.21297989,0.02123017,0.35992497,-0.07771775,0.31189165,1.07318031,1.66862475,0.20403254,0.11210733,0.10364606,0.15627078,0.10506458,0.21427400,0.23864600,1.07318031,0.60333698,0.75091769,0.71771609,1.66862475,1.82263230,1.78729528,0.20403254,0.24460500,0.11210733,0.42536870,1.47725034,0.32023205,0.37378018,0.33049531
124,0.14652368,0.01239288,0.38758650,0.37110465,0.40278667,0.06759315,-0.38342855,0.18083380,-1.45530955,0.10083311,0.17657965,0.02256146,0.35868810,-0.07557298,0.29730223,1.07819535,1.63402002,0.23292101,0.11854684,0.10238543,0.14342653,0.10344481,0.21478049,0.23839356,1.07819535,0.56331460,0.74688690,0.70232936,1.63402002,1.82356107,1.77562232,0.23292101,0.25994228,0.11854684,0.42564426,1.48000193,0.30185481,0.37325658,0.31583535
125,0.14630390,0.01183312,0.38580226,0.37948851,0.41081743,0.07663854,-0.36231109,0.19088836,-1.43047656,0.10315909,0.18866658,0.02167290,0.34726022,-0.07931891,0.28938451,1.07450223,1.62170838,0.21676203,0.11933108,0.10091313,0.14779409,0.10393545,0.21730635,0.24088302,1.07450223,0.55367799,0.71569246,0.67778615,1.62170838,1.78848224,1.74541860,0.21676203,0.25652948,0.11933108,0.40835419,1.45626873,0.30750345,0.36108568,0.30817697
126,0.15040512,0.01137064,0.38528997,0.37562403,0.39905809,0.07862051,-0.35347023,0.19770976,-1.41471645,0.10460426,0.18754262,0.02447307,0.34885706,-0.07298401,0.30058718,1.06808010,1.60520819,0.21653381,0.11167273,0.09578478,0.13826594,0.10315388,0.21897075,0.24205147,1.06808010,0.54370089,0.70816816,0.67854162,1.60520819,1.77445153,1.74049681,0.21653381,0.25592537,0.11167273,0.40068627,1.44114592,0.30663004,0.36337484,0.31789653
127,0.14741198,0.01096867,0.38648551,0.38413896,0.40771252,0.08586497,-0.35658066,0.20572968,-1.41309438,0.10476830,0.19408973,0.02121789,0.33281159,-0.07191784,0.28594544,1.06345180,1.61051939,0.20043597,0.10666553,0.09813366,0.14459515,0.10232691,0.21950989,0.24218874,1.06345180,0.55256861,0.69662274,0.66897379,1.61051939,1.75819176,1.72557534,0.20043597,0.24378372,0.10666553,0.40284716,1.43993679,0.30337371,0.34546727,0.30251758
128,0.14234290,0.01131954,0.37796194,0.37143953,0.39546326,0.10176891,-0.33652826,0.21478991,-1.40511841,0.10824256,0.21094712,0.02400705,0.35696110,-0.06848501,0.30602900,1.07470352,1.61979548,0.20667478,0.10777366,0.10119184,0.16283059,0.10357908,0.21897630,0.24223799,1.07470352,0.54935331,0.70181768,0.67166247,1.61979548,1.77480516,1.73820458,0.20667478,0.24536214,0.10777366,0.38973276,1.43359898,0.31878774,0.36978851,0.32174101
129,0.14890039,0.01139928,0.37575721,0.37478236,0.40352387,0.09985574,-0.34316039,0.22441781,-1.41922072,0.11171794,0.20619964,0.02594722,0.36286023,-0.07066159,0.30119896,1.08331608,1.62953622,0.21631292,0.11696989,0.10428004,0.16389928,0.10388496,0.21749640,0.24103271,1.08331608,0.55085010,0.71475162,0.67502586,1.62953622,1.79564846,1.74959577,0.21631292,0.25185693,0.11696989,0.40020900,1.44968403,0.32074830,0.37644074,0.31796527
130,0.15126864,0.01226038,0.36209127,0.35639387,0.38710269,0.10227812,-0.32940402,0.22668912,-1.40089446,0.11508520,0.24659877,0.03055853,0.39924093,-0.07118618,0.32279873,1.07874942,1.65148095,0.21149596,0.12926350,0.10504919,0.14884948,0.10470597,0.21725984,0.24117458,1.07874942,0.57738899,0.73670431,0.68289008,1.65148095,1.81317853,1.75306643,0.21149596,0.24641650,0.12926350,0.38966803,1.43214493,0.34942712,0.41262585,0.33940464
131,0.15809158,0.01234770,0.35718618,0.34900916,0.36650153,0.10525717,-0.32048722,0.23383026,-1.39164573,0.10956463,0.27381573,0.02720403,0.40903418,-0.06984365,0.34468611,1.07892799,1.67024382,0.19957003,0.11827852,0.10860078,0.14211756,0.10322090,0.21650239,0.23984962,1.07892799,0.59539504,0.73867418,0.69602492,1.67024382,1.81519241,1.76674381,0.19957003,0.23967814,0.11827852,0.38558626,1.42525142,0.36947821,0.42221329,0.36074455
132,0.15571843,0.01205195,0.35766757,0.36323505,0.39326128,0.11549339,-0.34282944,0.24354092,-1.41026930,0.11898767,0.28095766,0.03096949,0.39954985,-0.07575327,0.32014645,1.07532461,1.69584919,0.19542024,0.13436852,0.12198376,0.15994982,0.10496670,0.21428829,0.23861575,1.07532461,0.62473748,0.75302874,0.69915000,1.69584919,1.82595139,1.76480009,0.19542024,0.24709479,0.13436852,0.40744185,1.44643823,0.37716735,0.41156686,0.33737522
133,0.15617556,0.01202891,0.34305420,0.34334248,0.36983447,0.12003164,-0.32349462,0.24409785,-1.37881682,0.12334897,0.29214189,0.03806141,0.41108978,-0.06652872,0.33867820,1.06277162,1.67535329,0.19207815,0.12853375,0.11913917,0.14227604,0.10447107,0.21745382,0.24124753,1.06277162,0.61641779,0.74503855,0.69699811,1.67535329,1.80527781,1.75031195,0.19207815,0.24208511,0.12853375,0.39343321,1.41572180,0.38588757,0.42374872,0.35365732
134,0.15371390,0.01241016,0.33290748,0.32970204,0.35655401,0.12778767,-0.30863223,0.24108226,-1.37405129,0.12661739,0.31168797,0.03953140,0.42526720,-0.06606358,0.34637768,1.07172802,1.68963267,0.19154832,0.13274212,0.12172315,0.15029193,0.10400573,0.21809055,0.24162094,1.07172802,0.62113231,0.74534021,0.69209766,1.68963267,1.81461175,1.75297120,0.19154832,0.24244766,0.13274212,0.38313431,1.41122034,0.40162703,0.43691050,0.36079471
135,0.15631779,0.01223524,0.31260616,0.30977296,0.34203428,0.12715142,-0.27944152,0.23821271,-1.34148090,0.12444853,0.33581393,0.03859016,0.43786170,-0.06539840,0.35656174,1.06833649,1.68115227,0.18187099,0.13284603,0.11955106,0.15963472,0.10489328,0.22156882,0.24514352,1.06833649,0.61633950,0.72799339,0.67232652,1.68115227,1.79452822,1.73025329,0.18187099,0.23600123,0.13284603,0.35210420,1.37784390,0.41457558,0.44773646,0.36924213
136,0.15943442,0.01218942,0.30535219,0.30580866,0.34633399,0.13674719,-0.25379723,0.23262581,-1.31432374,0.12636486,0.34074598,0.03775350,0.43011496,-0.06346925,0.35046144,1.06522894,1.65847755,0.17245110,0.12963849,0.11179703,0.16703048,0.10557828,0.22657893,0.24996957,1.06522894,0.59534735,0.69671687,0.64491459,1.65847755,1.75919188,1.69603934,0.17245110,0.23175028,0.12963849,0.33342295,1.34904395,0.41321259,0.43889025,0.36187848
137,0.16336950,0.01188388,0.29761185,0.28682766,0.31492969,0.12786875,-0.24306093,0.23088116,-1.29862497,0.12673185,0.34124395,0.04148804,0.43811635,-0.05960592,0.36455974,1.06091431,1.64319287,0.17370824,0.12606059,0.11073836,0.16239237,0.10571898,0.22879322,0.25203738,1.06091431,0.58534087,0.69145240,0.64333858,1.64319287,1.75038412,1.69293383,0.17370824,0.22979402,0.12606059,0.32299930,1.33357339,0.41766897,0.44888655,0.37641925
138,0.16126364,0.01305177,0.29732859,0.28106802,0.31355105,0.13273446,-0.26043159,0.23641764,-1.31037428,0.12995310,0.35622014,0.03921626,0.43825008,-0.06302155,0.35862469,1.05568457,1.66999300,0.17045023,0.13080061,0.11654333,0.16110223,0.10369499,0.22777958,0.25027222,1.05568457,0.61787959,0.70942321,0.65657176,1.66999300,1.76355972,1.70095447,0.17045023,0.23637416,0.13080061,0.33300321,1.34589807,0.42793317,0.44715272,0.36933986
139,0.16270185,0.01319136,0.27589004,0.25877312,0.29225033,0.13607550,-0.22744620,0.23193893,-1.28400433,0.13323378,0.36893170,0.04062576,0.44229526,-0.06544493,0.36854856,1.06167114,1.65588188,0.16517011,0.13038296,0.11692756,0.17206836,0.10619866,0.23117454,0.25440091,1.06167114,0.59761785,0.68088273,0.63622429,1.65588188,1.74084201,1.68452929,0.16517011,0.23910608,0.13038296,0.30479090,1.31869054,0.43535403,0.45018844,0.37845534
140,0.16135919,0.01364001,0.24160238,0.22485433,0.26201762,0.13654919,-0.20589542,0.22953340,-1.24497132,0.12883239,0.39613194,0.03993004,0.44921256,-0.06538824,0.36293986,1.04400935,1.64419036,0.15446323,0.13746478,0.11544188,0.17167329,0.10619478,0.23645523,0.25920727,1.04400935,0.60335347,0.66647243,0.61095429,1.64419036,1.70868717,1.64028214,0.15446323,0.23808022,0.13746478,0.28607445,1.27934276,0.45516216,0.45620616,0.37213225
141,0.15931370,0.01398433,0.22183895,0.20559361,0.23085190,0.13573237,-0.18931343,0.22760266,-1.21318960,0.13188623,0.40454976,0.04224695,0.45236851,-0.06270192,0.37788332,1.02861172,1.62056939,0.15251858,0.13021165,0.11367631,0.16202980,0.10604342,0.24015366,0.26252426,1.02861172,0.59485245,0.65333295,0.60908784,1.62056939,1.67981221,1.62298708,0.15251858,0.23752335,0.13021165,0.27474583,1.24762008,0.46191590,0.45910579,0.38582395
142,0.15530378,0.01400399,0.21317967,0.19643577,0.22073102,0.13912531,-0.17636022,0.22535024,-1.18895502,0.13143647,0.40217822,0.04279808,0.45110072,-0.06211711,0.37336360,1.01676005,1.59390245,0.15031750,0.13194559,0.10764900,0.16649600,0.10592217,0.24462120,0.26656901,1.01676005,0.57949494,0.63967508,0.59349571,1.59390245,1.65388877,1.59382275,0.15031750,0.23496915,0.13194559,0.26827220,1.22322741,0.45943564,0.45819132,0.38165185
143,0.15093664,0.01482648,0.21194790,0.18863551,0.20491094,0.14086552,-0.16543139,0.22180388,-1.17108186,0.13596675,0.39101929,0.04528104,0.44973547,-0.05911705,0.37707964,1.00930119,1.56445775,0.15042972,0.12845988,0.10279889,0.17622244,0.10556929,0.24585169,0.26755921,1.00930119,0.55720051,0.62719459,0.58582030,1.56445775,1.63375166,1.57820953,0.15042972,0.23087401,0.12845988,0.25889550,1.20384341,0.44724522,0.45659796,0.38451579
144,0.15516468,0.01496500,0.19908861,0.18095628,0.19238046,0.13922565,-0.15705581,0.21907833,-1.16580838,0.13546708,0.39856491,0.04701761,0.45697920,-0.05702762,0.38904617,1.01238438,1.56660617,0.14988474,0.12540488,0.10595823,0.16363752,0.10513844,0.24719161,0.26862200,1.01238438,0.55647115,0.62548686,0.58759981,1.56660617,1.63535495,1.58399404,0.14988474,0.22857285,0.12540488,0.25313663,1.19870091,0.45475695,0.46411857,0.39626445
145,0.15271405,0.01446468,0.20761497,0.18756445,0.20636011,0.14607978,-0.16341662,0.21867560,-1.18294644,0.13276348,0.41058177,0.04349777,0.46377176,-0.06010891,0.38148791,1.02268902,1.59584483,0.15139910,0.13339703,0.10689924,0.16433441,0.10462876,0.24410902,0.26558688,1.02268902,0.57535310,0.63969698,0.58951898,1.59584483,1.65948483,1.59393908,0.15139910,0.23282827,0.13339703,0.26149709,1.21593725,0.46745457,0.47098423,0.38976238
146,0.15384141,0.01410600,0.21622319,0.19477609,0.21060824,0.14337038,-0.15784760,0.21338485,-1.18193939,0.13125728,0.39795884,0.04493282,0.45347350,-0.05764488,0.37758116,1.02701250,1.58203299,0.15200056,0.12863828,0.10665680,0.15819727,0.10516584,0.24476656,0.26640294,1.02701250,0.55705378,0.62395084,0.57946187,1.58203299,1.64773324,1.58791840,0.15200056,0.22933081,0.12863828,0.26074400,1.21491606,0.45818277,0.46153125,0.38616542
147,0.15549602,0.01462116,0.21359217,0.19112502,0.20614975,0.13811767,-0.16268688,0.20937007,-1.18842921,0.12788918,0.39932498,0.04207950,0.45305077,-0.05798851,0.37544218,1.02890539,1.58984521,0.15101415,0.12787337,0.10869238,0.17000920,0.10520769,0.24384127,0.26556962,1.02890539,0.56352692,0.62733281,0.57974354,1.58984521,1.65362891,1.59167534,0.15101415,0.22796513,0.12787337,0.25722432,1.22027582,0.45774203,0.46059305,0.38368619
148,0.16273333,0.01451805,0.21274912,0.18941660,0.20877251,0.12331717,-0.17109041,0.20878507,-1.18101065,0.12751598,0.39857208,0.04196689,0.44623421,-0.06096184,0.35771304,1.01436968,1.58167416,0.14933688,0.13721119,0.11170958,0.16927445,0.10490326,0.24559118,0.26705752,1.01436968,0.57136517,0.62645847,0.56698676,1.58167416,1.63947600,1.56759182,0.14933688,0.23407604,0.13721119,0.25276880,1.21284352,0.45682055,0.45370840,0.36637437
149,0.16172356,0.01430177,0.20761154,0.18322098,0.19708306,0.12246509,-0.17242739,0.20500034,-1.18581292,0.12797315,0.38976320,0.04169629,0.44484338,-0.05935606,0.37873826,1.01780676,1.57746127,0.15081718,0.12170958,0.10925585,0.16455985,0.10365575,0.24362073,0.26475569,1.01780676,0.56442282,0.62550597,0.58535454,1.57746127,1.64233389,1.59146518,0.15081718,0.22602265,0.12170958,0.24772635,1.21614075,0.44752192,0.45194983,0.38698741
150,0.16565777,0.01474016,0.20813361,0.17644676,0.18644337,0.11429234,-0.16124630,0.19631040,-1.18038991,0.11786221,0.39355421,0.03307668,0.45593279,-0.06888543,0.38099681,1.02358248,1.57589911,0.15283080,0.12751548,0.11132130,0.15722596,0.10422096,0.24442953,0.26572129,1.02358248,0.55708937,0.62543122,0.57740402,1.57589911,1.64804368,1.58864372,0.15283080,0.22594701,0.12751548,0.23703053,1.20994997,0.44899613,0.46251437,0.39100461
151,0.17307199,0.01494624,0.23259657,0.19507703,0.20913940,0.11452143,-0.15955923,0.19495041,-1.22117453,0.11481334,0.37598638,0.03197437,0.44672546,-0.06967978,0.37021062,1.06562695,1.59919536,0.15682197,0.12865642,0.11250160,0.16280344,0.10415242,0.24053407,0.26211517,1.06562695,0.53830516,0.61465686,0.56620422,1.59919536,1.67905627,1.61791292,0.15682197,0.22686837,0.12865642,0.23876018,1.24984348,0.43671980,0.45450504,0.38119536
152,0.18083524,0.01303199,0.24593888,0.21199245,0.24111174,0.10511453,-0.15661072,0.18758000,-1.23111193,0.11312110,0.35361991,0.02792043,0.41861045,-0.07695900,0.33409352,1.07851658,1.58651181,0.15658047,0.13657501,0.11350365,0.16442093,0.10554865,0.24077639,0.26289502,1.07851658,0.51303620,0.58359451,0.53005577,1.58651181,1.66069865,1.59245316,0.15658047,0.23497318,0.13657501,0.23227625,1.25804925,0.41640116,0.42608098,0.34673203
153,0.18592144,0.01325181,0.25824301,0.22108914,0.24783312,0.10338630,-0.15023269,0.18076426,-1.23401623,0.10770621,0.34143973,0.02670279,0.40756458,-0.07190318,0.34053789,1.08716536,1.57720782,0.15184577,0.12122455,0.10883816,0.16140580,0.10502642,0.24229332,0.26407688,1.08716536,0.49427014,0.56619786,0.52748263,1.57720782,1.65161484,1.59908616,0.15184577,0.22290364,0.12122455,0.22823778,1.25927016,0.40422527,0.41573640,0.35246768
154,0.19086610,0.01232884,0.24949398,0.21996927,0.25935225,0.09767479,-0.13788883,0.17399293,-1.23439345,0.10042756,0.33923112,0.01718901,0.39585987,-0.08284765,0.31553065,1.09955816,1.57544298,0.14839294,0.13148673,0.11003133,0.15141293,0.10411124,0.24423078,0.26549543,1.09955816,0.47947841,0.54328645,0.49633374,1.57544298,1.64031904,1.57564247,0.14839294,0.23052458,0.13148673,0.22078963,1.25837742,0.40135189,0.40432894,0.33030045
155,0.19669740,0.01348811,0.21554406,0.18291336,0.19891099,0.08401853,-0.11035718,0.16108295,-1.18531721,0.09722909,0.35923344,0.01789962,0.40906017,-0.07660892,0.34242037,1.07822866,1.54598721,0.14029466,0.11806598,0.10721892,0.15803920,0.10485519,0.25186080,0.27281583,1.07822866,0.47266643,0.52620885,0.48640829,1.54598721,1.60307002,1.54996954,0.14029466,0.21667676,0.11806598,0.19111608,1.20748865,0.41501473,0.41704788,0.35523628
156,0.20621079,0.01212462,0.20337815,0.16683070,0.16109028,0.06264088,-0.10772811,0.15204009,-1.17317459,0.09005522,0.34899272,0.01444056,0.40849629,-0.07443694,0.36668392,1.06968643,1.52362488,0.13897089,0.10068673,0.10176337,0.15056988,0.10347343,0.25460476,0.27482783,1.06968643,0.46108064,0.52027182,0.49813189,1.52362488,1.58945493,1.55950485,0.13897089,0.20580674,0.10068673,0.17557350,1.19325948,0.40317996,0.41658656,0.37867342
157,0.19827371,0.01243531,0.18905487,0.15526191,0.13843157,0.05464123,-0.10491575,0.14704984,-1.16204130,0.08935138,0.36995923,0.01329248,0.41826507,-0.07696974,0.37779062,1.06170534,1.53327284,0.13444830,0.10086552,0.09798532,0.15022915,0.10129875,0.25480063,0.27419846,1.06170534,0.47966345,0.52647205,0.50408999,1.53327284,1.58777187,1.55897637,0.13444830,0.20494799,0.10086552,0.17163525,1.18198188,0.42203710,0.42654808,0.39064573
158,0.18798767,0.01343618,0.16781249,0.14563309,0.13535844,0.05501238,-0.09523233,0.14706026,-1.15958672,0.08963735,0.39958138,0.01066577,0.43803791,-0.07993480,0.39277521,1.06909946,1.56034667,0.13455218,0.10282518,0.10702091,0.16482375,0.10148273,0.25296749,0.27256429,1.06909946,0.49965149,0.53674305,0.50981750,1.56034667,1.60555483,1.57206845,0.13455218,0.20767424,0.10282518,0.16604220,1.18046641,0.44915405,0.44588004,0.40603067
159,0.17999803,0.01335048,0.17488394,0.15318044,0.15857887,0.05087670,-0.09805701,0.14521697,-1.17799806,0.08520401,0.40725326,0.00472476,0.44454128,-0.08692918,0.37455320,1.08469486,1.58651923,0.13951574,0.11785090,0.11031762,0.16482637,0.10204828,0.25058142,0.27056404,1.08469486,0.50975984,0.54684022,0.49785254,1.58651923,1.63094314,1.57376527,0.13951574,0.21935906,0.11785090,0.17559164,1.19956837,0.45918828,0.45291761,0.38952016
160,0.18204398,0.01210923,0.17211154,0.14541432,0.13980732,0.04498354,-0.09527801,0.13887636,-1.17046053,0.07529424,0.41045361,-0.00069273,0.45468390,-0.08907560,0.41313784,1.07996031,1.58234075,0.13718950,0.09986153,0.10501921,0.13594483,0.09939735,0.25136608,0.27030490,1.07996031,0.51019880,0.55369923,0.52991920,1.58234075,1.63326918,1.60332851,0.13718950,0.20722326,0.09986153,0.17234579,1.19157219,0.46127401,0.46374831,0.42845299
161,0.18196298,0.01259485,0.17390946,0.14940066,0.14691937,0.04130140,-0.08940426,0.13594497,-1.16959553,0.08153312,0.41482079,0.00163663,0.45823121,-0.09052556,0.40844667,1.08485580,1.58549999,0.13702499,0.10704646,0.10495630,0.14503986,0.10090834,0.24963542,0.26925887,1.08485580,0.50887081,0.55107269,0.51960990,1.58549999,1.63535168,1.59752009,0.13702499,0.21251276,0.10704646,0.17078089,1.19015609,0.46560273,0.46749416,0.42426144
162,0.17816968,0.01308571,0.17113976,0.15027258,0.15344128,0.04178937,-0.09305439,0.13295175,-1.15572424,0.07992812,0.41452854,0.00332354,0.45249581,-0.08808037,0.38895455,1.06710377,1.57131750,0.13317833,0.11407470,0.10134819,0.14418818,0.10121859,0.25184103,0.27142054,1.06710377,0.51216760,0.54878247,0.50412073,1.57131750,1.61536950,1.56387012,0.13317833,0.21217235,0.11407470,0.17255911,1.17611512,0.46541535,0.46213169,0.40471148
163,0.17898772,0.01214495,0.19194991,0.16774254,0.17952578,0.04047463,-0.08877821,0.13102934,-1.17347027,0.08631517,0.41082360,0.00657134,0.45047805,-0.09060427,0.37397194,1.08876362,1.58512682,0.13672585,0.12656388,0.10120673,0.13713688,0.10196069,0.24955835,0.26958366,1.08876362,0.50426472,0.54290949,0.48753606,1.58512682,1.63059791,1.56677629,0.13672585,0.22297688,0.12656388,0.18192966,1.19425876,0.46688582,0.46162128,0.39179079
164,0.17842666,0.01206742,0.19551474,0.17558675,0.19165753,0.03392940,-0.09651524,0.12957323,-1.19240519,0.08216834,0.40781697,0.00104834,0.45101690,-0.09583208,0.38434344,1.10028399,1.60121855,0.13854432,0.12117097,0.10100056,0.15604412,0.10320165,0.24598269,0.26675469,1.10028399,0.50941068,0.55084347,0.50440096,1.60121855,1.65005433,1.59605057,0.13854432,0.22334658,0.12117097,0.18385665,1.21214947,0.46416893,0.46245412,0.40278696
165,0.17602211,0.01209286,0.19501172,0.17384826,0.19172476,0.03439651,-0.09816220,0.12748458,-1.18869053,0.07737026,0.40491435,0.00107278,0.45622281,-0.09265529,0.39137691,1.09468325,1.59476630,0.13671385,0.11775379,0.09846216,0.15528662,0.10384243,0.24645069,0.26743446,1.09468325,0.50788103,0.55731306,0.51142221,1.59476630,1.65110964,1.59823017,0.13671385,0.21492779,0.11775379,0.18572819,1.20813460,0.46207464,0.46873186,0.40968163
166,0.17809454,0.01229376,0.20317203,0.17611213,0.18923104,0.02767508,-0.09957349,0.12441424,-1.19181687,0.07843145,0.38897745,0.00417537,0.44916204,-0.08963962,0.38938546,1.09667764,1.58178245,0.13991885,0.11521604,0.10027058,0.14442198,0.10363766,0.24703641,0.26789504,1.09667764,0.49376343,0.55167041,0.50943710,1.58178245,1.64688316,1.59878053,0.13991885,0.21382512,0.11521604,0.18987692,1.21143206,0.44882077,0.46187637,0.40702432
167,0.17588455,0.01146082,0.21234331,0.18259488,0.19066488,0.02716699,-0.11012765,0.12841580,-1.20178776,0.07762985,0.38945231,0.00063989,0.44750704,-0.08831296,0.39965348,1.09654522,1.59234891,0.14181057,0.10487649,0.10117722,0.14215914,0.10381839,0.24544951,0.26650275,1.09654522,0.50478407,0.56070146,0.52884967,1.59234891,1.65585339,1.61921620,0.14181057,0.21241308,0.10487649,0.19671787,1.22220463,0.45039247,0.46047553,0.41709523
168,0.17896806,0.01150767,0.24279850,0.20369521,0.21721034,0.02442872,-0.11315631,0.14380701,-1.23461026,0.08623558,0.36803500,0.00498432,0.43348071,-0.09058600,0.38321579,1.12797384,1.60394362,0.14984569,0.11205856,0.09939869,0.14682137,0.10569543,0.24208904,0.26415644,1.12797384,0.48766347,0.55005509,0.51706702,1.60394362,1.67569373,1.63830570,0.14984569,0.22450904,0.11205856,0.19805160,1.25607608,0.43251579,0.44549459,0.40043024
169,0.18136076,0.01012623,0.25120685,0.20889787,0.21068716,0.01214803,-0.12105121,0.16120275,-1.23790026,0.08301131,0.35975145,0.00168728,0.42745529,-0.09355669,0.39012340,1.12702223,1.59976425,0.15395774,0.10596792,0.10168662,0.14538945,0.10477267,0.24369611,0.26526422,1.12702223,0.48856320,0.55207796,0.52959975,1.59976425,1.67521316,1.65178551,0.15395774,0.22704817,0.10596792,0.20361777,1.26242545,0.42638473,0.43933475,0.40791928
170,0.17701455,0.01023191,0.25083503,0.20275182,0.18948769,0.01848922,-0.11011543,0.16607784,-1.22639900,0.08422398,0.35723252,0.00505375,0.42760849,-0.08634567,0.39823510,1.12623793,1.58592111,0.15376853,0.09983030,0.10124961,0.14324739,0.10476970,0.24542631,0.26685345,1.12623793,0.47426763,0.54175901,0.52713682,1.58592111,1.66414833,1.64816076,0.15376853,0.22372200,0.09983030,0.19992793,1.25195514,0.42420008,0.43945577,0.41412641
171,0.17354425,0.01034212,0.25926769,0.21062523,0.19514850,0.02781185,-0.11962996,0.17561047,-1.25159964,0.07961472,0.34753834,0.00124647,0.43197399,-0.08817127,0.40762094,1.14187392,1.60221432,0.16070093,0.09704862,0.10721356,0.14436191,0.10434044,0.24139925,0.26298389,1.14187392,0.47280873,0.55558823,0.54725521,1.60221432,1.69480705,1.68403592,0.16070093,0.22715846,0.09704862,0.20341196,1.27778787,0.41548209,0.44368823,0.42329696
172,0.16832174,0.01139140,0.30777651,0.25287733,0.24462102,0.02628285,-0.15472278,0.19560080,-1.28669513,0.08225846,0.31381415,-0.00063663,0.42326623,-0.09182920,0.38512620,1.14468604,1.60475609,0.17794774,0.10360324,0.11284985,0.13345194,0.10457259,0.23661803,0.25869580,1.14468604,0.47394262,0.58270456,0.56158306,1.60475609,1.72330846,1.70034950,0.17794774,0.23705288,0.10360324,0.23781772,1.31604942,0.39365189,0.43726944,0.40367686
173,0.17504592,0.01042993,0.30741237,0.25572586,0.23478665,0.02628225,-0.15266426,0.20593949,-1.27660179,0.07535508,0.31244390,-0.00362717,0.41743546,-0.09269227,0.39691843,1.13836059,1.59474126,0.16980943,0.09548790,0.10738648,0.13359204,0.10450947,0.23614931,0.25824160,1.13836059,0.47053397,0.57361642,0.56848956,1.59474126,1.70858436,1.70303433,0.16980943,0.23165246,0.09548790,0.22968380,1.30675217,0.39018674,0.43264675,0.41657354
174,0.17191498,0.01065468,0.31239650,0.26305354,0.24158426,0.02489220,-0.17395875,0.21657085,-1.26383035,0.07171140,0.31482669,-0.00803723,0.41167621,-0.09798167,0.38523608,1.10668948,1.58560623,0.16374691,0.09655615,0.10650059,0.13125541,0.10345518,0.23671993,0.25833950,1.10668948,0.49316046,0.58955606,0.57844450,1.58560623,1.69209273,1.68157741,0.16374691,0.22410719,0.09655615,0.24464615,1.29544012,0.38851951,0.42641390,0.40706900
175,0.16762913,0.01024987,0.32330694,0.28780569,0.29780711,0.03492725,-0.21175763,0.25663158,-1.28082497,0.06634658,0.31924892,-0.01542581,0.40089403,-0.11193375,0.34313932,1.09190969,1.61162515,0.15951640,0.11552252,0.10992248,0.11430402,0.10189836,0.23380144,0.25504194,1.09190969,0.53377698,0.61821464,0.58133602,1.61162515,1.70546574,1.66866520,0.15951640,0.22571237,0.11552252,0.28123397,1.32093431,0.39676119,0.41764660,0.37191317
176,0.15943077,0.01010076,0.31887735,0.28909149,0.30024335,0.04028608,-0.21513992,0.27600385,-1.26282266,0.04483718,0.33933630,-0.03602061,0.39895073,-0.13446603,0.33166037,1.07390029,1.61906379,0.14812102,0.12201429,0.10434701,0.09658391,0.09816019,0.23359068,0.25337724,1.07390029,0.55590795,0.62267472,0.58186730,1.61906379,1.69256451,1.64967661,0.14812102,0.22439033,0.12201429,0.29105186,1.30794856,0.41319458,0.41891638,0.37073162
177,0.15360949,0.01041989,0.32767076,0.30115345,0.32798614,0.03686542,-0.21060791,0.30090956,-1.25891221,0.03857617,0.33079384,-0.04204019,0.39518707,-0.13633372,0.31867662,1.08105155,1.61156877,0.14665139,0.12446372,0.10274712,0.10720587,0.09984795,0.23279171,0.25330139,1.08105155,0.54270547,0.61453832,0.56477563,1.61156877,1.69072797,1.63995161,0.14665139,0.21918227,0.12446372,0.28757482,1.30908072,0.40466362,0.41680785,0.36029431
178,0.14605351,0.01240664,0.30992516,0.27068842,0.29993743,0.03910275,-0.19326744,0.30421511,-1.21024450,0.02058860,0.33805414,-0.05320566,0.40520411,-0.14629147,0.32583086,1.05097058,1.57446321,0.14084609,0.12536464,0.09751576,0.10127695,0.09750600,0.23785237,0.25706258,1.05097058,0.53307413,0.60855255,0.55816028,1.57446321,1.65574938,1.60337750,0.14084609,0.20995699,0.12536464,0.27037195,1.26204812,0.40605843,0.42725264,0.37015129
179,0.14538789,0.01278459,0.33408107,0.28611256,0.32519025,0.04053669,-0.19721040,0.32459908,-1.20786690,0.01172802,0.30929054,-0.06372640,0.39388352,-0.15967571,0.29918618,1.04982567,1.54940999,0.14803614,0.13918929,0.09278442,0.08452656,0.09600057,0.23831576,0.25692510,1.04982567,0.50858637,0.60314494,0.54343914,1.54940999,1.64936716,1.58597895,0.14803614,0.21527295,0.13918929,0.27361419,1.26496347,0.38040556,0.41841040,0.35120582
180,0.13837734,0.01444211,0.33524335,0.28791597,0.33452579,0.04157831,-0.18153915,0.32453870,-1.18402757,0.00480301,0.30208213,-0.07159246,0.38385911,-0.16301247,0.27990066,1.04168691,1.52058893,0.14346486,0.14245080,0.08569539,0.09629532,0.09463145,0.23989678,0.25788675,1.04168691,0.48594705,0.57969821,0.51331188,1.52058893,1.61798551,1.54534449,0.14346486,0.20944600,0.14245080,0.26485340,1.24088878,0.37276839,0.41110599,0.33755735
181,0.13916471,0.01448629,0.33777919,0.29251534,0.33126889,0.02689575,-0.19400574,0.32633286,-1.18216785,-0.00793427,0.31674631,-0.07833386,0.39852922,-0.16968545,0.29168197,1.03269002,1.53628692,0.13672368,0.14397868,0.07491887,0.06871294,0.09261848,0.23926428,0.25656496,1.03269002,0.51246758,0.60485695,0.53194192,1.53628692,1.63223301,1.55683070,0.13672368,0.20008569,0.14397868,0.27792592,1.23941246,0.38600243,0.42848251,0.35352389
182,0.13501694,0.01457313,0.35146341,0.31336681,0.34683757,0.02611780,-0.21718071,0.34365510,-1.21789422,-0.00697110,0.29462381,-0.08171057,0.38688593,-0.16750159,0.28919592,1.04993684,1.55315756,0.15406894,0.13449008,0.08921938,0.08877103,0.09353568,0.23404201,0.25204084,1.04993684,0.51375689,0.61737750,0.55172925,1.55315756,1.66119529,1.59407112,0.15406894,0.20827744,0.13449008,0.29937765,1.28022141,0.37663051,0.41826539,0.34940020
183,0.13420844,0.01333889,0.37327475,0.32404979,0.33847880,0.00789954,-0.24872445,0.34780856,-1.23710790,0.01163534,0.24390184,-0.06559528,0.36527022,-0.15747917,0.29619034,1.04526958,1.51943374,0.16912350,0.12004591,0.08577222,0.08632948,0.09605476,0.23152664,0.25066133,1.04526958,0.49391985,0.62067897,0.57621520,1.51943374,1.65536005,1.61618841,0.16912350,0.21584636,0.12004591,0.31613092,1.29800461,0.33578514,0.39719879,0.35209846
184,0.12943657,0.01384101,0.37439783,0.32309618,0.33251635,0.01951365,-0.23326140,0.34399995,-1.22278902,0.01507517,0.22688823,-0.06494867,0.34612361,-0.15665666,0.28710152,1.04148675,1.48717894,0.16781810,0.11432358,0.08161432,0.07738470,0.09430404,0.23412527,0.25240422,1.04148675,0.46106324,0.58839209,0.55710297,1.48717894,1.62189773,1.59259532,0.16781810,0.21861269,0.11432358,0.30700597,1.28339960,0.32152552,0.37914692,0.34386472
185,0.12879184,0.01290165,0.35567051,0.30518181,0.30143816,0.01784022,-0.21925901,0.34368875,-1.21266756,0.00260156,0.26413165,-0.07334321,0.37024381,-0.15900472,0.32084543,1.04556475,1.51636110,0.15853924,0.10359281,0.08453141,0.07465852,0.09505283,0.23467384,0.25319331,1.04556475,0.48472781,0.59927307,0.57514183,1.51636110,1.63752974,1.61556286,0.15853924,0.20965218,0.10359281,0.29862714,1.27452153,0.35324857,0.40415567,0.37568069
186,0.13037261,0.01644823,0.36571396,0.30748376,0.29948317,0.02287730,-0.21342691,0.33642655,-1.21367922,0.00638507,0.23701305,-0.07198458,0.37478127,-0.15627149,0.33020750,1.04829874,1.48868861,0.18080564,0.10033865,0.08672948,0.08939739,0.09588668,0.23602351,0.25475744,1.04829874,0.45268655,0.59751159,0.57745977,1.48868861,1.64048626,1.62193040,0.18080564,0.22164345,0.10033865,0.29054383,1.27298908,0.33575188,0.41031852,0.38435887
187,0.13003302,0.01279108,0.35631893,0.30684703,0.30656299,0.00811169,-0.21294729,0.33321154,-1.22046337,0.00925815,0.25302543,-0.06902759,0.37492647,-0.15627160,0.32298314,1.05875170,1.50938812,0.17000412,0.10616307,0.09000457,0.07951754,0.09724561,0.23637222,0.25559447,1.05875170,0.46713721,0.59555288,0.56728660,1.50938812,1.64587066,1.62088115,0.17000412,0.21606276,0.10616307,0.29691237,1.27983868,0.34865381,0.40994667,0.37825382
188,0.12953542,0.01413586,0.36042670,0.31543430,0.30717165,0.01328645,-0.21509457,0.32985984,-1.21679552,0.00247680,0.23891038,-0.07336806,0.35982961,-0.15633612,0.31828741,1.05065141,1.49275382,0.16807855,0.09749198,0.08744236,0.07256291,0.09692144,0.23797696,0.25695680,1.05065141,0.45510245,0.58441086,0.56673399,1.49275382,1.62795116,1.61190731,0.16807855,0.21355291,0.09749198,0.30198155,1.27584239,0.33951879,0.39762855,0.37518951
189,0.13120150,0.01284526,0.36406037,0.33583270,0.34123078,0.00565843,-0.22720025,0.32726905,-1.23833464,0.00262790,0.24022558,-0.07106804,0.34027789,-0.15931548,0.29267828,1.06114977,1.51433228,0.15474473,0.10427671,0.08986163,0.07791959,0.09776511,0.23676885,0.25615914,1.06114977,0.46817392,0.57642533,0.55356585,1.51433228,1.62890365,1.60846638,0.15474473,0.20876802,0.10427671,0.31060637,1.29593179,0.33816986,0.37695030,0.35321889
190,0.13339957,0.01300155,0.37177743,0.34251076,0.35263469,0.00843714,-0.23387921,0.32717586,-1.25088970,0.00337019,0.23255153,-0.06863316,0.33405083,-0.15757776,0.27730724,1.06583497,1.51899966,0.15402169,0.10962010,0.09005283,0.08744490,0.09685039,0.23496548,0.25414321,1.06583497,0.46767778,0.57596307,0.54442610,1.51899966,1.63429274,1.60507569,0.15402169,0.20598642,0.10962010,0.30935077,1.30719554,0.33138258,0.37069355,0.33923549
191,0.12816221,0.01338209,0.36929198,0.33997589,0.35680133,0.00578702,-0.23467583,0.32202197,-1.24250398,0.00571242,0.23364587,-0.06920912,0.33383805,-0.16021574,0.27232404,1.05636890,1.51024897,0.15592158,0.11429026,0.08934500,0.08998818,0.09777830,0.23590408,0.25536509,1.05636890,0.46917688,0.57708247,0.54210728,1.51024897,1.62496194,1.59186936,0.15592158,0.21108779,0.11429026,0.31439161,1.29831836,0.33317200,0.37025067,0.33549870
192,0.12818009,0.01322237,0.36638327,0.33728705,0.35237308,0.01173163,-0.22717292,0.31967104,-1.25366498,-0.00307111,0.24005500,-0.07606751,0.33173333,-0.16462243,0.26488205,1.07170271,1.52859285,0.15331756,0.11507463,0.09474476,0.07768366,0.09506215,0.23425024,0.25280425,1.07170271,0.46837941,0.57002091,0.53219749,1.52859285,1.63528525,1.59668610,0.15331756,0.20845214,0.11507463,0.31036442,1.30996788,0.33977330,0.36861631,0.33105673
193,0.12655068,0.01327541,0.36417486,0.33684659,0.35105933,0.00831517,-0.23072773,0.31505398,-1.25354244,-0.00428022,0.24370153,-0.07812847,0.33329999,-0.16812099,0.27109993,1.06783703,1.53127212,0.15272451,0.11306338,0.09642929,0.07754576,0.09602433,0.23520623,0.25405244,1.06783703,0.47535048,0.57519448,0.54144636,1.53127212,1.63617321,1.60218587,0.15272451,0.20957393,0.11306338,0.31477807,1.30913434,0.34257705,0.37043146,0.33840522
194,0.12747629,0.01426009,0.35753880,0.32671525,0.33692297,-0.00052988,-0.21438631,0.30506677,-1.23525530,-0.00967106,0.25585853,-0.08199088,0.34179347,-0.16968333,0.27989934,1.06566692,1.52439832,0.14805343,0.11139415,0.08938104,0.07750986,0.09579628,0.23687342,0.25551114,1.06566692,0.47111217,0.56638039,0.53176027,1.52439832,1.62497042,1.59034370,0.14805343,0.20523866,0.11139415,0.30117459,1.28836746,0.34998205,0.37914220,0.34605927
195,0.12547242,0.01488678,0.35785920,0.32942502,0.33520858,-0.00405962,-0.20811747,0.29824308,-1.23914400,-0.01060406,0.25616668,-0.08282509,0.34185011,-0.17027212,0.28782119,1.07446854,1.52729402,0.14882086,0.10668104,0.08891830,0.08235628,0.09659429,0.23601395,0.25501577,1.07446854,0.46511010,0.56009849,0.53243972,1.52729402,1.62745417,1.59979331,0.14882086,0.20613408,0.10668104,0.30017998,1.29128476,0.35338785,0.38056123,0.35420372
196,0.12837255,0.01461608,0.35074896,0.32084316,0.31749131,-0.01448807,-0.20688517,0.29239399,-1.23322641,-0.00841232,0.26702843,-0.08137303,0.34714822,-0.16616288,0.29913893,1.07129279,1.53056915,0.14666494,0.10147169,0.08873359,0.07260828,0.09678461,0.23602221,0.25509556,1.07129279,0.47469749,0.56271373,0.53775554,1.53056915,1.62513678,1.60202642,0.14666494,0.20514793,0.10147169,0.30156618,1.28440099,0.36283925,0.38554978,0.36208049
197,0.13101360,0.01552976,0.35492479,0.32650729,0.33393083,-0.02177695,-0.20459474,0.27940524,-1.22601499,-0.00747619,0.24673160,-0.07758895,0.33158789,-0.16352194,0.28232958,1.06494756,1.50084670,0.14669696,0.10362828,0.08343478,0.07904220,0.09841954,0.23888419,0.25836421,1.06494756,0.45226089,0.54382365,0.51731914,1.50084670,1.59917338,1.57472139,0.14669696,0.20459005,0.10362828,0.29748096,1.27400095,0.34438952,0.36941886,0.34518697
198,0.12736169,0.01573725,0.35964343,0.32834657,0.32994773,-0.02187310,-0.19836584,0.27288890,-1.24013979,-0.00280159,0.23366553,-0.07693091,0.32955593,-0.16293315,0.28266709,1.08277805,1.49989208,0.15546260,0.10337699,0.08104412,0.07172562,0.09724065,0.23571429,0.25498425,1.08277805,0.43314106,0.53577291,0.51236948,1.49989208,1.60924002,1.58654492,0.15546260,0.21224425,0.10337699,0.29895387,1.28663514,0.34003106,0.37002862,0.34647582
199,0.12784825,0.01581497,0.35416223,0.32948089,0.33365192,-0.02318528,-0.20440475,0.26458112,-1.23637505,-0.00355321,0.24851508,-0.07432959,0.33493396,-0.16123721,0.29293647,1.07155370,1.50945343,0.14905581,0.10232732,0.08120866,0.07111217,0.10005937,0.23729743,0.25753048,1.07155370,0.45375776,0.54753777,0.52843879,1.50945343,1.60848928,1.59014969,0.14905581,0.21080200,0.10232732,0.30699194,1.28112608,0.35055550,0.37385244,0.35345671
200,0.12203694,0.01565910,0.36037725,0.33205358,0.33296785,-0.02597310,-0.22050454,0.26333021,-1.24661046,-0.00643191,0.22881645,-0.07672242,0.33060733,-0.16205761,0.28961228,1.06627019,1.50045977,0.15713945,0.10011771,0.08406391,0.08198166,0.09908757,0.23546821,0.25546746,1.06627019,0.45033399,0.55835492,0.53858435,1.50045977,1.61441013,1.59645627,0.15713945,0.21137557,0.10011771,0.31547139,1.29060255,0.33684872,0.37114985,0.35210533
201,0.12559141,0.01432466,0.36059694,0.33742813,0.34546101,-0.02952854,-0.23492081,0.26734849,-1.26684209,-0.00363622,0.23420497,-0.07394622,0.33404641,-0.15956718,0.29457360,1.07401284,1.52593057,0.15716533,0.10043945,0.08788864,0.08271508,0.10156416,0.23380813,0.25491473,1.07401284,0.47030740,0.57600028,0.55673424,1.52593057,1.63780453,1.62123242,0.15716533,0.21400702,0.10043945,0.33039102,1.31133558,0.34360811,0.37456471,0.35513321
202,0.12842961,0.01472725,0.36717874,0.34233609,0.34982718,-0.01545611,-0.22350094,0.27546162,-1.26689309,0.00013343,0.21705739,-0.07171670,0.32704797,-0.15780113,0.28420826,1.08334536,1.50988050,0.16545915,0.10248803,0.08654647,0.08020685,0.09998097,0.23241516,0.25300791,1.08334536,0.44150663,0.55864013,0.53898518,1.50988050,1.63233860,1.61317801,0.16545915,0.21900191,0.10248803,0.31919226,1.31323276,0.33238022,0.36735100,0.34504382
203,0.13065743,0.01475492,0.36470608,0.34668802,0.35268567,-0.00129586,-0.22206902,0.27357434,-1.27741420,0.00226900,0.22002195,-0.06896140,0.32403082,-0.15680296,0.28160168,1.09063949,1.52234874,0.16519745,0.10311805,0.09526025,0.09170533,0.09983617,0.23131794,0.25194295,1.09063949,0.44290541,0.55608308,0.53922724,1.52234874,1.63901629,1.62041114,0.16519745,0.22078909,0.10311805,0.31793138,1.32376433,0.33614763,0.36258433,0.34186164
204,0.14114452,0.01384817,0.36829086,0.33964842,0.33310760,0.01761178,-0.20799923,0.27215743,-1.29264649,0.01033816,0.24319343,-0.05797303,0.34283358,-0.14657932,0.30031064,1.11413283,1.55846704,0.16276178,0.10306106,0.09982061,0.10493407,0.09721631,0.22817946,0.24802596,1.11413283,0.45344181,0.55972966,0.54265326,1.55846704,1.66996758,1.65021738,0.16276178,0.21797177,0.10306106,0.28847653,1.33685041,0.34438937,0.37282789,0.34984445
205,0.14071962,0.01350207,0.36576205,0.34258053,0.33772892,0.03142412,-0.24217333,0.27408834,-1.31875038,0.01397639,0.27879026,-0.05851596,0.35015094,-0.14638393,0.30725981,1.10391390,1.61871717,0.15344756,0.10147871,0.11014415,0.09461635,0.09731391,0.22558422,0.24567914,1.10391390,0.52347040,0.60282446,0.58507892,1.61871717,1.70429682,1.68383506,0.15344756,0.21610643,0.10147871,0.30770372,1.36383803,0.36508791,0.37487515,0.35289561
206,0.14768144,0.01386637,0.37678198,0.35127688,0.36790212,0.04758411,-0.24897217,0.27706693,-1.32477877,0.01911574,0.25167771,-0.05251363,0.33325853,-0.14316521,0.28217111,1.10033512,1.59754362,0.15806453,0.10797568,0.10999498,0.09427247,0.09517957,0.22583124,0.24506917,1.10033512,0.50361331,0.59471294,0.57266194,1.59754362,1.69314887,1.66560465,0.15806453,0.21890230,0.10797568,0.30827954,1.36846238,0.33613647,0.35396507,0.32595180
207,0.13984683,0.01348681,0.36546663,0.32919154,0.34839158,0.07661332,-0.24496644,0.27840438,-1.29996842,0.04486126,0.26917089,-0.03459443,0.35522547,-0.13122097,0.29640385,1.07460950,1.58660407,0.16564098,0.11605362,0.10395953,0.12015607,0.09706615,0.22762429,0.24745637,1.07460950,0.51816417,0.61344922,0.58637342,1.58660407,1.68710501,1.65238892,0.16564098,0.22849099,0.11605362,0.30382934,1.34363980,0.34970675,0.37107837,0.33286319
208,0.14584881,0.01222078,0.36947812,0.34669582,0.38214749,0.06800016,-0.26682300,0.27364199,-1.30066489,0.05870137,0.25310282,-0.02366149,0.34497791,-0.12169162,0.27391609,1.05437425,1.56890002,0.16791701,0.12489449,0.09807020,0.13015236,0.09974121,0.22801422,0.24887505,1.05437425,0.52309082,0.62126756,0.57973870,1.56890002,1.67426421,1.62731509,0.16791701,0.23208843,0.12489449,0.31715959,1.34149082,0.33666111,0.36001233,0.30769565
209,0.14254644,0.01324697,0.35820229,0.31481829,0.34047238,0.08558592,-0.26125293,0.27691493,-1.30124915,0.05899594,0.27397452,-0.02862326,0.37446266,-0.12759213,0.30700128,1.05789835,1.59040604,0.17805696,0.12351145,0.10397846,0.11369143,0.09885003,0.22671299,0.24732592,1.05789835,0.53867818,0.64898390,0.61407169,1.59040604,1.70593533,1.66298830,0.17805696,0.24054485,0.12351145,0.31808391,1.34400273,0.35307761,0.38781369,0.33906172
210,0.13993300,0.01229131,0.34898070,0.30950635,0.31671835,0.09648748,-0.26230540,0.28142537,-1.27672440,0.07441529,0.27121560,-0.01439238,0.37155006,-0.11062581,0.31639830,1.03132370,1.56196433,0.17540158,0.11399758,0.09717430,0.11935736,0.09976332,0.22984937,0.25056626,1.03132370,0.53605055,0.64686552,0.62155768,1.56196433,1.67679582,1.64446670,0.17540158,0.23610433,0.11399758,0.32112610,1.31938801,0.34816439,0.38305299,0.34156399
211,0.14605468,0.01309372,0.34951916,0.31215720,0.31382839,0.09852731,-0.26827777,0.28310984,-1.27622214,0.07018154,0.28560650,-0.00767923,0.37296553,-0.10447094,0.30781317,1.02482537,1.57660667,0.16174910,0.11952095,0.09201789,0.11102930,0.09749695,0.22969876,0.24953392,1.02482537,0.55667439,0.65309856,0.61735793,1.57660667,1.67650872,1.63415953,0.16174910,0.22344068,0.11952095,0.32672214,1.31877086,0.35920500,0.38484462,0.33222857
212,0.15217632,0.01245988,0.35006260,0.31941743,0.33680109,0.09172868,-0.27262373,0.28668944,-1.25834382,0.07335724,0.29071539,-0.00694023,0.36771823,-0.10769725,0.29595120,1.00500575,1.56399058,0.15627408,0.12589015,0.08993604,0.12573481,0.09863616,0.23072030,0.25092020,1.00500575,0.56591725,0.65058129,0.60813992,1.56399058,1.65422813,1.60678746,0.15627408,0.22478117,0.12589015,0.32419052,1.30162040,0.36056258,0.37876046,0.32201924
213,0.15233407,0.01331753,0.33596629,0.30897573,0.33424614,0.09921895,-0.27353970,0.28920125,-1.23120849,0.07881425,0.29632189,-0.00513272,0.37080361,-0.10691581,0.28961994,0.97642706,1.54217239,0.15670170,0.13247587,0.08504143,0.11986421,0.09885759,0.23355550,0.25361584,0.97642706,0.57161601,0.65643204,0.60702520,1.54217239,1.63095056,1.57525417,0.15670170,0.22903094,0.13247587,0.33166342,1.27647340,0.36553391,0.38151550,0.31552243
214,0.14523322,0.01458112,0.32460751,0.29765724,0.32952052,0.11094522,-0.26801285,0.28550194,-1.19029425,0.08454294,0.30277801,-0.00427438,0.36216308,-0.10350924,0.27859158,0.93877950,1.50662095,0.15253083,0.13164708,0.08194775,0.11325960,0.09807070,0.23952335,0.25882290,0.93877950,0.57225990,0.64529595,0.59560054,1.50662095,1.58199523,1.52388216,0.15253083,0.23057066,0.13164708,0.33003793,1.23618233,0.36668373,0.37089930,0.30272371
215,0.14829606,0.01460513,0.31650714,0.28672636,0.32533644,0.10754210,-0.27040400,0.28686615,-1.18624792,0.08917488,0.31176930,0.00001463,0.36541066,-0.10310057,0.28149668,0.93336858,1.51114621,0.14955397,0.13553310,0.08171187,0.11471372,0.09836723,0.23932926,0.25875588,0.93336858,0.58360099,0.64873919,0.59870083,1.51114621,1.58033592,1.52287648,0.14955397,0.23618682,0.13553310,0.32817469,1.23188294,0.37489610,0.37421864,0.30467072
216,0.14687183,0.01435568,0.32173972,0.30527135,0.35427655,0.11489620,-0.28329612,0.28881075,-1.19811818,0.09454599,0.30690105,0.00045548,0.35581917,-0.10424530,0.27336569,0.93131507,1.51765566,0.15387345,0.13600316,0.08412889,0.12930975,0.09893648,0.23686082,0.25669335,0.93131507,0.59161961,0.65370172,0.60705080,1.51765566,1.58303222,1.52758128,0.15387345,0.24466168,0.13600316,0.34250164,1.24392171,0.37314529,0.36438278,0.29704897
217,0.14822087,0.01394930,0.31903623,0.30460058,0.35654133,0.11838644,-0.27805190,0.29174594,-1.21216886,0.09419886,0.31440057,-0.00404970,0.36303302,-0.11096409,0.27748912,0.95016066,1.53940973,0.15710458,0.14009860,0.08819067,0.11929852,0.09863292,0.23283493,0.25286470,0.95016066,0.59380033,0.65764110,0.61106728,1.53940973,1.60548851,1.54807867,0.15710458,0.25233092,0.14009860,0.34163119,1.25867887,0.37982202,0.37147273,0.30284015
218,0.14870216,0.01404783,0.31444495,0.29998610,0.36914562,0.12477148,-0.26286303,0.29850178,-1.19315716,0.09495563,0.32053002,-0.00393702,0.36729778,-0.11350827,0.24688862,0.94647589,1.52740172,0.15494884,0.16541374,0.08910756,0.11898494,0.09803701,0.23233798,0.25217492,0.94647589,0.58493975,0.64805769,0.57310034,1.52740172,1.59221865,1.50281957,0.15494884,0.26116412,0.16541374,0.33022984,1.24160180,0.38278503,0.37524660,0.27584228
219,0.15251202,0.01469449,0.30188281,0.28614793,0.33512789,0.12497053,-0.26123491,0.30521222,-1.18845028,0.09917407,0.33577871,0.00067854,0.39024718,-0.10594909,0.29716857,0.94478843,1.53813681,0.15661069,0.14341121,0.09467939,0.11391582,0.09740279,0.22910734,0.24895276,0.94478843,0.59842890,0.66767119,0.61247908,1.53813681,1.61073131,1.54614556,0.15661069,0.24696185,0.14341121,0.32821589,1.23939380,0.39670162,0.39789242,0.32016672
220,0.15554788,0.01457698,0.30709317,0.29827061,0.35639038,0.13058009,-0.26598633,0.31302461,-1.20102110,0.09923577,0.33553596,0.00075723,0.39198172,-0.10561477,0.28674902,0.95302580,1.55138981,0.15771805,0.15131973,0.09954235,0.11849543,0.09737878,0.22514719,0.24530365,0.95302580,0.60341146,0.67467248,0.60871769,1.55138981,1.62637607,1.55037192,0.15771805,0.24856224,0.15131973,0.33188546,1.25350516,0.39601593,0.39927460,0.31021216
221,0.14927475,0.01371830,0.30676492,0.30431891,0.35460992,0.12695928,-0.27416205,0.31746184,-1.20527627,0.09720247,0.33183655,-0.00370817,0.38472491,-0.11243185,0.28598601,0.95074505,1.55281956,0.16037016,0.14871139,0.09952229,0.11955011,0.09825344,0.22314624,0.24381957,0.95074505,0.60746150,0.67683168,0.61837731,1.55281956,1.62574241,1.55758435,0.16037016,0.25416768,0.14871139,0.34134423,1.25994600,0.39390618,0.39214054,0.31173995
222,0.15008090,0.01330990,0.31548636,0.31382359,0.36697735,0.13681681,-0.27679967,0.32151057,-1.21453295,0.10381915,0.33021020,0.00002302,0.38822633,-0.11178905,0.28324851,0.95613719,1.56001144,0.16463774,0.15493322,0.10328796,0.13084614,0.09921438,0.22100395,0.24225243,0.95613719,0.60870083,0.68397636,0.62163254,1.56001144,1.63838272,1.56477400,0.16463774,0.25911459,0.15493322,0.34692149,1.26997702,0.39450999,0.39547966,0.30916403
223,0.14868716,0.01434685,0.30210231,0.29830936,0.34769573,0.13524077,-0.27194779,0.31966037,-1.19605863,0.10859020,0.33549153,0.00725939,0.40136381,-0.10352444,0.29817770,0.94265906,1.54603197,0.16340229,0.15281576,0.10274637,0.12069735,0.09855409,0.22238993,0.24324923,0.94265906,0.60871856,0.69012404,0.62641126,1.54603197,1.63111064,1.55814739,0.16340229,0.25195819,0.15281576,0.34271104,1.25157141,0.39953709,0.40891235,0.32075746
224,0.15152150,0.01493297,0.30364603,0.29753699,0.34705173,0.13508281,-0.25451683,0.31941301,-1.19601878,0.10763859,0.33627447,0.00548270,0.40502649,-0.10426185,0.30654062,0.95964037,1.54686427,0.16457385,0.14889388,0.10374453,0.12871169,0.09829858,0.22265558,0.24338882,0.95964037,0.59203290,0.67719268,0.61862511,1.54686427,1.63490362,1.56619119,0.16457385,0.25028250,0.14889388,0.32859309,1.25101774,0.39847030,0.41204104,0.32840212
225,0.14965780,0.01443911,0.31610096,0.31499031,0.36565722,0.12457531,-0.28240967,0.32249123,-1.21233563,0.10248339,0.33373470,0.00400919,0.39725344,-0.10892252,0.28906669,0.95102161,1.56166444,0.16072522,0.15791215,0.10276439,0.13584959,0.09852960,0.21938076,0.24049116,0.95102161,0.61728139,0.69486732,0.62564860,1.56166444,1.64398263,1.56708393,0.16072522,0.25313709,0.15791215,0.34670112,1.26740666,0.39657523,0.40488146,0.31398667
226,0.14935850,0.01344569,0.32573464,0.32739847,0.36924102,0.12604245,-0.29949398,0.32429304,-1.23384812,0.10141593,0.32682354,0.00404940,0.39369384,-0.10791409,0.29633370,0.95553903,1.57652262,0.16215550,0.14963424,0.10226721,0.13745703,0.09776062,0.21679077,0.23781374,0.95553903,0.62774425,0.70800810,0.64728572,1.57652262,1.66199353,1.59481404,0.16215550,0.24854159,0.14963424,0.35982441,1.28862165,0.39090036,0.40133930,0.32074738
227,0.15219951,0.01366260,0.32781995,0.32638810,0.36579262,0.12570227,-0.30180385,0.32772844,-1.24668589,0.09840957,0.33323019,0.00505313,0.40091652,-0.10358839,0.30911183,0.96655545,1.59651147,0.16132470,0.14356100,0.10101677,0.12730181,0.09725700,0.21504363,0.23601417,0.96655545,0.63664012,0.71712654,0.65958945,1.59651147,1.68197103,1.61900755,0.16132470,0.24265885,0.14356100,0.36323557,1.30197327,0.39809657,0.40914414,0.33185457
228,0.15812823,0.01329497,0.33515200,0.32341292,0.36352605,0.12243199,-0.29972017,0.32659866,-1.25625322,0.09202731,0.32801594,0.00267280,0.40384192,-0.10348156,0.31378992,0.97846069,1.60164867,0.16041024,0.14071314,0.10150744,0.12001657,0.09632764,0.21366053,0.23437115,0.97846069,0.63014668,0.71651225,0.65917811,1.60164867,1.69384552,1.63169596,0.16041024,0.23525826,0.14071314,0.35559588,1.30967311,0.39153682,0.41237983,0.33634503
229,0.15749092,0.01253806,0.34133784,0.34251184,0.38849498,0.13211789,-0.31228674,0.33242385,-1.30541219,0.09530599,0.32874771,-0.00404130,0.39436200,-0.11800308,0.28793121,1.01387626,1.65134579,0.17026101,0.15753511,0.11166838,0.12195991,0.09608030,0.20671677,0.22795448,1.01387626,0.64440097,0.72277700,0.65639310,1.65134579,1.73600901,1.66077672,0.17026101,0.26065246,0.15753511,0.37089071,1.36031148,0.39887064,0.40303843,0.31703173
230,0.15454032,0.01243701,0.34394194,0.33348349,0.37901294,0.13125948,-0.31694795,0.33008853,-1.31053422,0.08834456,0.32607201,-0.01033208,0.40611720,-0.12309902,0.29958815,1.01393485,1.65448143,0.17406209,0.15704155,0.10700322,0.10940470,0.09480738,0.20534720,0.22617673,1.01393485,0.64687963,0.73948313,0.67264658,1.65448143,1.75289174,1.67725148,0.17406209,0.25685606,0.15704155,0.37580810,1.36471998,0.39749217,0.41620462,0.33055892
231,0.15709802,0.01179939,0.35706550,0.34640810,0.39519327,0.12196992,-0.33938979,0.33269127,-1.33543706,0.08982901,0.30943500,-0.01227019,0.40313467,-0.12737558,0.29307006,1.01889843,1.66280666,0.18343827,0.16166576,0.10769789,0.11333684,0.09564196,0.20341412,0.22477697,1.01889843,0.65228830,0.75704370,0.68564411,1.66280666,1.77538289,1.69719753,0.18343827,0.26333283,0.16166576,0.39192305,1.38985107,0.38590087,0.41372075,0.32597581
232,0.15922037,0.01150396,0.35948104,0.35280598,0.40331507,0.11999573,-0.32986346,0.33063531,-1.34141111,0.08810473,0.29609946,-0.01387922,0.39465782,-0.13213694,0.29243891,1.03393225,1.65556504,0.18267303,0.15892442,0.10616219,0.12569483,0.09563353,0.20295127,0.22435461,1.03393225,0.62991628,0.73863973,0.67630681,1.65556504,1.77220707,1.70226388,0.18267303,0.26306911,0.15892442,0.37957331,1.39350956,0.37202829,0.40551229,0.32712091
233,0.15482073,0.01251076,0.36689523,0.35441962,0.40572660,0.12530712,-0.33733543,0.32708480,-1.33893750,0.09848142,0.26466910,-0.00574510,0.38568807,-0.12595104,0.26760343,1.02229860,1.62012688,0.19450804,0.17120545,0.09774095,0.12426215,0.09634360,0.20479408,0.22632433,1.02229860,0.60618794,0.73619201,0.65937696,1.62012688,1.75824312,1.67279883,0.19450804,0.26523152,0.17120545,0.38500773,1.38889270,0.34762033,0.39647967,0.30206785
234,0.15867930,0.01169157,0.36984481,0.35103123,0.39530494,0.11724940,-0.34676070,0.32249407,-1.34081330,0.08343894,0.26361818,-0.01683655,0.37711735,-0.13041537,0.27496444,1.01575831,1.62245919,0.18648081,0.15538345,0.09169729,0.10760729,0.09454206,0.20563279,0.22632509,1.01575831,0.61539505,0.73717463,0.67253309,1.62245919,1.75280475,1.68134855,0.18648081,0.25435578,0.15538345,0.38917327,1.38959728,0.34296898,0.38904585,0.31132924
235,0.15008540,0.01343017,0.35770301,0.33528182,0.38460183,0.12190222,-0.32620554,0.31528576,-1.33224829,0.08066288,0.28784147,-0.01877967,0.39873936,-0.13239872,0.29002757,1.02541208,1.63732690,0.18676573,0.15921229,0.09995694,0.13041577,0.09641520,0.20519813,0.22672045,1.02541208,0.62027121,0.73931347,0.66935923,1.63732690,1.76472010,1.68615017,0.18676573,0.25363508,0.15921229,0.37365169,1.38077917,0.36693060,0.41154544,0.32756732
236,0.15842683,0.01298852,0.36087690,0.33967036,0.38860141,0.10067496,-0.32082039,0.31027882,-1.34327525,0.06577353,0.29109011,-0.03070177,0.40019738,-0.14376503,0.28182105,1.04453143,1.65283651,0.18241893,0.16613322,0.09469908,0.10173930,0.09373617,0.20311373,0.22369993,1.04453143,0.61709591,0.73387584,0.65370962,1.65283651,1.77827036,1.69076109,0.18241893,0.25117733,0.16613322,0.36386986,1.39038178,0.36540920,0.41389218,0.32461141
237,0.16068172,0.01403557,0.36157690,0.33866262,0.39100400,0.08804356,-0.32896797,0.29983589,-1.35609079,0.06049478,0.30055681,-0.03614776,0.40447115,-0.15200517,0.28140888,1.04962890,1.67412968,0.18233185,0.17213199,0.10158753,0.10039313,0.09382229,0.20192747,0.22265967,1.04962890,0.63447352,0.74497278,0.65992687,1.67412968,1.79429016,1.70267447,0.18233185,0.25914150,0.17213199,0.37051475,1.40169461,0.37741825,0.41959637,0.32807186
238,0.15166374,0.01422583,0.36678774,0.34422990,0.38560724,0.10364022,-0.33307643,0.30703042,-1.36573723,0.05613111,0.29936767,-0.03735784,0.39907500,-0.14876534,0.29244758,1.05361106,1.68401933,0.18087208,0.15713238,0.10677228,0.08594146,0.09289187,0.20069805,0.22115290,1.05361106,0.63789146,0.74729095,0.67929556,1.68401933,1.80079931,1.72449799,0.18087208,0.25321574,0.15713238,0.38150606,1.41444654,0.37735705,0.41417018,0.33638528
239,0.14627759,0.01478985,0.36869270,0.34635421,0.38681138,0.10725392,-0.33029485,0.30634095,-1.35955478,0.06628667,0.28667755,-0.03144514,0.39039566,-0.14299723,0.29325952,1.04924705,1.66370903,0.18760073,0.15070097,0.11183651,0.10182497,0.09384653,0.20162622,0.22239673,1.04924705,0.62109560,0.73665492,0.67820770,1.66370903,1.78547087,1.71819406,0.18760073,0.25806151,0.15070097,0.38284274,1.40861270,0.36720770,0.40365824,0.33345112
240,0.14735245,0.01481961,0.35998531,0.32862840,0.37628320,0.09940047,-0.30686759,0.29636377,-1.33805129,0.05773529,0.29929167,-0.03814398,0.40241452,-0.14973855,0.29975457,1.05092918,1.65471693,0.18434277,0.15421370,0.11012116,0.10227518,0.09335023,0.20383336,0.22419256,1.05092918,0.61095484,0.72458109,0.66102612,1.65471693,1.77531474,1.70253433,0.18434277,0.25431459,0.15421370,0.35814911,1.38554641,0.37571969,0.41657237,0.34284886
241,0.15048696,0.01348227,0.36971192,0.34670282,0.38098836,0.08879375,-0.30909762,0.29175050,-1.34676372,0.04826237,0.28881617,-0.04136224,0.38432518,-0.15189728,0.29988430,1.05845627,1.65367742,0.17876750,0.14196511,0.11236725,0.09548266,0.09263573,0.20458565,0.22458109,1.05845627,0.60273438,0.70785419,0.66040230,1.65367742,1.76604079,1.71066434,0.17876750,0.25040604,0.14196511,0.35873609,1.39358421,0.36826937,0.39969064,0.34405394
242,0.14928570,0.01370661,0.35861112,0.32368812,0.36043314,0.07672510,-0.30983654,0.28885517,-1.33224429,0.05019555,0.30738950,-0.03956830,0.40608030,-0.14901374,0.31900336,1.04519093,1.65706455,0.17847694,0.14255405,0.10510094,0.09862703,0.09270987,0.20539066,0.22534517,1.04519093,0.62156971,0.72703385,0.67263938,1.65706455,1.77168424,1.71278728,0.17847694,0.24734162,0.14255405,0.35361628,1.37751600,0.38165322,0.42056256,0.35987112
243,0.14319518,0.01463339,0.36644197,0.32514737,0.34876261,0.08494872,-0.31603287,0.28919714,-1.33061785,0.04779990,0.29911915,-0.03760174,0.40463233,-0.14350687,0.32934542,1.03597068,1.64763336,0.17819383,0.13174928,0.10409042,0.10870462,0.09280741,0.20590690,0.22585585,1.03597068,0.61976608,0.73270046,0.68834368,1.64763336,1.76835931,1.71946659,0.17819383,0.23735672,0.13174928,0.36017354,1.37580841,0.37212639,0.41866888,0.36782381
244,0.14245387,0.01448410,0.36819130,0.31955120,0.34344771,0.08479460,-0.31438909,0.28958405,-1.33268165,0.05529300,0.28891074,-0.03454313,0.40805327,-0.14163131,0.33132118,1.03967868,1.63862075,0.18768039,0.13393884,0.10302322,0.11445305,0.09351258,0.20581026,0.22605854,1.03967868,0.60812216,0.73351320,0.68757941,1.63862075,1.77288256,1.72268007,0.18768039,0.24417564,0.13393884,0.35726259,1.37730334,0.36583106,0.42242963,0.36898947
245,0.14659808,0.01448185,0.37009704,0.32897099,0.36267939,0.08097349,-0.30997854,0.28923407,-1.33793700,0.04921766,0.29032953,-0.04130573,0.39940773,-0.14826622,0.30535324,1.04978264,1.64605712,0.18139642,0.14520404,0.09947710,0.10391523,0.09206022,0.20533122,0.22502443,1.04978264,0.60518564,0.72115476,0.66054175,1.64605712,1.77068730,1.70448706,0.18139642,0.24336768,0.14520404,0.35140482,1.38179949,0.36411468,0.41403883,0.34715084
246,0.14430595,0.01449841,0.37065610,0.33093965,0.35948993,0.07396449,-0.32420443,0.29109918,-1.34257236,0.05091362,0.28281491,-0.03814311,0.40150370,-0.14289846,0.31415498,1.04221120,1.64325239,0.18563514,0.13850915,0.09947065,0.11177058,0.09281308,0.20492426,0.22496270,1.04221120,0.61160346,0.73542935,0.67727385,1.64325239,1.77691414,1.71610044,0.18563514,0.23863708,0.13850915,0.36128043,1.38627062,0.35729169,0.41571174,0.35354096
247,0.14658909,0.01458024,0.37031818,0.33342539,0.36991034,0.06731221,-0.32341197,0.28884952,-1.33299960,0.05279081,0.28759477,-0.03466377,0.39496232,-0.13991957,0.30904399,1.03452423,1.63783464,0.17685669,0.13803047,0.10095002,0.11055148,0.09377846,0.20616727,0.22649358,1.03452423,0.61460456,0.72698345,0.66916438,1.63783464,1.76022375,1.70086246,0.17685669,0.23588775,0.13803047,0.36078695,1.37691119,0.35991049,0.40885851,0.34754661
248,0.14755239,0.01391500,0.35751774,0.31947024,0.35253051,0.06051157,-0.32319964,0.28630454,-1.32920211,0.05140646,0.30123291,-0.03561267,0.41244527,-0.14028621,0.33058101,1.03178040,1.64743151,0.17842007,0.13503265,0.09941761,0.10546280,0.09413293,0.20587578,0.22637545,1.03178040,0.62761562,0.74335967,0.68755355,1.64743151,1.77323125,1.71724794,0.17842007,0.23517772,0.13503265,0.36108963,1.37269860,0.37174668,0.42651219,0.36762561
249,0.14669637,0.01454568,0.36565688,0.32483115,0.34471346,0.06889348,-0.31740179,0.28813835,-1.34555185,0.04740089,0.28942226,-0.03743204,0.40894696,-0.14003547,0.33491948,1.05216260,1.65276366,0.18635778,0.12889336,0.10429328,0.10496960,0.09234076,0.20476822,0.22462600,1.05216260,0.61083551,0.73569601,0.68886394,1.65276366,1.78682062,1.73807893,0.18635778,0.23816203,0.12889336,0.35907501,1.39002156,0.36639439,0.42375056,0.37170769
250,0.14952040,0.01453889,0.36083150,0.32214328,0.35613509,0.06098350,-0.31549075,0.28397845,-1.33777498,0.04259777,0.30894962,-0.04136618,0.41693324,-0.14643997,0.33162975,1.04718641,1.66451686,0.17558269,0.13801235,0.10148646,0.10647893,0.09283473,0.20560593,0.22559274,1.04718641,0.62840178,0.74073677,0.68305519,1.66451686,1.78661866,1.72760830,0.17558269,0.23462388,0.13801235,0.35303140,1.38054464,0.37835707,0.43172695,0.37063317
251,0.14693616,0.01391407,0.36908884,0.33838505,0.37595190,0.05596081,-0.32826174,0.28028701,-1.34982342,0.04667853,0.28525226,-0.03780437,0.39754508,-0.14285823,0.31635800,1.04660801,1.65187447,0.17993850,0.13552330,0.10393567,0.12218107,0.09405603,0.20510564,0.22564321,1.04660801,0.61689400,0.73344835,0.67882406,1.65187447,1.77821538,1.72286185,0.17993850,0.23742681,0.13552330,0.36641161,1.39182815,0.36125090,0.41273520,0.35558170
252,0.15489786,0.01344207,0.37373175,0.34196790,0.38127930,0.04483187,-0.34307530,0.27841349,-1.36522465,0.04313960,0.26933584,-0.03803546,0.39694451,-0.14457004,0.31408470,1.04926273,1.65174076,0.18785217,0.13856239,0.09912774,0.11058527,0.09389287,0.20407552,0.22463902,1.04926273,0.61678285,0.74562105,0.68743276,1.65174076,1.79206323,1.73522168,0.18785217,0.24005756,0.13856239,0.37608333,1.40587525,0.35086616,0.41346222,0.35442554
253,0.15077523,0.01252286,0.37501099,0.34971879,0.38948622,0.04264979,-0.36831140,0.28006555,-1.37679010,0.04289278,0.28000195,-0.03916203,0.39121866,-0.14484403,0.30982384,1.03677674,1.67396296,0.17842660,0.13598159,0.09904900,0.11394636,0.09374337,0.20304070,0.22363664,1.03677674,0.65203259,0.76514973,0.70702211,1.67396296,1.79847507,1.74269974,0.17842660,0.23563689,0.13598159,0.40101300,1.41799584,0.36008975,0.40812910,0.35195239
254,0.15039098,0.01386430,0.37720256,0.34843584,0.38431883,0.04533603,-0.34557172,0.27255259,-1.37167948,0.03980051,0.28435496,-0.04035255,0.39377462,-0.14700182,0.32001784,1.05157443,1.67254614,0.17734241,0.13170283,0.10193127,0.12721961,0.09462795,0.20372410,0.22462848,1.05157443,0.63318258,0.74599714,0.69670157,1.67254614,1.79503977,1.74636814,0.17734241,0.23456252,0.13170283,0.38362017,1.41217945,0.36427103,0.41081479,0.36272064
255,0.15205630,0.01437086,0.37804700,0.35193234,0.38745498,0.04553240,-0.36028374,0.28039562,-1.38742307,0.04338615,0.27584039,-0.03626472,0.39463034,-0.14330080,0.32836858,1.05424853,1.68028627,0.18365716,0.12805647,0.10373005,0.12590868,0.09573702,0.20184351,0.22339736,1.05424853,0.63922148,0.76113860,0.71809288,1.68028627,1.81210490,1.77084060,0.18365716,0.23842514,0.12805647,0.39915386,1.42970446,0.36079738,0.41216227,0.36935560
256,0.15202039,0.01244539,0.37814602,0.35796910,0.39235529,0.04202528,-0.36817477,0.28103225,-1.38134764,0.05082103,0.25276217,-0.03008053,0.36999078,-0.14056198,0.31993114,1.04134188,1.65049819,0.18457172,0.12472472,0.09870403,0.10553807,0.09676946,0.20206433,0.22404090,1.04134188,0.62353901,0.74419657,0.71761200,1.65049819,1.78095934,1.75667834,0.18457172,0.25016667,0.12472472,0.40932638,1.42393740,0.34555981,0.38794317,0.35931978
257,0.14579117,0.01313067,0.37524486,0.36167010,0.39591971,0.05062209,-0.37425907,0.27763414,-1.37246049,0.04376397,0.26377120,-0.03728827,0.36580916,-0.14553257,0.30958799,1.02411740,1.65298587,0.17695959,0.12500521,0.09490945,0.08116965,0.09537483,0.20361317,0.22484368,1.02411740,0.64001652,0.74853346,0.71802879,1.65298587,1.76936105,1.73908783,0.17695959,0.24406165,0.12500521,0.41670530,1.41528751,0.35010391,0.38275917,0.35107598
258,0.14537081,0.01297498,0.36904454,0.35123169,0.38911050,0.06203453,-0.35041025,0.28154031,-1.35548748,0.04394923,0.26642622,-0.03129011,0.36876456,-0.13920021,0.31537016,1.02920528,1.63946057,0.17301762,0.12325438,0.09649566,0.10693863,0.09597277,0.20401440,0.22546097,1.02920528,0.61981089,0.72764869,0.70082100,1.63946057,1.75468955,1.72691608,0.17301762,0.23798167,0.12325438,0.39232461,1.39810871,0.35024647,0.38485727,0.35370655
259,0.14069949,0.01346248,0.35892153,0.33585878,0.37258032,0.08170259,-0.32508453,0.28250286,-1.31427272,0.03592398,0.29366742,-0.03880605,0.37746685,-0.14580333,0.31658839,1.00982088,1.62687752,0.16185656,0.12590445,0.08859317,0.08675791,0.09407982,0.20703154,0.22740508,1.00982088,0.62260149,0.71574956,0.68689041,1.62687752,1.72461063,1.69054372,0.16185656,0.23236849,0.12590445,0.37275438,1.35814210,0.36564647,0.39197828,0.35588370
260,0.14558009,0.01203388,0.35928644,0.33701471,0.37848428,0.07577531,-0.32802214,0.28536737,-1.29509977,0.04159880,0.29702465,-0.03582442,0.37921143,-0.14453332,0.31006368,0.98992554,1.61079019,0.16097484,0.13197381,0.08720362,0.07646125,0.09546285,0.20801017,0.22886980,0.98992554,0.62774468,0.71917842,0.68188275,1.61079019,1.70752551,1.66637893,0.16097484,0.23528759,0.13197381,0.37659512,1.34068667,0.36949165,0.39408020,0.34968640
261,0.15058398,0.01306165,0.36180066,0.33717990,0.37212364,0.08361044,-0.32951992,0.29207637,-1.29963858,0.04044602,0.31238896,-0.03632548,0.39333471,-0.14395973,0.32282216,0.99265360,1.63167211,0.15918744,0.13138644,0.09283542,0.07244122,0.09449158,0.20621566,0.22683377,0.99265360,0.64513792,0.73567395,0.69702535,1.63167211,1.72706208,1.68431389,0.15918744,0.23183040,0.13138644,0.38000878,1.34663132,0.38289589,0.40850316,0.36187876
262,0.14736188,0.01315104,0.36629236,0.34050317,0.37638223,0.08303875,-0.34185052,0.29733734,-1.29707572,0.04683800,0.29344331,-0.03259590,0.38367393,-0.14123528,0.30525995,0.97938221,1.61025668,0.16491535,0.13666350,0.08899522,0.07480914,0.09455261,0.20627967,0.22691738,0.97938221,0.63821636,0.73744590,0.69085642,1.61025668,1.71530966,1.66554305,0.16491535,0.23465932,0.13666350,0.38823934,1.34459991,0.36580909,0.39794062,0.34428750
263,0.15310163,0.01155948,0.37073915,0.34943238,0.38590165,0.08127516,-0.35510841,0.30184562,-1.31512905,0.04618379,0.27111598,-0.03257584,0.36276773,-0.14161216,0.28603675,0.98530755,1.60694859,0.16615319,0.13718207,0.08156602,0.06701268,0.09247897,0.20463480,0.22456126,0.98530755,0.62924291,0.72961273,0.68550136,1.60694859,1.71309401,1.66569586,0.16615319,0.23853589,0.13718207,0.39811868,1.36178929,0.34674404,0.37695870,0.32569490
264,0.14842056,0.01234429,0.37134108,0.34720895,0.38147523,0.09289364,-0.35937682,0.30345957,-1.32887905,0.04920996,0.27395270,-0.02843857,0.38458040,-0.14051705,0.32013410,0.99264485,1.62314337,0.17735970,0.13207676,0.09131586,0.07847364,0.09420692,0.20309103,0.22387700,0.99264485,0.63789625,0.75560652,0.72285787,1.62314337,1.74738355,1.71141389,0.17735970,0.24135056,0.13207676,0.40322719,1.37629954,0.35474834,0.39969607,0.35823112
265,0.14954894,0.01180353,0.37780209,0.36385301,0.39214895,0.09648926,-0.36739873,0.30804546,-1.32120160,0.04928760,0.25635997,-0.03001570,0.35371331,-0.14273529,0.29264494,0.97736180,1.59885992,0.17123468,0.13086645,0.08534014,0.07574310,0.09297423,0.20406865,0.22425035,0.97736180,0.62783466,0.73481454,0.70769058,1.59885992,1.71106103,1.67965245,0.17123468,0.24198297,0.13086645,0.41175036,1.36934201,0.33660670,0.36775498,0.33299301
266,0.12899701,0.01448985,0.37943803,0.34157966,0.35984545,0.12896103,-0.36597263,0.31319943,-1.31071388,0.04428353,0.24562856,-0.03459572,0.37356541,-0.14674425,0.32328251,0.96270614,1.57959716,0.18950965,0.12677259,0.07582016,0.04993207,0.09228291,0.20376075,0.22368411,0.96270614,0.61890801,0.76089499,0.74957819,1.57959716,1.72220551,1.70186105,0.18950965,0.25295336,0.12677259,0.42880634,1.36244597,0.33615267,0.39088630,0.36364076
267,0.12176787,0.01432848,0.38264765,0.35676402,0.37230465,0.14067770,-0.38148492,0.31543226,-1.30837413,0.04813647,0.22745937,-0.03555755,0.35072531,-0.14488114,0.31206542,0.94325835,1.55904100,0.19170840,0.12008744,0.07137479,0.04095203,0.09239664,0.20441242,0.22432471,0.94325835,0.61657191,0.75879666,0.76019527,1.55904100,1.69883751,1.68974896,0.19170840,0.25975839,0.12008744,0.45474372,1.36248947,0.32819656,0.36958769,0.35318706
268,0.12123628,0.01465917,0.39050288,0.36088555,0.36818561,0.15328105,-0.38067324,0.32240331,-1.31911646,0.05409136,0.22053545,-0.03400646,0.35070131,-0.14634999,0.32068931,0.95375381,1.56301430,0.19647873,0.11958907,0.07430931,0.05056562,0.09160747,0.20227484,0.22205188,0.95375381,0.61074268,0.75883661,0.76979627,1.56301430,1.71010832,1.70996083,0.19647873,0.26734077,0.11958907,0.45184936,1.37382661,0.32358362,0.36991144,0.36254086
269,0.12148979,0.01487358,0.38368566,0.35193933,0.36603868,0.15987517,-0.36004035,0.32456292,-1.28973507,0.05411615,0.25066544,-0.03554784,0.36013314,-0.14920566,0.31164654,0.94437193,1.56403222,0.18547163,0.12667238,0.08430602,0.05640275,0.09183388,0.20350348,0.22326470,0.94437193,0.62075400,0.75109047,0.74801719,1.56403222,1.69197329,1.67527294,0.18547163,0.25864281,0.12667238,0.43914036,1.34699739,0.34349414,0.37783520,0.35483425
270,0.13540490,0.01402323,0.38425707,0.35421238,0.36883606,0.14028086,-0.36609688,0.32871658,-1.29100694,0.04843526,0.24084100,-0.04154260,0.35241363,-0.15433115,0.30386138,0.94401458,1.55739746,0.18640207,0.12760324,0.07460251,0.03280474,0.08979147,0.20153662,0.22063435,0.94401458,0.61475018,0.74611756,0.74173987,1.55739746,1.68757341,1.67184276,0.18640207,0.26222341,0.12760324,0.43771586,1.34844439,0.33512762,0.37115220,0.34876591
271,0.13086770,0.01363440,0.38637536,0.36080038,0.38030997,0.14534686,-0.37661728,0.33723376,-1.30460512,0.05804590,0.23277535,-0.03175079,0.35593694,-0.14599221,0.30527953,0.94772743,1.56272345,0.19287131,0.12911441,0.07871032,0.05758157,0.09111136,0.19961636,0.21942646,0.94772743,0.61686271,0.75778178,0.74984916,1.56272345,1.70359947,1.68554014,0.19287131,0.26377976,0.12911441,0.44741162,1.36332851,0.33382218,0.37507713,0.34806642
272,0.12560981,0.01469756,0.38805909,0.36180882,0.38081187,0.16215420,-0.37847171,0.34483699,-1.30438844,0.06635861,0.23096451,-0.02538342,0.35945181,-0.14362686,0.31087756,0.94388007,1.56058879,0.19729760,0.13123791,0.08083139,0.06083795,0.09142129,0.19827949,0.21834058,0.94388007,0.61813239,0.76553265,0.76200771,1.56058879,1.70713644,1.69205548,0.19729760,0.26905944,0.13123791,0.45609200,1.36557390,0.33603408,0.37872964,0.35329480
273,0.12700775,0.01421710,0.38455018,0.36774251,0.38454246,0.16310301,-0.37623526,0.34972445,-1.31880251,0.05496716,0.24886268,-0.03122908,0.36534694,-0.14409364,0.31518518,0.96102013,1.59529885,0.18954413,0.12623137,0.08589085,0.06745372,0.09082973,0.19696649,0.21690053,0.96102013,0.63565156,0.77099825,0.76427639,1.59529885,1.72955217,1.71157730,0.18954413,0.25691111,0.12623137,0.45385346,1.38072488,0.34642706,0.38353766,0.35716628
274,0.14507994,0.01394726,0.38392494,0.36253635,0.38365752,0.14864548,-0.37910488,0.35612660,-1.32462978,0.05797372,0.25171617,-0.03262192,0.37251634,-0.14004269,0.30815651,0.96810693,1.60458212,0.19176554,0.12887698,0.07705863,0.06128534,0.08996131,0.19616611,0.21581052,0.96810693,0.63876815,0.77679828,0.75285363,1.60458212,1.74331495,1.71060551,0.19176554,0.25396704,0.12887698,0.44861794,1.38633266,0.34685216,0.39072145,0.34846827
275,0.13629348,0.01450710,0.38648978,0.37119875,0.39542113,0.15519790,-0.40075388,0.36234347,-1.33249894,0.06553224,0.24377691,-0.02544797,0.36435954,-0.13399209,0.29867553,0.95457719,1.60424361,0.19187707,0.13005284,0.08148193,0.09023116,0.09109650,0.19574049,0.21590023,0.95457719,0.65208356,0.78985811,0.76411120,1.60424361,1.74288425,1.70907141,0.19187707,0.25378456,0.13005284,0.46810754,1.39503654,0.33977734,0.38119819,0.33711305
276,0.12719011,0.01358497,0.39291263,0.38306582,0.41122431,0.17120307,-0.39898559,0.36208360,-1.33279392,0.06237747,0.22806126,-0.03134441,0.34641046,-0.13816559,0.27237557,0.95317457,1.58956286,0.19388044,0.13367696,0.08049349,0.08635524,0.08923179,0.19564457,0.21503281,0.95317457,0.63739621,0.77724170,0.74851771,1.58956286,1.72739229,1.68618523,0.19388044,0.25605759,0.13367696,0.47446788,1.39576390,0.32750599,0.36331968,0.31418186
277,0.13390242,0.01349076,0.39746565,0.38280140,0.41360281,0.16027056,-0.40655585,0.35548145,-1.33163566,0.05768804,0.22117348,-0.03527838,0.33930061,-0.14569885,0.26022424,0.94556424,1.58128758,0.19297870,0.13968660,0.07784724,0.07407367,0.08866951,0.19761188,0.21659349,0.94556424,0.63721997,0.77546763,0.74261569,1.58128758,1.71876223,1.67392618,0.19297870,0.25788759,0.13968660,0.47563174,1.39303572,0.32161270,0.35699361,0.30694057
278,0.12767611,0.01496867,0.39050234,0.36873798,0.39801240,0.17694290,-0.37234639,0.35007193,-1.31740191,0.06848355,0.23550876,-0.02721559,0.35299550,-0.13942812,0.27432112,0.96096197,1.57846229,0.19472526,0.14027167,0.07790161,0.08966532,0.08968496,0.19823596,0.21757961,0.96096197,0.61912101,0.75744137,0.72779242,1.57846229,1.71513498,1.67000410,0.19472526,0.26057946,0.14027167,0.45062896,1.37779234,0.33443488,0.36930301,0.31676436
279,0.12979853,0.01510715,0.39243968,0.37610673,0.40234506,0.17757241,-0.38961857,0.34541718,-1.33511881,0.08023734,0.22288003,-0.01922739,0.34900102,-0.13266833,0.27684194,0.96053098,1.58051798,0.20556948,0.13819394,0.08646333,0.07571142,0.08870249,0.19729255,0.21631571,0.96053098,0.62151993,0.76938776,0.74478693,1.58051798,1.72661427,1.68729711,0.20556948,0.27188864,0.13819394,0.46826227,1.39518799,0.33037292,0.36410779,0.31487546
280,0.12924196,0.01478715,0.39638674,0.37894363,0.40427083,0.18260366,-0.39755653,0.33903532,-1.34246471,0.08268020,0.21391159,-0.01801932,0.34795348,-0.13012603,0.27328142,0.95795823,1.57747428,0.21094676,0.13853875,0.07797664,0.06025677,0.08767554,0.19750407,0.21608994,0.95795823,0.62080607,0.77714722,0.75004125,1.57747428,1.73108975,1.68833211,0.21094676,0.27302946,0.13853875,0.47759784,1.40053882,0.32522348,0.36320440,0.31071049
281,0.12937611,0.01443810,0.39553564,0.37451543,0.39908012,0.18689165,-0.38410307,0.33462935,-1.34654545,0.08551923,0.21125661,-0.01533904,0.34491358,-0.13093528,0.27779603,0.97391422,1.57768581,0.21219931,0.13803819,0.07979351,0.04578451,0.08788365,0.19712969,0.21583246,0.97391422,0.60504174,0.76232259,0.74534539,1.57768581,1.73099905,1.69619573,0.21219931,0.28007584,0.13803819,0.46972428,1.40407075,0.32527372,0.35992852,0.31438766
282,0.13894581,0.01467500,0.39651651,0.37817344,0.40374444,0.16807490,-0.40286995,0.33168561,-1.34344336,0.09340048,0.21136147,-0.00620937,0.34755834,-0.12260030,0.28443781,0.95482192,1.57304362,0.21152373,0.13556692,0.08766197,0.07094023,0.08909022,0.19768803,0.21683547,0.95482192,0.61957123,0.77632760,0.75661901,1.57304362,1.72801025,1.69589272,0.21152373,0.27665953,0.13556692,0.47839833,1.39980190,0.32430592,0.36170879,0.31774160
283,0.14001221,0.01422745,0.39596735,0.38614459,0.41072198,0.16296828,-0.40361119,0.32478962,-1.34478126,0.09411283,0.21710239,-0.00779699,0.34050156,-0.12737811,0.27650379,0.95508131,1.57890442,0.20687705,0.13866869,0.09153493,0.08337021,0.08941737,0.19673385,0.21610107,0.95508131,0.62522237,0.77017126,0.75089987,1.57890442,1.72165752,1.68932822,0.20687705,0.27959897,0.13866869,0.47644301,1.39894230,0.32538749,0.35286552,0.31096221
284,0.13272521,0.01538755,0.39100086,0.37284767,0.40294855,0.18189304,-0.39472516,0.32123751,-1.34707908,0.09847989,0.22860331,-0.00712530,0.36172054,-0.12298732,0.28342242,0.96258592,1.59142451,0.21231082,0.14308695,0.08849084,0.07629486,0.08946623,0.19499257,0.21453743,0.96258592,0.62953752,0.78591759,0.75462897,1.59142451,1.74365890,1.69590845,0.21231082,0.27729808,0.14308695,0.47659286,1.40051447,0.33501727,0.37455224,0.31605710
285,0.14406802,0.01413723,0.38513491,0.37953252,0.40584204,0.17534275,-0.39639079,0.32514484,-1.35708230,0.10537762,0.24786191,-0.00471961,0.36664324,-0.12133205,0.29232288,0.97253290,1.61999905,0.21054186,0.14157719,0.09813155,0.08946492,0.09013519,0.19228179,0.21235969,0.97253290,0.64910541,0.79001449,0.76069521,1.61999905,1.75900778,1.71524714,0.21054186,0.28383774,0.14157719,0.47147228,1.41072366,0.34946449,0.37712088,0.32173466
286,0.14870440,0.01300358,0.39058820,0.38694666,0.41392145,0.17701332,-0.39877853,0.33171299,-1.38299455,0.10868734,0.22656545,-0.00031921,0.36261970,-0.11605446,0.30185643,0.99652199,1.62514601,0.21621709,0.13431018,0.10097221,0.12016951,0.08972324,0.18797504,0.20829037,0.99652199,0.63082195,0.78594609,0.76763145,1.62514601,1.77983083,1.74838313,0.21621709,0.28527264,0.13431018,0.47004676,1.43565230,0.33525688,0.37461425,0.32951019
287,0.15752198,0.01204957,0.39296112,0.39184011,0.42012912,0.16532387,-0.41197351,0.33269931,-1.37929350,0.10133189,0.24317101,-0.00559940,0.35977462,-0.11921428,0.28710970,0.98196508,1.63902341,0.20252119,0.13834721,0.09590595,0.11112280,0.08901029,0.18720136,0.20728527,0.98196508,0.65979169,0.79464286,0.76309090,1.63902341,1.77475308,1.73189932,0.20252119,0.27441968,0.13834721,0.47450754,1.43161290,0.33848549,0.36997823,0.31575009
288,0.15437459,0.01213351,0.38941274,0.39073469,0.41932649,0.16849404,-0.39945516,0.32815065,-1.36115906,0.11052317,0.24540371,0.00139147,0.36071666,-0.11525344,0.29078313,0.97508807,1.62137190,0.20229730,0.13892356,0.09991250,0.12268212,0.08930329,0.18835072,0.20844921,0.97508807,0.64880667,0.78279610,0.75463012,1.62137190,1.75571061,1.71555540,0.20229730,0.27687561,0.13892356,0.46603487,1.41322727,0.34308818,0.37115685,0.31831853
289,0.15755151,0.01280473,0.38318627,0.38222544,0.41487081,0.16525166,-0.39338555,0.32566559,-1.34173512,0.11352924,0.25260243,0.00467223,0.36460395,-0.11010577,0.28967084,0.96207594,1.60851515,0.19854176,0.13992247,0.10294850,0.11958420,0.08975429,0.18952743,0.20970569,0.96207594,0.64943578,0.77895724,0.74439712,1.60851515,1.73928605,1.69363858,0.19854176,0.27219146,0.13992247,0.45909981,1.39392266,0.34863026,0.37538441,0.31585687
290,0.15601118,0.01274394,0.38302597,0.37888782,0.40870108,0.17025787,-0.39398726,0.32821815,-1.33402563,0.11728619,0.25578390,0.00897911,0.36914730,-0.10517500,0.29609698,0.95346921,1.60386707,0.19760358,0.13796601,0.09849743,0.11769208,0.08961239,0.18937630,0.20950838,0.95346921,0.65327710,0.78390992,0.75028028,1.60386707,1.73572794,1.69145272,0.19760358,0.26918326,0.13796601,0.46125543,1.38700280,0.35167005,0.38022185,0.32083900
291,0.15867546,0.01266318,0.38087655,0.37384220,0.40308381,0.16837473,-0.40048139,0.33060733,-1.34346319,0.11295974,0.27106519,0.00309596,0.38189231,-0.10691796,0.30309016,0.95712148,1.62922746,0.19708767,0.13778964,0.09990238,0.10629678,0.08964696,0.18778506,0.20808605,0.95712148,0.67507517,0.80357128,0.76281864,1.62922746,1.75916981,1.70854783,0.19708767,0.26604927,0.13778964,0.46715871,1.39724064,0.36263310,0.39291938,0.32819031
292,0.15709271,0.01348378,0.38199002,0.37800814,0.40759744,0.17800317,-0.40008169,0.33502577,-1.34942782,0.11656149,0.26314764,0.00576899,0.37477258,-0.10705813,0.29584474,0.96264047,1.62740347,0.19818360,0.13932621,0.10388446,0.11646342,0.08887409,0.18691813,0.20697099,0.96264047,0.66761365,0.79732015,0.75820840,1.62740347,1.75836530,1.70814422,0.19818360,0.26682860,0.13932621,0.46818476,1.40376501,0.35689943,0.38557983,0.32214002
293,0.15197156,0.01495950,0.38338407,0.37701229,0.40434909,0.18613175,-0.40815057,0.33554335,-1.34642797,0.12095604,0.25292994,0.00802264,0.37522082,-0.10197189,0.28897365,0.95041102,1.61379844,0.20680107,0.14181721,0.10232172,0.10141330,0.08791286,0.18732437,0.20692774,0.95041102,0.66568287,0.80729787,0.76138925,1.61379844,1.75560518,1.69774029,0.20680107,0.26928073,0.14181721,0.48035595,1.40140121,0.35324657,0.38646200,0.31393728
294,0.15428858,0.01642935,0.38399270,0.37401672,0.40373800,0.17889785,-0.41827702,0.33824553,-1.34016173,0.12253024,0.25648316,0.00805090,0.37660299,-0.10127884,0.27620544,0.93581144,1.61127510,0.20505457,0.15040203,0.09994135,0.10581541,0.08720860,0.18729467,0.20660260,0.93581144,0.67840529,0.81682132,0.75589565,1.61127510,1.75111580,1.67969737,0.20505457,0.26725218,0.15040203,0.48597999,1.39557487,0.35509256,0.38784478,0.30196794
295,0.15765986,0.01561250,0.38627877,0.37861710,0.40717280,0.17902426,-0.42157275,0.34276146,-1.34733378,0.12338058,0.25912822,0.00726710,0.37814213,-0.10510078,0.27455629,0.94041194,1.62147114,0.20503278,0.15434962,0.10200454,0.09876476,0.08665991,0.18577499,0.20499338,0.94041194,0.68419818,0.82175878,0.75858345,1.62147114,1.76074992,1.68712899,0.20503278,0.26923423,0.15434962,0.48807454,1.40340409,0.35539311,0.38868932,0.30175233
296,0.16108151,0.01601413,0.37878273,0.37093945,0.39752206,0.18483306,-0.41804274,0.35479159,-1.33850866,0.12493777,0.28705807,0.00736716,0.40012365,-0.10611427,0.28847534,0.93647050,1.64179440,0.20380079,0.16024526,0.10602140,0.08863071,0.08612892,0.18489892,0.20397500,0.93647050,0.70892218,0.84096434,0.77032281,1.64179440,1.77631773,1.69575216,0.20380079,0.27041438,0.16024526,0.48754199,1.39888719,0.37823227,0.41020091,0.31563793
297,0.16350460,0.01547477,0.38115295,0.37442077,0.40067441,0.18228331,-0.41670447,0.35673979,-1.33393711,0.12433246,0.28386354,0.00580615,0.39566588,-0.10863869,0.27975710,0.93407266,1.63449825,0.20247688,0.16400813,0.10347341,0.09436290,0.08632058,0.18494913,0.20410150,0.93407266,0.70435651,0.83477418,0.76073840,1.63449825,1.76785496,1.68390279,0.20247688,0.27149168,0.16400813,0.48422400,1.39428850,0.37460803,0.40587180,0.30842317
298,0.15877655,0.01555690,0.38117483,0.37327533,0.40087744,0.19053446,-0.41201658,0.36125923,-1.32729624,0.12293020,0.28215817,0.00711826,0.39252089,-0.10294003,0.26824239,0.93162049,1.62708761,0.19966175,0.16683560,0.10544001,0.10684601,0.08580988,0.18589482,0.20474428,0.93162049,0.69914780,0.82822034,0.74601539,1.62708761,1.75892126,1.66599591,0.19966175,0.26406468,0.16683560,0.48153493,1.38902806,0.37216277,0.40271809,0.29648239
299,0.15980828,0.01425137,0.37825868,0.37110395,0.39547512,0.18737938,-0.40532257,0.36399064,-1.32426385,0.12464791,0.29358548,0.00907852,0.39594806,-0.10302209,0.28468917,0.93606574,1.63551931,0.19625167,0.15866310,0.10593578,0.10000198,0.08524770,0.18435865,0.20311396,0.93606574,0.70275566,0.82505252,0.75503299,1.63551931,1.75969590,1.67980170,0.19625167,0.26549609,0.15866310,0.47847825,1.38727135,0.38191219,0.40590760,0.31161518
300,0.16431622,0.01475008,0.37843712,0.36974076,0.40034255,0.18772005,-0.40812828,0.37414273,-1.33567158,0.12388919,0.29831883,0.00678659,0.40282773,-0.10548184,0.27503974,0.94657745,1.65310033,0.19703485,0.17073770,0.10830939,0.10828954,0.08535643,0.18243884,0.20141910,0.94657745,0.71069260,0.83427691,0.74883080,1.65310033,1.78000848,1.68489011,0.19703485,0.26659031,0.17073770,0.47956247,1.40116694,0.38633034,0.41343549,0.30474036
301,0.16661474,0.01493832,0.38614776,0.37898031,0.40686620,0.18992625,-0.42959403,0.38125895,-1.36445602,0.12288453,0.29540423,0.00675265,0.40733583,-0.11115327,0.26531645,0.95477175,1.67994022,0.19930205,0.18515851,0.10803919,0.10214475,0.08442386,0.17921343,0.19810311,0.95477175,0.72976047,0.85941461,0.76179104,1.67994022,1.81367554,1.70635888,0.19930205,0.27020267,0.18515851,0.49741136,1.43015119,0.38437201,0.41853792,0.29894767
302,0.16382706,0.01406511,0.38678114,0.38527272,0.41013761,0.18802852,-0.43438544,0.38271492,-1.36264375,0.12342209,0.28434489,0.01115286,0.39736420,-0.10606724,0.25956059,0.94885082,1.66738971,0.19876234,0.18134838,0.10666779,0.10712160,0.08319122,0.17926989,0.19763216,0.94885082,0.72315804,0.85337857,0.75840125,1.66738971,1.80153825,1.69792574,0.19876234,0.26559831,0.18134838,0.50282424,1.42902412,0.37820018,0.40937839,0.29308140
303,0.16268433,0.01381323,0.38585978,0.38334409,0.41052366,0.17365895,-0.44193702,0.37175735,-1.34878276,0.11782093,0.28826721,0.00725657,0.38822200,-0.10766998,0.24055267,0.92847686,1.65675650,0.19144483,0.18822958,0.09569400,0.10195727,0.08435424,0.18082122,0.19952932,0.92847686,0.73354025,0.85026978,0.74474593,1.65675650,1.77762466,1.66439668,0.19144483,0.26995527,0.18822958,0.50687735,1.41312372,0.38093009,0.40076929,0.27508806
304,0.15911096,0.01502631,0.38330200,0.37401375,0.40623595,0.16901102,-0.43886490,0.36641487,-1.31744726,0.12075233,0.28956046,0.00855378,0.40063731,-0.10384992,0.24387257,0.90068834,1.62582470,0.19490418,0.19389187,0.09168449,0.11387597,0.08457125,0.18231660,0.20097672,0.90068834,0.73117492,0.85783167,0.74108309,1.62582470,1.75738550,1.63444100,0.19490418,0.26544222,0.19389187,0.50059541,1.38067662,0.37897276,0.41261005,0.27650033
305,0.15942895,0.01429320,0.38327390,0.37616710,0.40891154,0.16926592,-0.43953874,0.36706072,-1.32962672,0.11488989,0.29545731,0.00684409,0.40175415,-0.10775442,0.24582412,0.91207969,1.64465392,0.19033715,0.19447511,0.09157164,0.11018029,0.08426707,0.18152789,0.20013324,0.91207969,0.73823140,0.85989776,0.74492403,1.64465392,1.77101495,1.64942586,0.19033715,0.26478934,0.19447511,0.50047983,1.39263363,0.38122988,0.41326735,0.27931262
306,0.16214993,0.01387780,0.38692760,0.38436682,0.41583734,0.16050088,-0.44280865,0.36270131,-1.31920883,0.12148076,0.27564628,0.01310435,0.38419880,-0.10168756,0.23634699,0.89969418,1.61324426,0.18873361,0.18820779,0.09325194,0.12411288,0.08491762,0.18308742,0.20182172,0.89969418,0.72128249,0.84214298,0.73229185,1.61324426,1.74082357,1.62654438,0.18873361,0.26103422,0.18820779,0.49534070,1.37936410,0.36372226,0.39572212,0.26780009
307,0.16224580,0.01482106,0.38819760,0.38266984,0.41225950,0.15974873,-0.44200330,0.35954372,-1.31274135,0.12548036,0.27555093,0.01561357,0.38814524,-0.10246009,0.24883664,0.89362643,1.60576608,0.19110344,0.18397684,0.08795042,0.11786199,0.08567389,0.18393700,0.20291090,0.89362643,0.72037002,0.84435416,0.74295186,1.60576608,1.73699426,1.63148246,0.19110344,0.26417880,0.18397684,0.49340235,1.37188437,0.36498384,0.39998116,0.27882302
308,0.16309875,0.01324412,0.39664726,0.38845311,0.41514720,0.15235370,-0.43543787,0.35014977,-1.30251161,0.12536354,0.23958552,0.01390808,0.36828119,-0.10022105,0.25964654,0.88940838,1.55891208,0.19969827,0.15958571,0.08610463,0.11564880,0.08593881,0.18552420,0.20446199,0.88940838,0.67744981,0.81733168,0.74377579,1.55891208,1.70549942,1.62824555,0.19969827,0.26097852,0.15958571,0.48502943,1.35822844,0.33651645,0.38082622,0.28713895
309,0.15797170,0.01284438,0.39747283,0.38832182,0.42021069,0.14775751,-0.43609433,0.34318553,-1.30685465,0.11901169,0.23986959,0.00433740,0.36912905,-0.11132039,0.24840253,0.89244957,1.56349931,0.20162647,0.17015847,0.08356634,0.12218011,0.08538261,0.18442080,0.20322701,0.89244957,0.67848927,0.81960932,0.73676234,1.56349931,1.71094967,1.62290363,0.20162647,0.26739796,0.17015847,0.48460162,1.36039447,0.33543168,0.38197293,0.28020279
310,0.16200810,0.01269226,0.40457992,0.39968182,0.42780979,0.14240055,-0.43708226,0.34034700,-1.31847349,0.11672129,0.21984302,0.00456916,0.35690089,-0.11083068,0.23622820,0.90334986,1.55520662,0.20505533,0.17032331,0.08273006,0.12690469,0.08553520,0.18451047,0.20337252,0.90334986,0.65933420,0.80761544,0.72458396,1.55520662,1.70960950,1.62132549,0.20505533,0.26611403,0.17032331,0.48372863,1.37030091,0.31973878,0.36996171,0.26859718
311,0.16131998,0.01414038,0.40294642,0.39283993,0.42289632,0.14226280,-0.43089603,0.33833963,-1.31214065,0.11132473,0.22061145,0.00246378,0.36737166,-0.10891345,0.25880269,0.90279493,1.55036911,0.20761055,0.15955214,0.07996449,0.12883305,0.08591964,0.18515387,0.20411796,0.90279493,0.65431376,0.81175080,0.73858777,1.55036911,1.71338109,1.63539706,0.20761055,0.26067405,0.15955214,0.47750504,1.36311521,0.31834174,0.38131483,0.28857173
312,0.15947410,0.01326659,0.40609880,0.39409545,0.42186032,0.13460330,-0.42541700,0.32775658,-1.30864006,0.10105298,0.21087745,-0.00093204,0.36070460,-0.10946295,0.27037938,0.90409764,1.53718614,0.20450751,0.14519356,0.07759272,0.12981265,0.08636867,0.18566447,0.20477021,0.90409764,0.63913246,0.79897642,0.74153910,1.53718614,1.70195471,1.64026173,0.20450751,0.25373660,0.14519356,0.47033122,1.35710263,0.30682533,0.37537585,0.30000157
313,0.15282483,0.01318518,0.40539539,0.39232512,0.41144038,0.13540192,-0.42899410,0.32311842,-1.29454374,0.09723373,0.21103698,-0.00325443,0.35903860,-0.11386090,0.28439442,0.88568782,1.52298154,0.20426390,0.13645618,0.07377377,0.09927383,0.08745905,0.18640182,0.20589979,0.88568782,0.64284077,0.80184264,0.75998911,1.52298154,1.68646933,1.64055730,0.20426390,0.25711294,0.13645618,0.47517775,1.34363618,0.30618379,0.37293308,0.31474567
314,0.15589703,0.01269089,0.40832576,0.39984693,0.42619186,0.13252636,-0.44573654,0.32442827,-1.33428081,0.09327259,0.20117176,-0.00540781,0.35987741,-0.12177141,0.27301457,0.90910063,1.55356173,0.21098513,0.14888098,0.07792570,0.11189738,0.08756731,0.18321241,0.20306359,0.90910063,0.65099258,0.81815625,0.76556924,1.55356173,1.72663099,1.67003256,0.21098513,0.26174547,0.14888098,0.48682226,1.38191171,0.30223892,0.37561439,0.30810450
315,0.15855003,0.01287443,0.40870022,0.40216421,0.42251754,0.11789313,-0.46956677,0.32069125,-1.34318510,0.09018727,0.20781572,-0.00750786,0.36345067,-0.12153367,0.28801814,0.89694356,1.56876320,0.20808455,0.13977508,0.07699103,0.09968721,0.08794293,0.18256678,0.20264399,0.89694356,0.68067663,0.84320495,0.79724119,1.56876320,1.73862198,1.69192704,0.20808455,0.25944672,0.13977508,0.50465552,1.38966854,0.30439075,0.37857461,0.32185737
316,0.16267373,0.01371287,0.41259523,0.39919825,0.42309291,0.11092240,-0.43867167,0.31347699,-1.32199504,0.08806304,0.17986860,-0.00827612,0.34600962,-0.12493984,0.28424681,0.90641250,1.51956884,0.21329969,0.13562191,0.07536686,0.10966329,0.08771572,0.18404750,0.20388116,0.90641250,0.62279451,0.79404066,0.76240443,1.51956884,1.69924857,1.66656027,0.21329969,0.26762187,0.13562191,0.47134422,1.36682042,0.28374012,0.36262544,0.31991754
317,0.16629355,0.01289356,0.40347940,0.39525658,0.41914977,0.07934767,-0.44131501,0.30648904,-1.30381702,0.08369065,0.20913827,-0.00853412,0.34552698,-0.11769829,0.29273423,0.89193808,1.53006515,0.18792900,0.12470244,0.06797668,0.10039410,0.08765344,0.18669598,0.20624867,0.89193808,0.65290615,0.79247430,0.76267073,1.53006515,1.67966811,1.65344303,0.18792900,0.24874900,0.12470244,0.46984666,1.34745059,0.29907763,0.36155818,0.32477551
318,0.17160243,0.01324709,0.40286692,0.38825166,0.41505972,0.06528135,-0.43906948,0.29998300,-1.31442006,0.07163221,0.19966262,-0.01864310,0.35225099,-0.12264609,0.28609619,0.90628239,1.53224134,0.20016500,0.12748871,0.05910939,0.08730112,0.08558932,0.18589668,0.20465363,0.90628239,0.64169416,0.79638788,0.75186850,1.53224134,1.69724878,1.65681890,0.20016500,0.24689940,0.12748871,0.46780694,1.35682295,0.29771978,0.37132427,0.32226245
319,0.16876498,0.01454850,0.40569177,0.37963161,0.40858356,0.06279534,-0.43372742,0.29313390,-1.31468409,0.06623883,0.16812426,-0.02161390,0.34891136,-0.12755897,0.29526864,0.91058474,1.50125211,0.21965825,0.12368375,0.05889239,0.09183526,0.08542017,0.18584673,0.20453756,0.91058474,0.60531185,0.78754476,0.75571649,1.50125211,1.69335596,1.66522282,0.21965825,0.26247550,0.12368375,0.46132108,1.35518037,0.27598552,0.36960763,0.33279715
320,0.16181227,0.01566602,0.39921220,0.37076492,0.40224648,0.05855750,-0.42122595,0.28653215,-1.31908598,0.05662864,0.18460490,-0.03098683,0.36487035,-0.13466363,0.31103336,0.92637195,1.52238040,0.21951901,0.12113479,0.06035153,0.10285066,0.08531485,0.18391012,0.20273519,0.92637195,0.60954357,0.79149657,0.75927609,1.52238040,1.71387024,1.68475059,0.21951901,0.25953129,0.12113479,0.44828351,1.35794599,0.28448281,0.38515155,0.35000661
321,0.15915661,0.01452501,0.39321352,0.37079933,0.39619336,0.06059838,-0.43780828,0.28171534,-1.31839400,0.04704918,0.21910159,-0.03694321,0.36744222,-0.13600262,0.31496851,0.90801990,1.55616245,0.19540537,0.11499730,0.06946365,0.08759754,0.08506941,0.18278144,0.20160819,0.90801990,0.66026180,0.81170870,0.78004773,1.55616245,1.71624604,1.68735806,0.19540537,0.23954316,0.11499730,0.46524042,1.35744595,0.30732601,0.38672447,0.35446791
322,0.16080956,0.01378586,0.39032052,0.38046081,0.40529626,0.05478085,-0.44256158,0.27818277,-1.33960459,0.03779615,0.24520133,-0.04389631,0.36301845,-0.14625606,0.31217891,0.92466932,1.60370032,0.17439275,0.11624840,0.07844299,0.09168551,0.08450011,0.18078401,0.19955733,0.92466932,0.69153011,0.81212748,0.78268617,1.60370032,1.73353111,1.70691845,0.17439275,0.22997949,0.11624840,0.46734180,1.37753899,0.32495380,0.38201575,0.35612583
323,0.15758667,0.01428209,0.38725725,0.37301707,0.40392926,0.03599814,-0.44115796,0.26793838,-1.33245402,0.03239347,0.24007719,-0.04765517,0.36258602,-0.15064416,0.29771294,0.92113075,1.59080068,0.17503680,0.12464124,0.07212100,0.08421024,0.08449111,0.18108728,0.19982830,0.92113075,0.68431145,0.80869213,0.76429529,1.59080068,1.72483619,1.68471057,0.17503680,0.22786114,0.12464124,0.46537957,1.36855671,0.31959396,0.38259552,0.34445945
324,0.15436899,0.01490395,0.38449062,0.37256132,0.40663087,0.02716957,-0.43751413,0.25854596,-1.32145012,0.02907632,0.22555723,-0.04632110,0.35974483,-0.14952031,0.28030407,0.91392807,1.56465854,0.17998782,0.13221130,0.07925049,0.10201351,0.08543942,0.18203439,0.20108808,0.91392807,0.66647975,0.80106126,0.74085255,1.56465854,1.70922388,1.65433374,0.17998782,0.21992733,0.13221130,0.45985577,1.35581660,0.30702061,0.37989567,0.33023960
325,0.15271369,0.01645829,0.37998399,0.37580065,0.41195830,0.01338150,-0.44493048,0.25428669,-1.33306322,0.02088769,0.25391886,-0.05016140,0.35517327,-0.15073800,0.26941792,0.92045515,1.60467075,0.15999367,0.13455876,0.07809605,0.08991575,0.08425832,0.18181097,0.20038636,0.92045515,0.70191189,0.80344849,0.73554615,1.60467075,1.71641385,1.65491600,0.15999367,0.21389151,0.13455876,0.46942639,1.36765836,0.33280779,0.37597081,0.32085902
326,0.14473746,0.01576782,0.37202797,0.37349375,0.40839375,0.01540794,-0.44549859,0.25142573,-1.32731353,0.01411320,0.26010701,-0.05536237,0.35112927,-0.15033184,0.27799450,0.91314783,1.60552910,0.15390517,0.12215923,0.08387546,0.08939483,0.08520916,0.18263602,0.20153540,0.91314783,0.70831973,0.80081032,0.74502800,1.60552910,1.70745262,1.65713672,0.15390517,0.20817578,0.12215923,0.47007145,1.36186953,0.33531009,0.37159900,0.32720321
327,0.14851989,0.01510629,0.36771446,0.37447042,0.40814877,0.00133737,-0.45493446,0.24650502,-1.32606801,0.01109076,0.25777974,-0.05613447,0.34867663,-0.14816964,0.26467949,0.90522629,1.60186686,0.15214974,0.12718090,0.08043089,0.07394511,0.08406896,0.18379646,0.20211068,0.90522629,0.71581564,0.80646660,0.73754550,1.60186686,1.70283341,1.64106509,0.15214974,0.20400126,0.12718090,0.47750338,1.35900610,0.33324699,0.36962792,0.31464128
328,0.14097819,0.01503707,0.36886846,0.37856000,0.40410673,-0.00078666,-0.45663213,0.23986715,-1.32997355,0.00738895,0.24805830,-0.05745847,0.34645138,-0.14518887,0.28316371,0.90615977,1.59562483,0.15397940,0.10997818,0.08177529,0.09104306,0.08652720,0.18355401,0.20292617,0.90615977,0.70766794,0.80583160,0.75573298,1.59562483,1.70353528,1.66022782,0.15397940,0.19662092,0.10997818,0.47928961,1.36179209,0.32506410,0.36825954,0.33097410
329,0.14054351,0.01530454,0.37208805,0.38547028,0.40321593,-0.00391848,-0.45118618,0.23283747,-1.33240727,0.00534048,0.23775101,-0.05471541,0.33572914,-0.14238794,0.29005008,0.91254950,1.58726333,0.15174546,0.10097935,0.07228005,0.08753161,0.08616082,0.18257754,0.20188671,0.91254950,0.69155580,0.78955136,0.75646424,1.58726333,1.69352638,1.66684653,0.15174546,0.19718753,0.10097935,0.47693919,1.36280705,0.31989556,0.35902842,0.33658819
330,0.13794224,0.01470487,0.37588021,0.38694278,0.40125544,-0.00416200,-0.46256214,0.23025767,-1.33324632,-0.00258485,0.23312021,-0.06001728,0.33381343,-0.14738220,0.28886525,0.90183763,1.58434111,0.15136695,0.10012181,0.06516910,0.07426451,0.08467050,0.18084805,0.19968753,0.90183763,0.69876277,0.79896564,0.76665837,1.58434111,1.69282854,1.66685533,0.15136695,0.19409083,0.10012181,0.48646526,1.36324061,0.31786997,0.35935085,0.33920324
331,0.14001451,0.01290742,0.37762766,0.39156874,0.40506655,-0.01462477,-0.45603473,0.23212138,-1.32891345,0.00160431,0.22195916,-0.05591328,0.32837630,-0.14599214,0.29505690,0.90710541,1.56874597,0.15699782,0.09826762,0.06949510,0.08230723,0.08622259,0.18135826,0.20081124,0.90710541,0.68061737,0.78665251,0.76512551,1.56874597,1.68284393,1.66886333,0.15699782,0.20429483,0.09826762,0.48547217,1.35996738,0.31484409,0.35516004,0.34476527
332,0.13451452,0.01339349,0.37760840,0.39383390,0.40591273,-0.01517120,-0.45860125,0.23536742,-1.32300642,0.00215841,0.21289901,-0.05447303,0.32445558,-0.14695693,0.29727613,0.89998150,1.55442081,0.16047137,0.09847553,0.06675190,0.09205415,0.08707224,0.18115860,0.20099754,0.89998150,0.67375839,0.78552105,0.77031435,1.55442081,1.67343167,1.66614279,0.16047137,0.20953847,0.09847553,0.48975047,1.35452858,0.30869594,0.35124754,0.34721248
333,0.13869888,0.01285387,0.38109634,0.39835561,0.40779972,-0.02598975,-0.46197228,0.24086284,-1.33098442,0.00939205,0.20171813,-0.05191860,0.31552799,-0.14665513,0.29257574,0.90906459,1.55101355,0.16579550,0.10004101,0.06800093,0.08935550,0.08671005,0.17967410,0.19950291,0.90906459,0.66700338,0.77938896,0.76734661,1.55101355,1.67309051,1.67074404,0.16579550,0.22036504,0.10004101,0.49382883,1.36387669,0.30511845,0.34330644,0.34292597
334,0.13948439,0.01265813,0.38068314,0.39415759,0.41232595,-0.02450183,-0.46415702,0.24251631,-1.33419273,0.01332420,0.20382555,-0.04987333,0.32795165,-0.14652831,0.28901746,0.91009130,1.55592677,0.17534943,0.10784419,0.06767190,0.08895808,0.08691390,0.17881691,0.19882030,0.91009130,0.67138941,0.79412555,0.76700708,1.55592677,1.68849348,1.67112901,0.17534943,0.22549817,0.10784419,0.49798920,1.36808890,0.31114883,0.35563183,0.33923888
335,0.14044187,0.01231903,0.38241627,0.39358448,0.40453666,-0.02499110,-0.47153621,0.24178881,-1.34443224,0.00537412,0.19250654,-0.05237487,0.32060427,-0.14450168,0.29406303,0.91278538,1.55598004,0.17365039,0.09885055,0.06538686,0.07622819,0.08576392,0.17758729,0.19721231,0.91278538,0.66765983,0.79360343,0.77748475,1.55598004,1.69148197,1.68492560,0.17365039,0.22063455,0.09885055,0.50202213,1.37756048,0.30218140,0.35021061,0.34460249
336,0.13602205,0.01159839,0.38208800,0.39885014,0.41483776,-0.02260468,-0.47337436,0.23886945,-1.33552848,0.01060826,0.19763695,-0.05375541,0.31030495,-0.14760096,0.26864739,0.90097154,1.55073815,0.16731427,0.10552131,0.07118038,0.07860566,0.08612542,0.17869491,0.19836698,0.90097154,0.67401165,0.78598563,0.75628589,1.55073815,1.67271849,1.65222242,0.16731427,0.21671227,0.10552131,0.50463179,1.36885078,0.30156514,0.33769541,0.32167584
337,0.13874583,0.01239781,0.38241656,0.39786567,0.42064806,-0.03032521,-0.48033903,0.23797022,-1.34210136,0.01062426,0.20583552,-0.05508131,0.31675194,-0.14963768,0.26511032,0.90258242,1.56534380,0.16615371,0.11137648,0.06470264,0.08346653,0.08704231,0.17782609,0.19798606,0.90258242,0.68969310,0.79895300,0.75883360,1.56534380,1.68542925,1.65537189,0.16615371,0.21656405,0.11137648,0.51109112,1.37462753,0.30750562,0.34436898,0.31895080
338,0.13742062,0.01305318,0.37695422,0.37978528,0.39777520,-0.02046740,-0.45802754,0.23481421,-1.32080434,0.00001159,0.21382550,-0.05699741,0.34849667,-0.14685704,0.29646186,0.89976511,1.55353853,0.17939238,0.10794994,0.06348707,0.08129941,0.08562626,0.17928993,0.19868754,0.89976511,0.67502572,0.80843352,0.76832067,1.55353853,1.69526097,1.66344383,0.17939238,0.21493570,0.10794994,0.49016197,1.35331514,0.31803895,0.37682725,0.34621495
339,0.13576853,0.01339633,0.38142991,0.38685987,0.40673135,-0.01268926,-0.46663144,0.23482016,-1.33209675,0.00098076,0.20326100,-0.05874583,0.33585845,-0.14774703,0.28414453,0.90018642,1.55396057,0.17686033,0.10613434,0.06619452,0.09656687,0.08620469,0.17864476,0.19835624,0.90018642,0.67266697,0.80486395,0.76576651,1.55396057,1.69426795,1.66253581,0.17686033,0.21134730,0.10613434,0.49586886,1.36377343,0.30452165,0.36353056,0.33558241
340,0.13461225,0.01193566,0.37966251,0.38424544,0.40212031,-0.01780876,-0.46513145,0.22719109,-1.32578896,-0.00047839,0.20693480,-0.06191134,0.32483265,-0.15171494,0.27787314,0.89486116,1.55032788,0.16782888,0.10543916,0.06498049,0.07426235,0.08482981,0.17941806,0.19846142,0.89486116,0.67444724,0.79268114,0.75895644,1.55032788,1.67658693,1.64986325,0.16782888,0.21262426,0.10543916,0.49647105,1.35673314,0.30686102,0.35321839,0.33055046
341,0.14266084,0.01312854,0.37555122,0.37085156,0.39859431,-0.02345780,-0.46487428,0.22344089,-1.32121945,-0.00061144,0.21652847,-0.06687249,0.34204238,-0.15928373,0.27260577,0.89124593,1.55484695,0.17315607,0.12097790,0.05233281,0.04699544,0.08400432,0.17866044,0.19742411,0.89124593,0.68333620,0.80983193,0.75513270,1.55484695,1.68907364,1.64123870,0.17315607,0.21567700,0.12097790,0.49956233,1.35144027,0.31400142,0.37135327,0.32900456
342,0.13553826,0.01210152,0.37306649,0.38410039,0.40492433,-0.03586193,-0.46258218,0.21304228,-1.30717380,0.00866759,0.19861527,-0.05878646,0.30792861,-0.15331030,0.26691918,0.88062718,1.52041534,0.15971782,0.10726833,0.04911377,0.05885977,0.08576416,0.17982512,0.19922993,0.88062718,0.66363133,0.77315904,0.74429831,1.52041534,1.63843552,1.61789420,0.15971782,0.21555990,0.10726833,0.49918446,1.33521933,0.29607442,0.33729924,0.32203698
343,0.13691375,0.01217662,0.37174672,0.38778223,0.40796428,-0.03894659,-0.46834045,0.21272734,-1.30251315,0.00535151,0.20148108,-0.06137276,0.30067045,-0.15296595,0.26088958,0.87141443,1.51892796,0.15449756,0.10356216,0.05187729,0.04994028,0.08445505,0.17951424,0.19838856,0.87141443,0.67208844,0.77207993,0.74385859,1.51892796,1.62726568,1.60754840,0.15449756,0.21047164,0.10356216,0.50426057,1.33060011,0.29518740,0.32870222,0.31563427
344,0.13240704,0.01170920,0.37428241,0.38439138,0.41234953,-0.03771223,-0.47140277,0.21429492,-1.32150688,0.00843459,0.19261582,-0.05942254,0.31907683,-0.15703905,0.25489580,0.88673846,1.52883036,0.17872845,0.12187464,0.06131523,0.07605790,0.08482684,0.17721141,0.19646749,0.88673846,0.66669093,0.79376075,0.74327262,1.52883036,1.66426384,1.62218651,0.17872845,0.22629315,0.12187464,0.51289850,1.35184561,0.30499041,0.34955493,0.31412364
345,0.12690624,0.01198940,0.37344072,0.38489852,0.41494190,-0.03752961,-0.47337141,0.21956551,-1.30738479,0.00742916,0.18102678,-0.05703282,0.30812017,-0.15430831,0.25714771,0.87277736,1.50413434,0.17850425,0.11475761,0.06601038,0.08340518,0.08496401,0.17691799,0.19626221,0.87277736,0.65699834,0.78488363,0.74700326,1.50413434,1.64019366,1.61141812,0.17850425,0.22754356,0.11475761,0.51489520,1.33939116,0.29778911,0.33880518,0.31474364
346,0.13256601,0.01204557,0.38470554,0.38895952,0.41786054,-0.04795621,-0.47016349,0.21351592,-1.29289630,0.00197554,0.13943305,-0.05512127,0.29475578,-0.14684417,0.25652059,0.86339581,1.44878255,0.19392671,0.10670288,0.05194287,0.07276476,0.08580505,0.17720270,0.19688398,0.86339581,0.61278906,0.76758932,0.74050018,1.44878255,1.61098229,1.59322811,0.19392671,0.23547525,0.10670288,0.51327701,1.32358104,0.27566194,0.32954800,0.31134325
347,0.13062536,0.01413947,0.39537134,0.39259083,0.41938425,-0.05693890,-0.48713394,0.21079994,-1.29986743,-0.01877410,0.05821044,-0.05836531,0.29168980,-0.15112513,0.26012472,0.85600414,1.37864902,0.25513534,0.10798721,0.04005911,0.05517274,0.08582420,0.17647572,0.19623831,0.85600414,0.54793357,0.78097226,0.76021722,1.37864902,1.61453683,1.60344249,0.25513534,0.27924894,0.10798721,0.53198335,1.32953086,0.25071434,0.33234311,0.31791901
348,0.12877734,0.01326219,0.38723957,0.39351400,0.42118649,-0.06486192,-0.49306872,0.20982863,-1.29116702,0.00557076,0.13750025,-0.05901422,0.28009557,-0.15366698,0.24576514,0.84458947,1.44416001,0.18511585,0.10858959,0.03618482,0.04670434,0.08436460,0.17560581,0.19481988,0.84458947,0.63489024,0.77693989,0.75328515,1.44416001,1.59476030,1.58170936,0.18511585,0.23776481,0.10858959,0.54014783,1.32050553,0.27088687,0.31627800,0.30466702
349,0.13161237,0.01310501,0.39011699,0.39733986,0.42872245,-0.07814975,-0.48787426,0.20491639,-1.28068113,0.00279549,0.14817549,-0.06075567,0.27114305,-0.15283969,0.23436994,0.84269872,1.44413278,0.16591354,0.11042912,0.02327056,0.03209342,0.08533423,0.17625889,0.19582933,0.84269872,0.64139789,0.76288714,0.73649968,1.44413278,1.57482172,1.55903571,0.16591354,0.22644023,0.11042912,0.53653152,1.30816547,0.27014432,0.30865870,0.29265575
350,0.12920769,0.01282815,0.38383966,0.39417240,0.42184133,-0.06865351,-0.48454026,0.20427178,-1.28685528,-0.00430347,0.13988128,-0.06444480,0.27018959,-0.15023766,0.24574150,0.84833088,1.44296341,0.17210830,0.09918830,0.02685831,0.04113914,0.08445142,0.17502705,0.19433607,0.84833088,0.62795956,0.75875778,0.74477341,1.44296341,1.58055997,1.57525282,0.17210830,0.22725665,0.09918830,0.53344630,1.31453292,0.26866106,0.30854851,0.30205459
351,0.12838609,0.01328242,0.38342844,0.39001856,0.41597928,-0.06869759,-0.48567828,0.20326191,-1.28003097,-0.00757830,0.12928496,-0.06426367,0.27514900,-0.15049703,0.25231634,0.84074411,1.42628934,0.18302148,0.09980651,0.01882791,0.03508431,0.08484069,0.17541775,0.19485720,0.84074411,0.61823036,0.76480525,0.75255798,1.42628934,1.57839456,1.57463669,0.18302148,0.23467092,0.09980651,0.53740421,1.30797017,0.26979174,0.31612543,0.30939116
352,0.12498551,0.01269268,0.38123833,0.38750393,0.41588684,-0.07388130,-0.49132518,0.20451663,-1.28307543,-0.00537611,0.12063967,-0.06485482,0.27167261,-0.15203037,0.23305299,0.84021518,1.42057142,0.18801560,0.10590437,0.01879267,0.03481376,0.08364723,0.17480597,0.19378851,0.84021518,0.61610401,0.76674001,0.73859603,1.42057142,1.57830503,1.55961280,0.18801560,0.23241442,0.10590437,0.54250108,1.31140645,0.26650975,0.31365138,0.29455181
353,0.12845209,0.01350120,0.38291691,0.39224496,0.42561719,-0.08636510,-0.49480737,0.19952064,-1.27607951,-0.00038568,0.15622666,-0.06695869,0.27359577,-0.15975503,0.23419708,0.83327082,1.44711359,0.16473601,0.11335638,0.00981548,0.00524925,0.08323848,0.17528810,0.19404783,0.83327082,0.65670280,0.77389243,0.74627910,1.44711359,1.57300208,1.55530280,0.16473601,0.22997940,0.11335638,0.55158113,1.30417205,0.28009757,0.31365064,0.29629715
354,0.12856301,0.01162507,0.38542508,0.39109096,0.42334287,-0.08175574,-0.50002458,0.21171983,-1.29234002,0.00470439,0.16366458,-0.05906600,0.28856204,-0.14833256,0.25117877,0.84562741,1.47160421,0.16849684,0.10621200,0.02408449,0.05124463,0.08405955,0.17402380,0.19326223,0.84562741,0.66955258,0.79246195,0.76342831,1.47160421,1.60443298,1.58718749,0.16849684,0.22337036,0.10621200,0.54761868,1.32097655,0.27930893,0.32313035,0.30501666
355,0.13278194,0.01262060,0.38700215,0.38144212,0.41551574,-0.07997382,-0.49488866,0.21652855,-1.31530323,-0.00221199,0.08958850,-0.05376938,0.30533266,-0.14781418,0.26420781,0.87267485,1.42322023,0.24260537,0.11404930,0.03539837,0.05093731,0.08299486,0.17078443,0.18988278,0.87267485,0.59093711,0.80281611,0.76982706,1.42322023,1.64339711,1.62320524,0.24260537,0.27126813,0.11404930,0.54034549,1.34481547,0.25709605,0.34130310,0.31670889
356,0.12453433,0.01263124,0.38377369,0.37212393,0.40942636,-0.06297215,-0.50575429,0.21863227,-1.32123564,0.00743814,0.17062255,-0.06029938,0.33286882,-0.15648857,0.27613864,0.86273700,1.50755835,0.20460464,0.11873879,0.06643708,0.06688280,0.08046215,0.16910621,0.18727271,0.86273700,0.68171102,0.84055053,0.79343905,1.50755835,1.67835139,1.64358355,0.20460464,0.24296068,0.11873879,0.54508141,1.35278627,0.29546702,0.36477344,0.33163017
357,0.12920207,0.01372808,0.38308808,0.38264684,0.42559028,-0.04822183,-0.49620155,0.22327703,-1.32816528,0.00956623,0.18317333,-0.05823315,0.30915716,-0.16411466,0.25642130,0.87520867,1.52715455,0.17900823,0.12356518,0.07922269,0.09834080,0.08071755,0.16774025,0.18615078,0.87520867,0.68442378,0.80685223,0.76608669,1.52715455,1.66238543,1.63398728,0.17900823,0.23679000,0.12356518,0.52733107,1.35912187,0.29528949,0.33808540,0.31693333
358,0.13089671,0.01468828,0.39146748,0.38754303,0.42230322,-0.03752799,-0.50313623,0.23115252,-1.31447951,0.01081213,0.14827300,-0.04975004,0.31012752,-0.15280354,0.26807747,0.85476228,1.48022062,0.20004411,0.11637193,0.07188541,0.10078371,0.08143638,0.16907784,0.18766779,0.85476228,0.65650307,0.81410801,0.78282530,1.48022062,1.64939124,1.63049504,0.20004411,0.24346838,0.11637193,0.53026368,1.34613533,0.27297561,0.33924025,0.32262842
359,0.14279013,0.01478916,0.38882774,0.37971543,0.40273224,-0.01851583,-0.46980229,0.22800058,-1.27873635,0.02118704,0.21199325,-0.05103789,0.31336258,-0.15066939,0.27377470,0.84578561,1.50567103,0.15984565,0.11022258,0.06125568,0.07391811,0.07916621,0.17209109,0.18942712,0.84578561,0.68550741,0.78491873,0.75817255,1.50567103,1.61732223,1.60008519,0.15984565,0.22181173,0.11022258,0.49361609,1.30931375,0.29878690,0.33574384,0.32348330
360,0.14090208,0.01604163,0.38976272,0.37859459,0.40015451,-0.00363504,-0.45902084,0.23603769,-1.26169700,0.03529346,0.20192960,-0.03569243,0.31155043,-0.13476449,0.27830788,0.83775374,1.47808479,0.16327389,0.10723200,0.05505273,0.08086284,0.07951256,0.17381021,0.19113408,0.83775374,0.66456427,0.77231455,0.75169793,1.47808479,1.59734734,1.58578106,0.16327389,0.22281750,0.10723200,0.48193654,1.29312315,0.28921709,0.33102862,0.31990246
361,0.14587727,0.01720157,0.38866124,0.36610291,0.38870545,-0.00339393,-0.46135085,0.24117574,-1.25865705,0.02769853,0.20374908,-0.03562059,0.32676328,-0.13668226,0.28539600,0.83398098,1.47888215,0.16655353,0.11259095,0.04145970,0.07024833,0.07833499,0.17347431,0.19034103,0.83398098,0.66828867,0.78956722,0.76114699,1.47888215,1.60987380,1.59100171,0.16655353,0.21937003,0.11259095,0.48399589,1.29028578,0.28936033,0.34689118,0.32725380
362,0.14187082,0.01688255,0.39524309,0.37644992,0.39527379,0.00841366,-0.47509041,0.24704235,-1.26997532,0.02920956,0.18162153,-0.03724855,0.31716343,-0.13664020,0.28459141,0.82993119,1.46871962,0.17837610,0.10805378,0.04114572,0.06356178,0.07826420,0.17208148,0.18904317,0.82993119,0.65895388,0.79483522,0.77674872,1.46871962,1.61301300,1.60281648,0.17837610,0.23028359,0.10805378,0.49976032,1.30297215,0.27545157,0.33775646,0.32638921
363,0.14421669,0.01605434,0.40209617,0.38300221,0.40080397,0.02555766,-0.48972334,0.25543589,-1.27710554,0.03077655,0.16061311,-0.03830707,0.31477374,-0.13868681,0.28085038,0.82025323,1.45619137,0.19288669,0.10925103,0.03926349,0.06215784,0.07741194,0.17042041,0.18717833,0.82025323,0.65271619,0.80790612,0.79050130,1.45619137,1.61921056,1.60835130,0.19288669,0.23980922,0.10925103,0.51183428,1.31071389,0.25993298,0.33528937,0.32386344
364,0.14615417,0.01541492,0.39719934,0.38299779,0.41457582,0.03191255,-0.49065119,0.26905971,-1.27711875,0.04009430,0.17242613,-0.03359671,0.32432349,-0.14564881,0.27267404,0.82144551,1.46849313,0.19421151,0.12707421,0.04507596,0.06646609,0.07862097,0.16910473,0.18648771,0.82144551,0.66542043,0.81862095,0.78693357,1.46849313,1.63034369,1.60597305,0.19421151,0.24602272,0.12707421,0.51450990,1.31411240,0.27216555,0.34434867,0.31940097
365,0.14548636,0.01441312,0.39960034,0.39186293,0.42710634,0.04160749,-0.51439830,0.28672878,-1.30264573,0.05074345,0.18900082,-0.03383192,0.32573904,-0.14763762,0.25552399,0.82548083,1.51115207,0.19108922,0.13763769,0.04571732,0.07020198,0.07825387,0.16662252,0.18408349,0.82548083,0.70547504,0.84499617,0.79712610,1.51115207,1.66037792,1.61966669,0.19108922,0.24947739,0.13763769,0.54036063,1.34336520,0.28959449,0.34553457,0.30514271
366,0.15844701,0.01266705,0.40303751,0.40039719,0.42891185,0.04378293,-0.50910869,0.29466096,-1.30239540,0.05834571,0.17782091,-0.02566482,0.32420415,-0.13796105,0.25901738,0.83201177,1.49986610,0.19753383,0.13387244,0.04907677,0.06459182,0.07805180,0.16555030,0.18302728,0.83201177,0.68905519,0.83772826,0.79370070,1.49986610,1.65861077,1.62236966,0.19753383,0.25182268,0.13387244,0.53599332,1.34507914,0.28420419,0.34372099,0.30382745
367,0.15321835,0.01378399,0.40320784,0.39447170,0.42035852,0.06506121,-0.50180274,0.29524802,-1.28815031,0.05690849,0.16229035,-0.02465991,0.32605097,-0.13946873,0.25987548,0.81934984,1.47081808,0.20815296,0.13631441,0.04365720,0.04696054,0.07674405,0.16630001,0.18315388,0.81934984,0.66638032,0.83390152,0.79238009,1.47081808,1.64627034,1.60984908,0.20815296,0.25555961,0.13631441,0.52974020,1.33110562,0.27248565,0.34565638,0.30562321
368,0.15719363,0.01201721,0.40347256,0.40421892,0.43088816,0.06364513,-0.52352364,0.30612915,-1.30495464,0.07215448,0.19486208,-0.01776032,0.33396610,-0.13845683,0.24253902,0.81820515,1.51875305,0.19767069,0.15478035,0.04886980,0.05952392,0.07733743,0.16522286,0.18242716,0.81820515,0.72048745,0.86300848,0.79689016,1.51875305,1.67165021,1.61265086,0.19767069,0.25734388,0.15478035,0.54955887,1.34986456,0.29463592,0.34935626,0.28765033
369,0.15987762,0.01192264,0.40831176,0.40507806,0.43254154,0.06907546,-0.52184294,0.31486953,-1.30990524,0.07611738,0.18911482,-0.01788231,0.33144012,-0.14290891,0.23592770,0.82550433,1.51868630,0.20077469,0.16120201,0.04692533,0.05704987,0.07741299,0.16458323,0.18188021,0.82550433,0.71268775,0.85958056,0.79221019,1.51868630,1.67572200,1.61484805,0.20077469,0.26466675,0.16120201,0.54968387,1.35656909,0.29083698,0.34709927,0.28371877
370,0.15757756,0.01267803,0.41004964,0.39993552,0.41738389,0.08244078,-0.51964860,0.31933164,-1.31043282,0.08761706,0.17731924,-0.01094553,0.34577933,-0.13589502,0.27285060,0.82551608,1.50647801,0.22128296,0.14810107,0.04477529,0.05237028,0.07726364,0.16429853,0.18155902,0.82551608,0.69901588,0.87194781,0.82617711,1.50647801,1.68973450,1.64973251,0.22128296,0.27850334,0.14810107,0.54947352,1.35857548,0.28965609,0.36222368,0.31407264
371,0.15971557,0.01184337,0.40830124,0.39745271,0.40760275,0.09567940,-0.51337919,0.32746726,-1.30580108,0.09626156,0.20123220,-0.00406790,0.35578414,-0.12275974,0.29524729,0.82568160,1.52524771,0.21277517,0.13551463,0.05953617,0.05543264,0.07663430,0.16519882,0.18210839,0.82568160,0.71648129,0.87657491,0.84136667,1.52524771,1.69555632,1.66552734,0.21277517,0.27203898,0.13551463,0.54494323,1.35634864,0.30462618,0.36987896,0.32873308
372,0.15371085,0.01436579,0.41609509,0.40068270,0.41130933,0.11351229,-0.51335985,0.32924171,-1.30649713,0.10955507,0.16640226,0.00443842,0.34687369,-0.11841273,0.29568735,0.82200862,1.48968367,0.23289862,0.13598312,0.07132150,0.05594468,0.07827988,0.16586916,0.18341297,0.82200862,0.68145556,0.86887724,0.84572839,1.48968367,1.68621883,1.66612982,0.23289862,0.29298172,0.13598312,0.54900086,1.35773401,0.28650426,0.36182190,0.32720884
373,0.16016161,0.01223018,0.41096288,0.40376522,0.41452921,0.11269618,-0.50620079,0.33921904,-1.31257779,0.10409261,0.19085370,-0.00138927,0.34573078,-0.12315169,0.28566929,0.83761722,1.52210692,0.21625656,0.13854948,0.07152407,0.05671391,0.07835020,0.16602350,0.18358256,0.83761722,0.69835385,0.86208574,0.83156032,1.52210692,1.69450179,1.66682682,0.21625656,0.28108328,0.13854948,0.54456282,1.36669022,0.30077749,0.35988028,0.31937467
374,0.15993959,0.01402248,0.41569864,0.40110661,0.41374541,0.13816111,-0.50117104,0.34643213,-1.30629441,0.11414802,0.18389990,-0.00045915,0.35286592,-0.12039601,0.27960431,0.83174414,1.50855671,0.22907720,0.14326863,0.07415931,0.06671780,0.07854864,0.16710983,0.18464990,0.83174414,0.68712565,0.86705820,0.82678638,1.50855671,1.69650520,1.65610620,0.22907720,0.28550937,0.14326863,0.54265374,1.36206018,0.29671901,0.36651152,0.31265263
375,0.16070208,0.01369450,0.41356810,0.40700615,0.42328297,0.14602529,-0.50766482,0.35495818,-1.30580431,0.11330590,0.21184092,0.00003150,0.36376537,-0.11931521,0.26654153,0.82523189,1.53704170,0.21677708,0.15574347,0.08232972,0.07300680,0.08058563,0.16822596,0.18653154,0.82523189,0.72180355,0.88547135,0.82246992,1.53704170,1.70857159,1.64534066,0.21677708,0.27152603,0.15574347,0.54960963,1.36380674,0.31200474,0.37566829,0.30033646
376,0.15915510,0.01434813,0.41379856,0.40487076,0.42460104,0.14556059,-0.49937841,0.35824942,-1.30570441,0.12303134,0.19849227,0.00448156,0.36177738,-0.11638639,0.26928199,0.83404400,1.52285294,0.22600224,0.15434300,0.07957933,0.08859268,0.08148897,0.16931270,0.18790222,0.83404400,0.69995544,0.87422722,0.81584120,1.52285294,1.70594923,1.64760971,0.22600224,0.28030264,0.15434300,0.54163099,1.36412140,0.30749621,0.37490969,0.30221189
377,0.16268310,0.01466984,0.41429955,0.39942852,0.41706140,0.14261539,-0.49065761,0.35585239,-1.30402173,0.13119957,0.19280267,0.01064458,0.37075950,-0.10576938,0.26485262,0.84092475,1.51410966,0.23730452,0.16024516,0.07715448,0.07220980,0.07997501,0.17025927,0.18810694,0.84092475,0.68544059,0.87288682,0.79929867,1.51410966,1.71107106,1.63790926,0.23730452,0.28006008,0.16024516,0.53233132,1.36118859,0.30729232,0.38403946,0.29351020
378,0.16273300,0.01495206,0.41437327,0.39304493,0.41704633,0.15166060,-0.47319409,0.36067213,-1.30176499,0.13241678,0.20359540,0.00884141,0.37997428,-0.10809295,0.25533174,0.85458268,1.52311078,0.23655783,0.17375636,0.07571040,0.08224170,0.07997357,0.17183113,0.18953024,0.85458268,0.67894317,0.86633628,0.77744322,1.52311078,1.71909897,1.62853481,0.23655783,0.27787831,0.17375636,0.51893566,1.36017820,0.31467908,0.39358310,0.28618731
379,0.16232231,0.01557516,0.40811740,0.38566814,0.40453726,0.16031132,-0.46361909,0.36520277,-1.30045286,0.12884279,0.23771495,0.00763932,0.39602389,-0.10333289,0.27723197,0.86167375,1.55669163,0.22267350,0.16456079,0.07679320,0.07603581,0.08062516,0.17298941,0.19085532,0.86167375,0.70401854,0.87432732,0.78965134,1.55669163,1.73481844,1.64805768,0.22267350,0.26650244,0.16456079,0.51129282,1.36004433,0.33447889,0.40797847,0.30453830
380,0.15867566,0.01472947,0.40710423,0.39133696,0.41043198,0.17443771,-0.45344291,0.36370659,-1.28334468,0.12899992,0.24344109,0.00747544,0.38365809,-0.10377916,0.26757914,0.85138681,1.54510308,0.21034667,0.16201475,0.08349608,0.08895177,0.08224529,0.17540346,0.19372832,0.85138681,0.70027400,0.85490368,0.77576304,1.54510308,1.70586803,1.62205718,0.21034667,0.26254520,0.16201475,0.50537799,1.34303519,0.33515859,0.39455381,0.29585828
381,0.15488297,0.01569665,0.40593170,0.38941916,0.40513788,0.18821625,-0.43575456,0.36558584,-1.28576193,0.13125031,0.24401716,0.00727637,0.39141096,-0.09976198,0.27125653,0.86842810,1.54807824,0.21685623,0.16207301,0.08399252,0.10093009,0.08204720,0.17602044,0.19420334,0.86842810,0.68409546,0.84809303,0.76638799,1.54807824,1.71614506,1.62711047,0.21685623,0.26127680,0.16207301,0.49502534,1.34562147,0.33710088,0.40222268,0.29810204
382,0.15169084,0.01464803,0.40515910,0.38789746,0.40812953,0.19970034,-0.43556356,0.36899121,-1.28190708,0.13413219,0.23723178,0.00980554,0.37924319,-0.09527785,0.25972182,0.86335011,1.53755645,0.21269058,0.16035480,0.08321608,0.10223636,0.08247934,0.17866126,0.19678082,0.86335011,0.67814815,0.83779291,0.75793859,1.53755645,1.70075576,1.61220748,0.21269058,0.25881455,0.16035480,0.49747034,1.34283165,0.33100616,0.38985867,0.28540988
383,0.14899278,0.01591694,0.40857528,0.38431111,0.39869104,0.21231166,-0.41525160,0.36747503,-1.26969419,0.14286693,0.22526598,0.01178270,0.38948176,-0.09208303,0.28000986,0.86859564,1.51212619,0.23110645,0.15213123,0.08432336,0.10008539,0.08263620,0.18053081,0.19854500,0.86859564,0.64635359,0.83052872,0.76164182,1.51212619,1.69800686,1.61845129,0.23110645,0.26747159,0.15213123,0.48608532,1.33081532,0.32682846,0.40051429,0.30374701
384,0.15061304,0.01401860,0.40225818,0.38259621,0.39842061,0.21315893,-0.41012857,0.36619893,-1.25956152,0.14106038,0.24303604,0.01213123,0.38302455,-0.09007568,0.26027312,0.86324658,1.51973728,0.21432548,0.16087082,0.08125420,0.10434554,0.08224762,0.18291760,0.20055803,0.86324658,0.65894007,0.81974548,0.73901051,1.51973728,1.68157717,1.58908447,0.21432548,0.25994188,0.16087082,0.48263672,1.32076025,0.33792514,0.39344391,0.28417864
385,0.14973946,0.01301792,0.40052489,0.38384687,0.40160343,0.22050301,-0.40196466,0.37050482,-1.26715971,0.13466572,0.25289266,0.01425146,0.37956732,-0.08611614,0.25707737,0.87823175,1.53856214,0.20175496,0.15916524,0.08762703,0.11359824,0.08230134,0.18421049,0.20175980,0.87823175,0.66210307,0.81010214,0.73025681,1.53856214,1.68624539,1.59344645,0.20175496,0.24980680,0.15916524,0.48005952,1.32956907,0.34321733,0.38993504,0.28055916
386,0.15506835,0.01154236,0.39744681,0.37969281,0.39484285,0.20941621,-0.39216383,0.36801708,-1.25876998,0.13382318,0.25137102,0.01714085,0.37292618,-0.08290534,0.26079498,0.88110897,1.52840096,0.19677399,0.15105414,0.09082861,0.09750139,0.08227698,0.18620205,0.20356990,0.88110897,0.64913889,0.79135416,0.71962929,1.52840096,1.67074328,1.58770931,0.19677399,0.24645171,0.15105414,0.46758527,1.32103753,0.33903889,0.38229534,0.28174581
387,0.15337421,0.01330482,0.38903414,0.36815410,0.39079030,0.20814126,-0.38038885,0.37036841,-1.25889151,0.13524778,0.26631298,0.01656412,0.38446525,-0.08115020,0.26428120,0.89373206,1.54330428,0.19800296,0.15546123,0.09753763,0.10349625,0.08259835,0.18748769,0.20487587,0.89373206,0.65214970,0.79104719,0.71077808,1.54330428,1.68339679,1.59201201,0.19800296,0.24692024,0.15546123,0.45722278,1.32333250,0.35240431,0.39333184,0.28472675
388,0.14352441,0.01298728,0.38619750,0.36505956,0.39161123,0.21845180,-0.36929193,0.36713861,-1.26383401,0.13671612,0.26892834,0.01603641,0.38866900,-0.07928275,0.27085351,0.90711281,1.55008230,0.20015720,0.15241484,0.10185693,0.12615355,0.08320680,0.18800921,0.20559872,0.90711281,0.64471063,0.78721779,0.71066599,1.55008230,1.69169733,1.60171570,0.20015720,0.24802870,0.15241484,0.45406983,1.32725189,0.35608828,0.39786507,0.29012566
389,0.13619928,0.01213477,0.38401776,0.36573098,0.38964216,0.23857854,-0.35507277,0.36065612,-1.26486782,0.13810425,0.27237681,0.01745802,0.38423626,-0.07818110,0.26378447,0.91819230,1.55336014,0.19558568,0.15465832,0.09905374,0.12045504,0.08350652,0.18851514,0.20618268,0.91819230,0.63656641,0.77465554,0.70029364,1.55336014,1.68679271,1.59388027,0.19558568,0.24847072,0.15465832,0.45378431,1.32655097,0.35924972,0.39357959,0.28321499
390,0.14383521,0.01194067,0.37943386,0.36179052,0.38353230,0.22930005,-0.35213607,0.36447994,-1.25173953,0.14267503,0.27711304,0.02172898,0.38531744,-0.07673444,0.26554257,0.90983965,1.54492342,0.19531172,0.15603896,0.09710559,0.10519028,0.08355445,0.18909410,0.20673152,0.90983965,0.63588816,0.77014638,0.69602675,1.54492342,1.67522099,1.58409788,0.19531172,0.25337897,0.15603896,0.45090803,1.31599309,0.36683686,0.39512991,0.28446979
391,0.13805222,0.01156181,0.38000040,0.36631409,0.39130573,0.24139914,-0.34963391,0.36765091,-1.25336485,0.14547882,0.28044922,0.02348723,0.37769625,-0.07465785,0.24978620,0.91276747,1.54985764,0.19035890,0.16187234,0.09937411,0.11696496,0.08353826,0.18965673,0.20723975,0.91276747,0.63816643,0.76313248,0.68373953,1.54985764,1.66988122,1.57093985,0.19035890,0.25428843,0.16187234,0.45326096,1.31847585,0.36882471,0.38704545,0.26911780
392,0.14319780,0.01134266,0.37376858,0.35633350,0.37812027,0.24181988,-0.33101653,0.36682135,-1.22486925,0.14858962,0.28893440,0.02690171,0.38420524,-0.06917254,0.26850316,0.90297360,1.52949269,0.18632486,0.15086741,0.09703877,0.11376051,0.08362839,0.19230163,0.20969889,0.90297360,0.62811167,0.74967592,0.67980508,1.52949269,1.64721796,1.55925882,0.18632486,0.24760791,0.15086741,0.43274328,1.28938112,0.37011759,0.39203883,0.28394465
393,0.13698431,0.01171243,0.35847875,0.34591425,0.37655073,0.24420087,-0.32090843,0.36485026,-1.20328607,0.14889793,0.31453173,0.02793870,0.38876255,-0.06788682,0.25525978,0.89081741,1.53313568,0.17578574,0.16478249,0.09460797,0.12538380,0.08302042,0.19429952,0.21129291,0.89081741,0.64325468,0.74552938,0.66084529,1.53313568,1.63000766,1.52507114,0.17578574,0.25285855,0.16478249,0.42914693,1.26842871,0.39040617,0.39658609,0.27110358
394,0.14252797,0.01162092,0.35168247,0.34332098,0.37691662,0.24273117,-0.32871034,0.37127614,-1.21024239,0.14785624,0.32519692,0.02971656,0.39082277,-0.06326822,0.23954170,0.89111701,1.55161902,0.17210461,0.17792741,0.09822738,0.11654933,0.08156840,0.19398303,0.21043483,0.89111701,0.66131371,0.75458729,0.65173069,1.55161902,1.64020381,1.51766000,0.17210461,0.25648659,0.17792741,0.43567213,1.27764342,0.39927112,0.39846726,0.25504581
395,0.14149884,0.01366963,0.33636495,0.32878730,0.35690218,0.24359357,-0.31563056,0.36703807,-1.17970700,0.15265532,0.33802534,0.03929191,0.40078354,-0.04880672,0.26091455,0.87296913,1.53280598,0.16640507,0.16574419,0.09694423,0.10473520,0.08041556,0.19618623,0.21202759,0.87296913,0.66023078,0.74983164,0.65373530,1.53280598,1.61718762,1.50359674,0.16640507,0.24516754,0.16574419,0.42976436,1.24779946,0.41210794,0.40967101,0.27284305
396,0.14202895,0.01347760,0.33701785,0.32974647,0.35537098,0.25748193,-0.30784512,0.37235149,-1.18992442,0.15049756,0.33842196,0.04298603,0.39941222,-0.04318324,0.25275138,0.88978273,1.54436887,0.16233330,0.17055227,0.09849011,0.10411385,0.07911381,0.19470278,0.21016224,0.88978273,0.65553837,0.74341271,0.64284630,1.54436887,1.62628088,1.50564608,0.16233330,0.24225307,0.17055227,0.43098559,1.25952417,0.41271455,0.40900393,0.26439245
397,0.13998312,0.01375849,0.34059448,0.34148444,0.36070169,0.26239271,-0.30754711,0.37554564,-1.20898807,0.16006151,0.34102039,0.05142596,0.39740447,-0.03910405,0.25759668,0.90871148,1.56492508,0.16056559,0.16667848,0.10081267,0.12369556,0.07858440,0.19209212,0.20754491,0.90871148,0.65704614,0.74012083,0.64625507,1.56492508,1.64171453,1.52766568,0.16056559,0.24244220,0.16667848,0.43345363,1.27804565,0.41786090,0.40802767,0.26993765
398,0.13924270,0.01369183,0.37135526,0.37083906,0.38999019,0.25406946,-0.38328440,0.37783115,-1.23754510,0.13703151,0.31600044,0.02178715,0.38092533,-0.07193019,0.21565219,0.86328171,1.57211602,0.17320275,0.19046460,0.09421052,0.09219628,0.07912316,0.18556701,0.20173148,0.86328171,0.70932490,0.80386771,0.68980887,1.57211602,1.66043272,1.52572932,0.17320275,0.26344796,0.19046460,0.48874033,1.30624098,0.39175181,0.38881606,0.23549414
399,0.13621907,0.01495452,0.39967360,0.38923885,0.40423034,0.23154661,-0.42909852,0.37836611,-1.23735549,0.13032634,0.23154661,0.00480312,0.35938180,-0.08733457,0.22770578,0.82148753,1.48991165,0.20575326,0.16225685,0.08376530,0.09098979,0.07761031,0.18099461,0.19693250,0.82148753,0.66874134,0.82417519,0.73704310,1.48991165,1.64160828,1.54043207,0.20575326,0.25029715,0.16225685,0.51242461,1.30317072,0.32113264,0.36803192,0.25041384
400,0.15057262,0.01530773,0.40196665,0.39760588,0.41829749,0.19184643,-0.47172497,0.40165728,-1.22661388,0.11430101,0.25931498,-0.00294523,0.37612938,-0.09537152,0.21595102,0.78351741,1.51378593,0.19484578,0.18632986,0.08354731,0.07227185,0.07774415,0.17646438,0.19283109,0.78351741,0.73562973,0.87325820,0.75176767,1.51378593,1.65456400,1.52869061,0.19484578,0.24823384,0.18632986,0.53529919,1.30061964,0.34217908,0.38651568,0.24517092
401,0.15787881,0.01451709,0.41108184,0.40623690,0.42410927,0.17395059,-0.48973250,0.41669812,-1.22447989,0.11350113,0.22485016,-0.01434928,0.37263957,-0.12180383,0.22553282,0.77393856,1.48139344,0.22281608,0.18501257,0.07442965,0.05864763,0.07736055,0.17143612,0.18808242,0.77393856,0.71780472,0.88596031,0.78154504,1.48139344,1.65542178,1.54964160,0.22281608,0.27346832,0.18501257,0.54820061,1.30333140,0.32502904,0.38567603,0.26470675
402,0.16266452,0.01267782,0.41895738,0.41314772,0.43281672,0.16856772,-0.49155997,0.43135753,-1.20318388,0.10243714,0.21524615,-0.01440621,0.35338424,-0.12833781,0.21680115,0.75860191,1.45706114,0.20450834,0.18017347,0.07783477,0.08222595,0.07759424,0.16957657,0.18648614,0.75860191,0.71217205,0.86538163,0.77099930,1.45706114,1.61967116,1.52792590,0.20450834,0.26202968,0.18017347,0.53746707,1.28585099,0.30742692,0.36721696,0.26149219
403,0.16297228,0.01341926,0.41977075,0.40988617,0.43102118,0.17173094,-0.50288743,0.44371692,-1.20259018,0.09975908,0.21755219,-0.01884021,0.36097650,-0.13177405,0.21475282,0.75072633,1.46224559,0.20891111,0.18688196,0.07786797,0.07577976,0.07718007,0.16794211,0.18482780,0.75072633,0.72656444,0.88529627,0.78166913,1.46224559,1.63103461,1.53122304,0.20891111,0.26219402,0.18688196,0.54845279,1.28958524,0.30959008,0.37544054,0.26242536
404,0.16094195,0.01455954,0.42072364,0.41175680,0.42913217,0.17452024,-0.51097850,0.44910054,-1.21324533,0.10550703,0.20907288,-0.01468164,0.35513239,-0.12866789,0.21454073,0.75409380,1.46426446,0.21241459,0.18291065,0.08027077,0.08345376,0.07670861,0.16553057,0.18244062,0.75409380,0.72619330,0.88712983,0.78852217,1.46426446,1.63604323,1.54175928,0.21241459,0.26459654,0.18291065,0.55638551,1.30161992,0.30691795,0.36970789,0.26125982
405,0.16154435,0.01441522,0.41504637,0.40888778,0.42467994,0.17951034,-0.51283909,0.44789277,-1.19875362,0.10441002,0.23548424,-0.01327667,0.36076035,-0.12435194,0.22241705,0.73664573,1.47573161,0.19915113,0.17886926,0.08575345,0.07911763,0.07586715,0.16619902,0.18269630,0.73664573,0.75483263,0.89535113,0.79775296,1.47573161,1.62698030,1.53368692,0.19915113,0.26021937,0.17886926,0.55975999,1.28803492,0.32546253,0.37415997,0.26579479
406,0.15666570,0.01599596,0.41563474,0.40471065,0.42222276,0.18901066,-0.49903795,0.44119126,-1.19497174,0.11352823,0.22523230,-0.00940838,0.36785389,-0.12181887,0.22305050,0.74027680,1.45843763,0.21255477,0.18496988,0.08752172,0.09213039,0.07528563,0.16626342,0.18251425,0.74027680,0.73078286,0.89008506,0.78857512,1.45843763,1.62715787,1.52737063,0.21255477,0.26570302,0.18496988,0.55117961,1.28232714,0.32154896,0.38153634,0.26530548
407,0.15334603,0.01624557,0.41654389,0.40458672,0.41880540,0.20380422,-0.49462289,0.44123301,-1.19213412,0.11439845,0.23666694,-0.00772218,0.37517132,-0.11922235,0.22939627,0.73684793,1.46657163,0.20837838,0.18484604,0.07891628,0.10101181,0.07482354,0.16475021,0.18094527,0.73684793,0.73897510,0.89599753,0.79516220,1.46657163,1.63099333,1.52954602,0.20837838,0.26210031,0.18484604,0.55303539,1.27967749,0.32892013,0.38864395,0.27036274
408,0.15315164,0.01736332,0.41326974,0.40181750,0.41531149,0.19985707,-0.48842978,0.43730440,-1.17433252,0.11643261,0.22995674,-0.00964250,0.37284267,-0.11542083,0.22261236,0.72584426,1.44130938,0.21437051,0.18539880,0.07738697,0.08828569,0.07446850,0.16466706,0.18072299,0.72584426,0.72503225,0.88762541,0.78110104,1.44130938,1.61119481,1.50414688,0.21437051,0.26255768,0.18539880,0.54751245,1.26185630,0.32449587,0.38586521,0.26148652
409,0.15602763,0.01656207,0.41092444,0.39854158,0.41180540,0.19878649,-0.49481845,0.43975893,-1.18133353,0.11975288,0.22330805,-0.01015645,0.38968032,-0.11362419,0.23063877,0.72757959,1.44167625,0.23379944,0.19186894,0.07644198,0.07451525,0.07420240,0.16226648,0.17842759,0.72757959,0.72445375,0.91004959,0.79345496,1.44167625,1.63480730,1.51835615,0.23379944,0.26678540,0.19186894,0.55415645,1.26937489,0.32557813,0.40342352,0.26793009
410,0.15208096,0.01677342,0.41399829,0.40648544,0.42012870,0.19776625,-0.50371208,0.44038008,-1.17771895,0.11953356,0.21561790,-0.00865589,0.37016370,-0.11541969,0.21325520,0.71634291,1.43080514,0.22382870,0.19176897,0.07378725,0.08538483,0.07422453,0.16127824,0.17753859,0.71634291,0.72550644,0.89910009,0.78582706,1.43080514,1.61233568,1.49967447,0.22382870,0.26681156,0.19176897,0.56108067,1.26599263,0.31820624,0.38413196,0.25375337
411,0.16191883,0.01524904,0.41681413,0.41017919,0.42257945,0.19067233,-0.52219867,0.43923074,-1.17880727,0.10624741,0.21225946,-0.01936043,0.37430367,-0.12598318,0.20608092,0.70215260,1.43160731,0.22625983,0.20160419,0.05305127,0.05097294,0.07274118,0.15688021,0.17292391,0.70215260,0.74095091,0.92193425,0.79790862,1.43160731,1.61980267,1.49730267,0.22625983,0.26473805,0.20160419,0.57603130,1.26583067,0.31064679,0.38915312,0.25245815
412,0.15792989,0.01732814,0.41609761,0.41267847,0.42969068,0.18332987,-0.53699346,0.45316284,-1.17707040,0.09478851,0.20069089,-0.03659231,0.35789908,-0.13890127,0.18304928,0.69469495,1.42474391,0.22826477,0.20603477,0.05593685,0.04077546,0.07296757,0.15494276,0.17126449,0.69469495,0.74448070,0.92306454,0.79408124,1.42474391,1.61180199,1.48562345,0.22826477,0.27207133,0.20603477,0.58837142,1.26970710,0.30068583,0.37400220,0.23870535
413,0.15737456,0.01627120,0.41033440,0.40398864,0.41925860,0.18681313,-0.52934995,0.46339763,-1.13964906,0.09066463,0.24824615,-0.03206156,0.36689841,-0.12949417,0.19422341,0.67006723,1.43809815,0.19386671,0.20046307,0.05190838,0.05318084,0.07349075,0.15654197,0.17293432,0.67006723,0.78505749,0.92357716,0.79299556,1.43809815,1.58637382,1.46125173,0.19386671,0.25719015,0.20046307,0.57943146,1.23803316,0.32712176,0.38186357,0.24407770
414,0.15108579,0.01800382,0.39849093,0.39266020,0.41117567,0.19496391,-0.52630684,0.47142253,-1.14276596,0.09411028,0.26375393,-0.02949397,0.39023538,-0.12014613,0.20245663,0.67563922,1.45745798,0.20029451,0.21070034,0.05848372,0.06145567,0.07245287,0.15591093,0.17192334,0.67563922,0.79824955,0.94450770,0.79714449,1.45745798,1.61313800,1.47098509,0.20029451,0.25517306,0.21070034,0.58003796,1.24412219,0.34392173,0.40534913,0.24718678
415,0.15328140,0.01712678,0.39840019,0.39398811,0.41640205,0.21776883,-0.51932775,0.47001039,-1.15832099,0.10593285,0.25758821,-0.01627738,0.37267172,-0.10759228,0.17866742,0.68697797,1.46285272,0.19328215,0.21677153,0.06858590,0.05319059,0.07182587,0.15687073,0.17253226,0.68697797,0.78661941,0.92325139,0.77384574,1.46285272,1.60699546,1.45844394,0.19328215,0.26098782,0.21677153,0.58072624,1.25815386,0.33911513,0.38559725,0.21869936
416,0.15540925,0.01975039,0.40024355,0.38491432,0.40759264,0.22549253,-0.47621194,0.44336419,-1.17131498,0.12363472,0.26039752,-0.00874268,0.39956871,-0.10411881,0.21235714,0.72853463,1.46774359,0.21487980,0.21227575,0.07435181,0.06144060,0.07159761,0.15907455,0.17444463,0.72853463,0.74592474,0.90734845,0.76641664,1.46774359,1.63538201,1.49015606,0.21487980,0.26496939,0.21227575,0.54410859,1.26101516,0.34766431,0.41151078,0.24602356
417,0.15071224,0.01541747,0.38840661,0.38315222,0.40354762,0.24197651,-0.41463947,0.41566163,-1.19298978,0.12955021,0.30495789,0.00701441,0.39658791,-0.08351880,0.23449170,0.79761725,1.52540126,0.18217121,0.18636302,0.09085109,0.11646267,0.07196519,0.16240586,0.17763629,0.79761725,0.72989694,0.84610886,0.72926393,1.52540126,1.64255432,1.51442288,0.18217121,0.25216203,0.18636302,0.50024883,1.27276060,0.38118006,0.40664092,0.25953724
418,0.15256677,0.01100347,0.38498062,0.38241978,0.39950091,0.26647857,-0.40079980,0.39418321,-1.22640493,0.14596365,0.29571566,0.02154408,0.38332302,-0.07090183,0.23378062,0.83592707,1.54235894,0.18307270,0.17647540,0.08899834,0.10336223,0.07096368,0.16498452,0.17959882,0.83592707,0.70857411,0.82316938,0.72189268,1.54235894,1.65431073,1.53552571,0.18307270,0.25412198,0.17647540,0.49873410,1.29806011,0.37565425,0.39179341,0.25223891
419,0.15333320,0.01286441,0.36924336,0.37064286,0.39650176,0.27321168,-0.38981775,0.38652345,-1.28530461,0.14262985,0.34284764,0.01965810,0.43294955,-0.06968287,0.25083263,0.90298767,1.64634652,0.18919589,0.20326830,0.10811510,0.11179961,0.07236411,0.16469056,0.17988760,0.90298767,0.74504059,0.86437792,0.73218579,1.64634652,1.75996429,1.60660063,0.18919589,0.26303293,0.20326830,0.50352916,1.35549616,0.42142564,0.44208700,0.27070159
420,0.14298451,0.01613343,0.34253934,0.33526479,0.37344443,0.28628353,-0.34147950,0.38412609,-1.28989520,0.15857447,0.39163258,0.03153552,0.49545262,-0.05514496,0.28141203,0.95370497,1.69660698,0.19580149,0.23136672,0.11485283,0.14429018,0.07445837,0.16730775,0.18312818,0.95370497,0.74476539,0.87819620,0.71612546,1.69660698,1.82250843,1.63546250,0.19580149,0.26925695,0.23136672,0.47423913,1.35844538,0.46430107,0.50378512,0.29550810
421,0.14559266,0.01519675,0.33857380,0.31501953,0.34782287,0.29382826,-0.30783339,0.39218696,-1.28594894,0.17008671,0.37761115,0.04017540,0.48926450,-0.05421952,0.30927454,0.98377202,1.67833737,0.20449936,0.20368787,0.12070487,0.15167100,0.07561435,0.17242549,0.18827661,0.98377202,0.69798815,0.83912422,0.71299414,1.67833737,1.81277709,1.66068565,0.20449936,0.26581045,0.20368787,0.45345346,1.35839472,0.46068980,0.49910779,0.32319798
422,0.14754009,0.01330539,0.33446591,0.31502203,0.36156504,0.30624449,-0.28472263,0.39052584,-1.31350584,0.17766580,0.37331980,0.04284080,0.45585399,-0.05658954,0.29875400,1.03329982,1.70021952,0.19224726,0.18679442,0.13731012,0.16056103,0.08017918,0.17576086,0.19318536,1.03329982,0.67269923,0.78793910,0.69094991,1.70021952,1.80607398,1.67740263,0.19224726,0.27690631,0.18679442,0.44028267,1.38274146,0.45599156,0.46531371,0.31091534
423,0.13257393,0.01499470,0.32857861,0.30057655,0.35216601,0.29580190,-0.28917542,0.36649969,-1.30961879,0.16400464,0.39373259,0.03256488,0.47228212,-0.07656697,0.31564462,1.02446640,1.71541100,0.19467764,0.19146393,0.14575619,0.16355580,0.08601537,0.18156798,0.20091187,1.02446640,0.69676655,0.80947907,0.71632003,1.71541100,1.81795634,1.69122282,0.19467764,0.28661979,0.19146393,0.44226796,1.37655801,0.47036354,0.47979763,0.33094036
424,0.13284639,0.01317299,0.31730832,0.30371172,0.35926788,0.29209930,-0.27502231,0.35872148,-1.32838061,0.15128052,0.41526055,0.03972668,0.48106393,-0.06787100,0.32038993,1.05650245,1.75593833,0.17270034,0.19365520,0.13416491,0.18639149,0.08651393,0.18679120,0.20585338,1.05650245,0.70594100,0.80008839,0.70030716,1.75593833,1.84100684,1.70775150,0.17270034,0.26939312,0.19365520,0.42691128,1.38940250,0.48146690,0.48876735,0.33414884
425,0.13010548,0.01520848,0.30960147,0.27368823,0.34406576,0.28759860,-0.21358148,0.33459529,-1.29735440,0.14986189,0.41278108,0.02397778,0.48703049,-0.07603462,0.32290693,1.08616539,1.72010045,0.18296721,0.19285134,0.14029016,0.19992493,0.09015048,0.19543013,0.21522092,1.08616539,0.64305861,0.75120790,0.65288759,1.72010045,1.81502883,1.67680344,0.18296721,0.27381666,0.19285134,0.38480115,1.35394043,0.47755705,0.49375256,0.33742373
426,0.13941589,0.01599584,0.26765703,0.24747723,0.31243044,0.25036765,-0.20044304,0.31869551,-1.23867652,0.14713683,0.43192507,0.03186274,0.48542973,-0.06741091,0.34049218,1.04139075,1.67942442,0.16933646,0.17619973,0.13366090,0.18393788,0.09156209,0.20419438,0.22378329,1.04139075,0.64155759,0.72421466,0.63423761,1.67942442,1.75213003,1.63141677,0.16933646,0.26483294,0.17619973,0.35500025,1.29391107,0.49222610,0.49187535,0.35209991
427,0.15911119,0.01468378,0.23977038,0.22577282,0.29037588,0.22261760,-0.17182726,0.31519806,-1.23491641,0.14397726,0.44604174,0.03458438,0.48501414,-0.06521423,0.34881879,1.06813609,1.68971265,0.16271976,0.16966144,0.13427631,0.16269613,0.09365777,0.20956999,0.22954598,1.06813609,0.62372118,0.68802126,0.60288178,1.68971265,1.74735445,1.63517500,0.16271976,0.26508343,0.16966144,0.31816376,1.28942254,0.50269080,0.49093848,0.35852334
428,0.14580257,0.01442894,0.24416195,0.23142562,0.29673215,0.23184936,-0.18002972,0.30825981,-1.23007750,0.14675883,0.42663787,0.03832677,0.47914428,-0.05997139,0.35348391,1.05436748,1.66463893,0.16353073,0.16015953,0.13454986,0.18620700,0.09637543,0.21425876,0.23493624,1.05436748,0.61402456,0.69043725,0.61373813,1.66463893,1.73497868,1.63182414,0.16353073,0.25224371,0.16015953,0.32392681,1.28286909,0.48527361,0.48547718,0.36258559
429,0.15250428,0.01301651,0.21476497,0.22351139,0.29911745,0.20935827,-0.16133658,0.27932585,-1.20348191,0.15484129,0.43781201,0.04990235,0.47081917,-0.05688455,0.33614151,1.04589413,1.64605693,0.15621922,0.17238750,0.12360962,0.20360944,0.09796930,0.22073309,0.24149758,1.04589413,0.60304990,0.65564696,0.57027569,1.64605693,1.69446177,1.58183894,0.15621922,0.26568009,0.17238750,0.29316879,1.24865836,0.49393871,0.47691935,0.34376176
430,0.14934619,0.01373079,0.19604629,0.19924719,0.26572697,0.21775703,-0.14284097,0.27121420,-1.18789303,0.15078503,0.43388432,0.04568945,0.46164716,-0.06581680,0.32548927,1.04830453,1.62632715,0.16079939,0.17658918,0.12687622,0.18816720,0.09768811,0.22445637,0.24479304,1.04830453,0.58244170,0.63263664,0.55432228,1.62632715,1.67035633,1.55765798,0.16079939,0.27633490,0.17658918,0.28916513,1.23296061,0.49046721,0.46697231,0.33435059
431,0.15735932,0.01339646,0.19606110,0.19504060,0.25246006,0.18627173,-0.12294796,0.26546436,-1.18039660,0.14735438,0.41691415,0.04516944,0.44760137,-0.06042770,0.35971750,1.06203362,1.60179408,0.15911164,0.13818924,0.13034291,0.18251749,0.10012376,0.22640358,0.24755474,1.06203362,0.54265828,0.59304385,0.55015576,1.60179408,1.64860884,1.58161002,0.15911164,0.25321292,0.13818924,0.26223048,1.22571140,0.47613211,0.45366426,0.36735633
432,0.17470491,0.01207521,0.19853110,0.18648715,0.23308907,0.16231632,-0.11770002,0.25381891,-1.19168590,0.13202280,0.43651714,0.03460932,0.45922206,-0.06888121,0.38044764,1.07946916,1.63276565,0.15522920,0.13143354,0.13131991,0.19481855,0.10140735,0.22618606,0.24787817,1.07946916,0.55747106,0.59464571,0.55583047,1.63276565,1.67010928,1.61138585,0.15522920,0.24991061,0.13143354,0.23911880,1.23297467,0.49111600,0.46488860,0.38919701
433,0.16764784,0.01096343,0.18751378,0.16820995,0.19801754,0.16061065,-0.10058549,0.24245193,-1.16312891,0.12319317,0.43440555,0.03131154,0.45028124,-0.07003679,0.37565279,1.06737988,1.60201166,0.15121812,0.12687941,0.12805740,0.18236899,0.09985788,0.23175532,0.25235318,1.06737988,0.53861529,0.57004620,0.53596438,1.60201166,1.63228571,1.57689102,0.15121812,0.24298256,0.12687941,0.22949081,1.20314043,0.48584807,0.45537773,0.38467900
434,0.17781822,0.01052147,0.18487007,0.16595953,0.18857165,0.14767426,-0.09141316,0.23087637,-1.16575573,0.11594250,0.44443976,0.03141833,0.45635827,-0.06719762,0.37943056,1.07908243,1.61429853,0.14428121,0.12595813,0.12878141,0.17775389,0.10065076,0.23349243,0.25426225,1.07908243,0.53938137,0.56356451,0.52346663,1.61429853,1.63879202,1.57951825,0.14428121,0.23449865,0.12595813,0.21531912,1.20264737,0.49334836,0.46185838,0.38841629
435,0.17616810,0.01199888,0.17076503,0.15445253,0.17880440,0.13877141,-0.07157262,0.21816642,-1.13023449,0.10459662,0.43451364,0.02509820,0.44483453,-0.06653754,0.35696726,1.06263400,1.56888908,0.13555832,0.12879601,0.11376466,0.18833414,0.10064553,0.24062722,0.26082749,1.06263400,0.51020225,0.53156159,0.48123708,1.56888908,1.59003550,1.51912824,0.13555832,0.22904916,0.12879601,0.19655588,1.16292905,0.47971160,0.45025652,0.36568714
436,0.18627071,0.01214447,0.16310475,0.14847215,0.17467464,0.11066941,-0.06479985,0.20114537,-1.11633190,0.10219245,0.42248006,0.02707896,0.43775507,-0.06703593,0.32942989,1.05627221,1.54205415,0.12891596,0.14568697,0.10847997,0.18504679,0.10213500,0.24396735,0.26448370,1.05627221,0.49062096,0.51163427,0.43842977,1.54205415,1.56637045,1.47489679,0.12891596,0.23213772,0.14568697,0.17208930,1.14515564,0.46719302,0.44377481,0.33885357
437,0.19285639,0.01178886,0.16498642,0.14971424,0.16931018,0.08593200,-0.06035100,0.18387605,-1.11238310,0.09161162,0.41670657,0.02079075,0.43918369,-0.07793454,0.33217049,1.05717293,1.53199238,0.12274048,0.14804343,0.10180757,0.17541716,0.10137464,0.24521390,0.26534256,1.05717293,0.48021250,0.50559888,0.43104809,1.53199238,1.56208236,1.47185095,0.12274048,0.22669777,0.14804343,0.15869036,1.13799205,0.46063883,0.44618632,0.34471158
438,0.18444503,0.01229625,0.15549499,0.14746871,0.16903208,0.07820874,-0.08060253,0.17473603,-1.12286193,0.09214085,0.41040951,0.01705190,0.43814853,-0.08058556,0.33411427,1.04758395,1.53555839,0.12639645,0.14483982,0.10529122,0.20299906,0.10190063,0.24614112,0.26640042,1.04758395,0.49445447,0.52397094,0.44898731,1.53555839,1.57119116,1.48317107,0.12639645,0.22522565,0.14483982,0.15450396,1.14605748,0.45098049,0.44324840,0.34600261
439,0.18091894,0.01212657,0.16428456,0.14930633,0.16371602,0.08164068,-0.09428630,0.17030941,-1.14185363,0.10291895,0.42684947,0.02568598,0.44853344,-0.07301209,0.34179213,1.05217491,1.57019170,0.13027001,0.14773775,0.10223396,0.20248024,0.10354798,0.24388076,0.26495284,1.05217491,0.52436055,0.54785734,0.46871470,1.57019170,1.59955075,1.50804935,0.13027001,0.23411736,0.14773775,0.17271906,1.16580378,0.47212155,0.45482365,0.35233442
440,0.18923101,0.01023679,0.17083974,0.16362407,0.22674470,0.09288639,-0.07461459,0.18207644,-1.15059354,0.11390129,0.40703956,0.03808150,0.43718861,-0.06697412,0.30411917,1.08006379,1.55918005,0.13111693,0.17176520,0.10190779,0.21096426,0.10529958,0.24465958,0.26635749,1.08006379,0.48397092,0.51824472,0.42036411,1.55918005,1.59680584,1.48050869,0.13111693,0.24547376,0.17176520,0.17755713,1.17596230,0.45709774,0.44461231,0.31447645
441,0.19432510,0.01244181,0.15619443,0.14995767,0.19030207,0.10158164,-0.05361569,0.18828151,-1.09991214,0.12455435,0.38471166,0.05221462,0.43129468,-0.05253967,0.33341790,1.05031273,1.48605750,0.12688144,0.14544272,0.09735518,0.23850998,0.10593112,0.25127522,0.27269147,1.05031273,0.44114186,0.48988573,0.42304662,1.48605750,1.53927854,1.45711358,0.12688144,0.21876667,0.14544272,0.16570203,1.12587950,0.43619861,0.44009651,0.34062654
442,0.17987833,0.01208106,0.15559671,0.14667476,0.17668271,0.11705959,-0.05984253,0.19791198,-1.09184010,0.12576146,0.38767052,0.05161886,0.42580014,-0.05724396,0.33574946,1.03568617,1.48131607,0.12990479,0.14353021,0.10574085,0.22784081,0.10574217,0.25100482,0.27236891,1.03568617,0.44983805,0.49308440,0.43964707,1.48131607,1.52720040,1.45461645,0.12990479,0.22758483,0.14353021,0.18271285,1.12109365,0.44226005,0.43493604,0.34379377
443,0.17803084,0.01297880,0.14724841,0.13771614,0.15148230,0.14068340,-0.05282226,0.20825601,-1.06863667,0.13024287,0.37708361,0.05770764,0.43399528,-0.03912352,0.36548450,1.01872157,1.44784743,0.13023653,0.12079705,0.10892205,0.22377067,0.10370310,0.25257342,0.27303418,1.01872157,0.43238371,0.49606569,0.46063365,1.44784743,1.51247148,1.45919428,0.13023653,0.20495273,0.12079705,0.19180581,1.09984803,0.43142183,0.44373477,0.37087635
444,0.17416287,0.01158362,0.14751144,0.13825337,0.14562963,0.16780101,-0.03559713,0.22475909,-1.08927043,0.13571581,0.38103771,0.05633884,0.44115307,-0.04200506,0.36721744,1.05565842,1.47300196,0.13137194,0.12490160,0.11347375,0.23661290,0.10211459,0.24920470,0.26931463,1.05565842,0.41901345,0.49265735,0.46053402,1.47300196,1.54203223,1.48457381,0.13137194,0.20800904,0.12490160,0.21112536,1.12279962,0.43282385,0.44995630,0.37256792
445,0.17079868,0.01298893,0.15291967,0.14747923,0.16349037,0.18512039,-0.01891986,0.23762255,-1.07671637,0.13744303,0.37974143,0.05828205,0.44017127,-0.03860918,0.36176801,1.05944317,1.45990968,0.13120311,0.12645835,0.12131515,0.25643049,0.10463376,0.24916444,0.27024274,1.05944317,0.40207460,0.48056695,0.44973443,1.45990968,1.53015992,1.46906951,0.13120311,0.20669091,0.12645835,0.22890116,1.11421864,0.43248169,0.44939299,0.36696963
446,0.17733342,0.01234259,0.14147706,0.14041971,0.15617240,0.19177288,-0.02017726,0.24966441,-1.08421167,0.13247286,0.40379604,0.05773427,0.45073549,-0.03621512,0.36922455,1.06625842,1.49261543,0.12237267,0.12578918,0.11987469,0.26721084,0.10395851,0.25027007,0.27100273,1.06625842,0.42970128,0.49193650,0.45610562,1.49261543,1.54923066,1.48491119,0.12237267,0.20092723,0.12578918,0.22627402,1.12341703,0.45250886,0.45988161,0.37460980
447,0.17092165,0.01300183,0.15021382,0.14481993,0.15561891,0.20723115,-0.02682976,0.26175504,-1.09785276,0.13281113,0.40044821,0.04802925,0.45563829,-0.04904907,0.36506699,1.07314188,1.50387931,0.13669586,0.13401719,0.12747547,0.25261094,0.10356569,0.24926781,0.26992646,1.07314188,0.43465545,0.51198255,0.47530199,1.50387931,1.57149770,1.50047191,0.13669586,0.21556102,0.13401719,0.24459577,1.14087915,0.44973776,0.46258946,0.37115764
448,0.17921198,0.01387878,0.15404053,0.14900520,0.15656997,0.21253936,-0.03384223,0.26174244,-1.07550458,0.13553808,0.39267222,0.05415400,0.45541414,-0.03608157,0.37104167,1.04346056,1.47359273,0.12975080,0.12454845,0.12324051,0.27652978,0.10410771,0.25198104,0.27264053,1.04346056,0.43475982,0.51621771,0.47900216,1.47359273,1.54707319,1.48008701,0.12975080,0.19737902,0.12454845,0.24213173,1.11666701,0.44004709,0.46334305,0.37614638
449,0.18906802,0.01444365,0.16533998,0.16053312,0.16080990,0.21322485,-0.03597641,0.27669520,-1.05829087,0.14037109,0.36820297,0.05876139,0.44735508,-0.02413348,0.38482664,1.02467323,1.43300397,0.13588903,0.10538130,0.12098864,0.28830011,0.10158172,0.25239239,0.27206758,1.02467323,0.41208888,0.50903056,0.48666327,1.43300397,1.52289263,1.47669368,0.13588903,0.18942454,0.10538130,0.24541377,1.10334633,0.42161753,0.45747279,0.38984860
450,0.19000125,0.01433026,0.16930180,0.16603036,0.16558486,0.22008246,-0.01324664,0.30067886,-1.04604397,0.14215930,0.37924045,0.06410189,0.45490442,-0.01753839,0.38817226,1.03595553,1.43407284,0.12923352,0.10654090,0.12190615,0.33787413,0.10419687,0.25552083,0.27594906,1.03595553,0.40020937,0.49743918,0.47297058,1.43407284,1.52104418,1.47150825,0.12923352,0.18119280,0.10654090,0.26018846,1.09792435,0.43024446,0.46552908,0.39318073
451,0.17943661,0.01651190,0.17074314,0.16834592,0.16826050,0.22541109,-0.00303424,0.30232797,-1.03359855,0.14960342,0.36711725,0.06457064,0.44900524,-0.02034203,0.37651854,1.03346376,1.40902820,0.13737234,0.11251239,0.12453047,0.32835582,0.10493606,0.25508560,0.27582647,1.03346376,0.37808753,0.48711245,0.46267067,1.40902820,1.50345934,1.44934572,0.13737234,0.18989218,0.11251239,0.27320639,1.08676908,0.42059587,0.45903426,0.38125025
452,0.17511476,0.01633997,0.17388500,0.17497359,0.17698408,0.22915174,0.00199712,0.31091212,-1.03578651,0.15207189,0.35869130,0.06158764,0.44104967,-0.02254331,0.36903026,1.04103494,1.40352053,0.14217973,0.11166270,0.12692185,0.33426236,0.10515632,0.25471718,0.27556977,1.04103494,0.36532570,0.47838328,0.45697645,1.40352053,1.49991565,1.44698104,0.14217973,0.19522641,0.11166270,0.27858489,1.09176989,0.41444912,0.45063346,0.37373769
453,0.18760666,0.01672734,0.17446497,0.17249007,0.16995842,0.22993951,-0.00644216,0.31001635,-1.04544310,0.15091187,0.37255553,0.06300987,0.45242741,-0.01677702,0.38164716,1.04212145,1.42694754,0.13939351,0.10736730,0.12613247,0.32966768,0.10399263,0.25388053,0.27435341,1.04212145,0.38772322,0.49726565,0.47201632,1.42694754,1.52047837,1.46726084,0.13939351,0.18835424,0.10736730,0.28013410,1.10082314,0.42524728,0.46151237,0.38574351
454,0.18436658,0.01568081,0.16842671,0.17409054,0.17482906,0.23203205,-0.00685809,0.30544273,-1.04335866,0.15096913,0.36586207,0.06224631,0.44038067,-0.01796105,0.37895987,1.03910409,1.41768766,0.13504311,0.10162939,0.12046041,0.34425534,0.10446424,0.25365802,0.27432676,1.03910409,0.38163474,0.48531884,0.46901124,1.41768766,1.50555589,1.46133548,0.13504311,0.18756603,0.10162939,0.27521254,1.09664405,0.41832079,0.44963991,0.38335077
455,0.16983093,0.01653346,0.16695261,0.17126010,0.17009518,0.23557509,-0.01556022,0.28998689,-1.05355593,0.16031852,0.38001812,0.06618731,0.45618228,-0.01670717,0.38586788,1.03942924,1.43951782,0.14170562,0.10905245,0.12190080,0.32269707,0.10212006,0.25153181,0.27147147,1.03942924,0.40318941,0.50997104,0.48513185,1.43951782,1.52887726,1.47503347,0.14170562,0.19534179,0.10905245,0.28227910,1.10306028,0.43377875,0.46494223,0.38970963
456,0.16112601,0.01660614,0.16547686,0.16663243,0.16907024,0.24405555,-0.02306565,0.28469737,-1.06763093,0.16904673,0.40012442,0.07191551,0.47296720,-0.01611646,0.38474951,1.04536118,1.47237811,0.14529053,0.12496198,0.11996590,0.32087537,0.10203034,0.24905016,0.26913969,1.04536118,0.42993478,0.53289907,0.49401617,1.47237811,1.55809255,1.48682298,0.14529053,0.20599189,0.12496198,0.28733748,1.11552232,0.45594221,0.48200148,0.38827396
457,0.15271819,0.01824566,0.17791985,0.17125327,0.16969390,0.23299535,-0.05978666,0.26092559,-1.08329787,0.16198294,0.38706889,0.06692082,0.45883825,-0.01384948,0.38543021,1.02392994,1.47372828,0.14316998,0.10968499,0.11806391,0.31678724,0.10038396,0.24981352,0.26922804,1.02392994,0.45246554,0.55055625,0.51729049,1.47372828,1.55688215,1.49759619,0.14316998,0.19767468,0.10968499,0.27999505,1.12461029,0.44289185,0.46786082,0.38909418
458,0.15839252,0.01498569,0.18026281,0.17585417,0.20164461,0.21771361,-0.08520865,0.24638964,-1.13753328,0.15969190,0.38891916,0.06746309,0.45667201,-0.02784994,0.35603776,1.05310291,1.52893966,0.14343035,0.13942834,0.11699514,0.27705487,0.09974603,0.24739769,0.26674874,1.05310291,0.47806129,0.56630241,0.51160729,1.52893966,1.60705891,1.52256763,0.14343035,0.21580271,0.13942834,0.26563892,1.17414506,0.44491847,0.46539795,0.35982585
459,0.16582353,0.01392227,0.18053216,0.16903090,0.19999888,0.20429894,-0.06994564,0.22821332,-1.13721044,0.16792688,0.38782828,0.07586916,0.46850361,-0.01627469,0.37448769,1.06835651,1.52623250,0.15866457,0.13353500,0.11398549,0.25511811,0.10630796,0.24708470,0.26898370,1.06835651,0.46087793,0.55699897,0.50326330,1.52623250,1.61626152,1.53653333,0.15866457,0.22209427,0.13353500,0.24941826,1.17181012,0.45329645,0.47876491,0.37702843
460,0.18320934,0.01561554,0.19625762,0.17318279,0.20010328,0.17563764,-0.12061849,0.20911969,-1.13203892,0.15722640,0.35923959,0.07139825,0.44051612,-0.03096748,0.34927982,1.01287881,1.49218289,0.15350052,0.13834886,0.11196579,0.22482229,0.10588623,0.24536628,0.26723867,1.01287881,0.48232320,0.57317541,0.51822932,1.49218289,1.58146836,1.50497327,0.15350052,0.22145532,0.13834886,0.24213084,1.16195878,0.42356615,0.45057586,0.35337574
461,0.18399250,0.01377481,0.21532646,0.19855954,0.23159657,0.15019174,-0.14529035,0.20418711,-1.17426494,0.14414650,0.33422100,0.06483275,0.41797249,-0.03101645,0.34432562,1.03094575,1.50968735,0.15445230,0.12286320,0.10704146,0.17957856,0.10311796,0.24338828,0.26433155,1.03094575,0.48108757,0.57330853,0.52915552,1.50968735,1.60133256,1.54138498,0.15445230,0.21526880,0.12286320,0.24879578,1.20378811,0.40320302,0.42884732,0.34913875
462,0.17478748,0.01133260,0.23477192,0.22234639,0.26188391,0.12592233,-0.19690747,0.18323826,-1.19906072,0.13250499,0.33221596,0.05207558,0.39788008,-0.04813147,0.31800385,1.00468733,1.53212950,0.14844734,0.12929991,0.10125309,0.15356057,0.10200289,0.24211166,0.26272161,1.00468733,0.53139617,0.60210069,0.54863841,1.53212950,1.60542777,1.53906779,0.14844734,0.21917990,0.12929991,0.26730471,1.22513384,0.39966887,0.40772778,0.32629990
463,0.17162218,0.01092244,0.25363902,0.23863520,0.27223796,0.09373774,-0.20667653,0.15462993,-1.21832161,0.11653811,0.31723388,0.04138751,0.39053202,-0.05431925,0.34447433,1.01403437,1.53616160,0.14793339,0.10832447,0.09678820,0.15785731,0.10443345,0.24040149,0.26210537,1.01403437,0.52717057,0.60160641,0.57516516,1.53616160,1.61501811,1.58021141,0.14793339,0.21374927,0.10832447,0.26428830,1.23968187,0.38739785,0.40184052,0.35452725
464,0.18246652,0.01261358,0.31518839,0.26919752,0.29697427,0.07151431,-0.22503609,0.13086585,-1.27205038,0.10924450,0.25391833,0.03620504,0.37476606,-0.06023453,0.34055042,1.04917108,1.52657702,0.17337759,0.10615572,0.08922541,0.13714495,0.10196306,0.23645608,0.25750329,1.04917108,0.48534966,0.60167780,0.58381743,1.52657702,1.65074998,1.62646431,0.17337759,0.22984717,0.10615572,0.26801484,1.28853622,0.33866458,0.38832630,0.35223216
465,0.18419144,0.01450006,0.31170977,0.26133168,0.30017772,0.06390713,-0.17698600,0.09427258,-1.27503630,0.09598420,0.25023754,0.02662617,0.38376095,-0.06884525,0.34031288,1.09886240,1.52596034,0.17902084,0.10883337,0.09116197,0.16268899,0.10442374,0.23617248,0.25822811,1.09886240,0.43495789,0.56241166,0.53648373,1.52596034,1.66096737,1.62554803,0.17902084,0.22619455,0.10883337,0.22847800,1.28835976,0.33723737,0.39947176,0.35600677
466,0.18618443,0.01582250,0.33473090,0.24547028,0.25492127,0.04608320,-0.18326965,0.08112545,-1.28466222,0.09321009,0.16282193,0.03155119,0.37787435,-0.05929373,0.37101489,1.10216937,1.44816676,0.24029756,0.09672583,0.08457515,0.12665492,0.10499854,0.23575235,0.25807725,1.10216937,0.35524170,0.56180043,0.56692873,1.44816676,1.66388220,1.66342383,0.24029756,0.28469645,0.09672583,0.23443895,1.29721837,0.27680538,0.39648048,0.38484949
467,0.16723225,0.01612439,0.30396815,0.21685807,0.22688306,0.04170548,-0.12297020,0.06574962,-1.26732019,0.07509564,0.23015946,0.01810468,0.41140342,-0.07361502,0.38793557,1.14485109,1.49776251,0.21239171,0.09852355,0.10116943,0.17451760,0.10704777,0.23581928,0.25897868,1.14485109,0.35841247,0.53666173,0.52852073,1.49776251,1.68075033,1.66380611,0.21239171,0.24888250,0.09852355,0.20878951,1.28278005,0.32373317,0.42892489,0.40559705
468,0.15969049,0.01876670,0.29900746,0.29114567,0.34197385,0.02893287,-0.08599780,0.02359950,-1.27946465,-0.00219549,0.10321531,-0.05776321,0.19160754,-0.15838460,0.19920039,1.19353294,1.38296601,0.15246067,0.10765690,0.10498714,0.16987294,0.10891044,0.23110699,0.25548371,1.19353294,0.19308199,0.30399985,0.36374520,1.38296601,1.47670262,1.49614468,0.15246067,0.23599993,0.10765690,0.22202557,1.29745413,0.24775821,0.23037852,0.26577194
469,0.14078547,0.04181907,0.29803593,0.34721820,0.36856381,0.07407566,-0.23115579,-0.10193359,-1.25057975,0.03069269,0.11056937,-0.10585049,0.16406522,-0.19644442,0.23614038,1.03454499,1.36883171,0.18722592,0.11737468,0.12828202,0.10841158,0.11755988,0.21551484,0.24549332,1.03454499,0.34797621,0.46478346,0.57077723,1.36883171,1.42537995,1.50228971,0.18722592,0.29289599,0.11737468,0.36085873,1.28470252,0.24611848,0.21997895,0.31792002
470,0.21497106,0.24055669,0.34847305,0.33444538,0.23248306,0.56386680,0.12541254,0.02349159,-0.07280197,0.08369083,-0.02547686,0.23598271,0.17519392,0.32822922,0.37513856,0.75966118,0.25419575,0.35610322,0.23682998,0.07546006,0.93864178,0.10259333,0.10769368,0.14873910,0.75966118,0.56350737,0.33164594,0.35383138,0.25419575,0.59225625,0.79459548,0.35610322,0.57890229,0.23682998,0.60697026,0.68643236,0.44838560,0.34893304,0.50856949
471,0.10323453,0.13892444,0.36078169,0.32998165,0.31807082,-0.53036131,-1.51353428,-0.32543157,-1.10346044,-0.22750764,-0.90661811,-0.07738470,-0.90094000,0.10612207,-0.78477625,0.57147403,0.51874244,0.43859926,0.21975322,-1.46369669,0.82460420,0.11631118,0.14264733,0.18405584,0.57147403,0.69037301,0.93424887,1.12513039,0.51874244,0.93825316,1.06103681,0.43859926,0.56981714,0.21975322,1.70977296,1.48177649,1.04357117,0.90574908,0.79213399
472,0.05915431,0.25875675,0.34929631,0.40094471,0.40753288,-0.46913208,-2.45970491,0.09444260,-0.88869664,-0.19197329,-1.26813824,0.03603367,-0.94265452,0.20936256,-0.77409223,1.68527682,0.60235367,0.53998595,0.26467950,-1.48640095,1.06714128,0.10946025,0.12844775,0.16876128,1.68527682,1.23096659,1.67592522,1.91663343,0.60235367,0.73977056,0.85866131,0.53998595,0.79319416,0.26467950,2.59172881,1.26965748,1.38852629,0.95790012,0.80404784
473,0.04836566,0.14581648,0.35696463,0.40108757,0.43295823,-0.45581742,-2.17500431,0.05657735,-0.76263030,-0.13306184,-0.99225653,0.04203881,-0.67851420,0.22558015,-0.39332429,1.52127643,0.52580304,0.49240378,0.34170528,-1.39774488,1.11096131,0.10512018,0.13814576,0.17359292,1.52127643,1.24136287,1.66425884,1.99178314,0.52580304,0.77475039,0.90769834,0.49240378,0.79407614,0.34170528,2.32204912,1.19021214,1.10969784,0.69448677,0.46437365
474,0.04435083,0.44970873,0.41835717,0.40824250,0.36170434,-0.18620668,-1.75532292,0.03870761,-1.00223678,-0.02886368,-0.97841091,0.05775513,-0.78589870,0.10985421,-0.66429382,0.78595983,0.28936631,0.39430143,0.13369334,-1.24343749,1.19391916,0.13340709,0.17087956,0.21678855,0.78595983,0.84173047,1.17428793,1.29683577,0.28936631,0.65069853,0.72079054,0.39430143,0.49197336,0.13369334,1.88455290,1.19918041,1.04891171,0.78924121,0.67376654
475,0.04913886,0.38204983,0.43650398,0.44192988,0.32356945,-0.08598273,-2.43132611,0.18240719,-0.85642235,0.22048337,-0.79488607,0.26047589,-0.60024256,0.32106436,-0.54937745,1.59762286,0.27925718,0.38470681,0.12210773,-1.48685636,1.51719841,0.12707342,0.14973254,0.19638606,1.59762286,1.68554969,1.95549760,2.04386088,0.27925718,0.65626443,0.76978775,0.38470681,0.49883754,0.12210773,2.55243220,1.17182349,0.96930977,0.67852646,0.64218076
476,0.15232953,0.01360904,0.29089753,0.31817448,0.30831048,0.05550353,-0.22256573,-0.22806346,-1.40214293,-0.02194861,0.31577088,0.03298462,0.41096913,0.13640606,0.42034420,1.22464312,1.73438233,0.17148048,0.11008017,-0.15799461,0.02958391,0.13001619,0.23906536,0.27213315,1.22464312,0.54592990,0.63952292,0.65915834,1.73438233,1.84899313,1.88075927,0.17148048,0.25354447,0.11008017,0.27314152,1.45516967,0.37207047,0.41721839,0.44277236
477,0.13583538,0.01609238,0.32037338,0.33282381,0.35414162,0.02866301,-0.20696237,-0.18663669,-1.28814546,-0.01647809,0.27534701,0.05926746,0.34573486,0.14638939,0.32286580,1.10242972,1.57278328,0.17513687,0.09492157,-0.12425244,0.08345166,0.11318289,0.24699805,0.27169543,1.10242972,0.48482775,0.57656662,0.57545963,1.57278328,1.65953018,1.65542971,0.17513687,0.24109826,0.09492157,0.33261656,1.32585025,0.36488277,0.36407646,0.36088168
478,0.13215713,0.01334407,0.32242791,0.33605436,0.35336127,0.02817775,-0.23347351,-0.18021506,-1.25205229,-0.02317814,0.26283353,0.05542174,0.31797897,0.14276909,0.30697424,1.03984468,1.52307620,0.15708270,0.09203863,-0.11510062,0.05046253,0.11300611,0.25257167,0.27669989,1.03984468,0.50008039,0.57423869,0.58250808,1.52307620,1.59370653,1.60076648,0.15708270,0.22877333,0.09203863,0.35199968,1.28814042,0.34898751,0.33914242,0.34725218
479,0.12405929,0.01421669,0.36491974,0.38263464,0.40893486,0.03152929,-0.25872487,-0.17793805,-1.27271626,-0.03701600,0.22262917,0.04271546,0.28892868,0.13381024,0.26823747,1.03551380,1.50220415,0.16585435,0.09748792,-0.10161197,0.05665565,0.11241911,0.25102192,0.27504556,1.03551380,0.48799933,0.57389573,0.57252247,1.50220415,1.58484353,1.58287822,0.16585435,0.23667022,0.09748792,0.36446697,1.30721700,0.31033424,0.30378982,0.30488917
480,0.11800121,0.01445097,0.35588978,0.38098211,0.41373628,0.03667653,-0.25261096,-0.16674300,-1.24550216,-0.04708372,0.22281597,0.03539565,0.28906494,0.12417962,0.26707221,1.01351540,1.47327247,0.16944508,0.09518616,-0.09475682,0.10340261,0.11282152,0.25379647,0.27774331,1.01351540,0.48304755,0.56188819,0.55551313,1.47327247,1.55491514,1.55017182,0.16944508,0.23765161,0.09518616,0.34327559,1.27722331,0.31150799,0.30205936,0.29940935
481,0.11762693,0.01202218,0.34009971,0.35417311,0.39211441,0.04999885,-0.22680640,-0.15361012,-1.20266838,-0.03415915,0.21437481,0.04059187,0.29548803,0.12222526,0.28234945,0.99813923,1.42207563,0.15893183,0.08893310,-0.08006216,0.06069370,0.11433601,0.25644558,0.28077938,0.99813923,0.45243853,0.54903179,0.55240632,1.42207563,1.51535478,1.51800183,0.15893183,0.22524567,0.08893310,0.34857883,1.23044774,0.29883237,0.31182168,0.31312558
482,0.10952521,0.01154903,0.36456467,0.38708406,0.42933971,0.04267769,-0.27279028,-0.15319050,-1.26960119,-0.03468094,0.19800368,0.03517391,0.28421932,0.11508195,0.27525238,1.01635581,1.47249429,0.16653995,0.08356038,-0.08718574,0.08724412,0.11481442,0.24670259,0.27211122,1.01635581,0.47967216,0.58352122,0.58667561,1.47249429,1.57165856,1.57664295,0.16653995,0.22356463,0.08356038,0.37216097,1.29728932,0.28356112,0.29625115,0.30302655
483,0.11353106,0.01348906,0.34780051,0.36559326,0.40950984,0.04952420,-0.24543110,-0.13707285,-1.23372419,-0.02451566,0.21089019,0.04160716,0.29892841,0.12071695,0.29674040,1.00652347,1.44899736,0.16276005,0.08558905,-0.08192714,0.10834846,0.11558370,0.24498247,0.27088005,1.00652347,0.46366253,0.56619748,0.57828096,1.44899736,1.54740110,1.55913866,0.16276005,0.22739110,0.08558905,0.34958145,1.25806762,0.29742945,0.31449926,0.32518535
484,0.12122754,0.01389040,0.35288577,0.37998057,0.42044514,0.06465499,-0.25178205,-0.13271692,-1.25430660,-0.04258995,0.19854681,0.02968040,0.28796356,0.11729219,0.28851567,1.02207255,1.45564794,0.16722552,0.09204971,-0.07708296,0.13184126,0.11576400,0.23901784,0.26557641,1.02207255,0.46371936,0.56091958,0.57093083,1.45564794,1.55572051,1.57031256,0.16722552,0.23676193,0.09204971,0.34952821,1.27846336,0.28960743,0.30172577,0.31658768
485,0.11828876,0.01206816,0.35402496,0.38431564,0.42508977,0.05627364,-0.26219308,-0.13612582,-1.26684917,-0.03558518,0.20440446,0.03339100,0.28927677,0.12214462,0.29622893,1.02308335,1.47469457,0.16363667,0.09310605,-0.07667274,0.12160644,0.11530086,0.23078246,0.25798223,1.02308335,0.47615832,0.57085351,0.58829669,1.47469457,1.57047950,1.59176920,0.16363667,0.23559749,0.09310605,0.34711699,1.29001505,0.28570425,0.30062512,0.32391493
486,0.11048008,0.01184107,0.35842027,0.38748635,0.42753473,0.04639431,-0.29313765,-0.13342073,-1.26617675,-0.02766564,0.21623146,0.03441038,0.29221981,0.12170966,0.30275706,0.98954061,1.48622640,0.15553761,0.09174470,-0.07771109,0.11404434,0.11324505,0.23088968,0.25716626,0.98954061,0.51509380,0.60202602,0.62324386,1.48622640,1.57303679,1.59748753,0.15553761,0.22663952,0.09174470,0.36507670,1.28964631,0.29122674,0.30302189,0.32956761
487,0.10568498,0.01125772,0.36876384,0.39529485,0.43465864,0.03721683,-0.30046713,-0.13275447,-1.25376098,-0.02903596,0.19362604,0.03806765,0.27491293,0.12578637,0.28480184,0.96858418,1.45113481,0.16148660,0.09300975,-0.06834051,0.07623779,0.11158104,0.22936163,0.25506290,0.96858418,0.49957625,0.59586213,0.61992535,1.45113481,1.54389462,1.56851358,0.16148660,0.23511262,0.09300975,0.37572323,1.27656935,0.27279129,0.28565214,0.31369074
488,0.10465181,0.01297187,0.37728628,0.40302041,0.43662061,0.04839002,-0.30390718,-0.13607823,-1.27642152,-0.02582859,0.19300965,0.04311901,0.26966739,0.12772259,0.28256669,0.99006963,1.47443878,0.15173789,0.08663500,-0.07782251,0.10152733,0.11131022,0.22506354,0.25108478,0.99006963,0.50333805,0.59081080,0.61178648,1.47443878,1.56486676,1.59087764,0.15173789,0.21719465,0.08663500,0.36308485,1.30125725,0.25359392,0.27783644,0.31236919
489,0.10606066,0.01380398,0.37439133,0.40662172,0.44348401,0.06041745,-0.32976394,-0.14159337,-1.25980358,-0.02207732,0.18554076,0.04570196,0.25775550,0.13272317,0.27000573,0.95197679,1.45074071,0.15170313,0.09087651,-0.06182230,0.08702160,0.11383347,0.22732054,0.25422959,0.95197679,0.52207623,0.60184959,0.62315334,1.45074071,1.53656780,1.56399950,0.15170313,0.22395954,0.09087651,0.38398365,1.28485956,0.25423718,0.26801506,0.30281714
490,0.10627821,0.01222028,0.37322115,0.40676811,0.44495580,0.06673921,-0.32778032,-0.14186269,-1.26522734,-0.01595289,0.19569532,0.05047542,0.26210895,0.13310909,0.26930408,0.96038899,1.46677471,0.14526033,0.08532821,-0.05293190,0.07107685,0.11239120,0.22346167,0.25013376,0.96038899,0.53085748,0.60685087,0.62210695,1.46677471,1.54636169,1.56784894,0.14526033,0.21154707,0.08532821,0.38706049,1.28873302,0.25582331,0.27217345,0.30223032
491,0.10968318,0.01354255,0.37813480,0.41148600,0.45221031,0.06521352,-0.33479298,-0.14874200,-1.28050856,-0.00999700,0.17596547,0.04854298,0.25708357,0.12546716,0.26809192,0.96961607,1.46356376,0.14953944,0.08081024,-0.05258853,0.05924006,0.11236525,0.21933581,0.24644299,0.96961607,0.51762420,0.61047893,0.62950220,1.46356376,1.55736617,1.58200643,0.14953944,0.21122136,0.08081024,0.39585107,1.30477643,0.24035727,0.26679728,0.29752491
492,0.10367980,0.01203045,0.37499368,0.40463380,0.45106490,0.04765331,-0.34993349,-0.14973980,-1.26274366,-0.01222864,0.18185647,0.04002134,0.26555138,0.12289732,0.26173928,0.93467570,1.45117787,0.15178695,0.08929098,-0.04189755,0.03281884,0.11032473,0.22235452,0.24821982,0.93467570,0.53744511,0.63725101,0.64729864,1.45117787,1.54526736,1.55692580,0.15178695,0.21598737,0.08929098,0.41802618,1.28509500,0.25202007,0.27489154,0.29029496
493,0.10614348,0.01037686,0.37267611,0.39821212,0.44606792,0.03787986,-0.32643091,-0.14151331,-1.27235002,-0.01535726,0.20266804,0.03382241,0.26580485,0.11387332,0.26222545,0.96340984,1.48090329,0.14198459,0.08838292,-0.06171926,-0.01824271,0.10688595,0.22455393,0.24869474,0.96340984,0.53680144,0.62216431,0.63578760,1.48090329,1.55593228,1.56761411,0.14198459,0.21009481,0.08838292,0.40749167,1.29668167,0.26345816,0.27263768,0.28618154
494,0.11156547,0.01183183,0.38194570,0.39919618,0.44061577,0.04754619,-0.33662941,-0.13630345,-1.30066403,-0.02171910,0.17293454,0.02469150,0.26672617,0.10931670,0.28204797,0.98235419,1.47806432,0.16713770,0.09493083,-0.06692288,0.07354224,0.10994369,0.22049968,0.24638937,0.98235419,0.51670246,0.63022123,0.65979586,1.47806432,1.58162684,1.61148680,0.16713770,0.24114900,0.09493083,0.42056623,1.32367816,0.26325740,0.27611243,0.30367465
495,0.12065923,0.01361540,0.35942328,0.36763308,0.39939131,0.01727037,-0.29592723,-0.13229741,-1.28593393,-0.02464208,0.23141367,0.02179002,0.29791594,0.10252307,0.29531048,1.00127734,1.52120806,0.15662890,0.08782471,-0.08913201,0.08516779,0.10034271,0.22400990,0.24545691,1.00127734,0.52939601,0.61359514,0.62649117,1.52120806,1.59799731,1.60872361,0.15662890,0.22053443,0.08782471,0.37233932,1.31077413,0.31009581,0.30702120,0.31472104
496,0.11542763,0.01307537,0.35030086,0.35202670,0.36427105,-0.01676421,-0.30716877,-0.14629552,-1.29974414,-0.04178710,0.22820493,0.01123778,0.30380259,0.09526175,0.30919531,1.00100559,1.53151972,0.16861490,0.08978369,-0.09175761,0.12749330,0.10005775,0.22208385,0.24358323,1.00100559,0.53600129,0.62923702,0.65154941,1.53151972,1.61756350,1.63622496,0.16861490,0.23455326,0.08978369,0.37932455,1.32577187,0.31639427,0.31289865,0.32636568
497,0.11980444,0.01264416,0.33390912,0.33094741,0.35285006,-0.01597038,-0.29425413,-0.14103825,-1.28866362,-0.03550969,0.25198559,0.01783866,0.33487386,0.09792473,0.32500755,1.00241383,1.54427907,0.16183851,0.08536158,-0.09071885,0.11728907,0.09631224,0.22323552,0.24312578,1.00241383,0.54669236,0.64518305,0.65137491,1.54427907,1.63573780,1.63800105,0.16183851,0.21802833,0.08536158,0.36882634,1.31220601,0.33067976,0.34542206,0.34386069
498,0.11194336,0.01201742,0.33005461,0.33104681,0.36260110,-0.03275332,-0.31888813,-0.13927665,-1.30477910,-0.03443190,0.26050300,0.02149524,0.34150163,0.10983993,0.31721258,0.99180371,1.56884118,0.16310192,0.09586953,-0.09257510,0.11769962,0.09483384,0.22068808,0.24020135,0.99180371,0.57942336,0.67641266,0.67223568,1.56884118,1.65826750,1.64745146,0.16310192,0.22153930,0.09586953,0.39280769,1.32863772,0.34343769,0.35409325,0.34152754
499,0.10832457,0.01259626,0.33219150,0.33170354,0.37208042,-0.02303887,-0.30900429,-0.14144980,-1.29459782,-0.03163628,0.26862137,0.02431659,0.34001758,0.10848243,0.32007596,0.99292268,1.56723840,0.15063056,0.09315790,-0.08118280,0.11422659,0.09705030,0.21936259,0.23987227,0.99292268,0.57769045,0.66159045,0.66084823,1.56723840,1.64588284,1.63922452,0.15063056,0.21508059,0.09315790,0.37724387,1.31656537,0.34622748,0.35411364,0.34347202
500,0.10354395,0.01352752,0.34105540,0.34560702,0.38760681,-0.04149190,-0.33127184,-0.14216283,-1.29971902,-0.03987569,0.25473530,0.02110260,0.32682979,0.11068883,0.30143017,0.97387387,1.55786313,0.15590867,0.09890286,-0.08323979,0.09560641,0.09553510,0.21751321,0.23756884,0.97387387,0.58606442,0.67414026,0.67144376,1.55786313,1.63855120,1.62748885,0.15590867,0.22276173,0.09890286,0.40066403,1.32288723,0.33474596,0.33949803,0.32597259
501,0.10273266,0.01317349,0.35328177,0.36492917,0.40749106,-0.03508854,-0.35397903,-0.14223451,-1.32058934,-0.03814745,0.24520825,0.02382279,0.31041503,0.11372644,0.29011574,0.97270519,1.56927552,0.15557288,0.09879552,-0.08079073,0.07966027,0.09600825,0.21510104,0.23555475,0.97270519,0.59928014,0.68092994,0.68322439,1.56927552,1.64371989,1.63818690,0.15557288,0.22691555,0.09879552,0.42099073,1.34422025,0.32838762,0.32356524,0.31601271
502,0.10255288,0.01297000,0.35854698,0.36484667,0.41347054,-0.03691879,-0.35764852,-0.14393293,-1.30911277,-0.03552087,0.23364275,0.02341746,0.30111248,0.11377951,0.27697715,0.95758584,1.54658021,0.14921289,0.10057753,-0.07943676,0.09073694,0.09404327,0.21566288,0.23527561,0.95758584,0.59133924,0.67354732,0.67250398,1.54658021,1.62272762,1.61372866,0.14921289,0.22045873,0.10057753,0.41612000,1.33123753,0.31094278,0.31315291,0.30291324
503,0.10222806,0.01418062,0.37039592,0.38677154,0.43217318,-0.03489979,-0.37639207,-0.14948014,-1.32729468,-0.03619971,0.21411032,0.02286792,0.28716058,0.11513134,0.26404541,0.95802318,1.54558051,0.15673113,0.10250141,-0.07898081,0.09056838,0.09574066,0.21243494,0.23301261,0.95802318,0.59066909,0.68049944,0.68133943,1.54558051,1.62790273,1.62072451,0.15673113,0.22842933,0.10250141,0.43957226,1.35099558,0.30234807,0.30032738,0.29181837
504,0.10583623,0.01459297,0.37675605,0.39737092,0.43966485,-0.01633783,-0.39157001,-0.15164355,-1.34151885,-0.03739892,0.21020085,0.02240570,0.27513004,0.11545668,0.25796077,0.95965421,1.55593922,0.15522730,0.10109480,-0.07728560,0.10946086,0.09882620,0.21180340,0.23372483,0.95965421,0.60218255,0.68131367,0.68434523,1.55593922,1.63040393,1.62906361,0.15522730,0.22870340,0.10109480,0.44783891,1.36504490,0.29911970,0.28791002,0.28637458
505,0.09969952,0.01633293,0.38359010,0.39497205,0.43455625,-0.02569934,-0.41084844,-0.15630069,-1.34778525,-0.03659775,0.19324031,0.02399938,0.28048084,0.11505689,0.26610066,0.94626632,1.54574440,0.16815372,0.09979553,-0.07901179,0.11179166,0.09850741,0.21106945,0.23292493,0.94626632,0.60423043,0.70663924,0.71343149,1.54574440,1.64224639,1.64369270,0.16815372,0.23817270,0.09979553,0.47048513,1.37224295,0.29552326,0.29560899,0.29453562
506,0.10176594,0.01522890,0.38304584,0.39864520,0.43534534,-0.01014378,-0.40939346,-0.14820546,-1.33378910,-0.03767387,0.18749444,0.02316732,0.26578828,0.11335984,0.25669320,0.93499471,1.52533633,0.15851279,0.09625183,-0.07355262,0.11791683,0.10006109,0.21263177,0.23499892,0.93499471,0.59768705,0.68988464,0.69845797,1.52533633,1.61264383,1.61832208,0.15851279,0.22791401,0.09625183,0.46659238,1.35655215,0.28372488,0.28028804,0.28567495
507,0.10017152,0.01443940,0.38431229,0.39710932,0.43637878,-0.02193110,-0.42144660,-0.14352237,-1.33903591,-0.04267166,0.18889616,0.01962437,0.27346696,0.11324139,0.26589276,0.92617441,1.53131488,0.15822626,0.10031585,-0.06924977,0.10278227,0.09991508,0.21328916,0.23553193,0.92617441,0.61098984,0.70956714,0.72144280,1.53131488,1.62413221,1.63137609,0.15822626,0.23199431,0.10031585,0.47825654,1.36042174,0.28276095,0.28785649,0.29372647
508,0.10018608,0.01336117,0.38668882,0.39946118,0.43535662,-0.02451128,-0.42440397,-0.14188912,-1.34467446,-0.04464595,0.18858601,0.01800882,0.27431568,0.11198972,0.26625907,0.92825636,1.53642772,0.15942899,0.09979823,-0.07088970,0.10916771,0.09948265,0.21331320,0.23537060,0.92825636,0.61350543,0.71271888,0.72346072,1.53642772,1.63009940,1.63641067,0.15942899,0.23135446,0.09979823,0.47915071,1.36537907,0.28282940,0.28836677,0.29394511
509,0.10045573,0.01394292,0.38277570,0.38348374,0.41905654,-0.03671094,-0.41565541,-0.14156384,-1.34095450,-0.04799447,0.19584529,0.01377606,0.28997928,0.11442898,0.27030543,0.93184774,1.53980044,0.16236517,0.10835990,-0.07739240,0.11910137,0.09820536,0.21366978,0.23515754,0.93184774,0.61172929,0.71916245,0.72137587,1.53980044,1.64107589,1.63665112,0.16236517,0.23456363,0.10835990,0.47360847,1.36170643,0.29235183,0.30536178,0.29954155
510,0.10770736,0.01383900,0.38511590,0.38457018,0.42058380,-0.04095327,-0.39951283,-0.14912044,-1.34901640,-0.06159132,0.18433391,-0.00126532,0.30040934,0.10390976,0.27684164,0.95571379,1.53589477,0.18307885,0.11285752,-0.08229177,0.15403124,0.09734156,0.21096089,0.23233570,0.95571379,0.58421181,0.71252548,0.71014868,1.53589477,1.66009065,1.65219532,0.18307885,0.24908703,0.11285752,0.45281292,1.37155574,0.28603770,0.31134617,0.29962307
511,0.11644766,0.01413233,0.38224218,0.38188127,0.41496786,-0.04855787,-0.42279486,-0.16299850,-1.35733379,-0.06409617,0.19354836,0.00120127,0.30125430,0.11376309,0.27663668,0.94170676,1.55411646,0.17310511,0.11881597,-0.08789384,0.14091466,0.09584701,0.20786042,0.22889430,0.94170676,0.61654457,0.73583331,0.73359390,1.55411646,1.66985090,1.66246031,0.17310511,0.24569745,0.11881597,0.47473004,1.38044828,0.29109037,0.31413182,0.30507588
512,0.11721631,0.01414203,0.38198982,0.38573677,0.42643446,-0.04503568,-0.42272084,-0.15871237,-1.36130701,-0.07369838,0.18728161,-0.00301359,0.29299207,0.10569281,0.26998605,0.94583625,1.55106079,0.17226055,0.11520271,-0.07994915,0.15020857,0.09898299,0.20945550,0.23166622,0.94583625,0.61070830,0.72734104,0.72522822,1.55106079,1.66434247,1.65735952,0.17226055,0.24600526,0.11520271,0.47610856,1.38325066,0.28946427,0.30706546,0.29637271
513,0.10911679,0.01539427,0.38634263,0.39376994,0.43261876,-0.06717320,-0.42983933,-0.16582606,-1.37620672,-0.07711104,0.18750778,-0.00382818,0.29211414,0.10382695,0.25951825,0.95180794,1.56640635,0.17774283,0.11726040,-0.08673399,0.16108045,0.09686705,0.20749788,0.22899476,0.95180794,0.61742764,0.73533129,0.72751721,1.56640635,1.67915047,1.66314310,0.17774283,0.24998622,0.11726040,0.48731334,1.39983214,0.29823932,0.30723340,0.28630662
514,0.10526060,0.01612991,0.38150701,0.38467476,0.42086144,-0.07428194,-0.43050699,-0.17095778,-1.36495132,-0.07133562,0.20272916,-0.00396136,0.31041287,0.09962536,0.27470169,0.94026539,1.57108345,0.17678156,0.11599446,-0.08078387,0.12174915,0.09540354,0.20903832,0.22978001,0.94026539,0.63335811,0.75639856,0.74667542,1.57108345,1.68636964,1.66718412,0.17678156,0.24563106,0.11599446,0.49772883,1.38992297,0.31217650,0.32722783,0.29943895
515,0.10990162,0.01501485,0.37657558,0.38223817,0.41786823,-0.06684284,-0.41847944,-0.17412652,-1.35357860,-0.07738186,0.21821945,-0.00321342,0.32267286,0.10646411,0.28223961,0.94196544,1.57505879,0.17606436,0.12273363,-0.08086953,0.12817781,0.09682978,0.20882800,0.23018501,0.94196544,0.63682574,0.75479080,0.74051600,1.57505879,1.68738437,1.66464942,0.17606436,0.25084117,0.12273363,0.48169553,1.37815315,0.32069001,0.33815899,0.30830432
516,0.11133735,0.01529894,0.37633567,0.38542950,0.41910277,-0.06847260,-0.42159700,-0.17864824,-1.35378929,-0.07996673,0.22884509,-0.00509220,0.32547522,0.10186487,0.28440931,0.93924407,1.58590389,0.17055126,0.11954839,-0.07938967,0.12556834,0.09624547,0.20850494,0.22964646,0.93924407,0.65058804,0.76035765,0.74382442,1.58590389,1.69082427,1.66697389,0.17055126,0.24409123,0.11954839,0.48098182,1.37849222,0.32306603,0.33899058,0.30809719
517,0.10328132,0.01456474,0.38125030,0.38636400,0.41529237,-0.08184658,-0.41428342,-0.17716004,-1.35074714,-0.08283517,0.21004745,-0.00324457,0.31581453,0.10814690,0.27954429,0.94183882,1.56385637,0.18158395,0.12322914,-0.07990104,0.12564960,0.09686658,0.20861244,0.23000496,0.94183882,0.62435973,0.74577472,0.73883215,1.56385637,1.67849975,1.66070023,0.18158395,0.26023531,0.12322914,0.48010200,1.37642855,0.31698560,0.33073910,0.30566994
518,0.10499072,0.01510106,0.38468418,0.39326787,0.41977698,-0.07953232,-0.43249728,-0.17874361,-1.35869751,-0.08703509,0.20235919,-0.00632038,0.31096955,0.10554418,0.27469369,0.93206194,1.56396807,0.18356450,0.12266705,-0.08042171,0.13338625,0.09638676,0.20674391,0.22810842,0.93206194,0.63493085,0.75832590,0.74942141,1.56396807,1.68139387,1.66324910,0.18356450,0.25995705,0.12266705,0.49546740,1.38433193,0.31281179,0.32612565,0.30097551
519,0.10726892,0.01457989,0.38720409,0.39544287,0.42564744,-0.08221852,-0.44535928,-0.18194085,-1.36631185,-0.09064451,0.19006469,-0.00884288,0.30622166,0.10650663,0.26390865,0.92696161,1.55934079,0.18521714,0.12723931,-0.07883528,0.13850686,0.09693482,0.20580096,0.22748713,0.92696161,0.63549268,0.76508566,0.75033218,1.55934079,1.68381128,1.66002392,0.18521714,0.25961062,0.12723931,0.50467660,1.39122129,0.30356423,0.32220228,0.29231252
520,0.11116853,0.01337750,0.39529758,0.40662309,0.43212224,-0.08825253,-0.45458671,-0.18617276,-1.37817414,-0.10234449,0.17572971,-0.01867216,0.29553523,0.09936722,0.25752655,0.92925815,1.55656627,0.18864976,0.12770821,-0.07966622,0.17736300,0.09727169,0.20333401,0.22540298,0.92925815,0.63049460,0.76194904,0.75050024,1.55656627,1.68416082,1.66437381,0.18864976,0.26424698,0.12770821,0.50873322,1.40233599,0.29648689,0.31143433,0.28379560
521,0.11575770,0.01372297,0.39925176,0.40911283,0.43690470,-0.08393631,-0.46935206,-0.18832739,-1.39229825,-0.10753868,0.16647605,-0.02146699,0.30126405,0.10076537,0.24418184,0.92925238,1.56124569,0.19902955,0.13756055,-0.08045334,0.17956829,0.09788411,0.20145864,0.22397965,0.92925238,0.63629852,0.78122073,0.75003474,1.56124569,1.70383770,1.66551976,0.19902955,0.26563871,0.13756055,0.51994537,1.41638501,0.29153708,0.31671679,0.27287595
522,0.11552715,0.01397785,0.39781401,0.41000989,0.42912323,-0.09077275,-0.47625012,-0.19388148,-1.38973722,-0.11352814,0.18046290,-0.02816670,0.30081048,0.09016635,0.26696795,0.91956553,1.57252238,0.18930972,0.12497540,-0.07938759,0.18883695,0.09690892,0.20175650,0.22382364,0.91956553,0.65713842,0.78761089,0.77655658,1.57252238,1.70101173,1.68455998,0.18930972,0.26203188,0.12497540,0.52642037,1.41501419,0.30031838,0.31608632,0.29063963
523,0.11653828,0.01393182,0.39561626,0.39952409,0.41452491,-0.09140060,-0.47599613,-0.19658119,-1.38673164,-0.11973774,0.17154147,-0.03792425,0.31337110,0.07650561,0.28588004,0.91719086,1.56055063,0.20264577,0.12072873,-0.07831391,0.18711866,0.09565755,0.20207890,0.22357604,0.91719086,0.64820037,0.79905486,0.79242110,1.56055063,1.70959340,1.69843669,0.20264577,0.27018218,0.12072873,0.52909454,1.41276367,0.30332084,0.33119035,0.30488305
524,0.11704995,0.01402378,0.39453380,0.39823043,0.42104821,-0.09992509,-0.47326275,-0.19618425,-1.38283575,-0.12105878,0.17481542,-0.04070353,0.31873745,0.07658457,0.27366690,0.91499583,1.55985823,0.20293493,0.12919872,-0.08263322,0.19792004,0.09576137,0.20198015,0.22353125,0.91499583,0.64850127,0.80155796,0.77987196,1.55985823,1.71068666,1.68262777,0.20293493,0.26621599,0.12919872,0.52686256,1.40872314,0.30521580,0.33670023,0.29279701
525,0.11866500,0.01329075,0.39409002,0.39339779,0.41244707,-0.10150837,-0.48074180,-0.18994315,-1.37864949,-0.12681300,0.17190112,-0.04632515,0.31972315,0.07126599,0.28136573,0.90245726,1.55220798,0.20342434,0.12653083,-0.08173048,0.17693063,0.09541926,0.20293668,0.22425015,0.90245726,0.65330039,0.80850702,0.79156123,1.55220798,1.70632136,1.68383714,0.20342434,0.26659635,0.12653083,0.53071954,1.40344216,0.30335534,0.33852526,0.29965431
526,0.12111543,0.01216193,0.38668811,0.37868547,0.40790940,-0.10322500,-0.47367279,-0.18550152,-1.37085536,-0.13514001,0.19810170,-0.04719641,0.33638428,0.07055185,0.27738599,0.90105275,1.57006155,0.20030454,0.13448858,-0.08291332,0.16872333,0.09454336,0.20378003,0.22464360,0.90105275,0.67274002,0.81793965,0.78107993,1.57006155,1.71492403,1.67176117,0.20030454,0.26244285,0.13448858,0.52144290,1.39478722,0.31794725,0.35233623,0.29380856
527,0.11655129,0.01284656,0.37477121,0.37391934,0.40321198,-0.11327969,-0.44954856,-0.18997143,-1.37229167,-0.14136462,0.21983732,-0.04767870,0.33526743,0.07175291,0.27728394,0.92596511,1.59305711,0.19018251,0.13478745,-0.09473413,0.19492121,0.09611212,0.20417372,0.22566446,0.92596511,0.67078801,0.79219010,0.75787445,1.59305711,1.71606743,1.67433867,0.19018251,0.26239291,0.13478745,0.49682469,1.39798049,0.33631552,0.35118946,0.29479192
528,0.11952006,0.01331093,0.37990664,0.37651778,0.39988455,-0.11725074,-0.44392670,-0.18678786,-1.38511342,-0.14829797,0.21761130,-0.05596990,0.33522585,0.06166113,0.28812160,0.94386004,1.60331033,0.18932572,0.12802720,-0.09638159,0.22452209,0.09789443,0.20432109,0.22656219,0.94386004,0.66314760,0.78584358,0.76023398,1.60331033,1.72798760,1.69545310,0.18932572,0.25909056,0.12802720,0.49100900,1.41027415,0.33567861,0.35210701,0.30373030
529,0.12906267,0.01259575,0.37083686,0.37573537,0.39401006,-0.11720865,-0.41672848,-0.18498862,-1.37354717,-0.14114149,0.24557229,-0.05047097,0.34405219,0.06688629,0.29071542,0.95922618,1.61989977,0.17745509,0.12985906,-0.09490905,0.21018274,0.09842281,0.20615583,0.22844535,0.95922618,0.66336388,0.76870660,0.73826042,1.61989977,1.72530813,1.68664881,0.17745509,0.25056586,0.12985906,0.46820327,1.39793754,0.35099101,0.35939203,0.30762207
530,0.13339431,0.01222837,0.36162920,0.35282416,0.38297495,-0.11580509,-0.39636978,-0.17947071,-1.38141508,-0.14761198,0.26511268,-0.05534225,0.36366123,0.07048914,0.29333195,0.98721464,1.64695056,0.17981600,0.14568014,-0.10158914,0.20993218,0.09886601,0.20692763,0.22933280,0.98721464,0.66314150,0.76708297,0.72214995,1.64695056,1.75230396,1.69757249,0.17981600,0.26060584,0.14568014,0.44871961,1.40600211,0.36902931,0.37899524,0.30974148
531,0.13735180,0.01224566,0.36844661,0.36734559,0.40026848,-0.11842474,-0.37034903,-0.17860466,-1.38578367,-0.14470612,0.25982852,-0.05148086,0.35103324,0.07553304,0.27239016,1.01775105,1.64599220,0.17901374,0.15019739,-0.10325110,0.22661848,0.09885306,0.20664357,0.22907094,1.01775105,0.63219440,0.72883620,0.67806977,1.64599220,1.74509542,1.68241917,0.17901374,0.26030144,0.15019739,0.41911624,1.41002868,0.35813260,0.36302562,0.28924768
532,0.14059739,0.01374106,0.36357923,0.36417646,0.39338250,-0.12011614,-0.35241009,-0.17860961,-1.37146421,-0.14117886,0.26928697,-0.05247531,0.34580745,0.07036300,0.27192655,1.02210827,1.64124304,0.17367802,0.14391139,-0.10759145,0.22563433,0.09710608,0.20885252,0.23032361,1.02210827,0.62323980,0.70720930,0.66075336,1.64124304,1.72781073,1.66940908,0.17367802,0.25422945,0.14391139,0.40377078,1.39878865,0.36103023,0.35602231,0.28596739
533,0.14456453,0.01359310,0.36252602,0.36312147,0.38014144,-0.11407347,-0.34547545,-0.17873763,-1.38422333,-0.14724429,0.28812230,-0.05249707,0.36814476,0.06658647,0.28305690,1.04313475,1.67264713,0.17974266,0.14651968,-0.11043692,0.24413637,0.09655120,0.20811154,0.22941784,1.04313475,0.63791844,0.71910943,0.65779009,1.67264713,1.76202626,1.69112504,0.17974266,0.25398944,0.14651968,0.38671311,1.41017754,0.37900694,0.37790209,0.29698760
534,0.15202452,0.01083492,0.34168230,0.31038697,0.30214332,-0.11490256,-0.31674745,-0.17253911,-1.34550036,-0.15303762,0.30757425,-0.05865532,0.39524353,0.06840748,0.32030830,1.03173113,1.65319903,0.17709274,0.14760542,-0.11318416,0.21979233,0.09565070,0.21138168,0.23201566,1.03173113,0.62822670,0.71697355,0.66639398,1.65319903,1.74831445,1.68749906,0.17709274,0.25546179,0.14760542,0.36262941,1.36936016,0.39388444,0.40585717,0.33410368
535,0.14989111,0.01294395,0.33957221,0.31135236,0.31829509,-0.11093811,-0.29159937,-0.17036898,-1.34244647,-0.14690115,0.31893432,-0.05556420,0.41400163,0.06559247,0.33743078,1.05353212,1.66154818,0.17887276,0.14373416,-0.11608527,0.23760177,0.09818194,0.21060903,0.23237009,1.05353212,0.61350140,0.71147686,0.65862881,1.66154818,1.76418389,1.70129581,0.17887276,0.25069697,0.14373416,0.34514292,1.36699643,0.40212206,0.42440639,0.34969709
536,0.15076059,0.01380844,0.31800414,0.26374292,0.25877016,-0.10502556,-0.25950885,-0.16627068,-1.31014760,-0.13337235,0.33366320,-0.05822512,0.43753837,0.05963371,0.34695392,1.05278996,1.64427196,0.16940684,0.14934439,-0.10798413,0.24115291,0.09549483,0.21048395,0.23113363,1.05278996,0.59583872,0.70136925,0.63305563,1.64427196,1.75332877,1.67567818,0.16940684,0.23040646,0.14934439,0.31392369,1.33153374,0.40679231,0.44857828,0.35809185
537,0.14838766,0.01357921,0.27398424,0.22003354,0.21366567,-0.10513058,-0.21473548,-0.16137598,-1.27461641,-0.12981846,0.36872298,-0.05664678,0.46673003,0.06118513,0.37117145,1.06168008,1.64394237,0.16270668,0.15299416,-0.10308636,0.25378803,0.09528785,0.21096153,0.23148335,1.06168008,0.58675266,0.68503978,0.61307788,1.64394237,1.74614320,1.66352220,0.16270668,0.22943314,0.15299416,0.27400949,1.29464420,0.43499827,0.47751608,0.38154200
538,0.14553449,0.01365374,0.25623541,0.21555535,0.21974316,-0.11248523,-0.18560594,-0.16236466,-1.29152878,-0.14189172,0.38637575,-0.06285741,0.46863501,0.05778320,0.37591450,1.10750382,1.67835625,0.16090549,0.15402729,-0.10167656,0.27790567,0.09582473,0.20775948,0.22879331,1.10750382,0.57640502,0.65791480,0.59122957,1.67835625,1.76480478,1.68514411,0.16090549,0.24261859,0.15402729,0.25437105,1.31204464,0.45657810,0.48025555,0.38506068
539,0.15162481,0.01244467,0.23512305,0.19833974,0.20211993,-0.10504202,-0.16060729,-0.16335162,-1.26508983,-0.14816357,0.38812050,-0.07072950,0.46299257,0.05252584,0.37652120,1.10651662,1.65353479,0.15540069,0.15189228,-0.09933722,0.27456994,0.09503109,0.20863915,0.22926230,1.10651662,0.55391695,0.62653090,0.56411301,1.65353479,1.73255179,1.65894800,0.15540069,0.24052590,0.15189228,0.23067418,1.28572753,0.45688422,0.47483492,0.38457711
540,0.15100891,0.01216248,0.20376008,0.17589299,0.17833367,-0.10233104,-0.14064850,-0.15425552,-1.23867576,-0.13925799,0.42000963,-0.06687882,0.47990263,0.05018805,0.38312135,1.09950251,1.65905783,0.14307930,0.15270851,-0.09663692,0.26265327,0.09310911,0.21113857,0.23075701,1.09950251,0.56457325,0.62379843,0.54981212,1.65905783,1.72248112,1.63721321,0.14307930,0.22923373,0.15270851,0.21858707,1.25792299,0.48059600,0.49103923,0.39163583
541,0.15898294,0.01206756,0.18973397,0.15805896,0.15308545,-0.09205378,-0.11813213,-0.14297614,-1.21982499,-0.14176070,0.41655205,-0.06541204,0.48593599,0.05580570,0.39485726,1.10333026,1.63665600,0.15008955,0.15265959,-0.09254049,0.25841262,0.09281652,0.21194955,0.23138176,1.10333026,0.54056728,0.60647329,0.53777886,1.63665600,1.70934177,1.62973714,0.15008955,0.23574892,0.15265959,0.19522183,1.23818573,0.47822584,0.49653242,0.40334956
542,0.16061340,0.01348506,0.19490066,0.16149967,0.15201589,-0.09033907,-0.10195586,-0.13873272,-1.23104489,-0.13809985,0.40590847,-0.06686092,0.47530430,0.05755875,0.39644925,1.13057563,1.63703128,0.15322268,0.14810041,-0.10379514,0.24283769,0.09382649,0.21153190,0.23140690,1.13057563,0.51234487,0.58180851,0.52663603,1.63703128,1.71082254,1.64338376,0.15322268,0.23615658,0.14810041,0.20224134,1.25204488,0.47199094,0.48673348,0.40591482
543,0.14949786,0.01202424,0.16592277,0.14268503,0.12921845,-0.08287666,-0.09141049,-0.13770892,-1.19552128,-0.13080215,0.43398796,-0.05889731,0.49069986,0.05416356,0.41854283,1.10639493,1.62962863,0.14994791,0.13481990,-0.10594399,0.24439673,0.09319633,0.21531577,0.23461978,1.10639493,0.53140795,0.58520032,0.53250104,1.62962863,1.69103654,1.62941666,0.14994791,0.22799806,0.13481990,0.18057027,1.21637793,0.49363802,0.50014957,0.42672396
544,0.15142354,0.01160076,0.13926292,0.12836119,0.11661029,-0.08597265,-0.06505357,-0.14066726,-1.17758107,-0.12413038,0.44419636,-0.05170961,0.48970500,0.05074058,0.44518491,1.11505459,1.62186176,0.14555269,0.11183269,-0.11721872,0.22948801,0.09166338,0.21736369,0.23590071,1.11505459,0.51322702,0.55980076,0.53312257,1.62186176,1.67382466,1.63866627,0.14555269,0.21385944,0.11183269,0.17524404,1.20099990,0.49853189,0.49758834,0.45292292
545,0.15027703,0.01083399,0.14479547,0.13193148,0.11943377,-0.08762037,-0.06999535,-0.14217741,-1.16716697,-0.11497929,0.44186440,-0.04135873,0.48583811,0.05820966,0.44026194,1.09932204,1.60926871,0.14354654,0.10961977,-0.11225043,0.21762932,0.08955004,0.21833900,0.23598968,1.09932204,0.51471382,0.56193515,0.53574681,1.60926871,1.65973970,1.62396602,0.14354654,0.21079779,0.10961977,0.18242690,1.19036573,0.49476169,0.49340192,0.44964344
546,0.14719383,0.00911370,0.13926126,0.13025256,0.12229765,-0.08201598,-0.07155704,-0.14998361,-1.15191742,-0.10033956,0.46299927,-0.02848636,0.49384359,0.06894276,0.44182042,1.08287935,1.61575297,0.13398318,0.11102375,-0.10814995,0.21083981,0.08777602,0.22081936,0.23762538,1.08287935,0.53669381,0.57159052,0.54046569,1.61575297,1.65288043,1.61210668,0.13398318,0.20862900,0.11102375,0.18133827,1.17457641,0.51014685,0.50116306,0.45248322
547,0.15231194,0.01166559,0.16670360,0.14702543,0.13552884,-0.05988701,-0.08527840,-0.15359498,-1.16735259,-0.08791776,0.43252108,-0.01761921,0.49583378,0.07365858,0.45480699,1.08630232,1.60134316,0.14085110,0.10108885,-0.10594679,0.22426874,0.08731938,0.21968708,0.23640450,1.08630232,0.52005514,0.58625197,0.56195996,1.60134316,1.67087781,1.64098179,0.14085110,0.20168796,0.10108885,0.18331736,1.18969358,0.48062629,0.50352931,0.46626659
548,0.15089934,0.01240231,0.18178588,0.16076604,0.15501827,-0.04422862,-0.07028853,-0.16055087,-1.18670179,-0.08115744,0.41253217,-0.01035913,0.47939017,0.08132508,0.42456210,1.12247638,1.60127454,0.15089030,0.10874410,-0.11721808,0.21966571,0.08767357,0.21731294,0.23433218,1.12247638,0.48471703,0.55861188,0.52307834,1.60127454,1.67584473,1.63376760,0.15089030,0.21196634,0.10874410,0.19623855,1.21163022,0.46537177,0.48684569,0.43698027
549,0.17426084,0.01305894,0.20633837,0.18004789,0.15731011,-0.02956303,-0.04559336,-0.17139027,-1.23900863,-0.06620949,0.36065305,0.01192993,0.44323024,0.09441807,0.40327829,1.20202321,1.60312456,0.17749091,0.09320924,-0.14194261,0.20686213,0.08599761,0.20882835,0.22584257,1.20202321,0.40883873,0.50244801,0.48229627,1.60312456,1.69726270,1.67022690,0.17749091,0.22606684,0.09320924,0.20211767,1.26951523,0.42886734,0.45167745,0.41991926
550,0.17880592,0.01316929,0.22097909,0.19972284,0.16525336,-0.01163308,-0.04457750,-0.16638989,-1.26090450,-0.05404999,0.33642047,0.02580895,0.43509242,0.10929537,0.42398908,1.22622521,1.60127256,0.18284035,0.08826371,-0.14096796,0.16238708,0.08676317,0.20698598,0.22443494,1.22622521,0.38355621,0.49564509,0.50531454,1.60127256,1.71211626,1.71483133,0.18284035,0.24354387,0.08826371,0.22234385,1.29292894,0.41111713,0.44683620,0.44373613
551,0.18130881,0.01389227,0.21873866,0.21325296,0.18298888,0.01832298,-0.04177330,-0.15328915,-1.30156424,-0.03502118,0.32884773,0.02836520,0.44898459,0.10861228,0.46023890,1.27248774,1.63469665,0.19359704,0.08576959,-0.16043807,0.19572771,0.08834404,0.20373275,0.22206238,1.27248774,0.37825705,0.49805480,0.52231694,1.63469665,1.76522023,1.78873689,0.19359704,0.25586874,0.08576959,0.20540217,1.33461409,0.41691527,0.46457570,0.48096583
552,0.16922787,0.01623090,0.21555076,0.23014011,0.20356857,0.02733467,-0.06761510,-0.13545378,-1.30431633,-0.02664131,0.37163703,0.03689101,0.44583245,0.12580854,0.45218913,1.24809422,1.67953752,0.17851217,0.09357971,-0.17386612,0.17641889,0.08875279,0.20260243,0.22118952,1.24809422,0.44349729,0.52749310,0.54963273,1.67953752,1.76615849,1.78612901,0.17851217,0.24773468,0.09357971,0.24092144,1.33927418,0.45348018,0.46046278,0.47623639
553,0.16968177,0.01860386,0.24086159,0.25333532,0.24273396,0.03194923,-0.11053923,-0.11198578,-1.33113132,-0.02436272,0.36709674,0.02919086,0.43956168,0.11126589,0.45507412,1.22963262,1.70048768,0.17015474,0.09155489,-0.15338063,0.14634059,0.09061982,0.20573634,0.22480968,1.22963262,0.48232428,0.56058511,0.58935561,1.70048768,1.78228107,1.80940462,0.17015474,0.24330202,0.09155489,0.26276756,1.36366580,0.45794968,0.45884956,0.47721096
554,0.14942111,0.01697247,0.23828077,0.25806305,0.26262327,0.03843273,-0.13606560,-0.09522750,-1.29458134,-0.02368244,0.33716601,0.01997655,0.41900115,0.08888441,0.44018668,1.16647831,1.63332341,0.15977936,0.08342398,-0.13689524,0.16472769,0.09613778,0.21473734,0.23527557,1.16647831,0.47827539,0.56420341,0.59549009,1.63332341,1.72198491,1.75247259,0.15977936,0.22999351,0.08342398,0.26846290,1.32263222,0.42575179,0.43880172,0.45738369
555,0.15001821,0.01809857,0.25233908,0.26237317,0.26772767,0.03754391,-0.14134353,-0.08212611,-1.28054342,-0.04192266,0.32502102,0.01199799,0.41483134,0.09471212,0.42879767,1.14557282,1.60606785,0.16350466,0.09101483,-0.13185196,0.15190824,0.09939766,0.21963911,0.24108346,1.14557282,0.47331797,0.56766742,0.59132100,1.60606785,1.70267068,1.72603968,0.16350466,0.23518624,0.09101483,0.27671344,1.30737666,0.41200963,0.43318284,0.44803294
556,0.14483287,0.01829024,0.22700871,0.24270978,0.25850344,0.00861746,-0.12384177,-0.08364172,-1.25181461,-0.04564805,0.35292000,0.00992752,0.41727551,0.09534741,0.41358784,1.13199311,1.60521462,0.15685249,0.09009797,-0.13266892,0.15744274,0.10072461,0.22193721,0.24372438,1.13199311,0.48004703,0.55377389,0.56365404,1.60521462,1.67770282,1.68360654,0.15685249,0.22188065,0.09009797,0.25527668,1.27869161,0.42764163,0.43048288,0.43135188
557,0.13557128,0.01847441,0.23137405,0.23321641,0.24209105,-0.00470068,-0.15004769,-0.07758580,-1.22975424,-0.05625551,0.33560249,0.00260536,0.41392590,0.08571233,0.40692817,1.08216383,1.56550312,0.16151479,0.08978894,-0.11901449,0.12439878,0.09892673,0.22367511,0.24457525,1.08216383,0.48838135,0.57811478,0.58654929,1.56550312,1.65049539,1.65255612,0.16151479,0.22666772,0.08978894,0.27702946,1.25394674,0.41318006,0.42727933,0.42216267
558,0.13232792,0.01827949,0.23700249,0.24020226,0.25333299,-0.01326567,-0.16849195,-0.08237395,-1.23172497,-0.06550006,0.32900130,-0.00427305,0.41073059,0.08115812,0.39719376,1.06548429,1.56083700,0.16436619,0.09249148,-0.11305992,0.13892414,0.09899577,0.22219607,0.24325143,1.06548429,0.50036825,0.59097842,0.59272775,1.56083700,1.64875662,1.64431035,0.16436619,0.22859809,0.09249148,0.28065052,1.25537251,0.41009960,0.42448789,0.41216229
559,0.13356835,0.02033036,0.26526760,0.26393110,0.27756519,-0.02371757,-0.17861355,-0.08775524,-1.26132226,-0.07232336,0.30375810,-0.01089301,0.39832431,0.07709757,0.38668934,1.08460495,1.56517778,0.16719088,0.09245692,-0.11108216,0.17369089,0.09966139,0.21765611,0.23938792,1.08460495,0.48494279,0.58790073,0.59061144,1.56517778,1.66541888,1.66224074,0.16719088,0.22694474,0.09245692,0.27815293,1.28250304,0.38374240,0.41073983,0.40113539
560,0.13660296,0.02004762,0.24325369,0.24210383,0.25958152,-0.02009142,-0.18888754,-0.07977771,-1.25505094,-0.09463161,0.30454891,-0.02930817,0.41916774,0.06108916,0.41165987,1.06790974,1.55971827,0.17808593,0.09524637,-0.10697893,0.20236297,0.10132609,0.21691589,0.23941487,1.06790974,0.49966156,0.61544010,0.61849657,1.55971827,1.67842066,1.67821154,0.17808593,0.24046905,0.09524637,0.27678991,1.27568585,0.39106896,0.43353062,0.42335315
561,0.14001831,0.01972164,0.25814667,0.25073156,0.25439566,-0.01853754,-0.19090822,-0.08492132,-1.28188486,-0.10032496,0.28642545,-0.03553370,0.41019934,0.05284314,0.40932464,1.09357719,1.56838940,0.18683870,0.09149893,-0.11070361,0.20782787,0.10108917,0.21389915,0.23658374,1.09357719,0.48585647,0.60733577,0.61416810,1.56838940,1.69710741,1.70294892,0.18683870,0.24574825,0.09149893,0.26608517,1.30341585,0.37685009,0.42355203,0.41960048
562,0.13747461,0.01911770,0.24036864,0.22414490,0.22465613,-0.02888981,-0.19263202,-0.08466630,-1.23756851,-0.10630799,0.29068072,-0.03866351,0.41299360,0.05580066,0.40245197,1.04679546,1.52841265,0.18551359,0.09743840,-0.10283823,0.21671692,0.09969083,0.21709936,0.23889410,1.04679546,0.49061670,0.61213775,0.61105409,1.52841265,1.65530049,1.65178596,0.18551359,0.24360012,0.09743840,0.26683242,1.25815313,0.37733360,0.42528466,0.41270465
563,0.13552118,0.01602348,0.22282305,0.20271855,0.19428517,-0.04810236,-0.20973630,-0.07649703,-1.22369533,-0.11685124,0.31195023,-0.05078492,0.42670779,0.04565024,0.41948563,1.01460716,1.53618043,0.17482328,0.09918711,-0.10240424,0.19733653,0.09913264,0.21877126,0.24018356,1.01460716,0.52685725,0.64247411,0.64557845,1.53618043,1.65428643,1.65302365,0.17482328,0.23773851,0.09918711,0.28068817,1.24273965,0.39198217,0.43955230,0.42779528
564,0.14052180,0.01545099,0.23327363,0.19691568,0.17535263,-0.05212327,-0.21635689,-0.08088637,-1.23097512,-0.12853737,0.29531745,-0.06074226,0.42090379,0.02864043,0.41858469,1.01529900,1.52704551,0.17630431,0.09097920,-0.09424329,0.21662074,0.09976612,0.21769309,0.23946516,1.01529900,0.51815401,0.64167454,0.64655719,1.52704551,1.65491703,1.65718675,0.17630431,0.23318972,0.09097920,0.27370381,1.24711180,0.37303692,0.43361590,0.42501968
565,0.13987976,0.01426188,0.22745716,0.19131292,0.16698961,-0.06206620,-0.21725096,-0.07752987,-1.23448828,-0.13028902,0.31403604,-0.06369131,0.43423275,0.02787813,0.42532109,1.01770938,1.54944111,0.17154440,0.09295369,-0.09573299,0.22520966,0.09900322,0.21617540,0.23776761,1.01770938,0.53675201,0.65505629,0.65394357,1.54944111,1.67148950,1.66668375,0.17154440,0.22549257,0.09295369,0.27239220,1.24980565,0.38779792,0.44681538,0.43203697
566,0.14327993,0.01389025,0.21056666,0.17203291,0.14850819,-0.06833891,-0.19927734,-0.08246573,-1.22794092,-0.14300236,0.31492096,-0.07577156,0.43874999,0.02042760,0.43022868,1.02914656,1.54412254,0.17444094,0.09759252,-0.09366315,0.24645529,0.10063077,0.21566288,0.23798536,1.02914656,0.52138754,0.64084727,0.63998466,1.54412254,1.66901401,1.66447642,0.17444094,0.23166464,0.09759252,0.25762927,1.24329557,0.39536510,0.45399461,0.43713504
567,0.14148927,0.01301845,0.19718118,0.15730364,0.13338359,-0.06881443,-0.20195329,-0.08106256,-1.21285277,-0.14673918,0.32319756,-0.08336493,0.44618686,0.01523329,0.44532561,1.01139566,1.53751726,0.17234504,0.09906741,-0.09102023,0.24585683,0.10165826,0.21647818,0.23915937,1.01139566,0.53265459,0.65103493,0.65636722,1.53751726,1.66141537,1.66388307,0.17234504,0.23189182,0.09906741,0.25794386,1.22797417,0.40173401,0.46186987,0.45198700
568,0.15103568,0.01454788,0.21544195,0.17866946,0.16826242,-0.05438807,-0.19448901,-0.07331131,-1.22054506,-0.14483424,0.30603296,-0.07896239,0.43976196,0.02424223,0.42356219,1.02652219,1.52848559,0.18271110,0.10593954,-0.08399691,0.26657307,0.10293365,0.21430376,0.23774238,1.02652219,0.51119432,0.63706144,0.62718902,1.52848559,1.66219303,1.64982655,0.18271110,0.23997464,0.10593954,0.24929296,1.23459267,0.39187594,0.45610227,0.43067391
569,0.14639564,0.01448957,0.22771791,0.19352598,0.16374612,-0.05394794,-0.21071528,-0.06533482,-1.23130932,-0.14807023,0.28838845,-0.08432322,0.41987428,0.00606591,0.44225555,1.02095256,1.52210270,0.18208821,0.09347197,-0.07856065,0.28385544,0.10548176,0.21246336,0.23720683,1.02095256,0.51000031,0.63439905,0.65950599,1.52210270,1.65358102,1.67778351,0.18208821,0.24711677,0.09347197,0.26817465,1.24631425,0.38254150,0.43854808,0.45064284
570,0.14112680,0.01472406,0.21447519,0.18038043,0.14847089,-0.05631886,-0.21161333,-0.05807493,-1.20760868,-0.14337046,0.28084824,-0.08938164,0.41889475,-0.00845451,0.44638102,0.99612553,1.49104554,0.17900278,0.08601860,-0.07424297,0.26632620,0.10485256,0.21461453,0.23885865,0.99612553,0.50145757,0.63455237,0.66377585,1.49104554,1.62874293,1.65713398,0.17900278,0.24024855,0.08601860,0.26882980,1.22117055,0.36963119,0.43820138,0.45407254
571,0.13986187,0.01664409,0.24229568,0.21090643,0.18454270,-0.05377697,-0.24048967,-0.04887937,-1.25521398,-0.14560155,0.27631967,-0.08538819,0.41748486,0.00726369,0.43515061,1.01488686,1.53477116,0.18856896,0.09536896,-0.07559631,0.26975025,0.10550860,0.20792753,0.23316501,1.01488686,0.52653417,0.66225034,0.68336103,1.53477116,1.67528813,1.69423567,0.18856896,0.25276165,0.09536896,0.29516497,1.26899002,0.37298348,0.43643827,0.44254032
572,0.14059986,0.01615121,0.24425912,0.20971326,0.17862551,-0.04870457,-0.23551349,-0.04530315,-1.25148368,-0.14253023,0.27491540,-0.08703797,0.41870934,0.00332782,0.44299070,1.01614700,1.52962222,0.18752177,0.09463213,-0.07565932,0.26039627,0.10545885,0.20698690,0.23230399,1.01614700,0.52041188,0.65888822,0.68546356,1.52962222,1.67297222,1.69817938,0.18752177,0.25327950,0.09463213,0.28969159,1.26519455,0.36867527,0.43771067,0.45001481
573,0.13350654,0.01573218,0.24045309,0.19945205,0.16881325,-0.05522584,-0.24490753,-0.04302347,-1.23612800,-0.13895943,0.26991531,-0.08261228,0.41487396,0.00478926,0.44185231,0.99141335,1.50919646,0.18774252,0.09273763,-0.07207883,0.25463816,0.10537009,0.20827773,0.23341480,0.99141335,0.52261256,0.66431234,0.69493693,1.50919646,1.65380528,1.68181903,0.18774252,0.25442475,0.09273763,0.29845168,1.24942911,0.36032730,0.43226566,0.44797428
574,0.13746316,0.01804369,0.25301616,0.21918565,0.19830937,-0.05326453,-0.24951937,-0.03731294,-1.26329349,-0.14360585,0.26464553,-0.08243474,0.40519503,0.00973688,0.42729140,1.01411315,1.53165501,0.18709895,0.09627387,-0.07526389,0.25779022,0.10653310,0.20555385,0.23152038,1.01411315,0.52286013,0.65999322,0.68633067,1.53165501,1.67202271,1.69519378,0.18709895,0.25570197,0.09627387,0.30227110,1.27700918,0.35674711,0.42195116,0.43264881
575,0.13925033,0.01741878,0.26319936,0.23128961,0.22296227,-0.04908467,-0.25737080,-0.03140106,-1.28720418,-0.14364581,0.26933863,-0.07878026,0.40927019,0.01714978,0.43009322,1.03025263,1.56064707,0.18844361,0.09990928,-0.07720858,0.27217858,0.10711783,0.20064259,0.22744600,1.03025263,0.53643813,0.67105145,0.69641341,1.56064707,1.69975428,1.72168951,0.18844361,0.26036838,0.09990928,0.30538145,1.30015570,0.36184506,0.42557052,0.43568636
576,0.13688293,0.01858394,0.25596524,0.22620195,0.19992042,-0.04931621,-0.25927621,-0.02549502,-1.26961069,-0.14347374,0.25464237,-0.07729222,0.38727968,0.01472563,0.42070419,1.01112570,1.52883107,0.18627947,0.09862757,-0.07545887,0.26745720,0.10812748,0.20341127,0.23036427,1.01112570,0.52398252,0.65127289,0.68826149,1.52883107,1.66103416,1.69484689,0.18627947,0.26109620,0.09862757,0.30802056,1.28414058,0.35334353,0.40411744,0.42737930
577,0.13215045,0.01785528,0.27045245,0.23154278,0.21057163,-0.04687366,-0.27473975,-0.02172095,-1.27181711,-0.14606858,0.23697126,-0.08591770,0.38527319,0.00855702,0.41498472,0.99760277,1.51403660,0.19284964,0.10050942,-0.06848599,0.26679694,0.10816396,0.20277374,0.22981869,0.99760277,0.52280273,0.66457041,0.69706655,1.51403660,1.66064302,1.69031913,0.19284964,0.26675957,0.10050942,0.32035165,1.28444151,0.34182589,0.40503878,0.42155233
578,0.13814945,0.01905129,0.28203469,0.25559640,0.24410659,-0.04593405,-0.27370311,-0.02036517,-1.29718554,-0.15142349,0.23742635,-0.08851239,0.38312617,0.00406529,0.41773458,1.02404331,1.54024982,0.19303021,0.09985713,-0.07016319,0.26626406,0.10907129,0.19827507,0.22629527,1.02404331,0.52306550,0.66246820,0.69896599,1.54024982,1.68450267,1.71871477,0.19303021,0.26850905,0.09985713,0.32335164,1.31092091,0.34586513,0.40359219,0.42473169
579,0.13944456,0.01901777,0.27117579,0.24914691,0.23766673,-0.04580197,-0.28299536,-0.01056739,-1.31095874,-0.15348603,0.25311796,-0.08396007,0.38342653,0.01452111,0.41684144,1.02934470,1.57059479,0.18952995,0.10441177,-0.07537289,0.26237340,0.10977315,0.19741744,0.22588446,1.02934470,0.54810465,0.67244455,0.70825034,1.57059479,1.70030567,1.73291085,0.18952995,0.26727895,0.10441177,0.32863574,1.32627208,0.35622506,0.40045990,0.42294051
580,0.14313184,0.02054397,0.30166863,0.29119751,0.29461637,-0.04135381,-0.29696839,-0.00285037,-1.34005177,-0.14957036,0.23703067,-0.08095428,0.37613584,0.01698233,0.40893250,1.04471393,1.58389603,0.19566685,0.10377968,-0.07528329,0.27134718,0.11124124,0.19549041,0.22492468,1.04471393,0.54688874,0.67811679,0.71307196,1.58389603,1.72187459,1.75363872,0.19566685,0.27210565,0.10377968,0.33893034,1.35517430,0.34734189,0.39421817,0.41623306
581,0.13839183,0.01925971,0.28640825,0.26529173,0.26131096,-0.03730756,-0.29191054,-0.00431093,-1.31210539,-0.14234505,0.23015809,-0.08180110,0.37526626,0.01508523,0.41728844,1.02110301,1.54849682,0.19630160,0.10682402,-0.07136019,0.26109674,0.11156314,0.19755178,0.22687670,1.02110301,0.53420217,0.67288480,0.71697807,1.54849682,1.69228471,1.73359408,0.19630160,0.27866194,0.10682402,0.34108703,1.32728308,0.34542702,0.39617412,0.42535789
582,0.13274113,0.01978056,0.27463451,0.25652761,0.24449726,-0.03598555,-0.29006597,-0.00170174,-1.30469170,-0.13463362,0.24645934,-0.07375766,0.37292360,0.02178987,0.41371805,1.01575151,1.55685940,0.18810526,0.10495256,-0.07091040,0.24752927,0.10969995,0.19814082,0.22648149,1.01575151,0.54711299,0.66929417,0.71297258,1.55685940,1.68322112,1.72360993,0.18810526,0.26847306,0.10495256,0.34043280,1.32114592,0.35445658,0.39089432,0.42123087
583,0.13248427,0.01861989,0.29072666,0.27176143,0.25520963,-0.01808731,-0.30002425,-0.00034578,-1.30722237,-0.11878434,0.23559994,-0.06053829,0.36110212,0.02835894,0.40983821,1.00753506,1.54738794,0.18338878,0.10274309,-0.07196748,0.22372715,0.10797601,0.19806254,0.22558278,1.00753506,0.54573058,0.66888431,0.71967684,1.54738794,1.67312030,1.72206738,0.18338878,0.26606724,0.10274309,0.35431458,1.32346179,0.34079383,0.37834742,0.41827847
584,0.12410825,0.01900583,0.28889022,0.26632211,0.25439596,-0.01437825,-0.28974119,0.00622043,-1.31706288,-0.11536555,0.24075484,-0.05886463,0.37199108,0.02568595,0.41775681,1.02779673,1.56255964,0.18837925,0.09896064,-0.07835656,0.22830699,0.10846748,0.19651703,0.22446411,1.02779673,0.54070504,0.67008193,0.71856364,1.56255964,1.69449841,1.74077559,0.18837925,0.26945183,0.09896064,0.34901336,1.33492194,0.34670210,0.38927119,0.42520985
585,0.12731710,0.01954841,0.28247014,0.26999701,0.27233938,-0.00104442,-0.28881423,0.00896029,-1.31155133,-0.10467389,0.24663053,-0.04982889,0.36853754,0.03584551,0.41335285,1.02289313,1.56234312,0.17704960,0.10021277,-0.07234277,0.20599197,0.10909902,0.19813370,0.22618479,1.02289313,0.54587916,0.66565572,0.71315353,1.56234312,1.68455527,1.73030374,0.17704960,0.26044263,0.10021277,0.34599004,1.32755429,0.34279380,0.38452064,0.42100212
586,0.12330398,0.01843825,0.28771244,0.27794841,0.27393064,-0.00742975,-0.30029142,0.00734133,-1.32236026,-0.10684577,0.23442699,-0.05040765,0.37078856,0.03444745,0.42897418,1.02221078,1.56097548,0.19026757,0.10570453,-0.08074213,0.20182846,0.11093095,0.19711270,0.22618375,1.02221078,0.54403385,0.68095006,0.74220283,1.56097548,1.69808030,1.75712624,0.19026757,0.28043451,0.10570453,0.36571900,1.34008296,0.33974325,0.38769150,0.43721577
587,0.12982599,0.01969151,0.28983769,0.27941456,0.29653952,0.00315693,-0.30497144,0.01682343,-1.33547805,-0.11187159,0.24625770,-0.05307631,0.37955902,0.03824138,0.42766066,1.03068747,1.58696317,0.18920651,0.10587232,-0.07635986,0.22676679,0.11241182,0.19442100,0.22457948,1.03068747,0.56330115,0.69493466,0.74479315,1.58696317,1.72061023,1.76905841,0.18920651,0.27616028,0.10587232,0.36716454,1.35326976,0.34825280,0.39574444,0.43587905
588,0.13740606,0.01758356,0.29380721,0.29635480,0.31926551,0.00919036,-0.30848703,0.02643331,-1.37179156,-0.11516111,0.24675679,-0.05018650,0.37256927,0.04344596,0.42332246,1.06370951,1.62473279,0.18632455,0.10807111,-0.08048433,0.23790497,0.11283184,0.19048096,0.22139110,1.06370951,0.56962594,0.69012252,0.74123058,1.62473279,1.75003368,1.80037386,0.18632455,0.27527647,0.10807111,0.36127718,1.38826098,0.34667002,0.38737248,0.43212150
589,0.13781120,0.01779773,0.30188591,0.29992332,0.32197024,0.01121405,-0.31300688,0.03727729,-1.37773145,-0.12161968,0.22801074,-0.05891365,0.37020467,0.03623183,0.43064403,1.06531026,1.61358684,0.19699391,0.11410564,-0.07882891,0.23673726,0.11535819,0.19127830,0.22337166,1.06531026,0.55749451,0.69400327,0.75328535,1.61358684,1.75493608,1.81388736,0.19699391,0.29196099,0.11410564,0.36973336,1.39573378,0.33796994,0.38714847,0.43933053
590,0.13294760,0.01775195,0.30132169,0.29351942,0.31068982,0.01553172,-0.30801880,0.05157840,-1.35352790,-0.11566506,0.23088511,-0.05557102,0.36551700,0.03426659,0.41840824,1.04614127,1.59322241,0.18683833,0.10603967,-0.07067865,0.21443869,0.11302033,0.19338321,0.22398808,1.04614127,0.55472623,0.68540292,0.73727589,1.59322241,1.72589037,1.77673905,0.18683833,0.27503401,0.10603967,0.36788129,1.36998561,0.33290693,0.38180957,0.42662143
591,0.13827304,0.01897515,0.30677852,0.30843418,0.32889420,0.01599177,-0.31007195,0.06117979,-1.38340045,-0.11997147,0.20880880,-0.05688127,0.34601566,0.03699202,0.39844513,1.07437540,1.60248638,0.19342598,0.10884617,-0.07711770,0.22713051,0.11359197,0.19262285,0.22362177,1.07437540,0.53649740,0.66931597,0.72020035,1.60248638,1.73793687,1.78764645,0.19342598,0.28210725,0.10884617,0.37170696,1.40192193,0.32261244,0.36299162,0.40747825
592,0.13845799,0.01917505,0.29738479,0.28272897,0.29084484,0.01178665,-0.28874358,0.06092066,-1.34250148,-0.13025212,0.21013451,-0.06931605,0.35963457,0.02357962,0.41372690,1.05492909,1.56436325,0.19650595,0.10896980,-0.07256842,0.22276357,0.11205245,0.19650945,0.22621166,1.05492909,0.51880206,0.66133960,0.71271485,1.56436325,1.71061459,1.76123041,0.19650595,0.28633001,0.10896980,0.35052537,1.35955511,0.32337469,0.37873095,0.42177850
593,0.14187046,0.01838085,0.26211661,0.25416693,0.26636601,0.00406599,-0.27040768,0.07070661,-1.33040567,-0.13158462,0.25147838,-0.07406966,0.38565949,0.01431603,0.43049793,1.06219274,1.59478515,0.18362734,0.10093104,-0.07302489,0.23955449,0.11512026,0.19619440,0.22747509,1.06219274,0.53969732,0.66665327,0.70924543,1.59478515,1.72527395,1.76607247,0.18362734,0.26525350,0.10093104,0.32871763,1.34744776,0.35269945,0.40475079,0.43790339
594,0.14744697,0.01928858,0.26088997,0.24609531,0.24188690,0.00055085,-0.25890027,0.08929687,-1.34344619,-0.14124727,0.24575162,-0.08824895,0.39337433,0.00042126,0.45917688,1.08831769,1.60586033,0.19497238,0.11250504,-0.07195035,0.24651134,0.11850086,0.19500561,0.22818773,1.08831769,0.52490070,0.66422730,0.72647876,1.60586033,1.74911591,1.80934921,0.19497238,0.29067693,0.11250504,0.32133332,1.36241435,0.35730817,0.41578811,0.46612209
595,0.14611581,0.01984529,0.26696783,0.25056838,0.24271433,0.00254928,-0.25208140,0.10250211,-1.32818178,-0.13873453,0.25155883,-0.08595522,0.40042757,0.00021191,0.47082747,1.08076117,1.59812848,0.19575743,0.11376237,-0.06192961,0.23654671,0.11927206,0.19666175,0.23000363,1.08076117,0.52360248,0.66492112,0.73215767,1.59812848,1.74173545,1.80616717,0.19575743,0.29461354,0.11376237,0.32027717,1.34787802,0.36238576,0.42285730,0.47784059
596,0.14329366,0.01973199,0.28591308,0.26384211,0.26237039,-0.00303715,-0.25601354,0.10679954,-1.32458535,-0.13382477,0.23579590,-0.08489223,0.37795842,-0.00054471,0.44450069,1.07420196,1.57894164,0.18576279,0.10972456,-0.05652446,0.23400074,0.11889786,0.19937225,0.23213357,1.07420196,0.50925788,0.64555090,0.70947570,1.57894164,1.71566059,1.77589030,0.18576279,0.28033304,0.10972456,0.32401287,1.34361807,0.34764250,0.40228033,0.45278109
597,0.14999549,0.01947902,0.27843134,0.25794713,0.26114042,0.00257625,-0.24456267,0.10047598,-1.32541486,-0.13400744,0.22408447,-0.08108958,0.36388066,0.00689580,0.41919480,1.08528519,1.56722340,0.18572525,0.10646354,-0.06241240,0.23649229,0.11577732,0.20023442,0.23129680,1.08528519,0.48856825,0.62071211,0.67331898,1.56722340,1.70163144,1.75104727,0.18572525,0.27513160,0.10646354,0.31028054,1.34347353,0.33587061,0.38625749,0.42643643
598,0.15050794,0.01995799,0.30559656,0.29164762,0.28128893,-0.00145945,-0.25863441,0.08440069,-1.34588507,-0.13456227,0.20529673,-0.07740203,0.35794260,0.00776187,0.41645781,1.09063559,1.56657625,0.19553255,0.10455897,-0.06442596,0.23010759,0.11432473,0.19878736,0.22931759,1.09063559,0.48269858,0.62938840,0.68521122,1.56657625,1.71446102,1.76787271,0.19553255,0.28323060,0.10455897,0.32431292,1.36263043,0.31833984,0.37826035,0.42390064
599,0.13638431,0.01944858,0.25664717,0.23898243,0.22965143,-0.01997113,-0.25629959,0.06546779,-1.28099947,-0.13319797,0.25078918,-0.07999110,0.38007119,0.00844910,0.42242016,1.02832156,1.54462425,0.17683147,0.09919900,-0.06601116,0.22498769,0.11486138,0.20568677,0.23558477,1.02832156,0.51982433,0.64581292,0.68772547,1.54462425,1.67065895,1.70851409,0.17683147,0.25440483,0.09919900,0.31467244,1.29712669,0.34591152,0.39851994,0.42897725
600,0.14008684,0.02007270,0.28123135,0.25924592,0.25168698,-0.01662873,-0.27330143,0.04988887,-1.29737117,-0.13654670,0.22877022,-0.08163641,0.36875068,0.01076275,0.41204669,1.02622788,1.53753192,0.18250632,0.10373870,-0.06078307,0.21645608,0.11464289,0.20503410,0.23490844,1.02622788,0.51631754,0.65187963,0.69479318,1.53753192,1.67381678,1.71342320,0.18250632,0.26496532,0.10373870,0.33096505,1.31150671,0.33147472,0.38914857,0.41897027
601,0.14128597,0.02154622,0.26705584,0.24162090,0.20778448,-0.03092992,-0.25181928,0.03596819,-1.28431377,-0.14193983,0.25920717,-0.08544371,0.39513366,0.00338953,0.43857833,1.03468775,1.55376118,0.18182756,0.09991624,-0.06155844,0.22596780,0.11426364,0.20629581,0.23582650,1.03468775,0.52318195,0.65559039,0.69922257,1.55376118,1.68671695,1.72689707,0.18182756,0.26066295,0.09991624,0.31080303,1.29837965,0.35421450,0.41384758,0.44482972
602,0.13835554,0.01864343,0.28811229,0.26889825,0.25506579,-0.03050979,-0.28178417,0.01275794,-1.31955273,-0.13608462,0.24864565,-0.07242539,0.37726545,0.02196338,0.41719284,1.03867762,1.57528398,0.18153170,0.10374841,-0.06853882,0.22293056,0.11249748,0.20418724,0.23312682,1.03867762,0.54103858,0.66736641,0.70990471,1.57528398,1.70190980,1.74066472,0.18153170,0.26380468,0.10374841,0.33790600,1.33292700,0.34623788,0.39403169,0.42385131
603,0.13878177,0.01929278,0.27265480,0.26160945,0.24924284,-0.03289010,-0.25487923,-0.01067437,-1.29917299,-0.12591375,0.26050854,-0.06123353,0.38372059,0.03245697,0.41085950,1.04457336,1.56398416,0.17762197,0.09855775,-0.07423146,0.22986030,0.11103546,0.20763413,0.23545871,1.04457336,0.52418410,0.64528824,0.67672130,1.56398416,1.68648753,1.71422949,0.17762197,0.25136947,0.09855775,0.31487103,1.31324611,0.35407814,0.39971430,0.41975424
604,0.13259812,0.01990029,0.24507548,0.23072776,0.22060854,-0.03731348,-0.23684886,-0.03005405,-1.27262847,-0.11188531,0.30059748,-0.05169578,0.41443790,0.03959804,0.43233058,1.03581783,1.57535454,0.17115229,0.09447111,-0.08354659,0.20163570,0.10720630,0.21078362,0.23648029,1.03581783,0.54264745,0.65988669,0.68448070,1.57535454,1.69081038,1.71108519,0.17115229,0.23871996,0.09447111,0.31063112,1.28901028,0.38067145,0.42772269,0.44071557
605,0.13281865,0.01864055,0.25734196,0.24755162,0.24228857,-0.03851852,-0.24290526,-0.05946752,-1.27978221,-0.10806893,0.29577729,-0.04610993,0.41156024,0.04797791,0.42341540,1.03710141,1.57631721,0.17405801,0.09567244,-0.08477688,0.20665521,0.10812896,0.21050128,0.23664882,1.03710141,0.54325105,0.66271589,0.68195755,1.57631721,1.69491236,1.71092348,0.17405801,0.23821280,0.09567244,0.31675875,1.29742705,0.37844423,0.42503838,0.43413282
606,0.13380850,0.01816838,0.25995860,0.24591515,0.24812434,-0.04143266,-0.22716098,-0.08073309,-1.28487988,-0.10190875,0.29196328,-0.03741741,0.41931773,0.05729902,0.42332075,1.05847523,1.57700410,0.18464331,0.09642251,-0.09308669,0.20796048,0.10654920,0.20964986,0.23517184,1.05847523,0.52285528,0.65447814,0.66870415,1.57700410,1.70825592,1.71846978,0.18464331,0.24647761,0.09642251,0.30652776,1.30428067,0.37764694,0.43261929,0.43498960
607,0.13851532,0.01588724,0.24891010,0.23158398,0.24472882,-0.03588663,-0.20298863,-0.11601453,-1.24234466,-0.09145798,0.31656597,-0.02974527,0.42291787,0.06591241,0.41328097,1.04250120,1.55911425,0.16613882,0.09742446,-0.09708182,0.19644309,0.10211845,0.21444174,0.23751513,1.04250120,0.52279228,0.63307441,0.63432911,1.55911425,1.67086651,1.67004133,0.16613882,0.22443540,0.09742446,0.28041759,1.26389835,0.38915800,0.43454434,0.42599858
608,0.13780967,0.01568412,0.22696125,0.21335580,0.22004563,-0.03472693,-0.18472542,-0.14560872,-1.24234242,-0.08993535,0.34531584,-0.02539506,0.44832786,0.07263657,0.42296020,1.06362276,1.58864588,0.17057084,0.10290384,-0.10739962,0.19584055,0.09933806,0.21268160,0.23473712,1.06362276,0.53360305,0.63983540,0.62695807,1.58864588,1.69873708,1.68471028,0.17057084,0.22692401,0.10290384,0.26476736,1.26795112,0.41592418,0.45878578,0.43577973
609,0.13249564,0.01654002,0.25176943,0.23464423,0.25426864,-0.03334479,-0.19293055,-0.15908304,-1.22733540,-0.07669325,0.33372287,-0.00897879,0.43915143,0.09276201,0.40141228,1.04203721,1.56323549,0.17360624,0.11108665,-0.10596146,0.15895860,0.09577214,0.21412511,0.23456740,1.04203721,0.52852783,0.64208305,0.62217325,1.56323549,1.67727667,1.65405244,0.17360624,0.23240458,0.11108665,0.28401156,1.25561327,0.40468383,0.44950830,0.41819202
610,0.12358426,0.01719389,0.24654743,0.24034592,0.25953150,-0.04681291,-0.19990836,-0.16980189,-1.23249970,-0.06903130,0.34550175,-0.00336284,0.43205992,0.09702467,0.38698783,1.03989786,1.58121751,0.16283845,0.11328020,-0.10481699,0.14833172,0.09719811,0.21456542,0.23555422,1.03989786,0.54586512,0.64528913,0.62257615,1.58121751,1.67708298,1.64778747,0.16283845,0.22639465,0.11328020,0.29949106,1.26240998,0.41344860,0.44240393,0.40474489
611,0.11578358,0.01811270,0.25620874,0.24240084,0.26166202,-0.04701664,-0.20180788,-0.17915616,-1.22488366,-0.07344853,0.32199150,-0.00060369,0.42341722,0.09769035,0.37708706,1.03158341,1.55048294,0.17803232,0.11307429,-0.10531745,0.13011637,0.09513277,0.21526042,0.23534505,1.03158341,0.52447908,0.64040724,0.61827647,1.55048294,1.66274043,1.63332576,0.17803232,0.23945486,0.11307429,0.30674114,1.25762313,0.39819073,0.43406563,0.39480485
612,0.11172818,0.01765690,0.25516760,0.24296421,0.26417889,-0.05003360,-0.21630022,-0.18894570,-1.21219638,-0.06974895,0.32165219,0.00371408,0.42368405,0.10390416,0.37572892,1.00554511,1.53847414,0.17866387,0.11548529,-0.10183406,0.12961955,0.09525247,0.21682831,0.23682810,1.00554511,0.53831753,0.65506582,0.63244952,1.53847414,1.65193013,1.62229039,0.17866387,0.24128197,0.11548529,0.31756990,1.24696608,0.39868787,0.43490094,0.39545521
613,0.11426479,0.01854778,0.26544363,0.25123207,0.25921218,-0.04100528,-0.20868616,-0.19347269,-1.20832130,-0.05991692,0.31977302,0.01150967,0.41272110,0.10800111,0.37673284,1.01121710,1.53392760,0.17166579,0.10676204,-0.09973758,0.12583863,0.09495179,0.21785483,0.23764800,1.01121710,0.52879998,0.63643153,0.62370136,1.53392760,1.63838585,1.62029918,0.17166579,0.23456722,0.10676204,0.31125942,1.24345328,0.39592465,0.42487185,0.39848047
614,0.11300132,0.01936723,0.25438377,0.24910175,0.27394638,-0.04025437,-0.21309075,-0.19613936,-1.20242563,-0.05886271,0.32720780,0.02149727,0.41316501,0.11957953,0.37324937,1.00154421,1.53578398,0.17320369,0.11014922,-0.10696904,0.13953422,0.09782672,0.21949659,0.24030984,1.00154421,0.54064890,0.64089599,0.62638773,1.53578398,1.63489894,1.61439467,0.17320369,0.24236706,0.11014922,0.30929019,1.23859560,0.40212692,0.42543339,0.39793009
615,0.11623681,0.01878780,0.26055993,0.26250947,0.27096445,-0.02818689,-0.21831627,-0.19671258,-1.21770004,-0.05772384,0.30775547,0.02426597,0.40934798,0.11834818,0.39029722,1.01351669,1.53178002,0.18422971,0.10044504,-0.11148108,0.13071026,0.09933024,0.21998083,0.24136707,1.01351669,0.52690706,0.64259116,0.64536717,1.53178002,1.64745995,1.64673582,0.18422971,0.25154715,0.10044504,0.32341052,1.25735124,0.39427995,0.42446496,0.41562554
616,0.10666387,0.01761833,0.26227128,0.26387680,0.28212697,-0.02809181,-0.23102160,-0.20353412,-1.20307587,-0.05205147,0.30310905,0.03261834,0.39497398,0.12561109,0.36728057,0.98775985,1.51378597,0.17612222,0.10254238,-0.10531402,0.10919731,0.10075808,0.22408286,0.24569355,0.98775985,0.53467582,0.64164218,0.63817681,1.51378597,1.62038639,1.61245170,0.17612222,0.24582339,0.10254238,0.33402823,1.24345488,0.38807309,0.41198661,0.39619693
617,0.10387578,0.01633704,0.28158555,0.29487217,0.33457176,-0.02034424,-0.24494305,-0.20826304,-1.21138317,-0.05080993,0.28839636,0.03772011,0.37304578,0.13293287,0.34676833,0.98464908,1.50802928,0.17882381,0.10573212,-0.09922018,0.11945250,0.10602260,0.22398827,0.24781352,0.98464908,0.53430083,0.63634751,0.63661193,1.50802928,1.60831987,1.60340869,0.17882381,0.25572942,0.10573212,0.35195571,1.25185095,0.37989371,0.39123667,0.37867353
618,0.10844116,0.01503876,0.28520815,0.30253380,0.34464143,-0.00573146,-0.24575562,-0.21099286,-1.20983561,-0.04931214,0.29315096,0.04526745,0.36421353,0.14152582,0.34055198,0.98578703,1.51170454,0.17234440,0.10396500,-0.09298655,0.10527382,0.10649753,0.22641481,0.25021069,0.98578703,0.54128120,0.63047918,0.63146092,1.51170454,1.60066504,1.59887081,0.17234440,0.25142818,0.10396500,0.35090596,1.25066039,0.37258396,0.38020693,0.37499204
619,0.11013566,0.01651865,0.30717629,0.32210877,0.37456209,-0.01463331,-0.26696001,-0.22373682,-1.22337433,-0.05252771,0.27446766,0.04264266,0.36685721,0.14120447,0.33259547,0.97902867,1.50760733,0.18249607,0.10983393,-0.09061594,0.12455729,0.10975813,0.22510139,0.25043459,0.97902867,0.54275252,0.64874617,0.63986757,1.50760733,1.61679460,1.60555555,0.18249607,0.25766602,0.10983393,0.35337741,1.26374750,0.36221603,0.38399246,0.36820488
620,0.10945879,0.01570142,0.32736672,0.34649068,0.38727361,-0.01606365,-0.28327823,-0.23115555,-1.22583311,-0.05558663,0.24663066,0.03926122,0.34053341,0.13698899,0.32336469,0.96687890,1.48291463,0.18327141,0.10438109,-0.08413120,0.12184442,0.11080073,0.22697977,0.25257992,0.96687890,0.53141002,0.63985051,0.64668260,1.48291463,1.59389187,1.59940180,0.18327141,0.26064788,0.10438109,0.36713315,1.26660992,0.34004497,0.35758886,0.35797784
621,0.10518722,0.01422706,0.30542323,0.31511567,0.35613359,-0.02391958,-0.26168039,-0.22007576,-1.19585272,-0.04747242,0.28139501,0.04123757,0.36406901,0.13579989,0.33933356,0.95472227,1.48730076,0.17313191,0.10287344,-0.08761992,0.10393412,0.10970229,0.22877070,0.25371367,0.95472227,0.54379671,0.64424299,0.64490154,1.48730076,1.58622509,1.58324370,0.17313191,0.24733195,0.10287344,0.35629913,1.23607062,0.36370329,0.38030622,0.37210952
622,0.10652999,0.01497011,0.32375380,0.34697637,0.39741162,-0.01108106,-0.28325249,-0.22144587,-1.21357955,-0.04576078,0.26427537,0.04602269,0.34020812,0.14280906,0.30862557,0.95393294,1.48826912,0.17415947,0.10614597,-0.07690050,0.10024571,0.10898241,0.22807038,0.25277117,0.95393294,0.54898943,0.64310742,0.63667822,1.48826912,1.58215709,1.57354576,0.17415947,0.24939931,0.10614597,0.37094689,1.25382953,0.34642793,0.35547606,0.34570349
623,0.10451413,0.01483426,0.33665087,0.35460676,0.40841753,-0.00708994,-0.29766412,-0.23132355,-1.22327366,-0.04549971,0.24254209,0.04289206,0.33478015,0.13817831,0.30095974,0.95277795,1.47754749,0.18131100,0.10627159,-0.07502115,0.09311295,0.10951800,0.22524361,0.25045733,0.95277795,0.54223734,0.65320757,0.64412581,1.47754749,1.58718063,1.57660699,0.18131100,0.25137963,0.10627159,0.38836048,1.26457696,0.33223260,0.35030491,0.33674866
624,0.10700890,0.01707305,0.35000004,0.37498434,0.42640262,-0.01485696,-0.31902972,-0.23058266,-1.23396433,-0.04202463,0.20841176,0.04623136,0.29195109,0.14161243,0.26899784,0.94022606,1.45481715,0.18289055,0.10386182,-0.07552344,0.05239275,0.11023595,0.22667071,0.25205471,0.94022606,0.52978308,0.63940783,0.64451505,1.45481715,1.55893103,1.56033358,0.18289055,0.25799008,0.10386182,0.41401419,1.27879859,0.30721790,0.30759242,0.30824309
625,0.09949737,0.01386609,0.35430620,0.37318767,0.42923743,-0.02338987,-0.32127647,-0.23366934,-1.22747317,-0.03452432,0.21669756,0.05069852,0.30582356,0.15024797,0.26684098,0.93069471,1.45784417,0.17618125,0.11247306,-0.07466540,0.06366838,0.11088708,0.22358062,0.24956810,0.93069471,0.53907860,0.65104397,0.64299311,1.45784417,1.56489424,1.55168804,0.17618125,0.25000179,0.11247306,0.40546251,1.26843625,0.30622304,0.32218144,0.31075625
626,0.09961556,0.01440539,0.35779313,0.37954007,0.43282211,-0.01566907,-0.32879484,-0.23114508,-1.21499771,-0.03078372,0.20807893,0.05473827,0.28181906,0.15522730,0.24836714,0.91276834,1.43734881,0.16793615,0.10994488,-0.06112297,0.01875891,0.10971290,0.22451932,0.24989166,0.91276834,0.54076413,0.64255229,0.63977431,1.43734881,1.53127477,1.52416493,0.16793615,0.24470615,0.10994488,0.42160147,1.25736638,0.29057430,0.29701875,0.29657878
627,0.10335000,0.01538829,0.37242739,0.39476135,0.44668600,-0.00920629,-0.36205019,-0.23973715,-1.21729969,-0.02602567,0.18703000,0.05903428,0.27726048,0.15643008,0.23855800,0.88635451,1.42054251,0.17937784,0.10920287,-0.06358601,0.06546841,0.10850236,0.22323515,0.24820696,0.88635451,0.55104269,0.66579187,0.65545618,1.42054251,1.53062629,1.51851839,0.17937784,0.24827446,0.10920287,0.43994239,1.25963780,0.27978740,0.29370553,0.28898243
628,0.10204589,0.01281677,0.38255271,0.39522560,0.45164603,0.00513800,-0.39180338,-0.23984110,-1.21416382,-0.01945654,0.16425470,0.06043207,0.26079205,0.15573451,0.21964102,0.85984279,1.39596016,0.17457758,0.11062829,-0.04724146,0.01957153,0.10927857,0.22096184,0.24650748,0.85984279,0.56038535,0.68098806,0.66864263,1.39596016,1.51093900,1.49702073,0.17457758,0.24350682,0.11062829,0.47701199,1.25649141,0.26498767,0.28101601,0.27336027
629,0.09098189,0.01333459,0.39089123,0.40045695,0.45443805,-0.03387786,-0.40321656,-0.24617577,-1.23359468,-0.00895142,0.13156245,0.05884739,0.23984279,0.15729385,0.19834603,0.85956354,1.38566023,0.17674488,0.11668088,-0.04736005,-0.03238127,0.10711847,0.21881353,0.24362620,0.85956354,0.54078039,0.67936094,0.67724319,1.38566023,1.51057253,1.49857362,0.17674488,0.24632319,0.11668088,0.50152114,1.27896972,0.25642462,0.26561078,0.25820603
630,0.09211737,0.01363751,0.39485920,0.39942978,0.44713307,-0.03320006,-0.41461848,-0.24792728,-1.22995375,-0.01138239,0.11183748,0.06021818,0.22320954,0.15564817,0.19294966,0.84643602,1.36249734,0.17669523,0.11141530,-0.04282288,-0.05088921,0.10302862,0.21764846,0.24080231,0.84643602,0.53311715,0.67439600,0.68251609,1.36249734,1.49059823,1.48903957,0.17669523,0.24900298,0.11141530,0.51442356,1.27524516,0.24844706,0.25373186,0.25407384
631,0.09306809,0.01541443,0.39005944,0.40526747,0.44627243,-0.03682367,-0.39589768,-0.24668072,-1.19972110,-0.01003866,0.12759850,0.05948631,0.21111897,0.15475511,0.18133608,0.83281816,1.34844987,0.15617064,0.10768773,-0.03323143,-0.07894546,0.09966752,0.21914289,0.24074305,0.83281816,0.53050559,0.64445024,0.65174693,1.34844987,1.45001452,1.44892454,0.15617064,0.23092049,0.10768773,0.48765118,1.24511666,0.23800656,0.23652128,0.24319555
632,0.09565512,0.01592617,0.39049512,0.39835942,0.43744318,-0.02958366,-0.40634226,-0.25568600,-1.19131533,-0.01299945,0.13016193,0.05775305,0.22705445,0.15507744,0.19888916,0.82019689,1.34357757,0.16365357,0.11098466,-0.02788271,-0.04668313,0.09828443,0.21793299,0.23907032,0.82019689,0.54196723,0.66596351,0.67381021,1.34357757,1.45695056,1.45819794,0.16365357,0.23978844,0.11098466,0.49621651,1.23635191,0.24598848,0.25357902,0.25745061
633,0.09304734,0.01362692,0.39209315,0.40744206,0.45374879,-0.02011398,-0.39903337,-0.26111986,-1.17061997,0.00012125,0.13856925,0.06264137,0.21806859,0.15837069,0.18736972,0.81114533,1.33500670,0.15081047,0.11072196,-0.02042162,-0.05732272,0.09927349,0.21678051,0.23843032,0.81114533,0.54274110,0.64912531,0.65468616,1.33500670,1.43066467,1.43058623,0.15081047,0.22907051,0.11072196,0.48092466,1.21601658,0.24002026,0.24197603,0.24821535
634,0.09751738,0.01455682,0.39408655,0.40483536,0.45844945,0.01066314,-0.42148590,-0.26452303,-1.16336624,-0.00437506,0.12138689,0.06233660,0.21499717,0.15363655,0.18966684,0.79403086,1.31082970,0.15602551,0.10682684,-0.01871258,-0.02271805,0.10379325,0.21486800,0.23862376,0.79403086,0.54677863,0.66055741,0.66454120,1.31082970,1.42031856,1.42433284,0.15602551,0.23153083,0.10682684,0.49571411,1.20882581,0.23162934,0.24191534,0.24773767
635,0.09406313,0.01577787,0.39907089,0.40722414,0.45681864,-0.00166244,-0.44110567,-0.27561498,-1.16935520,-0.00709416,0.11744753,0.06079145,0.22081800,0.15530472,0.19011986,0.78087265,1.31453843,0.16445280,0.11042633,-0.01352834,-0.05824655,0.10254005,0.21162292,0.23515680,0.78087265,0.56331528,0.68913704,0.68973150,1.31453843,1.43493123,1.43546406,0.16445280,0.23699007,0.11042633,0.51751548,1.21868996,0.23010617,0.24584384,0.24892168
636,0.09149282,0.01541051,0.40546078,0.40823379,0.45787015,0.00517838,-0.44981600,-0.27458641,-1.16363877,-0.00192194,0.07508675,0.06684026,0.20603735,0.16710989,0.17703521,0.77016887,1.26839602,0.18120202,0.11816070,0.00045725,-0.06069725,0.10152957,0.21163740,0.23473100,0.77016887,0.52916917,0.68066968,0.68598567,1.26839602,1.41500304,1.41989346,0.18120202,0.25413395,0.11816070,0.52295177,1.21116131,0.21363428,0.23665151,0.24670237
637,0.09326954,0.01449864,0.39885252,0.40253153,0.45053462,0.01801652,-0.46130610,-0.27495495,-1.15962302,-0.00614763,0.09137718,0.06913394,0.20821647,0.17364217,0.17090478,0.76289784,1.27987139,0.17223411,0.12436796,-0.00015844,-0.03435283,0.10141071,0.20801809,0.23142096,0.76289784,0.55688802,0.69159047,0.68781207,1.27987139,1.41235380,1.41006428,0.17223411,0.25213379,0.12436796,0.53733317,1.20567744,0.23007889,0.24513520,0.24937921
638,0.08725615,0.01541481,0.40401524,0.40948429,0.45194563,0.00849263,-0.49248327,-0.27853359,-1.16015317,-0.00629987,0.06167608,0.06859047,0.19952865,0.17511865,0.15969326,0.73234082,1.25190198,0.18802796,0.12752547,0.01508130,-0.09031065,0.09918034,0.20954414,0.23183073,0.73234082,0.55921555,0.71686356,0.71293156,1.25190198,1.40598016,1.40310300,0.18802796,0.26181701,0.12752547,0.56813048,1.20860013,0.21854705,0.23608451,0.24185794
639,0.09406829,0.01663281,0.40217036,0.40435967,0.44276545,0.02432268,-0.48934673,-0.28084156,-1.16999535,-0.00542161,0.08548837,0.07023767,0.21050389,0.17968676,0.17892636,0.75197051,1.28605167,0.17595809,0.12914466,0.01361689,-0.04172218,0.09834002,0.20427980,0.22671788,0.75197051,0.57797737,0.71728822,0.71786325,1.28605167,1.42551117,1.43008499,0.17595809,0.26121641,0.12914466,0.55900767,1.21574565,0.23312714,0.25171084,0.26011654
640,0.09207798,0.01540818,0.40540084,0.41054500,0.45109159,0.02930852,-0.48635337,-0.26244918,-1.16449048,-0.01466577,0.06796560,0.06488048,0.21629084,0.17075205,0.18256037,0.74398482,1.25758768,0.19611112,0.12492994,0.01344547,-0.03626679,0.09970884,0.20860809,0.23121243,0.74398482,0.55906951,0.72119519,0.71691887,1.25758768,1.42059632,1.42036314,0.19611112,0.26907273,0.12492994,0.55445383,1.20607076,0.21806917,0.24946731,0.25471239
641,0.09496798,0.01372250,0.39702125,0.40458776,0.45482669,0.05056723,-0.47026349,-0.23782660,-1.20184865,-0.00492491,0.13727302,0.06641303,0.24514527,0.17220384,0.20275961,0.79183161,1.35982813,0.16334084,0.12514015,-0.01067208,0.03572742,0.10281573,0.20484988,0.22920416,0.79183161,0.61229979,0.73155636,0.71362337,1.35982813,1.47981864,1.46743175,0.16334084,0.24208282,0.12514015,0.53670514,1.23567165,0.24379026,0.27356297,0.27066627
642,0.09279808,0.01629600,0.39988508,0.40447327,0.45153494,0.04973973,-0.47320499,-0.23314243,-1.21451310,-0.01288558,0.12018926,0.06206236,0.25276545,0.16762225,0.21846404,0.79791924,1.35319372,0.18691853,0.12449964,-0.00802244,0.01730880,0.10354186,0.20398632,0.22876043,0.79791924,0.59876911,0.74311651,0.73373564,1.35319372,1.49850278,1.49365599,0.18691853,0.26342101,0.12449964,0.54315488,1.24937606,0.24412413,0.28017954,0.27939838
643,0.08924800,0.01437571,0.40351425,0.41060301,0.45958378,0.04557928,-0.49514201,-0.23607364,-1.21911345,-0.00828607,0.09357595,0.06301772,0.23905022,0.16844755,0.21294743,0.78053976,1.33280954,0.19374516,0.12197285,-0.00651802,0.05075612,0.10463529,0.20314910,0.22851280,0.78053976,0.59248901,0.74870545,0.74629400,1.33280954,1.49014990,1.49335082,0.19374516,0.26767526,0.12197285,0.55378157,1.25304140,0.22493400,0.26597784,0.27484103
644,0.09554333,0.01615882,0.40310347,0.41281383,0.45681352,0.04122242,-0.47529365,-0.22784950,-1.21447196,-0.00427093,0.09632521,0.05692831,0.22599183,0.15901194,0.20669412,0.79054668,1.32997443,0.17937718,0.11799453,-0.00083354,-0.00591708,0.10219798,0.20383970,0.22802423,0.79054668,0.57587148,0.71965484,0.72522801,1.32997443,1.47064219,1.47934202,0.17937718,0.25621870,0.11799453,0.54079568,1.24814020,0.22352389,0.25124799,0.26352668
645,0.09198126,0.01567971,0.40311489,0.40911392,0.45759617,0.03910675,-0.47659739,-0.22255856,-1.20509130,-0.00038015,0.08370284,0.05821992,0.23034336,0.15298721,0.20797677,0.77905922,1.30803289,0.18998567,0.11255104,0.00647254,-0.01853267,0.10160308,0.20511705,0.22890214,0.77905922,0.56528761,0.72718214,0.72977725,1.30803289,1.46489026,1.46858605,0.18998567,0.25541088,0.11255104,0.54457201,1.23754431,0.21392640,0.25450545,0.26051871
646,0.08863536,0.01697740,0.40000833,0.40567263,0.45104080,0.02527104,-0.48517191,-0.23036882,-1.20495809,-0.00032750,0.07871355,0.05608132,0.22964993,0.15215536,0.20893426,0.76759001,1.30431446,0.19265728,0.10980584,-0.01046526,0.02018559,0.09908806,0.20300027,0.22589280,0.76759001,0.56698416,0.73293609,0.73561354,1.30431446,1.46528769,1.47067064,0.19265728,0.25318482,0.10980584,0.54888196,1.23985754,0.21683918,0.25531314,0.26278934
647,0.09118247,0.01717733,0.40150094,0.40509704,0.45447144,0.02487154,-0.48915116,-0.23309287,-1.21273257,-0.00852171,0.08264292,0.04965567,0.24809369,0.15346430,0.20515866,0.77223976,1.31501444,0.20410587,0.12470475,-0.00346337,0.02046613,0.09968933,0.20156867,0.22487306,0.77223976,0.57495709,0.75367284,0.73630559,1.31501444,1.48985460,1.47535103,0.20410587,0.25765845,0.12470475,0.55123709,1.24712089,0.21916921,0.27147719,0.26000083
648,0.08971703,0.01725109,0.39765130,0.40256139,0.45051103,0.02191311,-0.48884237,-0.23332993,-1.21987493,-0.00781085,0.11866353,0.05460926,0.25473639,0.15750390,0.21437276,0.77830425,1.35769639,0.18621675,0.12352716,-0.00996015,0.01448316,0.09878481,0.19967902,0.22277825,0.77830425,0.61032845,0.76157085,0.74815946,1.35769639,1.50472614,1.49290956,0.18621675,0.25300850,0.12352716,0.55561050,1.25560768,0.24362526,0.27973755,0.27008597
649,0.09008575,0.01641214,0.39455515,0.40112351,0.44767492,0.01488584,-0.48670598,-0.23338466,-1.22278720,-0.00826766,0.10500126,0.05209374,0.26121713,0.15511473,0.20912936,0.78064620,1.34696423,0.20147162,0.12642067,-0.01836623,0.02525074,0.09686239,0.19979339,0.22203541,0.78064620,0.59447506,0.76668424,0.74194577,1.34696423,1.51373000,1.49015988,0.20147162,0.25353426,0.12642067,0.55469147,1.25905078,0.23784584,0.28495698,0.26508066
650,0.08983817,0.01790702,0.39026063,0.39368189,0.44406532,0.01624317,-0.47869491,-0.22933012,-1.20929030,-0.01118259,0.12333233,0.05236062,0.27279866,0.15340973,0.21722516,0.77394909,1.35057694,0.19729129,0.12573196,-0.02418930,0.04387689,0.09624916,0.20176571,0.22354709,0.77394909,0.60439946,0.76876018,0.73918658,1.35057694,1.51117310,1.48339039,0.19729129,0.24936528,0.12573196,0.54394856,1.24506699,0.24541687,0.29518675,0.27055390
651,0.09224662,0.01768079,0.39439645,0.39670380,0.44547859,0.01791808,-0.48944487,-0.23237664,-1.22229366,-0.01317523,0.11631889,0.04467316,0.26939264,0.14886267,0.22243517,0.77845649,1.35668817,0.19371534,0.12493080,-0.02093564,0.04554892,0.09754890,0.20095310,0.22337846,0.77845649,0.60890384,0.77537673,0.75297850,1.35668817,1.51918906,1.49967819,0.19371534,0.24754068,0.12493080,0.55439163,1.25721309,0.23728117,0.29175376,0.27270484
652,0.09545652,0.01639554,0.40164392,0.40725305,0.45024988,0.01604322,-0.47852790,-0.23630098,-1.23721507,-0.01770363,0.11968009,0.04316074,0.25073043,0.14743202,0.21780425,0.80280151,1.37461209,0.17881045,0.11893606,-0.03089438,0.06999875,0.09555638,0.19961909,0.22131155,0.80280151,0.60103704,0.74558877,0.73619239,1.37461209,1.51610853,1.51015654,0.17881045,0.24502713,0.11893606,0.53945025,1.27186567,0.23463636,0.27182549,0.26752246
653,0.09426238,0.01627758,0.40903412,0.40502336,0.45017107,-0.00889445,-0.46875361,-0.24263757,-1.23814352,-0.02281358,0.08692625,0.03725851,0.24752340,0.14725011,0.21301144,0.80626842,1.34338426,0.20091794,0.12392378,-0.04498598,0.08884043,0.09443265,0.20069009,0.22179729,0.80626842,0.55698649,0.73133175,0.72364984,1.34338426,1.51398743,1.50795727,0.20091794,0.25957599,0.12392378,0.52468424,1.27399745,0.21931262,0.26784886,0.26370754
654,0.09668378,0.01592472,0.41288239,0.40156674,0.45261365,-0.02438405,-0.48538291,-0.25157065,-1.22832767,-0.03292555,0.09064537,0.03438346,0.25635312,0.14380901,0.20019321,0.77949713,1.33719298,0.20389862,0.13093953,-0.03830119,0.07855651,0.09184432,0.20252240,0.22237513,0.77949713,0.57742663,0.75659433,0.72900575,1.33719298,1.51375930,1.48695936,0.20389862,0.25225518,0.13093953,0.53687131,1.26458280,0.21207578,0.27418203,0.25075897
655,0.09618833,0.01559073,0.41683568,0.40067387,0.45194039,-0.05380266,-0.47261025,-0.26044354,-1.21768686,-0.03888608,0.07449043,0.03332509,0.26287922,0.13887801,0.20062361,0.77592391,1.31143702,0.22371040,0.13036596,-0.04148351,0.11242156,0.09003700,0.20336566,0.22240560,0.77592391,0.54826415,0.75179717,0.72145209,1.31143702,1.51079100,1.47745017,0.22371040,0.25966643,0.13036596,0.52687049,1.25567355,0.21154863,0.28234868,0.24969514
656,0.10117489,0.01665166,0.41816670,0.40589181,0.44364746,-0.06985302,-0.48990488,-0.27772888,-1.23873033,-0.06074532,0.06011553,0.02250175,0.27215028,0.13180972,0.22441013,0.78033048,1.31741827,0.24748297,0.12698821,-0.04186864,0.11230708,0.08886785,0.19951324,0.21841023,0.78033048,0.55100353,0.77828844,0.76188830,1.31741827,1.54150945,1.52276043,0.24748297,0.28941078,0.12698821,0.54870880,1.28036798,0.22250757,0.29391742,0.26828149
657,0.10077935,0.01831042,0.41830451,0.40936265,0.44906198,-0.09502138,-0.46711286,-0.28438868,-1.24227909,-0.06327581,0.09271425,0.01872293,0.26943482,0.12457497,0.21752683,0.79929894,1.35340973,0.22204663,0.12359520,-0.06672156,0.15594816,0.08802462,0.19824737,0.21691093,0.79929894,0.56113176,0.75616745,0.73767747,1.35340973,1.54396290,1.52065306,0.22204663,0.26739402,0.12359520,0.52811200,1.28722009,0.23460283,0.28781817,0.25831376
658,0.10517865,0.01711674,0.41256498,0.41690222,0.45223839,-0.10532106,-0.47922599,-0.30069129,-1.25372230,-0.07633363,0.12708315,0.00920277,0.26392382,0.11714390,0.20530940,0.80004994,1.39919352,0.19645802,0.12725838,-0.06986117,0.17342644,0.08597450,0.19701299,0.21495519,0.80004994,0.60725330,0.76299652,0.73796024,1.39919352,1.55124214,1.52221284,0.19645802,0.25430867,0.12725838,0.54018241,1.30184846,0.25579494,0.28113306,0.24466292
659,0.10996425,0.01656188,0.40978864,0.41656651,0.44967519,-0.11042006,-0.46126789,-0.29843250,-1.23656878,-0.07129202,0.16058925,0.01069671,0.27042354,0.11198029,0.19964568,0.79900105,1.41578567,0.17228552,0.12630765,-0.07155525,0.16685725,0.08403006,0.19807311,0.21516042,0.79900105,0.62329016,0.75134165,0.71255017,1.41578567,1.54024771,1.49719509,0.17228552,0.22839351,0.12630765,0.51750870,1.28243512,0.25959556,0.28418681,0.23677241
660,0.10946198,0.01427102,0.41067800,0.41794030,0.44324800,-0.11603527,-0.47358233,-0.30294683,-1.23146976,-0.08673633,0.15348262,0.00123495,0.27522083,0.10458932,0.21429114,0.78293672,1.40233276,0.17897083,0.12290547,-0.06327532,0.17464794,0.08415252,0.19848458,0.21558704,0.78293672,0.62804592,0.76685120,0.73646398,1.40233276,1.53811352,1.50438199,0.17897083,0.23595888,0.12290547,0.53070115,1.27691075,0.25934820,0.29047738,0.24747788
661,0.11280690,0.01515142,0.40989852,0.41979806,0.44179302,-0.12611185,-0.47205069,-0.30334361,-1.22528179,-0.08489014,0.16561957,0.00445111,0.27562008,0.10407215,0.21312141,0.77612206,1.40869052,0.17102707,0.11989567,-0.06001855,0.18354957,0.08238269,0.19762126,0.21410528,0.77612206,0.63916268,0.76693143,0.73502024,1.40869052,1.53295725,1.49679318,0.17102707,0.22835226,0.11989567,0.52856723,1.27019414,0.26400288,0.29044394,0.24677434
662,0.11454948,0.01543661,0.40708201,0.41597042,0.43240558,-0.12868472,-0.47367295,-0.30975204,-1.21777557,-0.09284081,0.16717676,-0.00337303,0.28295941,0.09528262,0.22354162,0.76781648,1.40267593,0.17396096,0.11725678,-0.06034016,0.19694805,0.08235470,0.19689674,0.21342592,0.76781648,0.64188786,0.77355242,0.74255785,1.40267593,1.53236676,1.49867138,0.17396096,0.22815067,0.11725678,0.52803017,1.26424601,0.26802700,0.29809506,0.25335268
663,0.11978314,0.01573451,0.39816395,0.40306789,0.40808075,-0.14085499,-0.47069218,-0.32131211,-1.21360640,-0.10946958,0.16935974,-0.01176066,0.29878749,0.08581679,0.24128592,0.76618150,1.39992968,0.18687450,0.11511305,-0.06499295,0.21076771,0.08156367,0.19584102,0.21214697,0.76618150,0.64082474,0.78600336,0.75608497,1.39992968,1.54439159,1.51218762,0.18687450,0.23701836,0.11511305,0.52861034,1.26371619,0.27901713,0.31528741,0.26811805
664,0.12172647,0.01380525,0.39515062,0.39974124,0.39358668,-0.15417913,-0.44853852,-0.32379419,-1.20210287,-0.11462227,0.18653893,-0.01564042,0.30734975,0.08212822,0.26140933,0.77382776,1.40499447,0.18090114,0.10967824,-0.06875732,0.21237074,0.08229224,0.19465268,0.21133310,0.77382776,0.63631419,0.77421224,0.75673043,1.40499447,1.54131358,1.52021034,0.18090114,0.23764121,0.10967824,0.51162560,1.25337932,0.28928442,0.32291229,0.28511808
665,0.13579482,0.01229835,0.39947993,0.40012973,0.39023173,-0.14419708,-0.44811493,-0.32392237,-1.21696268,-0.10958189,0.21013868,-0.01245801,0.31686131,0.08782239,0.27020175,0.79128510,1.44363892,0.16724680,0.11161195,-0.06661335,0.20017809,0.08213180,0.19355086,0.21025596,0.79128510,0.65928825,0.78232317,0.76317534,1.44363892,1.56578628,1.54429110,0.16724680,0.22908363,0.11161195,0.50856216,1.26714202,0.29736066,0.33104557,0.29518750
666,0.13630942,0.01354463,0.39404127,0.38509345,0.38658552,-0.15074100,-0.44880293,-0.31377735,-1.21921434,-0.12540811,0.22028221,-0.02919800,0.34693406,0.07212250,0.28210976,0.78836471,1.45245238,0.18319381,0.12164851,-0.06384796,0.19986982,0.08306426,0.19370590,0.21076444,0.78836471,0.66960192,0.80931873,0.77091218,1.45245238,1.59246810,1.55146909,0.18319381,0.23396241,0.12164851,0.50569381,1.26672990,0.31368021,0.36059566,0.30086350
667,0.13285420,0.01085359,0.39003773,0.38358302,0.39518854,-0.14323853,-0.46884606,-0.31296703,-1.24616707,-0.12522806,0.23741962,-0.02738058,0.34965161,0.07587658,0.28145846,0.79614431,1.49622525,0.17588315,0.12472574,-0.06532162,0.18608055,0.08402799,0.19302657,0.21052306,0.79614431,0.70679781,0.82986877,0.78664650,1.49622525,1.62178158,1.57748281,0.17588315,0.23306041,0.12472574,0.51853366,1.29252354,0.32864521,0.36362455,0.30238531
668,0.13283351,0.01261915,0.37421119,0.36785160,0.36190960,-0.13981894,-0.45769709,-0.30546268,-1.25749497,-0.11306375,0.26547638,-0.01582327,0.36989143,0.08352920,0.32329718,0.81742145,1.53566921,0.17075104,0.11005708,-0.06868477,0.16310828,0.08423400,0.19303926,0.21061701,0.81742145,0.72373819,0.84100476,0.81751191,1.53566921,1.65375066,1.62903719,0.17075104,0.22899091,0.11005708,0.51210279,1.30268650,0.34676127,0.38311172,0.34585781
669,0.13125685,0.01150143,0.37716503,0.36406206,0.35943794,-0.15500784,-0.45420481,-0.30482614,-1.25765580,-0.11422022,0.27126451,-0.01808512,0.37081062,0.07797156,0.32040906,0.81772886,1.54135973,0.16648117,0.10876172,-0.07641735,0.17550237,0.08348375,0.19303737,0.21031634,0.81772886,0.72680607,0.83973578,0.81321580,1.54135973,1.65425609,1.62483904,0.16648117,0.22234141,0.10876172,0.51092022,1.30259198,0.35136737,0.38431810,0.34221724
670,0.13103680,0.01142326,0.38815804,0.38091956,0.36917705,-0.15281338,-0.46428879,-0.29604953,-1.28357544,-0.11702239,0.25401855,-0.02259654,0.36000550,0.07359070,0.32346096,0.83216841,1.54860381,0.17154777,0.10343376,-0.07672854,0.18927807,0.08274722,0.19078619,0.20795786,0.83216841,0.71938523,0.83833609,0.82461761,1.54860381,1.66699818,1.65020117,0.17154777,0.22929473,0.10343376,0.52114983,1.32616035,0.34219295,0.37454475,0.34379855
671,0.12895284,0.01067178,0.38625697,0.36830160,0.36885672,-0.16811486,-0.44666762,-0.29411062,-1.25794630,-0.12788730,0.24440554,-0.02858531,0.36399069,0.06563543,0.30685156,0.82133891,1.51209372,0.18119411,0.11092575,-0.07838649,0.20090513,0.08158877,0.19230666,0.20889849,0.82133891,0.69248285,0.82598036,0.79379310,1.51209372,1.64433263,1.60690015,0.18119411,0.22924527,0.11092575,0.50623383,1.30002404,0.33327539,0.37699933,0.32412723
672,0.12789681,0.01084581,0.38948612,0.38080815,0.37564461,-0.17047835,-0.43911597,-0.29236650,-1.26244502,-0.13661084,0.24463948,-0.03322996,0.34976336,0.06357673,0.30155829,0.83272720,1.51576103,0.17363423,0.10855427,-0.07702302,0.22642800,0.08090325,0.19044092,0.20691322,0.83272720,0.68482427,0.80413584,0.78123546,1.51576103,1.63358783,1.60499982,0.17363423,0.23139110,0.10855427,0.49949747,1.30335230,0.33517810,0.36324268,0.31911886
673,0.12950645,0.01019909,0.39040229,0.37663231,0.37430620,-0.17349544,-0.44104799,-0.28964988,-1.26707126,-0.13358426,0.25691310,-0.02964290,0.36078423,0.06047924,0.30712422,0.83431268,1.53262618,0.17038134,0.10505241,-0.07943202,0.23550177,0.08154614,0.18881763,0.20567419,0.83431268,0.69969814,0.81664960,0.78644977,1.53262618,1.64899588,1.61334052,0.17038134,0.22060799,0.10505241,0.49647473,1.30638040,0.33925211,0.37314581,0.32426284
674,0.13571565,0.00924517,0.37103043,0.34405751,0.33293204,-0.17075942,-0.39637369,-0.27694846,-1.24548381,-0.12787214,0.29596944,-0.02765741,0.38151918,0.06013545,0.33478185,0.85592690,1.54940776,0.15897343,0.09980615,-0.08070115,0.24251472,0.08105791,0.18930019,0.20592462,0.85592690,0.69431793,0.79314034,0.76969338,1.54940776,1.64648468,1.61654975,0.15897343,0.21520742,0.09980615,0.45681749,1.28261960,0.36910314,0.39313688,0.34998337
675,0.14000296,0.00759640,0.34551351,0.31990627,0.28527749,-0.16603412,-0.36838114,-0.26789316,-1.24232849,-0.13982818,0.31162832,-0.03542532,0.39031561,0.05184885,0.34507584,0.87999828,1.55985346,0.15968408,0.09856868,-0.07981942,0.24606146,0.08135018,0.19047101,0.20711605,0.87999828,0.68112581,0.77241667,0.74926878,1.55985346,1.64979278,1.62020808,0.15968408,0.21827870,0.09856868,0.43080823,1.27792831,0.38528427,0.40136874,0.35785558
676,0.13671163,0.00810013,0.34127793,0.32315185,0.28401933,-0.17518002,-0.37281791,-0.27075928,-1.23264755,-0.14473401,0.29923348,-0.03879207,0.38220114,0.03707569,0.34569831,0.86535057,1.53755879,0.15996639,0.08421234,-0.07813060,0.25011215,0.08067105,0.19188753,0.20815534,0.86535057,0.67302558,0.77015156,0.75203363,1.53755879,1.63210660,1.60872483,0.15996639,0.20587037,0.08421234,0.44063193,1.26941808,0.37613007,0.39445890,0.35948301
677,0.13622199,0.00863117,0.33816530,0.31632279,0.28193255,-0.18141198,-0.36052509,-0.25917955,-1.23455814,-0.15802615,0.30102401,-0.04648079,0.39207714,0.03506868,0.35347854,0.87767264,1.53939086,0.16767354,0.09022300,-0.07510837,0.25941692,0.08079315,0.19311372,0.20933333,0.87767264,0.66227547,0.76740699,0.74896115,1.53939086,1.64116864,1.61575989,0.16767354,0.21769997,0.09022300,0.43265725,1.26897401,0.38295608,0.40502741,0.36655925
678,0.13962565,0.00656913,0.31945027,0.28230385,0.25391989,-0.17542617,-0.32398045,-0.24852806,-1.19061267,-0.16492180,0.32617256,-0.05874434,0.40932083,0.02099170,0.36082389,0.86977226,1.51959591,0.15765975,0.09332958,-0.07121205,0.26925392,0.08067070,0.19730013,0.21315512,0.86977226,0.65087894,0.74440019,0.71431125,1.51959591,1.61170722,1.57522227,0.15765975,0.20568344,0.09332958,0.39316791,1.22287240,0.40149008,0.42205732,0.37135743
679,0.14379976,0.00831723,0.30504385,0.26860372,0.23488889,-0.18071066,-0.29912123,-0.23822809,-1.17744806,-0.17250266,0.32473140,-0.06829051,0.40978787,0.01050729,0.36460973,0.88025654,1.50411032,0.15575410,0.09088383,-0.07349336,0.26696184,0.08022309,0.19985133,0.21535157,0.88025654,0.62459418,0.71945300,0.69226314,1.50411032,1.59680780,1.56242455,0.15575410,0.20191043,0.09088383,0.37472139,1.20789502,0.40283531,0.42424939,0.37549210
680,0.13955518,0.00932272,0.28493809,0.25389624,0.22178750,-0.18480089,-0.28298500,-0.22598088,-1.15545827,-0.17610468,0.34220634,-0.07369947,0.41428922,-0.00006070,0.36638283,0.87354148,1.49898291,0.14753742,0.08786631,-0.06537959,0.26655801,0.08013455,0.20246330,0.21774511,0.87354148,0.62576086,0.70803907,0.67706591,1.49898291,1.57761763,1.53899013,0.14753742,0.19339688,0.08786631,0.36420848,1.18372501,0.41715696,0.42888899,0.37602558
681,0.13508620,0.01133800,0.29420106,0.24818336,0.22055026,-0.20379779,-0.25868096,-0.22370736,-1.17402414,-0.18516561,0.33545396,-0.08199199,0.43321483,-0.00420180,0.38571964,0.91558081,1.51052498,0.16391699,0.09114650,-0.07321068,0.28692856,0.07868659,0.19896288,0.21395748,0.91558081,0.59544011,0.70410150,0.67628776,1.51052498,1.61398812,1.57565958,0.16391699,0.20510019,0.09114650,0.35602429,1.20209693,0.41918930,0.44967266,0.39556443
682,0.13782113,0.01138298,0.26863033,0.22905063,0.20456121,-0.20925591,-0.22315573,-0.21867689,-1.16152933,-0.18924396,0.35189929,-0.08356220,0.44216127,-0.01387619,0.38587708,0.93845671,1.51422404,0.16036367,0.08959792,-0.06886208,0.28161768,0.07808154,0.20026219,0.21494574,0.93845671,0.57624128,0.67885219,0.64162434,1.51422404,1.60988786,1.56148344,0.16036367,0.19652486,0.08959792,0.33417313,1.18866186,0.43249635,0.45804726,0.39507563
683,0.12999036,0.01318480,0.27846128,0.23042101,0.20856240,-0.21480505,-0.22095765,-0.21868986,-1.17784815,-0.20125556,0.33004125,-0.08873433,0.44376141,-0.01362000,0.39424865,0.95701079,1.50844911,0.18102306,0.09034304,-0.06707668,0.27650251,0.07730827,0.19950494,0.21395978,0.95701079,0.55162614,0.67941931,0.65108719,1.50844911,1.62750199,1.58639575,0.18102306,0.21902729,0.09034304,0.34425094,1.20598954,0.42473690,0.46165859,0.40312404
684,0.13463475,0.01445601,0.27211165,0.22887464,0.19704092,-0.21495631,-0.21715887,-0.21290834,-1.16660996,-0.19544474,0.34624180,-0.08906369,0.45634389,-0.01509039,0.41501035,0.94948764,1.51324968,0.17568645,0.08476460,-0.07226136,0.26541181,0.07701170,0.19985962,0.21418373,0.94948764,0.56416406,0.68817512,0.66632749,1.51324968,1.62864176,1.59500960,0.17568645,0.21225998,0.08476460,0.34228873,1.19485553,0.43487871,0.47358399,0.42447926
685,0.13446257,0.01643232,0.25570704,0.22474996,0.19229030,-0.20347561,-0.22632080,-0.20995872,-1.16776354,-0.17815745,0.36605790,-0.08282131,0.45858957,-0.01779947,0.41791443,0.94151445,1.53436978,0.16073537,0.07678512,-0.07202275,0.25538682,0.07711292,0.19910156,0.21351308,0.94151445,0.59314246,0.69940441,0.67496923,1.53436978,1.63259210,1.59873672,0.16073537,0.19305607,0.07678512,0.34454193,1.19616803,0.44423130,0.47411549,0.42656727
686,0.12578556,0.01636956,0.27899894,0.21591865,0.19797167,-0.22241279,-0.21479920,-0.21174089,-1.17901415,-0.20806710,0.30832976,-0.09083598,0.45312571,-0.01325092,0.40589149,0.96431371,1.48797906,0.20533014,0.09166302,-0.07072438,0.27639015,0.07357510,0.19920158,0.21235481,0.96431371,0.52446590,0.68272605,0.65811126,1.48797906,1.63717683,1.59824411,0.20533014,0.23916597,0.09166302,0.34340060,1.20610464,0.41496911,0.47234174,0.41497406
687,0.13191756,0.01403911,0.26572888,0.21138947,0.19336649,-0.22991889,-0.18413003,-0.22560764,-1.15308592,-0.21688622,0.32281052,-0.09397639,0.46677937,-0.02616031,0.43201179,0.96897468,1.47643186,0.20832467,0.07679703,-0.07562825,0.27085135,0.07243411,0.20186416,0.21446641,0.96897468,0.50828488,0.66701596,0.65190449,1.47643186,1.62591897,1.59863702,0.20832467,0.24001392,0.07679703,0.32922089,1.18359707,0.42921629,0.48545716,0.44109801
688,0.13568650,0.01460334,0.26411818,0.21627517,0.20471038,-0.24178950,-0.19137817,-0.23792176,-1.16946403,-0.24711691,0.28997188,-0.10802643,0.47121808,-0.03734676,0.43971508,0.97816760,1.46001819,0.24662918,0.07904161,-0.07668970,0.27026049,0.07116256,0.19865947,0.21102060,0.97816760,0.48220206,0.67905670,0.66829086,1.46001819,1.64665973,1.62309059,0.24662918,0.27983694,0.07904161,0.34906213,1.20300285,0.42650880,0.49344082,0.44898443
689,0.12152227,0.01703146,0.27440289,0.21496827,0.20629429,-0.27209812,-0.17675007,-0.23827860,-1.19152129,-0.30207443,0.12411214,-0.12592562,0.47427663,-0.04866995,0.43880905,1.01535105,1.31785273,0.40118350,0.08703599,-0.08139182,0.29856644,0.06856882,0.19414259,0.20589567,1.01535105,0.30452914,0.66904008,0.65835351,1.31785273,1.67014502,1.64249046,0.40118350,0.41724601,0.08703599,0.35817118,1.22384212,0.37684270,0.50131428,0.44939941
690,0.13267345,0.01351298,0.28245744,0.23553612,0.22361246,-0.27025360,-0.17414500,-0.24304732,-1.18644651,-0.24099521,0.27929302,-0.11424915,0.45304695,-0.04836460,0.41495487,1.01285524,1.46585910,0.23409982,0.07681781,-0.08191498,0.27574033,0.06831738,0.19533107,0.20693354,1.01285524,0.45438192,0.65301218,0.63800603,1.46585910,1.64620191,1.61539257,0.23409982,0.25709890,0.07681781,0.37008664,1.22210931,0.41152070,0.47580756,0.42525840
691,0.10839396,0.01296268,0.28622210,0.22940513,0.22325206,-0.30479364,-0.14280490,-0.23980383,-1.20215538,-0.29875694,0.20114284,-0.13464110,0.46715386,-0.05184543,0.42933304,1.06134215,1.40494748,0.32510110,0.09252266,-0.08264560,0.32979583,0.06807784,0.19337680,0.20501019,1.06134215,0.34565569,0.63568564,0.62971335,1.40494748,1.67353612,1.64385701,0.32510110,0.35252068,0.09252266,0.36896543,1.23509558,0.40485905,0.49546243,0.43959599
692,0.11553148,0.01265896,0.27697914,0.21833580,0.21570503,-0.31752397,-0.12625705,-0.24800833,-1.19273241,-0.30667408,0.22107747,-0.14423513,0.49491272,-0.06403369,0.44972261,1.06881270,1.41574727,0.32924608,0.09343594,-0.08356458,0.35794650,0.06846127,0.19397247,0.20569946,1.06881270,0.34902795,0.64692304,0.63287788,1.41574727,1.69127500,1.65363073,0.32924608,0.34802599,0.09343594,0.37475151,1.22640919,0.42153139,0.52561356,0.46244078
693,0.07834182,0.00889916,0.26507851,0.19975123,0.19374697,-0.36688285,-0.12509421,-0.25971281,-1.16355211,-0.33230460,0.12366972,-0.14964424,0.50626927,-0.06013056,0.46319799,1.04399774,1.28990677,0.43398669,0.10099793,-0.09675462,0.36367299,0.06697690,0.19687767,0.20795847,1.04399774,0.25565713,0.66920370,0.66646734,1.28990677,1.67425602,1.64045641,0.43398669,0.44907778,0.10099793,0.41472972,1.20216975,0.40477064,0.53778444,0.47462698
694,0.10710883,0.00962086,0.24854173,0.18772911,0.18375623,-0.31031949,-0.11134980,-0.25189981,-1.14761600,-0.30045492,0.18476238,-0.13043513,0.52261531,-0.04960562,0.48843677,1.03795388,1.33366365,0.38849218,0.08912980,-0.10090189,0.34657174,0.07092844,0.19726876,0.20963256,1.03795388,0.29924746,0.66064279,0.65695572,1.33366365,1.67557970,1.65006692,0.38849218,0.40746154,0.08912980,0.36005468,1.18499684,0.39911946,0.54749564,0.49782679
695,0.10689602,0.01214115,0.22624997,0.18409079,0.17148497,-0.32233453,-0.04277968,-0.27090207,-1.15335938,-0.30796899,0.14215170,-0.10251398,0.51401172,-0.05308269,0.50819384,1.11177021,1.29631471,0.43364213,0.05082678,-0.10551249,0.33851129,0.07074289,0.19780195,0.21007181,1.11177021,0.18748506,0.60157528,0.61721765,1.29631471,1.67693635,1.67725574,0.43364213,0.45651284,0.05082678,0.36264426,1.19566732,0.38773835,0.53376605,0.51893617
696,0.13810206,0.01038809,0.19561709,0.16867746,0.15157580,-0.27799376,-0.04664179,-0.26100086,-1.12844237,-0.23206614,0.25930597,-0.08272413,0.50937821,-0.03831688,0.53047888,1.08193541,1.38808910,0.30271616,0.04916689,-0.10497329,0.31630554,0.07353381,0.20327369,0.21616524,1.08193541,0.30961418,0.59349037,0.62889467,1.38808910,1.64906838,1.67536555,0.30271616,0.34341438,0.04916689,0.32531977,1.16980487,0.38931296,0.52420733,0.53971376
697,0.11535708,0.00714098,0.19629737,0.15190401,0.14289531,-0.29564621,-0.00555642,-0.26627562,-1.14076486,-0.26518458,0.15359019,-0.08808482,0.51043181,-0.02772331,0.52361807,1.13565602,1.29470496,0.40641474,0.06320966,-0.10987903,0.33623073,0.07510774,0.20393836,0.21732931,1.13565602,0.16751135,0.55746532,0.59535019,1.29470496,1.66154745,1.68259850,0.40641474,0.44956247,0.06320966,0.32597042,1.18094128,0.35523424,0.52739177,0.53133536
698,0.13345090,0.00934918,0.19796719,0.14972524,0.13490071,-0.27220622,-0.05417086,-0.25343350,-1.16926442,-0.26754795,0.15641644,-0.06646057,0.52278678,-0.02509802,0.52235754,1.11526178,1.32634124,0.42552146,0.04572391,-0.11731089,0.27718347,0.07543417,0.20315343,0.21670632,1.11526178,0.21521991,0.61359397,0.62969102,1.32634124,1.70283509,1.70802116,0.42552146,0.45010927,0.04572391,0.31182431,1.20540070,0.36160606,0.53760369,0.53011342
699,0.12016618,0.00947523,0.19361536,0.14426202,0.13306117,-0.26147271,-0.06650696,-0.24795793,-1.20368793,-0.27016831,0.09540270,-0.04969840,0.54924283,-0.00101762,0.51158824,1.13734209,1.30026333,0.51075655,0.06704637,-0.11296407,0.27315276,0.07828136,0.20370430,0.21822789,1.13734209,0.17435561,0.65132801,0.63543745,1.30026333,1.76434180,1.73384541,0.51075655,0.50682845,0.06704637,0.29834443,1.23701386,0.34459856,0.56276847,0.51868796
700,0.12614972,0.01212622,0.21027427,0.14808982,0.13028239,-0.23797067,-0.08990854,-0.26105391,-1.21092185,-0.23244511,0.12445438,-0.02518392,0.52289870,0.01433648,0.53038806,1.12128365,1.33662585,0.45705159,0.04830364,-0.11204916,0.23625678,0.07972117,0.20250594,0.21763300,1.12128365,0.22234159,0.64921912,0.67171859,1.33662585,1.75013174,1.76401685,0.45705159,0.48796769,0.04830364,0.29208617,1.24804380,0.33233166,0.53654171,0.53829725
701,0.14703648,0.01201762,0.25653475,0.16415500,0.14136258,-0.18170521,-0.13535596,-0.26601423,-1.24996904,-0.18113616,0.26652649,-0.02698328,0.54743356,0.01082596,0.47266385,1.11789749,1.51947559,0.33219547,0.08582682,-0.11549292,0.23721561,0.08179804,0.19901509,0.21516953,1.11789749,0.40603421,0.70073137,0.63960382,1.51947559,1.81377819,1.74588492,0.33219547,0.30105110,0.08582682,0.26849616,1.28781957,0.38031351,0.55989402,0.48237949
702,0.14967335,0.01418755,0.29421341,0.17673225,0.13915374,-0.14967546,-0.13182900,-0.25537504,-1.24037160,-0.16468780,0.12971447,-0.03567807,0.49617166,0.03624338,0.49532251,1.11357087,1.37371909,0.39847823,0.07450965,-0.10356333,0.24884127,0.08643956,0.20159589,0.21934608,1.11357087,0.26543989,0.63990804,0.65738011,1.37371909,1.75101207,1.76126934,0.39847823,0.43094999,0.07450965,0.25130037,1.27570088,0.28673730,0.50883551,0.50430891
703,0.14797553,0.01569627,0.30575378,0.20349399,0.17102405,-0.12266178,-0.16600393,-0.23321206,-1.23575890,-0.14336749,0.27047084,-0.04685833,0.51510788,0.04035054,0.48976180,1.07545207,1.50965430,0.27892946,0.09382820,-0.09853509,0.26642756,0.08709006,0.20411695,0.22191982,1.07545207,0.43950646,0.68684326,0.67927153,1.50965430,1.76134278,1.74843468,0.27892946,0.30890195,0.09382820,0.26097233,1.26763296,0.36947474,0.52963481,0.49965908
704,0.14562312,0.01880763,0.30826143,0.24435369,0.22084972,-0.09629272,-0.18634398,-0.22245129,-1.27219493,-0.13154945,0.29833742,-0.03135426,0.49215411,0.06777602,0.41850265,1.09318458,1.57385004,0.24440753,0.12667113,-0.09896549,0.25953771,0.08925416,0.20160781,0.22048132,1.09318458,0.48748906,0.68534754,0.63459570,1.57385004,1.77580592,1.71787906,0.24440753,0.27074637,0.12667113,0.28064770,1.30376603,0.39615840,0.50635402,0.43272770
705,0.14197614,0.01501167,0.29204459,0.24382104,0.24220784,-0.07372109,-0.20039228,-0.21588558,-1.25962424,-0.10900529,0.31860725,-0.01899380,0.47705437,0.07033121,0.41061003,1.06877090,1.58243602,0.21250557,0.11604429,-0.09789051,0.24785604,0.08796954,0.20560647,0.22363510,1.06877090,0.52129483,0.68383595,0.63702118,1.58243602,1.74905453,1.69746250,0.21250557,0.24659649,0.11604429,0.28169919,1.28982957,0.40090069,0.48954620,0.42337289
706,0.12996670,0.01483160,0.26802845,0.23529630,0.24701089,-0.06828744,-0.20102425,-0.19585133,-1.21672352,-0.07412626,0.34614599,-0.00269245,0.45622837,0.09320186,0.37387431,1.02394812,1.56793943,0.16937286,0.13111191,-0.09447611,0.20067738,0.08466845,0.21161900,0.22792838,1.02394812,0.54727534,0.66776060,0.61176029,1.56793943,1.68571687,1.62034648,0.16937286,0.22114090,0.13111191,0.29024112,1.24466503,0.41002377,0.46702843,0.39076025
707,0.13170416,0.01581680,0.26594406,0.24284507,0.27142298,-0.07128927,-0.21568566,-0.18776853,-1.21693198,-0.08217897,0.32982839,-0.00790557,0.43191658,0.09834330,0.34840748,1.00813838,1.55051321,0.16913984,0.13977884,-0.09700743,0.18404296,0.08459518,0.21362475,0.22976484,1.00813838,0.54564570,0.65952558,0.60621954,1.55051321,1.66111202,1.59629205,0.16913984,0.23434765,0.13977884,0.30319795,1.24501052,0.39736928,0.44194118,0.36656615
708,0.12601738,0.01479169,0.25771566,0.24421066,0.26956071,-0.06545204,-0.22398085,-0.18310380,-1.21777090,-0.06449996,0.34427718,0.00226535,0.42707050,0.10142932,0.35578960,1.00084603,1.56665332,0.15689182,0.12704279,-0.10065679,0.16782518,0.08470420,0.21379635,0.22996452,1.00084603,0.56826808,0.66409225,0.62098426,1.56665332,1.65808505,1.60450594,0.15689182,0.22420557,0.12704279,0.31163433,1.24623228,0.40829163,0.43739809,0.37471186
709,0.12786927,0.01502379,0.28114037,0.27947828,0.30524277,-0.04660820,-0.24736695,-0.17985590,-1.24366298,-0.05200409,0.32950303,0.01214430,0.40074640,0.10339766,0.34871174,1.00538913,1.57844210,0.14923120,0.11074012,-0.09752138,0.12303862,0.08455131,0.21177974,0.22803417,1.00538913,0.57691152,0.66150806,0.63360210,1.57844210,1.65845292,1.62279947,0.14923120,0.21643441,0.11074012,0.33443863,1.27227050,0.39733100,0.41357743,0.36973728
710,0.12478903,0.01433906,0.29243730,0.28191388,0.29347086,-0.04256859,-0.24635595,-0.18037402,-1.25346821,-0.04848852,0.31082584,0.01578893,0.39988048,0.10479754,0.36503006,1.01665551,1.56991364,0.16350263,0.10089611,-0.10777620,0.11351193,0.08793831,0.21235416,0.22984219,1.01665551,0.55722224,0.66066282,0.64809618,1.56991364,1.66833616,1.64926444,0.16350263,0.22354346,0.10089611,0.34067472,1.28424222,0.38866895,0.41428329,0.38707866
711,0.11998579,0.01673244,0.32385241,0.31780839,0.32647673,-0.04204664,-0.29019701,-0.19288109,-1.27033895,-0.05480043,0.26738544,0.01551352,0.36200820,0.10553859,0.33790848,0.99181756,1.54391993,0.17687197,0.09821849,-0.09945994,0.09428207,0.09133360,0.21380258,0.23249381,0.99181756,0.55784477,0.67022915,0.66833094,1.54391993,1.65046907,1.64328888,0.17687197,0.23918055,0.09821849,0.38077020,1.30469008,0.35790184,0.37579366,0.36059980
712,0.11552086,0.01595333,0.33483265,0.32847838,0.35325880,-0.04138643,-0.30506560,-0.20485558,-1.27200651,-0.03864492,0.27332432,0.02802104,0.36445432,0.11148773,0.33411946,0.98097848,1.55437697,0.17209238,0.09613303,-0.09764036,0.10454549,0.09342604,0.21624198,0.23556107,0.98097848,0.57841457,0.68640514,0.67915958,1.55437697,1.65657150,1.64350953,0.17209238,0.23241641,0.09613303,0.39326058,1.30700414,0.36586148,0.38179252,0.35980310
713,0.11141989,0.01651181,0.34427051,0.34574405,0.37954592,-0.02929799,-0.30671582,-0.21052266,-1.27936294,-0.01866076,0.27744192,0.04230289,0.34707290,0.12358054,0.31697698,0.98999959,1.56867430,0.15796098,0.09439060,-0.08951613,0.07841777,0.09483609,0.21770329,0.23746286,0.98999959,0.58452922,0.67369194,0.66780848,1.56867430,1.64971289,1.63767147,0.15796098,0.22170197,0.09439060,0.39536721,1.31393242,0.36076029,0.36416771,0.34626474
714,0.12204022,0.01788613,0.32061904,0.30942709,0.33783854,-0.00945021,-0.26372375,-0.20085812,-1.23650123,-0.00218520,0.30416987,0.05272773,0.36771986,0.13230403,0.33969990,0.99226070,1.55351281,0.14900509,0.09565308,-0.08963750,0.04180210,0.09501644,0.22498765,0.24422851,0.99226070,0.56846230,0.65140283,0.64905887,1.55351281,1.62765047,1.61817374,0.14900509,0.21823496,0.09565308,0.36527952,1.27051535,0.38026538,0.38606944,0.36946744
715,0.11955112,0.01742307,0.32373273,0.30716541,0.32390187,-0.00372501,-0.25862928,-0.19389584,-1.23677537,-0.01333354,0.27126091,0.05119702,0.35715666,0.13328276,0.34682999,0.99763809,1.51888187,0.16433541,0.09381755,-0.09418775,0.04374669,0.09863387,0.22774818,0.24818919,0.99763809,0.53102955,0.63804326,0.65280794,1.51888187,1.61636655,1.62432512,0.16433541,0.23586073,0.09381755,0.37471878,1.27153318,0.36092828,0.37819711,0.37793318
716,0.12346415,0.01867766,0.32765923,0.31463975,0.34047206,0.01351003,-0.26157089,-0.18623505,-1.25645716,-0.00993801,0.25827236,0.05525453,0.34305996,0.13555890,0.33538948,1.01659541,1.52498496,0.16220936,0.09321559,-0.09171723,0.02128487,0.10150771,0.22839510,0.24993627,1.01659541,0.52293912,0.63047266,0.64795106,1.52498496,1.62153830,1.63181322,0.16220936,0.23571799,0.09321559,0.38735534,1.28978197,0.34840320,0.36498479,0.36753618
717,0.11948993,0.01846120,0.32591708,0.32101369,0.34873408,0.00575092,-0.25529188,-0.17995310,-1.25696079,-0.00014229,0.26155187,0.05807473,0.32860416,0.13857483,0.31960313,1.02035714,1.52914614,0.15297047,0.09114648,-0.09654530,0.03227495,0.10315411,0.23014694,0.25220703,1.02035714,0.51917459,0.61132687,0.62803592,1.52914614,1.60751411,1.61612921,0.15297047,0.22424109,0.09114648,0.38018840,1.28941862,0.35020409,0.35083783,0.35464879
718,0.12032814,0.01828738,0.31962694,0.31368514,0.34033704,0.02377681,-0.24174283,-0.17010176,-1.24822475,-0.00409957,0.25398402,0.05600336,0.33047449,0.13643978,0.32622859,1.02661595,1.51138024,0.15646094,0.09254811,-0.09636482,0.03800396,0.10499230,0.23209275,0.25473600,1.02661595,0.49889923,0.59817935,0.61832351,1.51138024,1.59884028,1.61188287,0.15646094,0.23072594,0.09254811,0.37339118,1.27982678,0.34591965,0.35348771,0.35984530
719,0.11790525,0.01804388,0.31932200,0.31315251,0.33517474,0.03936918,-0.22060689,-0.15727020,-1.23246679,-0.00467706,0.23174730,0.06126355,0.32192133,0.14168067,0.33190679,1.03276963,1.47214628,0.16752491,0.09358025,-0.09688572,0.01727356,0.10592007,0.23262950,0.25560818,1.03276963,0.45860231,0.57397404,0.60825928,1.47214628,1.57442227,1.60162087,0.16752491,0.24680830,0.09358025,0.37426260,1.26464564,0.33258754,0.34685270,0.36702340
720,0.11530957,0.01708789,0.32703637,0.33095187,0.35249030,0.06383764,-0.25659037,-0.15231058,-1.25093730,0.00242121,0.21193720,0.06801110,0.30670017,0.14932892,0.32707469,1.01951686,1.47103498,0.17179228,0.09483675,-0.09295501,0.00645266,0.10788418,0.23016572,0.25419531,1.01951686,0.47677176,0.59474619,0.63503679,1.47103498,1.57832591,1.61578043,0.17179228,0.25364121,0.09483675,0.40018296,1.28234017,0.31793069,0.33271184,0.36542055
721,0.11378967,0.01583517,0.33818047,0.34588534,0.37333428,0.06350061,-0.26085433,-0.14521038,-1.25738273,0.00730059,0.21161075,0.06952514,0.30777077,0.15478214,0.31848394,1.02060659,1.47688949,0.17082305,0.09534650,-0.08222550,-0.00556572,0.10973408,0.22982992,0.25468286,1.02060659,0.48087541,0.60163242,0.63284911,1.47688949,1.58480617,1.61283551,0.17082305,0.24782183,0.09534650,0.40486941,1.28687701,0.31509051,0.33304965,0.36007229
722,0.10960668,0.01353577,0.32893820,0.33410138,0.35596465,0.08377063,-0.27120995,-0.13912086,-1.23314153,0.00669179,0.21570210,0.06736158,0.31330616,0.14410090,0.33704606,0.99010632,1.45616311,0.16715987,0.08826687,-0.07574556,-0.00740403,0.11019188,0.23121121,0.25612668,0.99010632,0.49853909,0.61661353,0.65387658,1.45616311,1.56499229,1.60346150,0.16715987,0.24199462,0.08826687,0.41505290,1.26207899,0.31432872,0.33790503,0.37328894
723,0.10897239,0.01396901,0.32005978,0.32667892,0.35398326,0.08088736,-0.26832107,-0.13632989,-1.21911659,0.01085378,0.23733642,0.07005379,0.32082661,0.14627995,0.33908118,0.97732390,1.46387122,0.15817056,0.08788669,-0.07548116,-0.01377357,0.10930802,0.23237050,0.25679621,0.97732390,0.51426701,0.61696654,0.65020605,1.46387122,1.55832884,1.59164364,0.15817056,0.23324565,0.08788669,0.39932444,1.24655005,0.32530269,0.34374761,0.37443336
724,0.10836444,0.01337233,0.33200907,0.33242746,0.36108211,0.07886300,-0.28465777,-0.13538426,-1.25417168,0.01590806,0.21372617,0.07181418,0.32567405,0.14071131,0.35338751,0.99474900,1.47567872,0.17389776,0.08500757,-0.07957446,0.00969912,0.10946497,0.22675538,0.25179472,0.99474900,0.50554310,0.63566851,0.67738291,1.47567872,1.59766381,1.63876541,0.17389776,0.24772288,0.08500757,0.40934733,1.28099071,0.31191165,0.34989666,0.38580010
725,0.11330135,0.01334252,0.32920878,0.32878663,0.35303876,0.07481919,-0.26852572,-0.13747206,-1.25937247,0.01698353,0.21218417,0.07162142,0.32636387,0.13702656,0.35910582,1.01490371,1.47964121,0.17426663,0.08504834,-0.08566460,0.00284198,0.10815555,0.22477296,0.24944038,1.01490371,0.48764445,0.62090852,0.66838073,1.47964121,1.60406268,1.64984205,0.17426663,0.25024446,0.08504834,0.40147281,1.28800977,0.31402467,0.35211450,0.39027671
726,0.11563972,0.01423662,0.31406233,0.31528873,0.33621978,0.07310114,-0.26027156,-0.13705969,-1.26223553,0.01605243,0.23631127,0.07210482,0.33625892,0.13573105,0.36885032,1.02509822,1.50635173,0.16677963,0.08228508,-0.08361958,0.00160221,0.10662678,0.22416346,0.24823079,1.02509822,0.50225508,0.62035887,0.66652055,1.50635173,1.61643820,1.66134752,0.16677963,0.24105864,0.08228508,0.39325400,1.29092477,0.33470653,0.36272056,0.40004187
727,0.11607727,0.01437593,0.29662805,0.29873933,0.31781170,0.06327321,-0.22306318,-0.13571650,-1.24414560,0.02687021,0.26618307,0.07621385,0.34298295,0.14801748,0.36543738,1.04092771,1.51905544,0.15158711,0.08890855,-0.09285726,0.02177458,0.10197498,0.22536723,0.24736468,1.04092771,0.49206090,0.58807557,0.62934561,1.51905544,1.60589732,1.64320812,0.15158711,0.22996959,0.08890855,0.35527862,1.27299328,0.35364790,0.36824416,0.39925937
728,0.12101155,0.01487056,0.30168240,0.30718743,0.32222879,0.06072385,-0.21173766,-0.13499818,-1.25622247,0.01115139,0.25428111,0.07244002,0.33183332,0.14583905,0.36245765,1.06301309,1.51756550,0.15893501,0.09217493,-0.10427529,0.04050102,0.10214018,0.22362596,0.24584789,1.06301309,0.46974951,0.56580285,0.61500882,1.51756550,1.60676442,1.65225990,0.15893501,0.24310779,0.09217493,0.34697107,1.28620848,0.34705537,0.35747389,0.39604821
729,0.12116681,0.01648696,0.29464706,0.29357163,0.30805537,0.05773500,-0.20711922,-0.12701579,-1.25057948,0.01074887,0.26180047,0.06870702,0.34959914,0.13996378,0.37380934,1.06022080,1.51864983,0.15877657,0.08728095,-0.10277599,0.04225930,0.09989463,0.22490777,0.24609438,1.06022080,0.47284298,0.57866828,0.62041849,1.51864983,1.61686031,1.65474675,0.15877657,0.23633335,0.08728095,0.34555513,1.27915215,0.34993612,0.37378531,0.40504258
730,0.12396428,0.01645163,0.28287982,0.28590965,0.30798971,0.04817302,-0.21682446,-0.12320144,-1.24101802,0.00368637,0.28936289,0.05962527,0.36756220,0.13377678,0.38207666,1.03922161,1.53564041,0.15273783,0.08803844,-0.10129426,0.00499802,0.10052508,0.22672374,0.24800997,1.03922161,0.51017286,0.60712315,0.64019519,1.53564041,1.62365550,1.65196718,0.15273783,0.22884588,0.08803844,0.35433902,1.26917551,0.37000889,0.38881445,0.41027857
731,0.12051729,0.01560553,0.28832151,0.27519090,0.29826185,0.01771157,-0.19892882,-0.12475221,-1.24579262,-0.01441011,0.28768693,0.04888894,0.37615190,0.12399955,0.38352560,1.05701918,1.53744571,0.16229846,0.08646399,-0.10865424,0.03847388,0.09990855,0.22647280,0.24753111,1.05701918,0.48891550,0.59648550,0.62412842,1.53744571,1.63580983,1.65641022,0.16229846,0.23408104,0.08646399,0.33231131,1.27349990,0.36910269,0.39503943,0.40879414
732,0.12292140,0.01566653,0.30190072,0.28364977,0.29524758,0.00511930,-0.20010346,-0.13393843,-1.26785586,-0.03082191,0.26174507,0.03729307,0.36260920,0.11905168,0.36764226,1.07736601,1.53308162,0.17782592,0.09067136,-0.11672121,0.06498830,0.10014554,0.22530589,0.24656008,1.07736601,0.46506185,0.58891883,0.61582978,1.53308162,1.64496983,1.66404493,0.17782592,0.24915376,0.09067136,0.34430028,1.29810334,0.35582640,0.38058907,0.39282278
733,0.13221957,0.01718280,0.28389060,0.27312626,0.27981962,0.00396569,-0.18608268,-0.13289919,-1.24945531,-0.03479719,0.29716102,0.03409260,0.38623588,0.11574968,0.38221629,1.07224564,1.54972454,0.17331673,0.08915434,-0.12110224,0.09879893,0.09615105,0.22781088,0.24727074,1.07224564,0.48501082,0.59146231,0.60703554,1.54972454,1.64943937,1.65893627,0.17331673,0.24060708,0.08915434,0.31223274,1.27846509,0.38122398,0.40157349,0.40526594
734,0.13015446,0.01755774,0.26123012,0.25117806,0.26587986,-0.01270716,-0.17193058,-0.13032018,-1.20931089,-0.03473478,0.33038003,0.03216764,0.40019135,0.11132746,0.37371037,1.04407005,1.54267228,0.15760711,0.09138117,-0.11548822,0.11098513,0.09335184,0.23178775,0.24988023,1.04407005,0.50279856,0.58770887,0.58308070,1.54267228,1.62192184,1.60878184,0.15760711,0.22213103,0.09138117,0.28165092,1.23484878,0.39868594,0.41279484,0.39434678
735,0.14767221,0.01985587,0.27704011,0.26351121,0.27281977,-0.00738881,-0.16556973,-0.13665260,-1.23730258,-0.04827347,0.31830711,0.01795609,0.40591357,0.10011264,0.37735483,1.07951491,1.55825550,0.16271549,0.09205997,-0.11285262,0.17085385,0.09457070,0.22841522,0.24721879,1.07951491,0.48583346,0.58160825,0.56973869,1.55825550,1.65346283,1.63705746,0.16271549,0.21925447,0.09205997,0.26340435,1.26064310,0.38979764,0.41836213,0.39655232
736,0.14464541,0.01889634,0.23685241,0.22623346,0.23430996,-0.02141408,-0.14510522,-0.13055524,-1.21247773,-0.05515333,0.35080865,0.00650236,0.43325203,0.08952022,0.38694894,1.07293796,1.56514878,0.15715873,0.09910371,-0.11557279,0.15612011,0.09155637,0.23012422,0.24766858,1.07293796,0.49719993,0.58882701,0.56000933,1.56514878,1.65488157,1.62012261,0.15715873,0.20923492,0.09910371,0.25043695,1.23625054,0.41501332,0.44381399,0.40294811
737,0.13559261,0.01819995,0.22980419,0.21216226,0.21973116,-0.03367301,-0.13376211,-0.13367564,-1.20865658,-0.05904325,0.35896919,0.00148726,0.44660875,0.08946723,0.39195986,1.07954427,1.56943603,0.16304716,0.10803013,-0.12152461,0.16471535,0.09150670,0.22884722,0.24646404,1.07954427,0.49359930,0.59154017,0.55770269,1.56943603,1.66461547,1.62247481,0.16304716,0.21658948,0.10803013,0.24694817,1.23385221,0.42483694,0.45680448,0.40730070
738,0.13809512,0.01732583,0.23673394,0.21214400,0.20796446,-0.03253442,-0.14796211,-0.13002221,-1.20454140,-0.06098417,0.36056306,-0.00158374,0.45369776,0.08726044,0.39939072,1.06108097,1.56668775,0.16511191,0.10803567,-0.11480349,0.16331090,0.09085478,0.22858217,0.24597642,1.06108097,0.50968462,0.61127296,0.57570388,1.56668775,1.66676389,1.62442487,0.16511191,0.21549941,0.10803567,0.25128840,1.22890778,0.42663298,0.46396114,0.41446832
739,0.13621953,0.01739769,0.22862751,0.20093952,0.20054463,-0.03689682,-0.14547547,-0.13750962,-1.19843283,-0.06871248,0.35685699,-0.00454997,0.45389494,0.08883655,0.38481852,1.05776726,1.55688488,0.16816257,0.11973994,-0.11323157,0.17829514,0.09154658,0.22879170,0.24642731,1.05776726,0.50376135,0.60864863,0.56025750,1.55688488,1.66106903,1.60506190,0.16816257,0.21966800,0.11973994,0.24755977,1.22314218,0.42352811,0.46397334,0.40058280
740,0.13884423,0.01800300,0.23277285,0.20518807,0.21514915,-0.04146255,-0.13341261,-0.14201597,-1.20297776,-0.06763083,0.35591295,-0.00344491,0.44794036,0.09306590,0.36276339,1.07430884,1.56069509,0.16764965,0.13251810,-0.11365055,0.17649363,0.09059347,0.22730974,0.24469756,1.07430884,0.49033572,0.59235893,0.53244557,1.56069509,1.66069499,1.59003291,0.16764965,0.22410883,0.13251810,0.24198617,1.22859863,0.42129743,0.45699885,0.37912752
741,0.13786964,0.01571071,0.20418163,0.18375030,0.18338321,-0.04087052,-0.11585607,-0.14364437,-1.15912079,-0.07112589,0.37325637,-0.00452507,0.46979188,0.08985330,0.40070400,1.04841923,1.53412981,0.16656073,0.12074592,-0.11102900,0.18140284,0.09094837,0.23196572,0.24915799,1.04841923,0.49071318,0.59405434,0.54678931,1.53412981,1.63837449,1.58318733,0.16656073,0.22056161,0.12074592,0.22254008,1.18504804,0.43468035,0.47889914,0.41543722
742,0.14391270,0.01695166,0.19543268,0.16799548,0.16562101,-0.04153899,-0.08296938,-0.15288234,-1.17077436,-0.07767276,0.38055070,-0.00570893,0.49601474,0.08945664,0.42553512,1.09356906,1.55320677,0.17903643,0.12271615,-0.12274061,0.19603949,0.09010034,0.22589503,0.24320082,1.09356906,0.46570334,0.58695319,0.53901628,1.55320677,1.67642653,1.62022860,0.17903643,0.22808747,0.12271615,0.20434522,1.19676385,0.44103750,0.50461286,0.43901139
743,0.16447828,0.01141359,0.20364589,0.17101408,0.16177363,-0.04280260,-0.04284218,-0.17778199,-1.17846355,-0.09036517,0.38621172,-0.00790729,0.48919387,0.08947255,0.42873793,1.14378992,1.56727617,0.17390830,0.11744143,-0.12457904,0.20940519,0.09254325,0.22169073,0.24023120,1.14378992,0.43376482,0.53786671,0.49918523,1.56727617,1.67874766,1.63342615,0.17390830,0.23117757,0.11744143,0.17451414,1.20586802,0.44700429,0.49798345,0.44310365
744,0.16496784,0.01127613,0.20029401,0.15670739,0.14379712,-0.06032658,-0.04129998,-0.18190555,-1.17302167,-0.09475884,0.36454043,-0.00796378,0.49379741,0.08659306,0.42648054,1.13838108,1.54008272,0.19223012,0.11740874,-0.12017384,0.20256997,0.09333870,0.22272118,0.24148879,1.13838108,0.40848398,0.54381735,0.50026793,1.54008272,1.67884999,1.62614272,0.19223012,0.23180513,0.11740874,0.17925070,1.20091286,0.42403009,0.50062567,0.43991411
745,0.16228040,0.01040611,0.16393829,0.13860999,0.12761921,-0.07641239,-0.01712447,-0.18796054,-1.13662491,-0.09520260,0.39958473,-0.01335778,0.51634308,0.07598630,0.45153691,1.12524445,1.53900902,0.18020716,0.11101734,-0.11701903,0.18366880,0.09234857,0.22765611,0.24567369,1.12524445,0.41778781,0.54415009,0.50261407,1.53900902,1.66567173,1.61441083,0.18020716,0.21661744,0.11101734,0.18010999,1.16657249,0.45074727,0.52198829,0.46226028
746,0.15624579,0.01203376,0.15205125,0.13207482,0.13432709,-0.07193539,-0.02890367,-0.18634237,-1.14971856,-0.09319588,0.41796910,-0.01719791,0.52370657,0.08877110,0.43291307,1.12729319,1.57046769,0.17449342,0.14027060,-0.12515287,0.19553487,0.09513519,0.22808482,0.24713031,1.12729319,0.44966855,0.55981320,0.49632530,1.57046769,1.68549498,1.61110438,0.17449342,0.22436488,0.14027060,0.16672722,1.17948158,0.46968833,0.52958420,0.44632326
747,0.15104529,0.00969955,0.14234783,0.12915269,0.12606809,-0.07389048,-0.03525015,-0.18225817,-1.12512806,-0.08685937,0.42456179,-0.01980346,0.52494270,0.07214388,0.45470163,1.09597561,1.55265405,0.16493504,0.11672427,-0.12187046,0.21157945,0.09178438,0.23052918,0.24812915,1.09597561,0.46265718,0.56629344,0.51719829,1.55265405,1.66122228,1.60452781,0.16493504,0.20618885,0.11672427,0.16804975,1.15496348,0.47575168,0.53197951,0.46546607
748,0.15899653,0.01131847,0.17329230,0.15140900,0.14409177,-0.04232708,-0.05431591,-0.19008711,-1.15398760,-0.09096389,0.37554079,-0.00348603,0.50868738,0.09384988,0.43970776,1.10972629,1.53283567,0.19286174,0.12126923,-0.11569451,0.20908734,0.09103182,0.22483725,0.24256665,1.10972629,0.43417322,0.56888621,0.52091415,1.53283567,1.67560248,1.62273502,0.19286174,0.23514757,0.12126923,0.17561020,1.18347404,0.43439539,0.51656140,0.45472717
749,0.15987230,0.01206796,0.19361029,0.17995958,0.17771526,-0.04101074,-0.07604829,-0.19656545,-1.19400191,-0.06144315,0.40960414,0.00700432,0.48614540,0.09775115,0.40851035,1.12872869,1.60953716,0.15432571,0.12358537,-0.11540045,0.19879957,0.08705040,0.21862958,0.23532247,1.12872869,0.48672324,0.57140979,0.51859774,1.60953716,1.69466602,1.63363551,0.15432571,0.21669076,0.12358537,0.20386342,1.22358727,0.46421200,0.49527845,0.42468446
750,0.15991960,0.01360287,0.22974935,0.20550070,0.20193567,-0.02826227,-0.10125488,-0.18097124,-1.21383770,-0.03839138,0.38763444,0.02679324,0.46661264,0.11467211,0.40178033,1.12301474,1.60831878,0.15809237,0.11447981,-0.11467497,0.21544224,0.08581295,0.21722607,0.23356161,1.12301474,0.49077939,0.57592186,0.53501079,1.60831878,1.69512730,1.64641099,0.15809237,0.21814799,0.11447981,0.21036580,1.24088949,0.44936287,0.47872424,0.42352363
751,0.15142740,0.01422454,0.22525096,0.20332616,0.19906757,-0.01815682,-0.08642225,-0.18163411,-1.22069112,-0.03887793,0.36639717,0.02838020,0.44862997,0.11229559,0.39582004,1.14600216,1.59385390,0.16514679,0.10566088,-0.12433051,0.21510135,0.08848652,0.21669098,0.23406163,1.14600216,0.45417512,0.54596759,0.51740862,1.59385390,1.68502924,1.64808619,0.16514679,0.22422083,0.10566088,0.22041276,1.24966791,0.43447407,0.46135432,0.41690541
752,0.14585509,0.01807527,0.23741121,0.21570713,0.19917556,0.00699183,-0.10569040,-0.17192335,-1.22943566,-0.01697910,0.35858636,0.04241539,0.44977155,0.11817842,0.42497459,1.13789904,1.59574069,0.16316886,0.08988010,-0.12538603,0.16000985,0.08749843,0.21741058,0.23435728,1.13789904,0.46548253,0.56518725,0.55990083,1.59574069,1.69565262,1.68541803,0.16316886,0.22197949,0.08988010,0.23795089,1.25947949,0.42986309,0.46614297,0.44715868
753,0.13948143,0.01638079,0.24154399,0.23653097,0.24009103,0.02380574,-0.12326764,-0.16430502,-1.24745008,-0.00391885,0.38980713,0.04694245,0.45771268,0.11779696,0.44585419,1.13982025,1.64527135,0.15315309,0.08491808,-0.12958857,0.14545220,0.09210382,0.21693614,0.23567860,1.13982025,0.51460944,0.58982091,0.59461829,1.64527135,1.72130454,1.72306552,0.15315309,0.21865586,0.08491808,0.25810003,1.27903686,0.46524377,0.47716940,0.46824007
754,0.14733618,0.01853304,0.24826986,0.25021572,0.24572680,0.03965306,-0.12062402,-0.16393571,-1.26454653,-0.00239654,0.36405677,0.04388456,0.44483644,0.11306389,0.45691186,1.16189808,1.63668922,0.15871973,0.08366695,-0.13220279,0.13265672,0.09499551,0.21855763,0.23830985,1.16189808,0.48680852,0.57631774,0.60291342,1.63668922,1.72554339,1.75060949,0.15871973,0.22855967,0.08366695,0.26826352,1.29679301,0.44368432,0.46415851,0.47737118
755,0.14555104,0.01719679,0.24031589,0.24348030,0.24740584,0.04042734,-0.09292101,-0.16913875,-1.25459287,-0.00068608,0.37644105,0.04783645,0.45305209,0.12513254,0.45044673,1.18044111,1.63980544,0.15890843,0.08756879,-0.14335308,0.16853051,0.09842565,0.22056377,0.24152844,1.18044111,0.47177940,0.55627647,0.56933720,1.63980544,1.72506449,1.73707336,0.15890843,0.22525774,0.08756879,0.25133784,1.28783852,0.45422321,0.47206421,0.47474931
756,0.13855701,0.01723068,0.28642927,0.25552945,0.25978785,0.04153926,-0.11642855,-0.17867482,-1.30693926,-0.02925217,0.29512888,0.04154875,0.46196970,0.12604510,0.45705480,1.21070839,1.60919235,0.22598524,0.09390309,-0.14856915,0.21792545,0.10319690,0.21358643,0.23721038,1.21070839,0.41814286,0.58947007,0.59988166,1.60919235,1.78604989,1.79657761,0.22598524,0.28494103,0.09390309,0.27154812,1.34067794,0.39642503,0.48118973,0.48210461
757,0.14064124,0.01680553,0.29377961,0.26449187,0.27316014,0.04070215,-0.12179245,-0.18084943,-1.31188157,-0.02516161,0.29784211,0.04178882,0.46138805,0.12856552,0.45653683,1.21054502,1.61741009,0.22250112,0.09697826,-0.15048616,0.20346406,0.10230129,0.21358892,0.23682436,1.21054502,0.42520138,0.59462340,0.60621874,1.61741009,1.79065955,1.80191181,0.22250112,0.28386132,0.09697826,0.27696168,1.34598517,0.39912703,0.48098351,0.48207829
758,0.14231523,0.01747313,0.28994765,0.25232327,0.25504864,0.03457500,-0.10608335,-0.18367881,-1.30257998,-0.03483606,0.28806736,0.03655425,0.47131275,0.12649015,0.46212413,1.21624358,1.59783876,0.23923642,0.10045400,-0.14994124,0.21138630,0.10187227,0.21420675,0.23719715,1.21624358,0.40098098,0.58806096,0.59616749,1.59783876,1.79079435,1.79820555,0.23923642,0.29787808,0.10045400,0.26429482,1.33655695,0.39252592,0.48978192,0.48648613
759,0.14159254,0.01636890,0.28143127,0.24727708,0.25149039,0.03593580,-0.10001777,-0.18299817,-1.29730497,-0.03180896,0.29611232,0.03979163,0.47230224,0.12905776,0.46611690,1.21714024,1.60080754,0.23174462,0.09962036,-0.15165857,0.20571288,0.10025155,0.21372668,0.23607089,1.21714024,0.40272545,0.58213163,0.59306377,1.60080754,1.78666893,1.79699650,0.23174462,0.29296884,0.09962036,0.25793648,1.33083559,0.39605784,0.49112885,0.49104459
760,0.14271882,0.01663909,0.26613402,0.24127096,0.24415060,0.03961668,-0.08487341,-0.18268364,-1.28337910,-0.02213347,0.32219651,0.04375440,0.48324874,0.13261755,0.47764946,1.21894787,1.61377368,0.21772504,0.09920189,-0.15496080,0.20501869,0.10038805,0.21381654,0.23621023,1.21894787,0.41252024,0.57781139,0.58931369,1.61377368,1.78423459,1.79529121,0.21772504,0.28035516,0.09920189,0.25298453,1.31758008,0.41497238,0.50226495,0.50311896
761,0.14257679,0.01633211,0.25557227,0.23705816,0.23384387,0.03308979,-0.07932943,-0.18036512,-1.27396255,-0.02417102,0.33483642,0.04129550,0.48029618,0.12824067,0.48275723,1.21363408,1.61647831,0.20883767,0.09500197,-0.15867003,0.20222073,0.10020804,0.21521181,0.23739792,1.21363408,0.41942829,0.56881597,0.58695408,1.61647831,1.77197688,1.79023303,0.20883767,0.27393202,0.09500197,0.24334829,1.30916765,0.42519843,0.49830239,0.50718359
762,0.14321462,0.01653466,0.25175833,0.23051846,0.22541140,0.03503459,-0.07445218,-0.18310954,-1.28603509,-0.03038230,0.33406528,0.03880342,0.47897930,0.12656950,0.48117536,1.23119321,1.62735743,0.21347725,0.09492662,-0.16272115,0.20135702,0.10013448,0.21306167,0.23541917,1.23119321,0.41506272,0.56375512,0.58109610,1.62735743,1.78330516,1.80136833,0.21347725,0.27842551,0.09492662,0.24567669,1.32270861,0.42737962,0.49632908,0.50527592
763,0.14484549,0.01674259,0.24637179,0.23125326,0.22818053,0.03620878,-0.07420902,-0.18228283,-1.29509361,-0.02696558,0.34448542,0.03628959,0.48404474,0.12417864,0.48946963,1.24048175,1.64699216,0.20638661,0.09477911,-0.16410358,0.20211048,0.10030614,0.21316367,0.23558454,1.24048175,0.42511743,0.56722197,0.58637835,1.64699216,1.79671319,1.81755138,0.20638661,0.27185772,0.09477911,0.24090050,1.33127727,0.43491342,0.50145008,0.51307127
764,0.14185946,0.01676907,0.25204599,0.22727310,0.22618547,0.03389506,-0.07603630,-0.18007758,-1.28570766,-0.02280324,0.34167178,0.03756018,0.48535930,0.12243513,0.48545084,1.22859208,1.63505799,0.20493339,0.09090499,-0.15931918,0.20524561,0.10032547,0.21422782,0.23655604,1.22859208,0.42311216,0.56966003,0.58291684,1.63505799,1.78811068,1.80288096,0.20493339,0.26305731,0.09090499,0.23713621,1.32038856,0.42904816,0.50270978,0.50919378
765,0.14086829,0.01644423,0.25204621,0.23471934,0.23488646,0.03295013,-0.07783808,-0.17985017,-1.29422147,-0.01786632,0.35336159,0.04112654,0.47611190,0.12453140,0.47654230,1.23501610,1.65560345,0.19333655,0.08895196,-0.16203359,0.20302905,0.09916501,0.21299416,0.23494725,1.23501610,0.43565261,0.56322812,0.57728176,1.65560345,1.78818943,1.80316905,0.19333655,0.25243447,0.08895196,0.24216015,1.32974938,0.44066067,0.49407610,0.50153432
766,0.14223876,0.01666554,0.25283814,0.22952964,0.22942304,0.03786955,-0.07571128,-0.18067921,-1.29360493,-0.02029856,0.34119223,0.04018748,0.47578258,0.12283735,0.47510117,1.23746784,1.64272804,0.19916468,0.08899914,-0.15926900,0.19781861,0.09792712,0.21299338,0.23442675,1.23746784,0.42229271,0.56049452,0.57298233,1.64272804,1.78697217,1.80084154,0.19916468,0.25735667,0.08899914,0.24038338,1.32843672,0.42868120,0.49355958,0.49926661
767,0.14257711,0.01688628,0.25866818,0.23285504,0.23678261,0.03876716,-0.08406318,-0.18379825,-1.29554105,-0.02542497,0.33793256,0.03963362,0.48135907,0.12581323,0.47572746,1.23181449,1.64123406,0.20637648,0.09325506,-0.15709510,0.19651248,0.09847822,0.21221855,0.23395443,1.23181449,0.42794290,0.57469321,0.58308132,1.64123406,1.79459209,1.80439978,0.20637648,0.26508590,0.09325506,0.24732402,1.33065154,0.42708032,0.49928912,0.50049129
768,0.14572184,0.01712738,0.25701020,0.23735256,0.24261602,0.04016907,-0.08986262,-0.18601785,-1.30900939,-0.02370084,0.35136000,0.04196895,0.48897227,0.13196508,0.47757030,1.24001623,1.66836020,0.20456981,0.09575301,-0.16115705,0.18609225,0.09836068,0.20965710,0.23158351,1.24001623,0.44673610,0.58879137,0.59124983,1.66836020,1.81637937,1.82094019,0.20456981,0.26088121,0.09575301,0.25518673,1.34524099,0.44013347,0.50709498,0.50487034
769,0.14564645,0.01652509,0.25431476,0.23179587,0.24480007,0.03976293,-0.08884051,-0.18134665,-1.29562602,-0.02183084,0.36101842,0.04456136,0.50310899,0.13913335,0.48110928,1.22697112,1.66441815,0.20534490,0.10386757,-0.15841272,0.18182394,0.09740193,0.21078373,0.23220016,1.22697112,0.45537907,0.60000315,0.59403185,1.66441815,1.81640079,1.81164077,0.20534490,0.26275321,0.10386757,0.24822059,1.33076949,0.44720823,0.52166061,0.50949409
770,0.14549991,0.01763757,0.24643884,0.23311847,0.24624665,0.03935670,-0.08727371,-0.17575991,-1.29239746,-0.01648547,0.37840465,0.04871971,0.50328104,0.13810831,0.48286536,1.22428333,1.67852052,0.19442105,0.10032854,-0.15693685,0.19094417,0.09746694,0.21101933,0.23244131,1.22428333,0.47058804,0.59830655,0.59445732,1.67852052,1.81311860,1.80925414,0.19442105,0.25561267,0.10032854,0.24507475,1.32656761,0.46171969,0.52209294,0.51011102
771,0.14770254,0.01805631,0.27353654,0.24645768,0.25377516,0.03958561,-0.10279091,-0.18489700,-1.32259771,-0.03436829,0.32462644,0.04473243,0.49394976,0.13919358,0.47131864,1.24037483,1.65433623,0.23104098,0.10569253,-0.15690722,0.20348440,0.09773386,0.20711257,0.22901425,1.24037483,0.43590567,0.60392362,0.59798294,1.65433623,1.83413729,1.82902205,0.23104098,0.28835726,0.10569253,0.25087161,1.35682546,0.42268480,0.51340941,0.49979865
772,0.14579958,0.01776117,0.26007211,0.25104172,0.24998871,0.04295119,-0.09131292,-0.18771363,-1.30692318,-0.03089099,0.32537399,0.04854683,0.46225448,0.13644839,0.46759116,1.23745699,1.63990664,0.20970080,0.09399816,-0.16627054,0.20725784,0.09902382,0.20738319,0.22981189,1.23745699,0.42480523,0.56263443,0.58214154,1.63990664,1.78891761,1.81035193,0.20970080,0.27799476,0.09399816,0.25516084,1.34454231,0.42488857,0.48370324,0.49746286
773,0.14709557,0.01673531,0.25206513,0.25563443,0.26324087,0.05071996,-0.10846658,-0.18269815,-1.29345330,-0.01389241,0.36350580,0.05161137,0.46010307,0.13722723,0.45727598,1.20799488,1.66557298,0.18418440,0.09254099,-0.16284117,0.18994242,0.09804235,0.21055967,0.23226639,1.20799488,0.47766727,0.57861891,0.58976227,1.66557298,1.77400893,1.78747688,0.18418440,0.25126676,0.09254099,0.26243022,1.33142659,0.45221332,0.47986823,0.48604503
774,0.14538696,0.01701444,0.26087187,0.25981654,0.27225297,0.05161424,-0.11276874,-0.17992952,-1.29405634,-0.01472905,0.35023594,0.05607802,0.45257816,0.14104684,0.44578141,1.20387710,1.65264448,0.18772493,0.09275823,-0.15624420,0.18875282,0.09833673,0.21082954,0.23263535,1.20387710,0.46882787,0.57568781,0.58398171,1.65264448,1.76692564,1.77655015,0.18772493,0.25449759,0.09275823,0.26468042,1.33024150,0.43994622,0.47293786,0.47590456
775,0.14314758,0.01697256,0.28487295,0.27761824,0.29221166,0.05646861,-0.12870864,-0.17931942,-1.30742712,-0.01805583,0.30050606,0.05524595,0.43494645,0.13681986,0.43981784,1.20212353,1.61606651,0.20706809,0.08989372,-0.15328880,0.18682673,0.10011308,0.21055133,0.23314050,1.20212353,0.43641147,0.57494942,0.59366160,1.61606651,1.76250841,1.78300368,0.20706809,0.27325553,0.08989372,0.28001958,1.34379315,0.40318025,0.45696721,0.46957717
776,0.14224803,0.01761625,0.28633824,0.28603530,0.30284433,0.06130707,-0.12942852,-0.17107740,-1.30490570,-0.01401822,0.29075335,0.06025009,0.41404364,0.14123174,0.42276447,1.19827931,1.60340486,0.20056896,0.08953919,-0.15297586,0.18317786,0.10051970,0.21163782,0.23429634,1.19827931,0.42743206,0.55612974,0.57912036,1.60340486,1.73924399,1.76353017,0.20056896,0.26984133,0.08953919,0.28586055,1.34122703,0.39642772,0.43796534,0.45517436
777,0.14499093,0.01776753,0.27039898,0.28906184,0.30059446,0.06807322,-0.12132750,-0.16441814,-1.28470366,0.00000502,0.31706913,0.06912327,0.39939360,0.14860145,0.40717372,1.18644085,1.61021636,0.17372969,0.08643314,-0.15055158,0.17271117,0.09858174,0.21383018,0.23546062,1.18644085,0.44416158,0.53330426,0.55476968,1.61021636,1.70496672,1.72804046,0.17372969,0.24278871,0.08643314,0.27926252,1.31989346,0.41224579,0.42475631,0.44350103
778,0.14231187,0.01725709,0.26022081,0.28567159,0.29502278,0.06767557,-0.11428199,-0.16111210,-1.26346454,-0.00096381,0.32289532,0.06673885,0.39303781,0.14657042,0.40915231,1.17173562,1.59442570,0.16302254,0.08908772,-0.14759840,0.15540744,0.09954865,0.21647344,0.23826599,1.17173562,0.44254105,0.52321354,0.55419505,1.59442570,1.67697576,1.70856088,0.16302254,0.23878741,0.08908772,0.28795711,1.29903263,0.41342562,0.41856208,0.44412218
779,0.13776836,0.01784267,0.26825095,0.28089232,0.29293166,0.06840674,-0.11626423,-0.16554221,-1.27379224,-0.00638373,0.29608283,0.06765272,0.39420762,0.14907947,0.41017445,1.18093908,1.57792927,0.17654776,0.08959169,-0.14386614,0.17179097,0.10159460,0.21430201,0.23716411,1.18093908,0.41907584,0.52574636,0.55598113,1.57792927,1.68864027,1.72018116,0.17654776,0.25089666,0.08959169,0.28333539,1.30774163,0.38761672,0.41856114,0.44552317
780,0.13780071,0.01822678,0.26739432,0.27966358,0.29952067,0.07380920,-0.12672172,-0.16169293,-1.26466191,-0.00484416,0.31573482,0.06571983,0.41349780,0.14977312,0.41692481,1.16205480,1.58816362,0.17861554,0.09362164,-0.14497716,0.15459761,0.10211170,0.21552920,0.23849452,1.16205480,0.44939525,0.55579061,0.57508777,1.58816362,1.69839661,1.71861580,0.17861554,0.25304250,0.09362164,0.29466102,1.30002852,0.40711963,0.43700328,0.45092251
781,0.13544238,0.01760021,0.28044408,0.28763090,0.30337008,0.08208257,-0.13279376,-0.16558614,-1.26056922,-0.00666311,0.27784078,0.07103756,0.38454243,0.15001046,0.39939138,1.15469175,1.54663333,0.18460074,0.08730947,-0.13831811,0.12380019,0.10186060,0.21560740,0.23845782,1.15469175,0.42061015,0.53860620,0.56704917,1.54663333,1.66790035,1.69861186,0.18460074,0.25681548,0.08730947,0.31102410,1.29755484,0.37288371,0.40891415,0.43509831
782,0.13729005,0.01873753,0.27369591,0.28376845,0.29056960,0.07791202,-0.11967001,-0.16333254,-1.25104114,-0.00646617,0.29016635,0.06964625,0.38281961,0.15015403,0.39665741,1.15693366,1.54922305,0.17543090,0.08732562,-0.13625262,0.08968806,0.10029958,0.21766476,0.23966217,1.15693366,0.41950823,0.52683430,0.55454041,1.54922305,1.65638988,1.68602540,0.17543090,0.24723815,0.08732562,0.31465518,1.28881629,0.38329903,0.40787209,0.43387092
783,0.13391554,0.01730231,0.28284741,0.28917765,0.30522928,0.07650993,-0.13508541,-0.16931463,-1.25610127,-0.00956753,0.27928990,0.06819053,0.37738845,0.14822043,0.38797527,1.14782414,1.54371020,0.18012567,0.08593182,-0.12649436,0.08661571,0.10301164,0.21576714,0.23909592,1.14782414,0.42425834,0.53668694,0.56063538,1.54371020,1.65653461,1.68294370,0.18012567,0.24896150,0.08593182,0.31545682,1.29281146,0.37162072,0.40049874,0.42413289
784,0.13444428,0.01745868,0.28984506,0.30112522,0.32358726,0.08178036,-0.16166390,-0.17280990,-1.25605364,0.00746629,0.29115950,0.07274260,0.37143195,0.15478303,0.37657641,1.12382324,1.55776384,0.16910914,0.08915937,-0.12181038,0.05110697,0.10307752,0.21566539,0.23903250,1.12382324,0.46044263,0.56012427,0.58098640,1.55776384,1.65271721,1.67535392,0.16910914,0.23941921,0.08915937,0.33800768,1.29499576,0.38218608,0.39519573,0.41477064
785,0.12955206,0.01734167,0.29681585,0.30179730,0.32817798,0.08376317,-0.16902384,-0.17230904,-1.24915696,0.00994906,0.28584729,0.07379224,0.36794201,0.15339305,0.36448370,1.11058279,1.54588443,0.16840581,0.08901792,-0.11571275,0.02519168,0.10042510,0.21643979,0.23860298,1.11058279,0.46364195,0.56754922,0.58249970,1.54588443,1.64256838,1.65705997,0.16840581,0.23748151,0.08901792,0.35163031,1.28813562,0.37705086,0.39197754,0.40222372
786,0.12497901,0.01855601,0.31465259,0.32264991,0.35461380,0.08250608,-0.19347363,-0.17416943,-1.25614983,0.01173573,0.26186409,0.07437039,0.33981179,0.15417617,0.33188447,1.09459764,1.52951055,0.15973905,0.08858936,-0.10015688,-0.01684641,0.10086492,0.21768685,0.23991936,1.09459764,0.46709596,0.56995653,0.58143929,1.52951055,1.62181739,1.63203047,0.15973905,0.22694047,0.08858936,0.37250110,1.29312606,0.34940869,0.36378191,0.37236413
787,0.12043798,0.01691542,0.31950143,0.32459399,0.36697676,0.09640754,-0.19926114,-0.16987831,-1.23967043,0.02427417,0.25049085,0.08227034,0.34202142,0.15740391,0.33750101,1.07603677,1.50275936,0.15813598,0.08890497,-0.08324133,-0.01293486,0.10209242,0.21929071,0.24189105,1.07603677,0.46087604,0.57231755,0.58819579,1.50275936,1.60602839,1.61926444,0.15813598,0.22737056,0.08890497,0.36816344,1.27170457,0.33691050,0.36822354,0.37744638
788,0.11823507,0.01686779,0.31433567,0.31769840,0.36000012,0.08602136,-0.20033546,-0.16899562,-1.21736148,0.01989538,0.25500708,0.07813405,0.33622683,0.15426830,0.33215849,1.05013898,1.48444575,0.15395126,0.08936676,-0.08771359,-0.00831188,0.10110487,0.22420209,0.24594465,1.05013898,0.46454104,0.56633799,0.58312867,1.48444575,1.57789084,1.59190007,0.15395126,0.22541736,0.08936676,0.36238889,1.25055914,0.34100628,0.36181333,0.37141287
789,0.11742688,0.01605445,0.32535618,0.32967855,0.35941451,0.08260194,-0.22266196,-0.16876639,-1.22102190,0.01887604,0.24053193,0.07959734,0.32072961,0.15555053,0.33070944,1.03278459,1.47358888,0.14814347,0.08821993,-0.07870326,-0.05504704,0.10207653,0.22396908,0.24613364,1.03278459,0.47667551,0.57957223,0.60968222,1.47358888,1.56619179,1.59364208,0.14814347,0.22376447,0.08821993,0.38762676,1.25286884,0.32221378,0.34668165,0.37053019
790,0.11399013,0.01603847,0.32537887,0.33146781,0.36083176,0.07887079,-0.23251915,-0.16680543,-1.21543517,0.01164787,0.24101581,0.07425027,0.31438319,0.14929098,0.32207779,1.01649748,1.46737007,0.14648542,0.08603200,-0.08070747,-0.03748234,0.10341478,0.22501415,0.24764083,1.01649748,0.48692236,0.58288544,0.60955450,1.46737007,1.55327372,1.57786017,0.14648542,0.22024017,0.08603200,0.39229549,1.24703397,0.32294597,0.33947884,0.36054554
791,0.11387748,0.01496236,0.32514650,0.32875104,0.36230407,0.08289729,-0.23704489,-0.16997876,-1.20364301,0.01893713,0.23965471,0.07803544,0.31833615,0.15237896,0.32707789,1.00252871,1.45565366,0.14456733,0.08540402,-0.07653725,-0.04082123,0.10283177,0.22616624,0.24844626,1.00252871,0.49005186,0.59025001,0.61733815,1.45565366,1.54651019,1.57229776,0.14456733,0.21694506,0.08540402,0.39254270,1.23519351,0.31776814,0.34323597,0.36591529
792,0.11582956,0.01545704,0.32343169,0.32709535,0.35781158,0.08092365,-0.21891544,-0.17206224,-1.19785755,0.01648008,0.24261070,0.07907142,0.31381585,0.15262085,0.32423278,1.01405428,1.45278918,0.14318067,0.08464623,-0.08168072,-0.03000343,0.10253020,0.22567766,0.24787667,1.01405428,0.47410635,0.56715601,0.59619640,1.45278918,1.53687227,1.56431931,0.14318067,0.21694506,0.08464623,0.37689684,1.22974251,0.32042158,0.33912633,0.36347488
793,0.11189283,0.01434403,0.32992550,0.33646563,0.36945473,0.07520118,-0.24342407,-0.17407995,-1.19529869,0.02415804,0.23236218,0.08307768,0.30283246,0.15874904,0.31268460,0.98688183,1.44140469,0.14247814,0.08652402,-0.07378264,-0.05452310,0.10064530,0.22648490,0.24784045,0.98688183,0.48640605,0.58046498,0.61023098,1.44140469,1.52480851,1.55267263,0.14247814,0.21673859,0.08652402,0.38888431,1.22744253,0.31183231,0.32885006,0.35525395
794,0.11148006,0.01657920,0.33099217,0.33962650,0.37159036,0.07356927,-0.23754287,-0.17341076,-1.20787913,0.02881677,0.22749030,0.08785465,0.29683710,0.16527768,0.30198417,1.00529275,1.44965634,0.14174457,0.08729125,-0.07613595,-0.07785933,0.10112288,0.22576975,0.24738193,1.00529275,0.47944311,0.57669188,0.60432494,1.44965634,1.53246487,1.55632119,0.14174457,0.21506560,0.08729125,0.39987131,1.24053630,0.30785369,0.32434449,0.34890966
795,0.11099974,0.01691793,0.32293290,0.33134198,0.36231057,0.07328921,-0.22789281,-0.17252331,-1.19879167,0.02408358,0.24399148,0.08540008,0.30723875,0.16183970,0.31061377,1.00498481,1.45621734,0.14088163,0.08673234,-0.08406843,-0.05790244,0.10162006,0.22640755,0.24816731,1.00498481,0.48492795,0.57507656,0.60072666,1.45621734,1.53322706,1.55508196,0.14088163,0.21482972,0.08673234,0.39119383,1.23207960,0.32223466,0.33394753,0.35506847
796,0.11085039,0.01663011,0.31436141,0.32242705,0.35547398,0.07167218,-0.23528196,-0.17374497,-1.18917285,0.01783150,0.25771973,0.08064607,0.31484703,0.15547422,0.31402505,0.98724428,1.45959371,0.13971061,0.08481281,-0.08607881,-0.03804985,0.10074843,0.22740255,0.24872105,0.98724428,0.50263677,0.58299397,0.60241417,1.45959371,1.53054292,1.54770121,0.13971061,0.21184023,0.08481281,0.38135489,1.22254218,0.33268382,0.33965940,0.35529732
797,0.11140702,0.01711687,0.32710814,0.33756249,0.37056073,0.06954218,-0.24197786,-0.17569232,-1.20013777,0.01432017,0.23913957,0.07745475,0.30544402,0.15157931,0.30871636,0.99141977,1.45191776,0.14395790,0.08227833,-0.08721513,-0.03152016,0.10191377,0.22628106,0.24817239,0.99141977,0.49249182,0.58309801,0.60481481,1.45191776,1.53241952,1.55301533,0.14395790,0.21257533,0.08227833,0.38820276,1.23397173,0.31589509,0.32906633,0.34898829
798,0.11205034,0.01828278,0.32232229,0.33588975,0.36236881,0.06629715,-0.24009225,-0.17423939,-1.19704631,0.01736039,0.24555556,0.07839199,0.30433202,0.15267165,0.31000973,0.98906118,1.45543125,0.14166975,0.08424937,-0.08990347,-0.04714721,0.10090714,0.22658937,0.24804232,0.98906118,0.49627378,0.58123461,0.60737255,1.45543125,1.52847634,1.55195277,0.14166975,0.21409679,0.08424937,0.39138950,1.23206878,0.32503258,0.32940267,0.35062520
799,0.11206004,0.01744316,0.31344125,0.32871286,0.35620741,0.06725881,-0.22762502,-0.17243164,-1.18518130,0.01615376,0.25161034,0.07976252,0.30842921,0.15459318,0.31220579,0.98876698,1.44922942,0.14191140,0.08349015,-0.09112331,-0.03412821,0.10137330,0.22771274,0.24925818,0.98876698,0.48784572,0.56854120,0.59165405,1.44922942,1.52045996,1.54191131,0.14191140,0.21310516,0.08349015,0.37342463,1.21971169,0.32985558,0.33368313,0.35393410
800,0.11350217,0.01778436,0.31981185,0.33631291,0.36862869,0.07015153,-0.22628189,-0.17264603,-1.19413231,0.01781440,0.24252224,0.08239780,0.30229290,0.15882913,0.30608429,0.99989431,1.44930584,0.14494607,0.08700150,-0.08873389,-0.03720299,0.10187048,0.22683919,0.24866366,0.99989431,0.47835540,0.56339068,0.58903914,1.44930584,1.52360620,1.54598990,0.14494607,0.22008781,0.08700150,0.37809854,1.22839032,0.32476112,0.32891679,0.34979809
801,0.11476265,0.01818632,0.31889066,0.33377604,0.36375322,0.07087897,-0.22748052,-0.16952968,-1.19500138,0.01829292,0.23615243,0.08105111,0.29979361,0.15683895,0.30865571,0.99928592,1.44353115,0.14376172,0.08661685,-0.08789001,-0.05649675,0.10220851,0.22721743,0.24914723,0.99928592,0.47443416,0.56346797,0.59342494,1.44353115,1.52121962,1.54814304,0.14376172,0.21918331,0.08661685,0.38698606,1.22992510,0.32266131,0.32831276,0.35236254
802,0.10937288,0.01696706,0.31814098,0.33295513,0.36352937,0.07075474,-0.24202495,-0.15826922,-1.19146675,0.01791388,0.24156286,0.07840795,0.30457481,0.15315266,0.31507269,0.97923213,1.44396462,0.13980457,0.08384819,-0.08234199,-0.05911906,0.10255674,0.22926883,0.25116147,0.97923213,0.49494465,0.58222023,0.61095482,1.44396462,1.52018501,1.54733720,0.13980457,0.21193012,0.08384819,0.39123499,1.22344104,0.31922277,0.32964711,0.35580989
803,0.11117938,0.01652758,0.31969562,0.33153321,0.36020581,0.07717800,-0.24090584,-0.15999995,-1.20242043,0.01843168,0.23792221,0.07941211,0.30847611,0.15281747,0.32437088,0.99315702,1.45143784,0.14711188,0.08376979,-0.08440992,-0.04585078,0.10335288,0.22728093,0.24967667,0.99315702,0.49083940,0.58614654,0.61930393,1.45143784,1.53521837,1.56738643,0.14711188,0.21976579,0.08376979,0.39732635,1.23492640,0.32178048,0.33449175,0.36440702
804,0.10902656,0.01570254,0.32332459,0.33686160,0.36772333,0.07228990,-0.24566703,-0.15946306,-1.20824712,0.01745092,0.23314632,0.07755414,0.30216964,0.14979342,0.32086457,0.99225125,1.45223851,0.14612293,0.08333563,-0.08106842,-0.02418136,0.10344146,0.22587364,0.24843317,0.99225125,0.48768828,0.57939750,0.61472139,1.45223851,1.53384194,1.56826780,0.14612293,0.21912196,0.08333563,0.38544513,1.23887971,0.31657623,0.32745766,0.35956876
805,0.11249190,0.01678575,0.32663139,0.33936105,0.36968210,0.07420339,-0.24202610,-0.15889468,-1.20862601,0.01492882,0.22888557,0.07507576,0.29919263,0.14855132,0.31695066,0.99675302,1.44808428,0.14234292,0.08429825,-0.08124445,-0.03902484,0.10276065,0.22581449,0.24809663,0.99675302,0.48251822,0.57530247,0.60990706,1.44808428,1.53100069,1.56472197,0.14234292,0.21627642,0.08429825,0.38748104,1.23936281,0.30860013,0.32374681,0.35530632
806,0.11002081,0.01560654,0.33568274,0.35185586,0.37678129,0.07204053,-0.26351737,-0.15754035,-1.22447140,0.01573244,0.21346704,0.07392784,0.29056061,0.14488052,0.31422892,0.99048955,1.44838070,0.15026310,0.08325527,-0.07822286,-0.04195392,0.10279758,0.22350436,0.24601126,0.99048955,0.48707747,0.58775810,0.62707843,1.44838070,1.53777327,1.57653007,0.15026310,0.22323859,0.08325527,0.40267279,1.25501089,0.30326567,0.31597034,0.35173896
807,0.11063449,0.01612874,0.33065564,0.35021983,0.37208971,0.06010267,-0.24855352,-0.15335968,-1.21128330,0.01457466,0.21345246,0.07462824,0.27747694,0.14247760,0.30213553,0.98830065,1.43471694,0.14374464,0.08000027,-0.08616005,-0.03672405,0.10184926,0.22533580,0.24728423,0.98830065,0.47181023,0.56224348,0.60339210,1.43471694,1.51190987,1.55104737,0.14374464,0.21498265,0.08000027,0.39225084,1.24274085,0.30209745,0.30406161,0.34030550
808,0.10944381,0.01677841,0.33388653,0.34043403,0.35844743,0.03719490,-0.27364822,-0.14296471,-1.23348301,0.00130803,0.21383729,0.06588924,0.29412515,0.13435914,0.31786039,0.97906687,1.45450122,0.15136142,0.08126603,-0.07668780,-0.02486459,0.10189468,0.22329358,0.24544358,0.97906687,0.49442206,0.59790192,0.63921448,1.45450122,1.54615311,1.58329395,0.15136142,0.22433285,0.08126603,0.40171135,1.26146744,0.30495100,0.31968817,0.35207019
809,0.10622488,0.01806982,0.29962666,0.29731041,0.31857487,-0.00413007,-0.26087440,-0.13676192,-1.21285845,0.00072598,0.27123446,0.05982612,0.33741285,0.12845845,0.34228511,0.96247485,1.49044884,0.14467866,0.07917836,-0.08813176,0.02640321,0.09662703,0.22428840,0.24421726,0.96247485,0.53430746,0.62324135,0.64964449,1.49044884,1.56673224,1.58487472,0.14467866,0.21192739,0.07917836,0.37660629,1.24050856,0.35139842,0.35963374,0.37222839
810,0.11119496,0.01769970,0.30912504,0.30774068,0.33174129,-0.00413747,-0.27800215,-0.13695029,-1.23650414,-0.02540488,0.25659868,0.03884192,0.34176559,0.11132248,0.34952651,0.96826681,1.49730547,0.15658777,0.08003107,-0.08658329,0.09581743,0.10042788,0.22122543,0.24295360,0.96826681,0.53552175,0.63633694,0.66051401,1.49730547,1.59139452,1.61113499,0.15658777,0.22165997,0.08003107,0.37147095,1.26201050,0.34107614,0.36071318,0.37453552
811,0.11297679,0.01848706,0.31711887,0.30837192,0.33525618,-0.01070614,-0.27801501,-0.14945605,-1.25801599,-0.03845315,0.24359319,0.03006566,0.34959822,0.11382084,0.34676101,0.99015050,1.50581120,0.17451189,0.09121071,-0.08954889,0.12871379,0.10052951,0.21655252,0.23874919,0.99015050,0.52243245,0.64223726,0.65834653,1.50581120,1.62086640,1.63213833,0.17451189,0.24151178,0.09121071,0.36441256,1.28383478,0.33438715,0.36635361,0.37148717
812,0.12118546,0.01721928,0.29830059,0.28695826,0.31751734,-0.01212703,-0.25862589,-0.15552553,-1.24365793,-0.05346677,0.27325200,0.01781875,0.37874262,0.10394807,0.36095403,0.99547989,1.52041134,0.17584257,0.09267374,-0.09954240,0.17739419,0.10061578,0.21538119,0.23772377,0.99547989,0.53349311,0.64886320,0.64728759,1.52041134,1.63510620,1.63111109,0.17584257,0.23478340,0.09267374,0.33753967,1.27003240,0.35486018,0.39180068,0.38199804
813,0.12101860,0.01699512,0.27672822,0.25931013,0.27745663,-0.03554537,-0.24221862,-0.14906334,-1.22464369,-0.06152279,0.28423227,0.00927988,0.39975589,0.09752604,0.37636342,0.98896178,1.51148078,0.18095319,0.09541975,-0.10135424,0.16011965,0.09691923,0.21658737,0.23728343,0.98896178,0.52727944,0.65218605,0.64668720,1.51148078,1.63551488,1.62536996,0.18095319,0.23579257,0.09541975,0.31915179,1.25052469,0.36395299,0.41191180,0.39524906
814,0.12399282,0.01915251,0.27507957,0.26311295,0.27573873,-0.03701003,-0.23620495,-0.14451516,-1.23244115,-0.05922488,0.29078572,0.01200363,0.39010346,0.10359299,0.36464044,1.00219080,1.52563193,0.17310181,0.09921807,-0.09680767,0.12012485,0.09389315,0.21543140,0.23500343,1.00219080,0.52757075,0.64224239,0.63795450,1.52563193,1.63412449,1.62258442,0.17310181,0.23401682,0.09921807,0.33284934,1.25904468,0.36982751,0.40243214,0.38542553
815,0.12259974,0.02099700,0.28465612,0.27154555,0.28268462,-0.03635892,-0.24095344,-0.14620347,-1.24527557,-0.05962193,0.29312655,0.01044336,0.39157975,0.09920181,0.36256462,1.01041305,1.54084656,0.17557071,0.09861590,-0.10000276,0.11575782,0.09278847,0.21381358,0.23307928,1.01041305,0.53465893,0.64871609,0.64093251,1.54084656,1.64884092,1.63369119,0.17557071,0.23526782,0.09861590,0.34138112,1.27381075,0.37749830,0.40501060,0.38257537
816,0.12327159,0.02096214,0.26857431,0.25808940,0.27728467,-0.05446518,-0.23465287,-0.14466960,-1.23575315,-0.05895764,0.31467160,0.01096567,0.40308409,0.10220492,0.36540648,1.00515760,1.55279475,0.16853761,0.10313006,-0.10522994,0.12616906,0.09205563,0.21437988,0.23330875,1.00515760,0.54934386,0.65301196,0.63903267,1.55279475,1.65075882,1.62722417,0.16853761,0.22939151,0.10313006,0.32868194,1.26381318,0.39111596,0.41529841,0.38574648
817,0.12544855,0.02121333,0.25505318,0.25451020,0.28531108,-0.05827188,-0.23313940,-0.14353154,-1.24800166,-0.06053133,0.33008198,0.00770516,0.41248859,0.10048418,0.36842343,1.01848422,1.58026694,0.16470454,0.10712877,-0.11074126,0.14217852,0.09157303,0.21307312,0.23191760,1.01848422,0.56336111,0.65873393,0.63845389,1.58026694,1.67186836,1.64189287,0.16470454,0.22721836,0.10712877,0.32055635,1.27567929,0.40374967,0.42433515,0.38803286
818,0.12781331,0.02258289,0.26589226,0.26274299,0.28863326,-0.05448007,-0.24083164,-0.14647695,-1.24995135,-0.06357472,0.31917114,0.00815967,0.39868345,0.10277653,0.35381686,1.01331110,1.57131212,0.16465166,0.10856385,-0.10359227,0.13018486,0.09052671,0.21212070,0.23063017,1.01331110,0.56007938,0.65430068,0.63358410,1.57131212,1.66073194,1.63046525,0.16465166,0.22913326,0.10856385,0.33195190,1.27855157,0.39486473,0.41076464,0.37501450
819,0.12343037,0.02049850,0.25406036,0.23573192,0.25431268,-0.06640398,-0.23455831,-0.14731854,-1.22815974,-0.08104119,0.33815337,-0.00778913,0.42096941,0.08508117,0.37198595,0.99692652,1.56775062,0.16233324,0.10987279,-0.09968119,0.15006215,0.09064477,0.21397017,0.23237837,0.99692652,0.57321596,0.66566555,0.63899146,1.56775062,1.65855761,1.62303709,0.16233324,0.22718174,0.10987279,0.31370130,1.25398242,0.40962195,0.43221592,0.38713485
820,0.12691216,0.02181465,0.27853651,0.25549391,0.27080958,-0.07290695,-0.25135724,-0.15253399,-1.26432112,-0.09548537,0.30797613,-0.01683789,0.41302834,0.08922850,0.36017009,1.01612532,1.57334361,0.18111242,0.12234357,-0.10477307,0.15885351,0.09249845,0.21004849,0.22951325,1.01612532,0.55998188,0.67577998,0.64807286,1.57334361,1.68701366,1.64914030,0.18111242,0.24685134,0.12234357,0.33558289,1.29212690,0.39303726,0.42527784,0.37751663
821,0.12351082,0.02101026,0.25354511,0.23075191,0.23018029,-0.07953875,-0.22663647,-0.15089312,-1.22510851,-0.09781773,0.31060310,-0.01987972,0.41574839,0.07800648,0.38037642,1.00108304,1.53663000,0.17841424,0.10757714,-0.10531864,0.15972728,0.09288833,0.21364306,0.23296266,1.00108304,0.53772053,0.65408152,0.64147569,1.53663000,1.65038219,1.62830650,0.17841424,0.24045950,0.10757714,0.31411345,1.25274550,0.39073955,0.42686066,0.39411572
822,0.12308727,0.01974427,0.25506916,0.23243140,0.23029313,-0.09152812,-0.23854605,-0.15545247,-1.22386043,-0.10636065,0.30484676,-0.02447052,0.41029901,0.07414047,0.37419744,0.98745239,1.52949845,0.17972418,0.10846244,-0.10216796,0.15073838,0.09218685,0.21353553,0.23258512,0.98745239,0.54365910,0.66184240,0.64981107,1.52949845,1.64404121,1.62147387,0.17972418,0.24317114,0.10846244,0.32516736,1.25187697,0.38486127,0.42058526,0.38647862
823,0.12475454,0.01785284,0.26567146,0.24553693,0.25778035,-0.09003348,-0.24599297,-0.15772909,-1.23491397,-0.11209434,0.30645184,-0.02500160,0.41734630,0.07610906,0.36999180,0.99148209,1.54204672,0.18562903,0.11484099,-0.10058522,0.18409900,0.09297370,0.21190430,0.23140341,0.99148209,0.55350764,0.67318306,0.64943850,1.54204672,1.66167901,1.62818645,0.18562903,0.24748079,0.11484099,0.31907646,1.26159872,0.38719564,0.42719356,0.38260343
824,0.12716577,0.01813522,0.26414798,0.24400890,0.26031107,-0.09052922,-0.24363148,-0.16186369,-1.21683966,-0.11246198,0.30834369,-0.02944093,0.41604367,0.07026270,0.36918032,0.97599914,1.52598755,0.17761519,0.11272403,-0.09675033,0.19260682,0.09518666,0.21340017,0.23366671,0.97599914,0.55286415,0.66883774,0.64404095,1.52598755,1.64197482,1.60854910,0.17761519,0.23699999,0.11272403,0.31418622,1.24299267,0.38378277,0.42558774,0.38069076
825,0.12227552,0.01710088,0.27302239,0.25812212,0.27745078,-0.09035988,-0.26432151,-0.16462389,-1.21694123,-0.12187675,0.29758889,-0.03342776,0.40559128,0.06398381,0.36935851,0.95565776,1.51515186,0.17966670,0.10621604,-0.09425295,0.20360067,0.09720486,0.21429547,0.23531114,0.95565776,0.56331837,0.67816566,0.66153415,1.51515186,1.63124933,1.60775172,0.17966670,0.24067297,0.10621604,0.32790690,1.24241381,0.37662438,0.41533200,0.37979510
826,0.12113426,0.01723949,0.26992412,0.24270088,0.25845985,-0.08762182,-0.25633323,-0.16366071,-1.20674092,-0.12244533,0.30110595,-0.03576068,0.41500410,0.06329007,0.36934191,0.95368961,1.50847910,0.18215347,0.11171034,-0.09226156,0.22864481,0.09656455,0.21564202,0.23627567,0.95368961,0.55968789,0.67768229,0.65145757,1.50847910,1.62974368,1.59703477,0.18215347,0.24056364,0.11171034,0.31507723,1.23138976,0.38006130,0.42498404,0.37952041
827,0.12175403,0.01664081,0.27839260,0.25118639,0.25686991,-0.08664415,-0.26020899,-0.16939268,-1.20663951,-0.12632545,0.30373297,-0.03362648,0.41477703,0.06684085,0.37149909,0.95043630,1.51107518,0.18340755,0.11145417,-0.09192809,0.24113750,0.09795163,0.21527418,0.23651109,0.95043630,0.56702969,0.68056864,0.65632939,1.51107518,1.62994240,1.60005763,0.18340755,0.24471954,0.11145417,0.31234137,1.23124246,0.38152463,0.42385274,0.38207248
828,0.12212786,0.01649540,0.29943771,0.26544655,0.26257913,-0.08325231,-0.27709907,-0.17284975,-1.22677044,-0.12450891,0.28360690,-0.03250732,0.40939565,0.07269974,0.36919948,0.95414733,1.51129390,0.19249832,0.11425612,-0.09437797,0.23428222,0.09872548,0.21291707,0.23469214,0.95414733,0.56386528,0.69191537,0.67080749,1.51129390,1.64476008,1.61858976,0.19249832,0.25239721,0.11425612,0.32740613,1.25124970,0.36667456,0.41903796,0.38169524
829,0.12046076,0.01554570,0.29399820,0.26216197,0.24732358,-0.08342578,-0.28241921,-0.17361191,-1.21571197,-0.12800077,0.28595167,-0.03473982,0.40421108,0.06820242,0.37021071,0.93786884,1.50254595,0.18755009,0.10993062,-0.08910826,0.24046245,0.09800737,0.21451126,0.23584005,0.93786884,0.57185750,0.69162409,0.67543132,1.50254595,1.62823846,1.60775675,0.18755009,0.24997937,0.10993062,0.33066273,1.23990864,0.36901429,0.41414781,0.38201221
830,0.11572403,0.01717617,0.29913426,0.27395925,0.27765700,-0.09461999,-0.29429473,-0.18163850,-1.21495095,-0.12647763,0.29684890,-0.03537199,0.41314902,0.06698951,0.36676414,0.92490901,1.51295164,0.18634865,0.11421503,-0.08893321,0.22395581,0.09668486,0.21386667,0.23470602,0.92490901,0.59319641,0.71397093,0.68731084,1.51295164,1.63727624,1.60511648,0.18634865,0.24548777,0.11421503,0.35027352,1.24176590,0.38086550,0.42405493,0.37905026
831,0.11919771,0.01657493,0.29058283,0.24768493,0.23876602,-0.08413951,-0.29091301,-0.18269355,-1.19985349,-0.11890170,0.30025928,-0.03232262,0.42484814,0.06632693,0.38754789,0.91429626,1.50174637,0.18449298,0.10735706,-0.08463320,0.21444148,0.09525745,0.21530394,0.23543528,0.91429626,0.59329250,0.72093210,0.70061372,1.50174637,1.63341847,1.60968905,0.18449298,0.23992243,0.10735706,0.34357841,1.22546045,0.37900926,0.43619448,0.39996516
832,0.11807656,0.01632882,0.30219403,0.26224353,0.25625520,-0.09050412,-0.30942460,-0.19412161,-1.21377919,-0.12731895,0.28880573,-0.03342216,0.41621498,0.07095949,0.37180929,0.91031337,1.50439457,0.19258610,0.11549107,-0.08622495,0.22090376,0.09453659,0.21294249,0.23298427,0.91031337,0.60069816,0.73120919,0.70604571,1.50439457,1.63977366,1.61070971,0.19258610,0.25194445,0.11549107,0.35960941,1.24064239,0.37331776,0.42706860,0.38456959
833,0.11468135,0.01581109,0.31513360,0.27288134,0.27318814,-0.09815927,-0.33405976,-0.20089889,-1.23418905,-0.13034685,0.27561154,-0.03263548,0.41785688,0.07459803,0.37102021,0.90602502,1.51186086,0.20552641,0.11916652,-0.08979289,0.22446343,0.09482230,0.20958936,0.23004123,0.90602502,0.61217490,0.75770292,0.73139364,1.51186086,1.66234467,1.63167521,0.20552641,0.26287750,0.11916652,0.38222635,1.26158080,0.36609527,0.42890353,0.38459560
834,0.11740297,0.01632176,0.32479888,0.28092618,0.27183973,-0.09872813,-0.34508575,-0.20587996,-1.24541957,-0.12971814,0.26913850,-0.03376854,0.41170884,0.07244497,0.36932687,0.90668817,1.51696922,0.20350664,0.11692801,-0.08605823,0.21638090,0.09357485,0.20860657,0.22863279,0.90668817,0.61617119,0.76289991,0.74081534,1.51696922,1.66751902,1.64128304,0.20350664,0.26210831,0.11692801,0.39493383,1.27290305,0.36099994,0.42356792,0.38268076
835,0.12420294,0.01631320,0.32797759,0.31210701,0.33130033,-0.09892867,-0.35618788,-0.21196314,-1.26129462,-0.12233757,0.29728236,-0.02642065,0.40837866,0.07941835,0.35471083,0.91214013,1.56156683,0.18285592,0.12046915,-0.08359616,0.22523967,0.09362488,0.20601361,0.22629014,0.91214013,0.65500131,0.77126360,0.73863836,1.56156683,1.68153873,1.64474237,0.18285592,0.24668728,0.12046915,0.40339431,1.28940357,0.37840245,0.41913139,0.37013397
836,0.12277581,0.01593884,0.33834663,0.31174838,0.33275394,-0.10006585,-0.36191462,-0.21707675,-1.26932397,-0.11949759,0.29283326,-0.02533058,0.41142799,0.08208087,0.35524350,0.91493850,1.56575003,0.18463761,0.12364236,-0.08214076,0.22296156,0.09454610,0.20453645,0.22533114,0.91493850,0.65602606,0.78005755,0.74587135,1.56575003,1.69287223,1.65425493,0.18463761,0.24784749,0.12364236,0.41178464,1.29810617,0.37693334,0.42402702,0.37224837
837,0.11958897,0.01587389,0.33939929,0.30934790,0.32715930,-0.10111339,-0.36328584,-0.21735650,-1.25988114,-0.11968000,0.27715250,-0.02556887,0.40775039,0.08081533,0.35651054,0.90410533,1.54085847,0.19277150,0.12117228,-0.07882307,0.22500131,0.09328302,0.20440708,0.22468639,0.90410533,0.64221291,0.77721385,0.74778353,1.54085847,1.67965376,1.64591206,0.19277150,0.25348059,0.12117228,0.41076826,1.28841472,0.36594385,0.42079570,0.37288640
838,0.12639723,0.01490154,0.35741981,0.33372893,0.35782194,-0.09557789,-0.38580660,-0.22454069,-1.27559595,-0.11371366,0.26717555,-0.02144092,0.39183834,0.08175852,0.33958118,0.89929226,1.54744549,0.18534109,0.11818596,-0.07439689,0.21243034,0.09327873,0.20294626,0.22335646,0.89929226,0.65380205,0.78468893,0.75321168,1.54744549,1.68065756,1.64587084,0.18534109,0.24341733,0.11818596,0.43317937,1.30421228,0.35228509,0.40447787,0.35699186
839,0.12571450,0.01415768,0.35250506,0.32831881,0.35298561,-0.10517840,-0.37974152,-0.22907981,-1.26426122,-0.11476205,0.26645073,-0.02369366,0.38515699,0.08055927,0.33688108,0.89330010,1.53547886,0.18016473,0.11725045,-0.07321518,0.21067096,0.09403149,0.20364833,0.22430908,0.89330010,0.64668197,0.77308146,0.74709556,1.53547886,1.66327653,1.63299262,0.18016473,0.24173366,0.11725045,0.42998135,1.29428641,0.34976216,0.39740496,0.35369670
840,0.13353396,0.01386051,0.35697974,0.34634339,0.38270798,-0.09570054,-0.39043109,-0.23505119,-1.27843870,-0.11595853,0.26532128,-0.02300165,0.37959109,0.08246226,0.32114860,0.89892883,1.54891612,0.17932754,0.12272277,-0.07522083,0.22911297,0.09410485,0.20170784,0.22257982,0.89892883,0.65685225,0.77661909,0.73941528,1.54891612,1.67262124,1.63291382,0.17932754,0.24113598,0.12272277,0.43252289,1.30846834,0.34730194,0.39067722,0.33819656
841,0.13705190,0.01401982,0.35821450,0.34666269,0.37183423,-0.10169868,-0.40565901,-0.24249915,-1.30117112,-0.10981694,0.27306303,-0.02359932,0.38841651,0.07854512,0.32570910,0.90651388,1.58031196,0.17957396,0.12104236,-0.08118654,0.21855094,0.09175716,0.19880792,0.21896111,0.90651388,0.67987615,0.80084305,0.75807806,1.58031196,1.70505212,1.66040973,0.17957396,0.23166714,0.12104236,0.44745532,1.33300367,0.35464394,0.39953858,0.34305454
842,0.13557902,0.01417653,0.36146099,0.36605058,0.39253555,-0.09522085,-0.40988110,-0.24431111,-1.30903343,-0.10721253,0.26938086,-0.02430152,0.36843891,0.07723643,0.31444996,0.91145303,1.58459809,0.17055363,0.11589534,-0.08014335,0.21768883,0.09172232,0.19776122,0.21799652,0.91145303,0.68023049,0.78533967,0.75017972,1.58459809,1.69390939,1.65792602,0.17055363,0.22774033,0.11589534,0.44994799,1.34193618,0.34861161,0.37828003,0.33082302
843,0.13838003,0.01296835,0.35832434,0.35321797,0.37131957,-0.09495582,-0.40398965,-0.24434266,-1.30029371,-0.10226497,0.27188182,-0.01896750,0.37516583,0.08024812,0.32348928,0.90869124,1.57898758,0.16872240,0.11288142,-0.07564831,0.21040144,0.09146764,0.19841437,0.21848247,0.90869124,0.67654426,0.78643196,0.75367852,1.57898758,1.69193469,1.65801379,0.16872240,0.22407795,0.11288142,0.44537164,1.33211736,0.34760270,0.38552077,0.34089852
844,0.13414155,0.01264418,0.35711129,0.35801104,0.37884932,-0.08939506,-0.41249156,-0.24455916,-1.29999370,-0.10058125,0.26672999,-0.02016816,0.36438233,0.08019398,0.31800525,0.90099654,1.57376321,0.16513293,0.11165272,-0.07137850,0.21039217,0.09206462,0.19787596,0.21824480,0.90099654,0.67995171,0.78371393,0.75558049,1.57376321,1.68085196,1.65243586,0.16513293,0.22389113,0.11165272,0.45364183,1.33227286,0.34579303,0.37577563,0.33620634
845,0.13356634,0.01250389,0.35540576,0.34882865,0.37533691,-0.08910574,-0.40125306,-0.23831811,-1.27523049,-0.09982463,0.26541433,-0.02014375,0.37766668,0.07617481,0.32296159,0.88673480,1.54744771,0.16978570,0.11182411,-0.06772319,0.21574829,0.09354017,0.19958510,0.22041773,0.88673480,0.66737044,0.78515598,0.74779926,1.54744771,1.66819567,1.63042987,0.16978570,0.21781889,0.11182411,0.44170545,1.30568652,0.34157360,0.38900713,0.34035354
846,0.13297487,0.01444381,0.36570475,0.36969407,0.40203113,-0.08103005,-0.41454579,-0.23921847,-1.28457326,-0.09607951,0.25829395,-0.01719836,0.35735477,0.08232821,0.29686443,0.88439021,1.55008051,0.16157159,0.11797887,-0.06243670,0.20337745,0.09248031,0.19848857,0.21897562,0.88439021,0.67365266,0.77777236,0.73541732,1.55008051,1.65787405,1.61560791,0.16157159,0.21799023,0.11797887,0.45280500,1.31523163,0.33622525,0.36947394,0.31670138
847,0.13091333,0.01281162,0.36784179,0.36696098,0.40623375,-0.08879077,-0.40966662,-0.24026546,-1.28192997,-0.09528036,0.25508264,-0.01141962,0.36276444,0.08764011,0.30275678,0.88549136,1.54439449,0.16896267,0.11759261,-0.06629951,0.21083426,0.09354614,0.19727711,0.21833264,0.88549136,0.66521483,0.77996676,0.74018778,1.54439449,1.66155370,1.62015504,0.16896267,0.22387919,0.11759261,0.45117811,1.31277637,0.33255350,0.37425340,0.32307426
848,0.12902855,0.01393610,0.37465794,0.37550257,0.41282565,-0.08927532,-0.42682026,-0.24253078,-1.29076152,-0.09464981,0.23959196,-0.01268686,0.35458502,0.08571806,0.29433745,0.87764865,1.53819735,0.17279934,0.11760432,-0.06349173,0.21295827,0.09359925,0.19575451,0.21698076,0.87764865,0.66699192,0.78847264,0.74814949,1.53819735,1.66215785,1.62048622,0.17279934,0.22471404,0.11760432,0.46753836,1.32177765,0.32365872,0.36766085,0.31527625
849,0.13363334,0.01345865,0.37231460,0.37849783,0.41325203,-0.08281766,-0.41636660,-0.24403024,-1.28866892,-0.09140355,0.26144121,-0.00372820,0.35365371,0.09759964,0.30943664,0.88717559,1.55801300,0.16432899,0.11200902,-0.06428284,0.21784671,0.09338474,0.19465129,0.21589311,0.88717559,0.67822583,0.77837970,0.75451635,1.55801300,1.66121771,1.63649361,0.16432899,0.23000909,0.11200902,0.45613687,1.32051713,0.33533677,0.36376118,0.33132639
850,0.13410823,0.01202915,0.38306198,0.39093545,0.43218550,-0.07098942,-0.42781831,-0.24258047,-1.29539840,-0.09155896,0.24184655,-0.00177327,0.33826331,0.10547365,0.29683424,0.88452806,1.54502654,0.16607300,0.11740568,-0.05989241,0.22010878,0.09406912,0.19300511,0.21470904,0.88452806,0.67023511,0.77362883,0.75338410,1.54502654,1.65266450,1.63234528,0.16607300,0.23967471,0.11740568,0.46505399,1.32666386,0.31878429,0.34885920,0.32096750
851,0.13051530,0.01206441,0.38776485,0.39231280,0.43379895,-0.06825733,-0.43887842,-0.24136444,-1.29387383,-0.08885430,0.21400893,0.00204744,0.32110250,0.11118838,0.28511267,0.87270322,1.51620702,0.17169557,0.11837168,-0.05308242,0.21341532,0.09394632,0.19202754,0.21377672,0.87270322,0.65347964,0.76741058,0.75373401,1.51620702,1.63414216,1.62001200,0.17169557,0.24744017,0.11837168,0.47637466,1.32439572,0.30023865,0.33407987,0.31260945
852,0.12706246,0.01350483,0.38522290,0.39026394,0.43382966,-0.07401165,-0.43973464,-0.24108387,-1.28963815,-0.08524034,0.22953293,0.00818869,0.33148513,0.11802512,0.28669887,0.86659941,1.52773009,0.17181669,0.12151925,-0.05745983,0.20806899,0.09343210,0.19113940,0.21275297,0.86659941,0.66953027,0.78044660,0.75988959,1.52773009,1.64126023,1.61901265,0.17181669,0.24711140,0.12151925,0.47991474,1.32053771,0.31141672,0.34370407,0.31659056
853,0.12236382,0.01457096,0.38797160,0.39260400,0.43618185,-0.06455471,-0.44037266,-0.23730419,-1.28364616,-0.08352415,0.21440942,0.01058256,0.32721008,0.11993618,0.29279139,0.86093052,1.50640222,0.18195113,0.11901232,-0.05656674,0.20491908,0.09430981,0.19060536,0.21266110,0.86093052,0.65542705,0.77595781,0.76506380,1.50640222,1.63130141,1.61959292,0.18195113,0.25874363,0.11901232,0.47776447,1.31491232,0.30207222,0.33909150,0.32138960
854,0.12125263,0.01542015,0.38982151,0.39312951,0.43190508,-0.06004447,-0.43051681,-0.23361646,-1.25723758,-0.08452115,0.19347573,0.00819367,0.31896603,0.11578939,0.29155746,0.84506192,1.45894429,0.19129567,0.11624134,-0.04963626,0.19433588,0.09423471,0.19242152,0.21425737,0.84506192,0.62474161,0.75822698,0.75390637,1.45894429,1.59614530,1.59109622,0.19129567,0.26607389,0.11624134,0.47124289,1.28858749,0.29104516,0.33142543,0.31853419
855,0.12509199,0.01504078,0.38908106,0.39777962,0.43947035,-0.05436302,-0.42259741,-0.23118504,-1.25938717,-0.07513726,0.21479612,0.01795627,0.31532621,0.12573791,0.28440210,0.85562513,1.48281022,0.17389088,0.11635928,-0.05112718,0.18836712,0.09424909,0.19168867,0.21360580,0.85562513,0.63780006,0.74787555,0.74086779,1.48281022,1.59597232,1.58792954,0.17389088,0.25354382,0.11635928,0.46428716,1.29035367,0.29887473,0.32751671,0.31588892
856,0.12361442,0.01643256,0.39020633,0.39905397,0.43986139,-0.05391312,-0.42193976,-0.22853935,-1.24859910,-0.06794749,0.20647717,0.01853359,0.31192902,0.12601319,0.27956911,0.84539688,1.46434445,0.17131739,0.11649238,-0.04494098,0.17580066,0.09376441,0.19223844,0.21388637,0.84539688,0.62860930,0.74378675,0.73546742,1.46434445,1.58143209,1.57189537,0.17131739,0.24728225,0.11649238,0.46425963,1.27902602,0.29048717,0.32491044,0.31206479
857,0.12124394,0.01512528,0.39188152,0.40119042,0.44488626,-0.04997168,-0.43207309,-0.22642320,-1.25605336,-0.06244440,0.19603398,0.01937002,0.30516394,0.12833138,0.27344476,0.84324268,1.46182150,0.17291976,0.11912638,-0.04403489,0.17262033,0.09449159,0.19160609,0.21363884,0.84324268,0.62827116,0.74710345,0.74019105,1.46182150,1.58190448,1.57354826,0.17291976,0.25039961,0.11912638,0.47422851,1.28600027,0.28421052,0.31868744,0.30677269
858,0.11611613,0.01633476,0.39837465,0.39683860,0.44725698,-0.04494377,-0.43693004,-0.22262082,-1.24830339,-0.06216807,0.14615495,0.01653666,0.29878761,0.12777680,0.26772838,0.83108777,1.40456377,0.19884148,0.12336101,-0.03986309,0.18638691,0.09560019,0.19272198,0.21513056,0.83108777,0.58375111,0.74242372,0.73564696,1.40456377,1.56625993,1.55878579,0.19884148,0.26734679,0.12336101,0.47308172,1.27651959,0.25355409,0.31470061,0.30154342
859,0.11394009,0.01555729,0.39745171,0.40023480,0.44967034,-0.04684565,-0.43859696,-0.22188432,-1.24398427,-0.06409259,0.14867540,0.01824202,0.29461084,0.13059856,0.26439470,0.82467848,1.40265332,0.19576022,0.12531629,-0.04092032,0.19029550,0.09644493,0.19334336,0.21606313,0.82467848,0.58813177,0.73985417,0.73508079,1.40265332,1.55790305,1.55178545,0.19576022,0.27043123,0.12531629,0.47408613,1.27195040,0.25767960,0.31141230,0.29956112
860,0.11364483,0.01516401,0.40178191,0.40271938,0.45756770,-0.03295325,-0.44469433,-0.21632679,-1.24711389,-0.05822235,0.14420176,0.02215639,0.28483779,0.13441344,0.24295489,0.82404401,1.40139689,0.18768172,0.12935086,-0.03470090,0.17934419,0.09715183,0.19375150,0.21674438,0.82404401,0.58967945,0.73574800,0.71896835,1.40139689,1.55088374,1.53328176,0.18768172,0.25973517,0.12935086,0.47993096,1.27325450,0.24890291,0.30254577,0.28226867
861,0.11843941,0.01592595,0.40273299,0.40278268,0.45888603,-0.02552253,-0.43243673,-0.20809496,-1.23894644,-0.06918394,0.10009756,0.01477671,0.27510542,0.13055654,0.24020513,0.82734011,1.34730738,0.21641592,0.12963298,-0.04370859,0.20973734,0.09778815,0.19639137,0.21939028,0.82734011,0.53502290,0.71197321,0.70002607,1.34730738,1.53093912,1.52000440,0.21641592,0.28250128,0.12963298,0.46494617,1.26434633,0.23093522,0.29328671,0.27864907
862,0.11301470,0.01538467,0.40105610,0.39574113,0.45208328,-0.03563176,-0.44018202,-0.20207257,-1.22821200,-0.05647555,0.13281603,0.01925735,0.28335891,0.12606394,0.25267795,0.80647685,1.36968329,0.19268012,0.12060279,-0.03412270,0.16775685,0.09747870,0.19775188,0.22047200,0.80647685,0.57343278,0.73063082,0.72367109,1.36968329,1.52832412,1.51953118,0.19268012,0.25954997,0.12060279,0.47856132,1.25291156,0.24048438,0.30075398,0.28714237
863,0.10888297,0.01641683,0.39388141,0.39639836,0.44762795,-0.04679886,-0.44248915,-0.19790505,-1.22619158,-0.05738940,0.15916030,0.01703986,0.28886826,0.12008564,0.26166968,0.79943402,1.39302317,0.17845043,0.11389421,-0.03764105,0.15548747,0.09690591,0.19790652,0.22035823,0.79943402,0.60177167,0.74136727,0.73774502,1.39302317,1.53132084,1.52461113,0.17845043,0.24682528,0.11389421,0.48755455,1.25154378,0.25695832,0.30488762,0.29327720
864,0.11626949,0.01594469,0.39838876,0.40010658,0.45257025,-0.02286434,-0.44676870,-0.18960578,-1.23976156,-0.05608631,0.15828756,0.01673591,0.28483383,0.12034681,0.25941431,0.81189098,1.40511145,0.17232243,0.11474862,-0.03045126,0.15393788,0.09853444,0.19687022,0.22015204,0.81189098,0.60599623,0.73912167,0.73397132,1.40511145,1.53921781,1.53349067,0.17232243,0.24342408,0.11474862,0.48672083,1.26213314,0.25049847,0.30051755,0.29067457
865,0.11549538,0.01561153,0.38957604,0.39492446,0.44408192,-0.02176713,-0.43060555,-0.17890598,-1.23750908,-0.05740206,0.17745430,0.01653934,0.29053584,0.11728343,0.27651985,0.82334311,1.42066990,0.16247507,0.10761831,-0.03623411,0.15383174,0.09871076,0.19676012,0.22013259,0.82334311,0.60915903,0.72884357,0.73295492,1.42066990,1.54139053,1.54522138,0.16247507,0.23675539,0.10761831,0.47068554,1.25851353,0.25959047,0.30470041,0.30538795
866,0.11741118,0.01441494,0.38507280,0.39496702,0.44250492,-0.01624621,-0.42908096,-0.17209774,-1.23697026,-0.06278148,0.18703023,0.01403848,0.29125228,0.11816649,0.27925598,0.82365802,1.42856513,0.15919488,0.10970391,-0.03722220,0.15444172,0.09950257,0.19649759,0.22025454,0.82365802,0.61788794,0.72757514,0.73263862,1.42856513,1.54068134,1.54651575,0.15919488,0.23848237,0.10970391,0.46781898,1.25759668,0.26739563,0.30454246,0.30826366
867,0.11425160,0.01413364,0.38887539,0.39869410,0.44630377,-0.02511914,-0.44248887,-0.16741395,-1.24581405,-0.05770717,0.19006234,0.01583283,0.29078958,0.11627485,0.27744328,0.81716107,1.44043013,0.15307754,0.10554516,-0.03657968,0.15143171,0.09990879,0.19466422,0.21880568,0.81716107,0.63354528,0.74157858,0.74552400,1.44043013,1.54851053,1.55181805,0.15307754,0.22782059,0.10554516,0.48225141,1.26517528,0.26543984,0.30402948,0.30632042
868,0.12080837,0.01431750,0.39107560,0.40559548,0.45142688,-0.00905185,-0.45685154,-0.16075185,-1.27240929,-0.06265883,0.18332428,0.00934189,0.28656091,0.11517677,0.27016883,0.83111513,1.45949001,0.15421086,0.11104925,-0.02847563,0.15715014,0.10115241,0.19272142,0.21765421,0.83111513,0.64258200,0.75083432,0.74946300,1.45949001,1.56910553,1.56920690,0.15421086,0.23065435,0.11104925,0.49609197,1.29037426,0.26348160,0.30034935,0.29978320
869,0.12453624,0.01443994,0.39262601,0.41351223,0.45486471,-0.01014985,-0.46092537,-0.15535819,-1.29841956,-0.06587899,0.18827913,0.00915357,0.28444023,0.11457597,0.28259270,0.85131750,1.48976883,0.15518608,0.10880913,-0.02565080,0.16500678,0.10166313,0.18886076,0.21448492,0.85131750,0.65174019,0.75366284,0.76620258,1.48976883,1.59260523,1.60636771,0.15518608,0.23778925,0.10880913,0.49966115,1.31570592,0.26783436,0.29638459,0.31002064
870,0.12600457,0.01456420,0.39385543,0.41324088,0.45666163,-0.01532853,-0.45546020,-0.14829913,-1.28572932,-0.07171181,0.18383617,0.00390376,0.27836001,0.11117882,0.26652898,0.84205090,1.47194242,0.15255764,0.11054816,-0.02305089,0.17105082,0.10076733,0.19075865,0.21573807,0.84205090,0.64187928,0.74143880,0.74411437,1.47194242,1.57259558,1.57599554,0.15255764,0.23222103,0.11054816,0.49144844,1.30169640,0.26213463,0.28957327,0.29412357
871,0.12498697,0.01407204,0.39195726,0.41329951,0.44960855,-0.03001776,-0.45356496,-0.14908008,-1.30400566,-0.08023795,0.18674472,0.00014086,0.28515596,0.10477301,0.28360184,0.85959581,1.49280944,0.16018446,0.10683454,-0.03526868,0.18455200,0.10016888,0.18846484,0.21343102,0.85959581,0.64227685,0.74587332,0.75894497,1.49280944,1.59728192,1.60984350,0.16018446,0.24038750,0.10683454,0.48968018,1.32033677,0.27223938,0.29715169,0.30863881
872,0.13012219,0.01448357,0.39350016,0.40765668,0.44196986,-0.02938659,-0.46327813,-0.14769945,-1.31271156,-0.09181029,0.17354195,-0.01458759,0.29354419,0.08659730,0.28210995,0.85846239,1.48790103,0.17180716,0.10382712,-0.03503391,0.20024177,0.10010262,0.18736445,0.21242874,0.85846239,0.63988761,0.76244658,0.76255609,1.48790103,1.61265049,1.61362855,0.17180716,0.23887253,0.10382712,0.49825456,1.32874444,0.27006811,0.30731095,0.30317553
873,0.12742600,0.01354338,0.39109181,0.40002367,0.43477561,-0.03888829,-0.45212766,-0.14584335,-1.30725227,-0.09469294,0.17113216,-0.01850783,0.30156172,0.08024848,0.28773072,0.86273752,1.48007238,0.17839801,0.10283946,-0.03560462,0.19701552,0.09827433,0.18637287,0.21069573,0.86273752,0.62580789,0.75892661,0.75767942,1.48007238,1.61450539,1.61250479,0.17839801,0.24210188,0.10283946,0.48955116,1.32313180,0.27402791,0.31732248,0.30723773
874,0.13279665,0.01371590,0.38931561,0.40420992,0.43198151,-0.03779131,-0.45773572,-0.14346382,-1.31093449,-0.10311340,0.16757016,-0.02443734,0.29443026,0.07379264,0.28671397,0.86046358,1.47974442,0.17814401,0.10034768,-0.03158680,0.19740882,0.09784530,0.18592914,0.21010318,0.86046358,0.62877797,0.75739974,0.76031502,1.47974442,1.61061283,1.61391779,0.17814401,0.24289541,0.10034768,0.49383614,1.32677820,0.27406978,0.30990674,0.30530539
875,0.13893560,0.01355154,0.39043829,0.41156370,0.43916363,-0.03606514,-0.45146704,-0.14211311,-1.32691002,-0.11294335,0.17829805,-0.02951343,0.29338593,0.07139246,0.28697758,0.88231284,1.50601320,0.17412456,0.10249885,-0.03435975,0.21844945,0.09720716,0.18418946,0.20826663,0.88231284,0.63453327,0.75026289,0.75378622,1.50601320,1.62534496,1.62980308,0.17412456,0.24407119,0.10249885,0.48389502,1.34198851,0.27820810,0.30570737,0.30254267
876,0.14043381,0.01287095,0.38806766,0.39905021,0.42540301,-0.05083154,-0.45353069,-0.14613168,-1.33425889,-0.12499937,0.17812030,-0.04421006,0.30612866,0.05503460,0.28644969,0.88632424,1.51325886,0.17801911,0.10318380,-0.03951801,0.23935077,0.09652899,0.18240182,0.20636925,0.88632424,0.63626433,0.76338365,0.75356210,1.51325886,1.64421208,1.63451425,0.17801911,0.23901907,0.10318380,0.48599208,1.34938253,0.28609798,0.32271204,0.30039586
877,0.14989726,0.01260519,0.38834996,0.39705424,0.42753047,-0.04373632,-0.44202299,-0.13867711,-1.33262365,-0.12570363,0.18343503,-0.04403289,0.31109298,0.06087475,0.28999671,0.89608957,1.51668416,0.17810648,0.10846756,-0.04546490,0.23588816,0.09531637,0.18208774,0.20552653,0.89608957,0.63094870,0.75736972,0.74590834,1.51668416,1.64725989,1.63633121,0.17810648,0.24198281,0.10846756,0.47336632,1.34665185,0.28424967,0.32509593,0.30352387
878,0.14336157,0.01225486,0.39184323,0.39557577,0.42841110,-0.05593807,-0.45209352,-0.14158555,-1.35190407,-0.13497355,0.18984288,-0.05142040,0.32886816,0.05308727,0.29414095,0.90411205,1.54230762,0.18756354,0.11169694,-0.05093018,0.26062796,0.09627762,0.18043654,0.20451583,0.90411205,0.64710710,0.78444687,0.75979486,1.54230762,1.68402731,1.65907095,0.18756354,0.24285832,0.11169694,0.48400977,1.36679444,0.29684562,0.34477020,0.30724688
879,0.15201610,0.01147586,0.38773677,0.38739170,0.42070231,-0.05615216,-0.43299488,-0.14179988,-1.34150729,-0.13738510,0.19757390,-0.05285101,0.33020323,0.05693051,0.30282497,0.91293342,1.53967680,0.18041317,0.11470427,-0.04868391,0.25009146,0.09404890,0.17983544,0.20294329,0.91293342,0.63597634,0.76664788,0.75005166,1.53967680,1.67470146,1.65755898,0.18041317,0.24563663,0.11470427,0.46567288,1.35573168,0.29915725,0.34613287,0.31608749
880,0.15202349,0.01094545,0.38610763,0.37978044,0.41759853,-0.06443514,-0.43587559,-0.14350362,-1.33275459,-0.13776094,0.21209070,-0.05371307,0.33670950,0.05737706,0.28808051,0.90060946,1.54549418,0.17439438,0.12292610,-0.04675730,0.24137961,0.09414184,0.18139773,0.20437178,0.90060946,0.65251143,0.77541526,0.73908783,1.54549418,1.67245635,1.63449496,0.17439438,0.23587524,0.12292610,0.46600579,1.34678896,0.30745790,0.35174680,0.30112575
881,0.15237665,0.01113498,0.38609030,0.38121535,0.41100473,-0.06566818,-0.43047415,-0.14703109,-1.32124251,-0.13967150,0.20495192,-0.05453768,0.33358300,0.05689080,0.29274640,0.89489581,1.52696617,0.17873725,0.12021598,-0.04134126,0.23799405,0.09136591,0.18057304,0.20237182,0.89489581,0.64005206,0.76731114,0.73889787,1.52696617,1.65794847,1.62798228,0.17873725,0.24151591,0.12021598,0.46340593,1.33584853,0.30592266,0.34948167,0.30624125
882,0.15305417,0.01022987,0.38530383,0.37874709,0.41215410,-0.06665125,-0.43185896,-0.15364986,-1.32831156,-0.14138621,0.19788961,-0.05991670,0.32860441,0.05310084,0.28569440,0.90119092,1.52720002,0.17745814,0.12304253,-0.04193639,0.24060694,0.09157910,0.17973759,0.20172340,0.90119092,0.63458603,0.76327401,0.73278209,1.52720002,1.65991931,1.62819949,0.17745814,0.24055684,0.12304253,0.46463799,1.34319836,0.30315487,0.34668495,0.29888181
883,0.15357093,0.01112849,0.37715291,0.36667797,0.39825501,-0.06411291,-0.41893785,-0.15085741,-1.30597750,-0.14092266,0.21747373,-0.05993942,0.33841526,0.05466691,0.29818073,0.89180768,1.52440409,0.16946047,0.12353877,-0.04114836,0.22323855,0.09032838,0.18049225,0.20183327,0.89180768,0.64140848,0.76012775,0.73211286,1.52440409,1.64725143,1.61825244,0.16946047,0.23816515,0.12353877,0.45236290,1.32080273,0.31562803,0.35614787,0.31132034
884,0.15760861,0.01099373,0.38504347,0.37579839,0.40493760,-0.06930934,-0.42777304,-0.15485644,-1.30801582,-0.14344209,0.20518248,-0.06170716,0.32912464,0.05139623,0.28457130,0.88490677,1.51422947,0.17100007,0.12355575,-0.04088084,0.22904062,0.09016063,0.18029153,0.20157871,0.88490677,0.63775111,0.75934098,0.72719297,1.51422947,1.64006547,1.60673725,0.17100007,0.23601493,0.12355575,0.45912867,1.32273695,0.30610147,0.34707938,0.29733564
885,0.16235275,0.01033727,0.39387683,0.38614720,0.41434414,-0.06846388,-0.43483091,-0.15902711,-1.31649970,-0.14679538,0.18369422,-0.06350334,0.31747151,0.05457609,0.28048557,0.88686995,1.50131260,0.17880913,0.12534987,-0.04181896,0.23374773,0.08987727,0.17814545,0.19953377,0.88686995,0.62396924,0.75466190,0.73015883,1.50131260,1.63699798,1.61191890,0.17880913,0.24667240,0.12534987,0.46473342,1.33126226,0.29258353,0.33593378,0.29409232
886,0.16405059,0.01072062,0.38800714,0.37404702,0.40663568,-0.06840363,-0.43649688,-0.16239149,-1.30364442,-0.14382316,0.20191901,-0.05939859,0.32615912,0.05675975,0.28657457,0.87274022,1.50653045,0.17174790,0.12416934,-0.04053659,0.23320894,0.08843888,0.17831004,0.19903744,0.87274022,0.64318936,0.76526935,0.73833350,1.50653045,1.63337982,1.60607554,0.17174790,0.24051037,0.12416934,0.46572616,1.31894923,0.29947225,0.34218186,0.29946176
887,0.16400225,0.01050418,0.38732250,0.37080085,0.39817543,-0.06944298,-0.43177111,-0.16643052,-1.28991262,-0.14765281,0.19802809,-0.06438301,0.32922013,0.05397314,0.28767386,0.86416048,1.48900619,0.17489680,0.12658272,-0.03918550,0.22156177,0.08677981,0.17854377,0.19851603,0.86416048,0.63502194,0.76322709,0.73381259,1.48900619,1.62257298,1.59352068,0.17489680,0.24114487,0.12658272,0.46135801,1.30576751,0.29934748,0.34701606,0.30137666
888,0.16437138,0.00953503,0.38873086,0.37527006,0.40777417,-0.06942680,-0.43931780,-0.16869969,-1.29099354,-0.14883844,0.19220544,-0.06333945,0.32481207,0.05496723,0.27628482,0.85802529,1.48441064,0.17683459,0.12950628,-0.04130963,0.22139324,0.08728413,0.17856857,0.19875928,0.85802529,0.63698516,0.76612394,0.73023805,1.48441064,1.61940422,1.58376282,0.17683459,0.24223401,0.12950628,0.46739332,1.30677935,0.29584029,0.34262419,0.28984804
889,0.16571993,0.00965554,0.38999130,0.37252625,0.40492217,-0.07315714,-0.43340616,-0.17047630,-1.28246113,-0.15077859,0.19520352,-0.06333485,0.33037340,0.05580522,0.28306351,0.85522697,1.47906558,0.17894507,0.12967877,-0.04063342,0.22487303,0.08640862,0.17834756,0.19817745,0.85522697,0.63404299,0.76542732,0.73122956,1.47906558,1.61647725,1.58221350,0.17894507,0.24483930,0.12967877,0.46110783,1.29816044,0.29859363,0.34826134,0.29701493
890,0.16267901,0.01068254,0.39165835,0.38375039,0.41377208,-0.07581782,-0.43806455,-0.17338511,-1.28360598,-0.14658919,0.18846730,-0.06148665,0.31547425,0.05180735,0.26272669,0.85174108,1.47332527,0.17286949,0.12656771,-0.04099666,0.23229166,0.08714688,0.17797584,0.19816654,0.85174108,0.63092911,0.75589338,0.71656541,1.47332527,1.60320461,1.56332783,0.17286949,0.23456690,0.12656771,0.46793339,1.30029798,0.29241237,0.33327153,0.27630511
891,0.16621595,0.01022817,0.39509697,0.39530014,0.42203468,-0.07246864,-0.42934126,-0.17440788,-1.28895505,-0.14012799,0.20332734,-0.04952526,0.32119274,0.05870349,0.27353860,0.86633030,1.49350091,0.17011320,0.11930093,-0.04125010,0.22796750,0.08683822,0.17614551,0.19638767,0.86633030,0.63645244,0.75393125,0.71987028,1.49350091,1.61532178,1.58054118,0.17011320,0.23271314,0.11930093,0.45985970,1.30562508,0.29583660,0.33474450,0.28709864
892,0.16179397,0.01109186,0.38727319,0.38317883,0.41095605,-0.07352349,-0.42701519,-0.18320632,-1.27437581,-0.14042311,0.20817932,-0.05590233,0.32537476,0.05377073,0.28171686,0.85511562,1.48407560,0.16654037,0.11924048,-0.03757947,0.22789897,0.08548297,0.17693503,0.19650279,0.85511562,0.63894834,0.75542186,0.72474174,1.48407560,1.60510793,1.57476225,0.16654037,0.23032971,0.11924048,0.45806449,1.29254455,0.30108066,0.34048922,0.29439897
893,0.16330782,0.01102963,0.38557326,0.38038968,0.40644931,-0.07026221,-0.43143479,-0.18196869,-1.27936740,-0.13621857,0.21675514,-0.05322968,0.33422854,0.05771778,0.28914758,0.85618798,1.49769912,0.16515636,0.12072678,-0.03864455,0.21191120,0.08481424,0.17543132,0.19485791,0.85618798,0.65163637,0.76902647,0.73678670,1.49769912,1.61899998,1.58736626,0.16515636,0.22837398,0.12072678,0.46364193,1.29732359,0.30508553,0.34889621,0.30293173
894,0.16685713,0.01145200,0.39313990,0.39039441,0.41750532,-0.06587791,-0.42949414,-0.18465157,-1.28262545,-0.13499050,0.21067300,-0.04587792,0.32393474,0.06516262,0.28255251,0.86212214,1.49492311,0.16640057,0.11943274,-0.03991428,0.21590550,0.08513464,0.17420961,0.19389919,0.86212214,0.64401069,0.75699059,0.72903003,1.49492311,1.61290765,1.58575218,0.16640057,0.23419360,0.11943274,0.45900201,1.30065041,0.29728018,0.33618545,0.29661885
895,0.16594710,0.01114148,0.39428728,0.39295689,0.41921386,-0.06659096,-0.43698191,-0.18999707,-1.28785559,-0.13242708,0.20803668,-0.04688397,0.32000744,0.06440463,0.27571528,0.86065771,1.49776698,0.16267177,0.12095396,-0.04119787,0.20555131,0.08463927,0.17370561,0.19322900,0.86065771,0.64843216,0.76068861,0.73009438,1.49776698,1.61456399,1.58492611,0.16267177,0.23010310,0.12095396,0.46831180,1.30693062,0.29598603,0.33375475,0.29063257
896,0.16203112,0.01057323,0.39239649,0.39143623,0.41725532,-0.06850660,-0.43432075,-0.19227697,-1.27648617,-0.13168729,0.20810950,-0.04662255,0.31474915,0.06247420,0.26953832,0.85195574,1.48662310,0.15850950,0.11916411,-0.03900427,0.21146767,0.08462824,0.17448837,0.19392816,0.85195574,0.64565871,0.75245181,0.72082461,1.48662310,1.59821255,1.56761258,0.15850950,0.22542502,0.11916411,0.46415061,1.29583090,0.29456052,0.32829995,0.28420149
897,0.16076613,0.01083426,0.38721655,0.38368896,0.41725527,-0.06953202,-0.43379813,-0.19452554,-1.27490617,-0.13049476,0.21178703,-0.04466861,0.31757348,0.06523312,0.26709446,0.85131094,1.48883642,0.15812235,0.12235434,-0.04042190,0.20799219,0.08379446,0.17393489,0.19306698,0.85131094,0.64849680,0.75532979,0.71959301,1.48883642,1.59984655,1.56456164,0.15812235,0.22613397,0.12235434,0.46701955,1.29503502,0.29882756,0.33184723,0.28292965
898,0.15871855,0.01164686,0.38765933,0.38221763,0.40144367,-0.07179455,-0.43157544,-0.19612919,-1.26235733,-0.13255896,0.21532213,-0.04617006,0.31892455,0.06203811,0.27690123,0.84092799,1.47976114,0.15717212,0.11689720,-0.03828892,0.20605609,0.08291305,0.17474684,0.19341932,0.84092799,0.64978543,0.75451889,0.72626202,1.47976114,1.58875493,1.56151054,0.15717212,0.22490048,0.11689720,0.46448876,1.28287169,0.30096978,0.33266117,0.29198547
899,0.15811165,0.01156712,0.39053381,0.39353469,0.40909492,-0.07249744,-0.43896383,-0.19760004,-1.27897720,-0.13322045,0.21033422,-0.04446102,0.31156985,0.06362426,0.27547326,0.85032366,1.49147667,0.15874788,0.11472294,-0.03704467,0.20061560,0.08301529,0.17270550,0.19162132,0.85032366,0.65215799,0.75511804,0.73301889,1.49147667,1.59830883,1.57701820,0.15874788,0.22906826,0.11472294,0.47415462,1.29986940,0.30138822,0.32619506,0.29186573
900,0.15946695,0.01188149,0.38947279,0.39508664,0.41062122,-0.07057339,-0.43508067,-0.20062486,-1.27866844,-0.12891396,0.20700916,-0.04013181,0.30699944,0.06510853,0.28227446,0.85434064,1.48811945,0.16058395,0.10879251,-0.03373210,0.20448014,0.08299945,0.17227863,0.19122979,0.85434064,0.64480289,0.74695236,0.73581721,1.48811945,1.59434625,1.58435857,0.16058395,0.23137836,0.10879251,0.46999401,1.30047787,0.29872321,0.32069997,0.29835467
901,0.15841872,0.01238060,0.38724327,0.38506621,0.40559226,-0.07433346,-0.42423891,-0.20041145,-1.23797112,-0.13183278,0.20779266,-0.04482043,0.30666349,0.06032222,0.27059310,0.82419540,1.44800383,0.15569983,0.11199024,-0.03214477,0.21625968,0.08233797,0.17564503,0.19398639,0.82419540,0.63467957,0.73544660,0.71342582,1.44800383,1.55298884,1.53189990,0.15569983,0.22408185,0.11199024,0.45694354,1.25956906,0.29328400,0.31922679,0.28427774
902,0.16039286,0.01191017,0.39144253,0.39581878,0.41372246,-0.06858508,-0.44380856,-0.20057798,-1.26324808,-0.13365360,0.19897867,-0.04289552,0.30268456,0.06529110,0.26049593,0.83082639,1.46457583,0.16243613,0.11679341,-0.02906994,0.20742161,0.08205132,0.17384947,0.19223958,0.83082639,0.64618274,0.75059528,0.72212028,1.46457583,1.57428721,1.54755826,0.16243613,0.23035752,0.11679341,0.47538000,1.28459035,0.29264582,0.31648957,0.27737380
903,0.15224883,0.01150406,0.38317189,0.38490218,0.40047700,-0.07293903,-0.42515693,-0.20077904,-1.22403912,-0.13122498,0.21017729,-0.04446191,0.29967257,0.06039766,0.26138079,0.80977635,1.43662009,0.15141713,0.11223475,-0.02800586,0.20654712,0.08177885,0.17724128,0.19519798,0.80977635,0.63809771,0.72924796,0.70469962,1.43662009,1.53224554,1.50910774,0.15141713,0.22104824,0.11223475,0.45827810,1.24622131,0.29811525,0.31328692,0.27679859
904,0.15994579,0.01199457,0.38777751,0.39477143,0.41077524,-0.07039803,-0.43308650,-0.19869707,-1.25098945,-0.12971222,0.20481082,-0.04124904,0.29082934,0.06681652,0.25778964,0.82875034,1.45809947,0.14984815,0.11339578,-0.02999832,0.20354613,0.08188361,0.17443804,0.19270069,0.82875034,0.64068322,0.72873268,0.70982521,1.45809947,1.55037862,1.53279212,0.14984815,0.22439092,0.11339578,0.46525149,1.27208963,0.29121204,0.30349207,0.27458069
905,0.15270537,0.01191333,0.38254190,0.37575183,0.38338391,-0.07267705,-0.41832772,-0.19871390,-1.21771318,-0.12867466,0.21120622,-0.04602772,0.30228037,0.06024668,0.27328170,0.81010018,1.43122915,0.14872801,0.11070272,-0.03411399,0.20502322,0.08155803,0.17645430,0.19439093,0.81010018,0.63203460,0.72544497,0.71002299,1.43122915,1.52823130,1.51425633,0.14872801,0.22020750,0.11070272,0.45232995,1.23955336,0.29473302,0.31523372,0.28746008
906,0.15742412,0.01233645,0.37573880,0.37120237,0.38224656,-0.06913788,-0.41625532,-0.19779458,-1.20431863,-0.12983499,0.22067598,-0.04276297,0.30420061,0.06580561,0.27056105,0.79943935,1.42710633,0.14542762,0.11415579,-0.02941514,0.19374960,0.08126795,0.17808006,0.19574725,0.79943935,0.63981828,0.72564724,0.70611882,1.42710633,1.51709456,1.49923554,0.14542762,0.22179330,0.11415579,0.44994637,1.22608640,0.29923189,0.31590489,0.28550064
907,0.15933791,0.01216464,0.39072947,0.39888431,0.41659282,-0.06638591,-0.44349750,-0.20174860,-1.24417116,-0.12937116,0.20138600,-0.03674149,0.28829580,0.06894570,0.25452780,0.81347257,1.44793000,0.15089358,0.11151449,-0.02651089,0.20703703,0.08217396,0.17448851,0.19286991,0.81347257,0.64800138,0.73783600,0.71811191,1.44793000,1.54187320,1.52384744,0.15089358,0.22525289,0.11151449,0.47772729,1.26578249,0.28609407,0.30021106,0.27136723
908,0.16047176,0.01273835,0.38808517,0.39030992,0.40555158,-0.06917359,-0.42617650,-0.20354790,-1.21598670,-0.12860958,0.19942323,-0.03917384,0.29049718,0.06268260,0.25776484,0.80233951,1.41783619,0.14771218,0.10743906,-0.02814721,0.20902212,0.08198688,0.17717231,0.19522263,0.80233951,0.62846801,0.72201389,0.70261234,1.41783619,1.51592303,1.49839745,0.14771218,0.21698717,0.10743906,0.45871504,1.23793211,0.27909872,0.30198026,0.27259463
909,0.15451219,0.01343511,0.39184021,0.39794878,0.41869744,-0.07352805,-0.43597400,-0.20594633,-1.22412995,-0.13251887,0.19350198,-0.04145753,0.28461951,0.06570576,0.24239151,0.80084230,1.42021627,0.14969837,0.11642822,-0.02526480,0.21031405,0.08169028,0.17609752,0.19412274,0.80084230,0.63227453,0.72611332,0.69974563,1.42021627,1.51803073,1.49227921,0.14969837,0.22444689,0.11642822,0.47122619,1.24635686,0.28159885,0.29843659,0.25883006
910,0.15462722,0.01315993,0.39411852,0.39846949,0.41511879,-0.08003066,-0.42692852,-0.20745936,-1.21625781,-0.13280761,0.18972956,-0.04327979,0.27788096,0.06381039,0.23991300,0.80106214,1.40866206,0.14714303,0.11476599,-0.02714708,0.20506366,0.08066114,0.17637691,0.19394596,0.80106214,0.61893254,0.71046572,0.68914535,1.40866206,1.50348030,1.48201752,0.14714303,0.22311381,0.11476599,0.46274206,1.23874852,0.27843280,0.29184173,0.25583336
911,0.15298965,0.01285948,0.39848985,0.41068711,0.43057085,-0.07882376,-0.44283282,-0.20990725,-1.23446106,-0.13494182,0.18472834,-0.04150235,0.27180690,0.06678615,0.22666176,0.80402427,1.42181271,0.14997768,0.11882241,-0.02921205,0.21828775,0.08127993,0.17386424,0.19192499,0.80402427,0.63011793,0.72085335,0.69323313,1.42181271,1.51607547,1.48809355,0.14997768,0.22791632,0.11882241,0.47739362,1.25691629,0.27456263,0.28453769,0.24247551
912,0.15176827,0.01283239,0.39918617,0.40622776,0.42968437,-0.08039379,-0.44245292,-0.20975021,-1.22313378,-0.13356296,0.18163804,-0.03813539,0.27015618,0.07090716,0.22087801,0.79290106,1.40760194,0.15220729,0.12134956,-0.02654226,0.21891386,0.08077999,0.17395031,0.19179186,0.79290106,0.62636175,0.71860587,0.68806305,1.40760194,1.50346980,1.47197529,0.15220729,0.23057311,0.12134956,0.47603281,1.24552182,0.27224425,0.28261241,0.23807403
913,0.15582323,0.01217157,0.39780323,0.40335734,0.43082594,-0.08064238,-0.43394837,-0.21040988,-1.23082541,-0.13024003,0.18752963,-0.03537069,0.27126979,0.07272300,0.22477804,0.80842228,1.42138667,0.14847949,0.11914614,-0.03215262,0.22237257,0.08055287,0.17313928,0.19096066,0.80842228,0.62347868,0.71034074,0.68241643,1.42138667,1.51257646,1.48371605,0.14847949,0.22775370,0.11914614,0.46402673,1.25284326,0.27250201,0.28264883,0.24198367
914,0.15479178,0.01254964,0.39812275,0.40899931,0.43260004,-0.08262465,-0.44638277,-0.21696130,-1.25435434,-0.13069172,0.19018686,-0.03441386,0.27223575,0.07357311,0.22796259,0.82028639,1.44795516,0.15057187,0.11806965,-0.03010156,0.22180267,0.07980958,0.17087623,0.18859548,0.82028639,0.63839795,0.72435255,0.69868753,1.44795516,1.53780611,1.51135555,0.15057187,0.23034500,0.11806965,0.47829652,1.27737096,0.27806849,0.28406890,0.24591141
915,0.15527692,0.01339209,0.39973972,0.41023727,0.43298869,-0.07998584,-0.44890525,-0.21380982,-1.26648010,-0.12782376,0.19576220,-0.03215462,0.28189880,0.07709472,0.23770639,0.82977752,1.46558750,0.15285538,0.11920333,-0.03274268,0.21968674,0.07990007,0.16926512,0.18717559,0.82977752,0.64644355,0.73675172,0.71115930,1.46558750,1.55935656,1.53291821,0.15285538,0.23198729,0.11920333,0.48270245,1.28923703,0.28361916,0.29428962,0.25704937
916,0.15915365,0.01131667,0.39233931,0.40140886,0.42865948,-0.07846581,-0.43824542,-0.21764016,-1.26595258,-0.13036758,0.20794660,-0.03955333,0.29549678,0.07011829,0.24770153,0.84028698,1.47727450,0.14955101,0.12094962,-0.03552749,0.21857982,0.07952493,0.16994438,0.18763077,0.84028698,0.64832556,0.73830026,0.70758562,1.47727450,1.57189608,1.54156545,0.14955101,0.22672319,0.12094962,0.47043711,1.28938076,0.29310237,0.30865096,0.26481865
917,0.15740235,0.01121395,0.39546587,0.40235078,0.42850377,-0.07951063,-0.43736597,-0.21946472,-1.28930034,-0.13009344,0.21793385,-0.03831087,0.30341655,0.07005053,0.25096009,0.86404643,1.51070376,0.15068153,0.12130128,-0.04308926,0.22153514,0.08104385,0.16895411,0.18738622,0.86404643,0.65742585,0.74506150,0.70927262,1.51070376,1.60333950,1.56798415,0.15068153,0.22543299,0.12130128,0.46773050,1.31253670,0.30041071,0.31541907,0.26791275
918,0.14967469,0.01090674,0.38495826,0.38419760,0.41279960,-0.08901403,-0.42942738,-0.21862943,-1.29754217,-0.13522419,0.23352663,-0.04430497,0.32162240,0.06681145,0.27161569,0.87826371,1.53417652,0.15344507,0.12316529,-0.04846595,0.22542526,0.08127680,0.16871629,0.18727281,0.87826371,0.66487246,0.75530456,0.72309016,1.53417652,1.62891995,1.59582118,0.15344507,0.23069924,0.12316529,0.46311974,1.32115120,0.31846869,0.33495660,0.28704457
919,0.14681872,0.01242739,0.38224364,0.37741076,0.40216253,-0.09616384,-0.41672474,-0.21779392,-1.28288224,-0.13352968,0.24004998,-0.04493012,0.33103093,0.06522716,0.28242160,0.87517066,1.52610004,0.15293242,0.12166430,-0.04920020,0.21864105,0.08129694,0.16984985,0.18830338,0.87517066,0.65815811,0.75229166,0.72221441,1.52610004,1.62351375,1.59153702,0.15293242,0.22768429,0.12166430,0.45382707,1.30692740,0.32430429,0.34525465,0.29812442
920,0.14676380,0.01259714,0.37735932,0.37174788,0.39869712,-0.09711452,-0.42161178,-0.21898901,-1.28887113,-0.13384996,0.24861378,-0.04545380,0.33764100,0.06782640,0.28489347,0.87627501,1.54064107,0.15281480,0.12613533,-0.05111913,0.21487532,0.08091180,0.16949358,0.18781584,0.87627501,0.67153663,0.76395292,0.73037289,1.54064107,1.63617512,1.60062439,0.15281480,0.22999323,0.12613533,0.46131058,1.31385364,0.33501217,0.35316561,0.30252259
921,0.14283429,0.01315805,0.37728729,0.37657946,0.40320922,-0.09832228,-0.42893188,-0.22239809,-1.29267507,-0.13626708,0.24239741,-0.04857494,0.33232787,0.06477302,0.27568295,0.87320867,1.53829095,0.15357297,0.12806569,-0.05004661,0.21777106,0.08099824,0.16921556,0.18760229,0.87320867,0.67262545,0.76617801,0.72876503,1.53829095,1.63472972,1.59545747,0.15357297,0.23012238,0.12806569,0.47043358,1.31848973,0.33326740,0.34912655,0.29341213
922,0.14754662,0.01227222,0.38038456,0.37424195,0.40118328,-0.09973008,-0.42631058,-0.22446807,-1.29500106,-0.13628806,0.24352167,-0.04820575,0.33183729,0.06385413,0.27457929,0.87802341,1.54178316,0.15141174,0.12696703,-0.05667278,0.21843622,0.08038784,0.16900057,0.18714540,0.87802341,0.67113834,0.76271120,0.72442102,1.54178316,1.63680540,1.59679276,0.15141174,0.22709092,0.12696703,0.46460693,1.32055155,0.32984716,0.34719173,0.29123947
923,0.14714853,0.01167884,0.38423111,0.37525588,0.40522344,-0.10607277,-0.41860477,-0.22437702,-1.29754403,-0.13944270,0.23093137,-0.05069663,0.33070151,0.06333221,0.27260423,0.88717711,1.53162455,0.15811441,0.12922169,-0.05886741,0.22805227,0.08121961,0.16917791,0.18766403,0.88717711,0.65090050,0.75366055,0.71580530,1.53162455,1.63786613,1.59718152,0.15811441,0.23103282,0.12922169,0.45748884,1.32296209,0.32251191,0.34700280,0.28952670
924,0.14442066,0.01129020,0.38250996,0.37522272,0.40411337,-0.10713331,-0.42354594,-0.22196711,-1.30140538,-0.13576885,0.23194531,-0.04751669,0.33159823,0.06573090,0.26746903,0.88572500,1.53659989,0.15930910,0.13160182,-0.05778952,0.22055775,0.08005961,0.16860711,0.18664913,0.88572500,0.65656542,0.76012952,0.71710231,1.53659989,1.64271375,1.59603933,0.15930910,0.23092127,0.13160182,0.46339558,1.32642053,0.32278324,0.34718945,0.28460994
925,0.14648871,0.01281484,0.38197807,0.37385458,0.40568918,-0.10574505,-0.43255894,-0.22674577,-1.30569055,-0.13785793,0.23323888,-0.04978426,0.33600420,0.06155282,0.26812053,0.88178264,1.54226869,0.16123535,0.13184831,-0.06132478,0.22515012,0.07995892,0.16816242,0.18620426,0.88178264,0.66706376,0.77308922,0.72497138,1.54226869,1.65165970,1.60105933,0.16123535,0.22903300,0.13184831,0.47152579,1.33177255,0.32565737,0.35218833,0.28476190
926,0.14739058,0.01118147,0.38200705,0.36889363,0.40182383,-0.10765853,-0.43156280,-0.22817611,-1.30344559,-0.14201565,0.23411112,-0.05485843,0.34002748,0.05766407,0.27157221,0.88052201,1.54083708,0.16100052,0.13301968,-0.06103532,0.22574399,0.07978368,0.16779351,0.18579585,0.88052201,0.66710330,0.77552047,0.72629673,1.54083708,1.65290787,1.60156414,0.16100052,0.22774633,0.13301968,0.47029587,1.32944120,0.32751769,0.35739179,0.28804699
927,0.14409162,0.01026934,0.37802472,0.36593853,0.39822953,-0.11181657,-0.42422830,-0.23343875,-1.29116665,-0.14120793,0.23028135,-0.05575663,0.33783377,0.05648643,0.27339544,0.87569351,1.52509679,0.16176175,0.13088180,-0.05906090,0.23298775,0.07970992,0.16840828,0.18631967,0.87569351,0.65583393,0.76616363,0.72158632,1.52509679,1.63902182,1.59210774,0.16176175,0.22791599,0.13088180,0.46351177,1.31832832,0.32410116,0.35498334,0.28885935
928,0.14915296,0.01123799,0.38777530,0.37739380,0.40454206,-0.10762183,-0.43511170,-0.23546074,-1.31030597,-0.13929026,0.22149774,-0.05239182,0.32900294,0.06053634,0.26979356,0.88465872,1.53562720,0.16267830,0.12855267,-0.06176878,0.21965955,0.07941361,0.16742827,0.18530718,0.88465872,0.65815574,0.76798558,0.72805972,1.53562720,1.64989144,1.60843587,0.16267830,0.22954335,0.12855267,0.47158854,1.33751956,0.31685116,0.34586674,0.28691105
929,0.14308862,0.01111034,0.38043736,0.37184790,0.40118705,-0.10781865,-0.43048178,-0.23536972,-1.28979665,-0.14333308,0.22007967,-0.05812409,0.32977260,0.05465261,0.26834655,0.86912373,1.51352064,0.16246366,0.12984761,-0.05640686,0.23251758,0.07946635,0.16831220,0.18612871,0.86912373,0.65198328,0.76423297,0.72182066,1.51352064,1.62958977,1.58579063,0.16246366,0.22854765,0.12984761,0.46957454,1.31726485,0.31716290,0.34767279,0.28376358
930,0.14872602,0.01059274,0.38862249,0.38034829,0.41099980,-0.11128263,-0.43560672,-0.23773973,-1.32076614,-0.13868279,0.23450803,-0.04904053,0.33931611,0.06437692,0.27522169,0.89423267,1.55901451,0.16496719,0.13125760,-0.06750527,0.23018416,0.08033715,0.16682896,0.18516468,0.89423267,0.67136616,0.77973474,0.73615378,1.55901451,1.67145227,1.62557958,0.16496719,0.23290223,0.13125760,0.47387280,1.34900163,0.32664271,0.35437453,0.29208639
931,0.14178546,0.01185596,0.37606147,0.36368365,0.39134178,-0.10999961,-0.41427590,-0.23569679,-1.30819206,-0.14210797,0.23895914,-0.05286593,0.34838385,0.06023606,0.28778565,0.90288373,1.55065907,0.16942933,0.12971750,-0.06560985,0.23074797,0.07888447,0.16683843,0.18454761,0.90288373,0.65463202,0.76759006,0.72732689,1.55065907,1.66731787,1.62455495,0.16942933,0.23669239,0.12971750,0.45664219,1.33658408,0.33432949,0.36419641,0.30295139
932,0.14466349,0.01212832,0.38660620,0.37734709,0.40403360,-0.10593358,-0.42223322,-0.23650125,-1.33881741,-0.13380824,0.24233963,-0.04038542,0.34792525,0.07052269,0.28976505,0.92595284,1.58497422,0.16984702,0.12609344,-0.07673697,0.21914860,0.07917060,0.16461985,0.18266822,0.92595284,0.66561217,0.77611628,0.73842605,1.58497422,1.69901152,1.65875580,0.16984702,0.23659006,0.12609344,0.46418755,1.36741724,0.33337120,0.36189710,0.30783485
933,0.13624515,0.01406041,0.37994791,0.37901741,0.40997020,-0.10247397,-0.41531785,-0.23242409,-1.33571279,-0.12856796,0.25023664,-0.03129383,0.34591313,0.08428997,0.29877312,0.92955728,1.58969229,0.17045158,0.12634723,-0.08061804,0.21355939,0.07995425,0.16533015,0.18364841,0.92955728,0.66654375,0.76841202,0.74438747,1.58969229,1.69501625,1.66724063,0.17045158,0.24995252,0.12634723,0.45741553,1.36450843,0.33793501,0.35758916,0.31727384
934,0.14276322,0.01394705,0.37288734,0.36218329,0.39462192,-0.09975700,-0.40145132,-0.22908121,-1.32056477,-0.12709382,0.26787715,-0.02524899,0.36126815,0.08558658,0.31136662,0.92820794,1.59200059,0.17006612,0.12272929,-0.07818059,0.20885847,0.07930268,0.16724385,0.18509301,0.92820794,0.67023390,0.77026488,0.74256079,1.59200059,1.69553863,1.66420604,0.17006612,0.24617867,0.12272929,0.44328176,1.34872425,0.34732735,0.37126474,0.32935270
935,0.13555123,0.01448547,0.36956886,0.36246429,0.39782317,-0.10017589,-0.41323129,-0.22699359,-1.31523724,-0.12982569,0.26466508,-0.02967911,0.36300758,0.07869654,0.31121968,0.91095034,1.58315147,0.17178900,0.12113773,-0.07718592,0.22167723,0.08109419,0.16920798,0.18763690,0.91095034,0.67876682,0.78370134,0.75253611,1.58315147,1.69125951,1.65716047,0.17178900,0.24252979,0.12113773,0.45639528,1.34357129,0.34708406,0.37381530,0.32822968
936,0.13609207,0.01329424,0.37245272,0.36029067,0.39350390,-0.09375209,-0.41883516,-0.22304274,-1.32188908,-0.13008796,0.26194958,-0.02936028,0.36490219,0.07942139,0.31856501,0.91227829,1.58683001,0.17433489,0.11910182,-0.08239977,0.22172219,0.08195189,0.17068814,0.18934242,0.91227829,0.68216372,0.78990617,0.76265824,1.58683001,1.69928283,1.67019229,0.17433489,0.24446213,0.11910182,0.45613434,1.34883104,0.34241669,0.37468844,0.33479437
937,0.13396546,0.01398298,0.37615246,0.36449785,0.40163216,-0.09658077,-0.42535455,-0.22820111,-1.33575767,-0.13656710,0.24507220,-0.03673351,0.36041256,0.07338942,0.30526421,0.91986957,1.58381857,0.18139262,0.12431249,-0.08708036,0.23928159,0.08338352,0.17081970,0.19008467,0.91986957,0.67233643,0.79089264,0.75481386,1.58381857,1.70820158,1.67054149,0.18139262,0.24685656,0.12431249,0.46296632,1.36379680,0.33675390,0.37284035,0.32193920
938,0.13140001,0.01428309,0.37933361,0.36346645,0.39749028,-0.09640239,-0.43122044,-0.22173224,-1.34298939,-0.13630777,0.24093498,-0.03459629,0.36566914,0.07411763,0.31971864,0.92034290,1.58654741,0.19011780,0.11958475,-0.09107381,0.23746672,0.08405331,0.17125288,0.19076820,0.92034290,0.67414024,0.80219895,0.77502088,1.58654741,1.72027123,1.69114196,0.19011780,0.25493526,0.11958475,0.46930224,1.37043181,0.33630380,0.37811439,0.33569046
939,0.13130733,0.01481242,0.37259322,0.34542296,0.38105717,-0.09809956,-0.41194967,-0.21727400,-1.33077561,-0.13173686,0.25068766,-0.03105710,0.37405710,0.07966684,0.32820797,0.92652641,1.58405972,0.18974157,0.12150157,-0.09018393,0.24543543,0.08402906,0.17331566,0.19261152,0.92652641,0.66430011,0.79199506,0.76655583,1.58405972,1.71653140,1.68792114,0.18974157,0.25666656,0.12150157,0.45112832,1.35765373,0.34009295,0.38487996,0.34396019
940,0.12459613,0.01561728,0.36650261,0.35669769,0.38847119,-0.09925984,-0.39744659,-0.21841340,-1.32694913,-0.13009462,0.25730169,-0.03105705,0.36133821,0.07770311,0.31956655,0.93710880,1.58688389,0.17894206,0.11755518,-0.08867805,0.24953246,0.08596284,0.17602579,0.19589459,0.93710880,0.65591477,0.76631630,0.74504703,1.58688389,1.70069124,1.67585456,0.17894206,0.24906879,0.11755518,0.44242239,1.35521968,0.34592383,0.37236719,0.33598751
941,0.12560336,0.01504829,0.35997050,0.32838249,0.34804199,-0.09751060,-0.38179512,-0.21165793,-1.30837400,-0.13167728,0.25984947,-0.03297056,0.37301176,0.07709881,0.34275887,0.93359689,1.57040333,0.18296093,0.11532770,-0.08870120,0.24046080,0.08541890,0.17862543,0.19799857,0.93359689,0.64308366,0.76160944,0.75130827,1.57040333,1.69291130,1.67916450,0.18296093,0.25513202,0.11532770,0.42436312,1.33531044,0.34434531,0.38272583,0.35686585
942,0.12604308,0.01495737,0.35618860,0.31644688,0.32342959,-0.09504665,-0.37060849,-0.20603260,-1.30118036,-0.13244440,0.26002748,-0.03205423,0.38053790,0.07888242,0.35446366,0.93717162,1.56311349,0.18839080,0.11514735,-0.08658779,0.23124184,0.08471167,0.18015072,0.19907373,0.93717162,0.63228561,0.75782732,0.75162880,1.56311349,1.69263984,1.68281544,0.18839080,0.26111739,0.11514735,0.41488821,1.32748862,0.34639033,0.39064749,0.36904421
943,0.12363877,0.01460278,0.35999279,0.31797501,0.31700662,-0.09405707,-0.37393285,-0.20617393,-1.30354943,-0.13243531,0.25859147,-0.03195959,0.38366673,0.07914364,0.35969072,0.93635828,1.56399716,0.19304710,0.11457044,-0.08770182,0.23007887,0.08565439,0.18128996,0.20050617,0.93635828,0.63407711,0.76489406,0.76033742,1.56399716,1.69848078,1.69065449,0.19304710,0.26422791,0.11457044,0.41844983,1.33011107,0.34431934,0.39270292,0.37364647
944,0.12374865,0.01423844,0.35456028,0.32231861,0.33839772,-0.09646292,-0.37254045,-0.20729306,-1.30574023,-0.13181666,0.26852904,-0.03199464,0.38708730,0.08051388,0.35369450,0.93976135,1.57616294,0.18985594,0.11826106,-0.08625975,0.22631301,0.08702907,0.18246700,0.20215901,0.93976135,0.64232183,0.76774134,0.75487229,1.57616294,1.70443257,1.68765606,0.18985594,0.26032893,0.11826106,0.42095954,1.33337987,0.35412911,0.39653603,0.36857406
945,0.12689625,0.01388051,0.34763720,0.30571731,0.31935686,-0.09822717,-0.35732695,-0.20550315,-1.30031676,-0.13213283,0.27479494,-0.03274461,0.38883943,0.07728368,0.35632869,0.94907432,1.57689826,0.18573722,0.11586695,-0.08716478,0.22167891,0.08637954,0.18420738,0.20345462,0.94907432,0.63328039,0.75441967,0.74254971,1.57689826,1.70045929,1.68408759,0.18573722,0.25664722,0.11586695,0.40587902,1.32707976,0.35578582,0.39746538,0.36941722
946,0.12382157,0.01301233,0.36477274,0.33414877,0.37516719,-0.10827446,-0.38593928,-0.20870439,-1.32744162,-0.13281756,0.26254459,-0.03153818,0.37743623,0.08645523,0.32774434,0.94685209,1.59187853,0.18812259,0.12932961,-0.08948548,0.22794954,0.08792947,0.18363145,0.20359789,0.94685209,0.64906263,0.77333590,0.74870924,1.59187853,1.71658170,1.68497876,0.18812259,0.26190403,0.12932961,0.43706335,1.35448551,0.34830786,0.38653381,0.34403251
947,0.12548326,0.01339909,0.35735359,0.32581586,0.34843288,-0.10420033,-0.36591055,-0.20801005,-1.32991903,-0.12734125,0.27655290,-0.02755348,0.38373245,0.08480129,0.34261776,0.96958248,1.60859911,0.18332633,0.12073065,-0.09422257,0.22885624,0.08764517,0.18481854,0.20454723,0.96958248,0.64310580,0.75929904,0.74142404,1.60859911,1.72558529,1.70142248,0.18332633,0.25566365,0.12073065,0.41581843,1.35636199,0.35617711,0.39187672,0.35774968
948,0.11859625,0.01317966,0.35630368,0.32076608,0.34005354,-0.11091239,-0.36594666,-0.21161166,-1.33178744,-0.13783400,0.26476455,-0.03365410,0.38359043,0.07994604,0.33918919,0.97107644,1.59835987,0.19425127,0.12335307,-0.09920397,0.23899304,0.08772759,0.18628214,0.20590572,0.97107644,0.63152569,0.75954191,0.73934657,1.59835987,1.72718314,1.69999127,0.19425127,0.26500964,0.12335307,0.42108855,1.35986859,0.35586662,0.39344924,0.35402085
949,0.12231429,0.01289436,0.34260131,0.29987479,0.29473699,-0.10397722,-0.35880948,-0.20741281,-1.31409078,-0.13124379,0.28493595,-0.03315692,0.39727022,0.07792705,0.35824105,0.96086494,1.60091282,0.18893793,0.11841394,-0.09660814,0.22170688,0.08730318,0.18897505,0.20816680,0.96086494,0.64449510,0.76608923,0.74845127,1.60091282,1.72315597,1.70028117,0.18893793,0.25625673,0.11841394,0.41274775,1.34183763,0.36698018,0.40553774,0.37179258
950,0.11706482,0.01272406,0.31581456,0.26630121,0.23674076,-0.10638616,-0.32998078,-0.20096043,-1.27267913,-0.13035928,0.29950194,-0.03405977,0.40740650,0.06981883,0.37667078,0.94744518,1.57381149,0.18575730,0.10902939,-0.09518962,0.20863945,0.08655922,0.19388754,0.21233199,0.94744518,0.63017689,0.74754490,0.73678763,1.57381149,1.69158866,1.67551022,0.18575730,0.25028188,0.10902939,0.38791495,1.30085960,0.37853890,0.41560193,0.38813644
951,0.12049947,0.01281378,0.30873742,0.26914351,0.25335978,-0.10298175,-0.32545049,-0.20378659,-1.27152528,-0.12637351,0.32192383,-0.03062607,0.41882892,0.07441658,0.37448247,0.95144314,1.59536400,0.17974127,0.11479499,-0.09663582,0.19481575,0.08738449,0.19482805,0.21352756,0.95144314,0.64798561,0.75466046,0.73115327,1.59536400,1.70254113,1.67365451,0.17974127,0.24521005,0.11479499,0.38556572,1.30086798,0.39698338,0.42706695,0.38718810
952,0.11981127,0.01161497,0.29115034,0.23547851,0.20856907,-0.10405634,-0.29452463,-0.19763971,-1.23592818,-0.12588190,0.32640532,-0.03379770,0.42874640,0.07015471,0.38536445,0.94609109,1.56401554,0.17702103,0.11352164,-0.09685784,0.19689599,0.08746849,0.19819647,0.21663928,0.94609109,0.62163334,0.73239338,0.70973090,1.56401554,1.67575356,1.64727411,0.17702103,0.24006034,0.11352164,0.35378377,1.26388663,0.39623148,0.43652667,0.39636670
953,0.12221910,0.01271753,0.28396835,0.24350799,0.22788316,-0.10351253,-0.28533566,-0.19486591,-1.24266111,-0.12349502,0.34215982,-0.03365658,0.43349068,0.06895347,0.38416618,0.96169413,1.58645005,0.17031849,0.11496456,-0.09783393,0.19435423,0.08719462,0.19837400,0.21669136,0.96169413,0.62798555,0.72876922,0.70061515,1.58645005,1.68707722,1.65242011,0.17031849,0.23502653,0.11496456,0.35040745,1.27083995,0.41029301,0.44165639,0.39513234
954,0.12721265,0.01285034,0.26759880,0.22461353,0.20921700,-0.09304966,-0.26510900,-0.19499487,-1.22994478,-0.12330371,0.35385313,-0.03212539,0.44214407,0.07193116,0.38572511,0.97028638,1.58543163,0.16828676,0.11927105,-0.10139569,0.19127930,0.08823961,0.19992963,0.21853623,0.97028638,0.61998033,0.71579634,0.67982163,1.58543163,1.68323933,1.64188865,0.16828676,0.23408846,0.11927105,0.32631625,1.25801919,0.41770653,0.44945252,0.39684572
955,0.13388994,0.01267385,0.25608803,0.21215701,0.19888601,-0.09075282,-0.24044653,-0.19311907,-1.21499150,-0.12242101,0.36156667,-0.03323872,0.44090183,0.07294376,0.38405119,0.97998292,1.57815732,0.15921285,0.12100855,-0.10051489,0.19390758,0.08886343,0.20141948,0.22015112,0.97998292,0.60314703,0.68919535,0.65298732,1.57815732,1.66650927,1.62476865,0.15921285,0.22884740,0.12100855,0.30509178,1.24286104,0.42353400,0.44900013,0.39652244
956,0.12954324,0.01229759,0.25775352,0.20509543,0.17927824,-0.09722130,-0.23481691,-0.19211798,-1.21617022,-0.12169745,0.36354961,-0.03584721,0.44578928,0.06562587,0.40002154,0.98600071,1.58132168,0.15956158,0.11204628,-0.10204881,0.20606220,0.08903593,0.20245874,0.22117174,0.98600071,0.59926921,0.68856862,0.66256572,1.58132168,1.67206015,1.64023826,0.15956158,0.22500227,0.11204628,0.30165988,1.24351856,0.42544550,0.45398511,0.41059023
957,0.12575343,0.01253386,0.25352627,0.20046364,0.18804298,-0.09841476,-0.22252130,-0.19295946,-1.20777978,-0.12474661,0.35979938,-0.03613150,0.44382371,0.06637351,0.38486127,0.98979732,1.56912831,0.16047740,0.11928221,-0.10355445,0.21088116,0.08926501,0.20425775,0.22291135,0.98979732,0.58323965,0.67458564,0.63728466,1.56912831,1.66145879,1.61705475,0.16047740,0.22692516,0.11928221,0.29658868,1.23550647,0.42514839,0.45331659,0.39664081
958,0.13104310,0.01333690,0.25397386,0.20873278,0.20460349,-0.10074399,-0.20871289,-0.19425512,-1.21445408,-0.12722271,0.35573146,-0.03617414,0.44142475,0.06961703,0.38108636,1.01008787,1.57167443,0.16296861,0.12304533,-0.10532936,0.21302188,0.08948521,0.20382490,0.22260322,1.01008787,0.56534565,0.65906599,0.62270020,1.57167443,1.66589151,1.62084731,0.16296861,0.23299960,0.12304533,0.28986464,1.24275244,0.42374500,0.45144254,0.39363882
959,0.13354000,0.01266504,0.23551985,0.18159197,0.15656405,-0.09852000,-0.19579992,-0.19084300,-1.19400387,-0.13204917,0.36802207,-0.04104819,0.46009132,0.06117732,0.42242423,1.00247631,1.56322849,0.16505949,0.10983375,-0.10253576,0.21378334,0.08929499,0.20599927,0.22452015,1.00247631,0.56525711,0.66326251,0.64541097,1.56322849,1.66303970,1.63894869,0.16505949,0.23202234,0.10983375,0.27582351,1.22138000,0.43458867,0.47009711,0.43308897
960,0.13693777,0.01320221,0.20650701,0.16981727,0.15595022,-0.09167168,-0.17204230,-0.18532329,-1.17867338,-0.12777335,0.38919071,-0.03969396,0.47332819,0.06315186,0.42062291,1.01099945,1.56898438,0.15905034,0.11677326,-0.10377491,0.20516195,0.08900650,0.20718511,0.22549463,1.01099945,0.56277695,0.65256794,0.62038280,1.56898438,1.66074400,1.62187375,0.15905034,0.22717693,0.11677326,0.25620386,1.20560377,0.45030779,0.48249297,0.43073874
961,0.13740298,0.01399681,0.20635246,0.16853159,0.16034154,-0.08588505,-0.16388288,-0.18526894,-1.16348971,-0.11873254,0.37368399,-0.03095709,0.46414039,0.07198493,0.39578848,1.00455374,1.53862170,0.16351854,0.12465299,-0.09947054,0.19606776,0.08715025,0.20854152,0.22601931,1.00455374,0.53868731,0.63722961,0.59169661,1.53862170,1.63792385,1.58456608,0.16351854,0.22671921,0.12465299,0.25104639,1.19118928,0.43183046,0.47146445,0.40678483
962,0.13028054,0.01435708,0.18131637,0.15631407,0.15772075,-0.08739050,-0.14454124,-0.18149355,-1.15615840,-0.11036108,0.38294841,-0.02618343,0.47512890,0.08087314,0.39391657,1.01617401,1.54075241,0.16656462,0.13604073,-0.10675359,0.17931002,0.08681578,0.21069463,0.22787981,1.01617401,0.52846952,0.62883922,0.57456660,1.54075241,1.64217828,1.57737361,0.16656462,0.23234312,0.13604073,0.23624826,1.18481762,0.44052129,0.48210691,0.40604022
963,0.13758733,0.01497179,0.18484578,0.15820485,0.16378052,-0.07241759,-0.11873205,-0.17495201,-1.14604519,-0.09544106,0.39098241,-0.01506012,0.48236506,0.09246048,0.39476055,1.03285984,1.53912113,0.16485715,0.14111863,-0.10982034,0.19382065,0.08563864,0.21211086,0.22874657,1.03285984,0.51188642,0.60788377,0.54782118,1.53912113,1.63931480,1.56893872,0.16485715,0.23272917,0.14111863,0.20673197,1.17370616,0.44680336,0.48966034,0.40940184
964,0.13784176,0.01532615,0.17815900,0.16623696,0.18330107,-0.06760628,-0.11427412,-0.17715864,-1.13350859,-0.08807856,0.39716861,-0.01102773,0.47102933,0.09600288,0.37432121,1.02578159,1.53326722,0.15649585,0.14699764,-0.11152863,0.18443732,0.08403936,0.21260799,0.22861490,1.02578159,0.51325325,0.59299385,0.52581879,1.53326722,1.61712452,1.53894676,0.15649585,0.23405646,0.14699764,0.20846586,1.16422283,0.45271019,0.47861587,0.39045414
965,0.13556056,0.01638197,0.18342373,0.16905890,0.18794418,-0.06609515,-0.10631349,-0.17308165,-1.13863709,-0.07867796,0.40129767,-0.00811476,0.47879860,0.10062870,0.37483939,1.03847499,1.54287313,0.15901006,0.15380270,-0.12064722,0.20243576,0.08329422,0.21104712,0.22688943,1.03847499,0.51003504,0.59231300,0.51963381,1.54287313,1.62937531,1.54433696,0.15901006,0.23626240,0.15380270,0.20752577,1.16920451,0.46134447,0.48800320,0.39303375
966,0.14832171,0.01755339,0.20126090,0.18385652,0.20375305,-0.03583352,-0.11088744,-0.17491377,-1.14363747,-0.07763280,0.39580410,0.00062585,0.47588579,0.10793665,0.37045967,1.04231855,1.54265498,0.16534318,0.15545938,-0.11745499,0.20337844,0.08327332,0.21081869,0.22666929,1.04231855,0.51028005,0.59306240,0.51586162,1.54265498,1.63211660,1.54662897,0.16534318,0.24689434,0.15545938,0.21226041,1.17410249,0.45993450,0.48614946,0.39052472
967,0.15121752,0.01867031,0.21730443,0.20165196,0.22032483,-0.02859922,-0.12655784,-0.17054450,-1.15544155,-0.07347778,0.37079904,0.00635031,0.45064617,0.10316625,0.35999044,1.03881980,1.52936688,0.16529060,0.13716422,-0.11623505,0.19124757,0.08363393,0.20986740,0.22591804,1.03881980,0.50036042,0.58512673,0.51918198,1.52936688,1.61949136,1.54669253,0.16529060,0.23570279,0.13716422,0.22612110,1.18583204,0.43563700,0.46076427,0.37939456
968,0.14824093,0.01884670,0.22771586,0.21962228,0.24366855,-0.03402591,-0.12709064,-0.16828301,-1.17679349,-0.07781106,0.35304542,0.00388483,0.43449853,0.09990098,0.36713751,1.05874851,1.53251623,0.16933393,0.12110335,-0.11798008,0.19436977,0.08511734,0.20794239,0.22468867,1.05874851,0.48347581,0.56968720,0.52548248,1.53251623,1.62491954,1.57425137,0.16933393,0.23564996,0.12110335,0.22514420,1.20806259,0.42256027,0.44474065,0.38594181
969,0.14896734,0.01801112,0.21343840,0.20851426,0.22279836,-0.02930996,-0.11763042,-0.15485673,-1.16786596,-0.07007892,0.35803403,0.00440143,0.43801373,0.09957053,0.37844588,1.05805314,1.52828320,0.16241285,0.11677453,-0.11724376,0.19659361,0.08538379,0.20900903,0.22577680,1.05805314,0.47879356,0.56293029,0.52547495,1.52828320,1.61754128,1.57358563,0.16241285,0.22885971,0.11677453,0.21641750,1.19598135,0.42380844,0.44833188,0.39643187
970,0.14874972,0.01867154,0.23153183,0.22752184,0.25023222,-0.02240160,-0.13388801,-0.15475377,-1.20107532,-0.06967256,0.35734848,0.00293281,0.43539718,0.09971460,0.37596850,1.07547163,1.56078719,0.16396802,0.11863366,-0.11380962,0.18081606,0.08621155,0.20666011,0.22392149,1.07547163,0.49423349,0.57817613,0.54065349,1.56078719,1.64793453,1.60422248,0.16396802,0.23297986,0.11863366,0.23715409,1.22903195,0.42604371,0.44601215,0.39394007
971,0.14695206,0.01935988,0.23498119,0.23045880,0.25536014,-0.01489314,-0.13969896,-0.14844784,-1.21479389,-0.06669825,0.35087996,0.00214437,0.44145204,0.09552524,0.38955891,1.08343525,1.56786430,0.16754195,0.11269729,-0.11356032,0.17702849,0.08747680,0.20586198,0.22367687,1.08343525,0.49400893,0.58938143,0.55666442,1.56786430,1.66668203,1.62930086,0.16754195,0.23033792,0.11269729,0.24408242,1.24213869,0.42262143,0.45329876,0.40666519
972,0.14275178,0.01881346,0.23047057,0.23307520,0.25184387,-0.01754318,-0.13095281,-0.14389747,-1.22506678,-0.06346029,0.34924763,0.00459957,0.43403458,0.09336478,0.39897151,1.10157536,1.57637889,0.16891245,0.10179035,-0.12120925,0.18080450,0.08992008,0.20472215,0.22359960,1.10157536,0.48310707,0.57472083,0.55880643,1.57637889,1.67029851,1.64894201,0.16891245,0.23276550,0.10179035,0.24139521,1.25338891,0.42205907,0.44521846,0.41466672
973,0.14291797,0.02101133,0.23843911,0.24451031,0.26685727,-0.01138668,-0.14251557,-0.13621224,-1.24332740,-0.06928129,0.33447534,0.00244767,0.42426582,0.09253751,0.39743915,1.10805457,1.57922306,0.17364651,0.09824218,-0.12033358,0.17510108,0.09066615,0.20308752,0.22240704,1.10805457,0.48101706,0.57708852,0.56649563,1.57922306,1.67824516,1.66402763,0.17364651,0.23525907,0.09824218,0.25404193,1.27181182,0.41317879,0.43643089,0.41467823
974,0.13546670,0.01912302,0.23298983,0.23509756,0.25431056,-0.01912284,-0.14475884,-0.13540533,-1.24233537,-0.06636600,0.34351868,0.00229288,0.42579024,0.08885403,0.40322319,1.10397644,1.58736924,0.16589110,0.09370393,-0.12054392,0.18600425,0.09135726,0.20350900,0.22307412,1.10397644,0.49149160,0.57902410,0.57217296,1.58736924,1.67810881,1.66735870,0.16589110,0.22702295,0.09370393,0.24523244,1.26905875,0.41722690,0.43753508,0.41926080
975,0.13623978,0.01809757,0.24026379,0.23645186,0.26481770,-0.01822311,-0.14070686,-0.13379377,-1.23904363,-0.05902606,0.35420717,0.00518785,0.42180891,0.09357730,0.38625248,1.10457047,1.59502193,0.15640458,0.09912656,-0.11919095,0.18402543,0.08926997,0.20401722,0.22269295,1.10457047,0.49732166,0.57158301,0.55323656,1.59502193,1.67083293,1.64755329,0.15640458,0.21841875,0.09912656,0.24286913,1.26491179,0.42324204,0.43317674,0.40373265
976,0.13931979,0.01860263,0.23926063,0.23290007,0.26708143,-0.02023618,-0.13478107,-0.13478229,-1.23872108,-0.05779197,0.35433858,0.00583633,0.42803011,0.10151176,0.37789921,1.10995863,1.59493334,0.15794568,0.11229796,-0.12220171,0.17789159,0.08799648,0.20428461,0.22243108,1.10995863,0.49101047,0.57281111,0.54372147,1.59493334,1.67680153,1.64051715,0.15794568,0.22357708,0.11229796,0.24163387,1.26424216,0.42136384,0.43874662,0.39673648
977,0.13783076,0.01887660,0.23444087,0.22598171,0.26689951,-0.01963245,-0.11768562,-0.13277699,-1.22938175,-0.05564335,0.35955762,0.00742175,0.43352117,0.10248898,0.37446571,1.11751980,1.59083757,0.15803476,0.11784231,-0.12181601,0.18229603,0.08857392,0.20652387,0.22471637,1.11751980,0.47913908,0.56119633,0.52572546,1.59083757,1.67278235,1.62814236,0.15803476,0.22652240,0.11784231,0.23376384,1.25499089,0.42713034,0.44477422,0.39319510
978,0.14231074,0.01754696,0.22990161,0.21554028,0.25439391,-0.01621962,-0.11575894,-0.13766322,-1.21004439,-0.05478776,0.35679355,0.00612069,0.43702463,0.10225303,0.37548655,1.10103984,1.56909382,0.15522418,0.11932034,-0.11942600,0.17949567,0.08767171,0.20788762,0.22561824,1.10103984,0.47469441,0.56130370,0.52168443,1.56909382,1.65658508,1.60955147,0.15522418,0.21995612,0.11932034,0.22589624,1.23452486,0.42095887,0.44802286,0.39433941
979,0.14147605,0.01787995,0.22712571,0.21381967,0.24831008,-0.01549036,-0.11465349,-0.13726219,-1.20523126,-0.05212042,0.36828882,0.00497673,0.44565780,0.10073944,0.38158144,1.09738041,1.57588263,0.15456371,0.12047843,-0.11974811,0.17157695,0.08652288,0.20940021,0.22657152,1.09738041,0.48479712,0.56948430,0.52722078,1.57588263,1.66046768,1.61086583,0.15456371,0.21896083,0.12047843,0.23020679,1.23046920,0.43230781,0.45661351,0.39982743
980,0.14188205,0.01886472,0.23083536,0.21231572,0.24574439,-0.01317593,-0.11181342,-0.13719847,-1.20923100,-0.05324782,0.35073303,0.00302436,0.44034143,0.09737499,0.37648355,1.10441539,1.56232187,0.15888829,0.11994603,-0.12210795,0.18766803,0.08753083,0.21029023,0.22777977,1.10441539,0.46484172,0.56061481,0.51806496,1.56232187,1.65858775,1.60892732,0.15888829,0.21840198,0.11994603,0.22700763,1.23368275,0.41742444,0.45188857,0.39409477
981,0.14042872,0.01878283,0.22388980,0.20231468,0.22258622,-0.01332765,-0.08932168,-0.14026127,-1.20463795,-0.05772582,0.34874896,0.00598130,0.45635263,0.09863030,0.39635857,1.12261194,1.55569160,0.17445900,0.11829623,-0.12912942,0.20388057,0.08855833,0.21008148,0.22798422,1.12261194,0.44158440,0.55309172,0.51528004,1.55569160,1.67058528,1.62523910,0.17445900,0.23168317,0.11829623,0.21264285,1.23034460,0.41955038,0.46816344,0.41309024
982,0.14619578,0.01784825,0.22124916,0.19436873,0.20448729,-0.00596248,-0.06355737,-0.14016126,-1.19982507,-0.06964922,0.33500000,-0.00005548,0.46439310,0.09415740,0.41425807,1.14449389,1.53655516,0.19344771,0.11396979,-0.13140864,0.21327445,0.08952625,0.21036678,0.22862444,1.14449389,0.40621777,0.53399779,0.50270343,1.53655516,1.67355206,1.63764493,0.19344771,0.24620313,0.11396979,0.19317790,1.22606062,0.41130683,0.47555027,0.42938408
983,0.14931461,0.01664861,0.19954049,0.17810970,0.18152975,-0.00954704,-0.04284969,-0.13614927,-1.16579003,-0.06476645,0.37490867,0.00033510,0.47326334,0.09167914,0.41748450,1.13033442,1.54243959,0.17027828,0.11276810,-0.13111504,0.20307484,0.08729854,0.21394536,0.23107066,1.13033442,0.42344478,0.52255004,0.48556177,1.54243959,1.64815912,1.60585904,0.17027828,0.22662046,0.11276810,0.18580215,1.19160145,0.44058791,0.48358391,0.43217556
984,0.15300611,0.01622825,0.18116123,0.16722705,0.16827514,-0.01248043,-0.02647836,-0.14199679,-1.16958121,-0.07059923,0.38046516,-0.00043321,0.47837910,0.08995094,0.42430209,1.15090630,1.55171003,0.17257827,0.11073183,-0.13610087,0.20139725,0.08724346,0.21290438,0.23008628,1.15090630,0.41316037,0.51163172,0.47667140,1.55171003,1.65806897,1.61762692,0.17257827,0.22931570,0.11073183,0.18015876,1.19697290,0.44475459,0.48785041,0.43806864
985,0.16124593,0.01607809,0.18906795,0.16731400,0.16277786,-0.00448650,-0.01409734,-0.14080340,-1.15985517,-0.07387485,0.37228818,-0.00215435,0.47882717,0.08646566,0.41920221,1.15415997,1.53364102,0.17841523,0.11190975,-0.13217878,0.20303745,0.08781753,0.21386713,0.23119487,1.15415997,0.39438476,0.50037912,0.45856321,1.53364102,1.64843279,1.60205497,0.17841523,0.22942124,0.11190975,0.17804496,1.18616130,0.43633805,0.48747918,0.43194064
986,0.16577168,0.01681036,0.17048810,0.15731135,0.15730348,-0.00757883,-0.00285867,-0.14639936,-1.16314909,-0.06997082,0.39235385,-0.00179456,0.48868688,0.08596411,0.42029424,1.16895775,1.55740279,0.17170681,0.11577826,-0.13636222,0.20701221,0.08794029,0.21375883,0.23114137,1.16895775,0.40198538,0.49902941,0.44912797,1.55740279,1.66221937,1.60725023,0.17170681,0.22285610,0.11577826,0.17720216,1.19051382,0.45323346,0.49711092,0.43304556
987,0.17131735,0.01709875,0.17434142,0.16222779,0.16084186,-0.00340006,0.00703420,-0.14489936,-1.16059421,-0.07073791,0.37531063,0.00104399,0.47676043,0.08811038,0.41547782,1.17663135,1.53769975,0.18040708,0.11034285,-0.13876345,0.20214581,0.08826231,0.21471637,0.23214943,1.17663135,0.37620884,0.47901007,0.43618813,1.53769975,1.64871819,1.60078643,0.18040708,0.22883501,0.11034285,0.18142359,1.18905098,0.43989787,0.48472633,0.42873285
988,0.16888006,0.01714806,0.16028384,0.15325614,0.15806280,-0.01246141,0.01590692,-0.14398793,-1.13757688,-0.05818185,0.40797549,0.00652081,0.48986884,0.09633965,0.41807330,1.16132478,1.54794067,0.16654995,0.11873464,-0.13750378,0.18735230,0.08623849,0.21805282,0.23448690,1.16132478,0.39620629,0.48387333,0.43501871,1.54794067,1.63914397,1.58165256,0.16654995,0.22222329,0.11873464,0.18329177,1.16596824,0.46546487,0.49750854,0.43280124
989,0.16920190,0.01660826,0.15420057,0.14555989,0.14668715,-0.01352457,0.01869792,-0.14550266,-1.14501793,-0.06255426,0.40577292,-0.00087565,0.49560218,0.09049660,0.43152592,1.17166089,1.55302949,0.16665586,0.11572650,-0.13683745,0.19663096,0.08691378,0.21752126,0.23424241,1.17166089,0.39241679,0.48443595,0.44093081,1.55302949,1.65119401,1.60101015,0.16665586,0.22056784,0.11572650,0.17585833,1.17282630,0.46405375,0.50374286,0.44491833
990,0.17233149,0.01711060,0.15329367,0.14422577,0.14257526,-0.01524861,0.02562941,-0.14769012,-1.15104719,-0.06551940,0.40037392,-0.00209136,0.49100134,0.09120141,0.42984735,1.18464515,1.55360611,0.17001221,0.11475812,-0.13759656,0.19364730,0.08707045,0.21736681,0.23415720,1.18464515,0.38036271,0.47374405,0.43343369,1.55360611,1.65310338,1.60589588,0.17001221,0.22311758,0.11475812,0.17648139,1.17927038,0.45931609,0.49852441,0.44340050
991,0.17283231,0.01815211,0.15727307,0.14827408,0.14564164,-0.01353418,0.03326124,-0.14631802,-1.15273781,-0.06929026,0.37797509,-0.00043999,0.47898332,0.09171881,0.41650526,1.19402218,1.53265475,0.18026728,0.11328478,-0.13876855,0.19164727,0.08753896,0.21777645,0.23471185,1.19402218,0.35173107,0.45496923,0.41270207,1.53265475,1.64326690,1.59421693,0.18026728,0.22568942,0.11328478,0.17923239,1.18150243,0.44168951,0.48651611,0.43131677
992,0.17337143,0.01724173,0.15851440,0.14036321,0.13251792,-0.01505432,0.03231758,-0.14661971,-1.14993395,-0.07367562,0.37093501,-0.00626884,0.48620822,0.08261260,0.44172971,1.19015342,1.52265825,0.18462303,0.10215350,-0.13265689,0.20160029,0.08839522,0.21921252,0.23636379,1.19015342,0.34714194,0.46069679,0.43308552,1.52265825,1.64626510,1.61416159,0.18462303,0.22862055,0.10215350,0.17076997,1.17721522,0.43556453,0.49425470,0.45406457
993,0.17740429,0.01774203,0.15452348,0.14543467,0.14436980,-0.01995052,0.03677161,-0.15041576,-1.14873994,-0.07364432,0.36603925,-0.00263155,0.46178657,0.08339126,0.41585125,1.19325495,1.51672423,0.17562998,0.09833114,-0.13632695,0.19778662,0.08963624,0.22058818,0.23810460,1.19325495,0.33588692,0.43478339,0.40608948,1.51672423,1.62230220,1.58814734,0.17562998,0.21723040,0.09833114,0.17864129,1.17761597,0.42968806,0.46931444,0.43004317
994,0.18312130,0.01708563,0.16141096,0.14796620,0.14730114,-0.02412718,0.03324256,-0.15950014,-1.15776847,-0.07553746,0.36939062,-0.00195195,0.46198270,0.08770328,0.41046815,1.19939071,1.52947966,0.17479121,0.10432713,-0.13625519,0.20655848,0.08996649,0.22010350,0.23778041,1.19939071,0.34341098,0.43685432,0.40468646,1.52947966,1.63197009,1.59341335,0.17479121,0.22059220,0.10432713,0.17278835,1.18726656,0.43438308,0.47011007,0.42605913
995,0.17936797,0.01774773,0.16070741,0.15049784,0.14652662,-0.03127346,0.03249604,-0.16525565,-1.16237602,-0.07844660,0.35675272,-0.00079604,0.44474789,0.08773087,0.40308212,1.20305228,1.52161133,0.17313294,0.09888571,-0.13951027,0.20881004,0.08974658,0.21970123,0.23732484,1.20305228,0.33066706,0.42160150,0.40117791,1.52161133,1.62024302,1.59176129,0.17313294,0.22319696,0.09888571,0.17488271,1.19265591,0.42303648,0.45300567,0.41871540
996,0.17860476,0.01795287,0.17643521,0.15451673,0.14997202,-0.03164802,0.03906159,-0.16902050,-1.17710836,-0.07642298,0.36064584,-0.00023113,0.45580956,0.09544813,0.39349131,1.22449357,1.54054919,0.17858103,0.11548314,-0.14239123,0.20880486,0.09100815,0.21816851,0.23638947,1.22449357,0.32757849,0.42690308,0.39071704,1.54054919,1.64637537,1.59905791,0.17858103,0.22902877,0.11548314,0.18287162,1.20825204,0.42892927,0.46437141,0.41116488
997,0.17684222,0.01836536,0.19803442,0.16898275,0.16510043,-0.03603556,0.03877688,-0.17940091,-1.18964292,-0.08111557,0.35133198,0.00096518,0.44380392,0.10069622,0.37470001,1.23730479,1.54411023,0.18248509,0.12258945,-0.14382230,0.21165566,0.09122455,0.21620429,0.23466191,1.23730479,0.31835960,0.41739857,0.37939162,1.54411023,1.64855910,1.59611120,0.18248509,0.23795014,0.12258945,0.19148637,1.22319199,0.42469713,0.45287561,0.39474273
998,0.17866252,0.01725324,0.17660859,0.15376397,0.15784028,-0.04020368,0.04939858,-0.18343312,-1.18942529,-0.08314070,0.36205567,0.00152334,0.46080828,0.10803466,0.37312010,1.24748506,1.55472525,0.18569063,0.13889993,-0.15016294,0.21518316,0.09088489,0.21487344,0.23330379,1.24748506,0.31766942,0.42457261,0.37335237,1.55472525,1.66550564,1.59603203,0.18569063,0.24240169,0.13889993,0.19750956,1.22323090,0.43339300,0.46965498,0.39554648
999,0.17421551,0.01664619,0.17892400,0.15104077,0.14746624,-0.04679317,0.05285757,-0.18829872,-1.18115468,-0.08544587,0.35439100,-0.00307758,0.46723929,0.09805157,0.40100192,1.24282832,1.53900477,0.19684381,0.12107530,-0.15358534,0.20367478,0.08993093,0.21539601,0.23341596,1.24282832,0.30601543,0.42936933,0.39287391,1.53900477,1.66519597,1.61511119,0.19684381,0.23868749,0.12107530,0.20431596,1.21880285,0.42933400,0.47548701,0.42077125
1000,0.17337886,0.01715931,0.18236329,0.15164589,0.14838092,-0.05726642,0.05368091,-0.19100467,-1.18482992,-0.08492946,0.37549614,-0.00556401,0.48055381,0.10039792,0.40492199,1.24651821,1.56393466,0.19203491,0.13046450,-0.15363939,0.20297671,0.09029243,0.21521463,0.23338822,1.24651821,0.32548705,0.44138766,0.39991506,1.56393466,1.68189600,1.62346845,0.19203491,0.23919285,0.13046450,0.20781366,1.22335921,0.44977364,0.48945869,0.42560228
1001,0.17329213,0.01546822,0.16964939,0.14630226,0.14071199,-0.05688382,0.06780790,-0.19053468,-1.16002772,-0.08916825,0.36857420,-0.00865998,0.47482421,0.08211625,0.43764964,1.23602120,1.53197052,0.19258164,0.09816602,-0.15290397,0.20840350,0.09055405,0.21864216,0.23665256,1.23602120,0.30541352,0.42115229,0.40771567,1.53197052,1.65130483,1.62757785,0.19258164,0.23343543,0.09816602,0.21228386,1.20001403,0.44616235,0.48452787,0.45475508
1002,0.17337880,0.01402734,0.16883238,0.14296301,0.13680927,-0.06095075,0.06278246,-0.19887159,-1.16481708,-0.09191473,0.36169871,-0.01234596,0.47575371,0.07942491,0.44094834,1.23657013,1.53025988,0.19658138,0.09818622,-0.15044920,0.21848370,0.09054847,0.21777344,0.23584804,1.23657013,0.30520030,0.42455554,0.41294351,1.53025988,1.65716646,1.63604226,0.19658138,0.23600115,0.09818622,0.19989244,1.20486093,0.43995374,0.48511810,0.45726455
1003,0.17434101,0.01392363,0.16741930,0.14643246,0.14159834,-0.06621131,0.06559002,-0.19873329,-1.17409763,-0.09520232,0.36084340,-0.01241174,0.47202084,0.08114139,0.44076368,1.24832280,1.53843700,0.19681722,0.09864498,-0.15302788,0.22355406,0.09206968,0.21754426,0.23622517,1.24832280,0.30220362,0.41813002,0.41162126,1.53843700,1.66294586,1.64543180,0.19681722,0.23951081,0.09864498,0.20217770,1.21514819,0.44206777,0.48209325,0.45832936
1004,0.16755847,0.01178081,0.14466414,0.12902497,0.12928949,-0.07730030,0.07586089,-0.18984039,-1.15032173,-0.09608411,0.36792609,-0.02116162,0.50002860,0.06153983,0.48217544,1.23325536,1.52114144,0.20039779,0.08461824,-0.14691898,0.23483013,0.09310416,0.22185366,0.24059807,1.23325536,0.30113855,0.43202917,0.43333717,1.52114144,1.66392515,1.65662828,0.20039779,0.23372430,0.08461824,0.19069007,1.18753066,0.44331130,0.50981230,0.49597156
1005,0.17802803,0.01101202,0.13545701,0.12185545,0.12464386,-0.07391123,0.08479179,-0.18626459,-1.13207953,-0.10635734,0.36533710,-0.02935659,0.49715689,0.06723454,0.46642139,1.22393449,1.49955705,0.19854912,0.10138836,-0.14259087,0.23753291,0.09428141,0.22408343,0.24310979,1.22393449,0.29179428,0.41820947,0.41011701,1.49955705,1.64127873,1.62286436,0.19854912,0.23643423,0.10138836,0.18299367,1.16677495,0.43839231,0.50622841,0.48033751
1006,0.17914395,0.01250848,0.14502847,0.12845542,0.13195397,-0.07990176,0.07893565,-0.18943559,-1.14629878,-0.11595023,0.34442592,-0.03183803,0.47374024,0.06998494,0.43922546,1.23190153,1.49253509,0.20054548,0.10753817,-0.14185516,0.23793263,0.09641857,0.22362035,0.24352126,1.23190153,0.27619818,0.40237896,0.39462359,1.49253509,1.63265475,1.61146060,0.20054548,0.24371547,0.10753817,0.18738528,1.18179212,0.42331823,0.48306633,0.45402652
1007,0.19052643,0.01141583,0.14914747,0.13509869,0.14300102,-0.07600393,0.08768919,-0.18964880,-1.14052686,-0.11611659,0.33713333,-0.03445702,0.45542438,0.06228855,0.43378322,1.23528178,1.47948868,0.19020389,0.09940815,-0.13560028,0.23444723,0.09700087,0.22424632,0.24432679,1.23528178,0.26147593,0.37446895,0.37602043,1.47948868,1.60828304,1.59861928,0.19020389,0.23432961,0.09940815,0.18345914,1.17494528,0.41354140,0.46454948,0.44783505
1008,0.19011969,0.01164256,0.14761338,0.13305655,0.13462564,-0.08136180,0.08881450,-0.19228649,-1.14019463,-0.11264166,0.34659049,-0.03131523,0.46439912,0.05828229,0.45173715,1.23593942,1.48891861,0.18986291,0.09070112,-0.13509652,0.23889174,0.09782767,0.22550205,0.24580770,1.23593942,0.26812585,0.38330296,0.39228141,1.48891861,1.61764313,1.61605294,0.18986291,0.23305314,0.09070112,0.18631392,1.17543760,0.42009323,0.47301581,0.46437718
1009,0.19115247,0.01077163,0.12590971,0.13173236,0.14327562,-0.09262394,0.09376934,-0.19942856,-1.11768108,-0.11375997,0.35990802,-0.03602350,0.47589777,0.05584276,0.46320256,1.21831779,1.48007632,0.18517757,0.09317741,-0.13655239,0.24032252,0.09757318,0.22718880,0.24725549,1.21831779,0.27562423,0.38993425,0.40058539,1.48007632,1.60686567,1.60561203,0.18517757,0.22828707,0.09317741,0.18522546,1.15330360,0.42653609,0.48343227,0.47442268
1010,0.18281288,0.01171840,0.11863893,0.15867322,0.17671952,-0.11295410,0.11044303,-0.21349629,-1.12876788,-0.12456150,0.33714211,-0.03572852,0.45548896,0.06886117,0.44566634,1.24505921,1.46872657,0.19599280,0.10530995,-0.14338351,0.23696957,0.09756894,0.22422217,0.24453073,1.24505921,0.23193499,0.36272044,0.38837491,1.46872657,1.60099795,1.60566707,0.19599280,0.25270439,0.10530995,0.21783591,1.16899833,0.41015209,0.46208125,0.45739396
1011,0.18751405,0.00905841,0.10695187,0.14677008,0.16036658,-0.11274950,0.13536688,-0.22426333,-1.10138245,-0.12845802,0.34593141,-0.04247063,0.47257907,0.05566534,0.48586801,1.24324772,1.45055567,0.19358416,0.09962795,-0.14424369,0.25132526,0.09758396,0.22454213,0.24483014,1.24324772,0.21609869,0.35200754,0.39371653,1.45055567,1.59001281,1.61637888,0.19358416,0.25507649,0.09962795,0.22156757,1.14077943,0.41072820,0.47849883,0.49442671
1012,0.18079807,0.01135117,0.10550255,0.14068687,0.15516894,-0.12625818,0.13677403,-0.23396972,-1.08305230,-0.12630023,0.38598248,-0.04507887,0.50221461,0.05250010,0.50466088,1.22547247,1.47304422,0.18396079,0.09841507,-0.14952647,0.25494370,0.09885862,0.22540482,0.24613078,1.22547247,0.25134388,0.38376738,0.41529517,1.47304422,1.60188377,1.61772468,0.18396079,0.23875003,0.09841507,0.24067545,1.12585640,0.44638042,0.50880684,0.51375095
1013,0.19370548,0.01316270,0.09733195,0.15932360,0.18377535,-0.13543165,0.16052097,-0.26494190,-1.04601755,-0.12908354,0.38151840,-0.05135228,0.51486892,0.04822013,0.52515887,1.21451748,1.43438841,0.18886672,0.10202920,-0.15642665,0.25285266,0.10061793,0.22357935,0.24517686,1.21451748,0.22170179,0.37571607,0.41468506,1.43438841,1.58189151,1.60680203,0.18886672,0.24496764,0.10202920,0.25767401,1.09737882,0.43554273,0.52054561,0.53291071
1014,0.20037553,0.01580773,0.08690061,0.17729737,0.19867240,-0.16566808,0.20613630,-0.29877330,-0.95937678,-0.13837523,0.40515294,-0.05148935,0.51614979,0.05946696,0.53533988,1.17422139,1.37461712,0.17145785,0.11392575,-0.16016741,0.24407521,0.10234451,0.22203629,0.24448827,1.17422139,0.20103584,0.34232767,0.40533837,1.37461712,1.50275641,1.54203553,0.17145785,0.25007869,0.11392575,0.30736308,1.02616396,0.45866944,0.52301439,0.54518277
1015,0.21417986,0.02270819,0.05383934,0.10542998,0.10141070,-0.20508505,0.29041379,-0.37566965,-0.82556189,-0.15089107,0.41101857,-0.02899457,0.56174506,0.09260456,0.59874829,1.12999552,1.25698528,0.21170022,0.12759987,-0.16868801,0.22052962,0.09802181,0.19463408,0.21792361,1.12999552,0.13558818,0.32811588,0.43082499,1.25698528,1.43373886,1.50217663,0.21170022,0.31620758,0.12759987,0.38094714,0.92583213,0.46855486,0.56840444,0.61296269
1016,0.17629296,0.41403991,0.09384745,0.15916872,0.21137277,-0.29383341,0.40999735,-0.32532809,-0.12643802,-0.09536670,0.42557614,0.04688533,0.42916172,0.18927156,0.53946551,0.53814270,0.60418275,0.18338817,0.18402456,-0.21265354,0.23628494,0.10044918,0.18476966,0.21030897,0.53814270,0.20713064,0.38254920,0.51808809,0.60418275,0.69857099,0.85743348,0.18338817,0.31633057,0.18402456,0.55489578,0.43539308,0.46957676,0.43564243,0.57972629
1017,0.14798049,0.02067178,0.02752739,0.08579372,0.11755919,-0.57273845,0.94630269,-0.46057187,0.89276901,-0.24434332,1.07928956,-0.00051439,1.10063129,0.26604881,1.15446280,0.15475744,0.30844517,0.28416088,0.27212234,-0.36297298,0.36750709,0.11629288,0.12528251,0.17093783,0.15475744,0.35513851,0.61622328,0.88248806,0.30844517,0.56829118,0.81840571,0.28416088,0.53844945,0.27212234,1.15202931,1.08659720,1.14591348,1.11124405,1.19336594
1018,0.09509657,0.31228865,0.21584033,0.26272451,0.21743126,-0.80528320,0.49609045,-0.45128656,0.71957256,-0.17112163,0.90487500,0.11681760,1.08822005,0.33657075,1.05658824,0.46015783,0.36149910,0.37370082,0.22296979,-0.63496198,0.48704793,0.10682247,0.10122942,0.14716806,0.46015783,0.75667758,1.09993207,1.27721243,0.36149910,0.73502553,0.91000006,0.37370082,0.55729636,0.22296979,1.00466377,1.00105648,1.00251311,1.12136084,1.13120135
1019,0.12527679,0.24020758,0.20992502,0.19070841,0.16177191,-0.02460279,-0.04836514,-0.44196361,-0.20333898,-0.63558630,0.15818140,-0.65905474,0.22638096,-0.56795875,0.26072130,0.44551251,0.42638176,0.14031004,0.16442806,0.31287428,-0.52712642,0.04893901,0.10443728,0.11533504,0.44551251,0.65857239,0.73642981,0.73474672,0.42638176,0.53663169,0.60645723,0.14031004,0.28111876,0.16442806,0.48637530,0.67420660,0.74266699,0.73374405,0.63246008
1020,0.07247954,0.04818492,0.12759563,0.12948588,0.09003879,-0.87149913,-0.16644805,-0.68769442,-1.81943059,-0.53657047,-0.78273903,-0.40659867,-0.56367143,-0.29573463,-0.43196429,1.71229398,1.05154022,0.28130444,0.17399112,-1.09146224,1.44298071,0.05835147,0.07401075,0.09424694,1.71229398,0.76965429,0.64257800,0.67199724,1.05154022,1.30381805,1.45353103,0.28130444,0.43578846,0.17399112,0.91639983,2.04655162,1.09490819,0.81557078,0.69159772
1021,0.16056497,0.03565898,0.35331349,0.35371521,0.38559602,-0.04755205,-0.25207234,-0.08264477,-1.44667819,-0.00210055,0.19919657,-0.11717431,0.33721948,-0.25554120,0.42543780,1.19914126,1.64853827,0.21584243,0.16725528,0.17625788,0.23719901,0.12084502,0.16708942,0.20620959,1.19914126,0.45633069,0.59742131,0.71596684,1.64853827,1.79206663,1.89066321,0.21584243,0.37214912,0.16725528,0.34956788,1.48738901,0.34998508,0.39463474,0.51454148
1022,0.16329242,0.02219875,0.33441755,0.33317811,0.38955674,0.00732022,-0.28303274,0.02348694,-1.44217958,0.06196935,0.30544422,0.00754542,0.43097303,-0.12070923,0.40292107,1.16126630,1.74827697,0.18542071,0.13894074,0.13160971,0.07382621,0.11662317,0.19136534,0.22410189,1.16126630,0.59235506,0.71907528,0.70993685,1.74827697,1.87949707,1.86138968,0.18542071,0.26830207,0.13894074,0.35581818,1.47001655,0.40296049,0.45029640,0.42907669
1023,0.12199465,0.02545118,0.34681345,0.30367297,0.34705921,0.02461022,-0.33308678,0.04520758,-1.38961177,0.03758307,0.30318573,0.00026164,0.44550356,-0.08775359,0.41091872,1.05724619,1.69281878,0.18985849,0.10083595,0.10875236,0.09332521,0.11260719,0.20634318,0.23506996,1.05724619,0.63747378,0.78339021,0.76165353,1.69281878,1.83934373,1.81175867,0.18985849,0.22658288,0.10083595,0.39584405,1.41187795,0.39435619,0.46390709,0.43065080
1024,0.11495017,0.01904103,0.38544144,0.33563349,0.37842465,-0.00320244,-0.39685162,0.05163729,-1.45558792,0.04991427,0.17095861,0.00693481,0.38990041,-0.08036031,0.36681684,1.06016057,1.62665139,0.24745866,0.09915659,0.08896608,0.09614724,0.11119596,0.20590630,0.23401270,1.06016057,0.57069918,0.79143754,0.77788875,1.62665139,1.84815602,1.83176940,0.24745866,0.27790887,0.09915659,0.45159157,1.47283456,0.29654649,0.41108920,0.38594644
1025,0.11457934,0.01575101,0.37858360,0.33547987,0.38052300,0.01806554,-0.35860850,0.07069703,-1.41714014,0.05441742,0.17413137,0.00958017,0.37899058,-0.08672651,0.36117190,1.05987313,1.59140203,0.23754465,0.10520923,0.09797834,0.12053621,0.11548450,0.20933426,0.23907635,1.05987313,0.53438097,0.74322110,0.73876691,1.59140203,1.79991237,1.79057215,0.23754465,0.27822101,0.10520923,0.41797213,1.43622916,0.29725079,0.39859725,0.38096824
1026,0.12599614,0.01214461,0.34937073,0.32119114,0.38868723,-0.01041703,-0.34774318,0.08872470,-1.37549671,0.06278760,0.22630094,0.01517269,0.36435638,-0.08364158,0.32572530,1.03259599,1.60211877,0.18380183,0.11252999,0.09356261,0.11920496,0.11376540,0.21469261,0.24297219,1.03259599,0.57952488,0.71709968,0.68764982,1.60211877,1.74387472,1.71488451,0.18380183,0.23143204,0.11252999,0.40045929,1.39433577,0.32827441,0.38321391,0.34573700
1027,0.13825013,0.01254474,0.35669348,0.33309447,0.38177589,-0.01271165,-0.30631494,0.11582060,-1.38298101,0.06991435,0.19600466,0.02163214,0.36467738,-0.07615861,0.34724750,1.08436598,1.57987535,0.20833838,0.10388549,0.09844407,0.14296924,0.10957771,0.21377464,0.24022255,1.08436598,0.51044414,0.67603499,0.66503084,1.57987535,1.75229841,1.74472431,0.20833838,0.25415706,0.10388549,0.36197475,1.40264317,0.31008015,0.38375723,0.36601672
1028,0.14344796,0.01273193,0.33418354,0.31838459,0.35843953,0.00532849,-0.26850996,0.13415369,-1.35240436,0.08952200,0.25617904,0.03108342,0.37792628,-0.07035018,0.35309383,1.09159277,1.60931145,0.17775790,0.10777461,0.09802151,0.13551396,0.10806783,0.21576050,0.24131152,1.09159277,0.53230738,0.65244910,0.63598755,1.60931145,1.73610169,1.72214948,0.17775790,0.23490748,0.10777461,0.32996117,1.37427011,0.35108185,0.39405308,0.36892709
1029,0.14228475,0.01196079,0.32730869,0.28654088,0.29709848,0.00645279,-0.22596670,0.13071280,-1.33162322,0.07151617,0.26110630,0.02011654,0.40026772,-0.07655161,0.39541431,1.11268124,1.59401550,0.18593912,0.09906472,0.09882324,0.13624405,0.10432937,0.21508937,0.23905659,1.11268124,0.49273913,0.63095135,0.63434397,1.59401550,1.73763458,1.74283170,0.18593912,0.24022063,0.09906472,0.29613547,1.35337048,0.35368832,0.41708680,0.41367180
1030,0.14714160,0.01096914,0.33599071,0.32043302,0.33750134,0.00519899,-0.27139853,0.13141046,-1.36244057,0.06406151,0.27718361,0.00710920,0.39169226,-0.08433274,0.37885745,1.09841652,1.64115152,0.17398324,0.09411105,0.10245656,0.11680602,0.10356674,0.21102719,0.23507136,1.09841652,0.55293825,0.66807617,0.66390761,1.64115152,1.76115886,1.75833411,0.17398324,0.22559351,0.09411105,0.33862136,1.38588283,0.37152841,0.41001581,0.40151667
1031,0.14854036,0.01086742,0.32479669,0.30753149,0.33197373,0.00828705,-0.25975282,0.13127590,-1.34723184,0.06104554,0.30037589,0.00155798,0.40625652,-0.08598705,0.38557697,1.09456623,1.64927304,0.16413344,0.09147473,0.09994871,0.11534067,0.10370094,0.21192680,0.23593824,1.09456623,0.56417469,0.66954556,0.65769550,1.64927304,1.76042046,1.74943428,0.16413344,0.21215915,0.09147473,0.32321047,1.36989034,0.38573356,0.42469371,0.40932382
1032,0.14701648,0.01194339,0.33523266,0.32179661,0.32776722,0.01492727,-0.27756519,0.13764420,-1.36814869,0.05753732,0.25948261,0.00084909,0.39155610,-0.08770333,0.38709262,1.09783635,1.62978517,0.18312123,0.08997695,0.10213725,0.12278361,0.10153670,0.20970921,0.23299711,1.09783635,0.54133458,0.67199756,0.67679312,1.62978517,1.76725639,1.77271953,0.18312123,0.23230275,0.08997695,0.33240554,1.39111888,0.35495513,0.41006191,0.41093978
1033,0.15246610,0.01196288,0.34155612,0.32352202,0.34267402,0.01122863,-0.26109433,0.13737371,-1.36899720,0.05020064,0.26019881,-0.00801072,0.38750782,-0.10522500,0.37463461,1.11535167,1.63170164,0.18029373,0.10103290,0.09618747,0.09645314,0.10046404,0.20918018,0.23205467,1.11535167,0.52507324,0.65206147,0.65234845,1.63170164,1.76479329,1.76411718,0.18029373,0.23723298,0.10103290,0.32298882,1.39260966,0.35696426,0.40741608,0.40208257
1034,0.14797848,0.01189671,0.32554299,0.30712916,0.32757842,0.02431192,-0.22829873,0.14917187,-1.32939901,0.05523964,0.29755329,-0.00862974,0.39522610,-0.10519443,0.37937274,1.10835821,1.62981856,0.15802960,0.09927777,0.09591268,0.12301947,0.10142970,0.21171520,0.23475798,1.10835821,0.52857339,0.62754641,0.62639043,1.62981856,1.73386242,1.73053115,0.15802960,0.21825138,0.09927777,0.29241169,1.35293859,0.37700960,0.41263315,0.40657027
1035,0.14907937,0.01145898,0.33771252,0.32704726,0.36329629,0.02704304,-0.24384863,0.16375963,-1.35770421,0.05956199,0.27479283,-0.00884087,0.37215645,-0.11322112,0.34163937,1.12247461,1.63595270,0.16524334,0.11109582,0.09925546,0.13046354,0.10168088,0.20930027,0.23269208,1.12247461,0.52161103,0.62096063,0.60908849,1.63595270,1.74097577,1.72570227,0.16524334,0.23063567,0.11109582,0.30695285,1.38336560,0.36296785,0.38958354,0.37152554
1036,0.15061215,0.01219261,0.34263910,0.32742202,0.36525526,0.02519550,-0.24988208,0.16738459,-1.36076052,0.06018097,0.27921350,-0.01317979,0.37801157,-0.11805075,0.33970388,1.12023128,1.64357279,0.16711872,0.11378274,0.10247422,0.12861108,0.10018141,0.20875487,0.23154894,1.12023128,0.53203133,0.63290231,0.61360174,1.64357279,1.75070568,1.72821954,0.16711872,0.23163112,0.11378274,0.31174726,1.38703295,0.36557806,0.39536742,0.37150411
1037,0.15104065,0.01122430,0.35454286,0.33521776,0.38002349,0.02131137,-0.26436021,0.17435108,-1.36994069,0.06302830,0.25687837,-0.01133371,0.36894813,-0.11728059,0.32189963,1.11643715,1.63077322,0.17401711,0.11866063,0.09676245,0.13239163,0.10082555,0.20870019,0.23177912,1.11643715,0.52515924,0.63715500,0.60869075,1.63077322,1.75100374,1.72054981,0.17401711,0.23488188,0.11866063,0.31846343,1.39580167,0.34718351,0.38646532,0.35400453
1038,0.15220577,0.01114975,0.35602276,0.35109556,0.39671587,0.03063671,-0.30356022,0.18557520,-1.40068875,0.06528609,0.26556235,-0.00861785,0.35324965,-0.10889177,0.30916879,1.10852495,1.67065763,0.16424548,0.11292303,0.10798523,0.13664235,0.09926138,0.20755345,0.23006794,1.10852495,0.57227320,0.66155226,0.63571890,1.67065763,1.76761666,1.73987061,0.16424548,0.23081300,0.11292303,0.35049100,1.42788473,0.35188565,0.36830276,0.33657276
1039,0.15355456,0.01162463,0.36414661,0.35245319,0.38677789,0.04497901,-0.29824422,0.20164933,-1.40019697,0.06569083,0.25701558,-0.00910734,0.34886786,-0.11147130,0.30750407,1.11335167,1.66286094,0.16756779,0.11426851,0.10299183,0.11669971,0.09579564,0.20711725,0.22819807,1.11335167,0.55730432,0.65374973,0.63437932,1.66286094,1.76467525,1.74115082,0.16756779,0.23629289,0.11426851,0.34978314,1.42923485,0.34469279,0.36346725,0.33493954
1040,0.15357889,0.01147649,0.35989646,0.34988021,0.38960323,0.05141236,-0.30153939,0.21810086,-1.40071526,0.06407336,0.26587907,-0.00994337,0.35172276,-0.11627355,0.29991957,1.11216518,1.67378165,0.16530118,0.12215442,0.10313101,0.11395156,0.09357500,0.20496062,0.22531120,1.11216518,0.56954279,0.66016712,0.63289430,1.67378165,1.77024000,1.73836744,0.16530118,0.23756926,0.12215442,0.35145084,1.43215323,0.35133496,0.36585849,0.32913302
1041,0.16070948,0.01056577,0.36456185,0.35952800,0.38995111,0.04452079,-0.33028341,0.23792459,-1.42307194,0.07088673,0.25998837,-0.00193600,0.34720157,-0.10750093,0.29845332,1.11032058,1.69149173,0.16717369,0.12010459,0.10218223,0.10608399,0.09211156,0.20119948,0.22128210,1.11032058,0.59373873,0.68210727,0.65369393,1.69149173,1.78919950,1.76058847,0.16717369,0.23795249,0.12010459,0.37340948,1.45708355,0.35222603,0.36250126,0.32576443
1042,0.16008924,0.01001306,0.36958335,0.36617078,0.39355896,0.05806423,-0.33384740,0.24507124,-1.43031391,0.07165633,0.26568757,-0.00035129,0.35425191,-0.10632680,0.29776410,1.11295342,1.70496576,0.16750751,0.12290777,0.10304340,0.12071131,0.09300079,0.20009852,0.22065486,1.11295342,0.60253585,0.69354246,0.65886599,1.70496576,1.80426159,1.76811242,0.16750751,0.23417346,0.12290777,0.37786876,1.46561513,0.35590828,0.36895442,0.32540768
1043,0.15694034,0.00903497,0.35543033,0.35508054,0.39070723,0.07589815,-0.33440925,0.24820181,-1.41674718,0.07462208,0.28071674,-0.00426461,0.35809022,-0.10909669,0.29028668,1.09688599,1.70640269,0.16403731,0.12678672,0.10059357,0.12831824,0.09238612,0.20019696,0.22048587,1.09688599,0.61825463,0.69962710,0.65655487,1.70640269,1.79571910,1.74857923,0.16403731,0.23320741,0.12678672,0.37566083,1.45192774,0.36168000,0.37031481,0.31839999
1044,0.15594801,0.00939307,0.35971195,0.35911289,0.38923713,0.07943757,-0.33848494,0.25277168,-1.41418213,0.07426868,0.28486615,-0.00360908,0.36541748,-0.10916534,0.29680057,1.09053066,1.70845935,0.16952383,0.12794467,0.10425024,0.12114605,0.09304028,0.20046809,0.22100667,1.09053066,0.62625452,0.71196367,0.66877392,1.70845935,1.80151402,1.75410173,0.16952383,0.23726298,0.12794467,0.38454301,1.45186007,0.37010204,0.37811074,0.32484871
1045,0.14498174,0.01044761,0.34668588,0.36218026,0.39434477,0.10703507,-0.33919245,0.25749610,-1.41244024,0.08213860,0.28947280,-0.00090508,0.36785322,-0.10503052,0.29881008,1.08475846,1.71094128,0.17139506,0.12592021,0.11154450,0.13779391,0.09281460,0.19973381,0.22024565,1.08475846,0.63153845,0.71895654,0.67815528,1.71094128,1.80294343,1.75448234,0.17139506,0.23604873,0.12592021,0.39033797,1.45066829,0.37015570,0.37817893,0.32482378
1046,0.15054530,0.01017322,0.35378747,0.37094369,0.40339758,0.09553650,-0.34141184,0.26275198,-1.42689999,0.08195741,0.28839384,-0.00063263,0.37126457,-0.10558871,0.29991159,1.09899525,1.72484518,0.17233767,0.12830754,0.11492436,0.15132950,0.09458290,0.19769621,0.21915683,1.09899525,0.63212722,0.72294759,0.67852558,1.72484518,1.82088931,1.77060990,0.17233767,0.23758628,0.12830754,0.39029965,1.46495869,0.36930045,0.38180458,0.32561905
1047,0.16009392,0.01013307,0.36540892,0.37423159,0.39210764,0.09588814,-0.33385580,0.26675638,-1.44475577,0.09120067,0.27268572,0.00738284,0.38510139,-0.09760316,0.32493783,1.12460675,1.72656533,0.18523068,0.12202201,0.11854793,0.15826078,0.09511301,0.19386413,0.21593930,1.12460675,0.60977860,0.72673902,0.69061740,1.72656533,1.85066463,1.81029423,0.18523068,0.23891792,0.12202201,0.37969850,1.48158763,0.35958086,0.39669002,0.34839232
1048,0.16034463,0.01034332,0.36859620,0.37600013,0.41405324,0.08721410,-0.34962269,0.26992251,-1.45809993,0.08272201,0.27238576,-0.00496534,0.38482793,-0.11519313,0.29950885,1.12437901,1.74066978,0.18675571,0.14057577,0.11403102,0.16257555,0.09382835,0.19152844,0.21327659,1.12437901,0.62526711,0.74240479,0.68410543,1.74066978,1.86616596,1.80339150,0.18675571,0.24326683,0.14057577,0.39041294,1.49581688,0.35605244,0.39599743,0.32955303
1049,0.16632183,0.01017664,0.37111607,0.38285307,0.41898865,0.08748602,-0.37776746,0.26472512,-1.47876687,0.07976549,0.28097954,-0.00694680,0.39124567,-0.11876062,0.30333069,1.11601209,1.76973279,0.18363657,0.14351176,0.10985451,0.15106414,0.09399697,0.18926640,0.21132250,1.11601209,0.66309718,0.77598591,0.71435017,1.76973279,1.89161371,1.82593587,0.18363657,0.24257953,0.14351176,0.41360803,1.51388732,0.36527257,0.40409023,0.33585178
