step,thumb_curl,index_curl,middle_curl,ring_curl,pinky_curl,thumb_dx,thumb_dy,index_dx,index_dy,middle_dx,middle_dy,ring_dx,ring_dy,pinky_dx,pinky_dy,thumb_index_spread,index_middle_spread,middle_ring_spread,ring_pinky_spread,palm_pitch,palm_roll,palm_width,palm_height,palm_diagonal,thumb_index_distance,thumb_middle_distance,thumb_ring_distance,thumb_pinky_distance,index_middle_distance,index_ring_distance,index_pinky_distance,middle_ring_distance,middle_pinky_distance,ring_pinky_distance,palm_thumb_distance,palm_index_distance,palm_middle_distance,palm_ring_distance,palm_pinky_distance
0,0.13180169,0.08129129,0.05464427,0.07128822,0.06109332,-0.52505935,-0.92502152,-0.32343481,-1.11330163,0.43528763,-1.13160286,0.73389141,-0.83674730,0.87091933,-0.47681804,0.30301244,0.79241027,0.45156134,0.41544891,-0.72660122,-0.36563485,0.08420927,0.12018807,0.14675276,0.30301244,0.98764792,1.29044247,1.52653237,0.79241027,1.16195184,1.46100322,0.45156134,0.85002920,0.41544891,1.26954538,1.41913045,1.34863399,1.19096597,1.02845261
1,0.11086162,0.03110942,0.04441648,0.04521544,0.03792295,-0.60042805,-1.13713038,-0.01525988,-1.26925321,0.52669514,-1.33823261,0.75919101,-1.23153892,0.80434186,-0.95187118,0.63960547,0.58678801,0.30708811,0.31165531,-0.77479404,-0.61683393,0.07396593,0.10944607,0.13209618,0.63960547,1.14494915,1.37250692,1.44672326,0.58678801,0.86525434,1.01813445,0.30708811,0.56235845,0.31165531,1.37966591,1.46019044,1.52511031,1.48563841,1.26341386
2,0.10774766,0.02617153,0.03066217,0.03269547,0.03349857,-0.60213054,-1.15363524,-0.16217614,-1.45008742,0.30793131,-1.39333391,0.54488240,-1.23469798,0.65952082,-0.95379737,0.56561186,0.51413604,0.30594331,0.31365944,-0.51917376,-0.20576164,0.07293410,0.10684061,0.12936112,0.56561186,0.94110847,1.15561017,1.29211685,0.51413604,0.80195752,1.03642009,0.30594331,0.59420571,0.31365944,1.34738536,1.55774435,1.46810710,1.36977127,1.16988540
3,0.10294272,0.02832453,0.02704543,0.02728926,0.02907980,-0.54949853,-1.74081606,-0.45826319,-1.94005614,0.06977749,-2.04715083,0.45655429,-2.04317481,0.69396601,-1.71854681,0.44777411,0.55866341,0.39827942,0.40747432,-0.67621821,-0.33618145,0.08792983,0.08345353,0.12122767,0.44777411,0.73232576,1.06086177,1.24638981,0.55866341,0.95204498,1.21310557,0.39827942,0.72341405,0.40747432,1.83583281,2.07755210,2.09453510,2.12139824,1.87396569
4,0.10314825,0.02514857,0.03211537,0.04583547,0.04655894,-0.40637603,-1.59913719,-0.34851461,-2.03731846,0.09556848,-2.17120188,0.31665320,-1.95035294,0.44032133,-1.64023624,0.58871456,0.48781179,0.35637642,0.34124370,-0.52709112,-0.17133742,0.08425234,0.09985749,0.13065211,0.58871456,0.79734440,0.80656297,0.84770413,0.48781179,0.74428220,0.96662863,0.35637642,0.67771263,0.34124370,1.65133486,2.11665105,2.19461250,1.98041323,1.69948505
5,0.08709484,0.02666214,0.01722810,0.04760668,0.04776562,-0.31031377,-1.61311057,-0.31755174,-1.94104803,-0.00877556,-1.90224757,0.16614505,-1.80021281,0.37051616,-1.54936622,0.49236033,0.35167093,0.26763053,0.32813395,-0.34633379,-0.02552875,0.08582212,0.09921522,0.13118345,0.49236033,0.46464807,0.51266762,0.68430811,0.35167093,0.60708796,0.88406928,0.26763053,0.56664860,0.32813395,1.64278705,2.00423986,1.91512453,1.80846289,1.59307327
6,0.12365629,0.01216613,0.01404790,0.06242618,0.06329610,-0.22822177,-1.23836810,-0.28584912,-1.61648908,-0.00551623,-1.28037479,0.14316837,-1.21101042,0.35171247,-1.17302884,0.47555642,0.45961824,0.23011194,0.21883697,-0.20555155,-0.15221198,0.09245186,0.11081719,0.14431838,0.47555642,0.26758812,0.37288468,0.58820717,0.45961824,0.66292677,0.85434532,0.23011194,0.43089513,0.21883697,1.26243550,1.68332455,1.30128659,1.22150551,1.22473375
7,0.08745457,0.01709382,0.41397765,0.42528410,0.25364497,-0.12479578,-1.98127871,-0.26210006,-2.25704587,0.20852106,-1.35898369,0.38881678,-1.16320192,0.61138818,-1.16637883,0.60814246,1.03329381,0.43392056,0.22259430,-1.00566833,0.54886965,0.09543218,0.08863149,0.13024147,0.60814246,0.77720322,0.96610424,1.09832937,1.03329381,1.38343624,1.49863244,0.43392056,0.56269888,0.22259430,1.98733903,2.35434084,1.43678602,1.22872394,1.31902539
8,0.08377981,0.02095044,0.05677295,0.11963173,0.05744194,0.10569953,-1.92217644,-0.19085015,-2.08327317,0.33322089,-1.62322169,0.50948694,-1.33561135,0.60657405,-1.41420369,0.59917258,0.71536023,0.43198692,0.12932384,-0.73555682,0.26836597,0.05472397,0.08687655,0.10267545,0.59917258,0.50374179,0.71513821,0.71410805,0.71536023,1.11077645,1.13920127,0.43198692,0.45873100,0.12932384,1.92705294,2.17151463,1.71014728,1.43764081,1.54342474
9,0.06161184,0.04372834,0.09392596,0.21420758,0.07434085,-0.25580954,-1.94736432,-0.26219060,-2.08394540,-0.08555777,-1.49717055,0.05000213,-1.26913625,0.26540763,-1.58951244,0.32825545,0.61419427,0.40391584,0.38950792,-1.40506413,1.44153507,0.06880244,0.07488576,0.10169392,0.32825545,0.58930236,0.74482892,0.63821939,0.61419427,0.91133873,0.75329389,0.40391584,0.44231133,0.38950792,1.96462418,2.11553260,1.52823751,1.27016172,1.61205360
10,0.07141617,0.05131025,0.06014946,0.11480570,0.07163963,0.03454940,-1.99361272,-0.12760270,-2.02343378,-0.08586805,-1.79172888,-0.04486436,-1.44932723,0.18017505,-1.45254940,0.38129905,0.23685121,0.44655302,0.22689540,-0.53013666,0.79562300,0.07807205,0.08031948,0.11201100,0.38129905,0.43809372,0.55672787,0.57195002,0.23685121,0.63476035,0.68782227,0.44655302,0.50080751,0.22689540,1.99395925,2.05414913,1.82876462,1.45182098,1.46716492
11,0.13700179,0.05451213,0.07354383,0.08192978,0.06738133,0.00664943,-1.14937653,-0.07168137,-1.34596944,-0.08602866,-1.31904118,-0.22477133,-1.42073785,-0.06435249,-1.26689651,0.31194709,0.05098596,0.25554284,0.24458321,0.40902297,-0.40705434,0.03123004,0.09023396,0.09548551,0.31194709,0.33210576,0.36573727,0.13890204,0.05098596,0.22575969,0.26249998,0.25554284,0.29647606,0.24458321,1.14988176,1.37322194,1.35623025,1.44295753,1.26859061
12,0.08475817,0.03970787,0.05907770,0.06807973,0.05909576,0.05459912,-1.26251450,-0.06004977,-1.67661631,-0.10002566,-1.77847285,-0.14564249,-1.72512628,0.00178962,-1.37056366,0.54290488,0.11449674,0.15465205,0.39553583,0.20058551,0.01419159,0.02756112,0.08162562,0.08615310,0.54290488,0.65096514,0.55315280,0.17923483,0.11449674,0.14322829,0.37023307,0.15465205,0.48050810,0.39553583,1.26648154,1.72845400,1.83713114,1.75910380,1.38761698
13,0.09619530,0.02499736,0.04527023,0.05390045,0.04084491,-0.02605231,-1.00019119,-0.15203060,-1.59518442,-0.14178417,-1.70469528,-0.14983202,-1.61462662,-0.00747755,-1.37053658,0.65089547,0.11678684,0.12471409,0.29992533,0.73053217,-0.72278479,0.01754182,0.07905459,0.08097743,0.65089547,0.73947882,0.63580502,0.37086274,0.11678684,0.12666924,0.34971790,0.12471409,0.40553561,0.29992533,1.03131386,1.67333343,1.76694646,1.66036354,1.39431458
14,0.11595285,0.02846933,0.04673961,0.06360196,0.05788021,-0.01950671,-1.11372516,-0.15530938,-1.64450574,-0.19180365,-1.75171888,-0.17643550,-1.67372414,-0.03981402,-1.41151909,0.63937916,0.11343282,0.19095744,0.31213087,0.93195367,-1.17741726,0.01575298,0.07468736,0.07633059,0.63937916,0.73566442,0.60050682,0.30257288,0.11343282,0.18356533,0.38215256,0.19095744,0.46231045,0.31213087,1.13574990,1.74140230,1.84453013,1.72347724,1.43790534
15,0.12378707,0.01999248,0.03834384,0.05018287,0.04480555,-0.15620406,-1.03159943,-0.29493828,-1.69911870,-0.32574650,-1.85033035,-0.27264613,-1.78724812,-0.13645992,-1.55171740,0.74914499,0.16370631,0.18485873,0.29658723,-0.11856797,-0.45698170,0.01974853,0.06650530,0.06937550,0.74914499,0.87436337,0.76989044,0.52122936,0.16370631,0.23812570,0.40149892,0.18485873,0.45319718,0.29658723,1.08853647,1.83286665,1.96223914,1.85180148,1.58314075
16,0.06123792,0.02435249,0.02964911,0.04336993,0.04147027,-0.03444987,-1.34690864,-0.16840910,-1.90584399,-0.26141602,-1.95509468,-0.22387938,-1.75246147,-0.10406811,-1.33383804,0.65365648,0.12768045,0.23205740,0.44321838,0.23284250,0.17979069,0.03089331,0.06201882,0.06928731,0.65365648,0.69176006,0.46676349,0.08648137,0.12768045,0.24214885,0.63230920,0.23205740,0.66827471,0.44321838,1.37629473,2.00279104,2.03983342,1.81436052,1.37808344
17,0.13742285,0.01692983,0.02365521,0.03604340,0.03568427,-0.21226820,-1.03188564,-0.37320979,-1.77321522,-0.39123485,-1.94205880,-0.27447940,-1.83420458,-0.07212529,-1.52767569,0.80836971,0.17700566,0.18952266,0.37735624,-0.17543939,-0.25645387,0.01722613,0.05997811,0.06240283,0.80836971,0.95551915,0.81454202,0.51672963,0.17700566,0.19219163,0.45653117,0.18952266,0.55637795,0.37735624,1.08796998,1.89398161,2.04344498,1.89680818,1.56072604
18,0.14183607,0.04774157,0.01464207,0.02526797,0.03405791,-0.56954588,-0.56496049,0.06593810,-1.10999223,0.34407272,-1.32847724,0.49502272,-1.20396353,0.59204673,-0.84788749,0.86267908,0.36242491,0.21071925,0.37233301,-0.38834615,0.09620973,0.09269824,0.15529310,0.18085605,0.86267908,1.19762402,1.24266465,1.19555323,0.36242491,0.46656614,0.62302321,0.21071925,0.55561138,0.37233301,0.86236375,1.22945326,1.44278801,1.35256679,1.08191062
19,0.13885452,0.04536201,0.01656033,0.02784290,0.03739038,-0.58552461,-0.57455132,0.03787279,-1.12666222,0.31667913,-1.33548619,0.47746567,-1.21310728,0.58268224,-0.86100427,0.86247750,0.35573967,0.22112459,0.37150885,-0.41634149,0.07816810,0.09271271,0.15347591,0.17930561,0.86247750,1.19004423,1.24161705,1.20284118,0.35573967,0.47640171,0.64363785,0.22112459,0.56278086,0.37150885,0.88517988,1.25744066,1.45566114,1.36224189,1.09400301
20,0.13747299,0.04441160,0.01711449,0.02855332,0.03847382,-0.56051389,-0.56436099,0.04549488,-1.10602150,0.31738953,-1.32471125,0.47863132,-1.17926036,0.56838191,-0.82647528,0.83961923,0.35487961,0.23291411,0.36739481,-0.39249042,0.10442230,0.09398815,0.15568232,0.18185367,0.83961923,1.17051539,1.20901448,1.15898732,0.35487961,0.46384670,0.62529965,0.23291411,0.57372711,0.36739481,0.85983782,1.23036850,1.44177884,1.33056216,1.05862447
21,0.13141801,0.04551239,0.02061888,0.03103213,0.04318603,-0.58452563,-0.57243736,0.04492586,-1.10547780,0.31422424,-1.31951595,0.46912232,-1.18273482,0.56421941,-0.83045988,0.86132386,0.35034769,0.23052962,0.37001570,-0.44597665,0.06418561,0.09323256,0.15520873,0.18105816,0.86132386,1.18274225,1.22022704,1.17750477,0.35034769,0.46296123,0.63102862,0.23052962,0.57309198,0.37001570,0.89041608,1.25835918,1.45740237,1.34335396,1.06982400
22,0.13601003,0.04725685,0.02074020,0.03319031,0.04353994,-0.57527151,-0.57597305,0.04528182,-1.11413042,0.30723062,-1.33881637,0.46988841,-1.16915049,0.56313554,-0.82713075,0.85528542,0.34948719,0.25443477,0.35912675,-0.42219843,0.08859536,0.09250565,0.15330467,0.17905199,0.85528542,1.18080824,1.20481437,1.16612784,0.34948719,0.45452827,0.62820898,0.25443477,0.59270161,0.35912675,0.88045447,1.25402337,1.46827137,1.32858389,1.06470779
23,0.13200182,0.04645466,0.01807836,0.03201163,0.04267700,-0.59236479,-0.58697259,0.03082052,-1.10716726,0.30209807,-1.34885938,0.46560884,-1.18598603,0.56510356,-0.84011969,0.83746038,0.36775163,0.24439030,0.36284309,-0.36792148,0.09339298,0.09171113,0.14973122,0.17558579,0.83746038,1.18436963,1.21771504,1.18503956,0.36775163,0.46270477,0.62483997,0.24439030,0.58652215,0.36284309,0.89002346,1.22224842,1.45679510,1.32944664,1.06597093
24,0.13324642,0.04630280,0.01784243,0.03096955,0.04163827,-0.60203809,-0.58984798,0.00087316,-1.11935676,0.27604390,-1.35477686,0.45183830,-1.18060166,0.56209074,-0.84740929,0.82594757,0.36644656,0.25843408,0.35331038,-0.34574489,0.10492109,0.09108222,0.14766758,0.17349837,0.82594757,1.17288243,1.20991550,1.19253272,0.36644656,0.47345410,0.64671189,0.25843408,0.59372429,0.35331038,0.89243751,1.22155105,1.44884798,1.31398469,1.06541187
25,0.13494271,0.04527865,0.01692812,0.02887522,0.03911149,-0.61632146,-0.59202858,-0.03040683,-1.12557005,0.25691846,-1.35030882,0.43987382,-1.19523193,0.55586342,-0.85319399,0.81469814,0.36942396,0.24801270,0.36287959,-0.34054523,0.11077991,0.09069495,0.14615856,0.17201133,0.81469814,1.16388451,1.21818260,1.20136326,0.36942396,0.49070672,0.66518441,0.24801270,0.58835581,0.36287959,0.90082784,1.22167623,1.43598378,1.32146578,1.06656682
26,0.12617905,0.04265886,0.01514634,0.02823356,0.03869863,-0.61149792,-0.58830148,-0.04103136,-1.11221484,0.22980440,-1.34364082,0.41990050,-1.18333382,0.53796433,-0.84836587,0.79484987,0.36032111,0.25534673,0.35648361,-0.31230474,0.12413216,0.09129993,0.14811823,0.17399623,0.79484987,1.13746202,1.19258579,1.17905887,0.36032111,0.47966348,0.65208598,0.25534673,0.59001622,0.35648361,0.88870108,1.19776370,1.41745745,1.29841049,1.04837717
27,0.12591131,0.04369474,0.01583481,0.02903137,0.03886846,-0.61906098,-0.58663356,-0.06164840,-1.11601995,0.20728071,-1.34700482,0.39792809,-1.19406769,0.52110657,-0.85553575,0.79183778,0.35808046,0.25235824,0.36187708,-0.33186693,0.11434796,0.09252231,0.14831084,0.17480413,0.79183778,1.13156643,1.18705843,1.17220989,0.35808046,0.47972378,0.65516664,0.25235824,0.59115901,0.36187708,0.89473961,1.20882532,1.42317977,1.30561367,1.04944055
28,0.12511797,0.04281963,0.01597553,0.03097282,0.04311141,-0.62395850,-0.57510506,-0.07657400,-1.11111477,0.19413953,-1.34552514,0.37953865,-1.19116718,0.50881610,-0.86310406,0.79387797,0.36148134,0.25064040,0.35402904,-0.34620738,0.12972376,0.09361477,0.14818511,0.17527850,0.79387797,1.13491657,1.18100788,1.17030928,0.36148134,0.47771540,0.65296925,0.25064040,0.58452337,0.35402904,0.89025242,1.21172389,1.42523443,1.30097147,1.05436607
29,0.12957519,0.04140371,0.01668648,0.03310651,0.04457506,-0.62929563,-0.57980666,-0.09487919,-1.11140173,0.17514406,-1.33360937,0.36853773,-1.18945394,0.50352982,-0.86894533,0.78620696,0.35235351,0.25121868,0.34916149,-0.35991887,0.12784584,0.09395961,0.14800435,0.17531028,0.78620696,1.11706672,1.17450187,1.17180837,0.35235351,0.48342842,0.66162221,0.25121868,0.57793252,0.34916149,0.89571865,1.21762287,1.41678553,1.30044120,1.06151235
30,0.12814066,0.04088998,0.01744958,0.03377279,0.04435659,-0.63474743,-0.59623306,-0.11276482,-1.13354486,0.16407558,-1.35702690,0.35802275,-1.19568651,0.50166475,-0.87810279,0.78392672,0.35764857,0.26232194,0.35009321,-0.37013175,0.12546288,0.09327415,0.14648912,0.17366384,0.78392672,1.12017357,1.16618776,1.17429750,0.35764857,0.48706764,0.68020222,0.26232194,0.59521656,0.35009321,0.91023058,1.24237042,1.44204085,1.30690904,1.07172040
31,0.12380487,0.03883999,0.01571694,0.03042593,0.04170163,-0.63698168,-0.60152854,-0.13124849,-1.15994349,0.14530104,-1.38258599,0.34127432,-1.22036108,0.49134402,-0.88890832,0.78277464,0.35704929,0.25962021,0.36451351,-0.33892348,0.14892376,0.09351126,0.14604855,0.17342011,0.78277464,1.11915064,1.16405444,1.16869622,0.35704929,0.48473219,0.68816340,0.25962021,0.60738763,0.36451351,0.90716047,1.25027036,1.44936220,1.31680875,1.06980171
32,0.12654729,0.03617080,0.01489493,0.03124042,0.04399175,-0.64452792,-0.59267612,-0.14905872,-1.15842529,0.12200108,-1.39166113,0.31230992,-1.22825264,0.47530086,-0.89717477,0.78210280,0.35900840,0.25692375,0.36976306,-0.34674856,0.13602383,0.09334158,0.14574584,0.17307369,0.78210280,1.12222964,1.15572780,1.16513598,0.35900840,0.47474513,0.68582490,0.25692375,0.61283908,0.36976306,0.90788174,1.25336189,1.45958914,1.31947629,1.07195632
33,0.12441680,0.03806868,0.01656761,0.03231676,0.04342284,-0.65057098,-0.59449308,-0.15948374,-1.17422103,0.10780741,-1.40051740,0.30666438,-1.22654846,0.47433774,-0.90646036,0.79044278,0.35090449,0.26985839,0.36194512,-0.34154972,0.14267068,0.09322117,0.14437067,0.17185190,0.79044278,1.12396290,1.15574561,1.17356240,0.35090449,0.47532087,0.69494940,0.26985839,0.61981521,0.36194512,0.90933242,1.26480530,1.46618273,1.31603650,1.07952472
34,0.12699740,0.03971295,0.01836024,0.03361666,0.04510355,-0.65253906,-0.59177879,-0.16927308,-1.16199871,0.09499548,-1.38641756,0.29924482,-1.21946870,0.46897661,-0.90072818,0.78334442,0.34739164,0.26916473,0.36168017,-0.36428999,0.14662082,0.09363866,0.14423378,0.17196390,0.78334442,1.11148898,1.15116015,1.17154306,0.34739164,0.47800892,0.69624649,0.26916473,0.61740177,0.36168017,0.90951483,1.26139139,1.45729236,1.31343238,1.07914027
35,0.12219752,0.03870789,0.01805569,0.03551918,0.04644125,-0.66092925,-0.60400649,-0.18131558,-1.17374435,0.08402986,-1.40152441,0.29308658,-1.23804363,0.46485498,-0.91759303,0.78033706,0.35013840,0.27129336,0.36415217,-0.36156091,0.14598677,0.09396741,0.14322702,0.17130048,0.78033706,1.11241235,1.15650813,1.17686995,0.35013840,0.48438865,0.70143087,0.27129336,0.62055709,0.36415217,0.92332622,1.27312471,1.47170514,1.32918694,1.09128843
36,0.12008913,0.03928088,0.01841048,0.03499594,0.04570494,-0.66123605,-0.59546675,-0.18768507,-1.17977209,0.07580791,-1.39734435,0.28506365,-1.23911325,0.46120785,-0.91486756,0.78895805,0.34225993,0.26901462,0.36968693,-0.37812892,0.14152414,0.09369282,0.14346395,0.17134833,0.78895805,1.11093259,1.15549637,1.17500536,0.34225993,0.48294894,0.70818165,0.26901462,0.62293369,0.36968693,0.92059871,1.28531785,1.47148332,1.33153670,1.09029088
37,0.11767538,0.04309277,0.02081673,0.03647672,0.04790572,-0.66210543,-0.58020863,-0.19733511,-1.16876162,0.06750641,-1.38933007,0.26942148,-1.22941565,0.44721776,-0.91307213,0.78864044,0.34550921,0.26455602,0.36345473,-0.38174829,0.14942224,0.09480725,0.14503039,0.17326923,0.78864044,1.11145760,1.14657444,1.16650700,0.34550921,0.47822089,0.70131255,0.26455602,0.61442982,0.36345473,0.91152897,1.27894490,1.46386319,1.31935459,1.08381138
38,0.11716774,0.04076157,0.02173620,0.03697032,0.04790132,-0.66582513,-0.56898561,-0.21435206,-1.16042146,0.05424893,-1.38482358,0.25854331,-1.22740940,0.43768364,-0.91255340,0.78604036,0.35050142,0.26504327,0.36296444,-0.40149674,0.14580493,0.09488824,0.14560389,0.17379376,0.78604036,1.11320252,1.14810521,1.16556919,0.35050142,0.48423056,0.70505173,0.26504327,0.61407769,0.36296444,0.91077632,1.28291620,1.46819129,1.32393202,1.08856872
39,0.11467939,0.04345749,0.02269418,0.03732585,0.04954972,-0.66868297,-0.56010383,-0.22073295,-1.14869579,0.04313985,-1.37047484,0.25403831,-1.22318559,0.42805442,-0.90222033,0.77959062,0.34536649,0.26492731,0.36583883,-0.39137984,0.14423262,0.09458267,0.14541125,0.17346559,0.77959062,1.10177865,1.14767031,1.15714444,0.34536649,0.48801751,0.70239177,0.26492731,0.61230050,0.36583883,0.90753879,1.27085700,1.45120350,1.31545868,1.07162337
40,0.11571565,0.04173460,0.02325564,0.04003427,0.05360984,-0.68226936,-0.55160453,-0.23489571,-1.13672602,0.02907625,-1.35468700,0.24386116,-1.21744688,0.42146692,-0.90241937,0.77856250,0.34307588,0.26349015,0.36235216,-0.40037194,0.13132753,0.09426153,0.14439630,0.17243992,0.77856250,1.09712769,1.15220978,1.16660373,0.34307588,0.49368131,0.70588420,0.26349015,0.60540401,0.36235216,0.91716184,1.27171145,1.44323636,1.31401949,1.07611662
41,0.11301600,0.04367457,0.02541374,0.04237757,0.05458921,-0.67590576,-0.54239947,-0.23426259,-1.13925156,0.02630404,-1.35835158,0.24319522,-1.22393013,0.42033127,-0.90509065,0.78028758,0.34105603,0.26374922,0.36546687,-0.38879115,0.13723273,0.09468050,0.14483336,0.17303497,0.78028758,1.09865182,1.15436352,1.16193879,0.34105603,0.49268834,0.70390083,0.26374922,0.60725532,0.36546687,0.90784304,1.27013562,1.44422894,1.31765289,1.07516047
42,0.11217061,0.04425830,0.02487879,0.04139438,0.05266397,-0.67062614,-0.54815265,-0.23338945,-1.14916129,0.02835499,-1.37392696,0.23875684,-1.22600868,0.41543769,-0.91222017,0.78032908,0.34578198,0.26498138,0.36069987,-0.38243684,0.13729929,0.09553590,0.14542613,0.17399961,0.78032908,1.10296719,1.14421169,1.15283964,0.34578198,0.48618980,0.69905590,0.26498138,0.60838061,0.36069987,0.90267040,1.27162543,1.45197735,1.31306525,1.07354427
43,0.11408437,0.04337133,0.02267360,0.03874134,0.05024193,-0.66933356,-0.55462934,-0.23221944,-1.16042949,0.02653088,-1.39426210,0.23807930,-1.23966515,0.41572085,-0.92111490,0.78316989,0.34933291,0.26820834,0.36513582,-0.37030722,0.15182354,0.09483173,0.14524764,0.17346450,0.78316989,1.11150962,1.14784851,1.15387530,0.34933291,0.48316607,0.69716077,0.26820834,0.61715155,0.36513582,0.90021631,1.27304470,1.46503693,1.32171766,1.07779169
44,0.11682254,0.04136092,0.02246840,0.03883111,0.05138891,-0.67138971,-0.53547054,-0.23953024,-1.15159437,0.01959791,-1.37917641,0.22959101,-1.23740220,0.40527393,-0.91786271,0.78927299,0.34564682,0.26090082,0.36518640,-0.38471371,0.13397792,0.09452799,0.14531579,0.17335576,0.78927299,1.11161591,1.15235785,1.15031134,0.34564682,0.48446652,0.69385640,0.26090082,0.60686160,0.36518640,0.89309888,1.27178806,1.45418682,1.32006559,1.07240379
45,0.11602287,0.04147786,0.02156090,0.03761951,0.04868289,-0.66882950,-0.53399668,-0.24192256,-1.14926895,0.01247534,-1.38280906,0.22612210,-1.24231106,0.39964365,-0.92575544,0.78050379,0.34619099,0.26162830,0.36132037,-0.35151976,0.14812186,0.09483020,0.14569895,0.17384174,0.78050379,1.10587028,1.14992916,1.14487132,0.34619099,0.48380083,0.68599110,0.26162830,0.60315452,0.36132037,0.88589269,1.25724411,1.44652875,1.31554939,1.06857629
46,0.11341323,0.04332936,0.02259530,0.03693758,0.04873487,-0.66247917,-0.53140986,-0.23704804,-1.16000996,0.01245332,-1.39006692,0.21580749,-1.23549905,0.38974798,-0.92500588,0.79227336,0.33998646,0.26202264,0.35635691,-0.36083372,0.15205797,0.09507099,0.14675778,0.17486091,0.79227336,1.11156180,1.13539974,1.13095163,0.33998646,0.46580905,0.67637781,0.26202264,0.60373209,0.35635691,0.88038555,1.26985555,1.45770383,1.31059252,1.06709686
47,0.11236147,0.04360892,0.02346619,0.03858236,0.04973890,-0.65586973,-0.51512489,-0.23504535,-1.14036246,0.00832514,-1.37898046,0.21148598,-1.22512218,0.38708476,-0.91166742,0.78798504,0.34147465,0.26144587,0.35967724,-0.35715635,0.15467126,0.09504294,0.14837552,0.17620572,0.78798504,1.10956070,1.13098265,1.12381676,0.34147465,0.46136742,0.66974600,0.26144587,0.60619809,0.35967724,0.86452351,1.25109658,1.44655430,1.29958386,1.05445537
48,0.11520643,0.04207690,0.02258867,0.03777302,0.04858536,-0.65596995,-0.51026900,-0.23532727,-1.15047220,0.00542166,-1.39102075,0.21121031,-1.23890995,0.39033916,-0.92474050,0.79973371,0.34084616,0.26252897,0.36215049,-0.36349540,0.14938296,0.09544959,0.14790385,0.17602890,0.79973371,1.12145574,1.14285956,1.13327546,0.34084616,0.46174111,0.67209723,0.26252897,0.60959936,0.36215049,0.86175300,1.26031885,1.45862113,1.31305292,1.06675937
49,0.11111685,0.03936758,0.02239754,0.03791388,0.04940362,-0.65829156,-0.50737756,-0.24097181,-1.16099077,0.00205228,-1.39905368,0.21339724,-1.25841229,0.39144287,-0.92714888,0.80682933,0.34087196,0.25906522,0.37640539,-0.35908518,0.15140419,0.09447122,0.14785294,0.17545741,0.80682933,1.12768034,1.16029707,1.13846501,0.34087196,0.47040694,0.68007751,0.25906522,0.61550847,0.37640539,0.86327629,1.27043339,1.46502700,1.33261054,1.07134972
50,0.11454381,0.03869749,0.02015137,0.03570360,0.04789656,-0.65411205,-0.51097919,-0.23734732,-1.16741878,0.00376429,-1.40605552,0.20847633,-1.26988360,0.38415296,-0.93027339,0.80763745,0.33985637,0.25025471,0.38258245,-0.34338124,0.15622176,0.09527445,0.14956683,0.17733431,0.80763745,1.12831982,1.15881410,1.12821290,0.33985637,0.46235077,0.67003309,0.25025471,0.61207647,0.38258245,0.85588866,1.26555119,1.46367299,1.33627386,1.06455387
51,0.11526910,0.03751214,0.02053866,0.03657285,0.04832904,-0.65515658,-0.51604997,-0.23807975,-1.17476669,0.00509233,-1.42218950,0.21030085,-1.28060938,0.38238122,-0.94491915,0.81182169,0.34751754,0.25519534,0.37777880,-0.36102220,0.13548507,0.09587249,0.14973244,0.17779578,0.81182169,1.13990352,1.16467542,1.13028739,0.34751754,0.46675707,0.66850154,0.25519534,0.61298156,0.37777880,0.86337899,1.28019871,1.48554297,1.35076777,1.07915930
52,0.11352991,0.03826703,0.02307548,0.03923163,0.05088279,-0.64754310,-0.50260188,-0.23353892,-1.16406999,0.00734984,-1.40708500,0.20544030,-1.26554497,0.37662836,-0.93182318,0.81591389,0.34270509,0.25067388,0.37579434,-0.37788034,0.12704007,0.09511042,0.15156617,0.17893657,0.81591389,1.13799509,1.15546979,1.11879302,0.34270509,0.45738618,0.66081045,0.25067388,0.60756863,0.37579434,0.85407918,1.27992571,1.48009941,1.34287482,1.07309427
53,0.11171652,0.03858942,0.02351104,0.03845239,0.05028276,-0.64445920,-0.50946351,-0.22679208,-1.15922739,0.00879783,-1.39942739,0.20752489,-1.26285398,0.37732918,-0.92908358,0.81031726,0.33696946,0.24888083,0.37540008,-0.38225024,0.12691267,0.09464828,0.15286134,0.17979124,0.81031726,1.12691841,1.14915605,1.11322366,0.33696946,0.45367525,0.65519925,0.24888083,0.60395331,0.37540008,0.85667204,1.27796777,1.47598672,1.34309863,1.07280797
54,0.11393467,0.03981797,0.02355487,0.03806408,0.04995164,-0.64547948,-0.49772646,-0.22492663,-1.16406750,0.01004292,-1.40386114,0.20635012,-1.26702299,0.37319396,-0.94207291,0.82801848,0.33631443,0.24945806,0.36661402,-0.40299027,0.10865970,0.09497104,0.15240346,0.17957258,0.82801848,1.14271695,1.15945988,1.11927613,0.33631443,0.45251249,0.64947863,0.24945806,0.59621855,0.36661402,0.85553315,1.29236885,1.48843231,1.35192223,1.08674761
55,0.11430462,0.03804896,0.02293724,0.04004909,0.05105693,-0.64447348,-0.49009798,-0.22646017,-1.15601142,0.01184112,-1.39139490,0.21186045,-1.25871806,0.37752567,-0.92775990,0.82110917,0.33549086,0.24684542,0.37079424,-0.36912667,0.13675458,0.09500664,0.15290272,0.18001529,0.82110917,1.13599816,1.16177254,1.12024080,0.33549086,0.45666995,0.65325608,0.24684542,0.59591770,0.37079424,0.84351610,1.26952356,1.46373919,1.33664510,1.06921438
56,0.11230617,0.03909319,0.02145630,0.03708043,0.04704497,-0.64037978,-0.49956441,-0.22639745,-1.16092801,0.01451264,-1.39233556,0.21065558,-1.26353089,0.37491395,-0.94148988,0.81287336,0.33457206,0.24108301,0.36213735,-0.35274228,0.13771958,0.09476381,0.15358526,0.18046776,0.81287336,1.12681351,1.15395190,1.11522340,0.33457206,0.45500059,0.64715752,0.24108301,0.58224872,0.36213735,0.84219962,1.26579674,1.45790668,1.33522987,1.07393864
57,0.11154623,0.03779324,0.01851800,0.03397337,0.04571219,-0.63607839,-0.49624109,-0.22268948,-1.15565788,0.01486839,-1.38868292,0.21447015,-1.26912831,0.37397219,-0.93545643,0.80453180,0.33334895,0.23679112,0.37021084,-0.32210271,0.15389313,0.09444814,0.15437556,0.18097586,0.80453180,1.11986632,1.15777110,1.10831442,0.33334895,0.45611230,0.64105434,0.23679112,0.58142218,0.37021084,0.83264953,1.24625059,1.44254084,1.33287118,1.05996395
58,0.11314937,0.03815843,0.01925683,0.03477895,0.04699329,-0.63565946,-0.50480110,-0.21832820,-1.16440079,0.01762887,-1.40003042,0.21554295,-1.27501826,0.38075244,-0.94314680,0.80946903,0.33402530,0.23865901,0.37107186,-0.33274587,0.15410014,0.09517718,0.15345583,0.18057516,0.80946903,1.12529277,1.15752660,1.11480173,0.33402530,0.45256866,0.64387926,0.23865901,0.58696342,0.37107186,0.83832630,1.25828679,1.45743633,1.34179110,1.07305631
59,0.11674865,0.04085443,0.02021416,0.03454410,0.04679650,-0.63410157,-0.50443587,-0.21571944,-1.16031700,0.01921928,-1.39663244,0.21361785,-1.26740154,0.37946820,-0.94250482,0.80905641,0.33403614,0.24006176,0.36544968,-0.34757275,0.13423585,0.09511367,0.15367472,0.18072778,0.80905641,1.12357290,1.14942081,1.11077387,0.33403614,0.44952843,0.64184356,0.24006176,0.58490757,0.36544968,0.84090158,1.26202631,1.45964872,1.33686789,1.07322243
60,0.11712252,0.04091529,0.02002785,0.03491369,0.04725279,-0.63798520,-0.49832467,-0.21851336,-1.16493393,0.01374797,-1.39871159,0.21234846,-1.26536848,0.38152816,-0.94317578,0.81877158,0.33037492,0.24673686,0.36474177,-0.35362134,0.12622718,0.09445661,0.15243956,0.17933173,0.81877158,1.12941054,1.15367800,1.11828819,0.33037492,0.45030298,0.64885377,0.24673686,0.59162241,0.36474177,0.84306186,1.27106652,1.46505441,1.33679421,1.07612186
61,0.11505828,0.04083617,0.02213852,0.03733746,0.04874681,-0.64221736,-0.49921329,-0.21588587,-1.17337489,0.01639537,-1.40165868,0.21368353,-1.25902792,0.38312500,-0.93174191,0.83002495,0.32654025,0.25118349,0.36935949,-0.36005016,0.12993093,0.09459600,0.15190610,0.17895213,0.83002495,1.13602790,1.15352576,1.11923673,0.32654025,0.44629912,0.65521529,0.25118349,0.60230361,0.36935949,0.84751222,1.28139084,1.47033613,1.33292916,1.06897414
62,0.11300059,0.04083676,0.02133235,0.03662313,0.04775254,-0.63217116,-0.49164086,-0.21579212,-1.15877265,0.02039597,-1.38863365,0.21929276,-1.24162174,0.38611662,-0.90845097,0.81612883,0.33031273,0.25327222,0.37317938,-0.34647641,0.14870130,0.09460581,0.15299911,0.17988604,0.81612883,1.12647098,1.14347370,1.10691727,0.33031273,0.44947353,0.65910846,0.25327222,0.60827037,0.37317938,0.83275162,1.26044721,1.45221594,1.31399993,1.04706207
63,0.11719618,0.03760309,0.01962177,0.03573857,0.04823342,-0.63717239,-0.49882799,-0.21675961,-1.17127996,0.02484805,-1.39651048,0.22558193,-1.25980916,0.39232826,-0.92761140,0.82115520,0.33136240,0.24908618,0.37246333,-0.34608660,0.13205349,0.09435757,0.15154247,0.17851743,0.82115520,1.13088767,1.15786615,1.12038010,0.33136240,0.45846285,0.66446805,0.24908618,0.60098303,0.37246333,0.84289293,1.27293803,1.45922186,1.33145799,1.06405345
64,0.11527996,0.03918339,0.02024603,0.03615975,0.04760739,-0.63334326,-0.49605822,-0.21635586,-1.16123620,0.02095773,-1.38567149,0.22120988,-1.24632937,0.38831799,-0.91602822,0.81428610,0.32795418,0.25106837,0.37086171,-0.34631621,0.12920719,0.09449894,0.15349289,0.18025015,0.81428610,1.11999719,1.14429254,1.10956661,0.32795418,0.45450719,0.66194323,0.25106837,0.60186513,0.37086171,0.83828310,1.26466812,1.44876539,1.31684480,1.05154805
65,0.11840769,0.03616452,0.01964429,0.03683907,0.04919931,-0.63785564,-0.50294798,-0.22111309,-1.17328609,0.01927940,-1.39592600,0.22344089,-1.25347245,0.39180219,-0.92435733,0.81941822,0.32882984,0.25574360,0.37030604,-0.35206746,0.13339991,0.09546835,0.15233231,0.17977581,0.81941822,1.12525519,1.15021409,1.11819396,0.32882984,0.45990691,0.67027784,0.25574360,0.60627401,0.37030604,0.84538065,1.27743177,1.45974364,1.32531796,1.06202832
66,0.11556070,0.03699003,0.02012045,0.03698369,0.04767229,-0.63494599,-0.49479908,-0.21639944,-1.15866895,0.02388148,-1.38174373,0.22717988,-1.23947036,0.39384957,-0.91162234,0.81303788,0.32865940,0.25382014,0.36831308,-0.34057080,0.14429970,0.09576755,0.15347393,0.18090238,0.81303788,1.12101946,1.14732405,1.11611803,0.32865940,0.45727364,0.66531979,0.25382014,0.60270059,0.36831308,0.83584147,1.25727178,1.44282663,1.31088353,1.05013685
67,0.11571307,0.03985387,0.02062476,0.03607131,0.04714360,-0.63990576,-0.51341996,-0.21472289,-1.17323131,0.02503115,-1.39121472,0.22646286,-1.24417538,0.39395426,-0.92497611,0.81575034,0.32469684,0.25561041,0.36117446,-0.34824048,0.13806700,0.09546813,0.15291422,0.18026903,0.81575034,1.11946815,1.14267775,1.11952274,0.32469684,0.45339946,0.66480738,0.25561041,0.59970800,0.36117446,0.85025148,1.27314836,1.45478849,1.31723392,1.06327839
68,0.11655936,0.03881284,0.02082667,0.03648793,0.04788883,-0.64219540,-0.51515612,-0.21429429,-1.18423179,0.02652152,-1.40004863,0.22517287,-1.25212511,0.39547593,-0.92575369,0.82707877,0.32407652,0.25430943,0.36884666,-0.35551008,0.13826956,0.09612952,0.15252565,0.18029131,0.82707877,1.12876341,1.14825658,1.12336778,0.32407652,0.45165516,0.67010205,0.25430943,0.60628942,0.36884666,0.85339583,1.28679896,1.46606815,1.32674752,1.06696320
69,0.11366473,0.03769388,0.02096695,0.03625228,0.04776943,-0.64597882,-0.51469684,-0.22106505,-1.19150655,0.02323086,-1.40471074,0.22030206,-1.25586117,0.39231964,-0.93285221,0.83046074,0.32482587,0.25289999,0.36649631,-0.35251011,0.14531918,0.09625676,0.15252066,0.18035497,0.83046074,1.13253244,1.15017430,1.12712136,0.32482587,0.45210267,0.67225100,0.25289999,0.60365598,0.36649631,0.85589131,1.29280163,1.46950932,1.32945832,1.07298762
70,0.11405742,0.03913445,0.02131729,0.03596342,0.04707592,-0.64191140,-0.50413362,-0.21832967,-1.18080237,0.02327751,-1.39435025,0.22101113,-1.24194341,0.39282768,-0.92716969,0.82938672,0.32306209,0.25612169,0.35921943,-0.35477255,0.14295509,0.09611429,0.15333604,0.18096933,0.82938672,1.13005508,1.14493247,1.12506941,0.32306209,0.45020996,0.66889567,0.25612169,0.60076498,0.35921943,0.84764915,1.28363715,1.46045816,1.31647164,1.06794579
71,0.11515966,0.04011658,0.02179495,0.03677854,0.04799392,-0.64206781,-0.50051082,-0.21829728,-1.17006814,0.02170120,-1.39083915,0.21882894,-1.23187326,0.39038692,-0.92529508,0.82409798,0.32665510,0.26017451,0.35195130,-0.35752020,0.13744339,0.09611810,0.15334410,0.18097819,0.82409798,1.12970962,1.13922105,1.12356465,0.32665510,0.44844556,0.66362190,0.26017451,0.59932765,0.35195130,0.84671533,1.27573517,1.45894708,1.30769376,1.06658115
72,0.11699199,0.04206328,0.02336556,0.03742417,0.04910308,-0.64097110,-0.49326993,-0.21968369,-1.15665047,0.01965370,-1.37188745,0.21762338,-1.21549523,0.38943556,-0.91700914,0.81830154,0.32230575,0.25943067,0.34505403,-0.36067298,0.13489602,0.09581507,0.15360603,0.18103961,0.81830154,1.11946636,1.13210750,1.12169802,0.32230575,0.44790411,0.66187678,0.25943067,0.59187580,0.34505403,0.84270737,1.26575819,1.44341753,1.29430918,1.06161488
73,0.12025276,0.04368202,0.02468990,0.03815771,0.04953263,-0.64014150,-0.48425202,-0.22091829,-1.14746004,0.01947347,-1.36385789,0.21942425,-1.20901763,0.39019483,-0.91167379,0.81632264,0.32381510,0.25938474,0.34350916,-0.35621284,0.13311264,0.09506012,0.15357995,0.18061902,0.81632264,1.11930583,1.13459586,1.12321682,0.32381510,0.45060179,0.66169148,0.25938474,0.58993443,0.34350916,0.83672849,1.25642201,1.43511352,1.28872309,1.05772737
74,0.11933766,0.04170834,0.02453737,0.03905202,0.05060766,-0.63929029,-0.49322174,-0.22238400,-1.15546078,0.02383890,-1.37037586,0.22576285,-1.22564065,0.39647241,-0.92192501,0.81204463,0.32740447,0.25442284,0.34871378,-0.34068432,0.13746430,0.09440003,0.15263591,0.17946890,0.81204463,1.11719010,1.14240003,1.12824501,0.32740447,0.45965968,0.66742166,0.25442284,0.58719971,0.34871378,0.83965051,1.25879323,1.43578184,1.30085094,1.06556649
75,0.11952494,0.04089764,0.02378017,0.03963169,0.05128751,-0.63630954,-0.48563920,-0.22354409,-1.14763785,0.02886512,-1.36870557,0.23204030,-1.22072090,0.40211582,-0.91693946,0.81091870,0.33607610,0.25767161,0.34851950,-0.34517994,0.14169033,0.09379916,0.15170883,0.17836438,0.81091870,1.12389323,1.14696884,1.13185733,0.33607610,0.46759816,0.67313450,0.25767161,0.59050719,0.34851950,0.83382970,1.25455630,1.43667077,1.29909294,1.06499795
76,0.12175627,0.04081648,0.02466562,0.04176536,0.05444513,-0.64313047,-0.48588082,-0.22590756,-1.14623360,0.02425166,-1.36209863,0.23379399,-1.23036078,0.40931008,-0.92123756,0.81497345,0.33128673,0.25538168,0.35585243,-0.36914929,0.13574271,0.09445585,0.14992845,0.17720171,0.81497345,1.12099796,1.15950436,1.14624225,0.33128673,0.47533817,0.68174712,0.25538168,0.59068812,0.35585243,0.84217205,1.26172390,1.43551807,1.31159425,1.07496894
77,0.11793630,0.04152617,0.02632686,0.04391069,0.05746877,-0.65063054,-0.49948037,-0.22535032,-1.13901801,0.02318985,-1.35013498,0.23813889,-1.21896227,0.41742877,-0.91129233,0.81221911,0.32677797,0.26160777,0.35671220,-0.42000698,0.13988633,0.09437485,0.14857720,0.17601647,0.81221911,1.11212185,1.15640042,1.15466957,0.32677797,0.47923189,0.69120119,0.26160777,0.59702809,0.35671220,0.86281822,1.27714469,1.44376234,1.31764512,1.08643078
78,0.11958388,0.04058304,0.02277629,0.04504093,0.06035125,-0.66320871,-0.51547500,-0.22739801,-1.13204574,0.01726705,-1.34205729,0.23903180,-1.22297463,0.42072162,-0.89336003,0.79436996,0.32383057,0.25904404,0.37647605,-0.38428695,0.14609654,0.09449320,0.14638599,0.17423496,0.79436996,1.09238507,1.15707490,1.15726915,0.32383057,0.48388078,0.69787240,0.25904404,0.60745460,0.37647605,0.87317958,1.25251697,1.41730399,1.30696669,1.06000303
79,0.11874766,0.04124018,0.02314095,0.04512524,0.06036526,-0.67301466,-0.53038858,-0.22462112,-1.13271877,0.01956509,-1.33660777,0.25055131,-1.22402683,0.44095604,-0.88937618,0.78903678,0.32009894,0.26345339,0.38503490,-0.38093732,0.16597177,0.09382373,0.14362015,0.17155069,0.78903678,1.08277435,1.16455844,1.17945730,0.32009894,0.49285508,0.71518269,0.26345339,0.61747574,0.38503490,0.88807679,1.24888154,1.40731187,1.30647087,1.06267939
80,0.11596239,0.04229083,0.02404104,0.04619951,0.06057680,-0.68976024,-0.53783423,-0.23121691,-1.12785898,0.02398320,-1.33613130,0.25391831,-1.22033661,0.44675853,-0.89514394,0.78288511,0.33143650,0.26361188,0.37807395,-0.37632691,0.17524276,0.09289708,0.14091611,0.16878157,0.78288511,1.08877953,1.17301925,1.19939929,0.33143650,0.50261830,0.72305519,0.26361188,0.61367368,0.37807395,0.90628323,1.24385581,1.40508953,1.30236391,1.06873349
81,0.11562711,0.04269254,0.02465531,0.04718557,0.05920342,-0.70307374,-0.54781413,-0.24180022,-1.13503032,0.01926475,-1.33631165,0.25633553,-1.22665489,0.44929625,-0.89411183,0.78009966,0.33189294,0.26658721,0.38447331,-0.36089534,0.19061534,0.09327439,0.13776480,0.16637082,0.78009966,1.08561183,1.18288803,1.21081851,0.33189294,0.51474894,0.73749920,0.26658721,0.61903428,0.38447331,0.92003091,1.24609868,1.39950622,1.30440310,1.06447526
82,0.11887724,0.04029404,0.02354283,0.04779324,0.05880943,-0.71865188,-0.55460691,-0.25287504,-1.14382451,0.01630195,-1.35408883,0.25553078,-1.23332810,0.45420690,-0.91271739,0.78232752,0.34428738,0.27310625,0.37718905,-0.35792205,0.17220880,0.09308060,0.13458139,0.16363419,0.78232752,1.10008772,1.19366165,1.23275510,0.34428738,0.52505015,0.74968425,0.27310625,0.62373905,0.37718905,0.93679228,1.25499289,1.41404085,1.30842791,1.08026746
83,0.11168585,0.04216211,0.02736774,0.05252249,0.06044024,-0.73930100,-0.57779462,-0.26200967,-1.14439452,0.01637805,-1.37551706,0.26028121,-1.24843418,0.46235495,-0.92840814,0.78213373,0.36472761,0.28186798,0.37848949,-0.40886699,0.19328396,0.09319703,0.13106791,0.16082439,0.78213373,1.11775607,1.21219108,1.26014142,0.36472761,0.54332434,0.76323378,0.28186798,0.63433005,0.37848949,0.97085248,1.27606856,1.44864045,1.33428608,1.10961230
84,0.11575884,0.04208092,0.02673737,0.05125597,0.05786064,-0.78060600,-0.62177039,-0.28167941,-1.18505634,0.02803785,-1.42603136,0.28070193,-1.30006145,0.49231675,-0.96437926,0.79869827,0.39524751,0.28813193,0.39683728,-0.43454134,0.17034042,0.09353369,0.12443148,0.15566549,0.79869827,1.16163495,1.27005138,1.32877005,0.39524751,0.58349820,0.81111409,0.28813193,0.65691659,0.39683728,1.02621254,1.31932412,1.49855097,1.38948076,1.15645422
85,0.11636319,0.04000696,0.02422425,0.05243317,0.05610820,-0.81614491,-0.64460940,-0.30464058,-1.21712915,0.02496750,-1.45692888,0.30051866,-1.33128471,0.52220814,-0.97007115,0.81386743,0.40999490,0.30785345,0.42381772,-0.43428339,0.17091258,0.09384996,0.11845970,0.15113079,0.81386743,1.19096146,1.32196131,1.38789340,0.40999490,0.62381372,0.86867914,0.30785345,0.69809273,0.42381772,1.06266334,1.34637617,1.52335075,1.41911406,1.16834178
86,0.12074028,0.04006932,0.02308913,0.05281000,0.05574468,-0.85368691,-0.67521204,-0.31764420,-1.21404525,0.02247487,-1.44994867,0.31250621,-1.31963591,0.53824978,-0.98106102,0.80492035,0.41520395,0.32205490,0.40693540,-0.43010189,0.15621196,0.09373546,0.11485211,0.14824758,0.80492035,1.19242406,1.34466328,1.43684517,0.41520395,0.64440594,0.89081706,0.32205490,0.69879641,0.40693540,1.11016551,1.34485220,1.51862208,1.41382917,1.18889180
87,0.11524704,0.04081269,0.01851604,0.04897249,0.05374768,-0.86422542,-0.69110279,-0.32212534,-1.20507067,0.03314217,-1.43796827,0.33066951,-1.29142259,0.55352543,-0.97688766,0.78816771,0.42553561,0.33409648,0.38550130,-0.40286634,0.16732624,0.09372937,0.11397625,0.14756619,0.78816771,1.18924940,1.35010489,1.45867609,0.42553561,0.66170766,0.90697973,0.33409648,0.69622292,0.38550130,1.12318493,1.32397455,1.49808136,1.38578371,1.18610946
88,0.11402807,0.04004627,0.01609917,0.04805985,0.05171548,-0.90213383,-0.70573158,-0.33384278,-1.22363159,0.03080751,-1.44021769,0.34988392,-1.28894841,0.57660257,-0.97536614,0.80786462,0.42454362,0.35438185,0.38698674,-0.39711269,0.17494444,0.09325822,0.10970270,0.14398534,0.80786462,1.20925449,1.39546914,1.51689293,0.42454362,0.68857265,0.94471155,0.35438185,0.71736102,0.38698674,1.15829094,1.33620253,1.49543986,1.38630948,1.19393754
89,0.11603372,0.04638838,0.01621283,0.05032831,0.05498606,-0.90247250,-0.68661057,-0.34180222,-1.18224760,0.02388187,-1.39273698,0.33817281,-1.23502368,0.57201255,-0.92936507,0.79360798,0.42317495,0.35434621,0.38485068,-0.41998672,0.15535918,0.09282040,0.10943087,0.14349474,0.79360798,1.18764739,1.36943979,1.50596658,0.42317495,0.68624588,0.95131331,0.35434621,0.71915923,0.38485068,1.15044334,1.31319366,1.45658130,1.33629496,1.15582164
90,0.10815386,0.04971863,0.01385394,0.04630041,0.05341372,-0.96073697,-0.74708363,-0.34848196,-1.22466599,0.02560470,-1.43175737,0.35412979,-1.27409656,0.60993532,-0.94053041,0.81653527,0.42962868,0.36595443,0.42048578,-0.39706042,0.16798043,0.09093378,0.10491286,0.13883681,0.81653527,1.21903237,1.42756340,1.59357872,0.42962868,0.70839285,1.00178019,0.36595443,0.76373827,0.42048578,1.22855490,1.34091567,1.48119357,1.36663213,1.17590841
91,0.10590589,0.04856044,0.02061931,0.05556135,0.05891839,-0.98897037,-0.75918219,-0.39253980,-1.23020366,0.00700048,-1.43045808,0.35406512,-1.29244893,0.62527231,-0.94585916,0.80729430,0.45075404,0.37573842,0.44023447,-0.43483038,0.18751249,0.09117594,0.10129202,0.13628326,0.80729430,1.21991233,1.45530425,1.63537870,0.45075404,0.75579577,1.06046941,0.37573842,0.78611352,0.44023447,1.25984738,1.36858781,1.48392337,1.38596199,1.19116302
92,0.10129679,0.05474658,0.02057553,0.05624295,0.06121477,-0.99969239,-0.74715168,-0.40131154,-1.20083486,0.00112521,-1.40358675,0.35013222,-1.26346511,0.61941107,-0.92835015,0.79521880,0.45530748,0.37778571,0.43012088,-0.41597336,0.16897451,0.09087309,0.10090112,0.13579012,0.79521880,1.21292341,1.45411537,1.63853800,0.45530748,0.76077416,1.06005280,0.37778571,0.78013518,0.43012088,1.26002603,1.33877092,1.45151229,1.35298180,1.16899464
93,0.09901725,0.06092495,0.02462062,0.05907125,0.06281759,-1.01265300,-0.79691300,-0.38002263,-1.21862836,0.03275921,-1.39168681,0.37426905,-1.26593080,0.64516892,-0.94140357,0.80514188,0.45270588,0.36562933,0.42306564,-0.42789231,0.17060462,0.09035225,0.09876598,0.13385905,0.80514188,1.21880303,1.47299814,1.67366038,0.45270588,0.76277169,1.06551825,0.36562933,0.76035714,0.42306564,1.30057300,1.35049491,1.44118092,1.36262723,1.19505652
94,0.10025537,0.06225491,0.02675340,0.06274051,0.06281624,-1.07456560,-0.84010499,-0.41424486,-1.26036394,0.02227195,-1.40762330,0.38441562,-1.27685377,0.66600144,-0.96744687,0.83361653,0.46590316,0.38827286,0.41849186,-0.47156863,0.15530718,0.08965176,0.09404186,0.12992809,0.83361653,1.25393572,1.53210501,1.75425635,0.46590316,0.80773344,1.12455041,0.38827286,0.78083378,0.41849186,1.37621675,1.40744583,1.46362056,1.37870637,1.22871708
95,0.09947821,0.05915513,0.03173312,0.05947608,0.06263921,-1.12117584,-0.88442467,-0.46072938,-1.24965771,-0.00681928,-1.40709257,0.37765806,-1.28156926,0.69304443,-0.96298561,0.81514243,0.48658207,0.40707687,0.44861254,-0.50781538,0.10999334,0.08758356,0.08998630,0.12557235,0.81514243,1.25231812,1.56152459,1.82709355,0.48658207,0.84800124,1.19359394,0.40707687,0.82939227,0.44861254,1.43947189,1.41889246,1.46622470,1.38526937,1.24672037
96,0.10237764,0.05454022,0.03406761,0.06361953,0.06163632,-1.14224801,-0.86723421,-0.47384570,-1.18807116,-0.00958135,-1.35701018,0.40758680,-1.23004503,0.73073243,-0.90714954,0.78929424,0.49705263,0.43630275,0.45692884,-0.51948143,0.12769042,0.08876112,0.08680709,0.12415316,0.78929424,1.25280767,1.60445284,1.88531623,0.49705263,0.88513267,1.23831415,0.43630275,0.86629080,0.45692884,1.44635576,1.35864447,1.41577087,1.35294967,1.23129221
97,0.09796859,0.06211245,0.03772886,0.05503087,0.05154032,-1.18037549,-0.89040002,-0.45881864,-1.14030377,0.03565931,-1.28884773,0.45242616,-1.15888770,0.77141813,-0.85540704,0.81806752,0.52036906,0.43710990,0.44046080,-0.55512797,0.12901764,0.08790468,0.08530962,0.12249475,0.81806752,1.29990863,1.66758601,1.96176887,0.52036906,0.91555948,1.26667140,0.43710990,0.85462153,0.44046080,1.49481921,1.33208476,1.36514462,1.31519501,1.22415559
98,0.11244405,0.06892803,0.03146114,0.05830553,0.05716871,-1.18878023,-0.84511131,-0.47025854,-1.02263396,0.04258377,-1.20551318,0.50428344,-1.07719075,0.82665104,-0.79376278,0.79526337,0.54636495,0.47953735,0.43012835,-0.59043486,0.10434272,0.08713322,0.08284672,0.12023218,0.79526337,1.30630673,1.72398236,2.02598513,0.54636495,0.97812373,1.32008428,0.47953735,0.88677521,0.43012835,1.47897363,1.24660037,1.30213620,1.27977554,1.22936481
99,0.10746121,0.14327663,0.05243792,0.08281102,0.07703162,-1.13301333,-0.71900894,-0.42923376,-0.77157521,0.07825547,-1.00027828,0.50977820,-0.90573005,0.84138154,-0.63207228,0.75581389,0.55798655,0.44231587,0.43109890,-0.54631122,0.17251920,0.08790069,0.08620631,0.12311807,0.75581389,1.26492047,1.66660589,1.98431311,0.55798655,0.95049942,1.28159070,0.44231587,0.84901524,0.43109890,1.36908064,1.03601065,1.12248175,1.14528122,1.14433549
100,0.10676295,0.17269856,0.15878440,0.07941188,0.09871661,-1.13571224,-0.65592477,-0.43426719,-0.72033834,0.00977387,-0.84592826,0.41277523,-0.79831720,0.86670158,-0.52726382,0.76454988,0.46201835,0.40645745,0.52951205,-0.56334580,0.19047020,0.08570479,0.08858123,0.12325561,0.76454988,1.19315432,1.57522921,2.01879950,0.46201835,0.85185345,1.31736230,0.40645745,0.91576260,0.52951205,1.34408193,1.02817459,1.01932204,1.05135720,1.13825681
101,0.11125589,0.23150607,0.24744957,0.19053457,0.22393099,-1.12964557,-0.63522463,-0.41622852,-0.65716844,-0.01354207,-0.77735951,0.36845698,-0.72426029,0.88982750,-0.37239344,0.76904763,0.42118594,0.38603450,0.62973583,-0.56826752,0.17726930,0.08612064,0.08895142,0.12381082,0.76904763,1.15434973,1.52003820,2.04739769,0.42118594,0.78882909,1.33886797,0.38603450,0.99111239,0.62973583,1.33364765,0.98300848,0.96569046,0.98464045,1.09849574
102,0.11395237,0.26628308,0.23426868,0.14093951,0.23043790,-1.08598837,-0.51997757,-0.42585755,-0.53238577,-0.05190402,-0.65692339,0.28466834,-0.61979180,0.83735612,-0.25846912,0.70272395,0.39431948,0.33878544,0.66079878,-0.53927353,0.20123838,0.08767179,0.09289773,0.12773539,0.70272395,1.06793422,1.39149181,1.95060292,0.39431948,0.71623437,1.29345097,0.33878544,0.97511325,0.66079878,1.24088101,0.87012637,0.84501690,0.85657290,1.00547825
103,0.11819966,0.08512789,0.28222343,0.21102359,0.24377111,-1.05617896,-0.47223138,-0.66374821,-0.52059435,-0.13879345,-0.55607992,0.23845797,-0.57755772,0.87329130,-0.28065715,0.46174302,0.52660114,0.37847474,0.70096172,-0.59784605,0.18634971,0.09117004,0.08878557,0.12725900,0.46174302,0.95724941,1.32911287,1.95741143,0.52660114,0.90503659,1.55593746,0.37847474,1.04892161,0.70096172,1.19121394,0.99207643,0.79011677,0.84267718,1.07047649
104,0.11058736,0.21165120,0.28693334,0.22172920,0.23092443,-0.94065067,-0.48654746,-0.57652089,-0.27678047,-0.14804853,-0.40735100,0.23916446,-0.47589703,0.82069240,-0.18484580,0.51410001,0.44911593,0.39433221,0.65032169,-0.57036353,0.29164248,0.09203996,0.09835206,0.13470145,0.51410001,0.86175402,1.23305299,1.82143597,0.44911593,0.84192994,1.40136902,0.39433221,0.99424800,0.65032169,1.08365936,0.82795660,0.70697827,0.79332883,1.02308434
105,0.10461805,0.23391605,0.26246954,0.27027190,0.21676950,-0.94188613,-0.38781687,-0.41763629,-0.22469903,-0.14674428,-0.31148919,0.20750625,-0.33185876,0.78393104,-0.04340530,0.60307871,0.28452578,0.35490217,0.64458744,-0.50504318,0.32303305,0.09180486,0.10496140,0.13944542,0.60307871,0.83876544,1.18035901,1.78004642,0.28452578,0.63439759,1.21529879,0.35490217,0.96858619,0.64458744,1.05129502,0.69617083,0.62030838,0.65310688,0.94589684
106,0.10538610,0.17662866,0.23126894,0.22009419,0.14859411,-0.91561271,-0.25623583,-0.35767585,-0.02321377,-0.07674238,-0.13481930,0.21672680,-0.18501242,0.75151190,0.07856709,0.63006498,0.30329422,0.29820411,0.59625211,-0.50631223,0.32688527,0.09569658,0.10898458,0.14503611,0.63006498,0.87130903,1.15544903,1.71529858,0.30329422,0.59819375,1.11489594,0.29820411,0.85562812,0.59625211,0.98984786,0.57724196,0.50172170,0.57023814,0.90650783
107,0.09986639,0.19973668,0.22428061,0.21065979,0.17217399,-0.92986592,-0.28152063,-0.29200658,-0.04932294,-0.03809256,-0.18429262,0.22262776,-0.22900528,0.75364465,0.07061290,0.70296071,0.28760830,0.26508397,0.60972468,-0.46505434,0.30587077,0.09459487,0.10929090,0.14454304,0.70296071,0.91656787,1.17181154,1.73260207,0.28760830,0.54556864,1.05283737,0.26508397,0.83202375,0.60972468,1.01130044,0.54997955,0.50521884,0.58158799,0.90159950
108,0.09539295,0.13443344,0.14331696,0.22809552,0.13604293,-0.90953997,-0.25495415,-0.25351379,-0.00556195,-0.02199479,-0.14424540,0.21502008,-0.20806165,0.72774610,0.08168046,0.71981596,0.27027876,0.24647619,0.58906222,-0.48406375,0.30988184,0.09545349,0.11274832,0.14772796,0.71981596,0.91130820,1.14265047,1.68461247,0.27027876,0.51176926,0.98637843,0.24647619,0.78381825,0.58906222,0.98344361,0.50228075,0.47143474,0.55773873,0.87734988
109,0.09650304,0.12869813,0.13270154,0.25420803,0.14464175,-0.89503561,-0.21830975,-0.23595034,0.03819938,-0.01508545,-0.07923745,0.23436253,-0.15342950,0.73353472,0.14281868,0.72017724,0.25151996,0.26121462,0.58052286,-0.46110751,0.31349831,0.09606538,0.11393098,0.14902626,0.72017724,0.90550792,1.14622327,1.67925983,0.25151996,0.51018543,0.97678622,0.26121462,0.78146951,0.58052286,0.96112801,0.47439754,0.44343960,0.53729669,0.88118411
110,0.09698050,0.11891442,0.13184077,0.22311311,0.13169393,-0.87370040,-0.19668917,-0.17481455,0.04172766,0.05322063,-0.01337899,0.31708681,-0.09912530,0.77042485,0.18830233,0.75677777,0.23793206,0.27744934,0.53683616,-0.48201995,0.33878944,0.09503487,0.11406909,0.14847014,0.75677777,0.96691960,1.21238719,1.70208363,0.23793206,0.51325271,0.95775053,0.27744934,0.74507044,0.53683616,0.93915822,0.48309757,0.49118146,0.59092421,0.93576564
111,0.10523940,0.12686497,0.11654432,0.17051394,0.12996107,-0.85888617,-0.17162513,-0.16492627,0.10768023,0.08513915,0.01599516,0.36189211,-0.03022973,0.79831130,0.22718501,0.76637688,0.26856639,0.28073654,0.50692140,-0.47837452,0.28215716,0.09160463,0.11402984,0.14626761,0.76637688,0.98326120,1.24678800,1.71940984,0.26856639,0.54631693,0.97243296,0.28073654,0.74419899,0.50692140,0.91704654,0.48050682,0.48063569,0.60343952,0.96773616
112,0.10024097,0.07933644,0.09120365,0.11162630,0.14192258,-0.85992039,-0.16603836,-0.19625860,0.09645518,0.06773480,0.09593381,0.38749784,0.06772511,0.80724210,0.24703974,0.74460164,0.26647105,0.32115559,0.45645651,-0.47856842,0.25524922,0.08969946,0.11318008,0.14441511,0.74460164,0.99547111,1.29139182,1.73459841,0.26647105,0.58505948,1.01518229,0.32115559,0.75481251,0.45645651,0.91623069,0.52881764,0.53088565,0.64241720,0.98710782
113,0.09335740,0.10735716,0.11155555,0.13190166,0.14227069,-0.88374577,-0.14320912,-0.14480775,0.11923353,0.15135578,0.14836759,0.45122851,0.13147858,0.81541336,0.27409296,0.81046217,0.29947476,0.30115190,0.39113079,-0.45407364,0.23939931,0.09015419,0.11158611,0.14345465,0.81046217,1.10147554,1.38000286,1.76252264,0.29947476,0.59627348,0.97265976,0.30115190,0.67634331,0.39113079,0.93866904,0.52178997,0.56192954,0.68507800,0.99235630
114,0.10368189,0.09592000,0.08238555,0.10375736,0.12541988,-0.85585464,-0.13171874,-0.13487374,0.16767300,0.12877853,0.17841674,0.41702117,0.14920206,0.79880668,0.30064521,0.80731956,0.26600735,0.29028660,0.41072547,-0.44538436,0.20633105,0.08782316,0.11322049,0.14328917,0.80731956,1.05970582,1.32214422,1.72440592,0.26600735,0.55242159,0.94322169,0.29028660,0.68133940,0.41072547,0.90615312,0.51936154,0.55207451,0.65916524,0.98303741
115,0.10683545,0.09983697,0.07604426,0.12321348,0.12453213,-0.83314428,-0.17676956,-0.14051070,0.16663522,0.13868450,0.20203519,0.42667717,0.15162348,0.80310567,0.31200798,0.79481785,0.28291041,0.29254490,0.40921853,-0.39933835,0.21512879,0.08856795,0.11347792,0.14394971,0.79481785,1.06466654,1.31771199,1.72050653,0.28291041,0.56769886,0.95507624,0.29254490,0.67347207,0.40921853,0.88591372,0.48069023,0.51884697,0.63646266,0.97362018
116,0.10157234,0.08906091,0.06777451,0.10237674,0.12354967,-0.82670481,-0.13496372,-0.09083500,0.20139727,0.15373463,0.27122029,0.42949460,0.23178654,0.78071503,0.35723787,0.83066842,0.25452523,0.27975907,0.37298730,-0.38872178,0.21541321,0.08910775,0.11584843,0.14615420,0.83066842,1.07951147,1.31988537,1.68934843,0.25452523,0.52146630,0.88562739,0.27975907,0.63360673,0.37298730,0.88107832,0.51145039,0.56478329,0.66054931,0.96477036
117,0.10532822,0.09750990,0.07200227,0.11264497,0.11716481,-0.85459091,-0.07687674,-0.09503838,0.25024502,0.22016772,0.35843189,0.48944884,0.31122397,0.81209936,0.43754894,0.86461340,0.33337110,0.28204280,0.34781648,-0.50757688,0.21198965,0.09072408,0.11443057,0.14603155,0.86461340,1.18485329,1.40974759,1.75019825,0.33337110,0.59282783,0.93258941,0.28204280,0.60544134,0.34781648,0.92662588,0.65892475,0.72731286,0.78165774,1.04629734
118,0.08551297,0.11374290,0.08849681,0.12885034,0.12466470,-0.99080092,-0.09342879,-0.05859253,0.20521139,0.32414574,0.35076169,0.63113515,0.31217868,0.93295616,0.43241906,1.03532517,0.41112179,0.32800984,0.33126463,-0.63452401,0.22031033,0.08901866,0.10115160,0.13474408,1.03532517,1.42009867,1.68282445,1.99836520,0.41112179,0.71299985,1.03875473,0.32800984,0.63831478,0.33126463,1.08206127,0.79129940,0.86839898,0.93578585,1.16694457
119,0.08292650,0.11230891,0.09007541,0.13497871,0.12577870,-0.99698136,-0.05211848,-0.00447194,0.29071746,0.37693797,0.39645561,0.68673697,0.36054462,0.97530451,0.47140671,1.08057542,0.39680415,0.32058300,0.31235317,-0.53490793,0.24165011,0.08867856,0.09884206,0.13279172,1.08057542,1.46297077,1.74024726,2.04342941,0.39680415,0.70224676,1.00712074,0.32058300,0.61466624,0.31235317,1.07694533,0.72019695,0.83483260,0.95456082,1.19801097
120,0.08654030,0.08822615,0.08060325,0.11549643,0.10946983,-1.13573709,-0.06657182,0.05269736,0.35024639,0.56009074,0.49171749,0.86073299,0.50578076,1.06739170,0.60932532,1.29908885,0.52724673,0.32404526,0.25062139,-0.70764820,0.24066650,0.09028894,0.08469209,0.12379355,1.29908885,1.80967820,2.08429980,2.30582068,0.52724673,0.83520959,1.07437508,0.32404526,0.56413945,0.25062139,1.22576337,0.85198200,1.05870762,1.18147180,1.34044325
121,0.15098948,0.07160674,0.05177065,0.10251682,0.08883497,-1.29382254,-0.05272492,0.06121744,0.39728193,0.62114195,0.58457762,0.93935557,0.57985068,1.13837499,0.66611318,1.44926610,0.59492812,0.34536119,0.24281769,-1.55113739,1.35794407,0.08437068,0.05426631,0.10031572,1.44926610,2.02583147,2.32140809,2.53710964,0.59492812,0.92054668,1.15439665,0.34536119,0.57737185,0.24281769,1.39469973,0.86556358,1.09928759,1.23752133,1.39365504
122,0.10683696,0.06519119,0.08353126,0.05588416,0.04490075,-0.96816375,0.10346410,-0.22957280,0.35234334,0.26519683,0.37410927,0.63143438,0.43272018,0.83345587,0.41319380,0.88928173,0.49524945,0.40917544,0.33905430,-1.56085274,1.45371902,0.08776466,0.10699076,0.13838229,0.88928173,1.33297693,1.65281111,1.82813166,0.49524945,0.88206804,1.15421906,0.40917544,0.72244837,0.33905430,1.17039324,1.15679922,1.17012548,1.18434703,1.12470802
123,0.10573538,0.09677831,0.03263825,0.05073584,0.06183095,-0.86028115,-0.04090714,-0.05006143,-0.02826905,0.33388358,0.00369280,0.56252718,0.01533252,0.68361983,0.08026533,0.93846350,0.38530579,0.30542268,0.30759104,-1.47712699,0.58852448,0.08870183,0.12770246,0.15548611,0.93846350,1.28350601,1.44858972,1.54867486,0.38530579,0.64814429,0.88473591,0.30542268,0.59669869,0.30759104,1.08453937,1.13399056,1.17591355,1.08302435,0.94682498
124,0.11287831,0.12126718,0.05373770,0.07570947,0.04798466,-0.83639254,-0.07450450,-0.05532564,-0.20996981,0.31592632,-0.24908047,0.54362263,-0.21700801,0.69869006,-0.05034960,0.94089348,0.37753115,0.31937447,0.36374519,-1.45915840,-0.14772976,0.09206089,0.12417705,0.15458055,0.94089348,1.24950487,1.40610196,1.53625226,0.37753115,0.66034310,0.95367368,0.31937447,0.66436512,0.36374519,1.10674097,1.24682290,1.23860494,1.11568266,0.96663833
125,0.10915410,0.07514243,0.04578107,0.08447968,0.06606013,-0.92159690,-0.25500004,-0.17971350,-0.45742908,0.13369898,-0.51223868,0.41027881,-0.44524969,0.58420463,-0.16849933,0.96973439,0.32197870,0.36816463,0.44995668,-1.50960890,-0.93840448,0.09420375,0.12792637,0.15886945,0.96973439,1.21364166,1.38015713,1.50828467,0.32197870,0.65445402,1.00883279,0.36816463,0.78469938,0.44995668,1.16532978,1.34950338,1.31840373,1.14672710,0.90079376
126,0.09346631,0.07822733,0.03760692,0.06226418,0.09142446,-1.23687384,-0.49599605,-0.09826681,-0.78687854,0.34866845,-0.85632304,0.66203216,-0.62745920,0.86911632,-0.21341488,1.19264784,0.49457015,0.41283786,0.51939278,-1.09538455,0.24542055,0.09422486,0.08973007,0.13011460,1.19264784,1.62597386,1.90841772,2.15736689,0.49457015,0.84837645,1.26372897,0.41283786,0.90877905,0.51939278,1.57152502,1.30494030,1.24669268,1.14696453,1.00618225
127,0.09760341,0.04078805,0.06292196,0.11323061,0.11344038,-1.26566067,-0.45625858,-0.16739080,-0.80131144,0.29785593,-0.89239197,0.66177835,-0.76873769,0.90426050,-0.34784141,1.17629654,0.50711560,0.41364036,0.50820984,-1.07629426,0.03262387,0.09164378,0.09320272,0.13071086,1.17629654,1.62437588,1.95473409,2.18591374,0.50711560,0.89409894,1.25964858,0.41364036,0.86927484,0.50820984,1.56072634,1.31784916,1.26973080,1.23235735,1.11429809
128,0.09986566,0.06432827,0.01855585,0.04592812,0.04794843,-1.36165905,-0.55039085,-0.14093766,-0.91235454,0.39170912,-1.03587985,0.75655867,-0.90113334,1.01714468,-0.43114693,1.29781996,0.55985314,0.40805696,0.54618763,-0.86599001,0.11131140,0.08674680,0.08572741,0.12195981,1.29781996,1.82405379,2.14707344,2.38349093,0.55985314,0.93006543,1.29970005,0.40805696,0.89762963,0.54618763,1.61563943,1.30653857,1.36870335,1.35939624,1.24924636
129,0.08049001,0.09402498,0.04151376,0.05208844,0.04958814,-1.34206277,-0.52073997,-0.10866904,-0.91887798,0.44594265,-1.03060654,0.82434547,-0.87191545,1.01444612,-0.52146669,1.31022272,0.56899017,0.42105207,0.40912324,-0.81243033,0.14792628,0.08636624,0.07347505,0.11339184,1.31022272,1.86392713,2.19500020,2.35714384,0.56899017,0.94696878,1.21665290,0.42105207,0.78555577,0.40912324,1.53440675,1.17440950,1.30388662,1.32765920,1.23612840
130,0.07270696,0.07492568,0.02807529,0.04913454,0.05686608,-1.30656862,-0.57277177,-0.09575744,-0.93355622,0.44921738,-1.08561486,0.82075105,-0.92294934,0.98981391,-0.56935317,1.28481048,0.56865410,0.41164808,0.40102773,-0.82943443,0.20490268,0.08794410,0.07153056,0.11336131,1.28481048,1.83764453,2.15855626,2.29648254,0.56865410,0.92538113,1.16455387,0.41164808,0.76347577,0.40102773,1.50514260,1.17878649,1.34578470,1.36703569,1.24696180
131,0.07824710,0.08121099,0.03068348,0.05590495,0.04647752,-1.32323869,-0.58859708,-0.06856507,-0.93279953,0.48656533,-1.09023607,0.87430776,-0.90767954,1.04517820,-0.55004043,1.33513361,0.57847913,0.44353775,0.40914834,-0.96976976,0.22040031,0.08617763,0.07556200,0.11461326,1.33513361,1.89579027,2.22529163,2.36912234,0.57847913,0.95590217,1.20534374,0.44353775,0.80647740,0.40914834,1.54631625,1.25832471,1.43755387,1.43511982,1.31801828
132,0.08019225,0.08548416,0.02933751,0.05547821,0.04491933,-1.33395002,-0.56413727,-0.11344760,-0.90032389,0.44975686,-1.02722006,0.83213895,-0.86571276,1.03349864,-0.48902180,1.30111187,0.57900502,0.42960578,0.43562159,-0.96638375,0.19735748,0.08612168,0.07588470,0.11478428,1.30111187,1.86057753,2.19182173,2.36939973,0.57900502,0.95880320,1.24195504,0.42960578,0.81789317,0.43562159,1.54765954,1.24057334,1.37853712,1.38546461,1.29379092
133,0.06425932,0.08556809,0.03847740,0.06008161,0.05002688,-1.27901746,-0.50156709,-0.09092676,-0.80707651,0.47069740,-0.95120736,0.81155994,-0.78594154,0.97596008,-0.47720463,1.26369530,0.58022261,0.39599965,0.37067463,-0.90779945,0.19296346,0.08943952,0.07884500,0.11923071,1.26369530,1.82841955,2.11638621,2.25553373,0.58022261,0.91305683,1.14649736,0.39599965,0.73256711,0.37067463,1.47226069,1.16313082,1.33574736,1.32677408,1.22823293
134,0.06857514,0.09521584,0.04032648,0.05521546,0.05321054,-1.28289009,-0.53283814,-0.10151541,-0.76609601,0.49579356,-0.90485447,0.83126245,-0.69291282,0.99160678,-0.37626298,1.24069988,0.61328063,0.40601711,0.37489469,-0.97872358,0.27912395,0.08907892,0.07621667,0.11723495,1.24069988,1.84013262,2.12997775,2.28139425,0.61328063,0.94045328,1.18042616,0.40601711,0.75362682,0.37489469,1.47973201,1.11849038,1.30533219,1.29628444,1.21506796
135,0.07978563,0.10131924,0.05661641,0.05815241,0.06340327,-1.26138573,-0.51004061,-0.05502361,-0.65668071,0.55864091,-0.70627328,0.86917192,-0.53773855,1.01036030,-0.23441125,1.26313834,0.61637333,0.37103871,0.36352459,-1.11402980,0.38126761,0.09104051,0.07756545,0.11960256,1.26313834,1.85747898,2.14026316,2.28918044,0.61637333,0.94270178,1.18092126,0.37103871,0.70139923,0.36352459,1.45344033,1.08001019,1.22204289,1.24609393,1.18382656
136,0.09067066,0.12215346,0.04958440,0.07086140,0.08267083,-1.21883089,-0.59136113,-0.04737054,-0.63677374,0.50902155,-0.67402499,0.85603451,-0.43810736,0.94931553,-0.21377618,1.18283121,0.55778162,0.42153725,0.27613842,-0.88852158,0.42382192,0.09414657,0.06540248,0.11463447,1.18283121,1.73585510,2.08312961,2.20094440,0.55778162,0.92650282,1.09828116,0.42153725,0.65961621,0.27613842,1.41685536,0.85739146,1.01314854,1.09288117,1.04760235
137,0.08549435,0.12885947,0.05270531,0.04938908,0.06893847,-1.31788281,-0.55175938,-0.05814038,-0.67016159,0.55416301,-0.75079695,0.88534403,-0.50671138,1.01346262,-0.23271937,1.28695713,0.62101638,0.41422891,0.32867091,-0.94410282,0.33243323,0.08972849,0.07267921,0.11547064,1.28695713,1.89025614,2.20704811,2.35308415,0.62101638,0.96422745,1.18247443,0.41422891,0.71458606,0.32867091,1.51676001,1.00327717,1.15417624,1.19946612,1.15483432
138,0.07305553,0.08684382,0.05936551,0.05424535,0.06932733,-1.28761033,-0.58426690,-0.04600905,-0.87150801,0.49642394,-0.95646004,0.83239063,-0.75179959,0.97022724,-0.46622768,1.28753271,0.55011339,0.39441521,0.32946213,-0.79183701,0.22357226,0.09159250,0.06637678,0.11311527,1.28753271,1.82854189,2.13004095,2.26113942,0.55011339,0.88872801,1.10458284,0.39441521,0.69187169,0.32946213,1.47070950,1.05234490,1.21157382,1.23860331,1.16138086
139,0.08458353,0.04893698,0.04783685,0.05159395,0.06427750,-1.24801385,-0.70343695,-0.12490965,-1.06876174,0.44804511,-1.14110575,0.81579178,-0.92958236,1.00137146,-0.63902019,1.20182963,0.57830280,0.42738890,0.35540559,-0.82442969,0.24741379,0.09125744,0.06200425,0.11032882,1.20182963,1.76980025,2.08588941,2.25324143,0.57830280,0.95118238,1.21028291,0.42738890,0.75981957,0.35540559,1.48573300,1.24007847,1.38607005,1.37246482,1.29223353
140,0.10778017,0.05608605,0.03730560,0.06302225,0.07391818,-1.24786600,-0.68548877,-0.21099596,-1.12638734,0.37940836,-1.29668135,0.72966267,-1.06924042,0.91314969,-0.66020397,1.16058057,0.61765482,0.42202891,0.45417073,-0.74416086,0.17873342,0.09163652,0.07010218,0.11537577,1.16058057,1.75160041,2.02036322,2.16272293,0.61765482,0.95044383,1.23268973,0.42202891,0.84132553,0.45417073,1.48968317,1.35158126,1.50100771,1.42390457,1.24117756
141,0.09201385,0.05605264,0.03390879,0.04473937,0.06117338,-1.21432948,-0.61445199,-0.21680381,-1.23233303,0.31860524,-1.39588153,0.66662864,-1.21249115,0.88467016,-0.76068958,1.19862384,0.56154318,0.39715038,0.50493313,-0.63144576,0.17010217,0.09354097,0.08345195,0.12535606,1.19862384,1.73230039,1.97915614,2.10596653,0.56154318,0.88911363,1.20828201,0.39715038,0.85815152,0.50493313,1.42269041,1.41431992,1.55845866,1.49303434,1.27076766
142,0.08918042,0.04568780,0.01312516,0.04377993,0.06170594,-1.16518819,-0.78938668,-0.19572638,-1.39793995,0.29540583,-1.57045191,0.64523919,-1.42171416,0.87964632,-0.92670024,1.16667978,0.52357763,0.38131011,0.54794463,-0.54410559,0.15577910,0.09495692,0.08732681,0.12900693,1.16667978,1.66496916,1.92275385,2.05316191,0.52357763,0.84569444,1.17852728,0.38131011,0.87055199,0.54794463,1.44289235,1.51268205,1.67070446,1.62697866,1.35187498
143,0.09217308,0.03964887,0.01112514,0.04209593,0.06258464,-1.10692210,-0.79277386,-0.16606067,-1.42009026,0.27587154,-1.61194575,0.59139113,-1.46112594,0.82526535,-0.96856606,1.16901939,0.48449471,0.35347917,0.54584690,-0.55088394,0.13755438,0.09849816,0.09598234,0.13752999,1.16901939,1.62581817,1.83534671,1.94747211,0.48449471,0.76547941,1.09679524,0.35347917,0.84950119,0.54584690,1.39750149,1.55502199,1.72867958,1.65634503,1.36124783
144,0.08550468,0.03636127,0.01072779,0.03909981,0.05387919,-1.04138962,-0.83905784,-0.15884938,-1.46923624,0.28098575,-1.66105858,0.60411163,-1.50786067,0.82008067,-0.98138045,1.12993466,0.48642640,0.36196914,0.56945642,-0.52795525,0.13255610,0.09775309,0.10074684,0.14037661,1.12993466,1.57506999,1.78548436,1.87376775,0.48642640,0.77591429,1.10499273,0.36196914,0.87096459,0.56945642,1.37261657,1.60513300,1.77117446,1.69688810,1.36233583
145,0.07815367,0.03300314,0.01181254,0.04192631,0.05275361,-0.97841374,-0.82193548,-0.13088932,-1.46385324,0.26780605,-1.65153566,0.56642128,-1.49772378,0.77592890,-1.01278849,1.09322947,0.44686899,0.33945186,0.52854039,-0.43581649,0.14287010,0.09937456,0.10694875,0.14599089,1.09322947,1.50791807,1.69128885,1.76837514,0.44686899,0.70891956,1.02250576,0.33945186,0.81888879,0.52854039,1.30252573,1.55466613,1.72815898,1.64659286,1.32743628
146,0.08220662,0.03523289,0.01474211,0.03897966,0.04782193,-0.93019956,-0.76407387,-0.12283864,-1.40568933,0.26803622,-1.61873574,0.53985276,-1.47483337,0.72682826,-0.99046394,1.05828695,0.45050644,0.31084336,0.51981106,-0.42504904,0.11421071,0.09796648,0.11370900,0.15009054,1.05828695,1.48141702,1.63751605,1.67530757,0.45050644,0.67601139,0.95590852,0.31084336,0.78111428,0.51981106,1.23521492,1.50193195,1.70014776,1.62074438,1.28455124
147,0.08784606,0.03205569,0.01297733,0.03460523,0.04564814,-0.85539433,-0.70050067,-0.10732184,-1.35432433,0.25648737,-1.58750093,0.49405625,-1.44998114,0.64399140,-0.99151666,1.01995587,0.43740124,0.27820822,0.48281363,-0.39411032,0.09598181,0.09612714,0.12179356,0.15515829,1.01995587,1.43163983,1.54808897,1.53042459,0.43740124,0.61933915,0.84501482,0.27820822,0.71396147,0.48281363,1.13598547,1.44476597,1.66299612,1.57791886,1.23519293
148,0.09615979,0.03519029,0.01436846,0.03526558,0.04569410,-0.81947946,-0.63242384,-0.11476083,-1.33362847,0.21822019,-1.58451897,0.44907356,-1.42718430,0.61005071,-0.97116717,1.02141818,0.42228898,0.28724558,0.48448449,-0.41806218,0.11621061,0.09877140,0.12665563,0.16061581,1.02141818,1.41820746,1.50032703,1.47084211,0.42228898,0.58702475,0.82666849,0.28724558,0.73414715,0.48448449,1.07275328,1.43459367,1.66128555,1.54419983,1.19991919
149,0.10328669,0.03339465,0.01191949,0.03133821,0.04450088,-0.80823598,-0.63890882,-0.14590395,-1.35296607,0.17612424,-1.61641133,0.42484681,-1.47161627,0.60511867,-0.99448835,0.99506927,0.41844792,0.29161728,0.51040581,-0.38910178,0.16545693,0.09930375,0.12681074,0.16106582,0.99506927,1.39637355,1.49214719,1.46037345,0.41844792,0.59011780,0.83953229,0.29161728,0.75841873,0.51040581,1.06349641,1.43895122,1.68012224,1.57720267,1.21761607
150,0.11154700,0.03211777,0.01517764,0.03137616,0.04138386,-0.78717580,-0.61539080,-0.15676855,-1.37496138,0.15255383,-1.64627028,0.38260535,-1.52835026,0.56090702,-1.08055438,1.01717946,0.41264945,0.26622595,0.48277373,-0.47652950,0.15009818,0.09895847,0.12981523,0.16323227,1.01717946,1.41125148,1.49148204,1.43136805,0.41264945,0.56876659,0.78534727,0.26622595,0.70362974,0.48277373,1.03960532,1.48283857,1.72761489,1.63514369,1.28465367
151,0.11804361,0.02947857,0.01719278,0.03413021,0.04644776,-0.74849533,-0.56876060,-0.14598948,-1.38848132,0.14755086,-1.67566832,0.37124341,-1.52160620,0.53628725,-1.04915319,1.04745373,0.41191768,0.27790322,0.50106510,-0.46276783,0.16892310,0.09858661,0.13457935,0.16682602,1.04745373,1.44060491,1.47879648,1.37815416,0.41191768,0.54177815,0.77074123,0.27790322,0.74204089,0.50106510,0.98156466,1.49398293,1.75478302,1.62709609,1.24956505
152,0.11743539,0.03026106,0.02001104,0.03801169,0.05176673,-0.69704664,-0.53702587,-0.12982583,-1.33104485,0.15016410,-1.57898379,0.35477884,-1.43013215,0.50638711,-0.98397555,1.00999888,0.37524049,0.26011803,0.47200598,-0.46055636,0.17840933,0.09871269,0.14257156,0.17340947,1.00999888,1.36246729,1.39023433,1.29161035,0.37524049,0.50291915,0.73431400,0.26011803,0.69901126,0.47200598,0.92874896,1.44899539,1.67140015,1.54565280,1.19068607
153,0.11570742,0.02984832,0.02165385,0.03777642,0.05146329,-0.68354779,-0.54564441,-0.12837814,-1.32705109,0.14855638,-1.56947775,0.34812612,-1.42165208,0.49629027,-0.97588077,0.99905503,0.36911491,0.25695350,0.47074800,-0.48700527,0.17312614,0.09899650,0.14646538,0.17678352,0.99905503,1.34348870,1.36637448,1.26562011,0.36911491,0.49479293,0.72735030,0.25695350,0.69469376,0.47074800,0.92629624,1.45661135,1.67256192,1.54438163,1.18836616
154,0.11579079,0.03036728,0.02260747,0.03758439,0.05286404,-0.66783539,-0.53806955,-0.11082802,-1.32662798,0.15596469,-1.57076433,0.34427511,-1.40710167,0.48898166,-0.96102644,1.01041131,0.36216086,0.26044433,0.47086800,-0.52012264,0.17120549,0.09808702,0.14998395,0.17921007,1.01041131,1.35008118,1.34949753,1.24225749,0.36216086,0.47166881,0.71560218,0.26044433,0.70454885,0.47086800,0.91857041,1.47155149,1.69139264,1.54350676,1.18460384
155,0.11859420,0.03077349,0.02220947,0.03598421,0.05018800,-0.64735314,-0.52379883,-0.09856372,-1.30525567,0.16182508,-1.56153676,0.34566536,-1.38875218,0.48535234,-0.94222158,1.00028649,0.36630182,0.26806802,0.47114753,-0.53475663,0.14437312,0.09896437,0.15345125,0.18259582,1.00028649,1.34364814,1.32927046,1.21401530,0.36630182,0.46689461,0.70886300,0.26806802,0.71383536,0.47114753,0.90381140,1.46112705,1.68894671,1.52689801,1.16218238
156,0.12073336,0.03005691,0.02042010,0.03322586,0.04868822,-0.63558255,-0.51845424,-0.08589705,-1.30112181,0.17100375,-1.55653947,0.35063895,-1.37958601,0.48572971,-0.93464370,1.00229058,0.36305581,0.26766265,0.46889854,-0.53566488,0.14762523,0.09934547,0.15532727,0.18438027,1.00229058,1.34323635,1.32241891,1.20264365,0.36305581,0.45788141,0.70097764,0.26766265,0.71298646,0.46889854,0.88986344,1.45470363,1.68452224,1.51931555,1.15374842
157,0.12120178,0.03078601,0.02081607,0.03322347,0.04893023,-0.62716654,-0.52048741,-0.08731515,-1.29838461,0.17108325,-1.54961543,0.34964503,-1.36727305,0.48293668,-0.92711072,0.99652225,0.36126533,0.27152693,0.46449586,-0.54809521,0.14282908,0.09975315,0.15706382,0.18606380,0.99652225,1.33337258,1.30706594,1.18911309,0.36126533,0.45775361,0.70461359,0.27152693,0.71392427,0.46449586,0.88543212,1.45761753,1.68213150,1.51068110,1.14770827
158,0.12121389,0.02946235,0.01969698,0.03212879,0.04752446,-0.63065402,-0.52504261,-0.09244487,-1.31791779,0.16870481,-1.56748212,0.34808852,-1.38764598,0.48538663,-0.94137903,1.00163545,0.36206089,0.26909517,0.47104333,-0.51811332,0.15138660,0.09946906,0.15614679,0.18513755,1.00163545,1.34046920,1.31670229,1.19677778,0.36206089,0.46022494,0.71172542,0.26909517,0.71772223,0.47104333,0.88606533,1.46183640,1.68723426,1.51957784,1.15077046
159,0.11943380,0.02923282,0.01988534,0.03260724,0.04730575,-0.62913991,-0.53702638,-0.09135817,-1.32777471,0.16719290,-1.57116790,0.34651332,-1.39540568,0.48282766,-0.94596741,0.99541049,0.35610494,0.26412664,0.47295858,-0.48753400,0.16566785,0.10022840,0.15671311,0.18602347,0.99541049,1.32884119,1.31025648,1.19003485,0.35610494,0.45622918,0.70891620,0.26412664,0.71377429,0.47295858,0.88710558,1.45861592,1.67970275,1.51835768,1.14665096
160,0.11921386,0.02988871,0.02031367,0.03187818,0.04821682,-0.62420777,-0.53444365,-0.08436729,-1.31009863,0.17180648,-1.56188645,0.35375878,-1.37910927,0.48038604,-0.92543528,0.98977875,0.35985081,0.27198358,0.47533420,-0.51944142,0.15536730,0.10108011,0.15815555,0.18769754,0.98977875,1.32799685,1.30558384,1.17811292,0.35985081,0.45650358,0.70462619,0.27198358,0.72310849,0.47533420,0.88790488,1.45640471,1.68515867,1.51661232,1.13907733
161,0.11966005,0.03178895,0.02166174,0.03130507,0.04903392,-0.61072988,-0.50929969,-0.07871030,-1.27284804,0.17784151,-1.51104222,0.35534861,-1.33725376,0.47465044,-0.89525868,0.98730573,0.35024500,0.26838803,0.46525189,-0.59656725,0.12007407,0.10135134,0.16216113,0.19122846,0.98730573,1.31417667,1.29075905,1.15978540,0.35024500,0.45297157,0.69778262,0.26838803,0.70803220,0.46525189,0.88153230,1.45967635,1.67451358,1.50726897,1.13662506
162,0.11592655,0.03110631,0.02201423,0.03111931,0.04937775,-0.60841853,-0.51491159,-0.08458061,-1.29260997,0.17305562,-1.52805629,0.35109802,-1.34883379,0.47364709,-0.90580840,0.99307060,0.34906325,0.27138795,0.46642163,-0.58925745,0.14101839,0.10181545,0.16213122,0.19144952,0.99307060,1.31922914,1.29051331,1.15935731,0.34906325,0.45165758,0.70364720,0.27138795,0.71367227,0.46642163,0.88083171,1.47334866,1.68805889,1.51625782,1.14587939
163,0.11565565,0.03144749,0.02307120,0.03178988,0.05048936,-0.60533413,-0.51460090,-0.09517939,-1.28004779,0.15812457,-1.51233258,0.33517651,-1.33338699,0.45941010,-0.89887077,0.98023642,0.34368853,0.27222105,0.45951031,-0.60683990,0.12581761,0.10189491,0.16421917,0.19326280,0.98023642,1.30159391,1.26925006,1.14233293,0.34368853,0.44547710,0.69794732,0.27222105,0.70850731,0.45951031,0.88029199,1.47060736,1.68214509,1.50645049,1.14135390
164,0.11650434,0.02813647,0.02143038,0.03097693,0.04692978,-0.61986846,-0.55255858,-0.11728806,-1.32800779,0.14280855,-1.56619160,0.32311816,-1.38751099,0.45895114,-0.93902243,0.97551119,0.35272075,0.26816450,0.47333587,-0.54979264,0.16493943,0.10190613,0.16109620,0.19062225,0.97551119,1.30515857,1.27869279,1.15624129,0.35272075,0.45381905,0.71312097,0.26816450,0.71885677,0.47333587,0.89655235,1.48345503,1.69985682,1.53025740,1.15515348
165,0.11567053,0.02741581,0.02161732,0.03308061,0.04748873,-0.63210273,-0.55360639,-0.14004385,-1.34025933,0.11806128,-1.58185465,0.30519513,-1.41954725,0.45104314,-0.95797758,0.97336570,0.35383296,0.25924802,0.48714084,-0.50800194,0.15946194,0.10181970,0.15989916,0.18956527,0.97336570,1.30314980,1.29214259,1.16565697,0.35383296,0.46130770,0.71884621,0.25924802,0.71923133,0.48714084,0.89855477,1.48021736,1.69521311,1.54279181,1.15718864
166,0.11305166,0.02657327,0.02121346,0.03233230,0.04484956,-0.64029896,-0.57307044,-0.16200061,-1.37021133,0.10017494,-1.61126214,0.28251534,-1.42830581,0.44672478,-0.98806247,0.97428716,0.35646212,0.26899436,0.47233415,-0.49640843,0.17067676,0.10222833,0.15827100,0.18841534,0.97428716,1.30486645,1.27422240,1.17361347,0.35646212,0.45724840,0.73190595,0.26899436,0.72364751,0.47233415,0.91081221,1.50201654,1.71493376,1.54059144,1.17608978
167,0.10298433,0.02948361,0.01998687,0.03124715,0.04786403,-0.63989329,-0.56891685,-0.18698364,-1.35552386,0.05343101,-1.56275176,0.22852859,-1.40869475,0.41447059,-0.96059347,0.95344527,0.31757259,0.24014590,0.48599121,-0.48127409,0.21842030,0.10320431,0.15871224,0.18931642,0.95344527,1.24401826,1.22866549,1.14163245,0.31757259,0.42433956,0.72594526,0.24014590,0.70732948,0.48599121,0.89694439,1.47814664,1.65709229,1.50931233,1.14394654
168,0.09161176,0.03134906,0.02229321,0.03383463,0.05233935,-0.64186882,-0.56899111,-0.23275965,-1.32852691,-0.00898249,-1.52224759,0.18054578,-1.38866887,0.38253106,-0.94317391,0.91057623,0.29598440,0.23748082,0.48949375,-0.46691922,0.22917874,0.10275250,0.15876057,0.18911107,0.91057623,1.18031661,1.18534738,1.11254895,0.29598440,0.42100742,0.72950950,0.23748082,0.70247817,0.48949375,0.89226848,1.45177257,1.61368908,1.48167415,1.11926150
169,0.08805928,0.03029799,0.02451659,0.03602659,0.05512539,-0.66112013,-0.58244516,-0.27906289,-1.34771866,-0.05509702,-1.54734858,0.13972278,-1.40346623,0.35695812,-0.96172901,0.91045063,0.30004989,0.24751498,0.49250835,-0.49073302,0.21876598,0.10202028,0.15603999,0.18643127,0.91045063,1.18245933,1.17714192,1.11471159,0.30004989,0.42507723,0.74660027,0.24751498,0.71914873,0.49250835,0.91292577,1.48247719,1.64481491,1.49775178,1.13619487
170,0.08570153,0.03141135,0.02672551,0.03498210,0.05576413,-0.67377928,-0.56231476,-0.29943254,-1.33923565,-0.06945878,-1.54470768,0.12351149,-1.38384275,0.34053202,-0.95622515,0.93110294,0.30947725,0.25671098,0.48008470,-0.56011528,0.23763888,0.10292201,0.15525541,0.18627180,0.93110294,1.21340193,1.18980201,1.12902269,0.30947725,0.42613993,0.74748699,0.25671098,0.72120626,0.48008470,0.91309309,1.49899253,1.66930933,1.50409901,1.15604801
171,0.08444469,0.03185533,0.02937937,0.03681919,0.05992130,-0.68141579,-0.56344594,-0.31714547,-1.34467391,-0.07785954,-1.55139648,0.11732070,-1.38619297,0.32751040,-0.96258187,0.93405675,0.31685335,0.26176805,0.47324161,-0.56770661,0.22531667,0.10159610,0.15400474,0.18449723,0.93405675,1.21846099,1.19155653,1.12724971,0.31685335,0.43791866,0.75133355,0.26176805,0.71870227,0.47324161,0.91874759,1.50999544,1.67605293,1.50472544,1.15852366
172,0.08505791,0.03240443,0.03258047,0.03805664,0.06222218,-0.67906814,-0.53760285,-0.32975580,-1.32683640,-0.09610240,-1.52059533,0.10103164,-1.36195889,0.31304038,-0.94098199,0.94763175,0.30542643,0.26007059,0.47197465,-0.63507822,0.21841332,0.10211186,0.15544813,0.18598643,0.94763175,1.21938263,1.19222976,1.12389042,0.30542643,0.43300918,0.75141184,0.26007059,0.71447197,0.47197465,0.90775896,1.51950842,1.67547512,1.50690890,1.16563528
173,0.08370720,0.03304473,0.03435135,0.04220382,0.06636042,-0.67780715,-0.54053794,-0.33638706,-1.33316860,-0.11008170,-1.52186471,0.08957854,-1.37323771,0.30660908,-0.93745257,0.94141672,0.29518267,0.25586507,0.48712251,-0.58536977,0.21218317,0.10168586,0.15526445,0.18559920,0.94141672,1.20014878,1.18074161,1.10798608,0.29518267,0.42986285,0.75725020,0.25586507,0.72175698,0.48712251,0.90465747,1.51430915,1.65938948,1.49846281,1.14233854
174,0.08136275,0.03396002,0.03473361,0.04214957,0.06756433,-0.67533020,-0.53611068,-0.35229835,-1.32793822,-0.11634641,-1.52718286,0.08791072,-1.36731253,0.30687062,-0.93708024,0.92892672,0.30900770,0.26686663,0.48303590,-0.57470743,0.20830857,0.10194304,0.15431855,0.18495026,0.92892672,1.19754390,1.17044025,1.10084915,0.30900770,0.44502415,0.76942213,0.26686663,0.73051643,0.48303590,0.90213437,1.51059122,1.65942775,1.48624637,1.13355115
175,0.08281539,0.03320525,0.03425975,0.04213683,0.06618070,-0.67568178,-0.53473945,-0.35825547,-1.33243705,-0.12991123,-1.52950908,0.07644188,-1.37938199,0.30203311,-0.94530648,0.93061069,0.30182397,0.26245876,0.48953827,-0.56665882,0.21077017,0.10170640,0.15413208,0.18466426,0.93061069,1.19346096,1.17234159,1.09945677,0.30182397,0.44012464,0.76848921,0.26245876,0.73089912,0.48953827,0.90031287,1.51266167,1.65962172,1.49430480,1.13522222
176,0.08592295,0.03328091,0.03180229,0.03805044,0.06324765,-0.67995198,-0.53591033,-0.36628552,-1.31450929,-0.14964491,-1.53333056,0.06418964,-1.38163079,0.29494369,-0.94465842,0.92187441,0.30880042,0.26762162,0.49472612,-0.60092188,0.20489930,0.10129298,0.15404308,0.18436252,0.92187441,1.19983585,1.17982106,1.10653685,0.30880042,0.43673735,0.75956736,0.26762162,0.74174386,0.49472612,0.90412549,1.50794206,1.67800507,1.51218306,1.15092691
177,0.08479065,0.03295683,0.03263925,0.03741244,0.06394167,-0.67729404,-0.51783394,-0.37760607,-1.28512427,-0.16073572,-1.50476008,0.04939669,-1.35063383,0.27753536,-0.90643564,0.91820882,0.31197664,0.26467871,0.49990443,-0.64394302,0.22293947,0.10175653,0.15560341,0.18592152,0.91820882,1.20177677,1.17703932,1.09915583,0.31197664,0.43199974,0.75710371,0.26467871,0.74493322,0.49990443,0.89258579,1.49763670,1.67384115,1.50803135,1.14693719
178,0.08367119,0.03357711,0.03239129,0.03827058,0.06374725,-0.69386274,-0.54061413,-0.40411446,-1.31504564,-0.18524470,-1.53791944,0.02529643,-1.38540250,0.26124400,-0.94951902,0.91245456,0.31509560,0.26247006,0.49570871,-0.59425114,0.22461276,0.10080297,0.15237095,0.18269687,0.91245456,1.19824496,1.17635756,1.10739372,0.31509560,0.43516830,0.75915628,0.26247006,0.73992966,0.49570871,0.90983588,1.50834269,1.68368301,1.51952437,1.16150387
179,0.08360018,0.03180593,0.03326564,0.03777085,0.06402407,-0.69189592,-0.52751418,-0.42095810,-1.29863865,-0.20163088,-1.51183672,0.01303710,-1.36192235,0.24689681,-0.92438542,0.91943799,0.31296700,0.26371859,0.49616791,-0.65082744,0.24603595,0.10078985,0.15374378,0.18383619,0.91943799,1.20281841,1.18363759,1.11357229,0.31296700,0.43996197,0.76606108,0.26371859,0.74012283,0.49616791,0.89942218,1.51160761,1.68463672,1.52402601,1.17180778
180,0.08358977,0.02989924,0.03330658,0.03868947,0.06384612,-0.69309574,-0.53467965,-0.43567336,-1.31834235,-0.21003137,-1.52866812,0.01302299,-1.38097766,0.24930953,-0.94828432,0.92832562,0.31389936,0.26959269,0.49305369,-0.64791863,0.24791530,0.10075965,0.15202749,0.18238658,0.92832562,1.20651341,1.19076833,1.12078726,0.31389936,0.45372349,0.77875870,0.26959269,0.74125512,0.49305369,0.90157572,1.52958758,1.69433013,1.53345023,1.18173591
181,0.08195770,0.03011719,0.03204878,0.04034417,0.06477458,-0.70948181,-0.56178180,-0.45574616,-1.36382441,-0.22436450,-1.58172248,0.00069497,-1.43316720,0.24973952,-0.99552429,0.92567907,0.31954329,0.27137458,0.50359395,-0.56935225,0.24338507,0.10038169,0.14799842,0.17882957,0.92567907,1.20476305,1.18951012,1.12480671,0.31954329,0.46168590,0.79589728,0.27137458,0.75428057,0.50359395,0.92492522,1.54955638,1.71021099,1.54609916,1.18251406
182,0.08026147,0.03039135,0.03213904,0.03982892,0.06368632,-0.70791898,-0.56051252,-0.45870108,-1.36230690,-0.23213603,-1.56609731,-0.00047994,-1.41811440,0.24960048,-0.98768733,0.93168285,0.30687238,0.27604792,0.49790900,-0.58158290,0.23563886,0.10053865,0.14816144,0.17905259,0.93168285,1.19630250,1.18655667,1.13133555,0.30687238,0.46173561,0.80154807,0.27604792,0.75289645,0.49790900,0.92133984,1.55267129,1.70141685,1.53897924,1.18643734
183,0.08358870,0.02981201,0.03040520,0.03794678,0.06149403,-0.69828633,-0.55009496,-0.45066510,-1.33047539,-0.22976074,-1.53693203,-0.00165867,-1.39168453,0.24430868,-0.96476834,0.91550660,0.30532578,0.27146637,0.49274157,-0.59768900,0.23532569,0.10074254,0.14927444,0.18008864,0.91550660,1.18227622,1.17346460,1.11764712,0.30532578,0.45354214,0.78571022,0.27146637,0.74325463,0.49274157,0.90917034,1.52767049,1.68173207,1.52316227,1.17526848
184,0.08647333,0.02957600,0.02810964,0.03723924,0.05911250,-0.71228842,-0.56075640,-0.46876668,-1.35726701,-0.24275002,-1.57277622,-0.01266589,-1.44205620,0.24046504,-1.01113149,0.91655870,0.31359741,0.26584287,0.49986548,-0.55916340,0.23701240,0.09901332,0.14611502,0.17650280,0.91655870,1.18897611,1.18950521,1.12557397,0.31359741,0.46392565,0.78929361,0.26584287,0.74107256,0.49986548,0.92383118,1.54144944,1.69691843,1.54834389,1.18698088
185,0.08676214,0.02910061,0.02881235,0.03702510,0.05982725,-0.70316187,-0.53824519,-0.46476127,-1.32948370,-0.24862165,-1.53784788,-0.01977476,-1.40428005,0.23760662,-0.97290313,0.92226701,0.30269848,0.26705241,0.50233363,-0.61280676,0.22335993,0.09880100,0.14872921,0.17855536,0.92226701,1.18602270,1.17863203,1.11525511,0.30269848,0.45126124,0.78770370,0.26705241,0.74624426,0.50233363,0.90952759,1.53763660,1.69020406,1.53619334,1.17771475
186,0.09489205,0.03054956,0.02980582,0.03561074,0.05950176,-0.68647359,-0.48260232,-0.46705917,-1.26512816,-0.25770534,-1.47089918,-0.03485201,-1.34958858,0.21725354,-0.93198085,0.92796313,0.30010281,0.25686426,0.48802371,-0.70481102,0.18610202,0.09975292,0.15242139,0.18216181,0.92796313,1.19204424,1.18214063,1.10738780,0.30010281,0.44095089,0.76113819,0.25686426,0.72041743,0.48802371,0.87109607,1.51109616,1.66841580,1.52261070,1.17947219
187,0.08906158,0.03150936,0.03067185,0.03586282,0.05968244,-0.69397040,-0.49793163,-0.46299179,-1.30238280,-0.25147898,-1.51344311,-0.03271477,-1.38003215,0.22410624,-0.96551684,0.94618983,0.30510337,0.25797383,0.48775518,-0.67078107,0.23416724,0.09931171,0.15111977,0.18083141,0.94618983,1.21658910,1.19966544,1.12910470,0.30510337,0.43838023,0.76551038,0.25797383,0.72670003,0.48775518,0.87911125,1.52719913,1.69098806,1.53935440,1.19640435
188,0.09123808,0.03061719,0.02893581,0.03241249,0.05575691,-0.68593047,-0.47893558,-0.46494235,-1.26357216,-0.25901083,-1.47220433,-0.04617139,-1.34408304,0.20754514,-0.93552362,0.92699852,0.30249529,0.24967756,0.48107980,-0.69869316,0.23577748,0.09976167,0.15242995,0.18217376,0.92699852,1.19796609,1.18275562,1.11186021,0.30249529,0.42932147,0.74917988,0.24967756,0.71208829,0.48107980,0.86211407,1.49492853,1.66102920,1.51581654,1.17923613
189,0.08880491,0.03225213,0.03111473,0.03470391,0.05797968,-0.70396009,-0.50285842,-0.47300846,-1.28477678,-0.26440775,-1.49774391,-0.05474810,-1.36834433,0.20708814,-0.96321393,0.92760415,0.30692211,0.24727879,0.48237841,-0.68325450,0.23926567,0.09962362,0.14949885,0.17965181,0.92760415,1.20360184,1.18949012,1.13401770,0.30692211,0.42967492,0.75405537,0.24727879,0.71308365,0.48237841,0.88564809,1.50791278,1.67636178,1.53071629,1.19916704
190,0.08860698,0.03284680,0.03225209,0.03545613,0.05873040,-0.70674745,-0.51451943,-0.47067980,-1.29021254,-0.26526489,-1.49906796,-0.05756391,-1.36216373,0.20305682,-0.96113204,0.92932200,0.30233754,0.24971522,0.47828376,-0.69365161,0.22821945,0.09958665,0.14898078,0.17920037,0.92932200,1.20165005,1.18197987,1.13221541,0.30233754,0.42266851,0.75151388,0.24971522,0.71364279,0.47828376,0.89341736,1.51451960,1.68113860,1.52867277,1.19988613
191,0.09082101,0.03539312,0.03385010,0.03755947,0.06057711,-0.70991387,-0.49098614,-0.47184158,-1.25836517,-0.26250369,-1.47686233,-0.04864201,-1.34387052,0.20308669,-0.93667839,0.92114321,0.31341727,0.25307466,0.47881480,-0.69112676,0.20443158,0.09892640,0.14863614,0.17854729,0.92114321,1.20636640,1.19245094,1.13131851,0.31341727,0.43545688,0.74915584,0.25307466,0.71397683,0.47881480,0.88449205,1.49007536,1.66613483,1.51616088,1.18141564
192,0.08806510,0.03769412,0.03646951,0.04082176,0.06297062,-0.71346763,-0.48198323,-0.47255532,-1.23170623,-0.26102793,-1.45902645,-0.04071845,-1.32222944,0.20749096,-0.92265442,0.90933358,0.32044494,0.26166985,0.47051742,-0.70095753,0.21246959,0.09780048,0.14835182,0.17768848,0.90933358,1.20180621,1.18639493,1.13160868,0.32044494,0.44343246,0.74772093,0.26166985,0.71365668,0.47051742,0.88524824,1.47532386,1.65647054,1.49882455,1.17287900
193,0.08775154,0.03717189,0.03459954,0.03816889,0.06026865,-0.70368213,-0.48021955,-0.46416238,-1.21617299,-0.25276389,-1.44248947,-0.03164051,-1.30235564,0.21763263,-0.90431882,0.90031971,0.31990767,0.26417270,0.47002111,-0.70433698,0.22650981,0.09776219,0.14853223,0.17781808,0.90031971,1.19209231,1.17572744,1.12469839,0.31990767,0.44329289,0.75018557,0.26417270,0.71681808,0.47002111,0.87732991,1.46384569,1.64524182,1.48574405,1.16150881
194,0.08953979,0.03785791,0.03585208,0.03878534,0.06123103,-0.69380600,-0.47203056,-0.44858347,-1.18146687,-0.23247785,-1.40520320,-0.01834783,-1.26556835,0.22390413,-0.86770424,0.88313613,0.32188219,0.25824221,0.46634769,-0.71726621,0.22582250,0.09711197,0.14982580,0.17854552,0.88313613,1.17643108,1.16082937,1.11265133,0.32188219,0.44080182,0.74246525,0.25824221,0.70757431,0.46634769,0.86686805,1.43638912,1.61697665,1.46057483,1.14117461
195,0.08773305,0.03635030,0.03656471,0.04018353,0.06053623,-0.70410820,-0.50518388,-0.45545239,-1.21630876,-0.22548472,-1.43618804,-0.01277966,-1.30180001,0.23560321,-0.90122082,0.87417962,0.32515361,0.25430210,0.47150031,-0.68321353,0.24744783,0.09561883,0.14500454,0.17369305,0.87417962,1.16466885,1.15618682,1.11915572,0.32515361,0.45185405,0.75970322,0.25430210,0.70797775,0.47150031,0.89463031,1.45944810,1.62799201,1.47611985,1.15526287
196,0.08924297,0.03468513,0.03280953,0.04277083,0.06483294,-0.73102367,-0.59032612,-0.47013033,-1.29395933,-0.24221737,-1.47931622,-0.01074865,-1.38434484,0.25215905,-0.94941910,0.82907922,0.29410525,0.25235901,0.50841125,-0.51985093,0.25624815,0.09318195,0.13522581,0.16422209,0.82907922,1.07866442,1.12270217,1.10292981,0.29410525,0.46857315,0.80027046,0.25235901,0.72494992,0.50841125,0.95769416,1.47797011,1.59729569,1.47835534,1.11754284
197,0.09873644,0.03640600,0.03006831,0.04075134,0.06213927,-0.76899105,-0.63961925,-0.48080682,-1.30569490,-0.25323475,-1.48814517,-0.00686940,-1.38477429,0.26292821,-0.94152236,0.80828050,0.29179080,0.26849460,0.51924920,-0.49073720,0.24111519,0.09180504,0.12956591,0.15879387,0.80828050,1.05754488,1.11795839,1.13262725,0.29179080,0.48084797,0.82810841,0.26849460,0.75185125,0.51924920,1.01142159,1.48051268,1.59461954,1.46803109,1.10083045
198,0.09457816,0.03466984,0.03126709,0.04504014,0.06339605,-0.77268932,-0.64796300,-0.48961579,-1.29389840,-0.24495026,-1.49078170,0.00409419,-1.35959418,0.26208728,-0.90370186,0.77519043,0.31411440,0.28243184,0.52412395,-0.45289271,0.25382752,0.09280389,0.12744669,0.15765539,0.77519043,1.04723549,1.09681911,1.11372491,0.31411440,0.49833546,0.84694268,0.28243184,0.77574539,0.52412395,1.02037028,1.46353364,1.58644712,1.43563471,1.05564265
199,0.09041018,0.03713714,0.03535391,0.04822944,0.06833440,-0.75557545,-0.61791710,-0.47982515,-1.24325338,-0.23416215,-1.44934030,0.00545775,-1.30924840,0.26397914,-0.85948932,0.77264592,0.32081656,0.27980345,0.51891376,-0.52264797,0.28630777,0.09455828,0.12921841,0.16012078,0.77264592,1.04899225,1.08140905,1.10393979,0.32081656,0.49040022,0.83706842,0.27980345,0.77239329,0.51891376,0.99314399,1.43930396,1.56912149,1.40819873,1.04419040
200,0.08953156,0.03814528,0.03574419,0.04698684,0.06652239,-0.77123708,-0.59004068,-0.47765327,-1.20002250,-0.24263838,-1.39040315,-0.00207327,-1.26001186,0.25784073,-0.82599194,0.79700985,0.30388234,0.27499884,0.50592775,-0.62551900,0.29918083,0.09343848,0.13055558,0.16054753,0.79700985,1.05952925,1.10415673,1.13945086,0.30388234,0.47935298,0.82517445,0.27499884,0.75465459,0.50592775,0.99079482,1.43158352,1.55259838,1.40406537,1.06761487
201,0.09158446,0.04104020,0.03634639,0.04796876,0.06901075,-0.76223197,-0.58057645,-0.48104187,-1.17601411,-0.25050472,-1.37041530,-0.00939616,-1.23275601,0.24993146,-0.81044445,0.78280856,0.30308168,0.27881732,0.49570142,-0.62843682,0.33144744,0.09399850,0.13069541,0.16098761,0.78280856,1.04473600,1.08410712,1.12697856,0.30308168,0.47507004,0.81744210,0.27881732,0.75114293,0.49570142,0.97665191,1.41049978,1.53425828,1.37864831,1.05543308
202,0.09989743,0.04251404,0.03601445,0.04861961,0.06965137,-0.75310066,-0.57688125,-0.49232688,-1.18039730,-0.25855642,-1.37598017,-0.02078284,-1.24479305,0.24072304,-0.81656854,0.78247173,0.30607195,0.27287197,0.50187432,-0.64315567,0.31171832,0.09383777,0.12928652,0.15975146,0.78247173,1.04289030,1.07863323,1.11152261,0.30607195,0.47592232,0.81846035,0.27287197,0.74998308,0.50187432,0.96913701,1.42239101,1.54375057,1.39245101,1.06173290
203,0.10755409,0.04381810,0.03273278,0.04647424,0.06641639,-0.73635207,-0.55481971,-0.51102679,-1.16598215,-0.26876759,-1.37096686,-0.01837513,-1.22447669,0.24120982,-0.81183196,0.78360958,0.31937801,0.29267490,0.48759512,-0.66655140,0.29721469,0.09442385,0.12824169,0.15925387,0.78360958,1.05219702,1.07296706,1.09587072,0.31937801,0.49612002,0.83152376,0.29267490,0.75830867,0.48759512,0.94919986,1.43456988,1.56140533,1.39043941,1.06703284
204,0.10657420,0.04185707,0.03220882,0.04895942,0.06917641,-0.74688848,-0.58031724,-0.51772691,-1.19793149,-0.27699041,-1.39317952,-0.02254584,-1.26706228,0.25229837,-0.85430767,0.77468672,0.31037345,0.28621909,0.49598878,-0.61063059,0.30689574,0.09476489,0.12585270,0.15754138,0.77468672,1.03005942,1.07088672,1.10985488,0.31037345,0.50037113,0.84327404,0.28621909,0.75577221,0.49598878,0.96536455,1.43668880,1.54859360,1.39415549,1.06905710
205,0.10903011,0.04015222,0.03206286,0.05038057,0.06880241,-0.74802935,-0.58492107,-0.52273913,-1.20867705,-0.27468941,-1.40563297,-0.01627812,-1.27884628,0.24891268,-0.87273613,0.76323439,0.31674462,0.29047887,0.48512839,-0.56284563,0.27255065,0.09380768,0.12551304,0.15669526,0.76323439,1.02093327,1.06465007,1.09547800,0.31674462,0.51259662,0.84202616,0.29047887,0.74765598,0.48512839,0.96843013,1.43413082,1.54169269,1.38499423,1.05675930
206,0.10485315,0.04180597,0.03495528,0.05012655,0.06929676,-0.76459891,-0.57664305,-0.51841026,-1.20215755,-0.28100205,-1.39553210,-0.03054166,-1.29722724,0.24561592,-0.87795714,0.78080392,0.30627181,0.27083784,0.50231011,-0.58047677,0.27980118,0.09317833,0.12677926,0.15733780,0.78080392,1.03327595,1.09418198,1.12378266,0.30627181,0.49763312,0.83000261,0.27083784,0.73852962,0.50231011,0.97352648,1.42876139,1.53678575,1.40857030,1.07218631
207,0.10509314,0.04375479,0.03734747,0.05203924,0.06970374,-0.76248077,-0.55850412,-0.51496751,-1.17731465,-0.28122671,-1.37274096,-0.03082796,-1.28098414,0.24670731,-0.87374549,0.78001501,0.30483640,0.26929059,0.49292788,-0.59633298,0.26126393,0.09304168,0.12741080,0.15776650,0.78001501,1.03295000,1.09546101,1.12630719,0.30483640,0.49587476,0.82011730,0.26929059,0.72693752,0.49292788,0.96421936,1.41653786,1.52669143,1.40186351,1.07685412
208,0.10737631,0.04110646,0.03620244,0.05181411,0.06823315,-0.77323175,-0.57255643,-0.52916508,-1.20822448,-0.28892127,-1.40995687,-0.03352325,-1.31599155,0.25625187,-0.91886349,0.77707182,0.31370854,0.27468251,0.49181348,-0.54627527,0.24211232,0.09302293,0.12510748,0.15590108,0.77707182,1.03730736,1.10159807,1.14155980,0.31370854,0.50859237,0.83734448,0.27468251,0.73411404,0.49181348,0.97852836,1.43017164,1.54176546,1.41374514,1.09109098
209,0.10847943,0.03972654,0.03569798,0.05182368,0.06800723,-0.76948679,-0.57690493,-0.53357637,-1.22719254,-0.29500823,-1.42201629,-0.03917305,-1.34438920,0.25524787,-0.93990587,0.77768848,0.30801215,0.26886645,0.50070631,-0.51202005,0.24108519,0.09280452,0.12460434,0.15536705,0.77768848,1.03206025,1.10851175,1.14104671,0.30801215,0.50893922,0.83955565,0.26886645,0.73162665,0.50070631,0.97551454,1.43520154,1.54193945,1.43130252,1.09940061
210,0.10144415,0.03685925,0.03318453,0.04699566,0.06443418,-0.78313086,-0.59586066,-0.53513163,-1.25205696,-0.30653668,-1.43771846,-0.04609367,-1.36542811,0.25343906,-0.95342335,0.77361097,0.29449776,0.27118856,0.50996717,-0.46229547,0.23580121,0.09240313,0.12487788,0.15534743,0.77361097,1.02146656,1.10860384,1.14518094,0.29449776,0.50241754,0.84323372,0.27118856,0.74035152,0.50996717,0.99495754,1.44147418,1.54483078,1.43928944,1.09592032
211,0.10592150,0.03990849,0.03590423,0.04573968,0.06327441,-0.78879889,-0.58378884,-0.53555176,-1.24840232,-0.30970596,-1.41558577,-0.05610070,-1.34805709,0.24810735,-0.95155641,0.79015518,0.28107400,0.26408906,0.50039110,-0.47604123,0.20586842,0.09212606,0.12498971,0.15527279,0.79015518,1.01749443,1.10264343,1.14955114,0.28107400,0.49103658,0.83806942,0.26408906,0.72560103,0.50039110,0.99213244,1.44417791,1.52758828,1.42355986,1.09392312
212,0.10909976,0.04060193,0.03566363,0.04747338,0.06410118,-0.80675219,-0.58185841,-0.54061437,-1.24617072,-0.31465929,-1.41889735,-0.05828307,-1.36198166,0.24836881,-0.97383182,0.79630547,0.28453274,0.26432796,0.49515991,-0.47392297,0.18612485,0.09217769,0.12394638,0.15446499,0.79630547,1.02909265,1.12493214,1.17380467,0.28453274,0.49751688,0.83482103,0.26432796,0.71773738,0.49515991,1.00523124,1.44556638,1.53251756,1.43751026,1.11297477
213,0.10745630,0.03835331,0.03376292,0.04515956,0.05981268,-0.80420873,-0.58588879,-0.54053301,-1.26539357,-0.30503978,-1.43767958,-0.04655256,-1.38899332,0.26020764,-1.01153260,0.80244864,0.29187129,0.26527085,0.48667044,-0.45772450,0.16753447,0.09216685,0.12432115,0.15475941,0.80244864,1.04054032,1.14263099,1.18771850,0.29187129,0.51088994,0.84039006,0.26527085,0.70811631,0.48667044,1.00600595,1.45867877,1.54517600,1.45857356,1.14091329
214,0.10819715,0.03663968,0.03248971,0.04378979,0.05891125,-0.79607846,-0.57878954,-0.53720240,-1.25696674,-0.30521500,-1.44057380,-0.04673203,-1.37983177,0.25006738,-1.01573094,0.80746154,0.29585780,0.26852771,0.46994661,-0.47804348,0.15197060,0.09283847,0.12706679,0.15736884,0.80746154,1.05244535,1.14044096,1.17964502,0.29585780,0.50732654,0.82386661,0.26852771,0.69965631,0.46994661,0.99593232,1.45751203,1.55650999,1.45658600,1.15011843
215,0.10672263,0.03731307,0.03305804,0.04476614,0.06165948,-0.79132126,-0.56611420,-0.52340235,-1.25877959,-0.30078603,-1.42756150,-0.04088531,-1.38083521,0.23981523,-1.01382679,0.81485372,0.27947162,0.26635749,0.46242844,-0.45081853,0.15294651,0.09251465,0.12832025,0.15819307,0.81485372,1.04897477,1.14972385,1.17070277,0.27947162,0.49845598,0.80160686,0.26635749,0.68094414,0.46242844,0.98559414,1.44950117,1.54227389,1.45771454,1.14879342
216,0.10490834,0.03764492,0.03403726,0.04697273,0.06256757,-0.80583069,-0.57879298,-0.52620231,-1.28514212,-0.30432791,-1.45935525,-0.04208458,-1.41415276,0.24370122,-1.03749059,0.83230798,0.28228165,0.26827195,0.47325414,-0.45797839,0.14959534,0.09329379,0.12751627,0.15800041,0.83230798,1.07217788,1.17522476,1.19387957,0.28228165,0.50157600,0.80876027,0.26827195,0.69172733,0.47325414,1.00514013,1.47633637,1.57599828,1.49313008,1.17628140
217,0.10602788,0.03099614,0.03289526,0.04649531,0.06443679,-0.80107573,-0.56910384,-0.54154744,-1.28598078,-0.31126975,-1.46703383,-0.04739923,-1.41193337,0.24378463,-1.04765511,0.84799574,0.29346640,0.27249158,0.46655283,-0.50799913,0.14407890,0.09360902,0.12857835,0.15904415,0.84799574,1.09430337,1.18333759,1.20512287,0.29346640,0.51042685,0.82074245,0.27249158,0.69617031,0.46655283,0.99772627,1.49766590,1.60145906,1.50605836,1.20158170
218,0.09803218,0.03266794,0.03164951,0.04447671,0.06315854,-0.76657036,-0.52455339,-0.53016379,-1.25659512,-0.30626097,-1.44110962,-0.04786780,-1.39810648,0.24354611,-1.03586373,0.83555164,0.29020985,0.26439072,0.46521800,-0.45369057,0.14674530,0.09326166,0.13136736,0.16110593,0.83555164,1.07828035,1.16951937,1.17483907,0.29020985,0.50347855,0.80467494,0.26439072,0.68327983,0.46521800,0.94588377,1.45427305,1.55952374,1.47753876,1.17252849
219,0.09749686,0.03066526,0.03084981,0.04377037,0.06235760,-0.76912007,-0.51849314,-0.54762953,-1.26235033,-0.31412532,-1.45603689,-0.05533029,-1.40769870,0.23643004,-1.05191311,0.84491825,0.30351081,0.26617026,0.46029719,-0.45767741,0.12472483,0.09360550,0.13133334,0.16127751,0.84491825,1.09707400,1.18000508,1.18147785,0.30351081,0.51419704,0.81199390,0.26617026,0.68346083,0.46029719,0.94477019,1.46867322,1.57846855,1.48933706,1.18679639
220,0.09992083,0.03131389,0.02914079,0.04009011,0.06156976,-0.75696230,-0.49015689,-0.53570444,-1.25968222,-0.30817660,-1.47493042,-0.05580141,-1.41079294,0.23157758,-1.04635547,0.87059119,0.31360611,0.26290737,0.46415851,-0.47450896,0.11463213,0.09303746,0.13273705,0.16209594,0.87059119,1.13973962,1.20100617,1.18066975,0.31360611,0.50354865,0.79650912,0.26290737,0.68985347,0.46415851,0.92092487,1.46732958,1.60205041,1.50049677,1.18875393
221,0.10089570,0.03138882,0.02977387,0.03966633,0.06006293,-0.75369919,-0.47755187,-0.52967629,-1.26124569,-0.30552118,-1.48633856,-0.05693919,-1.42133806,0.22695777,-1.05433421,0.89118163,0.31811923,0.25988635,0.46399287,-0.50256845,0.10607651,0.09284393,0.13390677,0.16294483,0.89118163,1.16656092,1.22091493,1.18684504,0.31811923,0.49959671,0.78473368,0.25988635,0.68680897,0.46399287,0.91343468,1.47659111,1.62194612,1.51934876,1.20324787
222,0.10063345,0.02958721,0.02617788,0.03853832,0.05808860,-0.78025246,-0.50838526,-0.53957997,-1.31197933,-0.31049639,-1.52655284,-0.05846136,-1.46505518,0.23530074,-1.08916938,0.89738161,0.31418849,0.26130446,0.47720836,-0.43652308,0.13172089,0.09305735,0.13138940,0.16100573,0.89738161,1.16961565,1.23573912,1.21112451,0.31418849,0.50518126,0.80629651,0.26130446,0.69969514,0.47720836,0.94460018,1.49663093,1.63330825,1.53656438,1.20994130
223,0.10035904,0.02673098,0.02040954,0.03338829,0.05256983,-0.81578154,-0.51986824,-0.56597670,-1.32387168,-0.33449236,-1.53941331,-0.06041229,-1.49226593,0.23352897,-1.11020520,0.88614648,0.31643189,0.27906938,0.48219662,-0.37675683,0.12424112,0.09215750,0.12774307,0.15751602,0.88614648,1.16307996,1.25899888,1.23486086,0.31643189,0.53305276,0.82756672,0.27906938,0.71203568,0.48219662,0.97747916,1.49890398,1.63194374,1.54688671,1.20796413
224,0.09579203,0.02473003,0.02088011,0.03556758,0.05387183,-0.82925529,-0.52146801,-0.59232713,-1.31347665,-0.36337799,-1.53558893,-0.07566637,-1.48241932,0.22393657,-1.11301803,0.87200228,0.31899236,0.29382559,0.47575687,-0.37657991,0.10531966,0.09163428,0.12468469,0.15473563,0.87200228,1.15049839,1.24704606,1.23641675,0.31899236,0.54414874,0.84062875,0.29382559,0.72370851,0.47575687,0.98990964,1.50082953,1.63349028,1.53604887,1.20585441
225,0.09595350,0.02593274,0.02272493,0.03836401,0.05554687,-0.86575068,-0.55340302,-0.64586593,-1.33606070,-0.40917305,-1.56850512,-0.09863122,-1.52873103,0.21976422,-1.15228074,0.86654643,0.33174901,0.31398946,0.49334114,-0.38990267,0.09927869,0.09138413,0.11938210,0.15034342,0.86654643,1.15229345,1.27080388,1.27354546,0.33174901,0.58073358,0.88496577,0.31398946,0.75422147,0.49334114,1.03655691,1.54688654,1.67829156,1.58605415,1.24871037
226,0.09493104,0.02763512,0.02537281,0.04033781,0.05851417,-0.87575164,-0.55894986,-0.66124447,-1.33155520,-0.41794742,-1.55125612,-0.10846303,-1.51735847,0.21543606,-1.13876127,0.86459088,0.32783476,0.31196629,0.49860693,-0.41679612,0.11450759,0.09277691,0.11765703,0.14983568,0.86459088,1.14072232,1.26557854,1.27802309,0.32783476,0.58339564,0.89763393,0.31196629,0.75586194,0.49860693,1.04607143,1.55200451,1.66817834,1.58065235,1.24266618
227,0.09595848,0.03032234,0.03179821,0.04851488,0.06508660,-0.86507474,-0.57314051,-0.64461040,-1.35271597,-0.39638795,-1.56230972,-0.09717282,-1.51233135,0.22936911,-1.12994134,0.89464006,0.32493771,0.30558229,0.50335434,-0.48799058,0.12403093,0.09350343,0.11760047,0.15024234,0.89464006,1.15644550,1.25892711,1.27935243,0.32493771,0.57186297,0.90215764,0.30558229,0.76073225,0.50335434,1.04641733,1.58423241,1.68992685,1.58697771,1.25425578
228,0.09281828,0.03196808,0.03138377,0.04783004,0.06334746,-0.86058240,-0.54915485,-0.62278499,-1.35710355,-0.38032208,-1.54651803,-0.08739771,-1.49134240,0.23922091,-1.10274498,0.90829110,0.30771518,0.29935330,0.50801314,-0.45266648,0.14071869,0.09393948,0.11969485,0.15215611,0.90829110,1.15665108,1.25706924,1.27407177,0.30771518,0.55290843,0.89883930,0.29935330,0.76212222,0.50801314,1.03008681,1.56770072,1.66130869,1.55883258,1.22043371
229,0.09337845,0.03096940,0.02702085,0.04424759,0.06111434,-0.86512535,-0.56172073,-0.61462674,-1.36451121,-0.37497054,-1.56528300,-0.07801679,-1.51311383,0.25078194,-1.11457641,0.90416803,0.31274146,0.30204347,0.51691754,-0.43919564,0.13623947,0.09469945,0.12004037,0.15289760,0.90416803,1.16748189,1.27606459,1.29044854,0.31274146,0.55689874,0.90079758,0.30204347,0.77117188,0.51691754,1.03911144,1.56498406,1.67557469,1.57984809,1.23299388
230,0.10315691,0.02469908,0.02347571,0.04051420,0.05981577,-0.88001216,-0.60591530,-0.65025435,-1.38965695,-0.40295471,-1.60551381,-0.08882781,-1.57803254,0.24914279,-1.15677782,0.88604070,0.32829656,0.31544911,0.54090986,-0.45276888,0.11280848,0.09578972,0.11577851,0.15026754,0.88604070,1.16121873,1.29868404,1.30972611,0.32829656,0.59219743,0.92943552,0.31544911,0.79186351,0.54090986,1.07347689,1.59818732,1.71609399,1.64168514,1.27469777
231,0.10058206,0.02313078,0.02126683,0.03924824,0.06035438,-0.93982576,-0.63641586,-0.70077270,-1.43975425,-0.43804179,-1.66556158,-0.09264053,-1.60814301,0.27682213,-1.19466913,0.90991032,0.34648634,0.35044715,0.55565184,-0.45795120,0.11411858,0.09559267,0.10878326,0.14481628,0.90991032,1.19671824,1.33161726,1.38863573,0.34648634,0.63135290,1.00796290,0.35044715,0.85628285,0.55565184,1.13858545,1.66167413,1.77703342,1.66552336,1.30949409
232,0.09958977,0.02751083,0.02225476,0.04056497,0.06164570,-0.96239749,-0.63502695,-0.71890519,-1.46249728,-0.45005924,-1.65878320,-0.09383704,-1.61345205,0.27943831,-1.17786190,0.93415081,0.33291494,0.35936980,0.57463207,-0.47431014,0.10297860,0.09445681,0.10638431,0.14226634,0.93415081,1.19815436,1.35165820,1.40571496,0.33291494,0.64332304,1.03822711,0.35936980,0.87397594,0.57463207,1.15716602,1.69236110,1.77703240,1.67429797,1.29892205
233,0.10601104,0.03224483,0.02795019,0.04764897,0.06660962,-0.95059175,-0.64995744,-0.70857866,-1.45498469,-0.43325823,-1.63380550,-0.07845894,-1.58843205,0.28995561,-1.16583464,0.92473412,0.32859352,0.35926554,0.56136548,-0.51821510,0.08844918,0.09554887,0.10594226,0.14266516,0.92473412,1.17196625,1.32492349,1.39256486,0.32859352,0.64585227,1.03973201,0.35926554,0.86142963,0.56136548,1.15938225,1.69980490,1.76435930,1.65901016,1.30155225
234,0.10569920,0.02836171,0.02785676,0.04832818,0.06882513,-0.95714634,-0.64872773,-0.70621669,-1.41906538,-0.41974618,-1.61558044,-0.06343217,-1.56974390,0.31260316,-1.13371252,0.89286528,0.34779722,0.36089199,0.57663149,-0.50790274,0.08287082,0.09726973,0.10604810,0.14390136,0.89286528,1.16282420,1.32366062,1.40492278,0.34779722,0.66218367,1.05821232,0.36089199,0.87666524,0.57663149,1.16500680,1.66745738,1.74275305,1.63882751,1.27703426
235,0.10546635,0.03083378,0.02559330,0.04581588,0.06591257,-0.94995107,-0.62265048,-0.69745059,-1.36608556,-0.40657439,-1.56362143,-0.04900297,-1.52557169,0.31112849,-1.10122003,0.85942479,0.35175007,0.35987108,0.55785617,-0.49355557,0.12109428,0.09592081,0.10723976,0.14387901,0.85942479,1.13841830,1.31637118,1.39688575,0.35175007,0.66820916,1.04286806,0.35987108,0.85409145,0.55785617,1.14210746,1.60396742,1.67960556,1.58989830,1.24202835
236,0.10979829,0.02751120,0.02709247,0.04880387,0.06737417,-1.00223328,-0.66134492,-0.72601613,-1.40037186,-0.42288157,-1.58218622,-0.05996564,-1.56690321,0.32019300,-1.12096996,0.86995556,0.35359375,0.36330214,0.58765669,-0.52200218,0.11395061,0.09580252,0.10344130,0.14099016,0.86995556,1.14517479,1.35310090,1.45467684,0.35359375,0.68673724,1.08324852,0.36330214,0.87537625,0.58765669,1.20741633,1.65265282,1.70775887,1.63905360,1.27713119
237,0.10886998,0.03312439,0.03208492,0.05598727,0.07078478,-1.03105950,-0.64670058,-0.73036068,-1.36851150,-0.41814938,-1.56474089,-0.04502637,-1.56024802,0.33807603,-1.14854713,0.87833751,0.36963038,0.37340937,0.56444955,-0.57193572,0.09872674,0.09646346,0.10275568,0.14093945,0.87833751,1.16568917,1.39175153,1.51451339,0.36963038,0.71273483,1.09088186,0.37340937,0.86387518,0.56444955,1.22422686,1.63992194,1.69705070,1.63683035,1.31387270
238,0.10841083,0.03251936,0.03088535,0.05702757,0.07001167,-1.03614477,-0.60259054,-0.71506260,-1.34096909,-0.39940591,-1.56625389,-0.01280258,-1.53633742,0.36340653,-1.13737630,0.88548102,0.38857149,0.38828411,0.54991203,-0.53995749,0.09733776,0.09502509,0.10231313,0.13963432,0.88548102,1.20518716,1.42268135,1.54209548,0.38857149,0.73029159,1.09752309,0.38828411,0.87536378,0.54991203,1.20602273,1.60041838,1.68541037,1.60298553,1.29389323
239,0.10701254,0.03449965,0.03378583,0.06121357,0.07389462,-1.00703156,-0.64926255,-0.67776876,-1.34226067,-0.35655580,-1.55345201,0.01495010,-1.51948848,0.37912645,-1.11810874,0.85878882,0.38503702,0.37393722,0.54345849,-0.57963398,0.11351314,0.09559447,0.10352159,0.14090786,0.85878882,1.17184044,1.38428387,1.51148406,0.38503702,0.71660283,1.08042761,0.37393722,0.85496413,0.54345849,1.20557629,1.59074992,1.66963128,1.59107512,1.28681943
240,0.10754413,0.03563552,0.03554271,0.06309113,0.07251595,-1.06466848,-0.62575631,-0.70573574,-1.35530479,-0.36769438,-1.54947550,0.02311751,-1.51414317,0.38704881,-1.13504777,0.90860739,0.39113004,0.39327452,0.52778796,-0.61012613,0.11390430,0.09538076,0.10138109,0.13919632,0.90860739,1.21604797,1.44685944,1.58878172,0.39113004,0.74820252,1.11479601,0.39327452,0.86134243,0.52778796,1.24235750,1.62101433,1.67197170,1.58954382,1.31201327
241,0.10183959,0.03393934,0.03187478,0.05891518,0.07126743,-1.08384471,-0.67786877,-0.72105391,-1.37867322,-0.37435538,-1.55352866,0.01243716,-1.54227684,0.39930104,-1.13763406,0.88350100,0.38939022,0.38711995,0.56252742,-0.59437509,0.11222935,0.09422900,0.09942826,0.13698571,0.88350100,1.18560728,1.44096546,1.60649481,0.38939022,0.75260165,1.14608506,0.38711995,0.87945202,0.56252742,1.28342431,1.63764127,1.66908508,1.61254403,1.31533168
242,0.10411519,0.03079500,0.02938149,0.05818222,0.07020078,-1.16825466,-0.70053907,-0.76920301,-1.37096972,-0.39807168,-1.51241608,0.02472469,-1.49707059,0.42536454,-1.10453229,0.87739047,0.39812936,0.42307547,0.56416253,-0.60021574,0.10460254,0.09431177,0.09401503,0.13316732,0.87739047,1.17984376,1.48254762,1.70066034,0.39812936,0.80432698,1.22438816,0.42307547,0.92097329,0.56416253,1.36466674,1.64468119,1.62901435,1.56536363,1.29172308
243,0.08726981,0.03513011,0.03769399,0.06914794,0.08670099,-1.19231553,-0.70975859,-0.77456757,-1.31963615,-0.39855596,-1.45504136,0.01759555,-1.41305423,0.41048673,-1.01836268,0.86785831,0.40260062,0.41828052,0.56116807,-0.71275316,0.16183817,0.09412329,0.08702777,0.12819137,0.86785831,1.16203863,1.45614636,1.69893178,0.40260062,0.79936835,1.22286449,0.41828052,0.92168737,0.56116807,1.39006753,1.62192280,1.58595643,1.49422347,1.23004801
244,0.09885339,0.04816162,0.03900274,0.06996678,0.08642495,-1.09817606,-0.72912758,-0.93527659,-0.90982354,-0.41833962,-1.27940149,0.02029627,-1.28722376,0.42664696,-0.96637961,0.51332023,0.63646902,0.43884937,0.52315394,-0.77880577,0.05302818,0.09962972,0.07972623,0.12760233,0.51332023,0.96861410,1.31394939,1.61609962,0.63646902,1.02847540,1.36338483,0.43884937,0.90335717,0.52315394,1.31914080,1.39809877,1.42455933,1.36546717,1.18193822
245,0.07394692,0.06983705,0.04693676,0.07910700,0.09027913,-1.06382166,-0.76675930,-0.95439587,-0.83548180,-0.40784300,-1.21803155,0.01599700,-1.24637579,0.40424277,-0.94849419,0.49504480,0.66892074,0.42484821,0.49303374,-0.88755546,0.00961077,0.10398341,0.08023488,0.13133997,0.49504480,0.90442617,1.25456063,1.55577850,0.66892074,1.05529425,1.36333661,0.42484821,0.85728107,0.49303374,1.31178862,1.36780159,1.36537747,1.32717234,1.15288247
246,0.06550201,0.06004865,0.04940339,0.07904746,0.09475736,-1.12308557,-0.76775414,-0.78380899,-1.04936936,-0.36616931,-1.34160350,0.03746677,-1.32783262,0.41656639,-0.95324393,0.68435876,0.51717049,0.40580276,0.53579835,-0.92913455,0.08311259,0.10039517,0.08154165,0.12933766,0.68435876,1.04512841,1.34822742,1.61520608,0.51717049,0.87644509,1.20635483,0.40580276,0.87392399,0.53579835,1.36436132,1.45207726,1.49164868,1.41932064,1.17913724
247,0.06655995,0.06253678,0.04859392,0.08154878,0.09395248,-1.13373052,-0.81760464,-0.78575104,-0.88343169,-0.31173341,-1.20576683,0.08716276,-1.20737372,0.44385302,-0.89638126,0.59799648,0.57984974,0.40023550,0.47519264,-0.87181333,0.01841125,0.10222885,0.07829655,0.12876757,0.59799648,0.99094077,1.33169157,1.63063817,0.57984974,0.93879036,1.23207268,0.40023550,0.81654175,0.47519264,1.40014428,1.30950283,1.33313708,1.28900641,1.11211589
248,0.05481884,0.06679208,0.04407007,0.07515939,0.09304655,-1.15601782,-0.78462272,-0.73870465,-0.93677296,-0.26895251,-1.22574042,0.11068996,-1.27587042,0.45867760,-0.95733022,0.65587571,0.55729499,0.38335062,0.47242615,-0.88062905,0.02412546,0.10036717,0.07516422,0.12539230,0.65587571,1.06934051,1.41205240,1.67478970,0.55729499,0.91979906,1.19977383,0.38335062,0.77559085,0.47242615,1.39934226,1.31830579,1.34390067,1.36183781,1.16838276
249,0.05231585,0.05430950,0.04249269,0.07308594,0.09329554,-1.17413988,-0.69120289,-0.69954216,-0.93096091,-0.25913639,-1.23687600,0.12852062,-1.27074204,0.47978367,-0.95464079,0.72285909,0.54253060,0.38994000,0.47312011,-0.92960514,0.16338124,0.09839347,0.07478711,0.12358959,0.72285909,1.14054191,1.47609191,1.72312733,0.54253060,0.90149832,1.18257536,0.38994000,0.79098872,0.47312011,1.36691514,1.30982039,1.36547074,1.36875808,1.18620017
250,0.03736829,0.05829324,0.04666776,0.07542280,0.08992987,-1.19309926,-0.66435356,-0.77167150,-0.87032985,-0.28902790,-1.20045559,0.12327806,-1.24895283,0.49091426,-0.93612041,0.69844459,0.58949916,0.41637407,0.48434568,-0.98254396,0.22138836,0.09715865,0.07492606,0.12269359,0.69844459,1.14052915,1.49780162,1.76428301,0.58949916,0.97757904,1.26607315,0.41637407,0.82355460,0.48434568,1.36814074,1.30921199,1.34220402,1.34884525,1.18421423
251,0.05342620,0.04233627,0.04452222,0.07643431,0.09717100,-1.21024973,-0.70882455,-0.69331610,-0.86208315,-0.30395619,-1.14379448,0.11576076,-1.14634041,0.50981042,-0.77756599,0.74446030,0.49022064,0.41987657,0.54183763,-0.89387234,0.33127758,0.09486427,0.07263410,0.11947779,0.74446030,1.08818130,1.45396477,1.78016071,0.49022064,0.86433404,1.20757597,0.41987657,0.89313927,0.54183763,1.40486942,1.25571402,1.28375889,1.25050892,1.07234230
252,0.06841774,0.04889412,0.04320884,0.08290516,0.10663545,-1.25128445,-0.69356681,-0.73815716,-0.83063871,-0.34381511,-1.03084687,0.09469454,-1.02693788,0.50579097,-0.69884241,0.70075269,0.44480311,0.43942117,0.52752329,-0.85060709,0.46123166,0.09246441,0.07495537,0.11902930,0.70075269,1.05119644,1.43818831,1.80704520,0.44480311,0.85900260,1.25140414,0.43942117,0.91225618,0.52752329,1.43543774,1.25087141,1.20761820,1.14556699,1.01730780
253,0.04797606,0.19464647,0.13891704,0.11066643,0.13032610,-1.34657265,-0.56382043,-0.80465531,-0.57632512,-0.43426201,-0.80817400,0.05067994,-0.84839145,0.49668047,-0.51104674,0.82082871,0.43762326,0.49449232,0.55921639,-0.91268789,0.60680951,0.08903026,0.08055451,0.12006421,0.82082871,1.11494885,1.51257682,1.91238833,0.43762326,0.90450002,1.30757075,0.49449232,0.98096149,0.55921639,1.46693806,1.24816244,1.17656563,1.06914554,0.96514825
254,0.06801097,0.20305752,0.18053688,0.17618347,0.19275820,-1.33189971,-0.43499495,-0.82735557,-0.23639789,-0.46106688,-0.44738910,-0.01678861,-0.45352679,0.45608175,-0.18946844,0.86238563,0.42601814,0.46646755,0.54623757,-0.91715558,0.69617505,0.09177997,0.09285887,0.13056160,0.86238563,1.13228476,1.43807671,1.87558421,0.42601814,0.84385602,1.29423005,0.46646755,0.97625213,0.54623757,1.42917991,1.28349229,1.19306559,0.97531759,0.93360792
255,0.06303943,0.18371231,0.20100265,0.24174982,0.25556908,-1.19485882,-0.21147294,-0.81280937,0.03832414,-0.46982067,0.02008260,-0.10164830,-0.00123233,0.30957748,0.09933984,0.61742104,0.34726032,0.37500142,0.42373328,-0.56558965,0.62588832,0.09961902,0.10821710,0.14708804,0.61742104,0.89291032,1.18255897,1.58269924,0.34726032,0.71245920,1.12458754,0.37500142,0.78813487,0.42373328,1.23257530,1.03041496,0.82948202,0.62366865,0.67996993
256,0.05290295,0.11011407,0.11326479,0.14934970,0.21141148,-1.12428370,-0.01281837,-0.75346577,0.14785335,-0.40575842,0.25405636,-0.00508890,0.24123074,0.36674853,0.36471568,0.53824569,0.36440404,0.40871881,0.39211903,-0.51311127,0.48043663,0.09644453,0.11014592,0.14640243,0.53824569,0.83482086,1.17481551,1.55599999,0.36440404,0.76137222,1.14731367,0.40871881,0.78619785,0.39211903,1.15245446,0.97967800,0.75492920,0.55880967,0.71134793
257,0.06374042,0.06712829,0.06106414,0.11530285,0.18487384,-1.16915673,-0.01253132,-0.81385443,0.22031558,-0.43286326,0.39285200,-0.00352250,0.35416700,0.40814917,0.35682951,0.50901999,0.41934147,0.43495893,0.41168230,-0.42021943,0.37625769,0.09501854,0.10530695,0.14183821,0.50901999,0.87691572,1.23695755,1.63117144,0.41934147,0.82605171,1.23286902,0.43495893,0.84386615,0.41168230,1.18865604,0.97745416,0.74637853,0.53887600,0.67661427
258,0.06045972,0.09578388,0.07422831,0.10063086,0.13216097,-1.18270144,0.05557099,-0.78722991,0.24185463,-0.39236428,0.49357575,0.05004928,0.40992631,0.42509331,0.41957102,0.55719703,0.47011773,0.45656324,0.37518866,-0.49229982,0.35302858,0.09095439,0.10427570,0.13836951,0.55719703,0.95333721,1.30282445,1.66367928,0.47011773,0.86198947,1.23125542,0.45656324,0.82464985,0.37518866,1.20580087,1.00368264,0.82507397,0.61557565,0.74937071
259,0.06647423,0.08240500,0.07797506,0.11376426,0.13174257,-1.14378803,0.02855029,-0.77511153,0.22970374,-0.44259234,0.44948512,-0.02086239,0.38716901,0.36990622,0.38087940,0.54996421,0.39961520,0.43114228,0.39100265,-0.50178433,0.44090548,0.09293467,0.10862172,0.14295289,0.54996421,0.88058393,1.20758017,1.57415162,0.39961520,0.77610332,1.15971541,0.43114228,0.81895671,0.39100265,1.16948127,1.00508435,0.84922734,0.63603342,0.72399666
260,0.06892823,0.08965114,0.08268927,0.11139611,0.12097129,-1.16495139,0.00945811,-0.78788037,0.24234260,-0.44851177,0.47323094,-0.00694969,0.40203292,0.35468370,0.42869310,0.56373064,0.41143688,0.45056671,0.36292653,-0.51154594,0.43602952,0.09351045,0.10809250,0.14292723,0.56373064,0.91150397,1.25126331,1.59620202,0.41143688,0.80137206,1.16178188,0.45056671,0.80742464,0.36292653,1.18732674,1.00653933,0.85256956,0.63764572,0.73473248
261,0.06053035,0.10752747,0.10920563,0.12858648,0.14576410,-1.19049031,0.01388702,-0.83044134,0.25656069,-0.49829451,0.48879086,-0.04993091,0.44184906,0.34070748,0.41961028,0.57694836,0.40591341,0.45336293,0.39164517,-0.54456468,0.49800237,0.09380579,0.10608813,0.14161291,0.57694836,0.91231020,1.25684983,1.61075366,0.40591341,0.80530827,1.18569812,0.45336293,0.84436444,0.39164517,1.20946821,1.05212815,0.90132061,0.68588992,0.73979035
262,0.05848600,0.10946947,0.09017991,0.12797658,0.14984171,-1.23652127,-0.03334078,-0.86781780,0.21609368,-0.52388115,0.45740962,-0.08034813,0.43687483,0.30082656,0.41190295,0.59472483,0.42089411,0.44801123,0.38223319,-0.54200031,0.49292269,0.09128523,0.10522279,0.13930122,0.59472483,0.94080822,1.28596054,1.62767012,0.42089411,0.82221653,1.18901032,0.44801123,0.82921182,0.38223319,1.25427530,1.07806458,0.90365604,0.68179721,0.71681711
263,0.06443556,0.11210211,0.08290813,0.12730755,0.17250304,-1.21705187,-0.05618906,-0.87012885,0.25410970,-0.54858982,0.49707668,-0.13954978,0.49514771,0.24449250,0.45068827,0.58401973,0.40364772,0.41352936,0.38663444,-0.49049039,0.49393252,0.09502549,0.10740769,0.14340940,0.58401973,0.92840866,1.23998602,1.57102297,0.40364772,0.77381638,1.13456007,0.41352936,0.79641950,0.38663444,1.23183965,1.05236089,0.90007897,0.68428780,0.68604969
264,0.05896004,0.05697468,0.03915829,0.11904646,0.17211485,-1.17225995,-0.03882760,-0.84286680,0.24305352,-0.53317963,0.47956103,-0.14229928,0.45686221,0.22359045,0.46919161,0.51003575,0.38982909,0.39323195,0.36625894,-0.40928323,0.43973012,0.09835715,0.11154787,0.14871805,0.51003575,0.86223718,1.16421079,1.50341872,0.38982909,0.73401415,1.09078856,0.39323195,0.75727310,0.36625894,1.18348893,0.97544317,0.82876036,0.61040910,0.64970979
265,0.05933243,0.03502483,0.05913304,0.11803677,0.16373101,-1.21079368,-0.03876893,-0.88537205,0.26399485,-0.57605193,0.52407487,-0.16131348,0.49438720,0.23719221,0.51865310,0.52627975,0.40439313,0.41630502,0.39968209,-0.46941343,0.47214390,0.10030369,0.10990282,0.14879334,0.52627975,0.89863159,1.20903973,1.57929433,0.40439313,0.75985281,1.15115829,0.41630502,0.81326419,0.39968209,1.21890234,1.01351299,0.89022762,0.66271204,0.71395491
266,0.05007373,0.07113978,0.04355258,0.09247673,0.14668333,-1.21879221,0.00312888,-0.92740946,0.30034050,-0.64387988,0.58596849,-0.23990265,0.57155803,0.16891671,0.59358398,0.52208596,0.40261066,0.40497331,0.41031565,-0.53188804,0.55283564,0.10282047,0.11259583,0.15247908,0.52208596,0.88129141,1.17150521,1.54357627,0.40261066,0.73919093,1.13495133,0.40497331,0.81283695,0.41031565,1.22678989,1.07578412,0.98750870,0.76109505,0.77503848
267,0.04784534,0.06097934,0.04362164,0.09239546,0.15431689,-1.29244507,-0.00768279,-0.99060937,0.35110208,-0.71506719,0.66385995,-0.32834701,0.68072290,0.16505409,0.59543682,0.62794377,0.41931462,0.38747453,0.50091282,-0.73056806,0.65131696,0.10283676,0.10953181,0.15024186,0.62794377,0.99951799,1.26583823,1.64306978,0.41931462,0.74030017,1.18196779,0.38747453,0.88278328,0.50091282,1.29988234,1.18916123,1.14648705,0.95553893,0.86033965
268,0.04798015,0.03032446,0.04894382,0.09348842,0.14465381,-1.24749919,-0.03003556,-0.94588597,0.30990075,-0.69726757,0.61604662,-0.33654612,0.63724373,0.11976881,0.60475475,0.60241837,0.39724439,0.36157627,0.45754938,-0.71939343,0.70891247,0.10893052,0.11545759,0.15873347,0.60241837,0.95732913,1.20833685,1.56995624,0.39724439,0.69256674,1.10653608,0.36157627,0.81712650,0.45754938,1.25508404,1.12762741,1.09509133,0.91545852,0.84171657
269,0.05894218,0.03282316,0.04635961,0.08322237,0.12529375,-1.27149669,0.04299773,-1.02968886,0.35963057,-0.74596553,0.67611940,-0.36011064,0.68704212,0.12431641,0.69062679,0.57143835,0.43053457,0.38612813,0.48612306,-0.73676943,0.66744214,0.10556314,0.11092317,0.15312585,0.57143835,0.95167249,1.21791555,1.62686029,0.43053457,0.74942163,1.20637133,0.38612813,0.87183695,0.48612306,1.27738457,1.21018587,1.16838359,0.98217459,0.95168703
270,0.05840056,0.03512685,0.04787712,0.08118924,0.12188179,-1.15572210,0.06199591,-0.98362385,0.30057565,-0.70587138,0.61192222,-0.34664582,0.66488569,0.09747536,0.59658246,0.50360102,0.42509665,0.36327482,0.45181990,-0.76168081,0.70601827,0.10469911,0.12086255,0.15990516,0.50360102,0.86314499,1.11699450,1.46061388,0.42509665,0.73717080,1.12704895,0.36327482,0.80431145,0.45181990,1.16263191,1.15209364,1.11053211,0.95381029,0.87799019
271,0.04775847,0.03275926,0.03472701,0.07575960,0.12573981,-1.18177189,-0.00050522,-0.93921780,0.35001950,-0.68903276,0.63330421,-0.33798205,0.68038871,0.08455461,0.60210218,0.58371485,0.38011885,0.35448145,0.43244965,-0.70954802,0.70924439,0.10786485,0.12102206,0.16211466,0.58371485,0.91517737,1.16460637,1.48018960,0.38011885,0.68652835,1.05699839,0.35448145,0.77497031,0.43244965,1.18707800,1.12501170,1.08626410,0.93046105,0.84419681
272,0.05168074,0.03359629,0.04267286,0.08075990,0.13166666,-1.17740982,0.01798162,-0.93689685,0.36379906,-0.68646879,0.63999342,-0.34027564,0.67569371,0.10805861,0.59922934,0.59168931,0.38114883,0.34803936,0.45675025,-0.75911690,0.70134091,0.10270269,0.11977930,0.15778125,0.59168931,0.93418414,1.17508171,1.51041267,0.38114883,0.67819173,1.07830019,0.34803936,0.79683040,0.45675025,1.18283262,1.13493845,1.11741107,0.97128002,0.89152535
273,0.05893947,0.03377037,0.05850577,0.08000771,0.11806940,-1.24200402,0.03828466,-0.97324971,0.43354582,-0.68981691,0.67958577,-0.31214296,0.68586393,0.17200105,0.62749223,0.66020227,0.38950236,0.37790868,0.48933171,-0.82898079,0.61457897,0.09633443,0.11268391,0.14824974,0.66020227,1.01452895,1.26900486,1.64951590,0.38950236,0.71704441,1.17203944,0.37790868,0.86497214,0.48933171,1.24827677,1.21041586,1.18240232,1.02191482,0.97846658
274,0.05132415,0.03224992,0.05070835,0.07722494,0.10993303,-1.15847156,0.07956715,-0.94184747,0.36958023,-0.67216486,0.65054462,-0.33221884,0.66162724,0.14360788,0.61084002,0.55141714,0.39972631,0.34016963,0.47954061,-0.71716293,0.57886832,0.09622828,0.12091284,0.15453090,0.55141714,0.90475121,1.13272069,1.50732760,0.39972631,0.68268110,1.11912759,0.34016963,0.81755511,0.47954061,1.16639776,1.14030210,1.12003822,0.96658411,0.90529902
275,0.04073797,0.02998214,0.03731604,0.07415261,0.13144942,-1.23490173,0.03902063,-0.94742291,0.41379920,-0.68405874,0.69187107,-0.35114733,0.72307615,0.14790769,0.61922358,0.59915639,0.38972892,0.33494952,0.51110315,-0.66373641,0.61480749,0.10371393,0.11506597,0.15490886,0.59915639,0.96120517,1.20870426,1.58002165,0.38972892,0.67795870,1.12187319,0.33494952,0.83706838,0.51110315,1.23979177,1.13628020,1.11451442,0.98155562,0.87517839
276,0.03702926,0.06715890,0.03613042,0.07041536,0.11465737,-1.16078446,0.06959062,-0.88873202,0.35307878,-0.62667325,0.59306654,-0.28888159,0.57837005,0.14156336,0.61085899,0.52644050,0.35829844,0.33827522,0.43303094,-0.60217420,0.57440136,0.10130883,0.11899855,0.15628223,0.52644050,0.84637582,1.08838432,1.47773045,0.35829844,0.64324478,1.06592593,0.33827522,0.76975010,0.43303094,1.16879220,1.06462989,1.00421979,0.83241180,0.83981887
277,0.03723918,0.08522810,0.06726361,0.10974076,0.13543315,-1.07378189,0.06741192,-0.81378077,0.27773018,-0.59912636,0.48789699,-0.25260115,0.53355813,0.13381728,0.53455527,0.47501488,0.30113877,0.34962237,0.38795976,-0.52431000,0.56063459,0.09694134,0.12397483,0.15737657,0.47501488,0.72833232,1.00698555,1.35065309,0.30113877,0.61686837,0.98291032,0.34962237,0.73489084,0.38795976,1.08346584,0.97764326,0.91286246,0.75939732,0.75235286
278,0.04074114,0.03135104,0.05699101,0.09952890,0.18550542,-1.09794707,-0.04131054,-0.83070912,0.24458277,-0.62696502,0.36919709,-0.26513763,0.37773098,0.14221937,0.40070737,0.52199151,0.23998264,0.36282658,0.40936525,-0.53445934,0.51877180,0.10153441,0.11901527,0.15644127,0.52199151,0.72555978,0.99352209,1.36942633,0.23998264,0.58103677,0.98587276,0.36282658,0.76986937,0.40936525,1.10774482,0.99327529,0.88853051,0.66910028,0.67002744
279,0.06485291,0.03634089,0.04672658,0.11447067,0.22015666,-1.06669019,-0.14624341,-0.82666307,0.11868063,-0.62490257,0.25471438,-0.26803610,0.16222629,0.14132507,0.25059399,0.44402602,0.24342138,0.36945413,0.42337956,-0.39792349,0.45080276,0.09726217,0.11950176,0.15407985,0.44402602,0.65478161,0.89067059,1.30823076,0.24342138,0.56060493,0.97794112,0.36945413,0.76717575,0.42337956,1.08561195,0.92704084,0.78902218,0.49606755,0.53139203
280,0.08609251,0.07395358,0.04477854,0.15369069,0.21342125,-1.23539414,-0.36171305,-0.98171010,-0.30535216,-0.64202356,-0.14104131,-0.21160734,-0.19300088,0.24252796,0.05766366,0.46991042,0.38103841,0.43615390,0.52257502,-0.64732255,0.44362263,0.09547397,0.09877865,0.13737722,0.46991042,0.77352861,1.11088335,1.60370731,0.38103841,0.77827317,1.27876950,0.43615390,0.90673089,0.52257502,1.29956245,1.17550007,0.90557656,0.64257086,0.68549716
281,0.06523987,0.04158759,0.04666714,0.13472954,0.18096862,-1.31008468,-0.60379389,-1.04452553,-0.65235062,-0.67538436,-0.60131427,-0.25700078,-0.60046908,0.26850928,-0.34219408,0.59915045,0.37332115,0.42342963,0.58700610,-0.75355185,0.38070534,0.09203957,0.09266592,0.13060726,0.59915045,0.84459608,1.16237174,1.68668342,0.37332115,0.79039352,1.34917001,0.42342963,0.97910476,0.58700610,1.45031900,1.40919402,1.14806409,0.91596587,0.81017566
282,0.03333103,0.04734116,0.03417104,0.11105920,0.12928329,-1.20457866,-0.33771936,-1.17096657,-0.85103365,-0.67737342,-0.89238242,-0.26117864,-0.82173392,0.25997487,-0.59039075,0.69831760,0.49611575,0.42484185,0.57120403,-0.71810143,0.18570664,0.09416807,0.09069913,0.13074387,0.69831760,0.91427836,1.15285347,1.56379319,0.49611575,0.91047300,1.45455534,0.42484185,0.98489149,0.57120403,1.25598575,1.56083718,1.27652329,1.03035320,0.87964848
283,0.04357875,0.05725823,0.04083985,0.10950303,0.13213651,-1.20059503,-0.34394731,-1.14213976,-0.95300682,-0.69912852,-1.06530296,-0.29139422,-0.95872761,0.22330437,-0.69697917,0.80895762,0.45706880,0.42545590,0.57904683,-0.82709175,0.05081972,0.09470830,0.08444344,0.12688718,0.80895762,1.02225568,1.19171085,1.55232126,0.45706880,0.85323590,1.38940896,0.42545590,0.99336512,0.57904683,1.25122138,1.60603973,1.40799724,1.13857492,0.93623387
284,0.07022454,0.02249761,0.04854252,0.11386957,0.11820279,-1.17657334,-0.46565211,-1.19600709,-0.94368872,-0.67894532,-1.14472883,-0.27093276,-1.04049809,0.23230682,-0.77162180,0.74646204,0.55512093,0.42426969,0.57411835,-0.89808070,0.16271020,0.09262700,0.08803275,0.12778704,0.74646204,1.00740641,1.18416655,1.54862117,0.55512093,0.93286005,1.43866094,0.42426969,0.98475208,0.57411835,1.26653317,1.64756699,1.46304593,1.21041039,1.01656064
285,0.09263386,0.03466413,0.03771024,0.08075925,0.10096535,-1.07994039,-0.33855764,-1.20116209,-0.85193941,-0.71136796,-1.28506900,-0.30367853,-1.22946583,0.24721458,-0.92228209,0.74673518,0.65391754,0.41184356,0.63781272,-0.85826353,0.02660485,0.09176341,0.08547249,0.12540363,0.74673518,1.14025386,1.28325252,1.56723057,0.65391754,0.97406001,1.45161017,0.41184356,1.02782279,0.63781272,1.13176775,1.56540279,1.55832705,1.36258810,1.12637117
286,0.11423557,0.03196078,0.02722636,0.04423862,0.06388079,-1.03494728,-0.51780761,-1.13780340,-0.97385122,-0.80044581,-1.42699894,-0.45771358,-1.43872470,0.19892267,-1.16221893,0.70700848,0.56495900,0.34419694,0.71723981,-0.87898461,-0.24451658,0.08716712,0.07836005,0.11721094,0.70700848,1.08089121,1.22491808,1.53520597,0.56495900,0.82451349,1.35499718,0.34419694,1.03989610,0.71723981,1.15778235,1.57748739,1.71101417,1.60010418,1.32871490
287,0.17521969,0.05055156,0.03069179,0.04626353,0.05976486,-0.74198983,-0.26623127,-1.02334392,-0.63353982,-0.68561422,-1.19094193,-0.43884962,-1.30463483,0.09736020,-1.18868025,0.62408152,0.65193125,0.27187782,0.54913250,-0.65374259,-0.51658483,0.10067287,0.07497670,0.12552503,0.62408152,1.02338905,1.16219279,1.32551218,0.65193125,0.88996564,1.25102655,0.27187782,0.78310553,0.54913250,0.78834977,1.27708620,1.44383894,1.44298936,1.27727762
288,0.15357243,0.05607831,0.02601605,0.03668328,0.07205428,-0.77583976,-0.33671852,-1.03846568,-0.74907618,-0.77418576,-1.28759051,-0.51993311,-1.37315034,0.08009170,-1.13455677,0.68061580,0.60005153,0.26826371,0.64654253,-0.63292380,-0.45564975,0.09463267,0.07634017,0.12158603,0.68061580,1.05572298,1.16221091,1.26933166,0.60005153,0.81150718,1.18326084,0.26826371,0.86851456,0.64654253,0.84577484,1.36335441,1.56932607,1.53689958,1.23711681
289,0.15737385,0.07958882,0.03072188,0.03981767,0.08108052,-0.77365285,-0.16186281,-1.02812044,-0.63018330,-0.76683023,-1.32189434,-0.42542407,-1.34391553,0.11208127,-1.04371597,0.69989342,0.73991064,0.34256044,0.61567157,-0.66303269,-0.47272491,0.09823136,0.07288733,0.12231910,0.69989342,1.25568835,1.32914500,1.34712592,0.73991064,0.93521969,1.21386298,0.34256044,0.92214311,0.61567157,0.79057835,1.28263150,1.59711510,1.48961045,1.15673948
290,0.14966193,0.07371239,0.02646578,0.02659534,0.06796660,-0.78214175,-0.17773562,-1.03079268,-0.68669834,-0.83053825,-1.36013750,-0.64492922,-1.44313894,-0.01046457,-1.15947962,0.72723544,0.70259385,0.20346646,0.69505718,-0.55790376,-0.49125855,0.09588174,0.07033321,0.11891202,0.72723544,1.26680172,1.35330180,1.32730008,0.70259385,0.84917983,1.12455750,0.20346646,0.84426839,0.69505718,0.80228628,1.31373778,1.65169623,1.64122572,1.23732042
291,0.16488479,0.07439516,0.02639640,0.03482680,0.07678122,-0.73966225,-0.08381513,-1.01516502,-0.56476711,-0.79767811,-1.33684099,-0.46849888,-1.40089821,0.05832411,-1.07967308,0.70116263,0.80249491,0.33536516,0.61712182,-0.58309722,-0.49660299,0.10124575,0.07215469,0.12432618,0.70116263,1.33397144,1.42013061,1.35185993,0.80249491,0.99934985,1.19070779,0.33536516,0.89383228,0.61712182,0.74439664,1.23815145,1.62126702,1.54582246,1.16925391
292,0.15964109,0.04962588,0.02425937,0.03380498,0.07441283,-0.77936761,-0.12643995,-1.04130630,-0.86438047,-0.80782832,-1.51869634,-0.45841504,-1.55991765,0.12858075,-1.13892756,0.90246698,0.69536088,0.35383435,0.72257539,-0.63795013,-0.41237791,0.09633683,0.07580387,0.12258471,0.90246698,1.47243099,1.55694268,1.46097122,0.69536088,0.90998041,1.20468369,0.35383435,1.01200537,0.72257539,0.78955777,1.42551723,1.78527182,1.70556138,1.26406058
293,0.14971890,0.06264022,0.02721048,0.03791375,0.07192832,-0.74385577,-0.07100615,-1.04688901,-0.75483271,-0.78440256,-1.49667488,-0.44643632,-1.58481859,0.07307233,-1.17736746,0.87638527,0.78692487,0.34927684,0.66065256,-0.67689835,-0.41867541,0.10283093,0.07935135,0.12988778,0.87638527,1.49902170,1.60971340,1.45764317,0.78692487,1.02441562,1.19730555,0.34927684,0.91525307,0.66065256,0.74768060,1.37787364,1.75858971,1.71649920,1.28467437
294,0.13025157,0.03134342,0.02254975,0.03445122,0.07331361,-0.87941013,0.01266844,-1.14361538,-1.21669931,-0.83024468,-1.81063718,-0.41522867,-1.79483637,0.16130272,-1.23952974,1.34975197,0.67194785,0.41541840,0.80192144,-0.66314592,-0.04449231,0.08871470,0.08901761,0.12567591,1.34975197,1.88283560,1.92152132,1.70507096,0.67194785,0.93051385,1.30521047,0.41541840,1.14492457,0.80192144,0.88304144,1.76426704,2.06541997,1.91889123,1.38015836
295,0.12923477,0.03068443,0.02355436,0.03205675,0.06192566,-0.95386214,-0.35356947,-1.14450675,-0.82520556,-0.75439076,-1.66313967,-0.35021852,-1.70777862,0.16694658,-1.22257603,0.70096991,0.92429653,0.40750281,0.71314075,-0.66888078,-0.09748671,0.09894416,0.08919777,0.13321482,0.70096991,1.40975740,1.56759341,1.53392741,0.92429653,1.18766331,1.37413629,0.40750281,1.02634267,0.71314075,1.01729858,1.49295880,1.89031376,1.81770127,1.36775807
296,0.12856248,0.02773880,0.02347129,0.03639865,0.06457538,-1.07864123,-0.45665495,-1.16157554,-0.98936395,-0.74856863,-1.79759653,-0.36342715,-1.75003565,0.15339321,-1.24194929,0.73597132,0.90792955,0.38903973,0.72794282,-0.65862002,-0.03221676,0.09648041,0.09642889,0.13640748,0.73597132,1.47698051,1.57744228,1.58693330,0.90792955,1.10371886,1.34424022,0.38903973,1.06368632,0.72794282,1.17133566,1.60757183,2.01780438,1.87199730,1.39862144
297,0.14320262,0.02518583,0.02302067,0.03644432,0.06131029,-1.02928589,-0.45735984,-1.05011161,-1.18845501,-0.71437224,-1.71128248,-0.34503080,-1.66285890,0.13684166,-1.20926998,0.86983442,0.62134748,0.37254241,0.66399294,-0.64362573,0.03426830,0.09558731,0.10257223,0.14020698,0.86983442,1.37653920,1.46628771,1.48613608,0.62134748,0.84985334,1.18872802,0.37254241,0.99002400,0.66399294,1.12796738,1.67267516,1.92961275,1.78174087,1.35385655
298,0.13066333,0.03048853,0.02345755,0.03884582,0.06220100,-0.97110638,-0.38029121,-0.97127277,-1.08470954,-0.67159037,-1.63337305,-0.32727981,-1.59866721,0.14288081,-1.13495369,0.79556570,0.62573360,0.34642111,0.66201371,-0.56643111,0.14705128,0.09435562,0.10854291,0.14382123,0.79556570,1.34793523,1.43834100,1.42162987,0.62573360,0.82503158,1.11883932,0.34642111,0.95692528,0.66201371,1.04673274,1.52667240,1.83158993,1.70714376,1.26848174
299,0.13301675,0.02606868,0.02510481,0.04159367,0.06404291,-0.95678564,-0.38698739,-0.88799604,-1.24886988,-0.64449163,-1.59544408,-0.31236005,-1.52970844,0.13879381,-1.08206528,0.96731158,0.42396686,0.33881061,0.63875715,-0.60684412,0.16551294,0.09516430,0.11363377,0.14821902,0.96731158,1.32753306,1.39181389,1.40106783,0.42396686,0.64124366,1.04458048,0.33881061,0.93965843,0.63875715,1.03495630,1.61527211,1.80024266,1.65263121,1.24784066
300,0.12256527,0.02992826,0.02903501,0.04558278,0.06602003,-0.91379560,-0.37108497,-0.82397930,-1.29046720,-0.59788520,-1.55193285,-0.30164002,-1.46123649,0.12702078,-1.05790049,1.04009674,0.34602721,0.30984431,0.59115583,-0.67039589,0.16558973,0.09619081,0.11940498,0.15333044,1.04009674,1.31836999,1.34576632,1.36412422,0.34602721,0.54990703,0.98189465,0.30984431,0.87923567,0.59115583,0.99169450,1.63782834,1.76717663,1.60873062,1.25156540
301,0.11870030,0.02775156,0.02763013,0.04343808,0.06534667,-0.88614334,-0.34755810,-0.79847053,-1.33133188,-0.59006447,-1.54951263,-0.30622754,-1.44329269,0.10788256,-1.04634796,1.09734825,0.30201926,0.30306123,0.57618941,-0.64844316,0.17083770,0.09322922,0.12262784,0.15404310,1.09734825,1.33192873,1.33370925,1.33211412,0.30201926,0.50499770,0.95251806,0.30306123,0.86212826,0.57618941,0.95657387,1.65478961,1.75870322,1.58774678,1.23171699
302,0.11700809,0.02826649,0.02815427,0.04080735,0.06006628,-0.87508183,-0.38327183,-0.79789769,-1.32977935,-0.58696688,-1.53425250,-0.31586746,-1.42064688,0.08847199,-1.01904936,1.06432814,0.29474448,0.29397442,0.57163075,-0.67649465,0.19602605,0.09202086,0.12641291,0.15635876,1.06432814,1.28930716,1.28371603,1.28028047,0.29474448,0.49134135,0.94209087,0.29397442,0.85091708,0.57163075,0.96041460,1.65543311,1.74993572,1.57709080,1.21313932
303,0.11091258,0.02644865,0.02521124,0.03723306,0.05675490,-0.82501709,-0.42807114,-0.77449513,-1.31595916,-0.58382511,-1.50923680,-0.31681279,-1.39795258,0.07548460,-0.99553625,1.00108708,0.27320232,0.28929023,0.56323650,-0.69047425,0.24260799,0.09254374,0.13066677,0.16011917,1.00108708,1.21132430,1.19842023,1.18660426,0.27320232,0.46577864,0.91068278,0.28929023,0.83651684,0.56323650,0.93723532,1.63343955,1.72958302,1.55684983,1.18860529
304,0.10741273,0.03200908,0.02572299,0.03761430,0.05931334,-0.82310422,-0.45231442,-0.76522473,-1.31859245,-0.57451203,-1.50923538,-0.30668189,-1.40671378,0.08198955,-0.99225152,0.96965174,0.27295780,0.28680035,0.56913651,-0.67110683,0.24748004,0.09424119,0.13241914,0.16253071,0.96965174,1.18475391,1.18289032,1.16802681,0.27295780,0.46856137,0.91072526,0.28680035,0.83614253,0.56913651,0.94836650,1.62530601,1.72472541,1.56068998,1.18095585
305,0.10163534,0.03122314,0.02575844,0.03854155,0.06020119,-0.82580511,-0.47221358,-0.75884825,-1.33382227,-0.57080284,-1.51821676,-0.30029728,-1.42299473,0.07895922,-1.00319004,0.95129765,0.26534572,0.28684771,0.56664131,-0.62457007,0.23914202,0.09337453,0.13373796,0.16310930,0.95129765,1.15932272,1.16599768,1.14362893,0.26534572,0.46786005,0.90253590,0.28684771,0.82951042,0.56664131,0.96048558,1.62361418,1.71678003,1.55706586,1.16548967
306,0.09988702,0.02857724,0.02495025,0.03814460,0.05971610,-0.82739622,-0.49280223,-0.75153344,-1.35597329,-0.56242080,-1.53996571,-0.29831358,-1.43306407,0.07722465,-0.99982681,0.95059688,0.26623190,0.28497692,0.57430111,-0.61688288,0.27406868,0.09391129,0.13517878,0.16459840,0.95059688,1.16130189,1.15807699,1.13204568,0.26623190,0.46070357,0.90424539,0.28497692,0.83764868,0.57430111,0.96943234,1.62959009,1.72535625,1.55747419,1.15110447
307,0.10133530,0.02613006,0.02303098,0.03776893,0.05864528,-0.80692313,-0.48586937,-0.71892307,-1.34217662,-0.54430714,-1.53517726,-0.27202663,-1.42975459,0.08992703,-1.00583392,0.93657955,0.26183013,0.29206860,0.55815437,-0.59857691,0.27128743,0.09426430,0.13658869,0.16595851,0.93657955,1.15242123,1.15296763,1.11809318,0.26183013,0.45589186,0.87740940,0.29206860,0.82638366,0.55815437,0.94995979,1.60024163,1.71010409,1.54338882,1.14622190
308,0.09737923,0.02730202,0.02214479,0.03557550,0.05658323,-0.78032254,-0.48318096,-0.67004405,-1.35627340,-0.48431664,-1.56170737,-0.22479332,-1.44444200,0.11734389,-1.00207782,0.94836007,0.27746309,0.28480234,0.55969883,-0.57812007,0.29007459,0.09488987,0.13947451,0.16869269,0.94836007,1.17815883,1.16947005,1.10785481,0.27746309,0.45411209,0.86416813,0.28480234,0.82193237,0.55969883,0.92688687,1.58796125,1.70978191,1.54396943,1.13489265
309,0.09871600,0.02571736,0.02179805,0.03516887,0.05632091,-0.77129889,-0.48455623,-0.63852544,-1.35162158,-0.44570386,-1.56653694,-0.18961703,-1.45634245,0.13735068,-1.01880003,0.93747189,0.28916847,0.27883394,0.54707697,-0.53676006,0.27883071,0.09555133,0.14112201,0.17042734,0.93747189,1.18187109,1.18296293,1.11787691,0.28916847,0.46108752,0.84526614,0.27883394,0.80039240,0.54707697,0.92015788,1.56437072,1.69710690,1.54260122,1.14431656
310,0.09372263,0.02621357,0.02259124,0.03519686,0.05625057,-0.76205184,-0.48474706,-0.61468550,-1.36654577,-0.41551178,-1.58807692,-0.16906792,-1.47482878,0.15603977,-1.03695994,0.95367724,0.29833726,0.27173537,0.54577247,-0.52204801,0.26033124,0.09580900,0.14200915,0.17130664,0.95367724,1.20771839,1.20069648,1.12783407,0.29833726,0.45858550,0.83848708,0.27173537,0.79398974,0.54577247,0.91455888,1.57218932,1.71368205,1.55870939,1.16015746
311,0.09592174,0.02530543,0.02283378,0.03487935,0.05623700,-0.75489606,-0.50700632,-0.59214215,-1.40406535,-0.39249009,-1.61970235,-0.14221801,-1.49466896,0.18245080,-1.04516898,0.96601907,0.29412427,0.28022145,0.55489463,-0.50031304,0.26150879,0.09627755,0.14066432,0.17045767,0.96601907,1.21628959,1.20434860,1.13209956,0.29412427,0.45897153,0.85387582,0.28022145,0.81281779,0.55489463,0.92074225,1.59281992,1.73320247,1.57029759,1.16497150
312,0.09088806,0.02541086,0.02186739,0.03403235,0.05568113,-0.75997134,-0.53789710,-0.57811878,-1.42266575,-0.37654861,-1.63386362,-0.12904694,-1.50932084,0.19657682,-1.05545609,0.95393609,0.29208579,0.27765465,0.55876528,-0.47434676,0.24085317,0.09576991,0.14017858,0.16977017,0.95393609,1.20324447,1.19596387,1.13134907,0.29208579,0.45744691,0.85733284,0.27765465,0.81427542,0.55876528,0.94332539,1.60258354,1.74057532,1.58003371,1.16925698
313,0.10054788,0.02438553,0.02242450,0.03555195,0.05501035,-0.76476514,-0.55256097,-0.56364037,-1.43177106,-0.35409297,-1.64676600,-0.09660208,-1.51545386,0.20670893,-1.07703891,0.95425753,0.30027640,0.28961788,0.53330454,-0.47214306,0.23325104,0.09592901,0.14069231,0.17028418,0.95425753,1.21107177,1.20958402,1.14768257,0.30027640,0.47464166,0.84810175,0.28961788,0.79943884,0.53330454,0.95466013,1.60521836,1.74687482,1.58230634,1.18892942
314,0.09474169,0.02378703,0.02140358,0.03341330,0.05429433,-0.74206324,-0.54914410,-0.52627136,-1.42813851,-0.30821105,-1.64356180,-0.06224728,-1.51345076,0.21653804,-1.06849460,0.95403519,0.30660589,0.27861533,0.52522911,-0.45185479,0.24397952,0.09578399,0.14367635,0.17267735,0.95403519,1.21707253,1.21606140,1.13268794,0.30660589,0.47185439,0.82531201,0.27861533,0.77850257,0.52522911,0.93422376,1.58574270,1.73223881,1.57676904,1.17963688
315,0.10159320,0.02365641,0.02548733,0.03694433,0.05514382,-0.72713441,-0.53894504,-0.50668635,-1.42894379,-0.27895328,-1.64080318,-0.04816762,-1.51436851,0.22074832,-1.08910570,0.97028867,0.31113008,0.26423565,0.50321725,-0.48410532,0.20429427,0.09581712,0.14443351,0.17332617,0.97028867,1.23308294,1.22597159,1.13867123,0.31113008,0.46670032,0.80294715,0.26423565,0.74453132,0.50321725,0.92033421,1.59157600,1.73545437,1.58569322,1.20879361
316,0.10112214,0.02345562,0.02585078,0.03704469,0.05568247,-0.71151013,-0.52107013,-0.48307883,-1.41623736,-0.25519019,-1.61515126,-0.02817127,-1.49385776,0.23226265,-1.06446848,0.97936634,0.30266382,0.25878051,0.50223383,-0.49664527,0.22207358,0.09610220,0.14707362,0.17568803,0.97936634,1.23193935,1.22819108,1.13358190,0.30266382,0.46177786,0.79722162,0.25878051,0.73572257,0.50223383,0.89890080,1.57737037,1.71265629,1.57009318,1.19406900
317,0.09913665,0.02478045,0.02809230,0.03848337,0.05650623,-0.68962650,-0.50445673,-0.45582953,-1.40700116,-0.23217633,-1.60533993,-0.00807854,-1.46558966,0.24296851,-1.03745227,0.99551706,0.29918704,0.26731639,0.49632946,-0.54593940,0.21486567,0.09632827,0.15001980,0.17828370,0.99551706,1.24572207,1.22095762,1.11967542,0.29918704,0.45249332,0.79118563,0.26731639,0.74183651,0.49632946,0.87766726,1.57781398,1.71664644,1.55535357,1.18414975
318,0.10201885,0.02326318,0.02459296,0.03528931,0.05314443,-0.68481231,-0.50778379,-0.44424345,-1.42920796,-0.21855178,-1.62792435,0.00370186,-1.48860379,0.25528813,-1.04884046,1.00590952,0.30081336,0.26483290,0.50668240,-0.50532055,0.22079262,0.09644950,0.14923605,0.17769048,1.00590952,1.25789852,1.23425110,1.12257178,0.30081336,0.45276257,0.79701507,0.26483290,0.74946019,0.50668240,0.87344098,1.58244106,1.72345723,1.56576656,1.18103227
319,0.10733440,0.02458375,0.02308939,0.03365664,0.05130620,-0.68743969,-0.49452380,-0.42860374,-1.44113890,-0.21341670,-1.64112639,0.00534792,-1.49343565,0.25950911,-1.04265115,1.03227466,0.29395162,0.26664714,0.51765554,-0.49056370,0.20771452,0.09525259,0.15026206,0.17790936,1.03227466,1.28399534,1.25038347,1.12939398,0.29395162,0.43795381,0.79618448,0.26664714,0.76445340,0.51765554,0.86915063,1.58956175,1.73659173,1.57127852,1.17503526
320,0.10665348,0.02498822,0.02301491,0.03306556,0.05089169,-0.67888132,-0.48430564,-0.41667755,-1.43534385,-0.20052650,-1.63280430,0.00994713,-1.48789636,0.26241643,-1.04100821,1.03795711,0.29311551,0.25789198,0.51344686,-0.49862715,0.21316935,0.09593229,0.15151502,0.17933155,1.03795711,1.28897001,1.25419605,1.13110746,0.29311551,0.43033715,0.78601102,0.25789198,0.75289823,0.51344686,0.85690660,1.58241569,1.72960996,1.56947876,1.17845116
321,0.10777679,0.02459235,0.02088850,0.03106999,0.04793272,-0.67192275,-0.49168808,-0.40062772,-1.44669676,-0.18877108,-1.65362818,0.02477568,-1.51502160,0.26833562,-1.06262615,1.03676498,0.29622767,0.25700051,0.51399712,-0.46528063,0.20605674,0.09612074,0.15175230,0.17963284,1.03676498,1.29495999,1.26717651,1.12940912,0.29622767,0.43178326,0.77256229,0.25700051,0.74879482,0.51399712,0.85469585,1.57964524,1.73745619,1.58452605,1.18438810
322,0.11151864,0.02398915,0.01948223,0.03034017,0.04736806,-0.66510091,-0.47992822,-0.38143037,-1.45646385,-0.17019380,-1.66608059,0.03853634,-1.52295222,0.27847236,-1.06134779,1.05524392,0.29760722,0.25492163,0.52040263,-0.43907300,0.20698508,0.09564510,0.15245792,0.17997611,1.05524392,1.31648438,1.28365966,1.13431578,0.29760722,0.42607616,0.77020951,0.25492163,0.75425657,0.52040263,0.84134406,1.57705881,1.74014541,1.58627760,1.17814492
323,0.11329510,0.02300427,0.02005723,0.03048495,0.04751650,-0.65386370,-0.47896760,-0.36957770,-1.44104308,-0.16369470,-1.66578400,0.03957691,-1.50391832,0.27778217,-1.04861945,1.04542709,0.30488691,0.26273019,0.51420611,-0.46175813,0.20329477,0.09496832,0.15532272,0.18205529,1.04542709,1.31905844,1.26513598,1.11888990,0.30488691,0.41512372,0.75868437,0.26273019,0.76102704,0.51420611,0.83580588,1.56886623,1.74858248,1.57526892,1.17359445
324,0.11083878,0.02378406,0.02031465,0.02904546,0.04721500,-0.64244976,-0.46459932,-0.35883319,-1.41780132,-0.15386009,-1.62095272,0.03615507,-1.45506811,0.26542498,-1.01091440,1.04596472,0.28945693,0.25675160,0.50063782,-0.51889202,0.21136218,0.09503817,0.15882680,0.18508973,1.04596472,1.30226266,1.23718727,1.09348109,0.28945693,0.39756471,0.74709842,0.25675160,0.74414991,0.50063782,0.82657668,1.56526511,1.72851409,1.54977600,1.16032217
325,0.11310471,0.02257648,0.01989242,0.02836498,0.04648634,-0.63907348,-0.46928454,-0.35798365,-1.40631510,-0.15154432,-1.62575137,0.03822232,-1.45947201,0.26147574,-1.02267677,1.03396793,0.30219143,0.25792855,0.49184603,-0.52965512,0.19253657,0.09446057,0.15931937,0.18521734,1.03396793,1.30514587,1.23774586,1.09065302,0.30219143,0.40088664,0.73160584,0.25792855,0.73638551,0.49184603,0.82810962,1.56046717,1.73858629,1.55790974,1.17139863
326,0.11184752,0.02250694,0.01939753,0.02794771,0.04633728,-0.63593276,-0.47231997,-0.35379854,-1.41862049,-0.15227060,-1.64469921,0.04072491,-1.47727062,0.26929367,-1.02655539,1.03842335,0.30320772,0.26103637,0.50645013,-0.51361026,0.20113914,0.09393775,0.15843469,0.18418972,1.03842335,1.31192957,1.24398177,1.09025496,0.30320772,0.40076099,0.73971268,0.26103637,0.75321727,0.50645013,0.82744593,1.56579611,1.74892171,1.56711800,1.16818827
327,0.11207553,0.02059660,0.01862621,0.02841573,0.04636509,-0.64476033,-0.49576250,-0.35798788,-1.45001162,-0.15104235,-1.67029963,0.04727662,-1.49540873,0.27612462,-1.05987754,1.03717468,0.30242047,0.26807026,0.49263817,-0.46998885,0.18731164,0.09348663,0.15580089,0.18169664,1.03717468,1.30851007,1.24207894,1.10392513,0.30242047,0.40920209,0.74685153,0.26807026,0.74825432,0.49263817,0.84601900,1.58176167,1.75919541,1.57341773,1.18863969
328,0.10613422,0.02092175,0.01787019,0.02801286,0.04543776,-0.64754697,-0.50101156,-0.36075943,-1.45937299,-0.14962007,-1.66298051,0.04911630,-1.51060098,0.27950601,-1.06926441,1.03605882,0.29331919,0.25355756,0.49824853,-0.44271038,0.18996870,0.09229938,0.15420441,0.17971694,1.03605882,1.29248733,1.24789484,1.10736345,0.29331919,0.41502019,0.75215427,0.25355756,0.73497911,0.49824853,0.85017836,1.58387035,1.74243373,1.57941029,1.18905301
329,0.10028570,0.02185089,0.01741126,0.02825298,0.04694058,-0.66436155,-0.52721998,-0.36478838,-1.46480665,-0.14762178,-1.67425495,0.05945807,-1.52349293,0.28832606,-1.07486215,1.01417503,0.30173212,0.25776040,0.50372796,-0.40425507,0.18246609,0.09158946,0.15102138,0.17662414,1.01417503,1.28091462,1.24958522,1.11738226,0.30173212,0.42950319,0.76181994,0.25776040,0.74215545,0.50372796,0.87518178,1.57816456,1.74171583,1.58358480,1.18891930
330,0.09747567,0.02107325,0.01739365,0.02885695,0.04688673,-0.68310943,-0.54965727,-0.37117292,-1.47464851,-0.14637968,-1.68358399,0.06599674,-1.53916461,0.29669628,-1.09322541,1.00879715,0.30691244,0.25787846,0.50210676,-0.40571339,0.20264338,0.09214649,0.14797457,0.17431996,1.00879715,1.28069553,1.26299769,1.14365620,0.30691244,0.44236672,0.76953192,0.25787846,0.73868101,0.50210676,0.89867997,1.58628977,1.75002579,1.59984065,1.21029265
331,0.09484319,0.02004431,0.02019012,0.03165888,0.04978604,-0.70823250,-0.56127396,-0.39142801,-1.46278725,-0.15741423,-1.65086794,0.05899194,-1.51031339,0.30094292,-1.07510638,0.99711337,0.30054107,0.25917018,0.49798321,-0.44495891,0.20926268,0.09363440,0.14491889,0.17253662,0.99711337,1.25688593,1.25085249,1.16677958,0.30054107,0.45303993,0.79352975,0.25917018,0.73614151,0.49798321,0.92259560,1.58574284,1.72767611,1.58001704,1.21010172
332,0.09692248,0.02140934,0.02116792,0.03433200,0.05038626,-0.76273616,-0.59733109,-0.42701301,-1.48808039,-0.18462429,-1.65915990,0.06042284,-1.52575450,0.32276588,-1.07969486,0.99587562,0.29724667,0.27995506,0.51765916,-0.44555282,0.20548971,0.09452145,0.13741944,0.16678851,0.99587562,1.24834519,1.27375432,1.22545400,0.29724667,0.48891230,0.85382760,0.27995506,0.77027149,0.51765916,0.98293704,1.61466948,1.73622048,1.59301985,1.21997694
333,0.09906230,0.02248704,0.02344267,0.03893707,0.05441107,-0.82080075,-0.65814649,-0.48862014,-1.52204171,-0.23424613,-1.70240027,0.04599799,-1.58013689,0.32960293,-1.11381193,0.99170915,0.31225228,0.30631318,0.54608278,-0.51139368,0.23215537,0.09479595,0.12694790,0.15843624,0.99170915,1.25428313,1.31402974,1.29198284,0.31225228,0.53776986,0.91453976,0.30631318,0.81508439,0.54608278,1.05823043,1.66622937,1.78594535,1.64858942,1.25898947
334,0.08750000,0.02607734,0.02221985,0.04019055,0.05738015,-0.90998860,-0.72104954,-0.56186816,-1.56996920,-0.28452557,-1.74409915,0.02448455,-1.62335461,0.33417731,-1.13036800,0.99456349,0.32757661,0.33178194,0.58316759,-0.55085428,0.22774710,0.09329583,0.11604143,0.14889501,0.99456349,1.25656490,1.35123827,1.37120222,0.32757661,0.58889447,0.99831474,0.33178194,0.87199191,0.58316759,1.16401223,1.73166083,1.82577318,1.68618667,1.27617675
335,0.08258635,0.03023427,0.02649519,0.04968028,0.06340625,-0.94638199,-0.75767757,-0.58313763,-1.51038249,-0.29266031,-1.67950348,0.03415897,-1.55869163,0.37155331,-1.07349368,0.94405273,0.33851022,0.34875888,0.59217731,-0.61330099,0.24146300,0.09222567,0.11117124,0.14444590,0.94405273,1.19842300,1.32303040,1.41929151,0.33851022,0.62163739,1.05005316,0.34875888,0.89941159,0.59217731,1.21569593,1.70345247,1.77367906,1.62964383,1.24607116
336,0.08416494,0.03152719,0.02871616,0.05499651,0.07058041,-1.02110376,-0.81161565,-0.65000444,-1.53184452,-0.31815050,-1.69336825,0.02817108,-1.57340712,0.40454988,-1.12312437,0.92388430,0.37288870,0.36787038,0.58961981,-0.61676212,0.20113089,0.09229137,0.10274921,0.13811263,0.92388430,1.19346072,1.34547896,1.51744388,0.37288870,0.68471935,1.13133382,0.36787038,0.92093034,0.58961981,1.31023675,1.75827290,1.79822332,1.64613323,1.31019646
337,0.08673709,0.02979616,0.03107658,0.06204544,0.07286018,-1.08823243,-0.83384702,-0.69329406,-1.49190182,-0.32422120,-1.61214716,0.05011735,-1.51866683,0.43184631,-1.09427191,0.88948928,0.39379006,0.38674504,0.57291586,-0.64450590,0.19415455,0.09308955,0.09899960,0.13589181,0.88948928,1.15603160,1.37554642,1.59473108,0.39379006,0.74966381,1.19413946,0.38674504,0.91670029,0.57291586,1.37612418,1.74063539,1.71944841,1.59225473,1.28817969
338,0.07365829,0.04448224,0.03555157,0.06739592,0.07841810,-1.14972712,-0.93087139,-0.75597541,-1.38018152,-0.28852416,-1.58764679,0.10281002,-1.47994417,0.48623829,-1.08661447,0.75582479,0.51835539,0.40589540,0.55086521,-0.66356814,0.19650660,0.09625363,0.09312674,0.13393039,0.75582479,1.14728988,1.41979968,1.69692963,0.51835539,0.86839676,1.27705705,0.40589540,0.92372736,0.55086521,1.48125565,1.66328975,1.67633945,1.55233685,1.29066749
339,0.07852272,0.06039509,0.04027564,0.06476025,0.07463566,-1.06113335,-1.08668081,-0.81162798,-1.17119864,-0.24131613,-1.43541215,0.19235235,-1.38335103,0.54943083,-1.02282749,0.54988400,0.63536616,0.43678345,0.50912839,-0.76845539,0.18995016,0.09715658,0.08524679,0.12925330,0.54988400,0.97244981,1.34550341,1.66829209,0.63536616,1.03043876,1.37012143,0.43678345,0.89283334,0.50912839,1.51971068,1.52173502,1.52095195,1.46437753,1.25703279
340,0.08629510,0.05224328,0.04249919,0.07115090,0.07532001,-1.06387624,-1.03051116,-0.66126756,-1.18345940,-0.17166041,-1.28207974,0.21542654,-1.21025736,0.57528631,-0.91887481,0.61223220,0.50642242,0.39373152,0.46338510,-0.84860730,0.21961650,0.09734979,0.07789599,0.12467865,0.61223220,0.99134801,1.34023201,1.68515863,0.50642242,0.88059568,1.26598412,0.39373152,0.83090066,0.46338510,1.48417351,1.45556516,1.36829147,1.30960065,1.18142279
341,0.08098369,0.05334541,0.08570454,0.10916341,0.10264278,-1.12972829,-0.91790370,-0.84451248,-0.97651656,-0.24644770,-1.04017835,0.19102394,-1.01075050,0.57646770,-0.78553309,0.54371493,0.60763563,0.43862541,0.44648393,-0.69180656,0.00191178,0.09425434,0.07930956,0.12318233,0.54371493,0.96643856,1.37876338,1.75571406,0.60763563,1.03877655,1.43531555,0.43862541,0.86163820,0.44648393,1.45823474,1.40192170,1.16371382,1.13174338,1.08598704
342,0.07907644,0.14130969,0.21394264,0.29572562,0.31804859,-1.12614114,-0.07608330,-0.54702805,0.35530852,-0.17642369,0.28182097,0.21393405,0.24360362,0.60902515,0.22117409,0.84840584,0.37795849,0.40343002,0.39608504,-1.11926856,0.50053058,0.09370058,0.07629858,0.12083572,0.84840584,1.11247224,1.42422630,1.79379752,0.37795849,0.77371212,1.16818570,0.40343002,0.79560413,0.39608504,1.15120841,0.93639299,0.75877769,0.67113072,0.86350294
343,0.07839211,0.22022482,0.19710999,0.21577041,0.21106585,-1.19835494,0.27706043,-0.60389137,0.84158200,-0.04098683,1.07708823,0.35526400,1.12471655,0.77732727,0.82864700,0.96164213,0.61626997,0.42357823,0.51555340,-1.07486560,0.56335467,0.09318326,0.08815454,0.12827448,0.96164213,1.46725478,1.79096037,2.06961984,0.61626997,1.02579824,1.39987810,0.42357823,0.86674872,0.51555340,1.26858736,1.31697701,1.30008253,1.31660614,1.27833917
344,0.04303099,0.10376462,0.07622542,0.10761703,0.13487944,-1.12306014,0.52779225,-0.43084167,1.37193616,0.10263992,1.88008448,0.49854019,1.95770319,0.78457745,1.44363262,1.15271033,0.74421895,0.45896282,0.59278624,-0.71065339,0.16476078,0.09126478,0.09156707,0.12928181,1.15271033,1.84425576,2.16249122,2.11625976,0.74421895,1.14533734,1.28055614,0.45896282,0.86058965,0.59278624,1.29524881,1.61787054,1.98749528,2.06287001,1.67880729
345,0.03986179,0.02383980,0.03410075,0.05893847,0.07464172,-0.94812610,0.86230864,-0.31512945,2.21296427,0.07777674,2.23528938,0.37986881,2.08350243,0.69204260,1.57449511,1.51806343,0.43304542,0.40180096,0.60263013,-1.17511162,-0.20682963,0.10301338,0.08775886,0.13532691,1.51806343,1.71692358,1.80784051,1.79895232,0.43304542,0.81120640,1.28517796,0.40180096,0.95030383,0.60263013,1.33056660,2.32501796,2.28324888,2.13161250,1.72734131
346,0.09279499,0.11703544,0.07590226,0.05129560,0.07330454,0.89699188,-0.34397811,-0.33480891,0.43063158,-0.75618768,0.59279984,-0.99961288,0.64031751,-1.02715986,0.74459521,1.47948743,0.48408937,0.31641055,0.23481619,0.60532988,0.24830894,0.10014375,0.11187835,0.15015171,1.47948743,1.90241358,2.13931870,2.23267126,0.48408937,0.78969961,0.95599065,0.31641055,0.51042811,0.23481619,1.16875695,1.08083271,1.22415091,1.31343062,1.31696595
347,0.09012769,0.08155492,0.03856472,0.04524225,0.10427550,0.73306997,-0.50198810,-0.41063624,0.13911172,-0.68089937,0.30042324,-0.84090308,0.35870061,-0.84800880,0.47142907,1.31600592,0.32890837,0.22072356,0.17019144,0.32775406,0.12602890,0.09870609,0.13206788,0.16487819,1.31600592,1.62587967,1.79812471,1.87347192,0.32890837,0.53759241,0.65852923,0.22072356,0.35896102,0.17019144,1.00945601,0.73403841,0.89482976,0.98122599,0.99691913
348,0.09950309,0.06096547,0.02428168,0.02674225,0.08989022,0.63422631,-0.46413978,-0.45151592,0.16118270,-0.68187449,0.30975760,-0.79961062,0.33974647,-0.79691431,0.42617893,1.25977516,0.28640236,0.19018320,0.14519392,0.35057772,0.10699735,0.10136175,0.14180439,0.17430631,1.25977516,1.52752962,1.64674796,1.69912196,0.28640236,0.45346969,0.55605326,0.19018320,0.30972719,0.14519392,0.91011615,0.76021937,0.90440821,0.94069083,0.93608890
349,0.09679554,0.10911373,0.05896842,0.05993107,0.11203017,0.67347888,-0.50084224,-0.24705291,-0.04006508,-0.55692189,0.15032208,-0.74215703,0.23580681,-0.80316599,0.39119823,1.03609257,0.37050014,0.22737910,0.19160993,0.34977162,0.06583436,0.09882518,0.13850061,0.17014357,1.03609257,1.39286838,1.59673443,1.73148713,0.37050014,0.59205156,0.75205111,0.22737910,0.39556513,0.19160993,0.93929668,0.59443868,0.74309851,0.86130757,0.93443975
350,0.09057827,0.15810440,0.13188117,0.11862808,0.14792792,0.72887334,-0.59464256,-0.17921162,-0.17683302,-0.53186436,0.01061136,-0.74828095,0.12546448,-0.83969845,0.28710627,1.00836350,0.40471663,0.26806076,0.21404860,0.32448784,0.11860878,0.09899856,0.12654784,0.16067069,1.00836350,1.40010853,1.64385787,1.80549560,0.40471663,0.66753785,0.85458013,0.26806076,0.46639838,0.21404860,1.03945307,0.62769576,0.73656477,0.85802880,0.93493169
351,0.10408323,0.14143849,0.14672084,0.12489250,0.14980771,0.86848714,-0.78819040,-0.27959722,-0.41116450,-0.48717542,-0.24471663,-0.72334914,-0.14269966,-0.93096664,0.04231061,1.22002707,0.28997765,0.29487800,0.29968897,0.39548740,0.14395926,0.09271933,0.10673826,0.14138575,1.22002707,1.46149273,1.72016234,1.99224201,0.28997765,0.57989736,0.87615702,0.29487800,0.58717980,0.29968897,1.28851258,0.85993283,0.80061627,0.85973199,0.98879319
352,0.08832350,0.16361834,0.11516337,0.10735170,0.12640578,0.93401603,-0.90492598,-0.24922570,-0.62583117,-0.63724572,-0.42388911,-0.85067733,-0.22969812,-0.94025872,-0.04593531,1.22912055,0.44258140,0.33647416,0.24468820,0.49347141,0.12006533,0.08565721,0.10337466,0.13425155,1.22912055,1.64717520,1.90908043,2.07083090,0.44258140,0.75925799,0.97690697,0.33647416,0.57379101,0.24468820,1.43158932,1.03026693,1.04544069,1.03297812,1.02466275
353,0.08602391,0.15793926,0.10867592,0.10293624,0.14626281,0.89929115,-0.85074055,-0.23961654,-0.59200222,-0.62433628,-0.32410139,-0.83643717,-0.17343993,-0.88129296,-0.02285954,1.18275765,0.47638205,0.32406154,0.22570053,0.46614678,0.09173226,0.08647269,0.10805917,0.13839910,1.18275765,1.61530556,1.86541994,1.97988682,0.47638205,0.78011296,0.96392231,0.32406154,0.53194941,0.22570053,1.36805009,0.99962942,0.98144471,0.98537848,0.94103214
354,0.08545379,0.15463126,0.11311354,0.10719554,0.15262403,0.89691863,-0.90810950,-0.22694811,-0.59229777,-0.64466637,-0.31545379,-0.83522181,-0.16815980,-0.87831978,-0.01599685,1.18458439,0.50889618,0.31141412,0.22140560,0.44909405,0.12768234,0.08974537,0.10700542,0.13965813,1.18458439,1.65540948,1.88548320,2.00121768,0.50889618,0.79477964,0.97510369,0.31141412,0.51810023,0.22140560,1.39148046,0.98624709,0.97955856,0.97265694,0.93299587
355,0.08678994,0.19091471,0.12868357,0.11067195,0.15335199,0.85053324,-0.84135865,-0.19720122,-0.53578974,-0.58284793,-0.30274152,-0.76269376,-0.17126320,-0.81198318,-0.00088284,1.10843839,0.45880914,0.28647994,0.22904116,0.43343890,0.11662791,0.09057019,0.11362745,0.14530711,1.10843839,1.53498979,1.74838128,1.87557592,0.45880914,0.72367646,0.91289825,0.28647994,0.49926377,0.22904116,1.29759913,0.90032910,0.89617209,0.89196339,0.86044656
356,0.08835810,0.19286660,0.13589419,0.12097134,0.16353751,0.88691721,-0.88736634,-0.18510600,-0.57716008,-0.61365756,-0.33629384,-0.76925614,-0.18819235,-0.82676642,-0.02011251,1.13463765,0.50009018,0.28626982,0.23097487,0.42830537,0.14155379,0.09078061,0.10866368,0.14159419,1.13463765,1.60255600,1.79932123,1.93362965,0.50009018,0.75595676,0.95169148,0.28626982,0.50877123,0.23097487,1.35464694,0.93787460,0.93754591,0.90341873,0.87543302
357,0.09040727,0.19010234,0.13169271,0.13287119,0.18563335,0.90954736,-0.89777211,-0.24104868,-0.52579809,-0.66273999,-0.30138065,-0.78239636,-0.16562699,-0.81949956,0.00616326,1.22975663,0.48900434,0.27585751,0.23449177,0.44253071,0.14916228,0.08861574,0.10623171,0.13833989,1.22975663,1.68581457,1.84570815,1.96630968,0.48900434,0.72154110,0.91468064,0.27585751,0.50124612,0.23449177,1.38633864,0.95589270,0.98028989,0.91678146,0.87032455
358,0.08902831,0.17181726,0.11936025,0.12623028,0.18961788,0.90925549,-0.86367825,-0.29933125,-0.55503762,-0.64507694,-0.31148013,-0.74427219,-0.19293002,-0.76862838,-0.02980523,1.26351424,0.43639078,0.26715314,0.22474853,0.41785758,0.11540675,0.08885950,0.10792428,0.13979864,1.26351424,1.65216688,1.78870786,1.89401212,0.43639078,0.65957250,0.85131972,0.26715314,0.48158494,0.22474853,1.36663561,0.97564649,0.95850994,0.87561490,0.81399861
359,0.09776856,0.17650348,0.13150915,0.14700940,0.20087461,0.87042540,-0.78805722,-0.24527734,-0.50408112,-0.58358565,-0.32985355,-0.68125839,-0.20696067,-0.71426603,-0.04587125,1.16441852,0.40086506,0.24813421,0.21292388,0.35322466,0.06099035,0.09005479,0.11515663,0.14618794,1.16441852,1.52526830,1.66314712,1.77198609,0.40086506,0.61612724,0.79720857,0.24813421,0.45269888,0.21292388,1.27839388,0.88131547,0.86965468,0.79867029,0.75074328
360,0.09553900,0.18188752,0.14168454,0.16336865,0.17911770,0.79844093,-0.73358864,-0.14158616,-0.53556310,-0.50451613,-0.42972462,-0.61499417,-0.23587659,-0.66025430,0.00011943,0.98247711,0.39799211,0.28272802,0.26568731,0.32909795,0.12438214,0.09347668,0.12487308,0.15598454,0.98247711,1.34039981,1.50133539,1.64570600,0.39799211,0.63463683,0.85159999,0.28272802,0.53979982,0.26568731,1.17291018,0.85645850,0.84782068,0.74831197,0.70313170
361,0.10672408,0.15039809,0.13201952,0.14628471,0.14965826,0.81067419,-0.80018583,-0.10859685,-0.70252893,-0.50573567,-0.61231621,-0.63031507,-0.32523772,-0.67753144,-0.07236173,0.94641390,0.42674973,0.35411902,0.27931161,0.37102619,0.16835576,0.09629408,0.12197673,0.15540551,0.94641390,1.33187460,1.51993924,1.66859411,0.42674973,0.70747821,0.93938091,0.35411902,0.62963141,0.27931161,1.22707649,0.96937985,0.95563962,0.79806191,0.72824531
362,0.10875332,0.12860458,0.10079558,0.09062017,0.07519276,0.79357797,-0.87817136,-0.08856914,-0.89259473,-0.49520272,-0.83412470,-0.62461083,-0.52492859,-0.66133462,-0.22889562,0.90506454,0.42646869,0.36993344,0.31285294,0.37428120,0.19073811,0.09514571,0.11928058,0.15257969,0.90506454,1.29249064,1.46315448,1.60157566,0.42646869,0.70424913,0.94974271,0.36993344,0.67588404,0.31285294,1.26138529,1.10068674,1.10226024,0.89460025,0.75104625
363,0.10282228,0.11400433,0.07704059,0.07010581,0.04378847,0.73314859,-0.83319686,-0.07132238,-0.94294368,-0.43978003,-0.89942190,-0.57353281,-0.57717834,-0.62428155,-0.29494050,0.84207580,0.38576929,0.37906358,0.30089192,0.39097059,0.21654488,0.10008354,0.12687793,0.16160051,0.84207580,1.18067506,1.33187569,1.46530902,0.38576929,0.67114326,0.91905706,0.37906358,0.67579844,0.30089192,1.18698703,1.14426511,1.13688073,0.90251293,0.75254262
364,0.09730844,0.05113428,0.02889406,0.03744828,0.03574482,0.69792538,-0.86558344,-0.00733960,-1.07651670,-0.33251280,-1.10575170,-0.49922559,-0.86915811,-0.57223857,-0.48713809,0.77716897,0.33552260,0.31142351,0.39394192,0.42660524,0.25084261,0.10217859,0.13217612,0.16706583,0.77716897,1.07192139,1.19850737,1.32535657,0.33552260,0.56738991,0.85525476,0.31142351,0.68679042,0.39394192,1.16662170,1.23356900,1.26838894,1.08293413,0.82790509
365,0.09725775,0.05322127,0.02632995,0.03589257,0.04297587,0.64974908,-0.79674692,0.01991620,-1.13071993,-0.29903141,-1.22323046,-0.45661886,-0.98394704,-0.54200705,-0.55161129,0.74796129,0.33911366,0.29929748,0.44234650,0.34768034,0.28414931,0.10425410,0.13992643,0.17449448,0.74796129,1.05210847,1.12434591,1.21714981,0.33911366,0.52221614,0.82978979,0.29929748,0.72504332,0.44234650,1.06350503,1.23587538,1.33058397,1.13775773,0.83130793
366,0.10657228,0.04149775,0.02184608,0.03643187,0.04325147,0.63603099,-0.77865031,0.03825941,-1.19513915,-0.25814785,-1.31295423,-0.44174082,-1.09565412,-0.53318526,-0.63480970,0.76123267,0.32394689,0.29683438,0.47120802,0.36146656,0.23675626,0.10280454,0.14378564,0.17675714,0.76123267,1.05448758,1.12621820,1.17882465,0.32394689,0.51017858,0.81974618,0.29683438,0.74169669,0.47120802,1.04005141,1.29106796,1.40556472,1.23083707,0.88489873
367,0.10829910,0.04087934,0.02254785,0.03258378,0.04035139,0.62362406,-0.75974568,0.03418679,-1.24781004,-0.25669284,-1.37953905,-0.42127743,-1.16574925,-0.50976147,-0.70207440,0.79337762,0.32393507,0.28228964,0.47353181,0.35733219,0.22446164,0.10326266,0.14559562,0.17849723,0.79337762,1.08768699,1.12330263,1.13536820,0.32393507,0.48279960,0.79015989,0.28228964,0.73316850,0.47353181,1.01816016,1.33555255,1.46483072,1.28461911,0.91796096
368,0.10338573,0.03709159,0.02117382,0.03093721,0.03824507,0.60702044,-0.71992488,0.05034825,-1.26914104,-0.22468242,-1.42519436,-0.39331252,-1.21857036,-0.48549349,-0.75790014,0.80857335,0.31997913,0.27684222,0.47098246,0.34558341,0.19954544,0.10209095,0.14951052,0.18104131,0.80857335,1.10167347,1.12076305,1.09427685,0.31997913,0.46320494,0.75695223,0.27684222,0.72448146,0.47098246,0.97673108,1.35254656,1.50156781,1.32529130,0.95144245
369,0.09927106,0.03563530,0.01898301,0.02889822,0.03524992,0.58422754,-0.67087635,0.05437960,-1.27074991,-0.20465890,-1.44606137,-0.36157906,-1.22809302,-0.46010985,-0.76608299,0.82468111,0.31548112,0.27602533,0.47334765,0.34263470,0.21805032,0.10179973,0.15467108,0.18516568,0.82468111,1.11718380,1.10175559,1.05061932,0.31548112,0.43108191,0.73317971,0.27602533,0.73238757,0.47334765,0.92425895,1.34900108,1.51648304,1.32579750,0.94743321
370,0.09838797,0.03351792,0.01804316,0.02589311,0.03303461,0.56953173,-0.66412920,0.05684157,-1.30020061,-0.19452835,-1.46924357,-0.34523141,-1.25188512,-0.44196015,-0.78777798,0.83924536,0.30442725,0.27144274,0.47523825,0.33866751,0.21411124,0.10034281,0.15762656,0.18685506,0.83924536,1.12169237,1.09197689,1.02126540,0.30442725,0.41512077,0.72585114,0.27144274,0.73108822,0.47523825,0.90796116,1.37218325,1.53631890,1.34331208,0.95515416
371,0.10199926,0.03084347,0.01802749,0.02533929,0.03331782,0.56523509,-0.63133265,0.06841302,-1.30314698,-0.17758812,-1.47055412,-0.32664886,-1.25509114,-0.42370601,-0.79537317,0.85583885,0.29909170,0.26853448,0.47113950,0.33270805,0.19517358,0.09893913,0.15889871,0.18718373,0.85583885,1.13141000,1.09259338,1.00432370,0.29909170,0.40783018,0.71789535,0.26853448,0.72472196,0.47113950,0.88291427,1.37493827,1.53504858,1.34174584,0.95275244
372,0.10231538,0.03186638,0.01894375,0.02540970,0.03350923,0.56416680,-0.62785426,0.07760727,-1.30564561,-0.16645785,-1.47417519,-0.31674666,-1.26766663,-0.41401191,-0.81225495,0.85476730,0.29773382,0.26052460,0.46658089,0.32884307,0.19963184,0.09955604,0.15860240,0.18725951,0.85476730,1.12941590,1.09412222,0.99856901,0.29773382,0.40366368,0.70457521,0.26052460,0.71124777,0.46658089,0.87764111,1.37559304,1.53653947,1.35236262,0.96612570
373,0.10061696,0.03299818,0.01949501,0.02569599,0.03338525,0.56695807,-0.62712653,0.08898435,-1.29845806,-0.15099253,-1.47211065,-0.30690501,-1.26452273,-0.40929822,-0.80601694,0.84538458,0.29726476,0.26454976,0.47070036,0.33471663,0.20468360,0.09907478,0.15799510,0.18648931,0.84538458,1.12080325,1.08748024,0.99602602,0.29726476,0.40450448,0.70836833,0.26454976,0.71888384,0.47070036,0.87950739,1.37100839,1.53452981,1.34884270,0.96100448
374,0.10359771,0.03541026,0.02099546,0.02651720,0.03402955,0.56495084,-0.61412038,0.10099171,-1.27499291,-0.13493285,-1.45481086,-0.29432883,-1.25548751,-0.40001399,-0.79747830,0.83005737,0.29803065,0.26089757,0.47113718,0.34429559,0.20142370,0.09896638,0.15779401,0.18626136,0.83005737,1.10604982,1.07781483,0.98527126,0.29803065,0.40438986,0.70160164,0.26089757,0.71399260,0.47113718,0.87203463,1.35437278,1.51934073,1.33955114,0.95145668
375,0.10690567,0.03421162,0.02091561,0.02642226,0.03397276,0.57319208,-0.60351127,0.11667382,-1.28331713,-0.11889790,-1.46495869,-0.28489505,-1.26303980,-0.39519826,-0.81190573,0.84142909,0.29870698,0.26785770,0.46554939,0.35293746,0.18749171,0.09742999,0.15570382,0.18367440,0.84142909,1.11747913,1.08762544,0.99343362,0.29870698,0.41110436,0.70581315,0.26785770,0.71489527,0.46554939,0.87074088,1.36469385,1.52919521,1.34486785,0.96182975
376,0.10275090,0.03337434,0.01970837,0.02728108,0.03579564,0.57743473,-0.58849712,0.12365979,-1.28835416,-0.10825166,-1.46800942,-0.27146242,-1.26626381,-0.38743558,-0.81373644,0.85385379,0.29409128,0.26522472,0.46794021,0.33592939,0.19441198,0.09610696,0.15474840,0.18216371,0.85385379,1.12690386,1.09153827,0.99402847,0.29409128,0.40289064,0.70500568,0.26522472,0.71605591,0.46794021,0.86068909,1.36373092,1.52773678,1.34257153,0.95873044
377,0.10381759,0.03114319,0.01864154,0.02840761,0.03718514,0.58350647,-0.59336856,0.13807250,-1.29853323,-0.09534983,-1.47736855,-0.26313493,-1.27879889,-0.38258206,-0.82983792,0.85371764,0.29466786,0.26537469,0.46514757,0.33114268,0.19961029,0.09504235,0.15300037,0.18011708,0.85371764,1.12645767,1.09483904,0.99838883,0.29466786,0.40814946,0.70699344,0.26537469,0.71247491,0.46514757,0.86562089,1.37182560,1.53386760,1.35117075,0.96985651
378,0.10504469,0.03091957,0.01909436,0.02932602,0.03734104,0.58461485,-0.58435788,0.14972616,-1.28684252,-0.08304831,-1.46553998,-0.24679337,-1.26384078,-0.36853746,-0.82062928,0.84761761,0.29459671,0.26549613,0.46017436,0.33727845,0.19713516,0.09396702,0.15267094,0.17927135,0.84761761,1.11757093,1.07923875,0.98578493,0.29459671,0.40528234,0.70467338,0.26549613,0.70948006,0.46017436,0.85993777,1.36391619,1.52156973,1.33335344,0.95597108
379,0.10555781,0.03176538,0.02015311,0.03006586,0.03778773,0.59530585,-0.58774112,0.15876372,-1.30130308,-0.07398700,-1.49340157,-0.24339279,-1.28653893,-0.37004012,-0.83877189,0.85855746,0.30270578,0.27289541,0.46585733,0.35081528,0.19111570,0.09344580,0.14932089,0.17615007,0.85855746,1.13885585,1.09772279,1.00178350,0.30270578,0.40995181,0.70966496,0.27289541,0.72254410,0.46585733,0.87130045,1.38184833,1.55131591,1.35761654,0.97662855
380,0.10382023,0.02965184,0.01819637,0.03074071,0.03926199,0.58840388,-0.58486638,0.16546710,-1.29315633,-0.06512185,-1.48456078,-0.23240720,-1.27843634,-0.36159238,-0.83181951,0.84791002,0.30015110,0.26995998,0.46526164,0.33721640,0.20526135,0.09389784,0.14926677,0.17634448,0.84791002,1.12633425,1.08244419,0.98798037,0.30015110,0.40356400,0.70541581,0.26995998,0.72001491,0.46526164,0.85884593,1.36909056,1.53920011,1.34626469,0.96671683
381,0.10346004,0.03041381,0.01916601,0.03012828,0.03785620,0.59093585,-0.58825236,0.17131873,-1.30605768,-0.05997270,-1.49057328,-0.22959292,-1.28928102,-0.36100336,-0.84433994,0.85475164,0.29660184,0.26772401,0.46422077,0.34017774,0.20731508,0.09341707,0.14799147,0.17500921,0.85475164,1.12665219,1.08684865,0.99217764,0.29660184,0.40725581,0.70985830,0.26772401,0.71586142,0.46422077,0.86310857,1.38293116,1.54457549,1.35592536,0.97761911
382,0.10391781,0.02889444,0.01810143,0.03028934,0.03832864,0.60265392,-0.59789408,0.18264444,-1.31562161,-0.05111311,-1.50665989,-0.22118108,-1.30770319,-0.35898246,-0.85628011,0.85422018,0.30233123,0.26520735,0.47212176,0.33061060,0.20619562,0.09273421,0.14586857,0.17285044,0.85422018,1.13371655,1.09594700,1.00355925,0.30233123,0.40819884,0.71365307,0.26520735,0.72159256,0.47212176,0.87418942,1.38831562,1.55657548,1.37039296,0.98661390
383,0.10171782,0.02921815,0.01877639,0.03055236,0.03868830,0.60234182,-0.58339461,0.18814204,-1.29987969,-0.04521242,-1.49617032,-0.21873635,-1.29615416,-0.35417733,-0.85791475,0.85015004,0.30540912,0.26905007,0.45886779,0.33002341,0.19787937,0.09177504,0.14571875,0.17221096,0.85015004,1.13313237,1.09501282,1.00200210,0.30540912,0.41200660,0.70387168,0.26905007,0.71166961,0.45886779,0.86482630,1.37477243,1.54658781,1.35809276,0.98462959
384,0.10300451,0.02904567,0.01926340,0.03210665,0.04032803,0.61382642,-0.56962453,0.20569802,-1.27851179,-0.02528172,-1.46542717,-0.20032537,-1.27636421,-0.34657044,-0.84200251,0.83875749,0.29763007,0.26197843,0.45848319,0.33025310,0.18292128,0.09066204,0.14419757,0.17033069,0.83875749,1.11322536,1.08487610,1.00418061,0.29763007,0.41113196,0.70812213,0.26197843,0.70387455,0.45848319,0.86824671,1.35978985,1.51864798,1.33863692,0.97128045
385,0.10369976,0.03074503,0.02099676,0.03372582,0.04130325,0.62287618,-0.55808987,0.22275770,-1.26820162,-0.00698170,-1.45959174,-0.19143131,-1.27514466,-0.34388031,-0.84755214,0.83788297,0.29961220,0.26620932,0.45417027,0.34176794,0.17577965,0.09002948,0.14154622,0.16775172,0.83788297,1.11361587,1.09186687,1.01494021,0.29961220,0.42046599,0.71092906,0.26620932,0.70185153,0.45417027,0.86860995,1.35712790,1.51606360,1.33786666,0.97677447
386,0.10911761,0.03189949,0.02147894,0.03490841,0.04389917,0.62173302,-0.54802921,0.23415307,-1.23888091,0.00326156,-1.44811159,-0.18180627,-1.26390399,-0.33398944,-0.84762779,0.81535078,0.31227981,0.26680752,0.44342326,0.33712160,0.16445535,0.08878362,0.14089931,0.16653872,0.81535078,1.10561080,1.08257989,1.00698933,0.31227981,0.42350459,0.69553624,0.26680752,0.69207386,0.44342326,0.86092339,1.33089069,1.50379650,1.32417429,0.97147300
387,0.10420010,0.03239711,0.02090886,0.03364770,0.04447956,0.62071490,-0.54000893,0.23518435,-1.23877911,0.00649655,-1.44321336,-0.17024500,-1.26782291,-0.32481851,-0.83837509,0.81910417,0.30724543,0.25457135,0.45658753,0.32454764,0.17562837,0.08848628,0.14097198,0.16644195,0.81910417,1.10493983,1.08088101,0.99667334,0.30724543,0.41254394,0.69340165,0.25457135,0.69272938,0.45658753,0.85369035,1.32658320,1.49622089,1.32405180,0.95750409
388,0.10710945,0.03396600,0.02096013,0.03286760,0.04379074,0.63136343,-0.54289491,0.24328044,-1.25292474,0.01240206,-1.47312507,-0.16681625,-1.29001001,-0.32245771,-0.85441787,0.83132078,0.31981485,0.26095656,0.46269997,0.32714300,0.17555634,0.08858253,0.13917826,0.16497713,0.83132078,1.12997614,1.09974861,1.00918037,0.31981485,0.41794532,0.69694160,0.26095656,0.70612821,0.46269997,0.86082572,1.34024576,1.52312649,1.34379413,0.96972970
389,0.10855361,0.03351841,0.02154681,0.03313849,0.04380380,0.62954781,-0.54557920,0.25034382,-1.25418034,0.02140700,-1.47557874,-0.15754039,-1.29019926,-0.31407437,-0.85372580,0.82806754,0.31904694,0.26205360,0.46376703,0.32963521,0.18251363,0.08785773,0.13921460,0.16461982,0.82806754,1.12574177,1.09158723,1.00042737,0.31904694,0.41488635,0.69610661,0.26205360,0.70879384,0.46376703,0.85882290,1.34249842,1.52620034,1.34387795,0.96876557
390,0.11159264,0.03458930,0.02191967,0.03282443,0.04360110,0.63003583,-0.54656951,0.25518024,-1.27311187,0.02687606,-1.49429532,-0.15521680,-1.30646764,-0.31360435,-0.86883775,0.84339138,0.31859966,0.26606248,0.46553635,0.33993927,0.17574158,0.08774233,0.13798901,0.16352274,0.84339138,1.13863064,1.10131637,1.00513004,0.31859966,0.41765252,0.70248381,0.26606248,0.71459465,0.46553635,0.86047139,1.36426706,1.54642165,1.36108483,0.98355710
391,0.11105267,0.03496113,0.02268350,0.03378934,0.04380564,0.62469845,-0.53264275,0.25396732,-1.28023196,0.03274993,-1.49429437,-0.15237553,-1.30441788,-0.31007079,-0.86844023,0.85997854,0.30877067,0.27006131,0.46376930,0.34415580,0.17296917,0.08737989,0.13845324,0.16372094,0.85997854,1.14410571,1.10322721,1.00060227,0.30877067,0.41394021,0.70374676,0.27006131,0.71635481,0.46376930,0.84982575,1.37343151,1.54816118,1.35975379,0.98305949
392,0.11145671,0.03564906,0.02379995,0.03553063,0.04605072,0.62804257,-0.53877274,0.25610119,-1.27160875,0.03930715,-1.49276218,-0.14360450,-1.29758865,-0.30473076,-0.85723645,0.84911180,0.31065967,0.27272236,0.46903955,0.35996178,0.17084486,0.08731757,0.13898973,0.16414172,0.84911180,1.13685455,1.09073210,0.99348527,0.31065967,0.40801464,0.70295547,0.27272236,0.72553784,0.46903955,0.85810895,1.36998820,1.55021454,1.35506212,0.97545528
393,0.10915001,0.03391487,0.02281077,0.03586287,0.04518266,0.63808788,-0.52886366,0.25889119,-1.27712516,0.04440376,-1.49499314,-0.14301932,-1.30936258,-0.30250781,-0.87364311,0.86343837,0.30600726,0.26795061,0.46405516,0.34790989,0.18141060,0.08703851,0.13742983,0.16267348,0.86343837,1.15002443,1.11363936,1.01109590,0.30600726,0.40764568,0.69466022,0.26795061,0.71373483,0.46405516,0.85700611,1.36995664,1.55076035,1.36617781,0.99035358
394,0.10893987,0.03451236,0.02392607,0.03663662,0.04567146,0.64537246,-0.53295129,0.26638117,-1.27645165,0.04999912,-1.49288158,-0.13559374,-1.30799214,-0.29743514,-0.87686516,0.86033922,0.30619218,0.26673567,0.46059544,0.35852804,0.17745181,0.08691458,0.13693169,0.16218641,0.86033922,1.14708392,1.11037785,1.01332792,0.30619218,0.40760701,0.69448494,0.26673567,0.70973000,0.46059544,0.86664139,1.37426579,1.55285087,1.36722079,0.99529192
395,0.11048201,0.03372800,0.02200993,0.03465629,0.04444481,0.65824587,-0.56039245,0.27092194,-1.28570866,0.05669081,-1.50156121,-0.12950864,-1.31268725,-0.29270593,-0.87625378,0.84824984,0.30447710,0.26953671,0.46603285,0.35002818,0.17131515,0.08684381,0.13617989,0.16151411,0.84824984,1.13364137,1.09895069,1.01131388,0.30447710,0.40622575,0.70033781,0.26953671,0.71855910,0.46603285,0.89058943,1.38018345,1.55694456,1.36720460,0.98818431
396,0.11120926,0.03225549,0.02043146,0.03422088,0.04447590,0.65377549,-0.54961979,0.27312264,-1.28696452,0.05758614,-1.50127096,-0.12626179,-1.31506876,-0.28675796,-0.88285385,0.85176633,0.30433545,0.26604894,0.46115451,0.33193456,0.16144877,0.08645539,0.13628528,0.16139458,0.85176633,1.13680937,1.10042652,1.00489079,0.30433545,0.40537003,0.69435497,0.26604894,0.71017867,0.46115451,0.88137097,1.37793939,1.55325499,1.36573106,0.98736499
397,0.11392427,0.03323164,0.02262045,0.03648380,0.04740147,0.64991619,-0.52951631,0.27463942,-1.26319607,0.06387424,-1.47731175,-0.12181735,-1.29570866,-0.28132986,-0.86415690,0.84827464,0.30121834,0.26475939,0.46019394,0.35297992,0.15649057,0.08610469,0.13721726,0.16199566,0.84827464,1.12871764,1.09501702,0.99659936,0.30121834,0.40441439,0.68933718,0.26475939,0.70630836,0.46019394,0.86997813,1.36351467,1.53504797,1.35050260,0.97419218
398,0.11353975,0.03191411,0.02139294,0.03417160,0.04550326,0.65626217,-0.53352488,0.28437949,-1.26688495,0.07226915,-1.48942954,-0.11899990,-1.31111567,-0.28251411,-0.88042814,0.84560640,0.30796409,0.26614924,0.46077162,0.34644576,0.15687797,0.08593292,0.13583520,0.16073478,0.84560640,1.13443758,1.10567235,1.00807231,0.30796409,0.41138631,0.69035446,0.26614924,0.70723976,0.46077162,0.87446077,1.36448931,1.54427523,1.36272364,0.98616084
399,0.11296970,0.03054797,0.01980168,0.03310065,0.04573096,0.65274256,-0.54410915,0.28472018,-1.28142030,0.07322299,-1.50363000,-0.11739767,-1.33182968,-0.28017887,-0.89317339,0.84713989,0.30712768,0.26008079,0.46793415,0.33490431,0.16124048,0.08572580,0.13562026,0.16044241,0.84713989,1.13556344,1.11041538,1.00486865,0.30712768,0.40927060,0.68842096,0.26008079,0.70707534,0.46793415,0.87537234,1.37417961,1.55554251,1.38189734,0.99683900
400,0.11620923,0.02899744,0.01861367,0.03276741,0.04576815,0.64394114,-0.53346899,0.28042423,-1.27585035,0.07171552,-1.48953000,-0.11433925,-1.31078759,-0.27404387,-0.88134009,0.84964340,0.29899574,0.26083068,0.45821655,0.32512158,0.16171794,0.08505497,0.13758645,0.16175408,0.84964340,1.12916744,1.09552606,0.99150210,0.29899574,0.39966816,0.68290782,0.26083068,0.70098137,0.45821655,0.85975289,1.36510473,1.53963087,1.36014310,0.98324167
401,0.11817620,0.02759062,0.01720482,0.03052810,0.04347146,0.63621398,-0.53479956,0.28013409,-1.28158225,0.07010729,-1.49017607,-0.11590914,-1.31977839,-0.27252606,-0.88697802,0.85071408,0.29641452,0.25473909,0.46030475,0.32160780,0.15336323,0.08426142,0.13852225,0.16213699,0.85071408,1.12542143,1.09706465,0.98477945,0.29641452,0.40112046,0.68145099,0.25473909,0.69495125,0.46030475,0.85360077,1.36934330,1.53876992,1.36823168,0.98679995
402,0.11581784,0.02678089,0.01813893,0.03049073,0.04301775,0.63461758,-0.53283478,0.28918239,-1.31474666,0.07883434,-1.51278509,-0.11421847,-1.35211151,-0.26879325,-0.90561846,0.87830490,0.28936411,0.25382498,0.47255273,0.33092390,0.14217864,0.08390602,0.13767469,0.16122823,0.87830490,1.14174838,1.11987379,0.98746252,0.28936411,0.40857212,0.69453530,0.25382498,0.70103223,0.47255273,0.85232130,1.40470432,1.56298376,1.40091997,1.00425699
403,0.11354354,0.02564156,0.01636254,0.02879325,0.04084854,0.62177483,-0.52893060,0.28292962,-1.31480244,0.07701052,-1.50990223,-0.11529747,-1.34837885,-0.26567478,-0.89989352,0.87863508,0.28376878,0.25293719,0.47306993,0.31608116,0.16336869,0.08400354,0.13985820,0.16314690,0.87863508,1.13828240,1.11390145,0.97422789,0.28376878,0.40141508,0.68925600,0.25293719,0.70063184,0.47306993,0.83663687,1.39816513,1.55758672,1.39646869,0.99731398
404,0.10739120,0.02600467,0.01620291,0.02785939,0.04045970,0.60835258,-0.51590673,0.27458892,-1.31054839,0.06563419,-1.50411655,-0.12257564,-1.32853112,-0.26328619,-0.89098808,0.88447795,0.28492918,0.25950725,0.45971159,0.30487371,0.16735587,0.08319241,0.14164975,0.16427303,0.88447795,1.14354123,1.10438011,0.96049325,0.28492918,0.39961593,0.68398354,0.25950725,0.69708590,0.45971159,0.81600164,1.38936631,1.54876949,1.37445363,0.98288307
405,0.10796206,0.02624177,0.01619977,0.02935301,0.04134031,0.59934159,-0.53626687,0.26010500,-1.30029898,0.05562236,-1.49784405,-0.12749884,-1.32125969,-0.26503590,-0.87815327,0.85999253,0.28438746,0.25665394,0.46407904,0.31338652,0.17903952,0.08448038,0.14375865,0.16674376,0.85999253,1.12184601,1.08196156,0.94174820,0.28438746,0.39025083,0.67568624,0.25665394,0.69915357,0.46407904,0.82331721,1.37891713,1.54432048,1.36972552,0.97395928
406,0.10794584,0.02626900,0.01655405,0.02961738,0.04000890,0.59617634,-0.53971589,0.25201056,-1.30950744,0.04206242,-1.51444459,-0.13435047,-1.32696713,-0.26956949,-0.88855764,0.86775554,0.29343683,0.25981262,0.45892510,0.31765681,0.18742107,0.08514748,0.14428356,0.16753459,0.86775554,1.13884999,1.08650305,0.94588892,0.29343683,0.38885793,0.67223816,0.25981262,0.70070910,0.45892510,0.82415772,1.38805285,1.56193949,1.37760073,0.98666291
407,0.10764591,0.02572940,0.01548151,0.02941497,0.03976188,0.58476102,-0.54219296,0.24024520,-1.30718222,0.02750206,-1.51723752,-0.14585932,-1.32849711,-0.27806803,-0.88606111,0.86164504,0.29900803,0.25843447,0.46187619,0.30852716,0.18941818,0.08554315,0.14476257,0.16814824,0.86164504,1.13926511,1.08494192,0.94056462,0.29900803,0.38856719,0.66956077,0.25843447,0.70259407,0.46187619,0.81761784,1.38145539,1.56242007,1.37872364,0.98510096
408,0.10708695,0.02592286,0.01589255,0.03022341,0.03947661,0.57310906,-0.56594237,0.22685791,-1.31404054,0.01291909,-1.52477238,-0.16015949,-1.33255171,-0.28844017,-0.89824208,0.84747105,0.30032822,0.26110883,0.45296414,0.31318462,0.19673910,0.08716055,0.14458928,0.16882838,0.84747105,1.12699846,1.07232733,0.93500564,0.30032822,0.38952638,0.66400749,0.26110883,0.69672397,0.45296414,0.82603181,1.38653833,1.57038213,1.38449512,0.99948208
409,0.10575940,0.02519984,0.01574279,0.02938800,0.04105661,0.55609138,-0.54632336,0.20395215,-1.29437333,-0.00779412,-1.48846697,-0.18266890,-1.30013861,-0.29906973,-0.86187404,0.84815362,0.28736823,0.25968069,0.45364028,0.30026329,0.19938454,0.08726390,0.14708673,0.17102483,0.84815362,1.11276859,1.06517173,0.92083832,0.28736823,0.38935362,0.66596569,0.25968069,0.69279491,0.45364028,0.80060853,1.36200398,1.53213288,1.35274601,0.96450399
410,0.10304578,0.02545647,0.01617142,0.02794714,0.04003024,0.54880793,-0.52568434,0.18508035,-1.25893449,-0.03557861,-1.46219291,-0.20153507,-1.28199762,-0.31482108,-0.84160957,0.83782548,0.30045399,0.24774006,0.45497907,0.28320256,0.18016675,0.08619622,0.14944883,0.17252461,0.83782548,1.11577900,1.07275098,0.92620228,0.30045399,0.39095307,0.65479144,0.24774006,0.68250660,0.45497907,0.78276649,1.32418630,1.50394040,1.33499371,0.94668485
411,0.10239067,0.02644012,0.01682766,0.02939110,0.04036972,0.55434301,-0.55161307,0.16884470,-1.27455045,-0.06480786,-1.48411605,-0.22676417,-1.29534439,-0.32768450,-0.85746235,0.84058201,0.31418915,0.25227871,0.44973486,0.29785248,0.18411099,0.08647613,0.14892962,0.17221543,0.84058201,1.13273137,1.08653531,0.94038627,0.31418915,0.40015767,0.65276050,0.25227871,0.68224714,0.44973486,0.80620918,1.34178429,1.53083199,1.35520249,0.96860046
412,0.10169616,0.02682160,0.01733766,0.02976532,0.04012730,0.55439489,-0.55186820,0.16225198,-1.27737322,-0.07232327,-1.49174978,-0.23497089,-1.28982347,-0.33135932,-0.85417601,0.84534210,0.31814441,0.26292844,0.44669166,0.30221843,0.18489402,0.08564217,0.14843771,0.17137192,0.84534210,1.14244807,1.08800174,0.94184585,0.31814441,0.40175698,0.65511762,0.26292844,0.69124222,0.44669166,0.80909398,1.34608575,1.54037061,1.35279483,0.96791382
413,0.10130668,0.02827254,0.01698853,0.03028007,0.03968917,0.56054468,-0.54916775,0.15409410,-1.26605367,-0.08709428,-1.47920926,-0.24334899,-1.27878794,-0.34194348,-0.84236588,0.84362252,0.32241274,0.25813539,0.44811646,0.30141199,0.17995816,0.08544263,0.14713740,0.17014657,0.84362252,1.14483379,1.09188208,0.95334297,0.32241274,0.40273090,0.65836309,0.25813539,0.68952959,0.44811646,0.81323789,1.33484576,1.52858658,1.34294704,0.95897564
414,0.10774654,0.02815464,0.01743567,0.02854569,0.03954863,0.56353891,-0.53925978,0.14134396,-1.26508901,-0.09978905,-1.47053142,-0.26171273,-1.26457386,-0.35452095,-0.82399554,0.85771730,0.31785543,0.26699176,0.45128287,0.31007066,0.15893833,0.08536285,0.14630616,0.16938804,0.85771730,1.15300805,1.10299971,0.96352333,0.31785543,0.41044610,0.67240464,0.26699176,0.69972946,0.45128287,0.81381188,1.33648040,1.52237104,1.33276909,0.94555737
415,0.11012118,0.02893027,0.01795840,0.02933890,0.03953115,0.57272221,-0.54877473,0.13410821,-1.26631055,-0.11480756,-1.47036777,-0.27211048,-1.26006121,-0.36331101,-0.82571211,0.85900764,0.32309263,0.26859198,0.44507393,0.30963894,0.14259894,0.08493668,0.14463028,0.16772644,0.85900764,1.15915087,1.10810347,0.97782196,0.32309263,0.41494203,0.67485246,0.26859198,0.69668887,0.44507393,0.82825430,1.33884532,1.52436257,1.33045088,0.94933740
416,0.10895728,0.02843599,0.01872370,0.02990917,0.04049006,0.57760556,-0.54803830,0.12684883,-1.26039997,-0.12389076,-1.46354071,-0.28531228,-1.26335526,-0.37916337,-0.82246896,0.86133215,0.32343670,0.26233756,0.45176944,0.30393131,0.15312539,0.08489472,0.14351136,0.16674119,0.86133215,1.16372877,1.12558482,0.99802312,0.32343670,0.41870086,0.67719994,0.26233756,0.69487951,0.45176944,0.82811693,1.32974718,1.51778814,1.33673257,0.95424928
417,0.11059358,0.02785326,0.01862085,0.02953494,0.03999671,0.57765643,-0.54782658,0.11958763,-1.25437496,-0.13602145,-1.46474569,-0.29266326,-1.26314949,-0.38473790,-0.82371524,0.85976362,0.33176417,0.26077130,0.45023793,0.30635072,0.14461133,0.08480695,0.14279551,0.16608063,0.85976362,1.17180798,1.13087834,1.00326781,0.33176417,0.41910053,0.67202032,0.26077130,0.69304901,0.45023793,0.82908304,1.32358697,1.52016835,1.33798836,0.95626434
418,0.11200747,0.02907332,0.01943919,0.03000227,0.04018759,0.58043123,-0.55309875,0.10584949,-1.25051501,-0.14601633,-1.46454869,-0.30484896,-1.26378342,-0.40009189,-0.81920054,0.86176490,0.33146545,0.26170591,0.45573387,0.31290691,0.15094263,0.08539553,0.14150380,0.16527469,0.86176490,1.17529655,1.13937119,1.01811198,0.33146545,0.41849749,0.67394649,0.26170591,0.69881008,0.45573387,0.83604258,1.32122365,1.52212768,1.34219390,0.96060557
419,0.11228316,0.02936938,0.01866534,0.03072918,0.03909616,0.57254564,-0.54562419,0.09285080,-1.23587746,-0.16266922,-1.45332533,-0.32406893,-1.24749095,-0.41130958,-0.81776085,0.86039300,0.33668309,0.26829514,0.43986753,0.32174457,0.14632750,0.08501670,0.14196632,0.16547591,0.86039300,1.17842974,1.14269190,1.02263511,0.33668309,0.42619363,0.66631264,0.26829514,0.68896859,0.43986753,0.82755802,1.31092843,1.51592570,1.33287573,0.96480362
420,0.11444536,0.02947201,0.01813438,0.02992557,0.03874194,0.56682485,-0.55011483,0.07293371,-1.22887313,-0.18293310,-1.44461389,-0.34290920,-1.24849370,-0.42360140,-0.81643463,0.85708145,0.33575032,0.25945054,0.44091876,0.30606324,0.13364084,0.08373041,0.14257689,0.16534495,0.85708145,1.17629319,1.15035020,1.02703989,0.33575032,0.42466662,0.65633249,0.25945054,0.67897398,0.44091876,0.82573977,1.29870237,1.50669240,1.33609395,0.96590719
421,0.11671118,0.03121245,0.01896124,0.02863365,0.03779394,0.55974203,-0.52048959,0.05175461,-1.20611144,-0.20076120,-1.41110701,-0.35773184,-1.22057560,-0.42496247,-0.80137591,0.86711584,0.32703514,0.25508276,0.42634310,0.30199944,0.11774521,0.08274934,0.14302342,0.16523665,0.86711584,1.17727215,1.15541839,1.02412035,0.32703514,0.42138081,0.64026000,0.25508276,0.65779316,0.42634310,0.81030839,1.27924407,1.47746133,1.31274127,0.95105220
422,0.12018462,0.03210190,0.01881321,0.02949961,0.03767488,0.55836941,-0.51847385,0.03709819,-1.19875114,-0.21904487,-1.40747060,-0.37636541,-1.21835084,-0.44419789,-0.79697118,0.87126789,0.33229617,0.25411449,0.42863846,0.30795804,0.12570070,0.08217959,0.14174259,0.16384275,0.87126789,1.18720722,1.16914604,1.04068935,0.33229617,0.42560829,0.64210017,0.25411449,0.65884510,0.42863846,0.80727128,1.27190222,1.47635981,1.31579446,0.95583717
423,0.12026425,0.03374927,0.01955674,0.02940558,0.03810684,0.56003978,-0.51714822,0.03361065,-1.18611879,-0.22135148,-1.39353868,-0.37879359,-1.21039293,-0.45036503,-0.78998107,0.86526491,0.33055850,0.25052358,0.42857757,0.30982209,0.10619118,0.08080139,0.14090153,0.16242570,0.86526491,1.18024895,1.16825982,1.04664705,0.33055850,0.42547294,0.64186421,0.25052358,0.65470254,0.42857757,0.80980760,1.26154152,1.46475130,1.30964705,0.95266018
424,0.11909603,0.03534194,0.02018786,0.03028072,0.03889705,0.56464974,-0.51827467,0.03609331,-1.17232561,-0.21725069,-1.38311533,-0.37864990,-1.19980064,-0.45015208,-0.78345035,0.85549428,0.33152622,0.25326468,0.42442994,0.31062667,0.10034395,0.08041686,0.13968568,0.16117991,0.85549428,1.17218450,1.16500373,1.04895961,0.33152622,0.42821784,0.63905079,0.25326468,0.65230687,0.42442994,0.81356426,1.24924255,1.45448078,1.29995630,0.94777757
425,0.11642569,0.03856767,0.02220012,0.03062877,0.04008138,0.55977219,-0.51501255,0.03530678,-1.15061739,-0.22449140,-1.35788687,-0.38282346,-1.17816197,-0.45300808,-0.76506365,0.84025288,0.33477143,0.24939087,0.42106319,0.31636570,0.10518372,0.08014698,0.13914960,0.16058066,0.84025288,1.15796651,1.15378909,1.04327417,0.33477143,0.43315000,0.64026565,0.24939087,0.64495111,0.42106319,0.80784534,1.23106805,1.43218384,1.28113625,0.93373945
426,0.12198127,0.04060631,0.02410731,0.02982364,0.03903927,0.56392666,-0.50926197,0.02699841,-1.11934108,-0.23390716,-1.32901712,-0.38979033,-1.15162158,-0.45747958,-0.76209464,0.82767735,0.33743952,0.24653283,0.39732206,0.30351308,0.09226848,0.07876429,0.13827811,0.15913720,0.82767735,1.14957427,1.15068038,1.05224014,0.33743952,0.43318513,0.62107685,0.24653283,0.61929272,0.39732206,0.80693080,1.19880240,1.40344524,1.25588938,0.93054649
427,0.12239780,0.04180745,0.02345856,0.03126919,0.03938853,0.56576123,-0.50266239,0.02396317,-1.10674946,-0.24094470,-1.31717835,-0.39915716,-1.13831879,-0.46545380,-0.75217722,0.82719040,0.34239390,0.25202310,0.39440844,0.32122811,0.06633124,0.07778536,0.13665888,0.15724571,0.82719040,1.15145284,1.15579857,1.06112639,0.34239390,0.44473749,0.63020870,0.25202310,0.62088018,0.39440844,0.81175767,1.19654329,1.39791717,1.24821836,0.92645565
428,0.12611822,0.04305942,0.02340705,0.03292457,0.04097182,0.57595052,-0.49069878,0.02518406,-1.10103530,-0.24290857,-1.31266201,-0.40310428,-1.13328527,-0.46576764,-0.75164168,0.83680578,0.34606037,0.25601021,0.39005729,0.32888624,0.04372361,0.07719848,0.13475745,0.15530349,0.83680578,1.16458401,1.17116530,1.07457212,0.34606037,0.45281567,0.63307018,0.25601021,0.61933066,0.39005729,0.81840944,1.19666874,1.39720378,1.24588587,0.92573283
429,0.12426394,0.04637330,0.02606648,0.03276429,0.03971708,0.57607065,-0.47693429,0.01901787,-1.08220499,-0.25259476,-1.28875713,-0.40602541,-1.10848985,-0.46623129,-0.73692471,0.83786877,0.34693215,0.25467784,0.38031861,0.33183735,0.04678217,0.07791342,0.13457207,0.15549966,0.83786877,1.16407757,1.16763962,1.07548179,0.34693215,0.45372941,0.63181370,0.25467784,0.61004559,0.38031861,0.81415808,1.18444481,1.37830858,1.22428218,0.91288719
430,0.12687699,0.04591449,0.02443766,0.03353181,0.03984726,0.57670779,-0.48694749,0.00815139,-1.08605710,-0.26439213,-1.29534058,-0.41831283,-1.11270314,-0.47997018,-0.74090225,0.84209950,0.35010086,0.25814590,0.38107955,0.34214555,0.02859876,0.07717374,0.13353256,0.15422947,0.84209950,1.17063325,1.17543048,1.08827259,0.35010086,0.45802883,0.63749734,0.25814590,0.61457599,0.38107955,0.82397213,1.19341661,1.38948295,1.23360491,0.92410653
431,0.12881375,0.04941186,0.02489369,0.03408467,0.03639636,0.57885738,-0.47851079,-0.00779888,-1.07292636,-0.28069826,-1.28949450,-0.43325047,-1.10851459,-0.49534677,-0.74271304,0.85169018,0.35681346,0.25888065,0.37620378,0.34890624,-0.00275177,0.07604077,0.13281661,0.15304395,0.85169018,1.18516377,1.19226274,1.10890080,0.35681346,0.46408038,0.63742754,0.25888065,0.61068191,0.37620378,0.82635265,1.18871008,1.38940925,1.23500660,0.93198585
432,0.13355326,0.04993993,0.02576733,0.03258031,0.03620888,0.57066296,-0.46803550,-0.02764686,-1.05926498,-0.29942505,-1.28801159,-0.44615520,-1.09881219,-0.49979840,-0.73532133,0.85635725,0.36454043,0.26179302,0.37237461,0.33290857,-0.00623774,0.07533088,0.13408300,0.15379529,0.85635725,1.19817678,1.19688344,1.10679401,0.36454043,0.46038910,0.62408762,0.26179302,0.61097861,0.37237461,0.81232202,1.17168175,1.38690130,1.22636495,0.92406668
433,0.13247587,0.04623144,0.02388130,0.03094342,0.03520794,0.55523678,-0.47923937,-0.04366260,-1.07232724,-0.32092599,-1.29521172,-0.46621033,-1.11009686,-0.51169440,-0.74465498,0.85929824,0.36480970,0.25808436,0.37362966,0.34274395,-0.01699906,0.07417235,0.13470913,0.15377934,0.85929824,1.20038900,1.20071630,1.10255546,0.36480970,0.46354366,0.62360548,0.25808436,0.60671002,0.37362966,0.80665564,1.18523128,1.39956071,1.24483851,0.93828391
434,0.13565077,0.04519455,0.02410671,0.03181496,0.03413154,0.55582573,-0.48909034,-0.05665002,-1.07048858,-0.33145785,-1.28620029,-0.47758840,-1.10049436,-0.51582227,-0.74507309,0.85949768,0.35863000,0.26140917,0.36404389,0.34306276,-0.04254842,0.07412543,0.13471383,0.15376083,0.85949768,1.19536059,1.20118204,1.10648104,0.35863000,0.46396193,0.62064489,0.26140917,0.59953210,0.36404389,0.81868470,1.18685156,1.39558611,1.24072498,0.93945137
435,0.13477143,0.04358839,0.02546850,0.03273300,0.03678177,0.55224922,-0.48302215,-0.06361084,-1.05979865,-0.34111586,-1.27175169,-0.48750346,-1.07892810,-0.51728485,-0.72180346,0.85858273,0.35871961,0.26828146,0.36552880,0.35002283,-0.05806137,0.07338369,0.13490725,0.15357452,0.85858273,1.19418120,1.19904465,1.10147051,0.35871961,0.46813823,0.62676255,0.26828146,0.60719076,0.36552880,0.81647233,1.18090069,1.38666237,1.22624680,0.92180261
436,0.13524277,0.04217442,0.02522386,0.03269645,0.03661889,0.55096490,-0.48319742,-0.07622459,-1.05916898,-0.35401934,-1.26668856,-0.50060997,-1.07913262,-0.52891311,-0.72510356,0.86614946,0.35695069,0.26602519,0.36274827,0.36142096,-0.08370348,0.07210030,0.13368965,0.15189265,0.86614946,1.19928668,1.20953603,1.11300609,0.35695069,0.47107267,0.62723553,0.26602519,0.60082140,0.36274827,0.82141220,1.18659663,1.38839536,1.23345677,0.93226770
437,0.13666986,0.04261204,0.02416456,0.03259045,0.03558703,0.54752033,-0.46642025,-0.08727142,-1.05317496,-0.36628703,-1.26701352,-0.51107306,-1.08686908,-0.53887300,-0.73254368,0.87958850,0.36412693,0.26524873,0.36492978,0.39304081,-0.14216365,0.07120160,0.13293314,0.15080082,0.87958850,1.21678707,1.22861045,1.12791102,0.36412693,0.48105017,0.63367202,0.26524873,0.60066017,0.36492978,0.82232462,1.19655215,1.39889061,1.24717591,0.94401958
438,0.13544314,0.04136574,0.02152878,0.03118827,0.03406793,0.54557292,-0.44623785,-0.08854238,-1.04272133,-0.37301299,-1.26015878,-0.51833752,-1.08046932,-0.55012415,-0.73047589,0.88542674,0.37161520,0.26429741,0.36004613,0.39645885,-0.13584607,0.07095470,0.13288752,0.15064415,0.88542674,1.22886768,1.24037818,1.14114789,0.37161520,0.48785561,0.63575691,0.26429741,0.59546798,0.36004613,0.80829381,1.18556594,1.39163231,1.24283558,0.94833046
439,0.13619240,0.03822429,0.02033738,0.03321199,0.03470618,0.56423048,-0.45443535,-0.07754189,-1.07238168,-0.37008459,-1.28124361,-0.51611517,-1.10703516,-0.55775476,-0.75453502,0.90524321,0.37229796,0.26004978,0.36256085,0.40091135,-0.12372878,0.07160861,0.13009622,0.14850191,0.90524321,1.24923345,1.26371751,1.16944699,0.37229796,0.49334936,0.64802187,0.26004978,0.59390263,0.36256085,0.82719157,1.21211343,1.41160415,1.26690787,0.97432784
440,0.13220117,0.04180546,0.02070736,0.03175332,0.03590013,0.58204751,-0.46935936,-0.05973657,-1.07894646,-0.35391324,-1.28313759,-0.49476065,-1.11210181,-0.54714938,-0.75389977,0.89970232,0.36774307,0.25152049,0.36899771,0.38792982,-0.08162121,0.07198084,0.12827539,0.14709118,0.89970232,1.24268498,1.25473438,1.16996353,0.36774307,0.48108090,0.64683609,0.25152049,0.59474623,0.36899771,0.83844264,1.20825346,1.40727538,1.26320356,0.96885948
441,0.13234992,0.04301061,0.01981950,0.03116672,0.03421715,0.60299099,-0.48773717,-0.03151948,-1.08815143,-0.33234985,-1.30105288,-0.47798046,-1.13396581,-0.54266358,-0.77577847,0.88944666,0.37716043,0.24845494,0.37019585,0.37579839,-0.05085838,0.07167002,0.12544109,0.14447166,0.88944666,1.24255913,1.25965778,1.18493246,0.37716043,0.48831349,0.65301361,0.24845494,0.59369885,0.37019585,0.85358868,1.20812456,1.41426008,1.27445781,0.98284857
442,0.13087418,0.04644351,0.01985401,0.03475799,0.03814288,0.64915288,-0.49200640,0.02522750,-1.08543132,-0.26778210,-1.31710060,-0.43717198,-1.16303426,-0.51605974,-0.80754107,0.87622347,0.38022588,0.25016481,0.36860453,0.35414700,-0.01142382,0.07242249,0.12011916,0.14026272,0.87622347,1.23688052,1.27689894,1.20902197,0.38022588,0.49935056,0.65011635,0.25016481,0.58842283,0.36860453,0.87789784,1.19106686,1.40775358,1.28251774,0.99319154
443,0.11785305,0.05228111,0.01993806,0.03174285,0.03435759,0.73219414,-0.51610375,0.10946886,-1.09158211,-0.18700338,-1.33844423,-0.37713814,-1.21333049,-0.48663954,-0.85065609,0.86986407,0.39046480,0.24682879,0.38280620,0.36871189,0.03578839,0.07421773,0.11156351,0.13399510,0.86986407,1.24060911,1.31080966,1.26402226,0.39046480,0.52521996,0.67658085,0.24682879,0.59190164,0.38280620,0.95119037,1.21149915,1.42559521,1.32014095,1.02589375
444,0.10723655,0.05641236,0.02515743,0.04135716,0.04898740,0.84018530,-0.55447928,0.24667068,-1.11790398,-0.04047670,-1.38162629,-0.27020729,-1.26890704,-0.43288284,-0.91448867,0.85493673,0.39396956,0.26924434,0.39092907,0.42045393,0.11148522,0.07348965,0.10102161,0.12492435,0.85493673,1.22316255,1.32470142,1.32538775,0.39396956,0.55648059,0.72891315,0.26924434,0.62011793,0.39092907,1.04253093,1.25675643,1.45735096,1.35134816,1.07085081
445,0.11087636,0.05483665,0.02877560,0.04031067,0.04789803,0.95789119,-0.52646945,0.40764680,-1.12167677,0.09431307,-1.38679733,-0.14828085,-1.30142642,-0.36739627,-0.95420998,0.85758749,0.41403243,0.27152895,0.41068847,0.44191462,0.06210487,0.07439500,0.09139026,0.11784225,0.85758749,1.23969894,1.35770806,1.39855276,0.41403243,0.60115000,0.80721320,0.27152895,0.64006280,0.41068847,1.11887957,1.30146923,1.46563896,1.36319967,1.08668107
446,0.12124838,0.06484007,0.02668869,0.03938133,0.04707213,1.09186692,-0.51085388,0.52318321,-1.16027940,0.21298599,-1.46174252,-0.05397689,-1.34569018,-0.31341353,-1.00789742,0.91678027,0.43594430,0.30407011,0.42595800,0.45092109,0.02904834,0.07371268,0.08384068,0.11163699,0.91678027,1.31961568,1.42747022,1.49928803,0.43594430,0.62265132,0.86306146,0.30407011,0.70126079,0.42595800,1.22839134,1.38454706,1.55655075,1.40572920,1.12785744
447,0.12954779,0.06186858,0.03073125,0.04706148,0.05858197,1.04094285,-0.41967528,0.52829090,-1.13408415,0.24218428,-1.36499970,-0.03078119,-1.28587387,-0.27828788,-0.94832999,0.93987689,0.37193919,0.30497442,0.41867147,0.47546555,0.00629515,0.07449624,0.08504486,0.11305891,0.93987689,1.26794052,1.38785697,1.42970335,0.37193919,0.60285733,0.84626922,0.30497442,0.67744885,0.41867147,1.14941173,1.37892986,1.48191069,1.35092020,1.06751039
448,0.13006176,0.06061749,0.03023740,0.04941426,0.05678913,1.04795123,-0.42682064,0.55363754,-1.14005280,0.26729398,-1.39959023,-0.01615523,-1.32767654,-0.27763183,-0.99720240,0.94210814,0.38837797,0.31195995,0.42170601,0.50031445,-0.00711293,0.07509249,0.08480380,0.11327209,0.94210814,1.28974581,1.41141168,1.45739327,0.38837797,0.61768072,0.85907563,0.31195995,0.68874639,0.42170601,1.15455804,1.40059334,1.53011782,1.40163509,1.12207963
449,0.13132389,0.06162803,0.03343097,0.05243221,0.05981977,1.08501380,-0.41151588,0.58411415,-1.13642588,0.29644103,-1.42995016,0.00755090,-1.34815912,-0.26285613,-1.02457247,0.96349687,0.41374869,0.31996691,0.42195778,0.51819134,-0.03965552,0.07442102,0.08306322,0.11152572,0.96349687,1.33269427,1.44630962,1.49650533,0.41374869,0.63428311,0.87169128,0.31996691,0.70205232,0.42195778,1.18288293,1.41986176,1.56818128,1.42477309,1.14794453
450,0.12816184,0.06305318,0.03655473,0.05097336,0.05580037,1.08020251,-0.39519964,0.62024878,-1.12039478,0.32713740,-1.38426708,0.03834409,-1.34797751,-0.24499663,-1.03326323,0.95067505,0.39581056,0.31197213,0.42371733,0.55310078,-0.06806649,0.07526673,0.08258685,0.11173928,0.95067505,1.29825557,1.43593524,1.49149609,0.39581056,0.64161069,0.88426642,0.31197213,0.68308686,0.42371733,1.17466567,1.43441713,1.54873668,1.43836830,1.16780808
451,0.12766665,0.05839969,0.03559167,0.05466481,0.05852229,1.08451335,-0.36021782,0.65065525,-1.07633366,0.36774446,-1.34744155,0.07200204,-1.30497033,-0.22852938,-1.02233816,0.92597710,0.39239144,0.31839940,0.41292955,0.54725695,-0.07643147,0.07447351,0.08241856,0.11108160,0.92597710,1.27621392,1.40987368,1.49113193,0.39239144,0.63579734,0.89326890,0.31839940,0.69103984,0.41292955,1.16688426,1.40732510,1.52437042,1.39954076,1.15353630
452,0.12336299,0.06212641,0.03813345,0.05997884,0.06403381,1.05741392,-0.33527608,0.62826135,-1.01696691,0.37273465,-1.31117044,0.09015819,-1.24366970,-0.20601259,-0.97615274,0.90979736,0.39017255,0.31024406,0.39939396,0.56010594,-0.07177494,0.07569341,0.08410830,0.11315342,0.90979736,1.25849148,1.35921550,1.44392380,0.39017255,0.59787197,0.84754699,0.31024406,0.68013752,0.39939396,1.12785126,1.34968265,1.49217989,1.34277777,1.10839787
453,0.13067263,0.05994024,0.03406443,0.05689655,0.06094166,1.12538325,-0.37087932,0.66885869,-1.03699606,0.41661745,-1.37022454,0.11486336,-1.28804909,-0.19420207,-1.02449299,0.91237945,0.41876584,0.32716818,0.40675475,0.54914569,-0.10535764,0.07649319,0.08216747,0.11226176,0.91237945,1.28825900,1.39772518,1.49907325,0.41876584,0.62043823,0.87509491,0.32716818,0.71167154,0.40675475,1.19848151,1.37405867,1.54439380,1.38003625,1.13982142
454,0.12744494,0.06704941,0.03666650,0.05738857,0.06238218,1.17461851,-0.37435945,0.70345263,-1.07801737,0.43980393,-1.41512846,0.14478463,-1.30229686,-0.18884096,-1.02032153,0.95427238,0.42886374,0.32851579,0.43726295,0.56805649,-0.11315830,0.07634488,0.08051030,0.11095246,0.95427238,1.33903690,1.42309824,1.53872059,0.42886374,0.61347089,0.90468438,0.32851579,0.75042558,0.43726295,1.24615848,1.42948209,1.59647944,1.40376545,1.14499428
455,0.12685679,0.06121273,0.03328444,0.05199030,0.06280016,1.20605858,-0.38782551,0.73516835,-1.08572212,0.46623351,-1.44611150,0.14938005,-1.36218511,-0.19727959,-1.06476113,0.94870331,0.44978843,0.33598173,0.45700987,0.54513065,-0.12302213,0.07683709,0.07809092,0.10955424,0.94870331,1.36006255,1.48014067,1.59440097,0.44978843,0.65316598,0.93791355,0.33598173,0.77042510,0.45700987,1.27516273,1.43473603,1.62360277,1.45819582,1.18592073
456,0.12682585,0.07052108,0.03149274,0.05160353,0.06759304,1.20598462,-0.36391593,0.72829336,-1.08325350,0.47392515,-1.45202071,0.14648089,-1.36415468,-0.19550201,-1.08314827,0.97063271,0.44801877,0.34343416,0.44262843,0.52318263,-0.07238968,0.07607809,0.07731283,0.10846728,0.97063271,1.38604713,1.50933039,1.62415633,0.44801877,0.64796775,0.92502966,0.34343416,0.76617159,0.44262843,1.26508788,1.42035057,1.62865278,1.46387444,1.21398587
457,0.12676541,0.05752274,0.03005333,0.04852516,0.06360771,1.20298107,-0.35843562,0.72182230,-1.10786226,0.46828056,-1.48281205,0.14097982,-1.41080540,-0.19332532,-1.10310076,1.00045237,0.45264384,0.34141151,0.45444403,0.53559397,-0.09868271,0.07682836,0.07706728,0.10882078,1.00045237,1.41964212,1.54628711,1.62880686,0.45264384,0.65795358,0.91783573,0.34141151,0.76640585,0.45444403,1.26053906,1.44036875,1.65796075,1.50675542,1.22693940
458,0.13067197,0.06334493,0.03307214,0.05300838,0.06436809,1.17011648,-0.34191880,0.70539758,-1.06289104,0.44906030,-1.43747001,0.13291131,-1.35307244,-0.19718060,-1.06145186,0.97648844,0.45403680,0.33566134,0.44070301,0.57173188,-0.11314920,0.07542171,0.07881422,0.10908765,0.97648844,1.38829410,1.49764071,1.58775546,0.45403680,0.64760016,0.90820728,0.33566134,0.75301166,0.44070301,1.22844421,1.41760616,1.62364605,1.45997649,1.19716400
459,0.13150086,0.06262103,0.03144390,0.04876882,0.06255394,1.20514141,-0.34108697,0.74365235,-1.10700310,0.48931470,-1.47189680,0.16708395,-1.41122669,-0.18528913,-1.09588300,0.99368125,0.44479208,0.33537071,0.47290110,0.54699344,-0.13674214,0.07694975,0.07762736,0.10930358,0.99368125,1.40606596,1.53390902,1.62154426,0.44479208,0.65594274,0.93226388,0.33537071,0.77601280,0.47290110,1.26177467,1.45675753,1.65740093,1.51104138,1.22218972
460,0.12790221,0.06016919,0.03092864,0.05071216,0.06709693,1.19484656,-0.35414959,0.74825319,-1.13087751,0.49435296,-1.50378101,0.16867582,-1.42346667,-0.18270352,-1.11714701,1.00795320,0.45132324,0.34239431,0.46617267,0.58708951,-0.11566107,0.07723360,0.07591236,0.10829458,1.00795320,1.42750975,1.53668409,1.62521806,0.45132324,0.65162392,0.93297987,0.34239431,0.78307497,0.46617267,1.25409018,1.48362461,1.69823437,1.53401311,1.25510730
461,0.13583962,0.06215093,0.03063744,0.04977432,0.06695089,1.16868094,-0.34100949,0.71819811,-1.13677493,0.47351750,-1.51113363,0.14710992,-1.44382553,-0.19301011,-1.16094591,1.02256297,0.44741045,0.34090539,0.44246165,0.55248317,-0.11088090,0.07720485,0.07615804,0.10844647,1.02256297,1.44005280,1.55524339,1.63672757,0.44741045,0.65107393,0.91401040,0.34090539,0.75716772,0.44246165,1.22431723,1.46737538,1.69352750,1.54454099,1.28670902
462,0.13340684,0.06496609,0.03101416,0.05049280,0.06345742,1.16792828,-0.33201042,0.70963996,-1.15985110,0.45145389,-1.52992364,0.13446786,-1.42373953,-0.19514658,-1.12622854,1.04648499,0.45130731,0.34224655,0.44413982,0.54924141,-0.07624659,0.07676332,0.07803147,0.10946012,1.04648499,1.46811473,1.55099560,1.62075088,0.45130731,0.63617904,0.90854368,0.34224655,0.76682474,0.44413982,1.22197626,1.48006300,1.70166920,1.52143972,1.25130476
463,0.14096086,0.06108240,0.02953111,0.04707435,0.06164586,1.14697889,-0.32046197,0.69734011,-1.15435171,0.44654503,-1.51143748,0.13850022,-1.45125574,-0.20540844,-1.14042272,1.03770835,0.43636234,0.32075387,0.46356952,0.51691732,-0.09794080,0.07697988,0.07865769,0.11005878,1.03770835,1.44454181,1.55628983,1.62043653,0.43636234,0.63645965,0.90560774,0.32075387,0.75326274,0.46356952,1.19950208,1.46288995,1.67418966,1.54080589,1.26055693
464,0.13806572,0.06190643,0.03098608,0.05137058,0.06480572,1.10403722,-0.31063765,0.67308452,-1.12597810,0.42935753,-1.46999893,0.13816545,-1.38562305,-0.19921426,-1.09157040,1.01376029,0.42164364,0.31199014,0.44754825,0.51993805,-0.09228632,0.07703160,0.08111692,0.11186520,1.01376029,1.40425263,1.48503714,1.55669544,0.42164364,0.59984932,0.87680819,0.31199014,0.73766166,0.44754825,1.15785040,1.43423039,1.63555847,1.47975330,1.21619223
465,0.14144892,0.05913905,0.02986271,0.05000631,0.06343069,1.10828676,-0.29927582,0.67131218,-1.12829480,0.42996543,-1.48533207,0.13163464,-1.38328732,-0.20454791,-1.08640330,1.02232880,0.43110864,0.32393668,0.44852129,0.52164163,-0.07945726,0.07609412,0.08070741,0.11092340,1.02232880,1.42287443,1.49437525,1.56366871,0.43110864,0.60301232,0.88139423,0.32393668,0.75353180,0.44852129,1.16145758,1.43732871,1.64925344,1.47650184,1.21154373
466,0.14578410,0.05923270,0.03009537,0.04783340,0.06260939,1.12549000,-0.28766681,0.67533255,-1.11681306,0.43075734,-1.48935531,0.13612901,-1.40679345,-0.20343369,-1.10120078,1.02692115,0.44576096,0.31326410,0.45684086,0.50224442,-0.09603198,0.07618431,0.07991524,0.11041057,1.02692115,1.44333526,1.52942855,1.59163945,0.44576096,0.61706539,0.88261101,0.31326410,0.74691920,0.45684086,1.17269094,1.42252947,1.64707776,1.49550994,1.22039077
467,0.14141924,0.05937014,0.02991933,0.04905233,0.06279669,1.12256606,-0.30187626,0.67820005,-1.13325829,0.43354674,-1.50287115,0.14264357,-1.40690829,-0.19630089,-1.09566943,1.02541078,0.44348002,0.31545579,0.46017431,0.51307202,-0.09023961,0.07559547,0.07967071,0.10982758,1.02541078,1.43825594,1.50990536,1.57044122,0.44348002,0.60807131,0.88017418,0.31545579,0.75406771,0.46017431,1.17644215,1.44422092,1.66480449,1.49816104,1.21699871
468,0.13848193,0.05827847,0.02720880,0.04586501,0.05891007,1.13687148,-0.29759466,0.69546772,-1.11529615,0.45290049,-1.49312004,0.16149339,-1.40344912,-0.19240605,-1.12223100,1.01905333,0.44917552,0.31190176,0.45202879,0.52008275,-0.09643317,0.07662322,0.07915515,0.11016648,1.01905333,1.43575407,1.51313835,1.60045628,0.44917552,0.61185165,0.89149863,0.31190176,0.74730873,0.45202879,1.18608839,1.43618326,1.65973235,1.49861385,1.24308366
469,0.13847499,0.05509867,0.02439856,0.04094565,0.05371317,1.13493064,-0.32629871,0.69134167,-1.17741895,0.45340848,-1.54010903,0.14219066,-1.46268490,-0.19751937,-1.17254678,1.04049365,0.43385540,0.32596931,0.44674859,0.49738991,-0.06374567,0.07642006,0.07881258,0.10977908,1.04049365,1.45129422,1.54947091,1.61701038,0.43385540,0.62081990,0.89032838,0.32596931,0.74989764,0.44674859,1.18876402,1.46765200,1.69605324,1.54865367,1.28508593
470,0.12947465,0.05880703,0.02513553,0.04147222,0.05284608,1.08205001,-0.33361227,0.63139389,-1.14716532,0.38745575,-1.52101940,0.09569873,-1.43397909,-0.21237840,-1.12173506,1.00863070,0.44640224,0.30838192,0.43871035,0.47823079,-0.01975272,0.07641221,0.08268625,0.11258704,1.00863070,1.43036727,1.51698608,1.55210459,0.44640224,0.60949770,0.84595654,0.30838192,0.72280109,0.43871035,1.14029433,1.41078683,1.65555962,1.51443278,1.23457450
471,0.13960347,0.05266505,0.02290034,0.03811471,0.05168349,1.07509439,-0.35718472,0.59807175,-1.17951436,0.36276049,-1.53508246,0.07696313,-1.47951827,-0.23394518,-1.13925940,1.01155026,0.42638371,0.29508171,0.46091394,0.44351436,-0.03803462,0.07634877,0.08450194,0.11388465,1.01155026,1.41969088,1.53150410,1.55373133,0.42638371,0.60307433,0.83434563,0.29508171,0.71774751,0.46091394,1.14239531,1.41130753,1.65306720,1.54734252,1.24534863
472,0.13941325,0.05070765,0.02117783,0.03595868,0.05202179,1.01740204,-0.36174461,0.56606722,-1.18026603,0.32170724,-1.52805322,0.03755503,-1.47432698,-0.24787065,-1.09352260,0.99498182,0.42509701,0.29496545,0.47590332,0.45252193,-0.02252445,0.07559187,0.08736108,0.11552527,0.99498182,1.39868344,1.50813368,1.48721751,0.42509701,0.60823093,0.82123953,0.29496545,0.71892483,0.47590332,1.09208489,1.40280781,1.63906449,1.53903816,1.20375531
473,0.13744558,0.05335817,0.02021297,0.03417569,0.05050367,0.99271163,-0.35722466,0.53842244,-1.20911073,0.29738833,-1.55470418,0.01289316,-1.49810203,-0.26373169,-1.10591873,1.02534970,0.42178433,0.29650539,0.48002295,0.43874242,-0.04613366,0.07427259,0.08744569,0.11473084,1.02534970,1.42259419,1.52698871,1.48466511,0.42178433,0.60514750,0.81379048,0.29650539,0.72202213,0.48002295,1.06747718,1.41766994,1.65659993,1.55787965,1.21118855
474,0.14155902,0.05411298,0.02386323,0.03699748,0.05179461,0.95017934,-0.34084773,0.51102512,-1.18407950,0.26402845,-1.49633171,-0.00398427,-1.44683928,-0.26143478,-1.05074534,1.00381974,0.39898257,0.28151691,0.47252195,0.42402945,-0.02492334,0.07321524,0.09046599,0.11638113,1.00381974,1.37608283,1.47801343,1.42067121,0.39898257,0.58617386,0.79113020,0.28151691,0.69367624,0.47252195,1.02646941,1.38616052,1.59410713,1.50426041,1.15476858
475,0.14261193,0.04968168,0.02646750,0.04103419,0.05264153,0.92780308,-0.34758128,0.49525777,-1.19341822,0.25696077,-1.50103549,0.00741753,-1.41797741,-0.23387609,-1.02187626,1.00164556,0.39018431,0.27182580,0.46407045,0.41588129,-0.02953567,0.07441195,0.09364500,0.11960989,1.00164556,1.36520510,1.42871382,1.35864973,0.39018431,0.54582198,0.75752874,0.27182580,0.69109763,0.46407045,1.00804704,1.38664273,1.59506162,1.47490279,1.11855022
476,0.14017911,0.04676830,0.02373282,0.03901289,0.04935781,0.90373950,-0.36114746,0.47758858,-1.19403197,0.23745165,-1.51633800,-0.01398584,-1.43359591,-0.25000665,-1.03353344,0.98359155,0.40333876,0.27251621,0.46464300,0.40771098,-0.01481304,0.07436877,0.09562381,0.12113888,0.98359155,1.36060096,1.42633192,1.34930398,0.40333876,0.55563985,0.75319286,0.27251621,0.69034029,0.46464300,0.99340670,1.38079112,1.60489885,1.48957764,1.13349256
477,0.13452064,0.04652364,0.02392204,0.03622182,0.04708118,0.87188625,-0.35634015,0.45394646,-1.20339267,0.21845270,-1.52714235,-0.03526111,-1.45537174,-0.25314736,-1.03883848,0.99163790,0.40119495,0.27248463,0.47034782,0.41831671,-0.00000345,0.07358012,0.09779622,0.12238519,0.99163790,1.36886591,1.44001352,1.32967219,0.40119495,0.55841887,0.73440116,0.27248463,0.68411387,0.47034782,0.96247128,1.37990179,1.61378074,1.51107471,1.13782392
478,0.13960072,0.04517128,0.02246625,0.03627219,0.04567705,0.84535381,-0.37116387,0.41918988,-1.20359594,0.18780082,-1.53556935,-0.04627775,-1.44940182,-0.26595101,-1.05527010,0.97823659,0.40568693,0.25852506,0.45148403,0.40999176,0.00612167,0.07334539,0.09976162,0.12382215,0.97823659,1.36193017,1.41201139,1.31662460,0.40568693,0.53521885,0.70996468,0.25852506,0.66599558,0.45148403,0.94717351,1.36855585,1.61674075,1.50475901,1.15475901
479,0.14535763,0.04378010,0.02460270,0.03661878,0.04610063,0.82720932,-0.37463746,0.38373288,-1.21112568,0.15378037,-1.53097040,-0.07994620,-1.43205565,-0.29149508,-1.05193803,0.98275011,0.39555200,0.26209959,0.43525453,0.39915363,0.00565764,0.07315421,0.10173219,0.12530354,0.98275011,1.35736432,1.40263084,1.31609777,0.39555200,0.52351021,0.70329666,0.26209959,0.65886329,0.43525453,0.93621659,1.36212151,1.60465440,1.48635156,1.15441295
480,0.14216533,0.04354467,0.02561452,0.03984691,0.04652201,0.80866499,-0.39125560,0.35434768,-1.20566219,0.12135497,-1.49616796,-0.09435890,-1.39070569,-0.29330762,-1.01526211,0.96539040,0.37442224,0.24878732,0.42509027,0.38591869,0.02975192,0.07308109,0.10488942,0.12783832,0.96539040,1.31819450,1.35482754,1.27333214,0.37442224,0.49638429,0.68509091,0.24878732,0.63975247,0.42509027,0.92847365,1.34672835,1.56575313,1.44483312,1.11884305
481,0.13566544,0.04446665,0.02653426,0.04007940,0.04622886,0.78406076,-0.39136123,0.34147230,-1.21292255,0.11282655,-1.49476699,-0.10026320,-1.38412370,-0.29438731,-1.00253670,0.96389284,0.36452111,0.24897733,0.42850674,0.39067667,0.04473460,0.07358638,0.10708989,0.12993537,0.96389284,1.30805946,1.33701006,1.24571313,0.36452111,0.48417950,0.68007313,0.24897733,0.64432582,0.42850674,0.90844645,1.34869749,1.56418004,1.43907061,1.10607614
482,0.13294029,0.04122712,0.02367442,0.03798764,0.04634435,0.77354222,-0.38606734,0.32777419,-1.19656863,0.09777131,-1.49365424,-0.11200838,-1.37925538,-0.30185635,-0.98276013,0.94901511,0.37720156,0.24681524,0.43991307,0.36235167,0.05288686,0.07255203,0.10838554,0.13042708,0.94901511,1.30971153,1.33576857,1.23393376,0.37720156,0.48565872,0.67427772,0.24681524,0.65334015,0.43991307,0.89836806,1.32192996,1.55544967,1.43013156,1.08428095
483,0.13249949,0.04315744,0.02486624,0.03930521,0.04639617,0.77094869,-0.37230395,0.31827920,-1.19357724,0.09065359,-1.47554043,-0.11839160,-1.36557604,-0.29947645,-0.96915393,0.96258683,0.36407738,0.24556480,0.43639528,0.36823550,0.04015783,0.07243674,0.10910966,0.13096564,0.96258683,1.30884374,1.33817584,1.22906738,0.36407738,0.48034579,0.66897138,0.24556480,0.64547393,0.43639528,0.89469155,1.32418348,1.54294244,1.42098965,1.07382832
484,0.13139656,0.04417107,0.02493464,0.03983116,0.04649421,0.76204819,-0.36869979,0.31387136,-1.17404501,0.09322802,-1.45594166,-0.11649881,-1.34241626,-0.29324067,-0.95642232,0.94642882,0.35961455,0.24800685,0.42516751,0.36683909,0.03795086,0.07227934,0.11076790,0.13226425,0.94642882,1.28923763,1.31631847,1.21123135,0.35961455,0.47332714,0.65704113,0.24800685,0.63812942,0.42516751,0.88561639,1.30489887,1.52411793,1.39811469,1.05973452
485,0.12828591,0.04434062,0.02558511,0.04068945,0.04682733,0.75281251,-0.36991614,0.30840687,-1.16903294,0.08588925,-1.44986741,-0.12051062,-1.32926725,-0.29752425,-0.95080994,0.93806120,0.36008258,0.24884158,0.41846071,0.36421544,0.03905175,0.07227075,0.11142668,0.13281177,0.93806120,1.28111708,1.30153398,1.20301556,0.36008258,0.46972311,0.65666767,0.24884158,0.63609395,0.41846071,0.87945695,1.29855684,1.51703612,1.38477543,1.05451325
486,0.12654660,0.04389354,0.02587624,0.04084406,0.04662995,0.75151939,-0.36632630,0.30734778,-1.16927583,0.08187809,-1.44757481,-0.12360431,-1.32856787,-0.29799738,-0.95383016,0.94111226,0.35976720,0.24749400,0.41405305,0.36797672,0.04255411,0.07213949,0.11138394,0.13270451,0.94111226,1.28381951,1.30493445,1.20548418,0.35976720,0.47098783,0.65518271,0.24749400,0.63005512,0.41405305,0.87750899,1.29915322,1.51567256,1.38516906,1.05797747
487,0.12989940,0.04409250,0.02499227,0.04086895,0.04689378,0.74816312,-0.36954023,0.30453255,-1.16317597,0.07814866,-1.43895557,-0.12310525,-1.32118513,-0.30123946,-0.94713065,0.93010254,0.35824495,0.24294743,0.41505582,0.35409098,0.03782029,0.07163355,0.11147007,0.13250261,0.93010254,1.27256192,1.29378737,1.19993930,0.35824495,0.46681415,0.65524213,0.24294743,0.62809552,0.41505582,0.87628772,1.28864246,1.50425555,1.37571270,1.04985617
488,0.13187355,0.04498679,0.02619697,0.04216471,0.04970595,0.74965372,-0.36153802,0.30431459,-1.15444444,0.07933759,-1.42892600,-0.12132013,-1.31128555,-0.30246493,-0.94173197,0.92940515,0.35693494,0.24257883,0.41223625,0.35453238,0.02070791,0.07135213,0.11081106,0.13179613,0.92940515,1.26974931,1.29143834,1.20305132,0.35693494,0.46604044,0.65608864,0.24257883,0.62583870,0.41223625,0.87741492,1.28289194,1.49475851,1.36590082,1.04561166
489,0.13186546,0.04576524,0.02636239,0.04299736,0.04895931,0.76226431,-0.36294995,0.31473315,-1.15079794,0.08755453,-1.44361393,-0.11772490,-1.32103788,-0.30534850,-0.94776262,0.92960440,0.37263512,0.24968738,0.41839828,0.37043992,0.02104468,0.07139753,0.10966844,0.13086166,0.92960440,1.28515527,1.30450223,1.21955342,0.37263512,0.47777757,0.66600809,0.24968738,0.63970552,0.41839828,0.88888565,1.28820698,1.51379331,1.37830048,1.05622648
490,0.13308277,0.04697169,0.02702563,0.04445680,0.05022793,0.76990394,-0.36106678,0.31446028,-1.14618249,0.08933805,-1.44255898,-0.11893606,-1.32511219,-0.30706545,-0.95143679,0.93336801,0.37393491,0.25033864,0.41894810,0.37927514,0.03152298,0.07170415,0.10841123,0.12997876,0.93336801,1.29062163,1.31564635,1.23111349,0.37393491,0.48168225,0.66465988,0.25033864,0.63844622,0.41894810,0.89476344,1.28785369,1.51668646,1.38519574,1.06377309
491,0.13303080,0.04706154,0.02710141,0.04484146,0.05159659,0.78562901,-0.36776965,0.32470642,-1.15093195,0.09496716,-1.43579907,-0.11693255,-1.32378957,-0.30729742,-0.94947783,0.93496682,0.36755500,0.24940167,0.42025667,0.37695392,0.05978772,0.07163536,0.10682002,0.12861626,0.93496682,1.28538318,1.31993882,1.24216150,0.36755500,0.48534187,0.67400724,0.24940167,0.63686896,0.42025667,0.90621433,1.28939712,1.50705867,1.38194080,1.06182613
492,0.13290088,0.04749743,0.02495006,0.04244838,0.04904008,0.82126912,-0.39100192,0.34181900,-1.15944560,0.10101256,-1.44459427,-0.11813405,-1.34512794,-0.31264569,-0.95763507,0.93520998,0.37509989,0.25007454,0.43379636,0.37479380,0.05924376,0.07176752,0.10293581,0.12548449,0.93520998,1.29113327,1.34502318,1.27268731,0.37509989,0.50709532,0.69519126,0.25007454,0.64416360,0.43379636,0.94249637,1.30050247,1.51415960,1.40123177,1.06991117
493,0.13367720,0.04739763,0.02515934,0.04271824,0.05168265,0.87467037,-0.37752592,0.37538213,-1.16075308,0.12005369,-1.46486939,-0.11196092,-1.34900324,-0.31909664,-0.99215074,0.95999251,0.39920611,0.26845463,0.41275404,0.38279339,0.03948769,0.07186428,0.09701998,0.12073670,0.95999251,1.33879688,1.39092640,1.34817214,0.39920611,0.53398196,0.72486466,0.26845463,0.65018896,0.41275404,0.98307652,1.31289541,1.53542416,1.40456676,1.10392849
494,0.13606756,0.05598932,0.02764283,0.04377011,0.05658230,0.91207259,-0.35202933,0.38754728,-1.09487285,0.12452360,-1.38278359,-0.10629968,-1.28320418,-0.31953156,-0.90654506,0.94387377,0.39263575,0.26414804,0.43312407,0.37914089,0.05539189,0.07150739,0.09275257,0.11711680,0.94387377,1.31362665,1.38566399,1.35515693,0.39263575,0.54353928,0.74553876,0.26414804,0.65834762,0.43312407,1.00573309,1.26014247,1.45740066,1.33754146,1.02160988
495,0.13611762,0.06254694,0.03069096,0.04671894,0.05894396,0.95598696,-0.36524386,0.40156332,-1.05239270,0.12139435,-1.31863729,-0.10824511,-1.25346622,-0.32054288,-0.89426217,0.92212366,0.38997264,0.25436138,0.41738732,0.38309768,0.03822731,0.07223391,0.08957355,0.11507023,0.92212366,1.28503808,1.39192510,1.38662593,0.38997264,0.56557710,0.75437925,0.25436138,0.62057518,0.41738732,1.04922309,1.23134230,1.39713535,1.30797044,1.01134208
496,0.13560676,0.06510743,0.03306185,0.05060135,0.06335818,1.05984875,-0.44261478,0.43934073,-1.05889431,0.15531226,-1.35268261,-0.08686442,-1.29040675,-0.32531373,-0.93894155,0.92834362,0.41283125,0.26900001,0.42479009,0.42232676,0.00445912,0.07115942,0.08257773,0.10900800,0.92834362,1.30777803,1.43432425,1.47860264,0.41283125,0.59616354,0.79153519,0.26900001,0.64313515,0.42479009,1.17248388,1.27026738,1.44650963,1.35062493,1.06438997
497,0.13100540,0.06923452,0.03105414,0.05169078,0.07402429,1.10229711,-0.44912041,0.47362733,-1.02668418,0.18188431,-1.31131495,-0.06120545,-1.24568769,-0.30509064,-0.91960848,0.90358110,0.41211364,0.27114713,0.40724982,0.38212106,-0.01003741,0.07095051,0.07984159,0.10681130,0.90358110,1.28290297,1.41646154,1.48944586,0.41211364,0.60007725,0.80383900,0.27114713,0.63410638,0.40724982,1.21138323,1.24500605,1.40160351,1.29801975,1.03119474
498,0.13115384,0.07189573,0.03095551,0.05220599,0.07807196,1.18108210,-0.48354043,0.52641488,-1.03794854,0.21185419,-1.35869563,-0.05082881,-1.27841302,-0.31606296,-0.95721548,0.91682845,0.45265088,0.29198964,0.41661398,0.40332228,-0.04753128,0.07135029,0.07548860,0.10387200,0.91682845,1.33310330,1.47580417,1.57861887,0.45265088,0.64410997,0.86160844,0.29198964,0.67167458,0.41661398,1.29211632,1.27692123,1.45323598,1.33213213,1.07172898
499,0.13101502,0.08332735,0.03319373,0.04925028,0.08120147,1.20305739,-0.49313829,0.55857486,-0.99354837,0.24411424,-1.29489440,-0.03923093,-1.19976242,-0.31329592,-0.92632807,0.89284162,0.43979603,0.31537825,0.38759983,0.41878435,-0.06933413,0.07119822,0.07542278,0.10371973,0.89284162,1.28579059,1.44323319,1.58747798,0.43979603,0.65271472,0.89290073,0.31537825,0.67884300,0.38759983,1.31572579,1.27170228,1.41042617,1.26602545,1.05036699
500,0.12902869,0.09156228,0.03828808,0.05709722,0.08108552,1.24224604,-0.48995921,0.58971090,-0.96150317,0.26602732,-1.25998014,-0.01683472,-1.16974057,-0.32461013,-0.93090775,0.90086138,0.44619134,0.31716207,0.39003642,0.45908852,-0.08496309,0.07032960,0.07327793,0.10156726,0.90086138,1.28689863,1.44774398,1.64013082,0.44619134,0.66712174,0.93704993,0.31716207,0.68860863,0.39003642,1.35169707,1.28404954,1.39690894,1.24631702,1.06803866
501,0.12918389,0.10091153,0.03861285,0.05302588,0.07983738,1.24257335,-0.49642913,0.60086407,-0.92919576,0.27750078,-1.23516443,0.01436721,-1.15104165,-0.30724918,-0.92142614,0.86258688,0.45141569,0.29684752,0.39544355,0.42743876,-0.07844061,0.07157001,0.07417759,0.10307561,0.86258688,1.25327761,1.40568210,1.61738448,0.45141569,0.65333398,0.92950449,0.29684752,0.67495886,0.39544355,1.35177210,1.24598437,1.36036106,1.21517829,1.04104577
502,0.11800500,0.09400632,0.04438031,0.05750710,0.08165196,1.27921943,-0.53238044,0.63856855,-0.95619730,0.32123651,-1.27094962,0.05633760,-1.18364363,-0.29223157,-0.97760024,0.87289236,0.45248973,0.29693127,0.40497159,0.47650843,-0.11381570,0.07286782,0.07075893,0.10157040,0.87289236,1.25760721,1.40649743,1.65016198,0.45248973,0.64842163,0.94815644,0.29693127,0.68864004,0.40497159,1.39491914,1.28590746,1.40488936,1.25174219,1.09464769
503,0.11935223,0.08726380,0.03715412,0.04695319,0.08258569,1.26346155,-0.50958245,0.66220441,-0.90781496,0.32673552,-1.22451413,0.04544032,-1.16092415,-0.29251981,-0.94622329,0.80171525,0.46552196,0.30171235,0.40055251,0.41905976,-0.10654108,0.07254282,0.06979864,0.10066932,0.80171525,1.21306000,1.39554708,1.62698114,0.46552196,0.68354175,0.96917200,0.30171235,0.68623884,0.40055251,1.37015038,1.22834167,1.33958528,1.21203411,1.04518653
504,0.11526676,0.08506774,0.03792737,0.04296876,0.08249336,1.26118479,-0.52804077,0.65156382,-0.87224532,0.30462685,-1.20555894,0.00797032,-1.12058745,-0.36222740,-0.89947463,0.76949498,0.48293448,0.31521244,0.43121529,0.41525293,-0.06259210,0.07194222,0.06716816,0.09842380,0.76949498,1.20456943,1.40252439,1.67855593,0.48293448,0.69798340,1.02003396,0.31521244,0.73683058,0.43121529,1.37227045,1.17297350,1.30453168,1.16825447,1.02337065
505,0.11108584,0.06467489,0.04632107,0.07228315,0.13600813,1.27337986,-0.49824534,0.70573796,-0.71117109,0.33655399,-1.03923843,0.03520016,-1.03154117,-0.30706414,-0.85163283,0.69837174,0.49794364,0.30662802,0.38668929,0.45729922,-0.06414622,0.07184528,0.06623525,0.09771823,0.69837174,1.11827264,1.36714279,1.63589357,0.49794364,0.75269169,1.02899117,0.30662802,0.67241733,0.38668929,1.37180639,1.10108856,1.16100878,1.08581519,0.96748216
506,0.11594448,0.07472115,0.03244662,0.09484872,0.13091647,1.29393269,-0.43054198,0.74386442,-0.57262755,0.34714817,-0.84094459,0.02530550,-0.82575879,-0.35350819,-0.71684358,0.66911559,0.48231536,0.33023418,0.39418867,0.48669745,-0.06526418,0.07268562,0.06605244,0.09821468,0.66911559,1.07365188,1.34752443,1.68645879,0.48231536,0.77275405,1.11490720,0.33023418,0.71572971,0.39418867,1.37104445,1.06143328,1.00988568,0.90357917,0.87711460
507,0.10588829,0.15151491,0.02717136,0.09181879,0.15276585,1.31017661,-0.35497820,0.72949775,-0.45031467,0.34558119,-0.70657656,0.00501477,-0.69484991,-0.38431573,-0.58852378,0.66241398,0.46334490,0.34470295,0.40361126,0.41134074,0.03608629,0.07258544,0.07023040,0.10099977,0.66241398,1.06003506,1.36523334,1.72306193,0.46334490,0.77018535,1.12650262,0.34470295,0.74151813,0.40361126,1.36354122,0.96056549,0.87925607,0.77403984,0.77938125
508,0.11440725,0.17902925,0.02298127,0.09530846,0.15955990,1.28249358,-0.31417502,0.72026517,-0.38617477,0.33643186,-0.65482201,0.00921520,-0.62728110,-0.32951079,-0.55616568,0.64591982,0.47310019,0.33889217,0.34656838,0.40530819,0.03153140,0.07316371,0.07132711,0.10217869,0.64591982,1.03469336,1.32095882,1.63627319,0.47310019,0.76556248,1.07653584,0.33889217,0.68083129,0.34656838,1.33086939,0.94587889,0.84287922,0.70730462,0.71644715
509,0.12103071,0.18867415,0.03002051,0.09657751,0.16437003,1.29568844,-0.28754442,0.72405046,-0.40894916,0.33581233,-0.67653794,-0.01158489,-0.64938644,-0.34676716,-0.52697176,0.66088361,0.47768962,0.36313319,0.35770297,0.40746224,0.04920904,0.07223835,0.07181473,0.10186136,0.66088361,1.06139484,1.36263515,1.66313603,0.47768962,0.79429654,1.09637039,0.36313319,0.71023386,0.35770297,1.34297524,0.97748748,0.87275017,0.73083760,0.70297904
510,0.11485969,0.16152019,0.02566896,0.10206529,0.15676859,1.27582261,-0.33205704,0.67840158,-0.45842331,0.27830037,-0.69001198,-0.05685555,-0.68219447,-0.38798897,-0.55290276,0.68680358,0.46936838,0.35103204,0.35657316,0.40359841,0.04439447,0.07071899,0.07310381,0.10171206,0.68680358,1.08514812,1.38393963,1.68145117,0.46936838,0.79057150,1.09158647,0.35103204,0.69293646,0.35657316,1.33540492,0.97384030,0.86748314,0.76522127,0.74489714
511,0.11471761,0.12466800,0.05278786,0.09551545,0.12118628,1.34193945,-0.44336957,0.68252603,-0.58467013,0.25650531,-0.80558299,-0.09101633,-0.77186461,-0.47302394,-0.60200261,0.78196440,0.49088509,0.36914314,0.41907598,0.48020527,-0.00142035,0.06992656,0.06972815,0.09875089,0.78196440,1.18107271,1.48023432,1.82753933,0.49088509,0.82655764,1.18286662,0.36914314,0.77188808,0.41907598,1.43162972,1.09425234,0.99305495,0.87462379,0.85125324
512,0.11128898,0.10977776,0.03297405,0.09044638,0.11884647,1.36054317,-0.49443775,0.73601518,-0.69390198,0.30719015,-0.95434426,-0.01879509,-0.89044107,-0.39799173,-0.64614974,0.76132100,0.50866948,0.34853707,0.45177839,0.49833733,-0.01493114,0.06971856,0.06851788,0.09775161,0.76132100,1.18870016,1.44861634,1.77347835,0.50866948,0.80262027,1.15510322,0.34853707,0.78060672,0.45177839,1.46228488,1.17292131,1.12479769,0.97816787,0.84836724
513,0.09962643,0.10049561,0.03678280,0.07536920,0.11065934,1.34656382,-0.57373432,0.68101074,-0.86154126,0.28077253,-1.15005491,-0.03119040,-1.00996819,-0.37244884,-0.77495725,0.83165589,0.49844721,0.35848513,0.41456315,0.51906077,0.00774032,0.06983361,0.06965135,0.09863084,0.83165589,1.25746960,1.46317666,1.74413068,0.49844721,0.74905573,1.07424125,0.35848513,0.76287916,0.41456315,1.47301599,1.23855233,1.28581369,1.08465952,0.94047486
514,0.10074770,0.09116377,0.02885333,0.07043713,0.09477628,1.33406415,-0.57988833,0.66747285,-0.96568080,0.25178988,-1.23418639,-0.07181323,-1.10007717,-0.40587893,-0.81259920,0.87183648,0.49710514,0.36943255,0.44093678,0.53552953,0.04702093,0.07026309,0.07026011,0.09936491,0.87183648,1.31530122,1.51875818,1.77050766,0.49710514,0.76920968,1.09873292,0.36943255,0.79207751,0.44093678,1.46517898,1.31111444,1.36919811,1.17948977,0.99488601
515,0.10161811,0.07810751,0.02039492,0.06177610,0.07711967,1.25174610,-0.55787099,0.61141444,-1.00413169,0.23078569,-1.29119247,-0.07907277,-1.16022540,-0.38295180,-0.85306060,0.86907862,0.47796405,0.35129891,0.43226625,0.49940160,0.07615433,0.07114732,0.07469248,0.10315477,0.86907862,1.30433492,1.48150404,1.67755984,0.47796405,0.72074199,1.01662171,0.35129891,0.76263564,0.43226625,1.37785882,1.28757625,1.40052385,1.22648197,1.00821893
516,0.09952485,0.08473411,0.01705161,0.05070472,0.07261371,1.22994071,-0.56707219,0.57277491,-1.05291767,0.19264596,-1.33840395,-0.10262189,-1.20769702,-0.38338692,-0.87787348,0.89380688,0.47939541,0.33660326,0.43328863,0.47328331,0.08480208,0.07164088,0.07619688,0.10458671,0.89380688,1.32702561,1.49270619,1.65438401,0.47939541,0.71043642,0.98647991,0.33660326,0.74511797,0.43328863,1.36253682,1.30294585,1.42480722,1.26268512,1.01740968
517,0.10152647,0.07345826,0.01533019,0.04426556,0.06690464,1.24964587,-0.57354242,0.59828082,-1.11348861,0.21876632,-1.40494576,-0.09174002,-1.28097305,-0.38408341,-0.92375301,0.92074781,0.48083620,0.34680892,0.46169361,0.47612656,0.07799847,0.07194841,0.07367819,0.10298082,0.92074781,1.36156449,1.53294506,1.68454811,0.48083620,0.72359639,1.01152721,0.34680892,0.77801524,0.46169361,1.38112155,1.35691580,1.49024669,1.33216433,1.05809226
518,0.10006272,0.07547041,0.01747415,0.04391613,0.06919443,1.23895954,-0.58233045,0.59024348,-1.13523611,0.21864342,-1.41984914,-0.09016506,-1.31873260,-0.38965330,-0.95167701,0.93709817,0.47047869,0.33513412,0.47379092,0.49534697,0.06620864,0.07275002,0.07473412,0.10429648,0.93709817,1.36357752,1.54154810,1.68893871,0.47047869,0.71652655,1.00630439,0.33513412,0.77279180,0.47379092,1.37370301,1.37486322,1.50708760,1.37357824,1.09159230
519,0.10104008,0.06722553,0.02584680,0.05596729,0.07733786,1.17354711,-0.51844339,0.53928997,-1.11425826,0.20534852,-1.41973456,-0.08642675,-1.29033913,-0.36961205,-0.92520585,0.96304371,0.45673973,0.33437819,0.46239896,0.52737783,0.08571260,0.07340615,0.07880482,0.10769709,0.96304371,1.36856611,1.49885102,1.61295730,0.45673973,0.66969375,0.94533269,0.33437819,0.76733324,0.46239896,1.29144605,1.35879952,1.51876315,1.35343095,1.06700428
520,0.11442955,0.05795506,0.02220204,0.04888925,0.07123446,1.11357143,-0.54321111,0.49505731,-1.15469819,0.16530580,-1.47088945,-0.10997955,-1.33265698,-0.38164904,-0.93872305,0.95397170,0.45998609,0.32455256,0.47919968,0.51701663,0.07278362,0.07343920,0.08153074,0.10972956,0.95397170,1.36902660,1.47514107,1.56093369,0.45998609,0.64962696,0.92091695,0.32455256,0.77371578,0.47919968,1.25233822,1.38134340,1.56902791,1.40111296,1.08688186
521,0.11747424,0.06424261,0.02276338,0.04475271,0.06134277,1.07525000,-0.52206111,0.44517015,-1.14320393,0.13229546,-1.44709062,-0.13082035,-1.31096581,-0.39072971,-0.91443581,0.96802686,0.43924354,0.31427853,0.47538494,0.52824762,0.12481724,0.07235410,0.08420785,0.11102287,0.96802686,1.36418542,1.46034898,1.53086358,0.43924354,0.62009416,0.88755275,0.31427853,0.75945069,0.47538494,1.21544423,1.37153270,1.55775114,1.39426717,1.08012009
522,0.11821926,0.05794461,0.02363337,0.04314368,0.05969340,1.05983090,-0.55238796,0.42009473,-1.19329280,0.09866050,-1.48336557,-0.16854053,-1.34807463,-0.41287086,-0.92670915,0.98253540,0.43656178,0.31884809,0.48818295,0.52313190,0.13143991,0.07275579,0.08525004,0.11207576,0.98253540,1.37710840,1.47941245,1.53052890,0.43656178,0.63068546,0.89673576,0.31884809,0.76925189,0.48818295,1.21614192,1.40284594,1.58524752,1.42834839,1.09355396
523,0.11563557,0.05391964,0.02224902,0.03767442,0.05730113,1.03857900,-0.55500309,0.39410244,-1.22267799,0.07140719,-1.50680503,-0.19778696,-1.37283396,-0.43224132,-0.92128944,0.99444522,0.43278752,0.32118448,0.51002333,0.48214351,0.13639401,0.07298640,0.08647788,0.11316111,0.99444522,1.39148331,1.49516618,1.52412210,0.43278752,0.63184987,0.90157218,0.32118448,0.78646131,0.51002333,1.19780583,1.40813409,1.59798637,1.44757974,1.08587192
524,0.11334967,0.05679949,0.02303085,0.03423412,0.05193765,1.00613008,-0.54829577,0.35799589,-1.23036669,0.03462814,-1.51291760,-0.22873737,-1.38100935,-0.44929569,-0.93750186,1.00309556,0.43302905,0.31599699,0.49663614,0.47759373,0.15003742,0.07400290,0.08855232,0.11540340,1.00309556,1.39983170,1.49993813,1.51318896,0.43302905,0.62922316,0.88320510,0.31599699,0.76677280,0.49663614,1.16846759,1.40514418,1.60042556,1.45762035,1.10358250
525,0.10941549,0.05362807,0.02362254,0.03809273,0.05246292,0.99589497,-0.54653490,0.33205732,-1.24447010,0.00851839,-1.52734283,-0.24687718,-1.38935972,-0.46248399,-0.94587490,1.02880299,0.43314341,0.31837539,0.49502337,0.49940955,0.14826312,0.07362216,0.08926219,0.11570635,1.02880299,1.42527277,1.51196772,1.51792701,0.43314341,0.62474141,0.87893027,0.31837539,0.76829409,0.49502337,1.16268056,1.42475772,1.62509170,1.47353012,1.11966632
526,0.10684525,0.04815344,0.02729338,0.04721477,0.06004485,0.97642388,-0.54665714,0.33622056,-1.21073870,0.01873033,-1.46981813,-0.23109246,-1.34350596,-0.44087075,-0.91825252,0.99539829,0.41353299,0.30757539,0.47558617,0.53661833,0.17105869,0.07445027,0.09185734,0.11823964,0.99539829,1.36779766,1.45931131,1.47333054,0.41353299,0.61070051,0.85884136,0.30757539,0.73643715,0.47558617,1.14838932,1.40658381,1.57895715,1.43530897,1.09898730
527,0.10421052,0.04251933,0.02892988,0.05074020,0.06210733,0.98112420,-0.55242702,0.34887937,-1.18222862,0.02320112,-1.43099493,-0.22209349,-1.30277675,-0.42306766,-0.89001570,0.97706846,0.41221938,0.30809271,0.46052291,0.58698186,0.15353371,0.07560081,0.09211866,0.11916933,0.97706846,1.34699695,1.43468560,1.45559725,0.41221938,0.61061561,0.85321491,0.30809271,0.72199344,0.46052291,1.15671985,1.39954676,1.55907411,1.40709806,1.08199596
528,0.10088755,0.04453282,0.02713758,0.05217230,0.06812852,1.00426616,-0.56984590,0.37128554,-1.20076992,0.05020332,-1.45550276,-0.19302093,-1.31086534,-0.41933354,-0.89866022,0.97122429,0.41100634,0.30409468,0.47104089,0.53595978,0.16519719,0.07527774,0.09001867,0.11734606,0.97122429,1.34787128,1.42804650,1.47620437,0.41100634,0.59223472,0.86316441,0.30409468,0.74146975,0.47104089,1.17238851,1.38558558,1.55764806,1.39651470,1.07455085
529,0.09982504,0.05249152,0.02137456,0.04536604,0.06652477,1.04538813,-0.61385992,0.38677823,-1.19808360,0.05518954,-1.44490564,-0.18782247,-1.29045895,-0.43081865,-0.87463634,0.96495784,0.41611967,0.30936067,0.48251948,0.50943671,0.17534967,0.07452436,0.08659820,0.11425029,0.96495784,1.33855097,1.42597930,1.51296876,0.41611967,0.60381167,0.89962800,0.30936067,0.76272327,0.48251948,1.22571217,1.38443686,1.53938506,1.36849817,1.04843434
530,0.10051865,0.05412217,0.02455200,0.05345862,0.06983726,1.03249641,-0.58273605,0.39597949,-1.12141333,0.05657166,-1.36481078,-0.18800075,-1.22310499,-0.42003531,-0.82208254,0.92012114,0.41997913,0.30822332,0.46498131,0.50958446,0.16580312,0.07366999,0.08763481,0.11448636,0.92012114,1.29731340,1.39605348,1.48340549,0.41997913,0.61583735,0.89333698,0.30822332,0.74029397,0.46498131,1.20434307,1.33234972,1.47502318,1.31126176,1.00386406
531,0.09969579,0.04777338,0.02725211,0.05914629,0.07833318,1.03345063,-0.59309563,0.41905030,-1.11620988,0.06713887,-1.36096665,-0.17905956,-1.21792512,-0.42366609,-0.81574965,0.90103838,0.43077262,0.30699944,0.47184114,0.51852138,0.16178870,0.07388233,0.08688522,0.11405104,0.90103838,1.28520492,1.38560014,1.48905506,0.43077262,0.62678512,0.91461218,0.30699944,0.74822698,0.47184114,1.20487161,1.32569993,1.46461168,1.30140677,0.99840122
532,0.10048788,0.05646935,0.03031557,0.06404084,0.08210890,1.04037197,-0.56579272,0.41474898,-1.06677274,0.05942093,-1.29110602,-0.18457349,-1.15991988,-0.41822610,-0.75191590,0.89491300,0.42337838,0.30147815,0.47137305,0.53020470,0.19111162,0.07364122,0.08674005,0.11378429,0.89491300,1.26822131,1.38030773,1.48315330,0.42337838,0.63004554,0.91361046,0.30147815,0.73631034,0.47137305,1.20537954,1.30298713,1.41301250,1.25853250,0.95677790
533,0.10279556,0.06700359,0.02815774,0.05979131,0.08124908,1.08362084,-0.60825785,0.43019535,-1.09238267,0.05890711,-1.30310613,-0.20262229,-1.18063007,-0.45563843,-0.76316847,0.90465952,0.43033538,0.31122237,0.48868520,0.52711927,0.20850106,0.07360156,0.08232573,0.11042968,0.90465952,1.28450364,1.42589797,1.56033918,0.43033538,0.66120736,0.96453539,0.31122237,0.75866593,0.48868520,1.25689777,1.31168888,1.40830668,1.26767559,0.97142207
534,0.10049324,0.08380139,0.03356145,0.07142913,0.08587205,1.07844941,-0.55846099,0.46076870,-0.97763328,0.06414030,-1.18344080,-0.20772558,-1.06636332,-0.46317804,-0.69978923,0.83744880,0.45126386,0.31460040,0.44697907,0.51829969,0.25389974,0.07363931,0.08277908,0.11079316,0.83744880,1.23274219,1.39868653,1.56063562,0.45126386,0.69534630,0.98185585,0.31460040,0.72537810,0.44697907,1.23113685,1.22727664,1.29363311,1.16188343,0.92937654
535,0.10531056,0.09459666,0.04236251,0.07451624,0.08721561,1.11840723,-0.57370956,0.48987037,-0.96402480,0.07298206,-1.14789307,-0.21294415,-1.03746615,-0.46366419,-0.68336937,0.84306207,0.46078653,0.32758735,0.43413360,0.56187254,0.27090187,0.07361774,0.08010930,0.10879831,0.84306207,1.23900424,1.42684945,1.59903454,0.46078653,0.73028414,1.01377933,0.32758735,0.72169726,0.43413360,1.27660087,1.25006474,1.27861917,1.14795529,0.93004475
536,0.10671508,0.11120425,0.04554598,0.06904093,0.08383413,1.17340495,-0.57525465,0.52907282,-0.91997314,0.07930983,-1.11632711,-0.21932918,-1.00553412,-0.47811661,-0.64741100,0.85546120,0.49480420,0.34024178,0.44220090,0.60010991,0.25921598,0.07325845,0.07739249,0.10656640,0.85546120,1.27883792,1.48104551,1.67103061,0.49480420,0.77513128,1.06252772,0.34024178,0.74128153,0.44220090,1.32424444,1.24913484,1.26779594,1.13395456,0.92612652
537,0.10956244,0.12217045,0.04772786,0.07624032,0.10243757,1.24461626,-0.64966371,0.55863067,-0.92630434,0.10998605,-1.12154708,-0.19994348,-1.02078274,-0.49297344,-0.63915000,0.87973141,0.49485971,0.34759977,0.48128962,0.61815171,0.24833685,0.07228201,0.07277593,0.10257205,0.87973141,1.29299067,1.51776626,1.75846111,0.49485971,0.78890272,1.10946103,0.34759977,0.78343164,0.48128962,1.41601435,1.26745230,1.27040937,1.13962990,0.92619961
538,0.11720154,0.15526717,0.03628206,0.07653531,0.11398560,1.29085386,-0.59135502,0.57491666,-0.77617822,0.14562846,-0.99237282,-0.18177664,-0.86822958,-0.48899456,-0.54704374,0.87016234,0.49017755,0.36971371,0.44483080,0.56910311,0.21211213,0.07051325,0.07073390,0.09987694,0.87016234,1.26642671,1.51815772,1.79465281,0.49017755,0.79196434,1.11297344,0.36971371,0.78727238,0.44483080,1.43498377,1.17356563,1.15384179,0.99544566,0.85223702
539,0.11104020,0.17984374,0.02731744,0.07056267,0.12993173,1.26951845,-0.50100790,0.60150924,-0.60013533,0.17396782,-0.81921530,-0.14975579,-0.69000121,-0.46367135,-0.47032933,0.79650953,0.49333617,0.37015548,0.38380205,0.55181604,0.20197781,0.07164143,0.07350869,0.10264513,0.79650953,1.18222596,1.44377232,1.74111260,0.49333617,0.79281237,1.10394167,0.37015548,0.74157494,0.38380205,1.38641402,1.07970434,1.00411352,0.82636866,0.77573150
540,0.11188427,0.16739689,0.04405019,0.06925979,0.13491366,1.28558304,-0.51929976,0.58897886,-0.57436805,0.17773067,-0.76982685,-0.16723413,-0.64619598,-0.45848322,-0.42061945,0.84376660,0.47010005,0.39484144,0.37013123,0.62105712,0.12848277,0.07178363,0.07352586,0.10275671,0.84376660,1.19031611,1.47324908,1.75541498,0.47010005,0.80415708,1.10031080,0.39484144,0.74843867,0.37013123,1.40998316,1.09929994,0.99954019,0.81362374,0.75596900
541,0.11124408,0.17315659,0.05888244,0.05986730,0.14901886,1.29001675,-0.50521308,0.58374172,-0.55546487,0.18827787,-0.73907765,-0.14083883,-0.57780726,-0.43702782,-0.40900295,0.86234512,0.45410995,0.39716939,0.34346369,0.62562497,0.08899802,0.07214561,0.07375886,0.10317635,0.86234512,1.18404670,1.44833620,1.73810582,0.45410995,0.77710434,1.08024391,0.39716939,0.73341781,0.34346369,1.40925951,1.10105764,0.98506151,0.75826937,0.73620811
542,0.11967709,0.18564835,0.05966248,0.02462596,0.11785967,1.22568149,-0.46495555,0.54354920,-0.47177538,0.15671038,-0.64129550,-0.16999489,-0.45817840,-0.45106698,-0.31870216,0.86126680,0.43716796,0.40953649,0.31834389,0.66098746,0.07931092,0.07222329,0.07679753,0.10542327,0.86126680,1.15943810,1.41742099,1.69420065,0.43716796,0.76610110,1.05976248,0.40953649,0.72222327,0.31834389,1.33980021,1.07797747,0.95469837,0.71650136,0.72536535
543,0.12191267,0.20194516,0.08656759,0.06363446,0.17447369,1.22743585,-0.44141472,0.51308941,-0.43811022,0.12093239,-0.58816164,-0.20554899,-0.39318923,-0.47138136,-0.24229905,0.88772214,0.43814756,0.41571089,0.31123199,0.64083596,0.02794931,0.07136884,0.07674924,0.10480438,0.88772214,1.18632070,1.45274511,1.71940624,0.43814756,0.77742707,1.06359260,0.41571089,0.72233929,0.31123199,1.33291531,1.04749514,0.90424673,0.67457140,0.69499194
544,0.11388233,0.23562652,0.13348613,0.20028586,0.21388949,1.21070321,-0.41426483,0.48274286,-0.37243771,0.08618083,-0.51363495,-0.25436183,-0.31935683,-0.48738524,-0.18058491,0.88777774,0.43377874,0.42455833,0.27768730,0.60515717,0.08609483,0.07066106,0.07839768,0.10554233,0.88777774,1.19824837,1.48743238,1.72343457,0.43377874,0.78597743,1.04164809,0.42455833,0.69957748,0.27768730,1.30473999,0.97531649,0.83801765,0.64058918,0.67714795
545,0.11005008,0.23600300,0.12698699,0.32001009,0.29659766,1.17398617,-0.34824677,0.49713297,-0.30951333,0.12428501,-0.46196957,-0.17977991,-0.27117107,-0.42466540,-0.15790428,0.82549909,0.41567384,0.39551260,0.27475687,0.61332115,0.11865286,0.07203435,0.08090769,0.10832822,0.82549909,1.11826116,1.37097133,1.61695675,0.41567384,0.72928013,0.98764423,0.39551260,0.66430388,0.27475687,1.25323604,0.94179267,0.79503060,0.57075719,0.61579638
546,0.10641392,0.26567421,0.25311859,0.34232870,0.39448156,1.09205890,-0.25345846,0.45364194,-0.05773847,0.06941795,-0.23134226,-0.20523852,-0.08130952,-0.40695735,-0.01670727,0.79601852,0.43314485,0.35435429,0.21615269,0.56462230,0.17097595,0.07340806,0.08751151,0.11422350,0.79601852,1.07605398,1.31939402,1.52271809,0.43314485,0.71072767,0.91515603,0.35435429,0.56285732,0.21615269,1.14877296,0.82279356,0.63268665,0.47322032,0.55395811
547,0.09503481,0.26440109,0.29983507,0.48000094,0.47574782,1.00390204,-0.17330446,0.42488338,0.00085573,0.07224707,-0.12432068,-0.18420985,-0.03713810,-0.38244814,0.01857561,0.69715279,0.38292619,0.31076711,0.21012084,0.52522940,0.21709262,0.07664899,0.09276459,0.12033427,0.69715279,0.97004482,1.20125251,1.40139484,0.38292619,0.65347226,0.85321326,0.31076711,0.51464517,0.21012084,1.05293353,0.74596590,0.55092542,0.42347494,0.51053164
548,0.09736838,0.26050454,0.35461486,0.60607259,0.50967241,0.97308050,-0.16375980,0.42844028,0.06169306,0.08419134,-0.06682428,-0.13399701,-0.01065318,-0.33106724,0.04822029,0.66915033,0.37977867,0.26390247,0.20744066,0.48488257,0.24065692,0.07807339,0.09609987,0.12381696,0.66915033,0.92100418,1.12071671,1.32246364,0.37977867,0.61321511,0.80301069,0.26390247,0.46120145,0.20744066,1.01843421,0.71469722,0.48481315,0.36126975,0.45497303
549,0.09761571,0.23501998,0.29254726,0.50242851,0.43990070,0.97563078,-0.17606108,0.44469343,-0.00759151,0.09678742,-0.14621083,-0.12565950,-0.03814067,-0.31541729,0.04301259,0.66093454,0.38628192,0.28990467,0.21030819,0.52482004,0.23028225,0.07837322,0.09653875,0.12434666,0.66093454,0.91729305,1.11531310,1.31133972,0.38628192,0.62186492,0.81384105,0.28990467,0.49241510,0.21030819,1.02972993,0.77454507,0.56724614,0.40980456,0.47145395
550,0.09719427,0.23169572,0.29268341,0.51323974,0.44466314,0.99501584,-0.19531361,0.48036728,-0.00547688,0.10479719,-0.18692308,-0.12745572,-0.07188745,-0.32918596,0.00966850,0.65930955,0.43019322,0.30065769,0.22087438,0.54002617,0.23780288,0.07831205,0.09470783,0.12289163,0.65930955,0.92757655,1.13439712,1.34180770,0.43019322,0.66352511,0.86197582,0.30065769,0.51304017,0.22087438,1.05439908,0.81214563,0.58982120,0.42323362,0.48731897
551,0.09554973,0.22721815,0.21305472,0.43105227,0.32613350,1.03562866,-0.24800342,0.49422954,-0.08025636,0.11665103,-0.28293080,-0.12982227,-0.15241120,-0.30540952,-0.10894903,0.68365996,0.44161080,0.31520767,0.18513957,0.56130605,0.22973506,0.07805876,0.09134718,0.12015606,0.68365996,0.96005392,1.17643040,1.35118156,0.44161080,0.67744267,0.85211019,0.31520767,0.49307517,0.18513957,1.10387599,0.83881770,0.64372085,0.46477968,0.49953867
552,0.09873678,0.19004795,0.09640586,0.19096929,0.20358034,1.09338424,-0.33258782,0.51014710,-0.27227856,0.11223356,-0.41569551,-0.17853658,-0.28413488,-0.38468208,-0.18713590,0.74238960,0.43845927,0.35723575,0.23390663,0.65301801,0.14033383,0.07510462,0.08514643,0.11353686,0.74238960,1.04165765,1.28541397,1.49056995,0.43845927,0.74203169,0.95718937,0.35723575,0.58714838,0.23390663,1.18938916,0.97483477,0.79583372,0.60948526,0.62510369
553,0.10267236,0.16513240,0.03719544,0.05822953,0.12505201,1.23622119,-0.51253986,0.58521403,-0.49692575,0.19692799,-0.64749065,-0.12721179,-0.49941596,-0.42824178,-0.28553989,0.79866496,0.42978381,0.37719332,0.37162350,0.63768595,0.13959766,0.07271960,0.07733586,0.10615543,0.79866496,1.10689626,1.38318982,1.69067620,0.42978381,0.74858133,1.07028969,0.37719332,0.74107278,0.37162350,1.36787337,1.07011980,0.93097215,0.72904594,0.69966432
554,0.11568370,0.17678282,0.04710010,0.10023817,0.12150117,1.25833021,-0.57616394,0.61178791,-0.56015756,0.21585314,-0.74433670,-0.10350569,-0.58375273,-0.45512186,-0.35215815,0.79555693,0.44719642,0.37903895,0.42205182,0.62530642,0.19641660,0.07366302,0.07493787,0.10508056,0.79555693,1.11786777,1.38298092,1.74092834,0.44719642,0.74947067,1.11577565,0.37903895,0.79255721,0.42205182,1.40612389,1.09312086,0.98968652,0.76878570,0.73681133
555,0.11343491,0.15544667,0.03807470,0.07714103,0.09916020,1.22229047,-0.56398775,0.58616732,-0.57775583,0.19692720,-0.76184968,-0.11247633,-0.60958858,-0.46647196,-0.38462614,0.79739748,0.43883153,0.36543446,0.42166261,0.65384909,0.19501436,0.07282455,0.07675658,0.10580637,0.79739748,1.11681380,1.36355874,1.71398465,0.43883153,0.72897787,1.09879260,0.36543446,0.78063210,0.42166261,1.37582616,1.12360618,1.04013681,0.83488111,0.79480312
556,0.10898753,0.11959550,0.02919612,0.07837753,0.10425799,1.22855535,-0.61275215,0.59470320,-0.65989545,0.18212307,-0.85882095,-0.12290552,-0.69276255,-0.46406181,-0.45146455,0.82616584,0.46322098,0.36698257,0.42172959,0.73725041,0.22330147,0.07223758,0.07579906,0.10470800,0.82616584,1.16873001,1.39588811,1.72369633,0.46322098,0.74247948,1.10647360,0.36698257,0.78377377,0.42172959,1.40488783,1.21297722,1.15909247,0.94993241,0.87009516
557,0.09718517,0.11335649,0.03946289,0.08176081,0.11012302,1.24232255,-0.61265161,0.59904641,-0.71759053,0.16229047,-0.90870313,-0.13473182,-0.73455169,-0.46914667,-0.46930037,0.84290223,0.48318033,0.36497896,0.43040735,0.75101388,0.23023279,0.07198374,0.07542843,0.10426460,0.84290223,1.20909453,1.42239587,1.74005065,0.48318033,0.76065856,1.12592957,0.36497896,0.78923873,0.43040735,1.41595724,1.24883253,1.18903908,0.97602561,0.87680961
558,0.09315128,0.10365799,0.03723141,0.08282747,0.13440379,1.24276077,-0.63768923,0.59610893,-0.75417676,0.17427333,-0.93396398,-0.12761841,-0.79144399,-0.44707512,-0.48974878,0.86403069,0.46448057,0.35446925,0.44408249,0.78357363,0.22195777,0.07299956,0.07521428,0.10481470,0.86403069,1.21108075,1.42722381,1.72326016,0.46448057,0.74998156,1.10654331,0.35446925,0.78553353,0.44408249,1.42616862,1.28250482,1.22605468,1.03573142,0.88858233
559,0.09347959,0.11462359,0.05839589,0.09751824,0.15865256,1.27742184,-0.68976053,0.58491581,-0.79758627,0.17172851,-0.98403968,-0.12318396,-0.83335258,-0.44943352,-0.54190673,0.88955499,0.46414825,0.35413255,0.44024445,0.76471417,0.17765039,0.07331445,0.07219222,0.10289182,0.88955499,1.22880267,1.44445201,1.75459429,0.46414825,0.74389116,1.10027217,0.35413255,0.78222058,0.44024445,1.47635901,1.28240610,1.22933345,1.02911627,0.88835291
560,0.09384534,0.10856036,0.05839705,0.10585751,0.14820615,1.26135767,-0.66090740,0.56025255,-0.78486443,0.16444006,-0.95544658,-0.12827900,-0.79189805,-0.46429776,-0.49932654,0.90591342,0.44037389,0.35614465,0.44834048,0.75541214,0.20981143,0.07412435,0.07411648,0.10482210,0.90591342,1.22910134,1.43895354,1.75893201,0.44037389,0.71998899,1.09500913,0.35614465,0.79515680,0.44834048,1.45066151,1.27683688,1.22362885,1.01788966,0.89289354
561,0.10492722,0.12863734,0.05633589,0.08082851,0.11616528,1.24555143,-0.67684496,0.58154132,-0.75382444,0.17006378,-0.91999050,-0.12954709,-0.75408034,-0.47525464,-0.50891081,0.85243568,0.45236464,0.36570738,0.42566700,0.72314579,0.22023036,0.07280247,0.07453573,0.10419105,0.85243568,1.18761362,1.41236645,1.75044609,0.45236464,0.74318641,1.11452901,0.36570738,0.78333106,0.42566700,1.44480907,1.24883649,1.18078280,0.96748651,0.88887900
562,0.09778594,0.12554263,0.06342454,0.09995184,0.14674868,1.25469028,-0.67100723,0.54750926,-0.77414268,0.15383020,-0.92151180,-0.13547632,-0.77109621,-0.46990068,-0.51786794,0.90016472,0.43246657,0.34710835,0.42169534,0.75099489,0.24427580,0.07405427,0.07367307,0.10445935,0.90016472,1.21379195,1.43154161,1.75443967,0.43246657,0.71774064,1.08184068,0.34710835,0.76043701,0.42169534,1.44755858,1.24942780,1.17465663,0.98214754,0.88957195
563,0.09747231,0.13981872,0.06848867,0.09660707,0.13663575,1.24787882,-0.66285790,0.55794540,-0.74635126,0.16545367,-0.89499141,-0.11982825,-0.73990337,-0.46380066,-0.50939084,0.88510429,0.42950987,0.34485571,0.41534620,0.75285474,0.23619455,0.07373278,0.07442393,0.10476375,0.88510429,1.19758650,1.41160327,1.74595126,0.42950987,0.70883473,1.07596743,0.34485571,0.75283179,0.41534620,1.43666625,1.23323071,1.15833434,0.96033239,0.89274334
564,0.10158001,0.12709649,0.05609065,0.08985055,0.14301911,1.24824520,-0.65682697,0.55417371,-0.74710044,0.16187170,-0.90345896,-0.12949211,-0.74594976,-0.48299458,-0.46929941,0.88508791,0.43115117,0.34625630,0.45109187,0.75470774,0.25542018,0.07396978,0.07234253,0.10346482,0.88508791,1.20331774,1.42526685,1.76864059,0.43115117,0.70899160,1.09857940,0.34625630,0.79089647,0.45109187,1.43389368,1.22666828,1.16212505,0.97343485,0.88054720
565,0.10666362,0.13296962,0.04618770,0.09660803,0.13708379,1.25136506,-0.65413434,0.56073727,-0.75578705,0.16417493,-0.91422012,-0.13066051,-0.76600666,-0.46666509,-0.49107318,0.87543621,0.43652388,0.35134054,0.43674040,0.73693909,0.25182125,0.07349969,0.07309166,0.10365613,0.87543621,1.20053533,1.42236297,1.74669844,0.43652388,0.72297991,1.09201475,0.35134054,0.77798807,0.43674040,1.43968106,1.24110477,1.17438849,0.98055147,0.87294519
566,0.10716236,0.12153742,0.03613058,0.07756835,0.12142700,1.26281628,-0.63492001,0.58581613,-0.73007160,0.15854028,-0.91116200,-0.14432799,-0.74438582,-0.48865370,-0.44749411,0.86485430,0.47177220,0.36557672,0.45735792,0.75474443,0.27794882,0.07236251,0.07356149,0.10318733,0.86485430,1.22211910,1.44856399,1.78301158,0.47177220,0.75815376,1.13953446,0.36557672,0.81377489,0.45735792,1.44473539,1.25021073,1.18686768,0.98268831,0.87754788
567,0.10708267,0.13171526,0.03106822,0.08741291,0.12270333,1.22858849,-0.63025079,0.53145172,-0.76586198,0.12868645,-0.92732092,-0.17427413,-0.77527880,-0.49103102,-0.45668001,0.88850394,0.44204449,0.36357268,0.45219089,0.75221193,0.29486105,0.07266295,0.07402453,0.10372819,0.88850394,1.22479905,1.44576487,1.74881918,0.44204449,0.73804663,1.10110792,0.36357268,0.79935781,0.45219089,1.41435586,1.25488999,1.20318004,1.01052447,0.88200098
568,0.10915859,0.13114809,0.03148999,0.07898185,0.10602663,1.25208934,-0.63638331,0.54543259,-0.77684081,0.13058661,-0.94126646,-0.18212446,-0.76291551,-0.50194659,-0.45256366,0.88515285,0.45474577,0.38117913,0.44727158,0.72054348,0.29955688,0.07229452,0.07217264,0.10215375,0.88515285,1.23805278,1.47098839,1.78319233,0.45474577,0.75817425,1.12476444,0.38117913,0.81584948,0.44727158,1.43735465,1.25409184,1.19957894,0.99166599,0.88330832
569,0.10867530,0.12647000,0.04177797,0.09543868,0.11237047,1.23897353,-0.65614153,0.53372688,-0.81383175,0.10097701,-0.95543432,-0.19073496,-0.79505669,-0.51280248,-0.45214978,0.88496848,0.46460623,0.35521042,0.47170321,0.73792614,0.33682829,0.07299206,0.07233010,0.10275935,0.88496848,1.24887686,1.46632015,1.78267347,0.46460623,0.75629910,1.13532008,0.35521042,0.80939733,0.47170321,1.43411708,1.26791621,1.20077189,1.01199425,0.88491145
570,0.10602711,0.11763653,0.04362356,0.09636267,0.11479783,1.20978601,-0.65914080,0.52607340,-0.81767233,0.09776726,-0.94566408,-0.18586012,-0.80846651,-0.50733629,-0.44883243,0.88126795,0.45194005,0.33674798,0.48475183,0.76746170,0.36160162,0.07336700,0.07442632,0.10450834,0.88126795,1.23946046,1.44600757,1.75570695,0.45194005,0.73572894,1.12179560,0.33674798,0.80051752,0.48475183,1.40913721,1.27769755,1.21868172,1.04993478,0.90199886
571,0.10111567,0.10934255,0.03525297,0.09361911,0.12789303,1.23198318,-0.71263585,0.55509282,-0.86610215,0.12322964,-1.00857456,-0.17884581,-0.85220503,-0.48658618,-0.49295401,0.84907085,0.46256041,0.36138126,0.47369266,0.70425394,0.34380124,0.07327311,0.07107765,0.10208320,0.84907085,1.21676041,1.44557183,1.75158884,0.46256041,0.76260332,1.13046195,0.36138126,0.81199084,0.47369266,1.44589641,1.26955922,1.21127866,1.02321600,0.86161268
572,0.09846518,0.10430143,0.04423124,0.07786155,0.10009625,1.25042830,-0.71994097,0.58200987,-0.85634257,0.15165443,-0.99008029,-0.16179319,-0.83384130,-0.46628363,-0.48811896,0.86632100,0.45775421,0.37993628,0.46320823,0.76221977,0.31670606,0.07345794,0.07316195,0.10367613,0.86632100,1.21905685,1.44955853,1.75142910,0.45775421,0.77816453,1.14479766,0.37993628,0.81977211,0.46320823,1.47245139,1.32552001,1.24969739,1.03995885,0.87189628
573,0.09098500,0.11099302,0.04763312,0.08464214,0.12736252,1.27783598,-0.72672244,0.58819569,-0.87212463,0.17562721,-1.00780438,-0.11083222,-0.86561127,-0.42282925,-0.51445189,0.87672440,0.44347894,0.34255374,0.47109821,0.75191559,0.29183593,0.07325481,0.07063493,0.10176227,0.87672440,1.21665256,1.42938827,1.73550168,0.44347894,0.73063459,1.10078077,0.34255374,0.79162351,0.47109821,1.49057296,1.30248993,1.22744988,1.03452209,0.84478566
574,0.09524099,0.09172083,0.04964321,0.08261062,0.12020065,1.28104207,-0.70945024,0.62673828,-0.86673128,0.21276615,-0.98418957,-0.07598575,-0.81396672,-0.40310437,-0.51684004,0.85293843,0.43800882,0.35576313,0.44388608,0.77314828,0.25078211,0.07386902,0.07135541,0.10270456,0.85293843,1.18842298,1.39887296,1.71831390,0.43800882,0.73279822,1.11441336,0.35576313,0.78970104,0.44388608,1.48634083,1.32300985,1.22458391,1.00102872,0.84667130
575,0.09399836,0.07736095,0.03657150,0.06382022,0.09640527,1.28305008,-0.64090301,0.67145444,-0.77650452,0.24055476,-0.91451836,-0.06822690,-0.76919126,-0.40220782,-0.50393767,0.84340173,0.45624652,0.36180149,0.43075040,0.81101534,0.22867346,0.07503904,0.07451609,0.10575209,0.84340173,1.19069837,1.41114943,1.72187245,0.45624652,0.76101565,1.13323937,0.36180149,0.78377356,0.43075040,1.45861184,1.32034471,1.22055956,1.01037924,0.87479508
576,0.09577760,0.09188074,0.03482425,0.06116057,0.09710056,1.28381658,-0.60957584,0.67815576,-0.74772155,0.25580725,-0.86620308,-0.06627109,-0.73139609,-0.41209260,-0.45447286,0.82041616,0.44158234,0.36633676,0.44540618,0.78476033,0.24755843,0.07528410,0.07337493,0.10512648,0.82041616,1.16532662,1.40627778,1.73434498,0.44158234,0.76195391,1.14792152,0.36633676,0.80012256,0.44540618,1.44219617,1.27640194,1.16155269,0.96078686,0.83986384
577,0.10211708,0.09962320,0.02530849,0.05008229,0.08990119,1.26942474,-0.56521254,0.67513650,-0.69420160,0.25521942,-0.79918293,-0.06229465,-0.64666243,-0.41347933,-0.38796046,0.81190916,0.43436098,0.36726431,0.44128269,0.79306970,0.25012025,0.07520400,0.07583740,0.10680334,0.81190916,1.15541894,1.39221597,1.72424392,0.43436098,0.75215407,1.14968371,0.36726431,0.80339572,0.44128269,1.41942720,1.27379395,1.15320725,0.94573693,0.84046677
578,0.10002350,0.10188399,0.03117739,0.05607155,0.08795214,1.29437345,-0.60735861,0.69537349,-0.74694404,0.28626093,-0.83441281,-0.04008464,-0.67748185,-0.39246952,-0.39917494,0.80642579,0.41980275,0.37868654,0.45293435,0.80232417,0.20862027,0.07520022,0.07415204,0.10561060,0.80642579,1.14227819,1.38818704,1.72888820,0.41980275,0.75293968,1.16031633,0.37868654,0.82404325,0.45293435,1.45922003,1.30488842,1.17646943,0.95198514,0.82666002
579,0.10402831,0.10856448,0.03439570,0.06149976,0.07291426,1.31546858,-0.62854663,0.73308537,-0.77698632,0.32691642,-0.86298007,-0.01508541,-0.69945650,-0.32857025,-0.44254803,0.78253826,0.41558264,0.39337553,0.40912054,0.75570639,0.18943225,0.07320027,0.07450637,0.10444845,0.78253826,1.12480816,1.38492183,1.68555207,0.41558264,0.76225289,1.12742713,0.39337553,0.79515967,0.40912054,1.48511243,1.32509130,1.19906070,0.96216719,0.81829043
580,0.09206818,0.12163873,0.05185307,0.06925738,0.08108398,1.31296864,-0.65290512,0.72606292,-0.80051594,0.33030810,-0.83004416,-0.02485947,-0.66382135,-0.36562750,-0.43081440,0.78003517,0.39686030,0.40142967,0.41481097,0.75589869,0.21732445,0.07344579,0.07471718,0.10477090,0.78003517,1.11411518,1.39880713,1.73268995,0.39686030,0.76784756,1.15929002,0.40142967,0.81222979,0.41481097,1.48827849,1.31360718,1.16565349,0.93847801,0.84053318
581,0.09093478,0.11041337,0.05810949,0.06268034,0.09913860,1.22328476,-0.57082556,0.68851701,-0.70615036,0.32516207,-0.72286131,-0.01674837,-0.57816334,-0.34938593,-0.33181298,0.75298224,0.36469840,0.37642984,0.41826678,0.79988704,0.26881949,0.07205813,0.07994632,0.10762801,0.75298224,1.05840899,1.32857868,1.64441728,0.36469840,0.71767225,1.10749456,0.37642984,0.78922096,0.41826678,1.37459751,1.25238863,1.12496252,0.93622116,0.83021906
582,0.09334077,0.14010591,0.07434082,0.08759834,0.08501225,1.24792214,-0.52394117,0.68817563,-0.64850940,0.35367514,-0.68178884,0.03205921,-0.53529922,-0.30223772,-0.35752361,0.76900581,0.33626422,0.36306196,0.38374515,0.76236483,0.22464953,0.07167123,0.07920492,0.10681847,0.76900581,1.04695342,1.29236511,1.60363408,0.33626422,0.66996502,1.04131935,0.36306196,0.74604297,0.38374515,1.37790819,1.21998582,1.09435427,0.87892206,0.78804031
583,0.08797014,0.14248274,0.07778509,0.08263234,0.11228382,1.18984314,-0.57257793,0.67103807,-0.64315817,0.35412710,-0.65499942,0.03876949,-0.52757729,-0.30745719,-0.25943590,0.74592474,0.32179000,0.34412378,0.44292769,0.81216891,0.31766637,0.07278552,0.08253669,0.11004562,0.74592474,1.02392399,1.26951471,1.59942777,0.32179000,0.64275005,1.05300171,0.34412378,0.77990875,0.44292769,1.34128388,1.20496302,1.10863006,0.93343784,0.80965700
584,0.08821188,0.15938358,0.10243309,0.10113011,0.10713383,1.19054743,-0.48712849,0.68162772,-0.58712065,0.38230260,-0.58864515,0.07340776,-0.49156704,-0.28021993,-0.28582783,0.70907839,0.30153450,0.32721950,0.41298866,0.73770723,0.28019759,0.07369862,0.08304413,0.11103069,0.70907839,0.96637916,1.21303136,1.54174712,0.30153450,0.61577564,1.01017187,0.32721950,0.73578044,0.41298866,1.30634123,1.14678302,1.02544958,0.85877991,0.75822680
585,0.08767141,0.16261070,0.10856795,0.09816006,0.11030402,1.08532168,-0.44644841,0.63963196,-0.48134595,0.35748592,-0.48977153,0.06428080,-0.39566809,-0.28265405,-0.18976203,0.69422048,0.29188433,0.31135546,0.41054598,0.80315002,0.27602664,0.07452127,0.08961652,0.11655274,0.69422048,0.94770231,1.16534158,1.47337798,0.29188433,0.58238223,0.96846129,0.31135546,0.71741928,0.41054598,1.20008192,1.11910378,1.04926476,0.90403383,0.80932033
586,0.08675271,0.11103627,0.07964695,0.07442176,0.10097525,1.12798144,-0.43115487,0.67697875,-0.53828132,0.38446559,-0.51884865,0.08841199,-0.42270151,-0.28412837,-0.22770868,0.71627576,0.29663043,0.31716124,0.42687366,0.80350189,0.24815936,0.07234923,0.08598699,0.11237514,0.71627576,0.95401717,1.16712892,1.49807042,0.29663043,0.60000987,1.01396628,0.31716124,0.74151299,0.42687366,1.23033658,1.16574963,1.04915936,0.87939014,0.78237412
587,0.08661143,0.10681688,0.07255919,0.08694513,0.09644224,1.19896988,-0.53475645,0.70810391,-0.64811522,0.39331428,-0.65462792,0.07492764,-0.49509010,-0.29617993,-0.31900064,0.72447320,0.31906396,0.36107987,0.41569638,0.79376667,0.21458494,0.07120436,0.08170962,0.10838137,0.72447320,0.99546573,1.23606121,1.57589672,0.31906396,0.65145435,1.05927426,0.36107987,0.77671950,0.41569638,1.33658240,1.23156743,1.12289064,0.91310033,0.82407300
588,0.08887992,0.13755973,0.08315679,0.08178058,0.08527165,1.20406568,-0.45864246,0.69862020,-0.60336715,0.37333237,-0.59564237,0.04578838,-0.49216557,-0.29253893,-0.28707589,0.72701112,0.32644386,0.35299100,0.39991159,0.74834240,0.26675137,0.07056197,0.08304760,0.10897658,0.72701112,0.99406041,1.24204634,1.55577901,0.32644386,0.66451199,1.04655222,0.35299100,0.74705725,0.39991159,1.30952934,1.18065443,1.03704339,0.84157664,0.74556338
589,0.08899962,0.10499933,0.03357153,0.05761924,0.06592937,1.22612147,-0.52191665,0.69852433,-0.66366077,0.34439171,-0.75210084,0.08127844,-0.57622010,-0.24227858,-0.49151387,0.75873817,0.36501017,0.32934754,0.33794170,0.78346124,0.13637178,0.07193216,0.07932183,0.10708029,0.75873817,1.05199133,1.22571011,1.51861093,0.36501017,0.63017154,0.96668058,0.32934754,0.65692735,0.33794170,1.35317001,1.22822900,1.12383633,0.88713801,0.82838156
590,0.09701214,0.05388524,0.01490940,0.05739881,0.07855345,1.30074578,-0.58005373,0.73789713,-0.80245178,0.31937829,-0.87752853,-0.02355474,-0.70879633,-0.33453112,-0.49107781,0.76335666,0.42526806,0.38709111,0.38037740,0.69886638,0.24673291,0.07353251,0.06980732,0.10139079,0.76335666,1.12924567,1.39272952,1.68290403,0.42526806,0.76906875,1.11942309,0.38709111,0.76435654,0.38037740,1.43394556,1.26008379,1.13188579,0.91505039,0.81251620
591,0.09114662,0.09208285,0.02762634,0.07642469,0.10360675,1.27045201,-0.61911368,0.64156709,-0.81910168,0.21616973,-0.92665518,-0.09676389,-0.75346831,-0.48057822,-0.39295515,0.79843579,0.44111792,0.36432222,0.52711838,0.71471579,0.35056941,0.07514540,0.06817069,0.10145972,0.79843579,1.17021907,1.41400371,1.79273741,0.44111792,0.75006060,1.20830900,0.36432222,0.88260227,0.52711838,1.42750707,1.22707272,1.12768609,0.92962515,0.80465244
592,0.10129598,0.14534213,0.03769592,0.08102828,0.11950089,1.17844293,-0.64956839,0.55031570,-0.81496754,0.12962742,-0.91534327,-0.17967037,-0.72907297,-0.53766422,-0.35446059,0.77819314,0.43632895,0.37238745,0.51832211,0.63349690,0.38849328,0.07543414,0.07271475,0.10477473,0.77819314,1.14376856,1.38889800,1.76163604,0.43632895,0.74994469,1.19243462,0.37238745,0.87788113,0.51832211,1.36222466,1.17367087,1.09294860,0.89762192,0.80261869
593,0.09826014,0.14004737,0.04078351,0.09388607,0.13226107,1.13027212,-0.68452987,0.51005977,-0.82910014,0.07440439,-0.99528529,-0.21991317,-0.84599062,-0.56825336,-0.42153513,0.76266224,0.47141556,0.33866195,0.54909916,0.63585062,0.42667558,0.07578644,0.07136296,0.10409734,0.76266224,1.15501995,1.38717146,1.74009626,0.47141556,0.74451433,1.16222810,0.33866195,0.86508585,0.54909916,1.33496292,1.14847378,1.13479230,0.98962295,0.84470733
594,0.09175821,0.16422996,0.04131372,0.07112101,0.10082622,1.05291516,-0.67677656,0.42283752,-0.81981259,-0.04705214,-0.99842506,-0.31300437,-0.78348940,-0.57343239,-0.34538590,0.76471665,0.50685461,0.35432734,0.50997687,0.58314389,0.46854807,0.07957966,0.07778562,0.11128129,0.76471665,1.19661354,1.39295431,1.67611554,0.50685461,0.75342122,1.11733895,0.35432734,0.84604467,0.50997687,1.26822154,1.10773320,1.14014579,0.95888553,0.79987046
595,0.09466393,0.16156813,0.04810542,0.05151454,0.09268294,0.99418349,-0.62530473,0.35050919,-0.80094664,-0.10632860,-0.96538044,-0.31949137,-0.70396885,-0.54933063,-0.34311269,0.75979622,0.48907917,0.35617439,0.42939967,0.52293176,0.43910527,0.07867438,0.08391798,0.11502993,0.75979622,1.19147140,1.32971280,1.57660407,0.48907917,0.69878931,1.03118880,0.35617439,0.77863479,0.42939967,1.20322132,1.07464821,1.12415051,0.89536021,0.76926916
596,0.08696148,0.16400279,0.05423800,0.05682975,0.07705780,0.97433409,-0.61028420,0.28998628,-0.81059617,-0.15186830,-0.92180949,-0.37658040,-0.71369883,-0.57848751,-0.33870608,0.79181800,0.46244874,0.33593653,0.43013934,0.48698812,0.38162841,0.07792399,0.08586811,0.11595465,0.79181800,1.19820653,1.36082150,1.57780952,0.46244874,0.70769593,1.02658089,0.33593653,0.74922248,0.43013934,1.19457631,1.09008224,1.10471924,0.92471264,0.77619326
597,0.08822236,0.15435506,0.05645370,0.06679431,0.08712239,0.96438719,-0.66155080,0.23027677,-0.86574687,-0.23083622,-0.96586088,-0.44219006,-0.78675965,-0.62700309,-0.40250602,0.83922387,0.48054633,0.31009321,0.42840129,0.49468007,0.40824296,0.07888905,0.08557517,0.11638983,0.83922387,1.26060802,1.41734681,1.61431467,0.48054633,0.71518338,1.01162539,0.31009321,0.71204437,0.42840129,1.21204735,1.11871997,1.14957285,1.00395232,0.84485217
598,0.08907290,0.13889022,0.06933580,0.06905508,0.07723277,0.92522271,-0.61535602,0.18410564,-0.89515319,-0.29971702,-0.97550405,-0.49364537,-0.79353691,-0.63842097,-0.36767245,0.85780438,0.49734665,0.31591460,0.45341723,0.49133086,0.41762392,0.08027067,0.08825177,0.11929692,0.85780438,1.30036940,1.43203015,1.58325099,0.49734665,0.73056097,1.02519686,0.31591460,0.73213506,0.45341723,1.17322331,1.15456699,1.19566080,1.03833487,0.83609755
599,0.08257585,0.13632773,0.06006528,0.07062646,0.08346428,0.93795750,-0.64387978,0.13720142,-0.90150540,-0.33683888,-1.01443385,-0.53668813,-0.83395005,-0.67993715,-0.38482076,0.89229906,0.49700385,0.31671092,0.47485681,0.47070248,0.41555066,0.08121253,0.08699030,0.11900751,0.89229906,1.34253830,1.48721673,1.63867589,0.49700385,0.72705157,1.01882190,0.31671092,0.75112228,0.47485681,1.20783492,1.15159044,1.22852719,1.08449359,0.86960903
600,0.09183067,0.12749637,0.06871336,0.08520797,0.08859834,0.91813758,-0.61894739,0.10069680,-0.88148904,-0.35947315,-0.99147197,-0.57260424,-0.79838565,-0.71138212,-0.36749491,0.90956768,0.48726923,0.34148731,0.45888010,0.52302213,0.39492517,0.07933644,0.08741944,0.11805266,0.90956768,1.34344089,1.50150238,1.65053433,0.48726923,0.74205093,1.03193272,0.34148731,0.76184491,0.45888010,1.19979400,1.16971591,1.23662252,1.08553453,0.88909359
601,0.09739099,0.11106031,0.06713027,0.08521962,0.08304669,0.92923179,-0.61032323,0.07794769,-0.91000428,-0.37241546,-0.97960837,-0.59917002,-0.77366955,-0.73959098,-0.34965351,0.94519740,0.47459720,0.35935139,0.45444373,0.53617128,0.35057705,0.07660110,0.08683098,0.11579011,0.94519740,1.36112576,1.53761452,1.69355174,0.47459720,0.76142267,1.07038706,0.35935139,0.77810296,0.45444373,1.21422203,1.19404571,1.22619499,1.07651398,0.89578853
602,0.09357093,0.10702978,0.04915719,0.07387904,0.08254267,0.97200607,-0.66235750,0.05801671,-0.94497242,-0.41460016,-1.02923635,-0.64553723,-0.82685957,-0.79573438,-0.37662668,0.98664454,0.49749233,0.35324819,0.47977385,0.48736527,0.34409181,0.07716249,0.08240846,0.11289466,0.98664454,1.43859298,1.62713977,1.79568670,0.49749233,0.77591664,1.09211275,0.35324819,0.79439052,0.47977385,1.26671537,1.18427311,1.25248572,1.12494797,0.94238088
603,0.09709457,0.12184977,0.06039337,0.07144309,0.08101354,0.99890581,-0.68053629,0.04839256,-0.91492294,-0.46883148,-0.94966059,-0.67657687,-0.74874268,-0.81900901,-0.33793306,1.01210913,0.53168619,0.34743843,0.44332645,0.51355958,0.37104951,0.07682997,0.08022978,0.11108403,1.01210913,1.49863399,1.67774585,1.85526094,0.53168619,0.80617632,1.11504880,0.34743843,0.75820891,0.44332645,1.30937924,1.19060034,1.23856225,1.10465668,0.95739140
604,0.09940101,0.13773178,0.06359059,0.07517856,0.08774992,1.05327618,-0.71597401,0.02840350,-0.90488456,-0.49377184,-0.91975004,-0.71062400,-0.71059950,-0.86197628,-0.30740622,1.07477168,0.53884278,0.36764011,0.44110757,0.55331681,0.38186813,0.07571124,0.07575741,0.10710451,1.07477168,1.56587397,1.76572175,1.96618677,0.53884278,0.83752462,1.15837027,0.36764011,0.77732778,0.44110757,1.38172774,1.20729566,1.23857000,1.10352030,0.98358143
605,0.09794990,0.14809077,0.06952776,0.07243026,0.08736467,1.10562287,-0.69282099,0.00274646,-0.87287418,-0.52942741,-0.86801290,-0.73509402,-0.65381744,-0.87278915,-0.25361184,1.14519474,0.54717481,0.36913930,0.43624093,0.57054434,0.39385921,0.07311296,0.07044754,0.10153010,1.14519474,1.64902372,1.84363146,2.03659552,0.54717481,0.84404510,1.16383609,0.36913930,0.77526038,0.43624093,1.42017497,1.19164097,1.22543879,1.08805910,0.97723903
606,0.09821654,0.14501451,0.07412696,0.07610587,0.07748088,1.09389816,-0.69940512,0.01150961,-0.82954928,-0.51427153,-0.81574240,-0.74196752,-0.57880838,-0.87654685,-0.21263245,1.11809114,0.54179255,0.39763380,0.40713733,0.59595489,0.40196533,0.07412330,0.06944520,0.10157214,1.11809114,1.61670140,1.84285399,2.04179876,0.54179255,0.86939555,1.17918669,0.39763380,0.78155713,0.40713733,1.42777440,1.18218065,1.19878933,1.06016301,0.97559585
607,0.09310740,0.14512157,0.07303861,0.07263007,0.09168678,1.08848973,-0.66183498,-0.09687910,-0.71412177,-0.56768949,-0.71172842,-0.76470145,-0.49354022,-0.87867977,-0.10457119,1.21174105,0.48788981,0.38057865,0.42967200,0.61329638,0.43665222,0.07456338,0.07060639,0.10268865,1.21174105,1.66112663,1.86492477,2.06184628,0.48788981,0.79452997,1.11585790,0.38057865,0.78296292,0.42967200,1.43479372,1.15773138,1.19763821,1.05646562,0.96857488
608,0.09360651,0.14262743,0.07417601,0.06415334,0.07832047,1.08095745,-0.64229807,-0.16413046,-0.68808219,-0.57756400,-0.65814529,-0.77201969,-0.46805022,-0.88484654,-0.08260022,1.26474816,0.43515966,0.36949850,0.42230067,0.58417803,0.45437493,0.07494954,0.06992332,0.10250221,1.26474816,1.66076996,1.86847238,2.06521657,0.43515966,0.75121653,1.07207065,0.36949850,0.75537684,0.42230067,1.42413561,1.13379481,1.15527993,1.03370833,0.96377118
609,0.09814879,0.14443117,0.07719721,0.06074980,0.07729034,1.06723076,-0.66767299,-0.16285850,-0.66217038,-0.61333712,-0.61793583,-0.80771225,-0.41925265,-0.91767645,-0.04379395,1.24931427,0.47069436,0.37057728,0.41099274,0.56307591,0.43532743,0.07364722,0.06796382,0.10021474,1.24931427,1.68366627,1.89774563,2.09964685,0.47069436,0.78413161,1.09646677,0.37057728,0.74826863,0.41099274,1.41228238,1.09628002,1.13573842,1.03083716,0.98611434
610,0.10156893,0.14463104,0.07397577,0.05138048,0.06499511,1.07337872,-0.67074268,-0.14256415,-0.62237379,-0.58295084,-0.59779319,-0.78690206,-0.41675271,-0.89953470,-0.05454664,1.23845722,0.45713953,0.36272662,0.40115930,0.62526754,0.48975043,0.07432453,0.06547975,0.09905420,1.23845722,1.66157438,1.88198347,2.08316938,0.45713953,0.76586211,1.06555334,0.36272662,0.72941558,0.40115930,1.41628636,1.07554454,1.11928020,1.02428476,0.97634547
611,0.10836179,0.15120018,0.08367190,0.05675648,0.06486584,1.02364232,-0.64454078,-0.10767290,-0.58954989,-0.55114289,-0.54324317,-0.77296921,-0.38361079,-0.88377897,-0.03791418,1.16056944,0.45982009,0.35737353,0.38669200,0.65266945,0.52423385,0.07652229,0.06498389,0.10039206,1.16056944,1.58429715,1.81767066,2.01392652,0.45982009,0.77616237,1.06445901,0.35737353,0.70578155,0.38669200,1.35141174,1.04457416,1.07294466,1.00385545,0.96264228
612,0.10952459,0.15142709,0.08138874,0.04760357,0.05808828,1.05345565,-0.66445245,-0.11355823,-0.59395329,-0.55919781,-0.54578581,-0.77857993,-0.38184059,-0.88747542,-0.05205556,1.20032688,0.46085247,0.35536439,0.37346372,0.71153730,0.55230556,0.07547306,0.06336714,0.09854733,1.20032688,1.62538306,1.85473236,2.04495959,0.46085247,0.77362614,1.05561396,0.35536439,0.69560469,0.37346372,1.38319832,1.06237103,1.09449257,1.02152471,0.97591545
613,0.10802596,0.15245005,0.08273309,0.04588472,0.06189816,1.09031043,-0.70054207,-0.14257997,-0.57822274,-0.59159332,-0.51265670,-0.79133369,-0.35318840,-0.88665462,-0.02895948,1.27043368,0.46363506,0.35242449,0.36972555,0.71002496,0.54856455,0.07373532,0.06258274,0.09671348,1.27043368,1.70255590,1.91427480,2.09811779,0.46363506,0.76524452,1.04556047,0.35242449,0.68931783,0.36972555,1.44003898,1.08666681,1.12921376,1.03788564,0.98205507
614,0.10743613,0.15285314,0.08838347,0.04094794,0.03847841,1.02246190,-0.66239664,-0.13598985,-0.57733717,-0.57179726,-0.51931699,-0.77311372,-0.35469301,-0.87723367,-0.02858494,1.19151677,0.45072934,0.34843861,0.37000937,0.68680507,0.56207699,0.07731834,0.06463001,0.10077283,1.19151677,1.60926640,1.82293656,2.01322458,0.45072934,0.75179847,1.03586544,0.34843861,0.68756096,0.37000937,1.35835340,1.04983839,1.08848689,1.00486281,0.96231681
615,0.11719028,0.15349721,0.08626225,0.04865521,0.06212308,1.03844000,-0.68505538,-0.14963043,-0.61964722,-0.62971987,-0.56861984,-0.82662585,-0.38630691,-0.92862795,-0.03395910,1.22287315,0.48973219,0.35355635,0.39079468,0.64544563,0.53831943,0.07469243,0.06503726,0.09903941,1.22287315,1.68414096,1.88908202,2.07857873,0.48973219,0.78123657,1.07228456,0.35355635,0.71303754,0.39079468,1.37388016,1.07466189,1.15456782,1.06685280,1.01895655
616,0.11564735,0.15770092,0.08794319,0.04737325,0.04632201,1.05384749,-0.69340483,-0.19370187,-0.59033719,-0.66271734,-0.54415114,-0.85399633,-0.36708562,-0.94793186,-0.03154876,1.28722028,0.47795082,0.35708205,0.38103546,0.65811055,0.52236943,0.07316035,0.06556090,0.09823782,1.28722028,1.73707243,1.93569502,2.11585290,0.47795082,0.76847721,1.05329008,0.35708205,0.70903276,0.38103546,1.40490072,1.10867456,1.19944679,1.10346006,1.04571883
617,0.12426311,0.15337292,0.09161552,0.04949035,0.04244463,1.03116556,-0.62653960,-0.20095885,-0.52640182,-0.64957619,-0.45165570,-0.83573363,-0.29984753,-0.92729628,-0.00284721,1.26873939,0.46126252,0.34318342,0.35014005,0.69491390,0.51326846,0.07491995,0.06573372,0.09966905,1.26873939,1.70264514,1.89561890,2.06486466,0.46126252,0.74697490,1.01747199,0.34318342,0.66609891,0.35014005,1.35791510,1.06905674,1.14781145,1.06410497,1.02014634
618,0.12007530,0.14480488,0.10598276,0.06126258,0.04760603,1.05892434,-0.56299292,-0.23917516,-0.43424456,-0.65707594,-0.32948145,-0.83387373,-0.18893878,-0.90890367,0.07375676,1.33942165,0.43876577,0.34099509,0.33071060,0.73839178,0.54466709,0.07498151,0.06650827,0.10022763,1.33942165,1.74585106,1.92971351,2.08004726,0.43876577,0.72694439,0.99101999,0.34099509,0.64902978,0.33071060,1.37266026,1.09091405,1.15329809,1.06396305,1.01549594
619,0.12216368,0.14172974,0.10738751,0.08305838,0.06462204,1.06577569,-0.52056900,-0.32460379,-0.40825531,-0.70409301,-0.26914496,-0.86237490,-0.11968945,-0.93992781,0.11977762,1.41944394,0.41140173,0.33147204,0.32069716,0.67009561,0.46393809,0.07274011,0.06657355,0.09860609,1.41944394,1.79729307,1.97042001,2.12176064,0.41140173,0.69224246,0.96617881,0.33147204,0.63890120,0.32069716,1.38145637,1.10219879,1.16955871,1.08310446,1.04706289
620,0.12936801,0.16593192,0.14539177,0.11192635,0.09512568,1.08889632,-0.44724890,-0.23542848,-0.35839087,-0.63196487,-0.21463816,-0.81971048,-0.08732377,-0.91785617,0.10761484,1.35163369,0.42823577,0.33226589,0.29512238,0.65134309,0.40614820,0.07212752,0.06654799,0.09813773,1.35163369,1.74594778,1.94322116,2.09823988,0.42823577,0.71779568,0.97394621,0.33226589,0.61680405,0.29512238,1.36367880,1.03655754,1.09626252,1.03564025,1.01854442
621,0.11848492,0.17005534,0.16654573,0.14418590,0.12355002,1.09856378,-0.30874448,0.03571470,-0.24415923,-0.40609396,-0.13725797,-0.76047388,-0.01240195,-0.93882778,0.18308362,1.08349141,0.45752631,0.39752519,0.30094982,0.55747426,0.28814292,0.07125766,0.07105274,0.10062875,1.08349141,1.52164245,1.88259970,2.09963038,0.45752631,0.84893879,1.11266227,0.39752519,0.67899747,0.30094982,1.27350956,0.80449852,0.83252681,0.95884291,1.05308390
622,0.12549008,0.18821917,0.17344657,0.15506600,0.14255710,1.11101652,-0.27703761,-0.01734162,-0.20931952,-0.44278394,-0.03291832,-0.76231204,0.08567015,-0.93290737,0.21019895,1.14886839,0.46265978,0.36832907,0.25698873,0.55763103,0.26925919,0.07048809,0.07025574,0.09952106,1.14886839,1.58110342,1.90824067,2.10490015,0.46265978,0.82202724,1.05980774,0.36832907,0.61737940,0.25698873,1.27904194,0.80313236,0.85543869,0.96869147,1.05481637
623,0.14329179,0.17952835,0.18700926,0.18818187,0.15208116,0.96632342,-0.18655650,0.34328790,0.04409261,-0.08013281,0.04821757,-0.56051038,0.19558537,-0.78662811,0.29234085,0.70102091,0.42829679,0.51220050,0.26051531,0.50007538,0.22091469,0.06681210,0.07948807,0.10383742,0.70102091,1.08425354,1.57507569,1.81737394,0.42829679,0.93090550,1.18347454,0.51220050,0.77009381,0.26051531,1.07349206,0.73857324,0.59553374,0.76899318,0.93090371
624,0.12144754,0.12530026,0.11480439,0.12299585,0.12975011,0.97650409,-0.12463795,0.37508656,-0.03053772,-0.05237528,0.15707180,-0.55318715,0.24837352,-0.76589090,0.37868503,0.67701765,0.47090755,0.52010568,0.27279481,0.53684780,0.09356278,0.06546644,0.08129712,0.10437948,0.67701765,1.09219614,1.57969176,1.81371893,0.47090755,0.98380692,1.24382103,0.52010568,0.77801743,0.27279481,1.06825262,0.80455304,0.66998458,0.81371654,0.95748654
625,0.12644426,0.19066874,0.08128159,0.12682254,0.13479836,1.04683307,-0.13282771,0.38046520,0.06962825,-0.00773511,0.20110458,-0.36699108,0.25893778,-0.63518708,0.37019730,0.75165426,0.41497482,0.38630327,0.30489106,0.44463514,0.10793241,0.06730313,0.07948838,0.10415428,0.75165426,1.12741425,1.46974215,1.75563378,0.41497482,0.79524574,1.09755940,0.38630327,0.68693920,0.30489106,1.11163041,0.74126359,0.60203638,0.62715144,0.81198843
626,0.12159089,0.17205062,0.05633823,0.11959054,0.15455460,1.05580627,-0.08459047,0.46675346,0.17116148,0.15334449,0.17012321,-0.13461600,0.18545272,-0.46342220,0.32583796,0.68743276,0.32432781,0.30740355,0.36091574,0.38314653,0.12284197,0.06988244,0.07922265,0.10563988,0.68743276,0.95158529,1.22192221,1.57370342,0.32432781,0.63081217,0.97284300,0.30740355,0.65493919,0.36091574,1.09804474,0.73019351,0.50615810,0.41407498,0.63894498
627,0.10272679,0.18118617,0.21087066,0.27911830,0.28184998,0.98184627,-0.03682713,0.48119170,0.24951688,0.23260663,0.18356619,0.05826831,0.20723180,-0.18240640,0.22843272,0.61180083,0.26906101,0.19812771,0.24186689,0.32374725,0.20758536,0.07593895,0.08831788,0.11647649,0.61180083,0.79092770,0.95588281,1.19430431,0.26906101,0.45782956,0.68826270,0.19812771,0.42978950,0.24186689,1.00774397,0.69068959,0.45783917,0.33594391,0.38250762
628,0.10496459,0.21726777,0.29540148,0.36332535,0.28671223,0.99774691,-0.03657955,0.51540092,0.25024225,0.28677790,0.18641304,0.10074493,0.21013828,-0.11529382,0.21564817,0.60146998,0.25094732,0.20957715,0.21618284,0.35271847,0.26828424,0.07747681,0.09122620,0.11968657,0.60146998,0.75724880,0.93123565,1.14182299,0.25094732,0.45184938,0.65696396,0.20957715,0.41515867,0.21618284,1.02404961,0.72491197,0.49852485,0.35600317,0.35946966
629,0.10576237,0.23312384,0.32538774,0.39466561,0.31046406,1.03960989,-0.03337668,0.54036539,0.25475125,0.28848478,0.18600029,0.07650354,0.22798438,-0.16531053,0.25839252,0.61063803,0.27346890,0.23837151,0.24379333,0.36617184,0.25995137,0.07717168,0.08847546,0.11740262,0.61063803,0.79168430,0.99813194,1.23981698,0.27346890,0.49898553,0.73029352,0.23837151,0.47174684,0.24379333,1.07044049,0.75058014,0.50695042,0.36340459,0.40629090
630,0.09906935,0.26456835,0.35349026,0.38471576,0.26569656,0.99882923,-0.06729707,0.51370603,0.24295742,0.30933736,0.12129419,0.18051459,0.11560361,-0.04559284,0.07944770,0.63278734,0.24600663,0.15910591,0.22917609,0.43549732,0.26863650,0.07601680,0.09267624,0.11986426,0.63278734,0.74212953,0.84521308,1.06101357,0.24600663,0.38934561,0.60086294,0.15910591,0.36706455,0.22917609,1.02654818,0.75003111,0.54077733,0.39641160,0.35495764
631,0.09457060,0.31028677,0.37974217,0.42296224,0.29106735,1.03064032,-0.03307227,0.52893978,0.18705076,0.31608659,0.10933107,0.16964655,0.11756211,-0.06578776,0.09145110,0.60359716,0.23790496,0.18083879,0.23712652,0.41205415,0.19077991,0.07337894,0.09038054,0.11641783,0.60359716,0.75071501,0.87728909,1.10681695,0.23790496,0.40705632,0.62518933,0.18083879,0.39390186,0.23712652,1.05626068,0.73976834,0.52888684,0.36738014,0.33432974
632,0.09279456,0.37997389,0.41794907,0.45029828,0.28561280,0.99693145,-0.06589102,0.50758091,0.15683480,0.32376020,0.06649373,0.18846380,0.10047781,-0.04960075,0.03474846,0.61522600,0.20679218,0.15940264,0.24774291,0.51093516,0.22292390,0.07194914,0.09416683,0.11850768,0.61522600,0.73749000,0.84777113,1.07271286,0.20679218,0.34083240,0.57685974,0.15940264,0.37910930,0.24774291,1.01888332,0.72874022,0.57485773,0.44746788,0.41715952
633,0.09096660,0.28399987,0.22623580,0.21611515,0.16686871,1.08051406,-0.17681151,0.58301195,-0.11740803,0.35616674,-0.13201470,0.15341236,-0.04691381,-0.20986170,-0.02225175,0.70004299,0.23021288,0.22660655,0.36793091,0.76871462,0.24858845,0.07547666,0.08957833,0.11713669,0.70004299,0.89590112,1.04776299,1.36506443,0.23021288,0.43573157,0.80173437,0.22660655,0.58653595,0.36793091,1.12568950,0.95752266,0.87373988,0.74946148,0.71123553
634,0.09077742,0.35431076,0.34102981,0.33272932,0.21876332,1.04173165,-0.09136368,0.54261211,-0.02221349,0.34127315,-0.04405019,0.21045602,0.02991595,-0.11365178,0.00497053,0.67691948,0.20262358,0.17711697,0.32643840,0.74054563,0.24347974,0.06690009,0.09377685,0.11519427,0.67691948,0.83851430,0.91585143,1.20678470,0.20262358,0.34735746,0.66719130,0.17711697,0.47396721,0.32643840,1.07458457,0.88545306,0.78525847,0.64797384,0.59322578
635,0.08345573,0.22486276,0.17069208,0.16000522,0.11301463,1.07006359,-0.19403471,0.61302414,-0.21028460,0.39795493,-0.19144263,0.17409432,-0.10261071,-0.18484716,-0.07010244,0.68712088,0.21791097,0.24846713,0.36665776,0.78627790,0.22557648,0.06909261,0.09135893,0.11454363,0.68712088,0.86368054,1.02117238,1.32721436,0.21791097,0.45303984,0.81610617,0.24846713,0.60900626,0.36665776,1.12003236,1.01468842,0.92285902,0.77602970,0.70994122
636,0.07963951,0.21521311,0.16505431,0.17551520,0.13237609,1.09839953,-0.21180923,0.62784369,-0.27897341,0.42485975,-0.27401277,0.17053004,-0.18384853,-0.21014278,-0.10481747,0.66734322,0.20559292,0.27551566,0.39355175,0.71550221,0.24937180,0.06471229,0.08700441,0.10843177,0.66734322,0.84155287,1.02946113,1.36791637,0.20559292,0.46768646,0.86004397,0.27551566,0.66743395,0.39355175,1.14598798,0.99324422,0.90412670,0.73784970,0.67505928
637,0.07829230,0.14816278,0.07290159,0.10668108,0.13293682,1.23570368,-0.34998049,0.73690936,-0.47816400,0.44950500,-0.50831899,0.12198551,-0.41472933,-0.31270484,-0.23767856,0.68155130,0.29315748,0.34076825,0.47082729,0.71038597,0.25914878,0.06590157,0.07805633,0.10215580,0.68155130,0.94282238,1.21685204,1.61606787,0.29315748,0.61945145,1.07681442,0.34076825,0.81018736,0.47082729,1.30204173,1.09910358,0.98201904,0.82283613,0.77064529
638,0.07373932,0.20521216,0.11019741,0.12489130,0.10208680,1.26801641,-0.33213468,0.71678646,-0.43178221,0.44889004,-0.50310572,0.18976094,-0.40295228,-0.16418410,-0.36199947,0.68332721,0.27766837,0.28064122,0.35778339,0.63411660,0.15941267,0.06227441,0.07504868,0.09752131,0.68332721,0.93049779,1.14126907,1.47110107,0.27766837,0.52836493,0.88554135,0.28064122,0.63323697,0.35778339,1.33191113,1.04598295,0.93184629,0.75002127,0.69570887
639,0.07954631,0.09576641,0.03499485,0.06423091,0.09481964,1.37880697,-0.41768743,0.85719734,-0.62170246,0.54208003,-0.73959678,0.16572988,-0.62454174,-0.26039600,-0.42323186,0.71938839,0.33877528,0.39508309,0.47238153,0.64928222,0.09032384,0.06590164,0.07154368,0.09727037,0.71938839,1.02221045,1.31244774,1.69318173,0.33877528,0.69148992,1.13540970,0.39508309,0.86518514,0.47238153,1.44836041,1.21727596,1.11824559,0.88530229,0.75846031
640,0.09271584,0.06165806,0.01660881,0.03599428,0.06486150,1.49613294,-0.52984358,0.89511992,-0.79354983,0.52097158,-1.01815735,0.12229866,-0.78956586,-0.08342333,-0.76195227,0.80137967,0.43639030,0.47277559,0.21051938,0.69610237,-0.09575962,0.06563430,0.06442087,0.09196689,0.80137967,1.18395566,1.44126673,1.62723679,0.43639030,0.78062339,0.98975487,0.47277559,0.67252609,0.21051938,1.60112794,1.37142274,1.32635622,0.97608116,0.92937126
641,0.06511525,0.07618186,0.04923761,0.06195944,0.07665733,1.20953904,-0.67931059,1.01795970,-0.73678012,0.49000048,-1.09415173,0.12916214,-0.97046957,-0.22250776,-0.74319063,0.51402942,0.63822821,0.39147536,0.41876532,0.77379911,-0.16923322,0.07602014,0.06179580,0.09796827,0.51402942,0.94172094,1.17413481,1.47844730,0.63822821,0.92651288,1.24549619,0.39147536,0.79847329,0.41876532,1.38840574,1.36392625,1.29919094,1.06241308,0.88154565
642,0.05624064,0.06361932,0.06071626,0.06299383,0.08818531,1.25733700,-0.74350326,1.07759030,-0.76829807,0.47140184,-1.22865822,0.12378045,-1.09243574,-0.27771358,-0.83244857,0.58327097,0.76191117,0.38312789,0.47890779,0.84233523,-0.19360250,0.07601182,0.06448039,0.09967707,0.58327097,1.06041571,1.26330384,1.60458989,0.76191117,1.01442398,1.36018621,0.38312789,0.84972482,0.47890779,1.46081364,1.44142271,1.42163485,1.18865052,0.99811350
643,0.05926238,0.05879299,0.05289681,0.05565183,0.07204788,1.29494446,-0.66931401,0.81468347,-1.04036689,0.42576274,-1.30202515,0.12374221,-1.15746862,-0.25570272,-0.84731334,0.80056955,0.46892850,0.34097846,0.49036633,0.84411685,-0.16052269,0.07749202,0.06166045,0.09903042,0.80056955,1.18951831,1.34450772,1.62762470,0.46892850,0.70506303,1.08934344,0.34097846,0.82062300,0.49036633,1.45788849,1.42979000,1.46993807,1.25485598,1.00947098
644,0.07578887,0.06338565,0.05186671,0.05733888,0.08857244,1.30559656,-0.59102195,0.78088041,-1.07526986,0.41629160,-1.32961947,0.11276850,-1.15130831,-0.25878730,-0.81233897,0.88393417,0.44537029,0.36335973,0.50307862,0.78819378,-0.15270264,0.07668963,0.06477068,0.10038197,0.88393417,1.25712765,1.37836460,1.62793881,0.44537029,0.68255874,1.08010255,0.36335973,0.85652796,0.50307862,1.43433259,1.44978203,1.49878802,1.24580177,0.96440776
645,0.06667606,0.08984627,0.05565615,0.05647377,0.07862629,1.08102776,-0.77411454,1.04123669,-0.67791059,0.45582150,-1.32539462,0.08293624,-1.25052774,-0.29030362,-0.98795493,0.53073392,0.87310446,0.38696691,0.45648524,0.81972402,-0.19955388,0.08059741,0.06697305,0.10479185,0.53073392,0.97268457,1.18659449,1.45633707,0.87310446,1.12000754,1.36945480,0.38696691,0.82108777,0.45648524,1.32967105,1.34236655,1.48445521,1.32103805,1.11547683
646,0.08062063,0.06137569,0.06036578,0.05826303,0.07490122,1.13919128,-0.62790416,0.82362163,-0.92544558,0.38884030,-1.34059797,0.07938694,-1.23677781,-0.28336870,-0.96553608,0.69358110,0.60145863,0.32926307,0.45360989,0.75583459,-0.17662806,0.08132387,0.06845017,0.10629674,0.69358110,1.15911644,1.31269686,1.54627060,0.60145863,0.80914164,1.10836659,0.32926307,0.76999419,0.45360989,1.30078160,1.35053675,1.48907146,1.32733903,1.12352702
647,0.08523994,0.05484908,0.04920624,0.05232921,0.06777829,1.23375391,-0.58545430,0.71625509,-1.24692669,0.40376878,-1.47019140,0.07711386,-1.34435845,-0.28238325,-1.02806788,1.00172691,0.38562029,0.35772384,0.47896419,0.72433213,-0.05821013,0.07638102,0.07164893,0.10472645,1.00172691,1.31643202,1.45093145,1.63591769,0.38562029,0.65555610,1.02933335,0.35772384,0.82067530,0.47896419,1.36717046,1.56249429,1.62995497,1.43735630,1.17393733
648,0.08459614,0.04850526,0.04476186,0.04148789,0.06332542,1.24477547,-0.58055406,0.75273966,-1.25224386,0.39958071,-1.53441484,0.08043775,-1.43832206,-0.27596928,-1.03931336,0.99341680,0.45205028,0.34385369,0.53514546,0.81059371,0.00209005,0.07580687,0.07358513,0.10564777,0.99341680,1.38376507,1.51592792,1.64889310,0.45205028,0.70302404,1.05521188,0.34385369,0.84311203,0.53514546,1.37864823,1.60358060,1.71672968,1.55053903,1.21305949
649,0.08893421,0.06026014,0.04876075,0.04113810,0.06563173,1.21105048,-0.57868688,0.74957656,-1.28136423,0.42460411,-1.59563160,0.11756726,-1.51979299,-0.27197974,-1.10589770,1.02029141,0.45274854,0.32155435,0.56899984,0.79135356,-0.02886076,0.07656123,0.07534509,0.10741743,1.02029141,1.41990452,1.54213388,1.65707650,0.45274854,0.67631251,1.03824728,0.32155435,0.85570492,0.56899984,1.34496699,1.62635289,1.78913965,1.64973256,1.28927033
650,0.09891598,0.05184498,0.03844010,0.04378233,0.06635928,1.25113218,-0.53930350,0.73242139,-1.27962385,0.42546673,-1.59525312,0.10699683,-1.48420243,-0.26494143,-1.08179694,1.06435714,0.44032436,0.34544609,0.54864239,0.79275496,-0.00329070,0.07590040,0.07725932,0.10830454,1.06435714,1.45596905,1.56385669,1.67643093,0.44032436,0.66155446,1.02125576,0.34544609,0.86641933,0.54864239,1.36878873,1.62949377,1.79340979,1.61423053,1.26436134
651,0.10197515,0.04744584,0.02762380,0.03638972,0.06300145,1.20894601,-0.52980088,0.73466299,-1.30688756,0.41837197,-1.63727535,0.09221614,-1.52151041,-0.28015649,-1.09807961,1.05894561,0.45940675,0.35126599,0.56428560,0.75269303,0.00141783,0.07645984,0.07726700,0.10870279,1.05894561,1.48072895,1.58274117,1.67115948,0.45940675,0.67756080,1.03679333,0.35126599,0.88618945,0.56428560,1.32448627,1.63428575,1.82670709,1.65073358,1.28797545
652,0.10827674,0.04694106,0.02746483,0.04597750,0.07082556,1.23820230,-0.48143453,0.74667810,-1.30116964,0.43501356,-1.63828170,0.09488909,-1.50553343,-0.28380158,-1.09779539,1.07956360,0.46030177,0.37032291,0.55672197,0.71133278,-0.00045198,0.07638102,0.07686001,0.10835831,1.07956360,1.50654217,1.60617389,1.70429684,0.46030177,0.68368181,1.05134484,0.37032291,0.90278240,0.55672197,1.33411868,1.62485133,1.81803329,1.62176682,1.27297358
653,0.10446986,0.04246241,0.03258381,0.04535089,0.06153659,1.17039415,-0.48653828,0.72136839,-1.30358334,0.40038825,-1.60857737,0.06773324,-1.48187417,-0.28577972,-1.07435270,1.06730759,0.44346535,0.36570770,0.54130108,0.74237408,-0.01628525,0.07676505,0.08027701,0.11107327,1.06730759,1.46565913,1.55518161,1.62455391,0.44346535,0.68008798,1.03806757,0.36570770,0.87899938,0.54130108,1.27530223,1.62970380,1.79369804,1.60068496,1.24348213
654,0.10460725,0.04417588,0.02912842,0.04756083,0.06911963,1.15499738,-0.45497020,0.71202946,-1.27352308,0.41411097,-1.59954595,0.08656748,-1.47513769,-0.26725448,-1.07195412,1.06804573,0.44277707,0.35633115,0.53723862,0.73049241,-0.01201872,0.07758782,0.08160958,0.11260548,1.06804573,1.47229894,1.55662891,1.61742692,0.44277707,0.65799080,1.00178481,0.35633115,0.86691753,0.53723862,1.24891593,1.60176844,1.79158147,1.60548606,1.25628027
655,0.10809444,0.04131834,0.02772654,0.04438259,0.06562787,1.14140934,-0.44318169,0.70988017,-1.28584404,0.40861313,-1.57838735,0.08426493,-1.47469146,-0.27008031,-1.02058546,1.06865681,0.42063158,0.34753873,0.57677880,0.71720837,-0.01152770,0.07785414,0.08237579,0.11334477,1.06865681,1.44776737,1.54417709,1.58192063,0.42063158,0.65506129,1.01801257,0.34753873,0.88412037,0.57677880,1.23297219,1.60240578,1.76076491,1.59256650,1.19756029
656,0.11149453,0.04230421,0.02776074,0.04713422,0.06777843,1.13878952,-0.44249108,0.70566562,-1.28785021,0.41915272,-1.60045476,0.08986564,-1.48875422,-0.26009151,-1.07406317,1.07193177,0.42475951,0.35664210,0.54321232,0.69791941,-0.02180667,0.07802896,0.08275134,0.11373787,1.07193177,1.45969302,1.54610677,1.59045290,0.42475951,0.65004109,0.99236020,0.35664210,0.86568068,0.54321232,1.23024149,1.60239540,1.78341259,1.60267671,1.23947798
657,0.11052817,0.04154636,0.02761269,0.04262976,0.06267132,1.14234089,-0.44164635,0.70395434,-1.32004654,0.41400749,-1.62500666,0.09390914,-1.51743208,-0.25162836,-1.08579984,1.09949670,0.42111284,0.34681879,0.55393298,0.69630723,-0.02385933,0.07798243,0.08275340,0.11370745,1.09949670,1.48066063,1.56315958,1.58649942,0.42111284,0.64424464,0.98859417,0.34681879,0.86402436,0.55393298,1.23295685,1.62606257,1.79975316,1.62524414,1.23880542
658,0.10820748,0.04443855,0.02804884,0.04197660,0.06224589,1.13627041,-0.42028533,0.70825769,-1.30299725,0.41880840,-1.60387648,0.09325676,-1.49962366,-0.25120614,-1.05447568,1.10192934,0.41833360,0.34765748,0.56403341,0.70585064,0.00080365,0.07867745,0.08324871,0.11454470,1.10192934,1.48143343,1.57128713,1.58458129,0.41833360,0.64672856,0.99383973,0.34765748,0.87218313,0.56403341,1.21852097,1.61226067,1.78375544,1.61619303,1.21965397
659,0.11027297,0.03976327,0.02272709,0.03898502,0.06284657,1.18968666,-0.42791547,0.76149227,-1.33715774,0.45848475,-1.65143160,0.12670144,-1.54509017,-0.23600137,-1.08110161,1.11350084,0.43766230,0.35211439,0.58911744,0.67458027,0.02318802,0.07873598,0.08084156,0.11284818,1.11350084,1.51401336,1.60909406,1.63002263,0.43766230,0.66827363,1.03041898,0.35211439,0.90106463,0.58911744,1.26871688,1.64627180,1.82130019,1.65010977,1.23588445
660,0.11735867,0.03959261,0.02122519,0.03745075,0.06074101,1.22680305,-0.43491507,0.79571189,-1.35202468,0.49146270,-1.69842624,0.14429705,-1.59335614,-0.22674369,-1.12506135,1.11667765,0.46289486,0.36601553,0.59756840,0.65853414,-0.01637911,0.07929447,0.07893331,0.11188423,1.11667765,1.54846085,1.65127323,1.67097108,0.46289486,0.69472373,1.04750620,0.36601553,0.92094927,0.59756840,1.30569502,1.66990851,1.87154788,1.69656927,1.27429757
661,0.12080385,0.03966470,0.01888769,0.03456884,0.05923320,1.22441095,-0.42556519,0.79865089,-1.33782041,0.50589723,-1.71867188,0.15732364,-1.62958652,-0.22414062,-1.16313325,1.10804069,0.48164777,0.36120398,0.60260573,0.63364235,-0.03719125,0.07900738,0.07912629,0.11181742,1.10804069,1.56089315,1.67494149,1.68924226,0.48164777,0.70458305,1.03760732,0.36120398,0.91817908,0.60260573,1.29970996,1.65482972,1.88705898,1.73047519,1.30778693
662,0.12035906,0.03573524,0.01810323,0.03474765,0.05912316,1.20429362,-0.39546806,0.78709720,-1.32361184,0.50337527,-1.70404234,0.15792388,-1.62356114,-0.21971761,-1.17384734,1.12178259,0.47651348,0.35658977,0.58725169,0.64299272,-0.01399662,0.07952336,0.08040953,0.11309136,1.12178259,1.57126822,1.68283605,1.69105421,0.47651348,0.69704213,1.01789788,0.35658977,0.89751912,0.58725169,1.27124356,1.64163602,1.87916865,1.72960699,1.32416459
663,0.11884325,0.03898692,0.02062217,0.03331093,0.05738405,1.17758766,-0.35787537,0.76319829,-1.32973465,0.48275252,-1.69505874,0.14990434,-1.60833240,-0.21161065,-1.16738766,1.16081171,0.46222537,0.34588534,0.57028764,0.63338285,-0.03940544,0.08066620,0.08145556,0.11463876,1.16081171,1.59417792,1.68930497,1.67614422,0.46222537,0.67361274,0.98826234,0.34588534,0.87335279,0.57028764,1.23440533,1.63767368,1.86663102,1.71574139,1.31549235
664,0.11854060,0.03806841,0.02150350,0.03781409,0.06021654,1.17354184,-0.35514621,0.77900205,-1.31149373,0.49573932,-1.68270351,0.15354646,-1.60027343,-0.21409732,-1.13799333,1.13997649,0.46864314,0.35477649,0.59078622,0.65762820,-0.04315440,0.08056545,0.08259570,0.11538128,1.13997649,1.57826192,1.67799877,1.65872642,0.46864314,0.68891880,1.00829030,0.35477649,0.89657861,0.59078622,1.23102943,1.63511788,1.86348602,1.71051577,1.29131685
665,0.11964180,0.03840125,0.02196572,0.04043507,0.06200567,1.16420305,-0.32697852,0.79467429,-1.29411016,0.50634632,-1.66555891,0.16015524,-1.58230612,-0.20662082,-1.13468832,1.14033710,0.47128476,0.36053237,0.57888903,0.65512443,-0.04820148,0.07988061,0.08217397,0.11460137,1.14033710,1.57616988,1.67009093,1.65027217,0.47128476,0.69734772,1.01469516,0.36053237,0.89178397,0.57888903,1.21548126,1.63319574,1.85219353,1.69147243,1.28251706
666,0.12307538,0.03982193,0.02688211,0.04420815,0.06172160,1.13908332,-0.31969898,0.78886600,-1.26755622,0.50841476,-1.62374611,0.16797261,-1.53254043,-0.19233776,-1.09971345,1.10451034,0.45425187,0.35882594,0.56354494,0.65271735,-0.06171913,0.07900619,0.08418893,0.11545456,1.10451034,1.52430605,1.60619840,1.59080598,0.45425187,0.67618310,0.99721480,0.35882594,0.87942162,0.56354494,1.19443190,1.61283189,1.81742410,1.64419574,1.24492750
667,0.12779548,0.03724018,0.02405161,0.04379092,0.06255681,1.17041408,-0.31826141,0.80906164,-1.29746984,0.52949703,-1.65718497,0.17487379,-1.56709000,-0.19518770,-1.12723738,1.13422942,0.45672761,0.37057496,0.57504507,0.63647482,-0.06925114,0.07924890,0.08230928,0.11425937,1.13422942,1.55895565,1.65076231,1.63719979,0.45672761,0.68962610,1.01946234,0.37057496,0.90090097,0.57504507,1.22238970,1.64103813,1.84966641,1.67649379,1.27078852
668,0.12301420,0.03686031,0.02392400,0.04176791,0.06066109,1.18879885,-0.34046551,0.81781374,-1.33008189,0.53579840,-1.68868897,0.18412088,-1.58678929,-0.18609548,-1.13613022,1.15265522,0.45819341,0.37041499,0.58351027,0.64445166,-0.06158681,0.07979535,0.08245822,0.11474605,1.15265522,1.58009757,1.66194303,1.64525602,0.45819341,0.68384875,1.02296537,0.37041499,0.91212313,0.58351027,1.24254666,1.66617429,1.87835984,1.69541038,1.27582058
669,0.12324360,0.03741297,0.02255266,0.04010252,0.06297517,1.18711621,-0.35282584,0.81966054,-1.34108289,0.54685354,-1.72829035,0.20170725,-1.63195995,-0.18238023,-1.19066367,1.15409863,0.47586434,0.36119991,0.58514211,0.63529037,-0.07843651,0.08003190,0.08176562,0.11441469,1.15409863,1.60223261,1.68161540,1.66964133,0.47586434,0.68299039,1.01332580,0.36119991,0.90775963,0.58514211,1.24274205,1.67280648,1.91532487,1.74136091,1.32912692
670,0.12979750,0.03613400,0.01871264,0.03633102,0.05970262,1.18415535,-0.34411426,0.81145723,-1.34931403,0.54771422,-1.70913032,0.20477766,-1.60883819,-0.17889618,-1.18372922,1.15710140,0.44974658,0.35777666,0.57265872,0.58705232,-0.04347789,0.08066031,0.08267807,0.11550649,1.15710140,1.58452417,1.66831592,1.66847447,0.44974658,0.66098113,1.00469907,0.35777666,0.89694236,0.57265872,1.23596969,1.65783247,1.88487946,1.71494760,1.31897736
671,0.13750026,0.03697807,0.01760275,0.03361209,0.05572010,1.17512885,-0.34286180,0.79757837,-1.38155562,0.53328439,-1.73844601,0.18930311,-1.62784141,-0.18185508,-1.20696326,1.18118361,0.44802817,0.36163178,0.56115745,0.57314719,-0.02337297,0.08075785,0.08282438,0.11567933,1.18118361,1.60818702,1.68396433,1.67381209,0.44802817,0.65774065,0.99590314,0.36163178,0.89111874,0.56115745,1.22727366,1.67318761,1.90383892,1.72834365,1.33877664
672,0.14177702,0.03457959,0.01682391,0.03409264,0.05364602,1.15000749,-0.34973632,0.78209927,-1.39439610,0.52221309,-1.75413383,0.18025105,-1.63449961,-0.17907981,-1.22055205,1.17780245,0.44665476,0.36309352,0.54816801,0.55962359,-0.00810846,0.07982883,0.08379531,0.11573373,1.17780245,1.60312483,1.66533148,1.64425748,0.44665476,0.64850655,0.97702488,0.36309352,0.88165974,0.54816801,1.20645656,1.67636066,1.91240851,1.72783562,1.34119620
673,0.13429976,0.03442444,0.01504501,0.03118164,0.04989641,1.12593615,-0.34424288,0.74413499,-1.36963933,0.48743579,-1.72582601,0.15813974,-1.61805598,-0.18536236,-1.17034829,1.15719394,0.44089248,0.34687321,0.56430438,0.52858055,-0.01245182,0.08011277,0.08589272,0.11745474,1.15719394,1.57807257,1.64913212,1.60026650,0.44089248,0.63692155,0.95087521,0.34687321,0.87266790,0.56430438,1.18254492,1.63304837,1.86925877,1.70413900,1.28962247
674,0.13505771,0.03487951,0.01504641,0.02797860,0.04541762,1.06737219,-0.35972239,0.67679804,-1.35674273,0.42577444,-1.71918303,0.11159206,-1.57936221,-0.20648857,-1.14281017,1.12187077,0.44235303,0.34425567,0.54017245,0.46410148,0.03513713,0.07997306,0.08943181,0.11997391,1.12187077,1.54829382,1.58964215,1.53551644,0.44235303,0.60780367,0.90893927,0.34425567,0.85582129,0.54017245,1.13129885,1.57881057,1.83405669,1.64889962,1.24715827
675,0.13012251,0.03437550,0.01607005,0.02504489,0.04251724,1.01995587,-0.38868895,0.60718611,-1.35111639,0.35371328,-1.69081976,0.05360855,-1.56045122,-0.23550067,-1.10589366,1.09793611,0.42440152,0.32864261,0.53896765,0.46996244,0.04732231,0.08043539,0.09289916,0.12288248,1.09793611,1.50433105,1.55233716,1.47749988,0.42440152,0.59190541,0.87802146,0.32864261,0.83160512,0.53896765,1.09727046,1.54587141,1.78861704,1.62032220,1.20491673
676,0.12096777,0.03287959,0.01506243,0.02104460,0.04161857,0.93889352,-0.37290858,0.52292727,-1.32154258,0.26314301,-1.64237114,-0.00688189,-1.51258031,-0.28741027,-1.05693764,1.07536765,0.41293436,0.30101768,0.53521629,0.43065856,0.07033620,0.07941430,0.09796897,0.12611324,1.07536765,1.46881311,1.50532013,1.42755356,0.41293436,0.56353314,0.85303257,0.30101768,0.80471068,0.53521629,1.01793388,1.48027321,1.71642441,1.56318410,1.16008857
677,0.11547998,0.03933206,0.01708808,0.02105316,0.04258950,0.88250766,-0.39729982,0.44379398,-1.28124882,0.16201738,-1.57376483,-0.08490431,-1.45153603,-0.32949260,-0.99635493,1.02613080,0.40636504,0.27920479,0.51678171,0.42201327,0.08887141,0.07902299,0.10101436,0.12825184,1.02613080,1.40539804,1.44811906,1.36910700,0.40636504,0.55848813,0.82668014,0.27920479,0.76007859,0.51678171,0.97735620,1.41874977,1.63297353,1.49774593,1.10694680
678,0.11749825,0.04403978,0.02042935,0.02377673,0.04404906,0.88126043,-0.42044082,0.39555535,-1.31226325,0.10842018,-1.58594711,-0.12715425,-1.46173238,-0.35612090,-0.99847322,1.05793574,0.39767348,0.27570365,0.51708779,0.44338285,0.06777548,0.07803460,0.10043284,0.12718551,1.05793574,1.42398388,1.46288360,1.37735180,0.39767348,0.55269404,0.82306000,0.27570365,0.75432530,0.51708779,0.99094695,1.44753211,1.64874879,1.51224883,1.11560776
679,0.12248114,0.05064921,0.02182973,0.02799463,0.04586007,0.85989262,-0.37950031,0.35364350,-1.25682416,0.06581394,-1.51852562,-0.15673850,-1.38881962,-0.36917452,-0.93702235,1.05412902,0.39107373,0.27151010,0.49995538,0.44657989,0.08052362,0.07657091,0.10262760,0.12804503,1.05412902,1.41115494,1.44215981,1.35679168,0.39107373,0.54199503,0.80497079,0.27151010,0.73484012,0.49995538,0.96795378,1.40655659,1.59488704,1.45301190,1.07319899
680,0.12314781,0.04609854,0.01970911,0.02884552,0.04483426,0.85853145,-0.39119771,0.33998234,-1.25665744,0.05385776,-1.52864395,-0.18232415,-1.39179996,-0.37081487,-0.95504141,1.04940005,0.39610593,0.28729066,0.47693788,0.45823948,0.09189186,0.07662422,0.10308822,0.12844630,1.04940005,1.41665298,1.45338599,1.35892700,0.39610593,0.55314953,0.78784090,0.28729066,0.72438988,0.47693788,0.97780111,1.41151864,1.61333898,1.46616926,1.09588593
681,0.11543845,0.04489559,0.02046384,0.03090240,0.04192316,0.85162717,-0.39239123,0.32205934,-1.26364319,0.03726139,-1.52809364,-0.20801241,-1.38109997,-0.37875602,-0.93967352,1.06187220,0.38966996,0.30357075,0.47559128,0.46833595,0.09274420,0.07635260,0.10367285,0.12875473,1.06187220,1.42305591,1.45880716,1.35193756,0.38966996,0.55831985,0.79206739,0.30357075,0.73578796,0.47559128,0.97661871,1.42307560,1.62162870,1.46421686,1.08665996
682,0.11662300,0.04665893,0.02316088,0.03179937,0.04172778,0.82179610,-0.39579957,0.28790243,-1.23896125,0.00948202,-1.49122457,-0.22994971,-1.36090608,-0.38906161,-0.89698703,1.03473585,0.37704745,0.28811328,0.49247199,0.44296312,0.11597011,0.07672755,0.10674315,0.13145804,1.03473585,1.38497658,1.43512710,1.31457682,0.37704745,0.54651496,0.77718409,0.28811328,0.72867615,0.49247199,0.95343605,1.38614279,1.57902298,1.44439687,1.04941969
683,0.11926816,0.04682960,0.02330201,0.03478154,0.04213728,0.78418940,-0.39424816,0.25852861,-1.21309303,-0.01083639,-1.46972856,-0.24023454,-1.34488031,-0.38835926,-0.91197528,1.01149521,0.37385437,0.27972789,0.46022512,0.45164286,0.09110989,0.07772025,0.11053308,0.13512216,1.01149521,1.35870785,1.40447714,1.28489794,0.37385437,0.53373545,0.73750563,0.27972789,0.68996069,0.46022512,0.92671708,1.36653486,1.56474874,1.43425970,1.06412145
684,0.11463119,0.04182408,0.01987750,0.03094064,0.03931511,0.76881752,-0.41269749,0.24744359,-1.25252331,-0.02522445,-1.50967831,-0.25326911,-1.37574939,-0.40397862,-0.93244598,1.02301973,0.37593367,0.27971142,0.47040027,0.42982797,0.10604998,0.07783263,0.11132947,0.13583876,1.02301973,1.37433249,1.41161398,1.28654610,0.37593367,0.52948522,0.74443077,0.27971142,0.70372781,0.47040027,0.91511268,1.38593605,1.59372381,1.46027148,1.08275734
685,0.11348569,0.04140960,0.02021053,0.03329292,0.04211698,0.73025026,-0.41729749,0.22549387,-1.23593467,-0.03622999,-1.47963890,-0.25691565,-1.33516440,-0.39759367,-0.91652071,0.99145417,0.35895943,0.27719305,0.44322044,0.40250116,0.10113230,0.07851503,0.11631332,0.14033316,0.99145417,1.32669640,1.35370821,1.23648442,0.35895943,0.50603317,0.71681846,0.27719305,0.68021727,0.44322044,0.88220605,1.35483609,1.55478759,1.41474529,1.05978796
686,0.11437659,0.03974187,0.02012822,0.03288192,0.04130095,0.71542261,-0.42620510,0.21106813,-1.24191267,-0.04882338,-1.49093031,-0.26378362,-1.34007356,-0.39169129,-0.93667317,0.98781777,0.36104303,0.27513298,0.42466778,0.38649139,0.09851878,0.07909883,0.11814467,0.14217872,0.98781777,1.32708806,1.34535373,1.22252454,0.36104303,0.49728126,0.69116657,0.27513298,0.66222760,0.42466778,0.86623072,1.34636836,1.55724356,1.41368966,1.06740933
687,0.11403343,0.03692825,0.02062166,0.03318655,0.04120075,0.71849516,-0.44469316,0.21255763,-1.28083951,-0.04586362,-1.51243692,-0.25583278,-1.36466668,-0.38583948,-0.95876664,1.00651431,0.34885734,0.27199327,0.42763312,0.40434680,0.08155672,0.07812407,0.11861676,0.14203276,1.00651431,1.32902891,1.34496471,1.22077025,0.34885734,0.49212355,0.69824168,0.27199327,0.66155794,0.42763312,0.88236876,1.38947504,1.58123861,1.43671672,1.08626811
688,0.11607589,0.03439279,0.01865381,0.03065274,0.04113835,0.69524202,-0.44006436,0.21671701,-1.26654097,-0.04296248,-1.49613238,-0.23823701,-1.35443752,-0.37041783,-0.94327837,0.97998200,0.34780416,0.25443981,0.43334808,0.38125602,0.08057855,0.07830297,0.12200614,0.14497190,0.97998200,1.30259662,1.31134785,1.18086413,0.34780416,0.47612498,0.68576435,0.25443981,0.65301162,0.43334808,0.86041870,1.36869130,1.56085591,1.42205758,1.06464804
689,0.11881239,0.03375257,0.01915688,0.03185648,0.04051357,0.69913345,-0.46768049,0.22510571,-1.29230681,-0.03975419,-1.53396718,-0.23668022,-1.40323246,-0.37736296,-0.96858520,0.97702040,0.36014845,0.24894675,0.45834309,0.38903986,0.06046291,0.07878166,0.12213736,0.14534127,0.97702040,1.31101119,1.32791622,1.18964318,0.36014845,0.48797892,0.70000096,0.24894675,0.66849683,0.45834309,0.87866510,1.39591508,1.59724045,1.46916833,1.09008478
690,0.11382097,0.03165666,0.01777681,0.03010300,0.03789447,0.69714404,-0.47534594,0.23284400,-1.31498125,-0.02224434,-1.56316437,-0.22521305,-1.42800406,-0.36806029,-0.98931036,0.98800353,0.35725880,0.25626984,0.46290142,0.40497797,0.07037280,0.07953431,0.12312415,0.14657852,0.98800353,1.32013195,1.33196731,1.18599816,0.35725880,0.48443241,0.69924072,0.25626984,0.68004876,0.46290142,0.88157515,1.42288739,1.62959724,1.49507089,1.11005029
691,0.11574836,0.03190700,0.01785598,0.03144407,0.03960792,0.67041871,-0.44630475,0.22125231,-1.28032058,-0.02202745,-1.53754530,-0.20930131,-1.38817289,-0.35278526,-0.95614124,0.97314455,0.35509279,0.25119680,0.45674713,0.38897983,0.08241653,0.07924487,0.12678911,0.14951664,0.97314455,1.30712264,1.29438612,1.14619151,0.35509279,0.45561279,0.67394511,0.25119680,0.67833745,0.45674713,0.84609200,1.38587487,1.60358748,1.45420720,1.07506191
692,0.11699420,0.03085197,0.01918639,0.03177706,0.03936303,0.64687773,-0.41730102,0.21052453,-1.25645501,-0.02945877,-1.50577113,-0.21367410,-1.35887646,-0.34517210,-0.93051754,0.97108539,0.34717215,0.24739710,0.44994942,0.39381854,0.08704338,0.07972629,0.13098535,0.15334094,0.97108539,1.29581014,1.28091226,1.11951090,0.34717215,0.44845659,0.66017688,0.24739710,0.66642614,0.44994942,0.81605757,1.36527806,1.57562433,1.42912828,1.05128233
693,0.11819501,0.02971711,0.01935685,0.03197041,0.03922527,0.63814829,-0.43293151,0.19906777,-1.26690729,-0.03867770,-1.51568022,-0.21813461,-1.36584089,-0.34602850,-0.93380667,0.96831909,0.34540739,0.24686544,0.45245722,0.40473214,0.07646853,0.08028593,0.13217390,0.15464725,0.96831909,1.29126897,1.27133328,1.10661870,0.34540739,0.44246109,0.65631052,0.24686544,0.66901869,0.45245722,0.81926687,1.37602598,1.58700800,1.43696164,1.05498888
694,0.11247965,0.02888961,0.01897919,0.03185109,0.04077152,0.62847259,-0.42334293,0.19522209,-1.26367687,-0.04204269,-1.51076671,-0.22110328,-1.35924397,-0.34872723,-0.92768368,0.97038472,0.34333374,0.24654264,0.45185872,0.39248332,0.07761363,0.07959097,0.13295693,0.15495892,0.97038472,1.29241068,1.26964866,1.10251408,0.34333374,0.43845938,0.65438967,0.24654264,0.66903090,0.45185872,0.80295192,1.36726378,1.58013868,1.42997947,1.04929536
695,0.11245937,0.02910786,0.01750523,0.03070824,0.03879125,0.62289876,-0.41837117,0.18712908,-1.25900516,-0.04714404,-1.50389077,-0.22347168,-1.34657252,-0.34825531,-0.91740113,0.96870857,0.33942744,0.24611892,0.44847470,0.37184459,0.08944578,0.07997161,0.13408182,0.15611980,0.96870857,1.28909360,1.26156446,1.09477726,0.33942744,0.42890254,0.64721883,0.24611892,0.66771029,0.44847470,0.79186135,1.35257102,1.56725493,1.41419683,1.03617174
696,0.11787911,0.03068856,0.01792841,0.03057733,0.03831441,0.62526224,-0.41167968,0.19093247,-1.25950719,-0.04333756,-1.50445874,-0.21926032,-1.34886553,-0.34356187,-0.91789341,0.97396042,0.33941243,0.24458656,0.45020327,0.37771863,0.08829610,0.08003274,0.13430622,0.15634385,0.97396042,1.29438399,1.26695046,1.09588668,0.33941243,0.42855219,0.64649210,0.24458656,0.66755890,0.45020327,0.79294320,1.35584933,1.56989552,1.41791957,1.03720706
697,0.11387168,0.02858993,0.01700194,0.02995840,0.03803640,0.62290798,-0.41413509,0.19299420,-1.27091977,-0.04206069,-1.50556900,-0.21491200,-1.34870920,-0.33962971,-0.92256439,0.97893113,0.33249317,0.24301778,0.44553225,0.36329249,0.08318950,0.07990368,0.13444340,0.15639573,0.97893113,1.29108242,1.26042656,1.09140632,0.33249317,0.42350080,0.64760968,0.24301778,0.66281462,0.44553225,0.78930623,1.36212720,1.56769859,1.41425339,1.03720094
698,0.11581940,0.02967592,0.01776436,0.02896522,0.03680461,0.61191500,-0.39089433,0.18971290,-1.24029249,-0.03811592,-1.47861996,-0.20993785,-1.32085463,-0.33271590,-0.90373365,0.96692479,0.33055311,0.24231939,0.43650936,0.35419936,0.07408269,0.07920633,0.13709833,0.15833381,0.96692479,1.27772530,1.24496830,1.07653446,0.33055311,0.41734933,0.63443584,0.24231939,0.65429939,0.43650936,0.77250309,1.33341876,1.53969781,1.38557177,1.01595734
699,0.11760052,0.03016958,0.01809786,0.02935068,0.03765851,0.61325503,-0.40740829,0.18733948,-1.25213595,-0.03901637,-1.49348510,-0.21346276,-1.34133691,-0.33837736,-0.91407229,0.96527815,0.33153320,0.23983033,0.44656170,0.35922696,0.06954285,0.07890991,0.13625846,0.15745839,0.96527815,1.27839987,1.25197061,1.08056787,0.33153320,0.41900028,0.63624384,0.23983033,0.65953427,0.44656170,0.78045204,1.34391485,1.55465981,1.40700441,1.02962841
700,0.11998089,0.03008270,0.01777528,0.02829765,0.03593442,0.61465498,-0.40392381,0.18142706,-1.25738540,-0.03947410,-1.48949523,-0.21347182,-1.33187909,-0.33997799,-0.91806765,0.97413336,0.32085820,0.24273803,0.43401706,0.33888201,0.06813742,0.07932150,0.13649540,0.15786986,0.97413336,1.27806096,1.24799300,1.08649733,0.32085820,0.40942797,0.63207882,0.24273803,0.65261315,0.43401706,0.77692048,1.34170494,1.54670217,1.39435766,1.02985682
701,0.11541109,0.03020506,0.01749808,0.02777599,0.03640846,0.60761344,-0.39454613,0.18429674,-1.24778315,-0.03787818,-1.47716032,-0.21589281,-1.32896139,-0.34073834,-0.90563663,0.96959121,0.31983411,0.23894294,0.44246839,0.34121279,0.09226955,0.07982867,0.13685759,0.15843806,0.96959121,1.27100603,1.24991677,1.07980437,0.31983411,0.41544514,0.63590624,0.23894294,0.65305531,0.44246839,0.76708531,1.33373020,1.53499084,1.39290403,1.02091146
702,0.11532328,0.02943221,0.01739720,0.02776989,0.03602041,0.61091754,-0.39969483,0.18750795,-1.24205357,-0.03612554,-1.47023891,-0.20949179,-1.31666521,-0.33454712,-0.89354013,0.95879713,0.32001834,0.23847697,0.44237697,0.32586519,0.09741975,0.07958503,0.13722807,0.15863581,0.95879713,1.26061770,1.23442196,1.06880188,0.32001834,0.41086055,0.63675683,0.23847697,0.65538405,0.44237697,0.77026436,1.32452059,1.52461299,1.37716150,1.00416992
703,0.11643031,0.02976840,0.01834263,0.02936639,0.03727229,0.62188263,-0.41357777,0.18804920,-1.24741041,-0.03825097,-1.47303685,-0.21384205,-1.33346365,-0.33734779,-0.90191843,0.95683866,0.32024329,0.23167292,0.45012160,0.34200730,0.09676475,0.07972711,0.13454073,0.15638932,0.95683866,1.25826703,1.24686015,1.07844346,0.32024329,0.41849773,0.63877904,0.23167292,0.65115773,0.45012160,0.78925670,1.33415743,1.53041442,1.39648251,1.01531212
704,0.11625391,0.03245646,0.02084284,0.03223771,0.03994339,0.62820745,-0.40021583,0.18725387,-1.21295686,-0.04085819,-1.42936249,-0.21804780,-1.29287170,-0.34180385,-0.87157019,0.94276644,0.31600424,0.23430628,0.44067188,0.35903577,0.08928858,0.07930466,0.13380901,0.15554446,0.94276644,1.23693934,1.23280340,1.07942611,0.31600424,0.42534624,0.64468741,0.23430628,0.64276292,0.44067188,0.79617025,1.31249518,1.49424029,1.36066289,0.99153787
705,0.11769552,0.03467633,0.02250994,0.03517134,0.04318589,0.65254962,-0.40468934,0.19571375,-1.20493359,-0.03625997,-1.41898345,-0.22073154,-1.29639956,-0.35227528,-0.89334372,0.94281634,0.31694017,0.23519029,0.42571700,0.39578055,0.06837183,0.07895469,0.12895538,0.15120626,0.94281634,1.23791967,1.25147359,1.11861491,0.31694017,0.43978219,0.64711491,0.23519029,0.62448279,0.42571700,0.82362662,1.31819704,1.49485832,1.37158092,1.02251793
706,0.12419869,0.03673895,0.02152582,0.03602093,0.04633018,0.68844773,-0.40811772,0.20769825,-1.19482921,-0.03936805,-1.41592766,-0.23154437,-1.28902088,-0.36504677,-0.88636769,0.94496968,0.33345889,0.24526427,0.42599286,0.39769049,0.06539953,0.07734593,0.12362618,0.14582807,0.94496968,1.25492559,1.27670795,1.15797379,0.33345889,0.46497505,0.66966114,0.24526427,0.63380445,0.42599286,0.85288831,1.31253428,1.49127537,1.36422706,1.01813099
707,0.12200505,0.03702433,0.02207503,0.03838564,0.04942371,0.72038971,-0.43070673,0.22533821,-1.20325246,-0.02455145,-1.42490525,-0.22821026,-1.29832890,-0.36412726,-0.89281416,0.94532069,0.33561893,0.25587091,0.42918269,0.40895852,0.08620294,0.07765069,0.12000195,0.14293389,0.94532069,1.25750354,1.28986202,1.18092330,0.33561893,0.47917695,0.68463109,0.25587091,0.64349061,0.42918269,0.88465209,1.32499652,1.50198248,1.37331822,1.02551344
708,0.12612962,0.04041414,0.02314404,0.03959159,0.04680913,0.76276375,-0.44672347,0.24583346,-1.21614664,-0.02043629,-1.46618603,-0.23010417,-1.31548186,-0.38485544,-0.90589640,0.95877417,0.36695686,0.27274229,0.43893785,0.41388082,0.08186318,0.07759680,0.11397432,0.13788187,0.95877417,1.30258317,1.32491597,1.23941583,0.36695686,0.50151741,0.71953749,0.27274229,0.67885070,0.43893785,0.92515039,1.34453161,1.54376917,1.39263782,1.04941277
709,0.12231731,0.04443857,0.02093411,0.03733558,0.04543837,0.77331954,-0.42332910,0.24882590,-1.18885310,-0.01224644,-1.42323809,-0.23527240,-1.29550473,-0.40060123,-0.86638087,0.96054373,0.35237218,0.27048362,0.46124980,0.40013375,0.11797874,0.07759717,0.11159898,0.13592517,0.96054373,1.28968656,1.33981888,1.25836472,0.35237218,0.50933192,0.74097881,0.27048362,0.68941553,0.46124980,0.92138493,1.31961428,1.50305001,1.37577186,1.02127320
710,0.12082334,0.05287254,0.02488723,0.03614649,0.04335263,0.79997095,-0.42263871,0.25840198,-1.16552630,-0.01115686,-1.37660612,-0.23642855,-1.23910104,-0.40883911,-0.82931229,0.96093298,0.34464845,0.28281356,0.44658503,0.45197918,0.12114754,0.07673652,0.10933429,0.13357575,0.96093298,1.27500106,1.32661501,1.27900764,0.34464845,0.51981550,0.76935600,0.28281356,0.69165459,0.44658503,0.95246643,1.32610545,1.47796287,1.33472680,1.00501549
711,0.12029388,0.05222590,0.02286080,0.03588411,0.04502006,0.84452024,-0.45240393,0.29461827,-1.19849005,0.01574810,-1.41959025,-0.22156224,-1.27256660,-0.39643406,-0.85662795,0.97311297,0.35768571,0.29657185,0.45257158,0.45571953,0.13402536,0.07793284,0.10350111,0.12956082,0.97311297,1.30009660,1.35461090,1.31113884,0.35768571,0.53890224,0.78974973,0.29657185,0.71071683,0.45257158,0.99345512,1.35499311,1.51310791,1.35931541,1.02061947
712,0.11812211,0.05256250,0.01935024,0.03457853,0.04822136,0.86552735,-0.45488492,0.29803150,-1.21601519,0.01739458,-1.43035349,-0.21961277,-1.27895658,-0.39835681,-0.85724747,0.99259118,0.35584302,0.29840759,0.45888405,0.45246437,0.12733453,0.07646618,0.10165949,0.12720742,0.99259118,1.31576610,1.37037283,1.33161475,0.35584302,0.54088309,0.80196809,0.29840759,0.71946927,0.45888405,1.01150346,1.36692179,1.51688639,1.35938838,1.01764981
713,0.12232029,0.05938747,0.02228326,0.03183140,0.04457571,0.87628883,-0.45924389,0.29407689,-1.20222550,0.01073553,-1.41602237,-0.23084514,-1.25702472,-0.41033222,-0.84239299,0.99497792,0.35870548,0.30866824,0.45295727,0.47632280,0.12196015,0.07567086,0.10070747,0.12596854,0.99497792,1.31670422,1.37340010,1.34806728,0.35870548,0.55138286,0.81391334,0.30866824,0.72523065,0.45295727,1.02669985,1.37070861,1.51458125,1.34827311,1.01776113
714,0.12145781,0.05565391,0.02066220,0.03151699,0.04434843,0.89581936,-0.45258046,0.30489729,-1.17919211,0.01341707,-1.41219098,-0.23268439,-1.25068634,-0.41352630,-0.84301661,0.98921008,0.37723113,0.31344438,0.44725329,0.47073869,0.11983944,0.07571468,0.09917720,0.12477512,0.98921008,1.32993624,1.39092003,1.37173048,0.37723113,0.56626886,0.81720779,0.31344438,0.72542257,0.44725329,1.03985732,1.35352596,1.51024411,1.34203907,1.01818507
715,0.12000764,0.06068152,0.02155771,0.03682866,0.05113628,0.89412171,-0.45492377,0.29514854,-1.15973433,0.00332142,-1.39196888,-0.23416678,-1.23210307,-0.41891737,-0.81667332,0.97680466,0.37766279,0.30708534,0.45587407,0.47967027,0.13016361,0.07501901,0.09878838,0.12404433,0.97680466,1.31772489,1.37754625,1.36641333,0.37766279,0.56080023,0.81799660,0.30708534,0.72807433,0.45587407,1.04309823,1.33859093,1.49316729,1.32557592,0.99961839
716,0.11779135,0.06411712,0.02381431,0.03818163,0.05242109,0.88036264,-0.44156668,0.29245865,-1.12935713,0.00032921,-1.36373783,-0.23975210,-1.21877952,-0.41785068,-0.80221736,0.95801284,0.37968318,0.30246106,0.45469337,0.46567140,0.12457379,0.07478391,0.09988577,0.12477901,0.95801284,1.29946154,1.37043536,1.35111551,0.37968318,0.56752273,0.81087343,0.30246106,0.71644676,0.45469337,1.02339882,1.30861967,1.46330461,1.31035176,0.98051956
717,0.12043040,0.06699093,0.02531472,0.03984403,0.05486071,0.86922978,-0.41456223,0.28783748,-1.09548810,-0.00613781,-1.33418908,-0.24325344,-1.18707215,-0.41311533,-0.77572911,0.94537939,0.38478884,0.30189539,0.44681782,0.45409791,0.11674936,0.07439546,0.10044531,0.12499578,0.94537939,1.29122873,1.35969586,1.33463806,0.38478884,0.56931186,0.80216908,0.30189539,0.70820896,0.44681782,1.00456551,1.27680323,1.43232730,1.27788672,0.95201293
718,0.12159770,0.06984702,0.02823046,0.04159604,0.05669834,0.88834772,-0.41441536,0.28623582,-1.09476880,-0.00817707,-1.32221291,-0.24541054,-1.19621436,-0.42745119,-0.78299861,0.96106371,0.37927412,0.29585129,0.45357931,0.46765241,0.11328505,0.07442233,0.09855351,0.12349687,0.96106371,1.29818660,1.38202644,1.36837964,0.37927412,0.57622809,0.81516812,0.29585129,0.70315287,0.45357931,1.02531050,1.28742112,1.42835230,1.29013000,0.96702584
719,0.12208390,0.07129079,0.03013874,0.04168242,0.05669071,0.89358839,-0.40542068,0.28586433,-1.08742448,-0.00689523,-1.30801991,-0.24301510,-1.18616772,-0.42753129,-0.78264354,0.97282038,0.37358084,0.29710334,0.44650421,0.49675350,0.11594288,0.07434977,0.09789624,0.12292909,0.97282038,1.30171327,1.38499817,1.37622804,0.37358084,0.57574500,0.81656637,0.29710334,0.69740504,0.44650421,1.03261910,1.30182905,1.43253020,1.29213439,0.97793330
720,0.12286280,0.06974747,0.03016846,0.04415598,0.05979010,0.89072251,-0.38403822,0.28286849,-1.08621790,-0.01224825,-1.29986486,-0.24736196,-1.18312737,-0.42331781,-0.77987544,0.98098509,0.37170498,0.29492868,0.44277113,0.48365327,0.10792734,0.07471511,0.09841570,0.12356374,0.98098509,1.30872926,1.39477498,1.37359334,0.37170498,0.57779343,0.81180608,0.29492868,0.68796206,0.44277113,1.02463933,1.29510059,1.42036916,1.28560672,0.96856543
721,0.12571974,0.06421927,0.02949637,0.04613645,0.05844571,0.89467212,-0.38548789,0.28353598,-1.10605064,-0.02066431,-1.32145951,-0.25721892,-1.20555474,-0.43532036,-0.80849156,0.99486186,0.37976279,0.29642367,0.43762423,0.48203075,0.09876922,0.07479318,0.09777768,0.12310359,0.99486186,1.33076612,1.41773022,1.39679271,0.37976279,0.58807143,0.81867096,0.29642367,0.68428744,0.43762423,1.02798947,1.30882124,1.43814283,1.30591536,0.99566028
722,0.12497651,0.06458255,0.02858691,0.04377435,0.05611757,0.87372810,-0.37853600,0.27293444,-1.09154718,-0.02145790,-1.30988632,-0.26023688,-1.19506038,-0.43304040,-0.79735007,0.97989499,0.37383873,0.29364360,0.43543655,0.46893602,0.11480308,0.07496049,0.09952979,0.12460038,0.97989499,1.31174549,1.40101268,1.37362444,0.37383873,0.57884662,0.80153997,0.29364360,0.67802930,0.43543655,1.00368102,1.28405573,1.41895582,1.29269848,0.98329337
723,0.12598411,0.06554925,0.02857714,0.04362151,0.05405430,0.86150595,-0.36957421,0.26598564,-1.07730324,-0.02001781,-1.30466767,-0.25754286,-1.17840000,-0.42471131,-0.77598292,0.97607319,0.37215939,0.29692266,0.43809537,0.49367385,0.09800078,0.07498717,0.10095071,0.12575421,0.97607319,1.30749924,1.38555316,1.35071600,0.37215939,0.56825093,0.79136999,0.29692266,0.68738007,0.43809537,0.99467955,1.28316205,1.42531671,1.28667356,0.97193758
724,0.12657708,0.06361273,0.02660320,0.04322388,0.05563126,0.84888962,-0.36739476,0.26018061,-1.07827778,-0.02649318,-1.31436623,-0.25846357,-1.17553974,-0.42379966,-0.76631319,0.96833345,0.37780228,0.29659057,0.44362815,0.47373107,0.09977471,0.07456863,0.10189854,0.12626873,0.96833345,1.30880321,1.37463305,1.33494738,0.37780228,0.56131989,0.78798222,0.29659057,0.69715300,0.44362815,0.98248554,1.27269322,1.42683166,1.27900319,0.95774188
725,0.12542103,0.06195802,0.02942737,0.04434221,0.04999251,0.83620409,-0.36895280,0.26171887,-1.08249796,-0.02317492,-1.31502347,-0.26283970,-1.18182786,-0.42490660,-0.78338036,0.96213056,0.37233968,0.29996469,0.43304744,0.49563495,0.09605349,0.07470378,0.10316128,0.12736917,0.96213056,1.29968393,1.37174741,1.32900682,0.37233968,0.56340608,0.78348072,0.29996469,0.68812055,0.43304744,0.97841357,1.28614074,1.43945033,1.29632973,0.98236144
726,0.12313696,0.05998241,0.02679746,0.04195914,0.04908730,0.83625155,-0.38639991,0.25615087,-1.10977009,-0.03360781,-1.35536090,-0.26801329,-1.20289096,-0.43169385,-0.79946864,0.96980753,0.38490872,0.30474769,0.43795723,0.47840437,0.10639695,0.07450616,0.10284625,0.12699811,0.96980753,1.32089621,1.37702659,1.33459086,0.38490872,0.56308993,0.78917478,0.30474769,0.70424852,0.43795723,0.98283498,1.29998836,1.46857285,1.30968161,0.99099208
727,0.12201802,0.05549504,0.02531354,0.04201728,0.04964339,0.83642988,-0.38998958,0.25986943,-1.13485566,-0.03112918,-1.37629141,-0.26808139,-1.22599727,-0.43319850,-0.81558345,0.98264857,0.38291270,0.30517470,0.44458787,0.48132364,0.09882350,0.07441422,0.10253400,0.12669134,0.98264857,1.33177560,1.38879623,1.34020256,0.38291270,0.56531942,0.79544629,0.30517470,0.70923650,0.44458787,0.98613362,1.32252375,1.48883174,1.33219545,1.00750670
728,0.11970411,0.05666522,0.02605410,0.04084113,0.04813383,0.82426005,-0.39438274,0.24878285,-1.13880383,-0.04238169,-1.37614472,-0.27697125,-1.22844259,-0.43885138,-0.81738455,0.98057708,0.38016832,0.30073653,0.44419900,0.47405958,0.10396967,0.07407661,0.10330966,0.12712290,0.98057708,1.32749842,1.38512021,1.33318184,0.38016832,0.56134234,0.79065596,0.30073653,0.70421499,0.44419900,0.97742373,1.32172180,1.48805090,1.33658332,1.01098121
729,0.11742102,0.05022382,0.02340699,0.03834416,0.04570758,0.82168004,-0.41606504,0.23741203,-1.17817409,-0.05706847,-1.42574004,-0.29086367,-1.28086539,-0.44590747,-0.84315756,0.99778953,0.38837795,0.29743831,0.46679534,0.46791410,0.11634570,0.07424779,0.10330209,0.12721657,0.99778953,1.35611654,1.41299513,1.33881226,0.38837795,0.56330960,0.79056451,0.29743831,0.71866695,0.46679534,0.98228695,1.34889868,1.53255772,1.38713300,1.03364846
730,0.12075351,0.04680081,0.02242825,0.03862221,0.04447661,0.81459244,-0.42242059,0.23451070,-1.17786983,-0.05735416,-1.42862034,-0.29000545,-1.28541488,-0.45113498,-0.85633876,0.98922409,0.38862861,0.29460792,0.46068863,0.46347639,0.10126048,0.07490587,0.10417804,0.12831194,0.98922409,1.34831088,1.40548006,1.33920442,0.38862861,0.56021005,0.78622100,0.29460792,0.71214847,0.46068863,0.97844077,1.34556435,1.53272246,1.38987453,1.04557609
731,0.12007993,0.04719707,0.02462711,0.03666853,0.04246357,0.79036663,-0.39967044,0.23230329,-1.14362233,-0.05261858,-1.36674773,-0.28265596,-1.23350323,-0.43745557,-0.81553167,0.96411554,0.36467288,0.28546159,0.44825579,0.43986075,0.09959494,0.07502128,0.10708735,0.13075126,0.96411554,1.29986459,1.36298607,1.29761533,0.36467288,0.54355356,0.77128070,0.28546159,0.68915641,0.44825579,0.94652339,1.30679214,1.47165959,1.33950535,1.00485445
732,0.12595378,0.05000090,0.02540509,0.04229862,0.04843723,0.79365597,-0.38070556,0.23723379,-1.12210788,-0.04778172,-1.34652606,-0.27924929,-1.22975034,-0.44010496,-0.81676122,0.96011613,0.36706113,0.27964997,0.44538570,0.44163364,0.06607906,0.07497043,0.10706095,0.13070047,0.96011613,1.29556623,1.37111875,1.30933552,0.36706113,0.55155318,0.77069675,0.27964997,0.67580531,0.44538570,0.94248487,1.28835691,1.44819574,1.33108911,1.00338638
733,0.12665075,0.04742152,0.02333707,0.04076636,0.04753654,0.81131860,-0.39920417,0.24564724,-1.14696969,-0.04061826,-1.38481176,-0.27508956,-1.26340403,-0.43976328,-0.83670901,0.96996490,0.37591998,0.28358086,0.45911820,0.42007206,0.08601208,0.07509413,0.10549534,0.12949284,0.96996490,1.31735734,1.39125612,1.32639322,0.37591998,0.55603086,0.77757382,0.28358086,0.69305342,0.45911820,0.95585524,1.29907577,1.47471757,1.35404463,1.01215536
734,0.12958576,0.05073797,0.02745548,0.04250611,0.04707655,0.83023355,-0.39112911,0.26444475,-1.13885081,-0.02208908,-1.38731491,-0.26655779,-1.27728034,-0.43820979,-0.86020543,0.97252881,0.38275849,0.28763304,0.45260942,0.43230515,0.08011015,0.07536028,0.10398867,0.12842436,0.97252881,1.32719780,1.41374115,1.35392504,0.38275849,0.57045629,0.78033764,0.28763304,0.68644587,0.45260942,0.96708758,1.29765526,1.47872645,1.36684935,1.03358835
735,0.12200607,0.05237486,0.02654006,0.03909272,0.04529843,0.85519223,-0.39960648,0.30044223,-1.16390534,0.00474675,-1.42953741,-0.23594407,-1.30901443,-0.41493407,-0.90794601,0.97546441,0.39984280,0.28514854,0.43994198,0.40238112,0.08788898,0.07513459,0.10099423,0.12587709,0.97546441,1.35068827,1.42443031,1.37048095,0.39984280,0.57240838,0.77708171,0.28514854,0.68008471,0.43994198,0.98116410,1.30649880,1.50436415,1.38180722,1.05745892
736,0.12723367,0.05497059,0.02721279,0.03663976,0.04493503,0.87283691,-0.38295684,0.32946918,-1.16220418,0.03543280,-1.41701612,-0.20871772,-1.28824576,-0.39230635,-0.88904816,0.98440789,0.39166738,0.29057769,0.43985770,0.40473140,0.10828106,0.07564221,0.09924658,0.12478633,0.98440789,1.34757134,1.41572376,1.36642987,0.39166738,0.56916409,0.78734100,0.29057769,0.68851225,0.43985770,0.98174923,1.30482899,1.48667856,1.35314024,1.02862419
737,0.13200024,0.05113049,0.02649416,0.03557315,0.04212503,0.91269508,-0.40827074,0.37869704,-1.20559604,0.07973777,-1.45044392,-0.17657137,-1.34806815,-0.37402334,-0.94497483,0.99579493,0.38857475,0.29228324,0.44959424,0.41763795,0.07813162,0.07547631,0.09562216,0.12182065,0.99579493,1.35301160,1.44442090,1.39797947,0.38857475,0.58939402,0.81301639,0.29228324,0.69012445,0.44959424,1.02724837,1.35959286,1.52397969,1.40763061,1.07131159
738,0.12996396,0.05561334,0.03053626,0.03713955,0.04669177,0.93724293,-0.42235708,0.42546903,-1.20896467,0.12216617,-1.43946584,-0.13422589,-1.33104473,-0.34421149,-0.94230191,0.98438532,0.38245418,0.29198039,0.44208645,0.44846339,0.10198806,0.07624505,0.09413652,0.12114039,0.98438532,1.32974370,1.41579538,1.39217371,0.38245418,0.58569558,0.82600439,0.29198039,0.68942866,0.44208645,1.04948587,1.37881889,1.52059354,1.39250198,1.06976530
739,0.13147932,0.05008481,0.02971582,0.03781832,0.04800599,0.99546860,-0.38967977,0.50254121,-1.24077597,0.18723450,-1.46537931,-0.08529302,-1.34017376,-0.32327882,-0.96953013,1.02898668,0.38900130,0.31184773,0.44048368,0.46600900,0.07224926,0.07521880,0.08967340,0.11704353,1.02898668,1.37120794,1.45033182,1.45123246,0.38900130,0.60886010,0.87846488,0.31184773,0.71721252,0.44048368,1.09275502,1.43939582,1.55668135,1.40272364,1.09818155
740,0.13322952,0.04370354,0.02830161,0.03829466,0.05081593,1.04228981,-0.39178907,0.56254597,-1.25521051,0.25184866,-1.47694229,-0.01734076,-1.36665435,-0.28145570,-1.00602352,1.04080625,0.38354815,0.30562955,0.44703852,0.49576531,0.03499742,0.07472429,0.08718430,0.11482517,1.04080625,1.37358774,1.45323821,1.47177077,0.38354815,0.60491689,0.89061200,0.30562955,0.71837023,0.44703852,1.13623634,1.48297716,1.58485389,1.43071868,1.12492139
741,0.13291667,0.04448646,0.02853975,0.03985691,0.04989044,1.05159750,-0.39581896,0.60088345,-1.24304657,0.30146834,-1.47771052,0.02202200,-1.36335762,-0.24892651,-1.00701049,1.02199716,0.38198677,0.31661518,0.44768257,0.52315176,0.01591581,0.07431788,0.08659616,0.11411417,1.02199716,1.35410364,1.43012714,1.45324066,0.38198677,0.60533031,0.89220892,0.31661518,0.73110503,0.44768257,1.14534436,1.49502776,1.60153166,1.43387938,1.12630192
742,0.12973056,0.04876730,0.02646120,0.04023896,0.04993738,1.06456948,-0.40033490,0.61985666,-1.25225723,0.33961040,-1.50641031,0.04886246,-1.37099043,-0.23849228,-1.02424803,1.02982187,0.37974568,0.33411424,0.45033778,0.53930277,-0.01998747,0.07531327,0.08522950,0.11373723,1.02982187,1.36483131,1.42591883,1.46497216,0.37974568,0.59674424,0.89721049,0.33411424,0.75870828,0.45033778,1.15635220,1.51243488,1.63792910,1.44455836,1.14445159
743,0.12725640,0.04716763,0.02462490,0.03929325,0.05004739,1.09835737,-0.35989763,0.66207089,-1.26704747,0.39214149,-1.53088298,0.09385442,-1.38634963,-0.22291563,-1.06198458,1.07138473,0.37785849,0.33817604,0.45355683,0.51625711,-0.01167940,0.07606123,0.08394098,0.11327577,1.07138473,1.41138832,1.46367109,1.52500601,0.37785849,0.58673097,0.91128223,0.33817604,0.77532676,0.45355683,1.16602042,1.52150135,1.65851840,1.45638893,1.17427276
744,0.12458681,0.04721616,0.02450186,0.04122998,0.05486937,1.06122347,-0.30701682,0.66714290,-1.20643563,0.40160878,-1.46377304,0.10216376,-1.34963083,-0.21583243,-1.02126697,1.04983594,0.37014878,0.32641813,0.45731667,0.52480316,-0.00867014,0.07684496,0.08574334,0.11513934,1.04983594,1.37802299,1.44652555,1.49498115,0.37014878,0.58814364,0.90450997,0.32641813,0.76115879,0.45731667,1.11582302,1.47633954,1.60173649,1.42615962,1.14205011
745,0.13490237,0.04499519,0.02103791,0.03766269,0.05245242,1.14267230,-0.32539381,0.72952570,-1.26556371,0.45742490,-1.55248842,0.14932176,-1.44689878,-0.19253526,-1.09759103,1.09355314,0.39559872,0.32946033,0.48888863,0.51176061,-0.05281937,0.07804368,0.08089231,0.11240277,1.09355314,1.45190086,1.53084571,1.57649626,0.39559872,0.61095735,0.93855999,0.32946033,0.79425729,0.48888863,1.19512479,1.54567427,1.69208663,1.52083427,1.20380756
746,0.13295171,0.04800053,0.02526838,0.04508062,0.05491208,1.12188673,-0.30330839,0.74436805,-1.25905582,0.47566274,-1.53760783,0.16508263,-1.43504697,-0.17179008,-1.09940291,1.09910051,0.38719037,0.33544767,0.47554230,0.55166640,-0.05556864,0.07694651,0.08153741,0.11211206,1.09910051,1.44382683,1.51293008,1.54931103,0.38719037,0.61144325,0.93383934,0.33544767,0.78529008,0.47554230,1.17430224,1.56558189,1.69999752,1.51991546,1.20924311
747,0.13197825,0.04675722,0.02572845,0.04426344,0.05583995,1.13255949,-0.29597260,0.75763875,-1.24935667,0.49209215,-1.56165827,0.18020522,-1.44964326,-0.15933080,-1.09382734,1.09388949,0.40994490,0.33552048,0.49185089,0.53891035,-0.06065633,0.07668131,0.08192944,0.11221611,1.09388949,1.47015586,1.53275972,1.55579783,0.40994490,0.61320222,0.93112844,0.33552048,0.80339708,0.49185089,1.18061192,1.55668526,1.72402031,1.53992428,1.21013289
748,0.13351979,0.04463420,0.02460115,0.04355295,0.05537451,1.11594948,-0.27402723,0.75005964,-1.25234208,0.49553751,-1.54632321,0.18277723,-1.42819825,-0.16422302,-1.09801997,1.11116669,0.38896882,0.33851831,0.47901011,0.53581238,-0.04816959,0.07646942,0.08230288,0.11234472,1.11116669,1.46787610,1.52166598,1.56001620,0.38896882,0.59551442,0.92802414,0.33851831,0.79911647,0.47901011,1.15963072,1.55473127,1.71265050,1.52138918,1.21610240
749,0.13355644,0.03950459,0.02171116,0.04187192,0.05258717,1.13578653,-0.28960449,0.78354709,-1.28621477,0.51949519,-1.58969019,0.20152130,-1.47596449,-0.15192888,-1.14520053,1.12505903,0.40226958,0.34236076,0.48412276,0.56101747,-0.06886732,0.07649767,0.08093420,0.11136534,1.12505903,1.48953174,1.54554879,1.58209905,0.40226958,0.61473391,0.94733690,0.34236076,0.80675632,0.48412276,1.18287188,1.60144677,1.75887166,1.56766117,1.25677969
750,0.13375957,0.04025908,0.01964674,0.04231680,0.05325195,1.18664907,-0.31094710,0.82522607,-1.30879609,0.56420248,-1.63881049,0.24503459,-1.52975193,-0.14096328,-1.17711693,1.13255637,0.42083035,0.34133187,0.52283481,0.56505349,-0.07898379,0.07633887,0.07805642,0.10918071,1.13255637,1.52084038,1.57953959,1.62416194,0.42083035,0.62246668,0.97601350,0.34133187,0.84429680,0.52283481,1.23482219,1.63767993,1.81662239,1.62542214,1.28470895
751,0.13211556,0.03551259,0.02336468,0.04774815,0.05751552,1.20506702,-0.30435600,0.85804552,-1.28017022,0.60766388,-1.59767462,0.28848822,-1.51819113,-0.11002596,-1.18953176,1.12000301,0.40467901,0.33331450,0.51660506,0.60882281,-0.12714100,0.07759718,0.07755851,0.10971164,1.12000301,1.49180465,1.56990484,1.63390815,0.40467901,0.61843873,0.97278530,0.33331450,0.82695395,0.51660506,1.25127284,1.64343522,1.80733857,1.63474030,1.31108619
752,0.13334551,0.03608049,0.02434720,0.04768156,0.05914804,1.21573757,-0.31657256,0.86841950,-1.22825252,0.62919578,-1.53706111,0.30685284,-1.47309330,-0.08953071,-1.16749971,1.06688390,0.39179556,0.33252773,0.50086496,0.61497640,-0.13297843,0.07844982,0.07606381,0.10927066,1.06688390,1.43076289,1.52732872,1.61643185,0.39179556,0.61296548,0.95987611,0.33252773,0.80879992,0.50086496,1.26082279,1.59781316,1.75560970,1.59144152,1.28824391
753,0.14039396,0.03301741,0.02100166,0.04499350,0.06090818,1.24175722,-0.27401758,0.89796114,-1.22003130,0.66033502,-1.54510234,0.33015099,-1.47645159,-0.06750536,-1.15491082,1.09130171,0.40585588,0.33853232,0.51182025,0.61880076,-0.11572205,0.07739989,0.07270265,0.10619048,1.09130171,1.47544607,1.57261204,1.64481655,0.40585588,0.62338931,0.96858505,0.33853232,0.82587721,0.51182025,1.27458673,1.59790227,1.77090677,1.60297290,1.28127946
754,0.14135146,0.03740101,0.02105603,0.04466861,0.06065520,1.22387271,-0.24891939,0.92915186,-1.21619243,0.68663548,-1.53379626,0.34842246,-1.46721939,-0.05046435,-1.17115663,1.09700747,0.40171585,0.34799697,0.49703851,0.60908266,-0.13530177,0.07653174,0.07386546,0.10636359,1.09700747,1.46871919,1.55755947,1.63222611,0.40171585,0.63269706,0.98070364,0.34799697,0.82205852,0.49703851,1.25334478,1.61983495,1.77502483,1.59640969,1.29091778
755,0.14838611,0.03019105,0.02248391,0.04510076,0.05768502,1.23675855,-0.20004414,0.92568489,-1.19545881,0.69875090,-1.49300757,0.35846046,-1.45488228,-0.02942949,-1.15417520,1.11612759,0.37582345,0.34417830,0.49141461,0.61674715,-0.14780393,0.07764962,0.07391565,0.10720535,1.11612759,1.46567112,1.58245561,1.64070244,0.37582345,0.62373398,0.95632303,0.34417830,0.80321676,0.49141461,1.25902210,1.59964042,1.74002647,1.58683093,1.27755352
756,0.14854856,0.03104082,0.02063506,0.04365898,0.05670155,1.22678228,-0.20332425,0.92991482,-1.21741398,0.71098772,-1.50917158,0.36626375,-1.47215620,-0.03497645,-1.15793436,1.13131185,0.36561715,0.34811799,0.51017570,0.59449967,-0.11507152,0.07666281,0.07586090,0.10785204,1.13131185,1.46814911,1.58388758,1.63731558,0.36561715,0.61857605,0.96687431,0.34811799,0.82455568,0.51017570,1.24915028,1.61864841,1.75585607,1.60249483,1.27804711
757,0.13681820,0.03254414,0.01934745,0.04017448,0.05707643,1.21154763,-0.21368051,0.96131893,-1.25348818,0.73641435,-1.54817937,0.39779035,-1.55301016,-0.01044831,-1.18496637,1.14778593,0.37374435,0.33993151,0.55007045,0.58531624,-0.13234717,0.07651042,0.07652018,0.10820898,1.14778593,1.49067451,1.62636208,1.62630929,0.37374435,0.63844120,0.97498667,0.33993151,0.83053581,0.55007045,1.23474781,1.66368105,1.80652197,1.69169120,1.31136913
758,0.15194481,0.03156252,0.01635841,0.03579555,0.05465800,1.22972875,-0.19643767,0.97192406,-1.24679602,0.75442685,-1.56778293,0.41033368,-1.55964712,-0.00265823,-1.16760166,1.15060686,0.39050616,0.34422825,0.56988075,0.57118524,-0.11811352,0.07684466,0.07531104,0.10759580,1.15060686,1.51634884,1.64864888,1.63406874,0.39050616,0.64417614,0.97986602,0.34422825,0.85651606,0.56988075,1.24863492,1.65317745,1.81880269,1.69598121,1.28949751
759,0.15339742,0.03155234,0.01694668,0.03623130,0.05306944,1.19838100,-0.20316521,0.97267102,-1.23726628,0.76459334,-1.55783277,0.42434635,-1.55663077,0.01164660,-1.17057928,1.12170398,0.38403238,0.34048586,0.56569127,0.53347522,-0.09726332,0.07593508,0.07748103,0.10848708,1.12170398,1.48007835,1.60876028,1.58814256,0.38403238,0.63504262,0.96465819,0.34048586,0.84679265,0.56569127,1.21965852,1.64314192,1.80872247,1.68831699,1.28204371
760,0.14896236,0.03244082,0.01839636,0.03824850,0.05359838,1.13123027,-0.16788733,0.95288171,-1.17839574,0.74127991,-1.48510265,0.42429593,-1.47950592,0.02642813,-1.10855375,1.08858609,0.37368373,0.31866501,0.54432767,0.55429059,-0.11233939,0.07558396,0.08117359,0.11091478,1.08858609,1.42845804,1.53273803,1.49972704,0.37368373,0.60834722,0.92921501,0.31866501,0.80805841,0.54432767,1.15306652,1.59919947,1.74512510,1.62040887,1.22748059
761,0.13869774,0.03401853,0.01839367,0.03846633,0.05216741,1.07089263,-0.13973730,0.95241848,-1.15896125,0.73822944,-1.44537348,0.41512857,-1.42810857,0.01498201,-1.07556584,1.08139493,0.35848321,0.32634734,0.53343596,0.54824131,-0.11021330,0.07426117,0.08290576,0.11130178,1.08139493,1.39615800,1.48138600,1.45030301,0.35848321,0.60120352,0.94115630,0.32634734,0.81287266,0.53343596,1.09514355,1.58867859,1.71287746,1.57063675,1.19359687
762,0.15451867,0.03107741,0.02040394,0.03931495,0.05382203,1.11023711,-0.17324484,0.96532111,-1.16449192,0.76443346,-1.46736457,0.44068031,-1.45277149,0.03573240,-1.07361385,1.06090304,0.36629266,0.32506055,0.55526891,0.53843718,-0.09350594,0.07670450,0.08354732,0.11341840,1.06090304,1.39650452,1.49067932,1.45610531,0.36629266,0.59897453,0.93508069,0.32506055,0.82827900,0.55526891,1.13261662,1.59035349,1.73947577,1.60205272,1.20040991
763,0.14881119,0.03096911,0.02001292,0.03799161,0.05575056,1.05674340,-0.15233170,0.91865612,-1.15875441,0.73356113,-1.45371222,0.41250621,-1.43150321,0.02661566,-1.03103776,1.07232625,0.35137360,0.32252946,0.55651082,0.55128239,-0.06219845,0.07475094,0.08747323,0.11506202,1.07232625,1.39656990,1.47901321,1.40889831,0.35137360,0.57552972,0.90231471,0.32252946,0.82366640,0.55651082,1.07828450,1.55917619,1.71592301,1.57788076,1.16440065
764,0.14981246,0.03449853,0.01948821,0.03666207,0.05461212,0.96501624,-0.14196131,0.84319473,-1.10453900,0.67416519,-1.38360519,0.37097948,-1.36573958,0.01200612,-0.98369938,1.02654146,0.33130241,0.30538692,0.52435068,0.55555033,-0.02777323,0.07434203,0.09345415,0.11941698,1.02654146,1.33437867,1.40738433,1.32485128,0.33130241,0.54024884,0.84073594,0.30538692,0.77382597,0.52435068,0.99267556,1.48357513,1.64377555,1.51662520,1.13026928
765,0.15477132,0.03265701,0.01917006,0.03425778,0.05074000,0.96787785,-0.16245243,0.84891726,-1.13273375,0.67834315,-1.41136990,0.38248706,-1.38494347,0.01354952,-0.99342091,1.03236113,0.33026171,0.29808785,0.53814977,0.55663627,-0.02315115,0.07404067,0.09397455,0.11963795,1.03236113,1.33725207,1.40120101,1.31822076,0.33026171,0.53076431,0.84773332,0.29808785,0.78533463,0.53814977,0.99690674,1.50358672,1.66148133,1.53152933,1.13291620
766,0.15090544,0.03216891,0.01877909,0.03607264,0.05144653,0.97313324,-0.15936709,0.85835892,-1.12651795,0.69199964,-1.41911545,0.39064532,-1.39385883,0.02607697,-1.00535799,1.02766196,0.34097315,0.30391460,0.53297027,0.54854075,-0.03467398,0.07502679,0.09427041,0.12048207,1.02766196,1.34620858,1.40973484,1.32183012,0.34097315,0.53927686,0.84195743,0.30391460,0.78414937,0.53297027,1.00166485,1.50322275,1.67467468,1.54091545,1.14283769
767,0.14517346,0.03381659,0.01801358,0.03332024,0.05000191,0.97102266,-0.15863202,0.85703909,-1.12886761,0.69587510,-1.42419188,0.39486376,-1.41040169,0.03082320,-1.00229446,1.02657514,0.34092312,0.30217549,0.54714177,0.51869945,-0.02627268,0.07459576,0.09454921,0.12043288,1.02657514,1.34709650,1.42124908,1.31486948,0.34092312,0.54214690,0.83731561,0.30217549,0.78760635,0.54714177,0.99673066,1.49478477,1.67137056,1.55002931,1.13157671
768,0.14044745,0.03357432,0.01861914,0.03424290,0.05048244,0.94959582,-0.15641260,0.85604090,-1.14091224,0.69025502,-1.42477692,0.39633380,-1.39949756,0.03512057,-1.00275688,1.04262977,0.33468058,0.29640515,0.53678575,0.52761694,-0.04337347,0.07521798,0.09584025,0.12183225,1.04262977,1.35297344,1.40858243,1.30281880,0.33468058,0.52854257,0.83397735,0.29640515,0.77939796,0.53678575,0.97512836,1.50732180,1.67605456,1.54517594,1.13831061
769,0.14306429,0.03131737,0.01635991,0.03315774,0.04982562,0.96122644,-0.17829837,0.86533118,-1.15571573,0.70707252,-1.44767184,0.41334159,-1.42672185,0.05121666,-1.01850280,1.03148588,0.33847662,0.29481087,0.54620326,0.49614300,-0.02878900,0.07583008,0.09601547,0.12234857,1.03148588,1.34939820,1.41181732,1.29864520,0.33847662,0.52951141,0.82900481,0.29481087,0.78385342,0.54620326,0.98616591,1.51074742,1.68999638,1.56609476,1.14468362
770,0.14966065,0.03070945,0.01515424,0.03187736,0.04920436,0.95543244,-0.17520619,0.86630545,-1.15260507,0.70955901,-1.44257447,0.43008367,-1.41875889,0.05587277,-1.01503292,1.03258767,0.33536014,0.28060266,0.55101079,0.52011935,-0.02217244,0.07600140,0.09702317,0.12324653,1.03258767,1.34652045,1.40099528,1.29367278,0.33536014,0.51382534,0.82571165,0.28060266,0.78125458,0.55101079,0.98177660,1.51454116,1.69127716,1.57016519,1.15177182
771,0.14811228,0.03210410,0.01488706,0.03296888,0.04943590,0.92440364,-0.17313866,0.84556684,-1.12661047,0.69155295,-1.40493308,0.41372682,-1.38353431,0.04713024,-0.98550992,1.00556559,0.32333692,0.27882165,0.54146982,0.52404033,0.01232352,0.07508425,0.09937346,0.12455011,1.00556559,1.30638588,1.36155780,1.25369082,0.32333692,0.50479407,0.81361302,0.27882165,0.76895174,0.54146982,0.95464100,1.48605169,1.65362265,1.53538009,1.12517943
772,0.14394296,0.03168972,0.01731404,0.03532384,0.04971690,0.92997509,-0.17918074,0.85209124,-1.11191463,0.70012987,-1.38899488,0.40999234,-1.33331312,0.04821372,-0.97829916,0.99232955,0.32243495,0.29623418,0.50718481,0.54430861,0.00333427,0.07636646,0.09981295,0.12567602,0.99232955,1.29284329,1.31935350,1.25218165,0.32243495,0.49623865,0.81711677,0.29623418,0.77050716,0.50718481,0.96137276,1.48567736,1.65280507,1.49473207,1.12572812
773,0.15148692,0.03140258,0.01850281,0.03616387,0.04843534,0.93551437,-0.16289466,0.86757347,-1.07662478,0.71266220,-1.35986665,0.42085235,-1.31497245,0.06894735,-0.96680607,0.97418632,0.32668273,0.29579215,0.49541112,0.54782497,0.00285469,0.07667538,0.09915699,0.12534441,0.97418632,1.27573707,1.31295874,1.24231508,0.32668273,0.50733742,0.80777432,0.29579215,0.75423290,0.49541112,0.96481283,1.47086917,1.63138611,1.48020777,1.11591277
774,0.14927179,0.03198035,0.02041257,0.03740346,0.05098716,0.92977165,-0.16208339,0.88179291,-1.06841660,0.72616790,-1.34409679,0.42766125,-1.31120298,0.07260047,-0.95853126,0.97160033,0.32435915,0.30151148,0.50065538,0.57863759,-0.00844084,0.07671765,0.09944659,0.12559945,0.97160033,1.26998474,1.31344817,1.23821075,0.32435915,0.51681563,0.81869726,0.30151148,0.75892269,0.50065538,0.96004680,1.48063794,1.63889300,1.49099281,1.12321238
775,0.14411802,0.03188083,0.01808200,0.03555689,0.05135663,0.95795208,-0.16892081,0.90616272,-1.10728728,0.75708209,-1.39776848,0.45607028,-1.36234947,0.07970887,-0.98624856,0.99607584,0.33456195,0.30343572,0.53260515,0.54213221,-0.02619420,0.07716899,0.09758640,0.12441125,0.99607584,1.30877052,1.35171501,1.26862454,0.33456195,0.52063359,0.83931670,0.30343572,0.79263495,0.53260515,0.98312304,1.50685401,1.68066824,1.53169355,1.13447034
776,0.14860863,0.02781022,0.01485317,0.03117311,0.04713861,0.97279037,-0.16763607,0.91544806,-1.12016005,0.75324559,-1.40965806,0.45983541,-1.39727635,0.08728131,-1.00481357,1.00412438,0.33768047,0.29367324,0.54184037,0.48281279,-0.03367613,0.07793322,0.09771430,0.12498668,1.00412438,1.31585923,1.38383787,1.28310158,0.33768047,0.53679944,0.84090118,0.29367324,0.77981857,0.54184037,0.99342635,1.50756783,1.67075701,1.54909922,1.13173430
777,0.14471553,0.02931602,0.01658427,0.03321344,0.04850935,0.95117939,-0.18467477,0.88924304,-1.12009517,0.72906103,-1.40759818,0.44302807,-1.37019650,0.06772139,-1.00301031,0.98679639,0.33548651,0.28875099,0.52577731,0.50124027,-0.00389770,0.07615204,0.09945921,0.12526479,0.98679639,1.29774100,1.33923717,1.26518440,0.33548651,0.51419169,0.83365904,0.28875099,0.77542284,0.52577731,0.97778219,1.49610639,1.66350209,1.52163009,1.13143425
778,0.14796223,0.03049477,0.01788950,0.03515598,0.04944569,0.93851012,-0.16736074,0.86613387,-1.08665076,0.71133015,-1.36995413,0.42564297,-1.32803840,0.06781089,-0.97457513,0.97300158,0.33021155,0.28919454,0.50378529,0.49434400,-0.00133096,0.07655976,0.10125327,0.12693943,0.97300158,1.28146142,1.32004942,1.25047361,0.33021155,0.50511309,0.81030226,0.28919454,0.75537964,0.50378529,0.96270236,1.45899241,1.62694164,1.48078888,1.10977386
779,0.14338338,0.03127576,0.02225916,0.04046048,0.05148243,0.96409461,-0.16443383,0.87547502,-1.05875015,0.72097027,-1.34573363,0.42281087,-1.29507385,0.06420028,-0.96899458,0.96050664,0.33531711,0.30452566,0.48527052,0.51850567,-0.02213839,0.07697181,0.10025559,0.12639559,0.96050664,1.27636795,1.31048087,1.27348675,0.33531711,0.51245929,0.81895067,0.30452566,0.75724733,0.48527052,0.98906340,1.45739425,1.62795308,1.46164285,1.11761706
780,0.14450228,0.03159933,0.02232179,0.04093030,0.05403358,0.97722951,-0.15441929,0.88031251,-1.03588690,0.72958313,-1.33304701,0.43291887,-1.28978569,0.05497211,-0.95703206,0.95426574,0.34236470,0.30188336,0.50390959,0.55369233,-0.03805268,0.07808294,0.09851000,0.12570269,0.95426574,1.27921544,1.31983604,1.29099816,0.34236470,0.51623598,0.83142577,0.30188336,0.77250247,0.50390959,1.00356346,1.45574820,1.63359449,1.47279226,1.12193086
781,0.14876120,0.03174784,0.02271762,0.03873939,0.05147294,1.04838610,-0.14252497,0.93402407,-1.06472495,0.77283483,-1.36360854,0.46150081,-1.33751136,0.07603718,-1.00422888,1.00447779,0.34890810,0.31428170,0.51001609,0.56756415,-0.10020397,0.07978996,0.09368020,0.12305453,1.00447779,1.33415612,1.39825248,1.37455811,0.34890810,0.54754966,0.86275534,0.31428170,0.78411904,0.51001609,1.06747442,1.50984403,1.67945135,1.52505566,1.16744200
782,0.15121116,0.03069506,0.02179171,0.03826445,0.05323706,1.07333303,-0.15719054,0.96090968,-1.07157125,0.79724624,-1.35010199,0.48722667,-1.33851816,0.08390621,-0.99760303,1.00298123,0.33318567,0.31176443,0.52849964,0.58990044,-0.13440920,0.07994001,0.09187812,0.12178668,1.00298123,1.31446216,1.39250633,1.37987639,0.33318567,0.54608296,0.88299460,0.31176443,0.79574855,0.52849964,1.09468946,1.53849975,1.68790295,1.54339480,1.17478231
783,0.14901261,0.03576542,0.02360607,0.04134015,0.05639764,1.05302383,-0.11504793,0.93307789,-0.97505907,0.77372392,-1.26353492,0.46003267,-1.24702791,0.05818025,-0.93627702,0.96412248,0.34226069,0.31831809,0.50799085,0.63177025,-0.14370764,0.07805367,0.09178830,0.12048845,0.96412248,1.28781874,1.35810700,1.36891253,0.34226069,0.54718259,0.87662789,0.31831809,0.78863186,0.50799085,1.07851807,1.48589734,1.64470580,1.48516227,1.14744212
784,0.15118568,0.04142959,0.02529708,0.04646231,0.06212457,1.09756744,-0.10015175,0.96386804,-0.94557445,0.79977024,-1.23316828,0.47871363,-1.21656581,0.07101471,-0.92990397,0.94952253,0.33787484,0.32544838,0.49841963,0.59134334,-0.18033269,0.07967889,0.08720284,0.11812307,0.94952253,1.26538083,1.34620471,1.38917866,0.33787484,0.55595585,0.89326092,0.32544838,0.79063499,0.49841963,1.11972813,1.48115421,1.61783690,1.44926225,1.12590267
785,0.15262034,0.03510576,0.02948265,0.05213007,0.06173126,1.16112037,-0.07804217,1.02915064,-0.87060557,0.83945361,-1.17406984,0.51165554,-1.12285282,0.10773873,-0.92547177,0.89774854,0.36410597,0.33616092,0.45004308,0.55913301,-0.21545269,0.08036007,0.08500849,0.11697942,0.89774854,1.23423604,1.29782340,1.41994775,0.36410597,0.57584486,0.92365874,0.33616092,0.77351230,0.45004308,1.17694236,1.46601022,1.58018812,1.36738887,1.11362229
786,0.15280023,0.03124091,0.02458102,0.04737754,0.06714602,1.20628594,-0.07183904,1.10253971,-0.83079145,0.89408086,-1.18333295,0.56252766,-1.16778133,0.13867685,-0.92163143,0.86362949,0.41326577,0.33435222,0.49096207,0.54932234,-0.22112232,0.08138441,0.07980797,0.11398568,0.86362949,1.24058973,1.33668778,1.43437566,0.41326577,0.63670890,0.96910174,0.33435222,0.79954036,0.49096207,1.21529818,1.47801467,1.59364932,1.40529764,1.09313606
787,0.14524050,0.02786948,0.02358130,0.05516451,0.08124365,1.18717416,-0.03085910,1.09152053,-0.70351832,0.88150484,-1.04814524,0.54026381,-1.04783521,0.12112045,-0.83230496,0.79627680,0.40970995,0.34711378,0.47185460,0.53325459,-0.19246986,0.07975211,0.08108322,0.11373165,0.79627680,1.16806872,1.27713383,1.40597036,0.40970995,0.64999055,0.97935855,0.34711378,0.79148469,0.47185460,1.19641590,1.41436860,1.50794296,1.30838578,1.02743985
788,0.14719608,0.03337348,0.02878726,0.05995458,0.08451877,1.21352939,0.00526420,1.13975334,-0.59574491,0.91820341,-0.97404513,0.55777953,-0.98180974,0.13562357,-0.82329133,0.76415323,0.45132060,0.37386526,0.45101336,0.57903234,-0.28823412,0.08008844,0.08002151,0.11321484,0.76415323,1.17259769,1.27643337,1.44267499,0.45132060,0.69843133,1.02972136,0.37386526,0.80211451,0.45101336,1.22257780,1.42532936,1.52076861,1.28949260,1.04611771
789,0.13641640,0.03011687,0.02793307,0.05653864,0.07692058,1.24803702,-0.01383648,1.14614447,-0.61691969,0.92602002,-0.94666961,0.57677802,-0.97435945,0.14925914,-0.81968432,0.78505833,0.41255026,0.36165999,0.45474492,0.61385873,-0.31770329,0.07959762,0.07854736,0.11182785,0.78505833,1.15817550,1.28058371,1.46069492,0.41255026,0.67270370,1.01786781,0.36165999,0.79112532,0.45474492,1.25440669,1.44074145,1.51297503,1.30158190,1.05778662
790,0.14371032,0.03081921,0.02889943,0.05122176,0.07931797,1.18220046,0.04227254,1.19100547,-0.34895068,0.94901127,-0.83000799,0.57039800,-0.88898806,0.13285023,-0.77758386,0.62299701,0.54550417,0.39250204,0.45182062,0.57531715,-0.29271768,0.08009554,0.07960936,0.11292894,0.62299701,1.06880630,1.21598006,1.42373506,0.54550417,0.82267766,1.14183095,0.39250204,0.82068299,0.45182062,1.18924176,1.38150378,1.43917310,1.21923419,1.00694303
791,0.12371612,0.03107414,0.03500193,0.05127733,0.07504198,1.20450390,0.01633897,1.17783714,-0.36969147,0.94394206,-0.77223561,0.59207698,-0.82342246,0.15918123,-0.71972352,0.67706679,0.47524583,0.37051480,0.44520264,0.64685545,-0.32682327,0.07981571,0.08243070,0.11474044,0.67706679,1.05527248,1.17445006,1.39340724,0.47524583,0.74098782,1.07711855,0.37051480,0.79246008,0.44520264,1.21011597,1.40499730,1.44034372,1.21119416,0.99572211
792,0.12584325,0.04191170,0.03503540,0.03556842,0.06434480,1.05316198,0.07324608,1.07650345,-0.23383089,0.86781785,-0.60566438,0.54132939,-0.66762658,0.15309878,-0.59978608,0.73681946,0.48742117,0.35711972,0.39830354,0.84651750,-0.49756568,0.07945023,0.09372199,0.12286639,0.73681946,1.14684632,1.18790569,1.33318186,0.48742117,0.69691923,0.99442488,0.35711972,0.73915440,0.39830354,1.06362195,1.36079948,1.48029537,1.24759568,1.04881863
793,0.12212216,0.03943291,0.03511662,0.04481426,0.06914020,0.97882978,0.09549991,1.01058612,-0.19782704,0.82422275,-0.51906404,0.49815089,-0.57712758,0.14203483,-0.48602070,0.78736757,0.44273424,0.35795921,0.37167811,0.89189017,-0.53320979,0.07675353,0.09996567,0.12603269,0.78736757,1.15951016,1.17519016,1.28340470,0.44273424,0.64616574,0.91649254,0.35795921,0.70913829,0.37167811,0.98797542,1.31896539,1.44339369,1.20207761,1.01041299
794,0.13104200,0.04056616,0.03431336,0.04743416,0.06498435,0.93471019,0.07896089,0.95145132,-0.20820297,0.77767516,-0.49355482,0.48034453,-0.55158936,0.14107967,-0.44907969,0.80688673,0.41656798,0.32584756,0.35840532,0.94017544,-0.55980451,0.07849128,0.10471054,0.13086320,0.80688673,1.16524665,1.17607030,1.26350815,0.41656798,0.59702913,0.84877363,0.32584756,0.66127470,0.35840532,0.94260821,1.29045833,1.43115981,1.21914316,1.03522566
795,0.13502242,0.04709893,0.03878823,0.05127026,0.06540917,0.91122477,0.09866997,0.94672456,-0.21895465,0.77833854,-0.49346822,0.48519082,-0.55188196,0.15660372,-0.44269976,0.82925333,0.40973502,0.31904615,0.34907575,0.96358041,-0.54964958,0.07748568,0.10555960,0.13094602,0.82925333,1.18560090,1.19469886,1.26755660,0.40973502,0.58647569,0.82695306,0.31904615,0.64298050,0.34907575,0.91874869,1.27709152,1.42129433,1.21728868,1.03839807
796,0.13581268,0.05123932,0.04190589,0.04515705,0.05998791,0.86951295,0.10732229,0.92805923,-0.18818782,0.76143163,-0.49209215,0.46143095,-0.52711316,0.15951943,-0.44070867,0.83745656,0.42694701,0.32494705,0.31746648,0.98640591,-0.65691221,0.07918479,0.10889406,0.13464081,0.83745656,1.19722906,1.18267532,1.24556927,0.42694701,0.59107996,0.81319939,0.32494705,0.62660463,0.31746648,0.87904142,1.27456119,1.42733633,1.20674631,1.04680156
797,0.12617806,0.04125933,0.03254184,0.04119364,0.06022698,0.97654416,0.10988456,1.03536101,-0.24095640,0.86701414,-0.56480540,0.52710697,-0.61680965,0.16890437,-0.50887854,0.80407470,0.43244075,0.36268197,0.37785431,0.87578059,-0.46449197,0.07575581,0.09928120,0.12488274,0.80407470,1.17279593,1.19659208,1.28484154,0.43244075,0.64279458,0.90915741,0.36268197,0.72030212,0.37785431,0.98488148,1.32235852,1.45186683,1.21404980,1.00502689
798,0.11186086,0.03288223,0.03516977,0.05751638,0.07997908,1.18026533,-0.01990131,1.19424663,-0.35934633,0.96325805,-0.80952323,0.60271722,-0.86880521,0.16451978,-0.71979169,0.68250940,0.51748506,0.37427854,0.46338023,0.65521755,-0.30712039,0.07840633,0.08398013,0.11489219,0.68250940,1.07760998,1.19907709,1.39044849,0.51748506,0.78115682,1.09212285,0.37427854,0.80590896,0.46338023,1.18114392,1.39854922,1.46045158,1.24663794,1.00557869
799,0.12230164,0.03684972,0.03419319,0.04557127,0.07397750,1.18980345,-0.01219886,1.15793389,-0.44284765,0.95223205,-0.83362491,0.58660501,-0.89523242,0.15291940,-0.76388794,0.70441038,0.45699089,0.38385793,0.45314961,0.64905672,-0.35574159,0.07918356,0.08531979,0.11640234,0.70441038,1.08883999,1.21405522,1.40504103,0.45699089,0.72897235,1.05526212,0.38385793,0.80809313,0.45314961,1.19466285,1.40610229,1.48717617,1.26895877,1.03727364
800,0.12714925,0.03564135,0.02917595,0.04387310,0.07276100,1.18328349,-0.02677517,1.15305197,-0.49588790,0.92957943,-0.94383539,0.56465016,-1.00494096,0.11543587,-0.84838623,0.68479526,0.50748746,0.37860051,0.47599598,0.58608514,-0.29738573,0.08009460,0.08228105,0.11482733,0.68479526,1.11502544,1.26120124,1.44332008,0.50748746,0.77804990,1.09603146,0.37860051,0.82219741,0.47599598,1.18795275,1.39107759,1.49047696,1.30084207,1.05669059
801,0.14080334,0.03970888,0.03614796,0.04194673,0.04780476,1.17331850,-0.00961090,1.10544653,-0.49339302,0.92450120,-0.94716901,0.65497592,-1.04246979,0.24390020,-0.96084750,0.66625111,0.49120720,0.29046495,0.41955232,0.51470069,-0.36314955,0.08256238,0.07724599,0.11306410,0.66625111,1.09328252,1.24120891,1.41131095,0.49120720,0.71021764,0.98038233,0.29046495,0.68148814,0.41955232,1.17571936,1.32049959,1.44459159,1.33935521,1.13214656
802,0.14162147,0.04576516,0.03763626,0.04475912,0.05778752,1.19484408,-0.12326700,1.01359961,-0.64765378,0.83038527,-0.99204340,0.55022060,-1.01359706,0.15082067,-0.87131177,0.70178937,0.39558768,0.28338719,0.42556928,0.55320408,-0.39720157,0.08752169,0.07302388,0.11398479,0.70178937,1.06445998,1.19105946,1.37656256,0.39558768,0.59116206,0.89370831,0.28338719,0.69020590,0.42556928,1.20173279,1.28995879,1.39871511,1.25502720,1.03176252
803,0.13785264,0.03515734,0.03041840,0.04226648,0.05581986,1.23588937,-0.07986769,1.05836860,-0.62057857,0.84781454,-0.99803654,0.53617092,-0.99374205,0.13109315,-0.82136542,0.72923366,0.43735603,0.31235281,0.44140698,0.56266402,-0.35954598,0.08702351,0.07553069,0.11523010,0.72923366,1.12560953,1.25579576,1.43389394,0.43735603,0.64349338,0.95200782,0.31235281,0.73826657,0.44140698,1.23849213,1.31162742,1.41296839,1.23902508,0.99293483
804,0.12735211,0.03271158,0.02915739,0.03325378,0.04781935,1.29560112,-0.11537623,1.11277929,-0.61128508,0.87372666,-1.00944594,0.54120025,-1.03844336,0.13830613,-0.88109634,0.70962704,0.47349217,0.33706456,0.43314157,0.56103249,-0.38179469,0.08387993,0.07589048,0.11311591,0.70962704,1.13906737,1.30017530,1.48975201,0.47349217,0.71500232,1.01344844,0.33706456,0.74691793,0.43314157,1.30117033,1.36727397,1.46357261,1.29494948,1.06163666
805,0.12791961,0.02657995,0.02956009,0.03539522,0.04074049,1.34015430,-0.19615688,1.12131461,-0.65451593,0.87441490,-1.03030074,0.53464089,-1.05160826,0.14133633,-0.90779400,0.69104748,0.46002251,0.34647478,0.41889487,0.55570566,-0.35429966,0.08200090,0.07628739,0.11199962,0.69104748,1.11031799,1.27751514,1.48499570,0.46002251,0.70918647,1.01308872,0.34647478,0.74522393,0.41889487,1.35669493,1.40883086,1.49697754,1.31444283,1.09174630
806,0.12129436,0.02572958,0.02693500,0.03316440,0.04286713,1.35309003,-0.20079893,1.11809860,-0.71509846,0.87335279,-1.06201805,0.53246420,-1.05386672,0.12973594,-0.89409134,0.69271989,0.43117994,0.34427783,0.43346956,0.50054481,-0.26939120,0.08083344,0.07438544,0.10985099,0.69271989,1.09447218,1.25867808,1.47375475,0.43117994,0.67712767,1.00527954,0.34427783,0.76310731,0.43346956,1.36945038,1.40636705,1.47737980,1.27949248,1.03561326
807,0.11475239,0.03212241,0.04409707,0.03704505,0.03007697,1.28449917,-0.19189948,1.06368833,-0.65059429,0.83380578,-1.05564407,0.53158892,-1.03785471,0.25845856,-0.89849548,0.63654554,0.46732840,0.30586226,0.30801122,0.45923436,-0.31337879,0.08501087,0.07191681,0.11135024,0.63654554,1.06119887,1.19360910,1.31036606,0.46732840,0.65812312,0.84287023,0.30586226,0.59659758,0.30801122,1.29898270,1.31146267,1.41691662,1.23323476,1.02931350
808,0.12367961,0.03119972,0.04458042,0.04047125,0.01795405,1.24892154,-0.28955836,0.97933647,-0.70611083,0.76109712,-1.04158212,0.47563598,-1.02595569,0.29775812,-0.90495826,0.61091090,0.40084323,0.28968107,0.21803248,0.42682633,-0.33213958,0.08852056,0.06866567,0.11203064,0.61091090,0.97317561,1.11829705,1.19104105,0.40084323,0.59716159,0.71008128,0.28968107,0.48319352,0.21803248,1.28303906,1.27403998,1.35957829,1.19380671,1.04036364
809,0.11708737,0.02242751,0.03380711,0.03239893,0.02312592,1.19353802,-0.30446628,0.92664223,-0.67597884,0.75646344,-1.03570417,0.52173409,-1.04892561,0.28303723,-0.95066637,0.56183422,0.40040876,0.23656755,0.25937774,0.41563784,-0.30489765,0.09213708,0.06833310,0.11471118,0.56183422,0.92898981,1.06020001,1.17609941,0.40040876,0.55078547,0.70111837,0.23656755,0.48100373,0.25937774,1.23176001,1.19249235,1.33499968,1.22104813,1.05854862
810,0.10753689,0.02340810,0.03048908,0.03139544,0.02852017,1.31615884,-0.32831892,0.98860031,-0.84997008,0.74440081,-1.14541047,0.55947243,-1.18718565,0.30277207,-1.11055507,0.68463230,0.38367904,0.19350609,0.26816899,0.38151530,-0.23493499,0.08472810,0.06661591,0.10778001,0.68463230,1.04610847,1.17772949,1.31245618,0.38367904,0.54620051,0.73372744,0.19350609,0.44380031,0.26816899,1.35712458,1.34743908,1.41202536,1.35053587,1.19766971
811,0.10919977,0.01703734,0.02507356,0.03131720,0.02695461,1.29860883,-0.31811006,0.90924617,-0.90069300,0.59606470,-1.20687775,0.35759629,-1.17386016,0.04684791,-1.00971202,0.77629521,0.43806437,0.24467684,0.35144823,0.40104696,-0.20042219,0.08422252,0.07341855,0.11173055,0.77629521,1.17882832,1.30284590,1.45817671,0.43806437,0.61777026,0.87066407,0.24467684,0.58498161,0.35144823,1.33802585,1.33689191,1.39814730,1.27187123,1.06549671
812,0.11620724,0.04343507,0.02612492,0.05585385,0.06550884,1.22207955,-0.30232912,0.75588245,-0.98514693,0.44616125,-1.25831447,0.15265211,-1.18264940,-0.14915622,-0.97352794,0.89754327,0.41875351,0.31289896,0.36718166,0.41157059,-0.10908985,0.07829457,0.08185321,0.11326954,0.89754327,1.26266965,1.39984256,1.53983798,0.41875351,0.65153966,0.91721893,0.31289896,0.66466416,0.36718166,1.26450318,1.32698054,1.39331821,1.23490407,1.03540006
813,0.12427833,0.05200576,0.01662646,0.04646129,0.06821656,1.12468795,-0.31713452,0.57652053,-1.07711611,0.28513383,-1.32349888,0.02052493,-1.25485633,-0.26212397,-0.94902326,0.99207463,0.38611421,0.28621922,0.41666415,0.44577952,-0.00769284,0.07436293,0.08374385,0.11199499,0.99207463,1.33747604,1.46001630,1.53326955,0.38611421,0.60115231,0.86283598,0.28621922,0.67037669,0.41666415,1.17827646,1.31149555,1.41692348,1.29850032,1.03513229
814,0.13899743,0.05406561,0.01472099,0.03637439,0.05453478,1.12278648,-0.41917440,0.49175900,-1.17282372,0.16663647,-1.45088225,-0.09592152,-1.34155719,-0.38327425,-1.00421331,1.03399664,0.43182649,0.29894163,0.44378278,0.45777089,0.05548558,0.07315316,0.08161320,0.10959972,1.03399664,1.43085700,1.53784128,1.62229843,0.43182649,0.62975425,0.90809739,0.29894163,0.71788723,0.44378278,1.21644336,1.37744297,1.53430721,1.39717726,1.13179792
815,0.13151533,0.06032546,0.01606792,0.03382204,0.04865090,1.06077801,-0.42295964,0.40323236,-1.13380060,0.05864583,-1.42585489,-0.20261432,-1.29641842,-0.43856079,-0.93288859,1.01499916,0.45692134,0.30836850,0.43446294,0.44009686,0.08856803,0.07235357,0.08576667,0.11220945,1.01499916,1.43717510,1.54185278,1.58711995,0.45692134,0.64972593,0.88820378,0.30836850,0.71230527,0.43446294,1.16858758,1.32399165,1.50667119,1.36687484,1.08938011
816,0.13398435,0.07450353,0.03221239,0.02637359,0.03430056,0.97136854,-0.35452646,0.31583019,-1.07783501,-0.03111645,-1.33389971,-0.26744845,-1.19657873,-0.46401676,-0.85236958,1.01393255,0.43838592,0.30095386,0.39947733,0.39997094,0.04864006,0.07056152,0.09081743,0.11500754,1.01393255,1.41500104,1.49950222,1.51939506,0.43838592,0.62953853,0.85076845,0.30095386,0.67089648,0.39947733,1.07645803,1.26102672,1.42289201,1.28024818,1.02149362
817,0.12559790,0.05871287,0.02635751,0.02652717,0.03916476,0.93110626,-0.43118954,0.25241484,-1.10648709,-0.09976435,-1.37658407,-0.32435564,-1.24890986,-0.49039216,-0.84671757,0.98885781,0.44723580,0.28093585,0.43677504,0.36103905,0.08809803,0.07235402,0.09460892,0.11910479,0.98885781,1.41188792,1.50051837,1.48163585,0.44723580,0.61671293,0.81280930,0.28093585,0.67481165,0.43677504,1.05708774,1.24075230,1.45056647,1.33335819,1.02282720
818,0.13254506,0.07211970,0.02865464,0.02363634,0.02561181,0.87636514,-0.41416526,0.20847360,-1.05358414,-0.13942827,-1.34031120,-0.35725689,-1.20168048,-0.50638194,-0.79580397,0.95342636,0.45782045,0.28220888,0.43639769,0.34171410,0.02145017,0.07125745,0.09986037,0.12267730,0.95342636,1.38309483,1.46407711,1.43458528,0.45782045,0.61600680,0.80076462,0.28220888,0.67897233,0.43639769,1.01564575,1.20026895,1.42265911,1.29954214,0.98489614
819,0.12657902,0.06968524,0.02484255,0.02643953,0.03084913,0.86509405,-0.46427567,0.14555144,-1.09158602,-0.19997691,-1.33093462,-0.41523038,-1.19342054,-0.53098638,-0.80011628,0.97866446,0.42807391,0.28152058,0.41363692,0.33307095,0.03437803,0.07154169,0.10076705,0.12358079,0.97866446,1.37971090,1.47348156,1.43642497,0.42807391,0.60383214,0.77929833,0.28152058,0.64910372,0.41363692,1.02883620,1.21921772,1.41664331,1.30441947,0.99722912
820,0.12338451,0.06872069,0.02046417,0.03212499,0.03638231,0.86736786,-0.50680923,0.12839039,-1.09199870,-0.22336875,-1.30371267,-0.44892231,-1.15771125,-0.56894081,-0.75759554,0.96719748,0.41960234,0.29401236,0.42140358,0.33506143,0.04978987,0.07178538,0.09979558,0.12293209,0.96719748,1.35707780,1.46847058,1.45873038,0.41960234,0.61648954,0.81640391,0.29401236,0.66952215,0.42140358,1.05139183,1.21923968,1.39404368,1.28248405,0.98388650
821,0.12335475,0.06743396,0.02447833,0.04217254,0.04594224,0.88481197,-0.50743209,0.13761850,-1.06931138,-0.22906891,-1.28134661,-0.47340475,-1.16120578,-0.59039259,-0.77214475,0.96442203,0.43118811,0.30161513,0.41180153,0.36401056,0.05722741,0.06972545,0.09735673,0.11974961,0.96442203,1.36531171,1.50760482,1.49932249,0.43118811,0.65273819,0.83391719,0.30161513,0.65472456,0.41180153,1.06627978,1.20923835,1.38289014,1.29854639,1.00877999
822,0.12764861,0.09018116,0.03682835,0.05780620,0.05899827,0.92833034,-0.48453959,0.19024732,-0.95150819,-0.17409702,-1.12822553,-0.39852560,-1.07752966,-0.56219619,-0.92262505,0.90057289,0.41325545,0.26166811,0.23283542,0.39416745,-0.05785321,0.07212650,0.09483494,0.11914654,0.90057289,1.28392588,1.45338870,1.55425697,0.41325545,0.63673512,0.79849027,0.26166811,0.47586626,0.23283542,1.09965476,1.11795489,1.23558549,1.20044361,1.11854183
823,0.12831940,0.10459814,0.04497044,0.05881186,0.11397346,0.90990395,-0.28208901,0.19401786,-0.65256268,-0.11288682,-0.70249679,-0.32563766,-0.67253864,-0.61994714,-0.51480647,0.82982450,0.32511306,0.23467856,0.33908534,0.41434335,-0.09823527,0.07253516,0.10060097,0.12402381,0.82982450,1.11053496,1.29579111,1.54829747,0.32511306,0.55344110,0.86208968,0.23467856,0.56202668,0.33908534,1.02117302,0.88468554,0.85273998,0.83631974,0.86579436
824,0.11848408,0.09237635,0.16540160,0.18201036,0.22477056,0.91003721,-0.18488701,0.22106707,-0.47729044,-0.06498096,-0.41900194,-0.40607499,-0.42695062,-0.77376717,-0.22540735,0.78526581,0.30241093,0.35615407,0.42763164,0.50234243,-0.18525769,0.07186808,0.09750912,0.12113236,0.78526581,1.01520913,1.33938054,1.68451565,0.30241093,0.65470556,1.05990832,0.35615407,0.75796033,0.42763164,1.03585785,0.87287376,0.74918147,0.78288365,0.91417978
825,0.12369994,0.21423071,0.25952527,0.20752319,0.21012920,0.93736094,-0.03541542,0.31225916,-0.04304573,-0.07193323,-0.15612974,-0.47518344,-0.24959442,-0.89972262,-0.05304638,0.68957111,0.41811873,0.42376041,0.47644840,0.58476016,-0.30753951,0.07464317,0.09378174,0.11986083,0.68957111,1.03075349,1.43093884,1.83719547,0.41811873,0.84093877,1.24885053,0.42376041,0.85357549,0.47644840,1.03768902,0.79952077,0.63821755,0.75006654,1.00021264
826,0.11688984,0.16361820,0.16616013,0.17773955,0.19037983,0.73465425,0.19642088,0.09785469,0.54778725,-0.25351693,0.40485970,-0.52177651,0.25651415,-0.71923794,0.17444842,0.79074124,0.39755456,0.32500566,0.22210300,0.46797157,-0.08798359,0.07841763,0.10772391,0.13324326,0.79074124,1.02787927,1.26062562,1.45424519,0.39755456,0.72131706,0.94307634,0.32500566,0.54608863,0.22210300,0.81785042,0.82663225,0.68595756,0.69695863,0.80802042
827,0.16871782,0.06939704,0.02880708,0.07952279,0.15959682,-0.84147657,0.37127561,-0.95414899,0.59813191,-0.56902590,0.90162045,0.06919260,0.50163838,0.61575869,0.46333864,0.26973238,0.49170002,0.76396337,0.55431476,-0.44125814,0.39639166,0.09564027,0.10556784,0.14244869,0.26973238,0.61010928,0.91995397,1.46246720,0.49170002,1.03191322,1.58539200,0.76396337,1.28089086,0.55431476,0.98205052,1.20792660,1.16662500,0.61320065,0.81385745
828,0.11641763,0.07913147,0.03394422,0.04963965,0.14033977,-0.88622540,0.76545917,-1.00577789,0.95058479,-0.77403932,1.41415472,-0.17784708,1.29105543,0.54699972,0.66351664,0.23381042,0.52342581,0.61799526,0.96486304,-0.50648998,0.37029553,0.10203026,0.11335067,0.15250754,0.23381042,0.67551759,0.88322137,1.43824275,0.52342581,0.89581472,1.58541673,0.61799526,1.53451699,0.96486304,1.20600107,1.43159479,1.67102798,1.34520196,0.88885072
829,0.18676992,0.05638477,0.03203505,0.03901000,0.06422523,-0.32575314,0.74709175,-0.79036570,1.36771984,-0.70092188,1.91516874,-0.59643626,1.86727766,-0.30748578,1.27183179,0.79646519,0.55693284,0.16000030,0.68476604,-0.44252502,1.41487425,0.03259054,0.10863756,0.11342073,0.79646519,1.23401233,1.15262613,0.54722839,0.55693284,0.55955483,0.59643653,0.16000030,0.80686087,0.68476604,0.85875329,1.64335139,2.07890291,1.98185241,1.31363761
830,0.13940060,0.04047415,0.03017537,0.04550075,0.05662187,-0.74727075,-0.99917509,-0.88143348,-1.19406922,-0.25805000,-1.54728844,0.13784886,-1.55546771,0.52228766,-1.16374990,0.54463917,0.71901083,0.39600198,0.55183901,-0.63725521,-0.00908577,0.08802302,0.08540525,0.12264628,0.54463917,0.85153092,1.13206041,1.37136645,0.71901083,1.08291481,1.40404901,0.39600198,0.87165042,0.55183901,1.24847271,1.57742870,1.63880312,1.63313380,1.38343359
831,0.14879838,0.04356739,0.02489412,0.04035701,0.05130433,-0.61734108,-0.97645409,-0.85425914,-1.18220059,-0.23298732,-1.58684613,0.13516731,-1.63453899,0.49773251,-1.25022019,0.54160241,0.74461712,0.37141205,0.52873066,-0.54561056,-0.03257394,0.09037579,0.08921463,0.12699226,0.54160241,0.81187691,1.06286182,1.20976838,0.74461712,1.09089118,1.35504788,0.37141205,0.80457430,0.52873066,1.15642639,1.53989340,1.65922466,1.69142761,1.41375430
832,0.11967223,0.02987083,0.00938532,0.02396378,0.04002072,-0.60782152,-0.62694923,-0.37121776,-1.16698700,-0.11302297,-1.35469868,0.13147581,-1.28665914,0.35819662,-0.98602097,0.62520133,0.32371342,0.25457508,0.37660857,-0.25296821,0.09292341,0.07891202,0.11792539,0.14189258,0.62520133,0.89343596,0.99989787,1.03842313,0.32371342,0.52197771,0.75584844,0.25457508,0.59891320,0.37660857,0.88025775,1.26549056,1.38505290,1.31641977,1.07580717
833,0.09833922,0.02763526,0.01284588,0.02268869,0.03825546,-0.64106204,-0.62756781,-0.29588907,-1.15804225,-0.05641497,-1.28085890,0.15181164,-1.20415308,0.35190960,-0.88109944,0.65181166,0.26973972,0.22192543,0.38000667,-0.18405136,0.14766740,0.08236082,0.12926000,0.15326921,0.65181166,0.88746530,0.98958780,1.03346762,0.26973972,0.45056190,0.70487549,0.22192543,0.57145118,0.38000667,0.90226281,1.22157018,1.30330300,1.23550328,0.97617907
834,0.10667511,0.02838662,0.01377607,0.02253957,0.03540904,-0.61893942,-0.61750403,-0.27214254,-1.15000038,-0.03233160,-1.30981906,0.17925642,-1.22899784,0.36771650,-0.89259829,0.65605069,0.28834127,0.22650132,0.38559432,-0.21880860,0.19116840,0.08317185,0.13424228,0.15791943,0.65605069,0.92032457,1.01733955,1.03606673,0.28834127,0.45833484,0.68973047,0.22650132,0.57802809,0.38559432,0.88022756,1.21111805,1.33491329,1.26825564,0.99919775
835,0.11093897,0.03158600,0.01502106,0.01938211,0.03179362,-0.60457991,-0.61129812,-0.24074696,-1.15898587,-0.00567876,-1.34001417,0.18788695,-1.23886585,0.37418142,-0.89458085,0.67404949,0.29697762,0.21840169,0.39146845,-0.22728627,0.19156253,0.08447477,0.13797717,0.16178284,0.67404949,0.95291386,1.01978697,1.02738124,0.29697762,0.43622981,0.66957529,0.21840169,0.58542288,0.39146845,0.86915566,1.21541758,1.36555298,1.28013187,1.00364697
836,0.11518810,0.02957231,0.01611849,0.01958064,0.03001741,-0.59126547,-0.59508366,-0.21015208,-1.16904479,0.02738683,-1.34937296,0.21841668,-1.24886980,0.38870222,-0.89902589,0.70171318,0.29868093,0.21585636,0.38917729,-0.21937996,0.18152959,0.08531857,0.13964247,0.16364376,0.70171318,0.98250689,1.04712282,1.03163889,0.29868093,0.43627765,0.65741325,0.21585636,0.57744862,0.38917729,0.85043458,1.21871676,1.37380639,1.29334665,1.01017942
837,0.11520640,0.02891083,0.01719368,0.01887291,0.02794188,-0.57267681,-0.59891763,-0.18165762,-1.17248740,0.05547778,-1.35170617,0.23410147,-1.25238027,0.39466793,-0.91500334,0.70560898,0.29767310,0.20443631,0.37386779,-0.21170766,0.17416935,0.08604267,0.14383236,0.16760397,0.70560898,0.98664948,1.04359723,1.02188622,0.29767310,0.42387280,0.63213561,0.20443631,0.55324261,0.37386779,0.84025603,1.21586005,1.37568886,1.29740683,1.02310277
838,0.11649693,0.02806376,0.01602812,0.01867871,0.02724993,-0.56078144,-0.58964150,-0.15730088,-1.16159965,0.07138484,-1.35126101,0.24814699,-1.25231916,0.39993283,-0.92418608,0.71287477,0.29751219,0.20263924,0.36178918,-0.21335917,0.17377327,0.08595344,0.14703379,0.17031421,0.71287477,0.99698141,1.05192072,1.02226743,0.29751219,0.41600215,0.60667953,0.20263924,0.53915627,0.36178918,0.82552297,1.20383881,1.37761974,1.30153420,1.03515341
839,0.12157542,0.02888925,0.01697395,0.01946630,0.02686855,-0.56446463,-0.60118586,-0.14906011,-1.17406394,0.08535845,-1.36514868,0.25957525,-1.25809878,0.40496447,-0.93473345,0.72091839,0.30288990,0.20464990,0.35489789,-0.21863641,0.16388482,0.08688860,0.14780629,0.17145357,0.72091839,1.01023534,1.05984934,1.02977705,0.30288990,0.41793682,0.60488727,0.20464990,0.53664702,0.35489789,0.83746166,1.21701221,1.39363817,1.31037831,1.04723594
840,0.11988003,0.03021894,0.01750740,0.02021337,0.02790893,-0.55765032,-0.59559097,-0.14151822,-1.17826059,0.08876648,-1.37318703,0.26239477,-1.26510576,0.40790164,-0.92910924,0.72948480,0.30206274,0.20478644,0.36646196,-0.22119583,0.16999335,0.08787685,0.14846141,0.17251994,0.72948480,1.01887909,1.06481334,1.02635105,0.30206274,0.41390519,0.60461174,0.20478644,0.54745388,0.36646196,0.82876330,1.22046710,1.40235612,1.31790933,1.04381090
841,0.11929086,0.03090471,0.01718510,0.02045146,0.02805868,-0.56309615,-0.59895647,-0.14045386,-1.18873803,0.09435320,-1.38818604,0.27047201,-1.27576368,0.41446574,-0.93592797,0.74089203,0.30829405,0.20945974,0.36949810,-0.23380310,0.17472156,0.08741951,0.14766328,0.17160016,0.74089203,1.03647087,1.08083065,1.03944494,0.30829405,0.42085523,0.61135684,0.20945974,0.55502061,0.36949810,0.83611275,1.23460095,1.42147037,1.33303960,1.05576924
842,0.12137463,0.03137844,0.01652820,0.02078917,0.02784212,-0.56514347,-0.60877159,-0.13119552,-1.19001371,0.10538315,-1.38440369,0.28086365,-1.27355979,0.42389314,-0.94033902,0.74233745,0.30651281,0.20872119,0.36319397,-0.24571902,0.15830320,0.08769811,0.14793614,0.17197692,0.74233745,1.03533984,1.08283678,1.04806271,0.30651281,0.42197471,0.61125515,0.20872119,0.54812558,0.36319397,0.84733243,1.24058194,1.42286112,1.33584208,1.06591393
843,0.11723627,0.03123404,0.01655820,0.02008922,0.02748148,-0.55594786,-0.59516798,-0.12335931,-1.18203896,0.10680794,-1.37494363,0.28045327,-1.26177963,0.41978608,-0.92866537,0.74359909,0.30054352,0.20799278,0.36155019,-0.23349962,0.16955565,0.08769255,0.14993348,0.17369523,0.74359909,1.03217986,1.07594727,1.03586801,0.30054352,0.41263773,0.60121908,0.20799278,0.54626230,0.36155019,0.83001807,1.22730384,1.41020536,1.32196895,1.05148401
844,0.11346119,0.03089735,0.01581810,0.01850920,0.02757144,-0.55056268,-0.59348205,-0.10748953,-1.17462101,0.11797198,-1.37832291,0.28889581,-1.26283197,0.42621122,-0.92429804,0.74281778,0.30436470,0.20664303,0.36574755,-0.21295089,0.16960762,0.08767308,0.15115569,0.17474156,0.74281778,1.03743523,1.07861573,1.03483563,0.30436470,0.40717360,0.59139375,0.20664303,0.54957971,0.36574755,0.82472110,1.21483677,1.41006900,1.32147868,1.04651651
845,0.12316562,0.03010375,0.01437958,0.01764376,0.02628381,-0.54454243,-0.58570850,-0.08940515,-1.18690315,0.13501764,-1.38787951,0.29986990,-1.27175635,0.43713183,-0.94046990,0.76710610,0.30199852,0.20277223,0.35919347,-0.23285338,0.15599939,0.08707631,0.15046812,0.17384746,0.76710610,1.05813024,1.09242516,1.04670462,0.30199852,0.40067263,0.58477371,0.20277223,0.54149438,0.35919347,0.81929512,1.23224375,1.42587103,1.33555129,1.06815946
846,0.12469420,0.03217949,0.01581534,0.01853385,0.02658527,-0.53545364,-0.59022966,-0.07150034,-1.19378960,0.15270554,-1.39740009,0.31489846,-1.27482670,0.44410465,-0.94024505,0.77557708,0.30391999,0.20498718,0.35952994,-0.24033436,0.15081497,0.08765983,0.15138624,0.17493439,0.77557708,1.06780103,1.09595586,1.04268416,0.30391999,0.39816057,0.57964741,0.20498718,0.54454177,0.35952994,0.81687146,1.24001371,1.43787046,1.34185896,1.06975399
847,0.12795480,0.03032785,0.01623773,0.01914263,0.02631048,-0.53158781,-0.60577957,-0.06169586,-1.20103856,0.16541127,-1.39789964,0.32674990,-1.27971175,0.45445187,-0.94173017,0.77462118,0.30145031,0.20209613,0.36238918,-0.24692451,0.13717648,0.08799531,0.15221960,0.17582373,0.77462118,1.06365946,1.09638566,1.04457571,0.30145031,0.39976886,0.58318542,0.20209613,0.54304311,0.36238918,0.82650196,1.25002872,1.44306743,1.35194897,1.07764293
848,0.12616974,0.02916917,0.01520810,0.01975826,0.02714790,-0.52735579,-0.59643158,-0.05612462,-1.20344320,0.17354548,-1.39336840,0.33166421,-1.26808227,0.45356404,-0.92392437,0.78496878,0.29924211,0.20519394,0.36655211,-0.26236807,0.11792638,0.08741054,0.15371125,0.17682689,0.78496878,1.06963550,1.09462008,1.03607557,0.29924211,0.39838613,0.58933140,0.20519394,0.55107923,0.36655211,0.82299474,1.25990707,1.44512705,1.34558745,1.06452254
849,0.12739013,0.02899560,0.01381325,0.01878019,0.02743288,-0.53388844,-0.59887730,-0.05121467,-1.21024563,0.18597065,-1.40589664,0.34035271,-1.28269681,0.46313972,-0.93864917,0.79408816,0.30899636,0.20006119,0.36643682,-0.25503890,0.11824745,0.08829290,0.15116668,0.17506285,0.79408816,1.08847228,1.11370710,1.05521716,0.30899636,0.40309177,0.58878509,0.20006119,0.54664417,0.36643682,0.82665370,1.26186522,1.45442485,1.35861700,1.07903057
850,0.12308218,0.03137101,0.01270441,0.01967068,0.02912750,-0.54789825,-0.61146868,-0.06499353,-1.21038321,0.17251727,-1.39471022,0.32585567,-1.26885835,0.45758813,-0.93300511,0.78576435,0.30253835,0.20148943,0.36149905,-0.25487631,0.13212496,0.08711172,0.14966310,0.17316897,0.78576435,1.07160634,1.09719231,1.05781133,0.30253835,0.40119402,0.59876431,0.20148943,0.54574826,0.36149905,0.84411764,1.26328551,1.44177366,1.34105148,1.07211893
851,0.12447541,0.03208305,0.01250696,0.01863534,0.02903686,-0.55609170,-0.62013598,-0.07042770,-1.20675074,0.16355395,-1.38586259,0.32017126,-1.27382381,0.45371618,-0.94440005,0.77771698,0.29638688,0.19474891,0.35598985,-0.24989560,0.13759903,0.08665535,0.14732214,0.17091800,0.77771698,1.05832260,1.09749499,1.06341038,0.29638688,0.40097733,0.59161239,0.19474891,0.53049853,0.35598985,0.85379377,1.25711810,1.43021273,1.34384049,1.08069188
852,0.11868002,0.03381247,0.01225364,0.01829869,0.02941469,-0.56101669,-0.59963391,-0.07343169,-1.18981937,0.15379063,-1.36660162,0.31726842,-1.25995648,0.44902637,-0.93554642,0.77832220,0.28924975,0.19684286,0.35060874,-0.22621203,0.14708911,0.08582535,0.14702617,0.17024302,0.77832220,1.05443687,1.10226032,1.06666867,0.28924975,0.40052998,0.58542817,0.19684286,0.52427456,0.35060874,0.84034082,1.23402265,1.40567693,1.32614064,1.06683196
853,0.12070656,0.03162111,0.01045625,0.01539340,0.02694260,-0.57732196,-0.60852697,-0.08816801,-1.18700835,0.13428278,-1.36962170,0.30945140,-1.26982362,0.44710609,-0.93572082,0.76898965,0.29007598,0.20278497,0.36164225,-0.22037241,0.13978973,0.08375935,0.14593266,0.16826161,0.76898965,1.04633941,1.10866962,1.07705010,0.29007598,0.41028484,0.59576800,0.20278497,0.53614755,0.36164225,0.85749327,1.22999665,1.40316620,1.33105082,1.06388079
854,0.12023435,0.02653899,0.00964857,0.01439289,0.02509322,-0.59255041,-0.60953233,-0.12443062,-1.21192949,0.10555643,-1.40443892,0.29020732,-1.28510192,0.42592089,-0.95495959,0.77462804,0.30231889,0.22070209,0.35718660,-0.22708246,0.14160636,0.08310720,0.14431227,0.16653179,0.77462804,1.06230968,1.11426419,1.07735527,0.30231889,0.42492264,0.61144503,0.22070209,0.55291101,0.35718660,0.86629855,1.25495519,1.43276540,1.33983358,1.07080009
855,0.11643491,0.02489955,0.01123527,0.01546524,0.02825964,-0.60323250,-0.60028518,-0.16920272,-1.21513697,0.06245770,-1.40996970,0.26156865,-1.28687102,0.40636267,-0.93243783,0.76406472,0.30461916,0.23436429,0.38300837,-0.22215416,0.15976926,0.08120978,0.14297473,0.16442871,0.76406472,1.05274239,1.10757960,1.06554156,0.30461916,0.43906459,0.64367013,0.23436429,0.58887787,0.38300837,0.86647653,1.26176770,1.43520710,1.33663275,1.04481966
856,0.12215937,0.02094819,0.01172295,0.01323584,0.02592774,-0.61832824,-0.60236728,-0.20486267,-1.21772611,0.02423671,-1.43249483,0.21409113,-1.30325484,0.38618631,-0.94836254,0.75309770,0.31590012,0.22975846,0.39451444,-0.22001183,0.13965787,0.08016853,0.13945938,0.16085992,0.75309770,1.05433269,1.09204515,1.06566146,0.31590012,0.42953578,0.65142022,0.22975846,0.60466643,0.39451444,0.87738271,1.26828455,1.45521296,1.34390815,1.05168667
857,0.11817680,0.02024097,0.01324722,0.01322497,0.02611521,-0.61962541,-0.56607675,-0.23624235,-1.20015222,-0.02710800,-1.41466151,0.17469672,-1.28592025,0.35781454,-0.94909866,0.75099486,0.30116900,0.23949265,0.38347385,-0.19947772,0.15453691,0.07960130,0.13953747,0.16064579,0.75099486,1.03900839,1.07524914,1.05251495,0.30116900,0.42154780,0.64662728,0.23949265,0.60429336,0.38347385,0.85031644,1.25028339,1.43318339,1.31633121,1.03623629
858,0.12400489,0.01847025,0.01219783,0.01299787,0.02764288,-0.62872810,-0.53466143,-0.29195048,-1.18563508,-0.08226388,-1.41197950,0.12222877,-1.29223143,0.32149132,-0.95539616,0.74442019,0.31100578,0.23770239,0.39148819,-0.21304168,0.12605289,0.07673176,0.13853550,0.15836618,0.74442019,1.03761084,1.06917149,1.04108797,0.31100578,0.43154228,0.65870417,0.23770239,0.61016587,0.39148819,0.83927443,1.25334281,1.43520311,1.31736253,1.03072394
859,0.12229321,0.02114117,0.01191320,0.01479278,0.02959939,-0.64801854,-0.54328284,-0.35573347,-1.19855394,-0.14880820,-1.41457493,0.05697790,-1.30294919,0.27509141,-0.98048678,0.73631860,0.30094204,0.23498843,0.38936902,-0.24923626,0.14970059,0.07991118,0.13792196,0.15939969,0.73631860,1.01287342,1.04245002,1.02678709,0.30094204,0.42902008,0.67018479,0.23498843,0.60735656,0.38936902,0.85623680,1.28566674,1.44719739,1.32729949,1.04608909
860,0.11130147,0.01787767,0.00916938,0.01435277,0.03057485,-0.64154397,-0.50969268,-0.40435617,-1.22532223,-0.19707479,-1.42910484,0.02065313,-1.32864949,0.24572206,-1.01150844,0.77051098,0.29335939,0.24090838,0.38897884,-0.25206546,0.12154577,0.07971657,0.13682809,0.15835611,0.77051098,1.02817747,1.05757211,1.02312381,0.29335939,0.44187805,0.68803100,0.24090838,0.60947115,0.38897884,0.83166898,1.32509133,1.46622643,1.35008858,1.06611668
861,0.12321923,0.01845733,0.01042207,0.01541118,0.03060368,-0.65285340,-0.51279895,-0.44083938,-1.24813438,-0.23911751,-1.44415526,-0.02574054,-1.34620798,0.21116494,-1.02487101,0.78645777,0.28289438,0.23566438,0.39928430,-0.27097477,0.12049629,0.08167134,0.13705632,0.15954511,0.78645777,1.03024676,1.05114897,1.01197164,0.28289438,0.42951529,0.69155523,0.23566438,0.61586618,0.39928430,0.83996978,1.35932749,1.49016096,1.37106341,1.07626882
862,0.11460088,0.02086556,0.01138088,0.01587483,0.03138229,-0.64764552,-0.52488361,-0.45276101,-1.23610641,-0.26242479,-1.44440684,-0.04808668,-1.34131686,0.18760777,-1.03121654,0.75884986,0.28399325,0.23930501,0.38956780,-0.26385598,0.11138496,0.08028529,0.13817755,0.15980851,0.75884986,1.00770576,1.02006142,0.98329860,0.28399325,0.42221443,0.67554118,0.23930501,0.61186029,0.38956780,0.84457370,1.35345657,1.49494815,1.36634983,1.07728360
863,0.11237037,0.02036243,0.01163068,0.01693167,0.03204785,-0.63997491,-0.51197305,-0.47662146,-1.20462849,-0.29478059,-1.41714577,-0.08384079,-1.32588051,0.15745600,-1.02552663,0.73349471,0.28018313,0.23109838,0.38530742,-0.26544697,0.12868931,0.08026204,0.14014367,0.16149998,0.73349471,0.98206871,0.99524023,0.95763003,0.28018313,0.41307365,0.66046657,0.23109838,0.59894271,0.38530742,0.82995456,1.33173277,1.47664829,1.35527749,1.07033666
864,0.11185532,0.02245275,0.01287316,0.01620662,0.03036946,-0.63582342,-0.49337539,-0.48551781,-1.18553868,-0.31823605,-1.41107732,-0.10823888,-1.31526061,0.13138276,-1.01819482,0.72969179,0.28112863,0.23185975,0.38167415,-0.25825852,0.14296024,0.07916389,0.14207583,0.16264214,0.72969179,0.98450538,0.98663233,0.93959227,0.28112863,0.40052505,0.64034276,0.23185975,0.59760314,0.38167415,0.81450258,1.31594536,1.47477206,1.34612973,1.05965970
865,0.11062552,0.02195733,0.01229950,0.01717779,0.03127811,-0.63009544,-0.48730846,-0.49108029,-1.17084925,-0.33050665,-1.39290666,-0.12574777,-1.30054243,0.11059907,-1.00845097,0.72032073,0.27408013,0.22540415,0.37573771,-0.26374001,0.16628999,0.07869963,0.14440203,0.16445540,0.72032073,0.96971395,0.96954606,0.91919229,0.27408013,0.38840317,0.62361991,0.22540415,0.58539280,0.37573771,0.80567687,1.30478252,1.46176683,1.33561174,1.05192107
866,0.11302384,0.02187640,0.01205818,0.01654815,0.03003707,-0.62244189,-0.47636165,-0.49514183,-1.17229738,-0.34158101,-1.38951637,-0.13886161,-1.30155573,0.10171962,-1.00719578,0.72893392,0.26604080,0.22158280,0.38018178,-0.26431358,0.16374586,0.07881634,0.14631084,0.16618929,0.72893392,0.97072625,0.96903037,0.91184800,0.26604080,0.37952476,0.61949697,0.22158280,0.58553697,0.38018178,0.79332815,1.30701713,1.46087984,1.33817552,1.05073175
867,0.11020874,0.02165915,0.01168801,0.01678799,0.03015139,-0.60218902,-0.47453201,-0.49370270,-1.14719151,-0.34280931,-1.36662496,-0.14170791,-1.28400673,0.09065794,-0.99888493,0.70010519,0.26632705,0.21776942,0.36787078,-0.25770596,0.17877829,0.07755038,0.14913150,0.16809006,0.70010519,0.94342745,0.94355473,0.88315300,0.26632705,0.37776318,0.60289362,0.21776942,0.56847517,0.36787078,0.77654899,1.28086817,1.43800021,1.32075416,1.04171576
868,0.10819135,0.02292241,0.01194231,0.01620149,0.02912906,-0.58493755,-0.47337356,-0.48137061,-1.13945225,-0.34267776,-1.36330825,-0.14270350,-1.27054913,0.08997394,-0.98381545,0.69217207,0.26337199,0.22112610,0.36928246,-0.25438142,0.17188499,0.07802824,0.15214107,0.17098336,0.69217207,0.93492657,0.92165690,0.85761115,0.26337199,0.36379685,0.59243025,0.22112610,0.57566215,0.36928246,0.76372932,1.26999440,1.43403548,1.30595296,1.02415161
869,0.10954375,0.02157431,0.01024840,0.01617354,0.02822659,-0.58213555,-0.47459633,-0.48508843,-1.15561614,-0.35162929,-1.37736819,-0.15249056,-1.27592909,0.08424346,-0.98591502,0.70736265,0.25884181,0.22401205,0.37443467,-0.26467866,0.17980269,0.07743571,0.15273062,0.17123940,0.70736265,0.94555634,0.92085253,0.85373461,0.25884181,0.35420252,0.59420576,0.22401205,0.58590853,0.37443467,0.76148802,1.28647012,1.45013515,1.31331603,1.02789482
870,0.11275124,0.02123323,0.01093970,0.01405864,0.02709699,-0.58017112,-0.47509689,-0.49073749,-1.15429493,-0.36280164,-1.37214257,-0.16751971,-1.28578848,0.07815773,-0.97865782,0.70293604,0.25265466,0.21364868,0.39337886,-0.25322855,0.18653941,0.07850890,0.15404205,0.17289477,0.70293604,0.93686495,0.92248484,0.84432586,0.25265466,0.34896809,0.59540088,0.21364868,0.59099544,0.39337886,0.75763270,1.28210217,1.44450231,1.32273110,1.01798864
871,0.11055891,0.02131192,0.01058734,0.01459098,0.02734818,-0.57040701,-0.47087460,-0.49253171,-1.14879930,-0.36563927,-1.35975856,-0.17268730,-1.26511361,0.06599352,-0.96389277,0.70085266,0.24626484,0.21515920,0.38441947,-0.25726526,0.19363119,0.07856582,0.15691940,0.17548871,0.70085266,0.92718775,0.90184373,0.82169929,0.24626484,0.34035929,0.58835724,0.21515920,0.58567825,0.38441947,0.74765223,1.27853035,1.43472201,1.30406251,1.00418176
872,0.11440068,0.01972454,0.00892635,0.01493082,0.02669842,-0.57112466,-0.47111972,-0.50162826,-1.17609573,-0.37539266,-1.39126361,-0.18183326,-1.28624655,0.06359030,-0.98121311,0.72843439,0.24954144,0.22050691,0.39162828,-0.27460357,0.19090931,0.07823364,0.15648701,0.17495338,0.72843439,0.95703179,0.91817237,0.83271471,0.24954144,0.33827354,0.59788947,0.22050691,0.60070806,0.39162828,0.74840240,1.30871180,1.46898632,1.32759837,1.02336180
873,0.11314679,0.01887951,0.00995512,0.01395692,0.02682948,-0.56186934,-0.45468982,-0.49811501,-1.16867914,-0.37302642,-1.38471696,-0.18224849,-1.28336588,0.05966756,-0.97302918,0.73480840,0.24970019,0.21622030,0.39361459,-0.25991880,0.18203052,0.07779827,0.15900597,0.17701828,0.73480840,0.96360298,0.92508044,0.82656188,0.24970019,0.33606166,0.59113601,0.21622030,0.59725349,0.39361459,0.73101517,1.29895358,1.46046980,1.32350793,1.01352234
874,0.10999614,0.01993722,0.01062289,0.01400992,0.02665867,-0.54733850,-0.44344914,-0.48606424,-1.16614997,-0.35961038,-1.38814149,-0.17064128,-1.28336801,0.05459803,-0.96953332,0.74157545,0.25550066,0.21641923,0.38640369,-0.25807028,0.18426836,0.07787324,0.16205558,0.17979503,0.74157545,0.97598394,0.93193663,0.81422560,0.25550066,0.33662332,0.57530322,0.21641923,0.58890697,0.38640369,0.71427430,1.29248947,1.46025207,1.32121719,1.00862261
875,0.10484254,0.01880889,0.01071256,0.01362541,0.02579116,-0.54026864,-0.44257988,-0.47480224,-1.16242387,-0.34766230,-1.39503937,-0.16282396,-1.28968461,0.05681273,-0.97248287,0.73690771,0.26509895,0.21323964,0.38588337,-0.24824283,0.17201357,0.07833689,0.16480265,0.18247351,0.73690771,0.98201895,0.93609344,0.80953731,0.26509895,0.33731886,0.56460132,0.21323964,0.58498591,0.38588337,0.70943899,1.28395100,1.46217484,1.32412378,1.00798030
876,0.10649009,0.01795150,0.01058641,0.01459181,0.02638783,-0.54069131,-0.45132086,-0.46807584,-1.16759403,-0.33912064,-1.40037871,-0.15712356,-1.29530918,0.05987793,-0.97262763,0.73411402,0.26612304,0.21058103,0.38892894,-0.24920330,0.17127019,0.07929519,0.16669492,0.18459395,0.73411402,0.98052263,0.93588651,0.80672265,0.26612304,0.33650676,0.56286042,0.21058103,0.58498684,0.38892894,0.71554633,1.28655360,1.46558243,1.32941122,1.00903871
877,0.10890536,0.01827875,0.01150086,0.01588796,0.02753126,-0.53815848,-0.44834710,-0.47005295,-1.16112393,-0.34229649,-1.39103566,-0.16340715,-1.28456248,0.05105442,-0.95361371,0.73059099,0.26302311,0.20861017,0.39444130,-0.24834595,0.17585679,0.07959804,0.16805046,0.18594840,0.73059099,0.97373111,0.92579716,0.78868914,0.26302311,0.33082319,0.56092908,0.20861017,0.58829668,0.39444130,0.71234351,1.28244778,1.45868578,1.32106619,0.99227853
878,0.10626452,0.01728174,0.01147538,0.01766974,0.02990725,-0.55151017,-0.46904951,-0.49342334,-1.18516508,-0.35958769,-1.39280410,-0.18223907,-1.29634175,0.03733850,-0.95887012,0.73441841,0.24708528,0.20206000,0.40285193,-0.25722936,0.19236233,0.08029039,0.16572001,0.18414578,0.73441841,0.95649619,0.91811087,0.78300306,0.24708528,0.33046543,0.57708254,0.20206000,0.58811334,0.40285193,0.73402137,1.31251042,1.46511921,1.33659008,1.00058816
879,0.10124658,0.01799261,0.01147833,0.02068383,0.03215754,-0.56714641,-0.47845942,-0.50770030,-1.16578504,-0.38618169,-1.35635342,-0.19575485,-1.26705009,0.02964653,-0.93678186,0.70608367,0.22611990,0.21039321,0.40017318,-0.25862708,0.19749454,0.07924733,0.16349184,0.18168578,0.70608367,0.91003367,0.88481131,0.77098639,0.22611990,0.32797423,0.58437411,0.21039321,0.59081994,0.40017318,0.75253334,1.30109806,1.43829969,1.31173799,0.98208205
880,0.09828149,0.01890266,0.01266513,0.02177954,0.03418621,-0.58456925,-0.47955339,-0.53534511,-1.14041975,-0.41588704,-1.31191118,-0.21780452,-1.23198122,0.02283468,-0.91781154,0.68094981,0.20912322,0.21364221,0.39613337,-0.26199211,0.19777079,0.07966067,0.15992125,0.17866345,0.68094981,0.86494576,0.85215483,0.76971789,0.20912322,0.33049221,0.60129008,0.21364221,0.58989221,0.39613337,0.76567425,1.28997695,1.40536523,1.28211964,0.96526057
881,0.10063276,0.02067154,0.01474133,0.02283050,0.03476772,-0.61140403,-0.48621485,-0.56569788,-1.11379004,-0.44220990,-1.28769783,-0.24183632,-1.22582955,0.01228907,-0.92092127,0.65360033,0.21346866,0.20977408,0.39737464,-0.27789504,0.19147104,0.08063581,0.15489256,0.17462485,0.65360033,0.83988492,0.84621716,0.78588262,0.21346866,0.34271101,0.60972620,0.20977408,0.58419197,0.39737464,0.78914986,1.28215610,1.39362714,1.28316384,0.97212408
882,0.09275374,0.02367426,0.01693921,0.02303880,0.03768038,-0.61761640,-0.46141385,-0.58102052,-1.04412998,-0.46336310,-1.21326313,-0.26036009,-1.15730724,-0.00052631,-0.86447441,0.61121271,0.20649553,0.21075357,0.39194430,-0.29073393,0.20589303,0.07965734,0.15347646,0.17291708,0.61121271,0.79179838,0.80402760,0.76497480,0.20649553,0.34008588,0.60813207,0.21075357,0.57963313,0.39194430,0.78097000,1.23334575,1.33742325,1.22623452,0.92514481
883,0.09391471,0.02477720,0.01885756,0.02515111,0.04027324,-0.63454428,-0.46922025,-0.60863748,-1.03168584,-0.48645743,-1.19316954,-0.28128971,-1.12864567,-0.01482755,-0.84060075,0.59885527,0.20325496,0.21526516,0.39294064,-0.32191963,0.21165177,0.07936585,0.14973404,0.16946747,0.59885527,0.77141594,0.77765844,0.75916948,0.20325496,0.34151102,0.62448236,0.21526516,0.58896197,0.39294064,0.79973270,1.24336740,1.33545647,1.21237050,0.91559928
884,0.10059122,0.02719639,0.01938012,0.02749251,0.04118155,-0.65513448,-0.46313171,-0.64175948,-1.00739597,-0.51664495,-1.17427011,-0.30575909,-1.11106226,-0.02233189,-0.83223996,0.59628357,0.20989211,0.22029360,0.39846144,-0.36369946,0.24171393,0.07879444,0.14592105,0.16583581,0.59628357,0.77204446,0.78033363,0.78619990,0.20989211,0.35198006,0.64509432,0.22029360,0.60139534,0.39846144,0.81166964,1.24930861,1.34078120,1.21399109,0.92727278
885,0.09611307,0.03213100,0.02254269,0.02998139,0.04384707,-0.66071953,-0.43857218,-0.64898437,-0.93646882,-0.52493311,-1.11725531,-0.31248808,-1.06033812,-0.03234203,-0.79307239,0.55359484,0.22125823,0.21998187,0.38824388,-0.36361062,0.25303410,0.07835018,0.14545164,0.16521177,0.55359484,0.74345367,0.76101977,0.77970449,0.22125823,0.35946186,0.63538889,0.21998187,0.59019254,0.38824388,0.80289229,1.19706954,1.29666353,1.17302875,0.89852404
886,0.09857215,0.02955039,0.02354488,0.02773526,0.04267628,-0.66293294,-0.45406180,-0.65696050,-0.95617523,-0.52805672,-1.13677274,-0.31778962,-1.05513916,-0.03177768,-0.78268492,0.56523853,0.22517503,0.22559745,0.39628386,-0.39679553,0.28021115,0.07960060,0.14313249,0.16377780,0.56523853,0.75697584,0.75609798,0.78599887,0.22517503,0.35587306,0.65305248,0.22559745,0.61070808,0.39628386,0.81207870,1.21985294,1.32048314,1.17916214,0.90407845
887,0.09746132,0.02905198,0.02255988,0.02861863,0.04469774,-0.65097630,-0.42976725,-0.64679038,-0.92858353,-0.52523055,-1.09990482,-0.31518796,-1.02002435,-0.03628243,-0.74796943,0.55436769,0.21223390,0.22472486,0.39099361,-0.36955005,0.27663410,0.07862304,0.14425855,0.16429276,0.55436769,0.73412178,0.73215856,0.75697446,0.21223390,0.34544888,0.63993349,0.22472486,0.60341397,0.39099361,0.78902348,1.18768338,1.27999099,1.13743002,0.86111431
888,0.10214236,0.02997869,0.03006599,0.03175967,0.04293329,-0.66400119,-0.44236369,-0.65145518,-0.94708876,-0.52569325,-1.09400064,-0.32379589,-1.00041918,-0.04197666,-0.73500849,0.57091790,0.19984312,0.22273775,0.38852158,-0.40385363,0.30061952,0.07989798,0.14315369,0.16394105,0.57091790,0.73769678,0.73059995,0.77572659,0.19984312,0.33734515,0.65197598,0.22273775,0.60387511,0.38852158,0.80619973,1.21137860,1.28852822,1.14069711,0.87618967
889,0.10409069,0.03131698,0.02925897,0.03062162,0.04331923,-0.66211142,-0.44269753,-0.64853854,-0.95440609,-0.52395622,-1.10202260,-0.32128918,-1.01428517,-0.04121939,-0.74599626,0.57393714,0.19831006,0.22091290,0.38922097,-0.39130843,0.28418886,0.07859937,0.14255091,0.16278398,0.57393714,0.73925085,0.73414820,0.77136305,0.19831006,0.33648411,0.64745452,0.22091290,0.60104803,0.38922097,0.80442706,1.21250570,1.28961735,1.14489601,0.87509783
890,0.10325220,0.03116422,0.02237384,0.03012912,0.04669026,-0.66347105,-0.44658097,-0.65844689,-0.93492475,-0.53800318,-1.10906291,-0.33321480,-1.03734724,-0.04627595,-0.75269684,0.54436442,0.21465076,0.21711500,0.40540812,-0.36097716,0.27059977,0.07623611,0.14166307,0.16087377,0.54436442,0.72846465,0.73372320,0.75749050,0.21465076,0.34366102,0.64303800,0.21711500,0.60854299,0.40540812,0.80765475,1.19678518,1.29239226,1.15925767,0.86685477
891,0.10340289,0.02997515,0.01786317,0.03004866,0.04547377,-0.67475563,-0.45774893,-0.68090188,-0.94571991,-0.55672873,-1.11399672,-0.35185188,-1.05675647,-0.06162935,-0.79397769,0.53989940,0.21016757,0.21272387,0.39267265,-0.33945058,0.23228213,0.07461667,0.13935622,0.15807531,0.53989940,0.71273437,0.72582573,0.75422977,0.21016757,0.34794620,0.63968483,0.21272387,0.59032840,0.39267265,0.82226135,1.21313760,1.29580616,1.17013064,0.88624057
892,0.10931630,0.03102018,0.01846659,0.02804831,0.04626224,-0.65948405,-0.42466615,-0.68177308,-0.86946255,-0.57102135,-1.05373763,-0.36173235,-1.01144257,-0.07338380,-0.76226006,0.48955180,0.21520377,0.21351993,0.38270901,-0.28337727,0.20610423,0.07369853,0.14088596,0.15899788,0.48955180,0.66993323,0.69153731,0.72034202,0.21520377,0.35024867,0.61936522,0.21351993,0.57778273,0.38270901,0.78980708,1.14376261,1.23673860,1.11667845,0.83794786
893,0.11297824,0.03134392,0.01466381,0.02888793,0.04802621,-0.66929392,-0.44172223,-0.70614839,-0.87312551,-0.60202178,-1.07394020,-0.39161951,-1.03098540,-0.09091595,-0.76555051,0.48463390,0.22652923,0.21479781,0.40292592,-0.31398509,0.21351079,0.07317902,0.13878837,0.15689927,0.48463390,0.67605249,0.69240579,0.71690498,0.22652923,0.35233074,0.62701408,0.21479781,0.59850064,0.40292592,0.80665621,1.16362904,1.27135736,1.14890876,0.85099926
894,0.11555404,0.03240173,0.01435219,0.02917832,0.04784144,-0.67203591,-0.41535668,-0.71749265,-0.84002774,-0.61745577,-1.06367396,-0.40639533,-1.01299998,-0.10651243,-0.76494604,0.48135896,0.24535303,0.21713490,0.39098040,-0.32160418,0.21508428,0.07259271,0.13870548,0.15655322,0.48135896,0.69181234,0.69699064,0.72079955,0.24535303,0.35645318,0.61815497,0.21713490,0.59344066,0.39098040,0.79472172,1.14692623,1.27119426,1.13944892,0.85407025
895,0.11032561,0.04007982,0.01578644,0.03000124,0.04695297,-0.69708679,-0.43192318,-0.74356936,-0.82059378,-0.65040480,-1.07346260,-0.43883374,-1.02651641,-0.12569057,-0.77034355,0.45513762,0.27000126,0.21679199,0.40597762,-0.34289940,0.22197091,0.07228643,0.13598930,0.15400785,0.45513762,0.68971335,0.69646195,0.72397003,0.27000126,0.36846863,0.62244948,0.21679199,0.60725404,0.40597762,0.82403316,1.15078448,1.29773292,1.16570445,0.86343483
896,0.11135599,0.03898726,0.01506814,0.03313993,0.04937902,-0.70904328,-0.41383911,-0.78287147,-0.78618474,-0.69943528,-1.04535593,-0.48101469,-1.01332970,-0.15187559,-0.76459487,0.45228966,0.27411220,0.22132424,0.41404642,-0.36678803,0.24044410,0.07210317,0.13344042,0.15167469,0.45228966,0.68991825,0.70535021,0.73582682,0.27411220,0.38075608,0.63675600,0.22132424,0.61745075,0.41404642,0.82343125,1.15183308,1.30321165,1.17714009,0.87259442
897,0.11186505,0.02854759,0.01556304,0.03394580,0.05080565,-0.69971905,-0.39542068,-0.79694803,-0.84741037,-0.71695857,-1.03863762,-0.49881271,-0.99786118,-0.16845581,-0.76026722,0.52752895,0.21194799,0.22239683,0.40837849,-0.39274924,0.25622066,0.07192152,0.13225405,0.15054514,0.52752895,0.70921749,0.70789625,0.73205531,0.21194799,0.33906886,0.64130747,0.22239683,0.61704142,0.40837849,0.80633204,1.20620559,1.31326374,1.17776905,0.88101244
898,0.09879388,0.03070862,0.01980617,0.03278633,0.04872135,-0.67469526,-0.37012044,-0.76923768,-0.79659863,-0.70872674,-0.99947414,-0.49098243,-0.95278829,-0.17085796,-0.74068253,0.49129634,0.21823834,0.22334045,0.38532418,-0.36590754,0.26699089,0.07282224,0.13517564,0.15354326,0.49129634,0.68878889,0.67835809,0.70554626,0.21823834,0.32667868,0.60953156,0.22334045,0.59887315,0.38532418,0.77249345,1.14529419,1.27295881,1.13140345,0.85615039
899,0.10085784,0.03550966,0.02131060,0.03114975,0.04596121,-0.68917765,-0.38573424,-0.76719445,-0.78078698,-0.71212103,-1.01055984,-0.49252799,-0.97183684,-0.17083934,-0.75963072,0.46620228,0.24113724,0.22308035,0.38637613,-0.36432156,0.24828845,0.07155080,0.13449335,0.15234165,0.46620228,0.68634342,0.68273891,0.71364187,0.24113724,0.33903577,0.60241720,0.22308035,0.59760911,0.38637613,0.79310239,1.13697891,1.28638112,1.14815301,0.87081738
900,0.09837278,0.06030693,0.02579482,0.03357135,0.04961605,-0.63866098,-0.35866035,-0.73005269,-0.64731416,-0.67676957,-0.97268082,-0.45637485,-0.97479920,-0.14289881,-0.74622084,0.37000948,0.33067468,0.22049583,0.38862634,-0.32692264,0.26339741,0.07034398,0.13807487,0.15496111,0.37000948,0.65964980,0.68744042,0.68360106,0.33067468,0.42796081,0.59790505,0.22049583,0.58064168,0.38862634,0.73673422,1.01838707,1.22665654,1.12388994,0.83491326
901,0.09425459,0.05780466,0.02567601,0.03291853,0.05154355,-0.63065975,-0.38989946,-0.72415576,-0.67337584,-0.64524427,-1.00550598,-0.42934159,-1.01540591,-0.10622395,-0.78017487,0.35979039,0.34181678,0.21628917,0.40044161,-0.30446271,0.25924278,0.07159674,0.13703598,0.15461226,0.35979039,0.65330468,0.69505790,0.70036778,0.34181678,0.45228162,0.62912006,0.21628917,0.58516057,0.40044161,0.74535720,1.02693509,1.23047158,1.14325080,0.85277346
902,0.09110298,0.03158621,0.02673131,0.03821927,0.05378619,-0.62932150,-0.41031553,-0.64305639,-0.91407174,-0.55231845,-1.04862390,-0.35758227,-1.02401785,-0.06385409,-0.79735140,0.54049134,0.16235354,0.19749919,0.37145131,-0.27939734,0.22649656,0.07143406,0.14066990,0.15776833,0.54049134,0.67064799,0.69210370,0.71026120,0.16235354,0.30705607,0.59090717,0.19749919,0.54931838,0.37145131,0.75783856,1.15587375,1.22023772,1.11739328,0.84964531
903,0.09563066,0.03110793,0.01704975,0.02559101,0.04486177,-0.60539339,-0.42670651,-0.56898586,-0.95562491,-0.43136990,-1.09992536,-0.24935081,-1.04040842,0.00516518,-0.80614194,0.56196716,0.20004089,0.19334122,0.34652161,-0.25682681,0.19995162,0.07451451,0.14762522,0.16536511,0.56196716,0.71591333,0.72392286,0.73737229,0.20004089,0.33341948,0.59370433,0.19334122,0.52622187,0.34652161,0.74821244,1.14997849,1.21338759,1.09864555,0.85024748
904,0.09340270,0.02425491,0.01457604,0.02397202,0.04088695,-0.61016189,-0.49615137,-0.51178603,-1.07142352,-0.35244954,-1.24072470,-0.17284056,-1.16894414,0.07395096,-0.89650099,0.61050804,0.23259285,0.19449864,0.36793958,-0.25683518,0.19363280,0.07678897,0.14574730,0.16473865,0.61050804,0.80651348,0.81666139,0.81015833,0.23259285,0.35375858,0.61140932,0.19449864,0.54802310,0.36793958,0.79574599,1.22484460,1.32282045,1.21282792,0.94482123
905,0.09552955,0.02162143,0.01371057,0.02239914,0.03972729,-0.60283315,-0.53555083,-0.47125468,-1.13096476,-0.30636963,-1.30755812,-0.11387412,-1.23805847,0.12155176,-0.92248347,0.62932753,0.24165861,0.20496404,0.39389832,-0.23803058,0.19918612,0.07797909,0.14432030,0.16403990,0.62932753,0.84055337,0.86717673,0.83505770,0.24165861,0.37344022,0.62841333,0.20496404,0.57567331,0.39389832,0.81522046,1.25580644,1.36990651,1.26999896,0.96913933
906,0.10547050,0.02154693,0.01522392,0.02175507,0.03729384,-0.58552191,-0.52970980,-0.43132368,-1.14471970,-0.26071292,-1.32860098,-0.06767032,-1.26100590,0.15279090,-0.93119833,0.65194934,0.25097656,0.20466384,0.39684424,-0.23171948,0.19425976,0.07929986,0.14500833,0.16527517,0.65194934,0.87424363,0.90637049,0.85311008,0.25097656,0.38211048,0.62193840,0.20466384,0.57351934,0.39684424,0.79824736,1.25252907,1.37882558,1.28801713,0.97987514
907,0.11148285,0.02015470,0.01328563,0.02179827,0.03674805,-0.58846771,-0.55541571,-0.38992216,-1.17391138,-0.20951510,-1.35568374,-0.01726706,-1.28730839,0.18475324,-0.96647328,0.66811951,0.25654069,0.20432322,0.37919176,-0.23478977,0.17618139,0.08003248,0.14489672,0.16553024,0.66811951,0.89665747,0.93755058,0.88632612,0.25654069,0.39037054,0.61127675,0.20432322,0.55403224,0.37919176,0.81871005,1.26844844,1.39729234,1.31246423,1.01810235
908,0.11645486,0.01998003,0.01291800,0.02207700,0.03632610,-0.58921890,-0.57442982,-0.34965571,-1.21710398,-0.15597945,-1.41160679,0.02292545,-1.31324085,0.21718353,-0.98079603,0.70707461,0.27480372,0.20443536,0.38506535,-0.24346170,0.17672722,0.08098007,0.14332442,0.16461975,0.70707461,0.95588745,0.97081943,0.91579258,0.27480372,0.38551810,0.61442866,0.20443536,0.56998760,0.38506535,0.83167904,1.29966294,1.44738328,1.34063793,1.04101355
909,0.11949325,0.02260318,0.01284630,0.01838380,0.03305116,-0.59081358,-0.59521177,-0.30420268,-1.20088154,-0.11177710,-1.39806137,0.06360438,-1.28074317,0.24160928,-0.95528083,0.68824616,0.27605055,0.21134444,0.37096080,-0.22605810,0.16174506,0.08222972,0.14622693,0.16776186,0.68824616,0.94531965,0.95633913,0.91584783,0.27605055,0.37751043,0.59926929,0.21134444,0.56665430,0.37096080,0.84853554,1.27146437,1.42810152,1.30783545,1.01817590
910,0.11794853,0.02405502,0.01405293,0.01868174,0.03367759,-0.58045819,-0.58630204,-0.27749769,-1.19816847,-0.07802603,-1.39777488,0.08903121,-1.27192081,0.25738516,-0.93851110,0.69979922,0.28266746,0.20948175,0.37352039,-0.22093442,0.16279903,0.08333736,0.14796333,0.16981832,0.69979922,0.96421599,0.96644853,0.91700356,0.28266746,0.37492524,0.59541373,0.20948175,0.56890544,0.37352039,0.83558473,1.26266145,1.42564131,1.30083373,1.00583634
911,0.11637379,0.02586233,0.01518236,0.01915742,0.03312008,-0.57131235,-0.58123274,-0.25453964,-1.19507912,-0.05893730,-1.39442653,0.10440755,-1.27509413,0.26790266,-0.94323819,0.70866634,0.27996885,0.20301699,0.36998857,-0.22044952,0.15460078,0.08298077,0.14954980,0.17102909,0.70866634,0.97111080,0.97612535,0.92127916,0.27996885,0.36958585,0.58152332,0.20301699,0.55759983,0.36998857,0.82583592,1.25620218,1.42193841,1.30450701,1.01171524
912,0.11216909,0.02749209,0.01499129,0.01955238,0.03346668,-0.56929496,-0.59100358,-0.23632720,-1.19571294,-0.04889961,-1.39368891,0.11585204,-1.27134482,0.27667730,-0.93748275,0.70707464,0.27333200,0.20606883,0.37061946,-0.21243274,0.15752293,0.08284119,0.14954302,0.17095549,0.70707464,0.96586578,0.97232373,0.92065847,0.27333200,0.36225624,0.57601047,0.20606883,0.56099381,0.37061946,0.83148829,1.25221089,1.41996628,1.30060886,1.00725760
913,0.11478238,0.02864749,0.01591566,0.01978551,0.03354262,-0.56397680,-0.59429748,-0.22814298,-1.19247432,-0.04174080,-1.38290025,0.12293956,-1.26459172,0.28205334,-0.92885726,0.70391621,0.26718891,0.20377863,0.37156708,-0.21465652,0.16013726,0.08268291,0.14952053,0.17085916,0.70391621,0.95589548,0.96699331,0.91674398,0.26718891,0.36061338,0.57603740,0.20377863,0.55825213,0.37156708,0.82989549,1.24824602,1.40970764,1.29495012,1.00116615
914,0.11435058,0.02771438,0.01586034,0.02123575,0.03533403,-0.56640202,-0.57911136,-0.22797991,-1.19976669,-0.03719866,-1.38978353,0.12863382,-1.27346043,0.28663565,-0.93449713,0.72478571,0.26994615,0.20351329,0.37400823,-0.21731562,0.16194783,0.08265722,0.14819240,0.16968560,0.72478571,0.97829294,0.98987935,0.93141683,0.26994615,0.36621076,0.58058970,0.20351329,0.55923529,0.37400823,0.82135294,1.25652518,1.41751870,1.30546640,1.00949508
915,0.11690703,0.02621999,0.01455476,0.02106788,0.03458340,-0.57414124,-0.58392591,-0.22954401,-1.21364836,-0.03737150,-1.40792924,0.13290167,-1.29150612,0.29276808,-0.95692293,0.73611163,0.27383649,0.20696807,0.37084575,-0.22078917,0.15574332,0.08238280,0.14574179,0.16741444,0.73611163,0.99409651,1.00849157,0.95179632,0.27383649,0.37232705,0.58333084,0.20696807,0.55935230,0.37084575,0.82929350,1.26963206,1.43524928,1.32394732,1.03252918
916,0.11571691,0.02540353,0.01438321,0.02149260,0.03504903,-0.57378784,-0.58494738,-0.23225832,-1.22153939,-0.03673123,-1.41880205,0.13297186,-1.30678334,0.29892673,-0.96777111,0.74151183,0.27813292,0.20371735,0.37746390,-0.22355809,0.16843743,0.08264782,0.14456620,0.16652342,0.74151183,1.00349828,1.01990029,0.96281222,0.27813292,0.37601915,0.58945292,0.20371735,0.56243250,0.37746390,0.82896630,1.27743994,1.44628330,1.34015412,1.04643617
917,0.11747583,0.02660968,0.01533268,0.02105702,0.03477950,-0.57578634,-0.58628241,-0.23117177,-1.21771953,-0.03436865,-1.40600165,0.13652953,-1.30105236,0.30609092,-0.95691156,0.73796829,0.27270916,0.20086542,0.38365908,-0.22048627,0.17407584,0.08289249,0.14379696,0.16597810,0.73796829,0.99391258,1.01873043,0.96628528,0.27270916,0.37785242,0.59788524,0.20086542,0.56374073,0.38365908,0.83099817,1.27257712,1.43298967,1.33445353,1.03782312
918,0.11803676,0.02661463,0.01453452,0.02094192,0.03517200,-0.57980372,-0.59839294,-0.22854845,-1.23711905,-0.02544081,-1.42111497,0.15046037,-1.32209817,0.32269700,-0.96204195,0.74795100,0.27444058,0.20214333,0.39915159,-0.23357178,0.17918766,0.08313092,0.14075852,0.16347388,0.74795100,1.00380182,1.03791969,0.98278511,0.27444058,0.38924143,0.61676367,0.20214333,0.57633917,0.39915159,0.84298912,1.29230780,1.44886573,1.35780384,1.04907475
919,0.11377193,0.02871715,0.01537638,0.02137217,0.03446041,-0.57917094,-0.58817656,-0.23020699,-1.23381531,-0.00597859,-1.42037951,0.16591695,-1.30625428,0.33372321,-0.95517708,0.75094619,0.29246840,0.20689250,0.38920572,-0.23374486,0.17600675,0.08212420,0.13833942,0.16087940,0.75094619,1.01984698,1.04201960,0.99052521,0.29246840,0.40434507,0.63059844,0.20689250,0.57650551,0.38920572,0.83741162,1.29046242,1.44747778,1.34285181,1.04350941
920,0.11452715,0.02977652,0.01517611,0.02162500,0.03425665,-0.58601596,-0.60979753,-0.22605920,-1.24488510,0.00446375,-1.42969546,0.17945625,-1.31278521,0.34971981,-0.95895162,0.74842848,0.29616175,0.21097459,0.39273701,-0.24292297,0.18535388,0.08184327,0.13593677,0.15867302,0.74842848,1.02069673,1.04737398,1.00623118,0.29616175,0.41266712,0.64427852,0.21097459,0.58420438,0.39273701,0.85776326,1.30223742,1.45838018,1.35281850,1.05471604
921,0.11858921,0.03133570,0.01560496,0.02200016,0.03343211,-0.61024025,-0.63501555,-0.23339816,-1.24956203,0.00676666,-1.43030684,0.18722360,-1.30822330,0.35844149,-0.96899322,0.74010484,0.30110458,0.21851989,0.38008215,-0.24967726,0.17554198,0.08167971,0.13272415,0.15584375,0.74010484,1.01765466,1.05206709,1.03219203,0.30110458,0.42609717,0.65638066,0.21851989,0.58061836,0.38008215,0.89202877,1.30825120,1.45972029,1.34979843,1.06694053
922,0.11706180,0.03233977,0.01720507,0.02393896,0.03543074,-0.61260288,-0.64121885,-0.23760403,-1.23251206,0.00241289,-1.40628680,0.19080278,-1.28715084,0.36071867,-0.93563009,0.71967978,0.29661589,0.22338412,0.39045395,-0.24416209,0.18546661,0.08171826,0.13270212,0.15584520,0.71967978,0.99349427,1.04012363,1.02572320,0.29661589,0.43278020,0.66869259,0.22338412,0.59182006,0.39045395,0.89685201,1.29060149,1.43526565,1.32938981,1.03801300
923,0.11660719,0.03224865,0.01753776,0.02887836,0.04020427,-0.62710164,-0.66002778,-0.26023856,-1.23433339,-0.01140738,-1.39756520,0.18733541,-1.27940762,0.36047652,-0.94260071,0.70699068,0.29772518,0.23205785,0.37870501,-0.27271295,0.19430068,0.08231830,0.12995754,0.15383518,0.70699068,0.97734364,1.03556663,1.03966038,0.29772518,0.45074894,0.68641596,0.23205785,0.58791822,0.37870501,0.92045469,1.30232374,1.43261960,1.32627385,1.05165291
924,0.11213094,0.03663279,0.01822312,0.02968335,0.04274221,-0.62849104,-0.68125591,-0.25559451,-1.20056105,-0.01183685,-1.35866352,0.18356364,-1.25124659,0.35555171,-0.92475200,0.66686078,0.29070793,0.22450642,0.36902445,-0.26094174,0.19703442,0.08263365,0.13034533,0.15433155,0.66686078,0.93353073,1.00396216,1.02540291,0.29070793,0.44353569,0.67143011,0.22450642,0.56912472,0.36902445,0.93627958,1.26899638,1.39410914,1.29657656,1.03138619
925,0.11029648,0.03853888,0.01797748,0.03157133,0.04470592,-0.62689166,-0.66529402,-0.25194859,-1.16797234,-0.00874282,-1.33580049,0.18903123,-1.23430566,0.36302105,-0.90781664,0.65670463,0.29580784,0.22443826,0.36995790,-0.26806689,0.19720465,0.08258064,0.13013209,0.15412307,0.65670463,0.92980478,1.00603120,1.03004700,0.29580784,0.44816609,0.66929914,0.22443826,0.56780917,0.36995790,0.92464566,1.24065843,1.37371294,1.28180644,1.01933319
926,0.10812430,0.03824367,0.01895561,0.03100074,0.04437420,-0.62235992,-0.64339568,-0.24958802,-1.15249368,-0.00395677,-1.32102747,0.19073741,-1.22015932,0.35494230,-0.89795096,0.65590485,0.29850111,0.22073808,0.36163805,-0.24888723,0.19613112,0.08202022,0.13052339,0.15415470,0.65590485,0.93123824,1.00593183,1.01873650,0.29850111,0.44771048,0.65749406,0.22073808,0.55541658,0.36163805,0.90567111,1.22100917,1.35415132,1.26463087,1.00299443
927,0.10813534,0.03644934,0.01801190,0.03261742,0.04748012,-0.63161528,-0.66092485,-0.23985547,-1.14037025,0.00404806,-1.30431745,0.20303138,-1.20984729,0.36753428,-0.87528381,0.64584295,0.29429739,0.22172141,0.37281940,-0.25083535,0.19793293,0.08293082,0.12978546,0.15401879,0.64584295,0.91994647,1.00913525,1.03190535,0.29429739,0.45016742,0.66394133,0.22172141,0.56285234,0.37281940,0.92481656,1.20939145,1.34017300,1.25888881,0.99065624
928,0.11018007,0.03819554,0.01894108,0.03321724,0.04901310,-0.63948624,-0.65501012,-0.24430770,-1.11479241,-0.00681770,-1.26821938,0.20135462,-1.18143637,0.37056811,-0.86152560,0.63164128,0.28310497,0.22698286,0.36193235,-0.24910133,0.18906648,0.08200884,0.12880868,0.15269946,0.63164128,0.89599472,1.00148607,1.04062850,0.28310497,0.45238677,0.66594672,0.22698286,0.55522113,0.36193235,0.92712292,1.18637702,1.30550675,1.23169292,0.98120823
929,0.10928980,0.03795974,0.01815628,0.03382853,0.04872401,-0.63641970,-0.66295112,-0.24724532,-1.11438221,-0.00288691,-1.26674206,0.19935333,-1.18557713,0.37567919,-0.86657286,0.62305078,0.28831536,0.21905955,0.36458709,-0.25385989,0.20426887,0.08223812,0.12775225,0.15193336,0.62305078,0.89102466,0.99633362,1.04370211,0.28831536,0.45370882,0.67099840,0.21905955,0.55103877,0.36458709,0.92987123,1.18640218,1.30393386,1.23597327,0.98955590
930,0.10574325,0.03571665,0.01687112,0.03653903,0.05098908,-0.64775874,-0.68203163,-0.25159622,-1.09338887,-0.00842699,-1.25830087,0.19763421,-1.17880898,0.37543084,-0.85169521,0.60222876,0.29439225,0.22183493,0.37247072,-0.26023874,0.20989711,0.08248940,0.12631362,0.15086296,0.60222876,0.87786557,0.99224905,1.04986815,0.29439225,0.45895468,0.67258967,0.22183493,0.55925978,0.37247072,0.95152461,1.17084197,1.29748413,1.23126976,0.97994241
931,0.10117852,0.03996342,0.01852588,0.04005409,0.05276434,-0.66900038,-0.69750194,-0.26053985,-1.08580366,-0.01493680,-1.25361178,0.19581486,-1.16514656,0.38029131,-0.84231968,0.59809565,0.29824020,0.23058370,0.37192195,-0.27653051,0.21348821,0.08328511,0.12289010,0.14845331,0.59809565,0.87691010,0.99426460,1.07080890,0.29824020,0.46611528,0.68689177,0.23058370,0.57081985,0.37192195,0.97927707,1.17263738,1.29807045,1.22048097,0.97634131
932,0.10398849,0.04596378,0.02038841,0.04195387,0.05094329,-0.69043838,-0.71238074,-0.25164117,-1.09973859,0.00124631,-1.27179717,0.21404532,-1.17782078,0.40036806,-0.86558841,0.61993544,0.30693184,0.23484676,0.36370542,-0.28172795,0.22109608,0.08388465,0.11935213,0.14588203,0.61993544,0.90737671,1.02771691,1.11240586,0.30693184,0.47570333,0.69450869,0.23484676,0.56996041,0.36370542,1.00358610,1.18297322,1.31401550,1.23369048,1.00186961
933,0.10467389,0.04746462,0.02040733,0.04519888,0.04970284,-0.70640942,-0.72466640,-0.25033940,-1.11725648,0.01293676,-1.28930187,0.23293982,-1.18468827,0.41873441,-0.89688092,0.64008195,0.31648402,0.24739702,0.34260895,-0.30867397,0.21865846,0.08274606,0.11664981,0.14301779,0.64008195,0.93256951,1.05522703,1.14744270,0.31648402,0.49422797,0.70822006,0.24739702,0.56577036,0.34260895,1.02498608,1.20660159,1.33482892,1.24463513,1.03650434
934,0.10140974,0.04248582,0.01764234,0.04436947,0.05245297,-0.73260311,-0.74831726,-0.25974332,-1.12032546,0.01230436,-1.28167027,0.23911352,-1.17372676,0.43574164,-0.87853868,0.63752316,0.31736808,0.25309555,0.35491502,-0.30463638,0.23517467,0.08238076,0.11271366,0.13961002,0.63752316,0.93460335,1.07183646,1.18732535,0.31736808,0.50494800,0.73764273,0.25309555,0.58493042,0.35491502,1.05872633,1.20701128,1.32615003,1.23713009,1.03224026
935,0.09822931,0.04233105,0.01611768,0.04189541,0.05187647,-0.75800422,-0.76137321,-0.27656436,-1.12657108,0.00209047,-1.28694465,0.23654760,-1.18748528,0.43934461,-0.88198648,0.63748478,0.32303454,0.25619245,0.36701418,-0.29360120,0.20611999,0.08005015,0.10953396,0.13566767,0.63748478,0.93992109,1.09152017,1.21393401,0.32303454,0.52008890,0.75778866,0.25619245,0.59609644,0.36701418,1.08487226,1.21274218,1.32669812,1.24612619,1.03300987
936,0.09730000,0.04623615,0.02167138,0.04928437,0.05738006,-0.78252248,-0.76884247,-0.30107975,-1.13024735,-0.01222619,-1.28580493,0.22804964,-1.18157403,0.44087958,-0.88408566,0.64367474,0.33035299,0.26505636,0.36631166,-0.32382380,0.21921275,0.08063412,0.10662466,0.13368126,0.64367474,0.94677393,1.10164941,1.24026586,0.33035299,0.53751469,0.78400678,0.26505636,0.60590833,0.36631166,1.11002326,1.23527560,1.33491012,1.24463778,1.04398044
937,0.09454002,0.04499339,0.01967211,0.04748976,0.05814129,-0.79294939,-0.78124048,-0.30604318,-1.13227667,-0.01700522,-1.29981105,0.22867767,-1.18363203,0.44898382,-0.87625767,0.63990071,0.33602684,0.27411624,0.37886871,-0.31777743,0.21606708,0.07985923,0.10512012,0.13201415,0.63990071,0.95156009,1.10819255,1.25749269,0.33602684,0.54197274,0.79875290,0.27411624,0.62984758,0.37886871,1.12487974,1.23409138,1.34560824,1.24520188,1.03996086
938,0.10463326,0.04606438,0.01863733,0.04431136,0.05383536,-0.82480465,-0.74639210,-0.33130956,-1.11343077,-0.03166322,-1.27776888,0.21585462,-1.19435452,0.44308808,-0.89241202,0.65516754,0.34313134,0.26214834,0.37896208,-0.34066333,0.21974746,0.07957269,0.10314544,0.13027201,0.65516754,0.97441850,1.14607351,1.29203126,0.34313134,0.55565510,0.80569714,0.26214834,0.61149475,0.37896208,1.12192290,1.21971858,1.32288009,1.25485372,1.05509948
939,0.10527966,0.04648230,0.01496767,0.03928012,0.05027840,-0.82602062,-0.74100476,-0.35943109,-1.06601704,-0.05178873,-1.22390524,0.20455649,-1.15361038,0.43486622,-0.88234468,0.60156256,0.34657062,0.26604532,0.35676070,-0.30514464,0.19396049,0.07838691,0.10221545,0.12881190,0.60156256,0.92875867,1.12184624,1.28254728,0.34657062,0.57178662,0.81530570,0.26604532,0.59472747,0.35676070,1.11697780,1.17064076,1.26132992,1.20680129,1.03284041
940,0.09816035,0.03969503,0.01319690,0.04219136,0.04972412,-0.83443221,-0.76030015,-0.37995790,-1.07796007,-0.07257254,-1.23246269,0.19810699,-1.13178166,0.43191824,-0.86632019,0.58754890,0.34462735,0.28889607,0.35456275,-0.29523077,0.19754593,0.07749670,0.10052587,0.12692986,0.58754890,0.91304829,1.10989076,1.28498380,0.34462735,0.58123114,0.83901650,0.28889607,0.62357281,0.35456275,1.13478239,1.18427455,1.26815128,1.18314809,1.01531630
941,0.09383417,0.03660584,0.01818480,0.04982918,0.05285897,-0.89832275,-0.83944529,-0.41022607,-1.15830846,-0.09202154,-1.29798867,0.19690321,-1.20495529,0.45079321,-0.91973211,0.62470407,0.34885027,0.30391512,0.38265409,-0.33533820,0.19483253,0.07675878,0.09457017,0.12180077,0.62470407,0.94760764,1.16834268,1.36671685,0.34885027,0.61063465,0.89370824,0.30391512,0.66167693,0.38265409,1.23500870,1.27523434,1.33776546,1.25612229,1.07307612
942,0.08911278,0.03683786,0.01443156,0.04757506,0.05301027,-0.89327012,-0.82775469,-0.41216183,-1.12558150,-0.09445448,-1.28176069,0.18924916,-1.19086786,0.45419743,-0.92008166,0.60878984,0.35563248,0.29843155,0.37928371,-0.32779224,0.18685914,0.07546143,0.09471722,0.12110235,0.60878984,0.93842015,1.15484805,1.36412010,0.35563248,0.60713227,0.89101820,0.29843155,0.65713848,0.37928371,1.22339901,1.24629467,1.32148679,1.24013187,1.07130986
943,0.09472468,0.04191830,0.01066321,0.04754940,0.06100587,-0.91881306,-0.78275070,-0.44685682,-1.01759011,-0.14190855,-1.18873912,0.14378561,-1.11942644,0.42008190,-0.83679270,0.56907328,0.35131820,0.29412775,0.39619751,-0.32053904,0.21529759,0.07610100,0.09492604,0.12166477,0.56907328,0.89500219,1.12775407,1.35464599,0.35131820,0.60089840,0.88572792,0.29412775,0.66334666,0.39619751,1.21248271,1.15912680,1.23310906,1.16435506,0.98745278
944,0.10967255,0.05709776,0.01867959,0.04813828,0.07259511,-1.00526022,-0.78061506,-0.50962287,-1.02365236,-0.18588496,-1.15436169,0.10878212,-1.09285099,0.40396523,-0.81413892,0.59576500,0.35027870,0.30111410,0.40734876,-0.32140934,0.20729848,0.07503977,0.09067148,0.11769573,0.59576500,0.92161335,1.17469778,1.42936978,0.35027870,0.62261128,0.93738999,0.30111410,0.68217223,0.40734876,1.27721290,1.19035023,1.20768743,1.14114072,0.97155226
945,0.10330181,0.05330303,0.02800285,0.05142068,0.08780702,-1.11043230,-0.82317417,-0.58508439,-1.02161578,-0.24774165,-1.20887086,0.06636299,-1.17381473,0.40937539,-0.87762629,0.60558199,0.38901245,0.31609735,0.45478938,-0.35571941,0.20294018,0.07419475,0.08192719,0.11053020,0.60558199,0.96141285,1.24136026,1.53664313,0.38901245,0.67046722,1.00485045,0.31609735,0.73715365,0.45478938,1.38829786,1.22989564,1.27141253,1.21622025,1.02951912
946,0.08812443,0.03159672,0.02643736,0.07508793,0.11480951,-1.10756593,-0.75585621,-0.69591094,-0.85494579,-0.35085297,-1.02660828,-0.02893671,-0.98385607,0.30593401,-0.74555428,0.47979509,0.38724290,0.32474835,0.41350532,-0.36158538,0.23597074,0.07204616,0.08316474,0.11003192,0.47979509,0.82537162,1.11868891,1.43297718,0.38724290,0.68026156,1.00784492,0.32474835,0.71595975,0.41350532,1.34591433,1.15411631,1.12668416,1.03071421,0.87911229
947,0.09144720,0.08035790,0.07090796,0.08078805,0.13544184,-1.15335489,-0.69443810,-0.79554046,-0.77250210,-0.47100402,-0.95425417,-0.10046187,-0.92908311,0.25190435,-0.67444015,0.44268813,0.37359521,0.37198650,0.43598678,-0.37584044,0.21723532,0.07080513,0.08341932,0.10941732,0.44268813,0.76080776,1.09582986,1.42341422,0.37359521,0.71467985,1.05227562,0.37198650,0.77526392,0.43598678,1.35440040,1.17774132,1.12402126,0.99475683,0.81121059
948,0.08933049,0.14998248,0.09773479,0.10697232,0.13864936,-1.15279772,-0.66381519,-0.80690470,-0.63534795,-0.50369376,-0.81386922,-0.17297181,-0.86332299,0.22784928,-0.69004834,0.43814608,0.35188486,0.33543829,0.43720049,-0.38362259,0.21428455,0.07215837,0.08246630,0.10957884,0.43814608,0.71940475,1.02952633,1.40639316,0.35188486,0.67404992,1.03619914,0.33543829,0.74196402,0.43720049,1.33610604,1.09938287,1.03592881,0.95503249,0.82540828
949,0.06788093,0.26816228,0.28757082,0.25414172,0.24158924,-1.09346159,-0.36550376,-0.82142015,-0.35067637,-0.50614367,-0.48866196,-0.25434771,-0.57508379,0.10951978,-0.39072122,0.36754982,0.34645921,0.26822905,0.40858306,-0.30092775,0.30367254,0.06986249,0.09018649,0.11408055,0.36754982,0.63471824,0.88221231,1.21933620,0.34645921,0.61418430,0.93310282,0.26822905,0.62347506,0.40858306,1.16075228,0.97110216,0.78195484,0.70040896,0.52426083
950,0.05677587,0.21810840,0.24334353,0.25739041,0.24170564,-1.04992517,-0.37899251,-0.80340171,-0.28224645,-0.53687825,-0.41955730,-0.27922153,-0.48448917,0.06905164,-0.31512946,0.35761183,0.29993575,0.26788615,0.38757029,-0.27941166,0.29758083,0.07053219,0.09803777,0.12077332,0.35761183,0.56444407,0.80263245,1.14086554,0.29993575,0.56345272,0.87349879,0.26788615,0.61514906,0.38757029,1.12499804,0.93267039,0.77628574,0.65335438,0.47835104
951,0.06397108,0.22153578,0.24501571,0.27880628,0.24135780,-1.01126875,-0.36486847,-0.77792162,-0.21832131,-0.55527345,-0.30781648,-0.29593984,-0.38207908,-0.00081308,-0.28541521,0.35139994,0.24123589,0.27653255,0.31132100,-0.24647529,0.33155623,0.06951525,0.10413993,0.12520980,0.35139994,0.49855288,0.72769493,1.02525388,0.24123589,0.51618854,0.78260114,0.27653255,0.55628133,0.31132100,1.08973283,0.89988211,0.73554988,0.57447920,0.43814195
952,0.06566192,0.18359184,0.19545268,0.24981897,0.24593085,-0.85361738,-0.18892669,-0.76158005,-0.13436621,-0.59849252,-0.19520637,-0.30750020,-0.30892125,-0.00253107,-0.20525283,0.24516554,0.17453518,0.31448233,0.32363796,-0.30383235,0.37980418,0.07058293,0.11551357,0.13537110,0.24516554,0.32910414,0.58496131,0.87518291,0.17453518,0.48890889,0.76254777,0.31448233,0.59606313,0.32363796,0.88604746,0.85495723,0.72113393,0.53826809,0.40339005
953,0.06189482,0.17608925,0.18566967,0.25598948,0.25932538,-0.87733686,-0.18122716,-0.73254946,-0.05493814,-0.55480398,-0.07418794,-0.29521626,-0.13614790,0.00357498,-0.09009449,0.31175402,0.17894618,0.27052561,0.30358153,-0.30637307,0.38267261,0.07204394,0.11600884,0.13655908,0.31175402,0.41483749,0.61514124,0.91284584,0.17894618,0.44782248,0.73736101,0.27052561,0.55885243,0.30358153,0.90530410,0.82521714,0.67006926,0.45904309,0.36311060
954,0.05828156,0.05967644,0.03738230,0.12643894,0.20500890,-0.87781376,-0.14882521,-0.69801846,0.04627807,-0.56585389,0.05144498,-0.31420517,0.02809749,-0.01849966,0.03491793,0.34595685,0.13246580,0.25367980,0.29775876,-0.29642954,0.37970296,0.07537135,0.12306427,0.14431096,0.34595685,0.43589883,0.62606504,0.91134721,0.13246580,0.38452307,0.67989570,0.25367980,0.54774174,0.29775876,0.89638466,0.77175848,0.65869296,0.44318676,0.34777483
955,0.06294715,0.03580625,0.02734079,0.07954557,0.17857804,-0.82703511,-0.12567196,-0.64439004,0.13271105,-0.51688030,0.14235191,-0.30448957,0.08180408,-0.01290110,0.09901456,0.36763539,0.13101485,0.22085265,0.29537581,-0.30462168,0.41110469,0.07989899,0.13122350,0.15363416,0.36763539,0.46320202,0.60224436,0.88361436,0.13101485,0.34488691,0.63653943,0.22085265,0.50775510,0.29537581,0.83988024,0.70821144,0.60984056,0.42893217,0.34929318
956,0.07405664,0.03752372,0.03419000,0.07157922,0.16476070,-0.84718296,-0.17496851,-0.63868367,0.15702632,-0.51610472,0.17940260,-0.31506055,0.12519191,-0.00907191,0.13880218,0.43804278,0.13022122,0.20829115,0.30930608,-0.32519172,0.40011132,0.07962059,0.13090425,0.15321671,0.43804278,0.53814330,0.65584885,0.93817684,0.13022122,0.32802764,0.63574254,0.20829115,0.51094749,0.30930608,0.86668981,0.70308613,0.61687906,0.44717504,0.36243377
957,0.08838890,0.04487480,0.02964231,0.07826899,0.16772135,-0.91158688,-0.21698248,-0.68616054,0.14143747,-0.57145737,0.18648996,-0.35264054,0.11813247,-0.01958524,0.13118001,0.49726616,0.12993096,0.22924571,0.33713350,-0.41076012,0.47572276,0.08103240,0.12582831,0.14966300,0.49726616,0.60797953,0.71816026,1.02030720,0.12993096,0.33683312,0.67291602,0.22924571,0.55692299,0.33713350,0.93844099,0.76681215,0.69705817,0.51254937,0.42457257
958,0.08095626,0.04397808,0.03552523,0.07030241,0.15159303,-0.91645571,-0.21483899,-0.71155750,0.14294726,-0.60037500,0.18897240,-0.38314209,0.11928149,-0.05974390,0.12320672,0.50225137,0.13275482,0.22826264,0.32962916,-0.46758867,0.54394547,0.08154430,0.12816158,0.15190412,0.50225137,0.61687989,0.72031841,1.00980397,0.13275482,0.33535551,0.66441776,0.22826264,0.54925209,0.32962916,0.94216829,0.79613671,0.73694489,0.56017076,0.47469730
959,0.07841669,0.03423776,0.03337699,0.06619110,0.15410291,-0.93169736,-0.22592228,-0.72449835,0.11226945,-0.61390734,0.17835001,-0.40037800,0.12925762,-0.05896156,0.12478174,0.49280313,0.13912017,0.21910813,0.34702555,-0.47637343,0.56872962,0.08229293,0.12814801,0.15229589,0.49280313,0.61923473,0.72717096,1.02558578,0.13912017,0.32909086,0.67574964,0.21910813,0.56117042,0.34702555,0.95977841,0.80731954,0.74914034,0.57532681,0.47489292
960,0.07828933,0.03680024,0.02756432,0.06801665,0.14986230,-0.87746019,-0.20317568,-0.69197638,0.13892090,-0.58383271,0.20625146,-0.38890090,0.15291896,-0.06007112,0.15981586,0.45800209,0.13629046,0.20270019,0.33599818,-0.42590591,0.52598030,0.08298693,0.13277925,0.15657957,0.45800209,0.58131343,0.67741098,0.96952612,0.13629046,0.31009219,0.64604099,0.20270019,0.53253527,0.33599818,0.90123827,0.75687168,0.69782186,0.53711592,0.44055647
961,0.07672687,0.04458135,0.03927305,0.06898180,0.15047472,-0.90006816,-0.22102085,-0.67527802,0.15594183,-0.57636785,0.21393147,-0.39694733,0.15717698,-0.05969829,0.15108693,0.48931144,0.12162656,0.18907469,0.34269227,-0.37518653,0.49142555,0.08502622,0.13285166,0.15773086,0.48931144,0.59997044,0.68696739,0.97848424,0.12162656,0.28450261,0.62708201,0.18907469,0.52641986,0.34269227,0.92726986,0.73527570,0.67812902,0.52440317,0.39955808
962,0.06822367,0.03233258,0.03902821,0.07812948,0.14826116,-0.88984944,-0.20564048,-0.70006380,0.14554249,-0.59045969,0.23062955,-0.39635290,0.18129286,-0.05687394,0.16124161,0.46144428,0.14727865,0.20121812,0.34566251,-0.41854388,0.53488782,0.08634524,0.13473679,0.16002970,0.46144428,0.59903788,0.69528637,0.97961256,0.14727865,0.31345117,0.65652721,0.20121812,0.54419245,0.34566251,0.91387652,0.76217353,0.70708379,0.54830888,0.43005845
963,0.06036034,0.03677372,0.04292689,0.07520132,0.14751778,-0.90019977,-0.21189513,-0.70036773,0.10355513,-0.58540872,0.18728677,-0.39563979,0.15423495,-0.06304325,0.14442572,0.43951789,0.15306772,0.19430522,0.33994630,-0.44294958,0.56534540,0.08702340,0.13499302,0.16061192,0.43951789,0.58447917,0.69797006,0.98735948,0.15306772,0.31963435,0.65640546,0.19430522,0.53268085,0.33994630,0.92522926,0.75418418,0.69134538,0.54523841,0.44075554
964,0.07397295,0.05074873,0.03858206,0.07303145,0.15053412,-0.89405702,-0.18916783,-0.67936886,0.10884196,-0.57033921,0.15049460,-0.37944761,0.10631768,-0.04124867,0.12556761,0.43539828,0.12517638,0.19818222,0.34504198,-0.41496959,0.50261055,0.08487195,0.13305660,0.15782048,0.43539828,0.54592810,0.66895178,0.98312259,0.12517638,0.30916426,0.65364041,0.19818222,0.53819304,0.34504198,0.91408964,0.73367406,0.66175505,0.51381019,0.41684267
965,0.07459745,0.05517647,0.05461665,0.08027913,0.15141591,-0.94730116,-0.25336416,-0.74574442,0.04845707,-0.61022274,0.12640417,-0.38520932,0.09652423,-0.03736000,0.10950854,0.46633653,0.16509777,0.22713730,0.35143111,-0.45568806,0.55675520,0.08638204,0.12718475,0.15374596,0.46633653,0.61439806,0.75083913,1.05906838,0.16509777,0.36885064,0.71940947,0.22713730,0.57589493,0.35143111,0.98149006,0.81882839,0.73394590,0.56077486,0.45908917
966,0.08349109,0.05633179,0.04377019,0.08441969,0.16967635,-0.85491033,-0.16408526,-0.64707698,0.13876054,-0.54568887,0.17386431,-0.34178481,0.10845734,-0.00221137,0.12053185,0.42193729,0.11898317,0.21506105,0.34286937,-0.36390572,0.48306380,0.08567278,0.13254242,0.15782053,0.42193729,0.52626395,0.64452708,0.95584271,0.11898317,0.31497752,0.65568318,0.21506105,0.55003458,0.34286937,0.87142057,0.70651317,0.64598325,0.47975280,0.38399829
967,0.06528838,0.08293686,0.03943817,0.09781237,0.18765943,-0.87818217,-0.17927146,-0.68521268,0.10361660,-0.56559237,0.16272380,-0.34243768,0.13373374,-0.00737839,0.12050403,0.42401205,0.13801133,0.22521517,0.33802314,-0.39145651,0.52065389,0.08100260,0.12612762,0.14989862,0.42401205,0.54413471,0.67917218,0.97459195,0.13801133,0.34508720,0.68152646,0.22521517,0.56081132,0.33802314,0.90013539,0.76891040,0.69432809,0.51402270,0.41966561
968,0.06870417,0.07400915,0.04194156,0.12310912,0.23874572,-0.83983998,-0.18348625,-0.65186106,0.07310324,-0.51599626,0.09859378,-0.26358029,0.10277680,0.04929209,0.09486588,0.38273042,0.13999192,0.25337986,0.31503209,-0.29241668,0.43979045,0.08082637,0.12546409,0.14924523,0.38273042,0.48954295,0.67787316,0.96444868,0.13999192,0.38941323,0.70243416,0.25337986,0.56548111,0.31503209,0.86476324,0.72413162,0.61977762,0.41761155,0.35941690
969,0.06059610,0.13150053,0.11072776,0.19688050,0.26765161,-0.84419114,-0.21728714,-0.64183273,0.01504197,-0.49134895,0.02058285,-0.21850448,0.03063551,0.05652431,0.05480819,0.36596283,0.15079049,0.27562777,0.27727814,-0.26138586,0.42551488,0.08101122,0.12284792,0.14715443,0.36596283,0.47249037,0.69356775,0.96055556,0.15079049,0.42466931,0.69950122,0.27562777,0.54907467,0.27727814,0.88281343,0.72512346,0.60069412,0.37821544,0.34202470
970,0.06518426,0.24837960,0.27624950,0.33003255,0.34842495,-0.94618097,-0.35054096,-0.66892131,-0.13622839,-0.46448867,-0.11469644,-0.18425105,-0.08707429,0.12422919,-0.05619245,0.39970622,0.20558731,0.28776815,0.31027493,-0.30010087,0.37481188,0.07606236,0.10874303,0.13270467,0.39970622,0.57081228,0.81760423,1.12004866,0.20558731,0.49038169,0.79837142,0.28776815,0.59346274,0.31027493,1.02874315,0.78754151,0.62095308,0.39343559,0.37474846
971,0.07446634,0.28520988,0.35540580,0.38519864,0.38158929,-0.99806095,-0.48566316,-0.65792835,-0.27540723,-0.39730591,-0.28197463,-0.12204121,-0.24333380,0.19927265,-0.16527893,0.44914182,0.26106051,0.28394869,0.33083681,-0.32269083,0.34396621,0.07513257,0.09944382,0.12463537,0.44914182,0.66245145,0.91858641,1.24776767,0.26106051,0.54160086,0.86637912,0.28394869,0.60970959,0.33083681,1.13254798,0.83264511,0.64064521,0.44975815,0.45065965
972,0.07199239,0.27875451,0.35273990,0.37812531,0.37167776,-1.00348027,-0.50727075,-0.65427909,-0.30550022,-0.38169239,-0.34775579,-0.10452804,-0.31838203,0.21094537,-0.20370081,0.46741812,0.27585235,0.28320200,0.33572573,-0.37779387,0.35203962,0.07424185,0.09887988,0.12364903,0.46741812,0.68322144,0.93677724,1.26609597,0.27585235,0.55240666,0.87243274,0.28320200,0.61149126,0.33572573,1.14698117,0.85761724,0.69177926,0.52964560,0.50913354
973,0.06880284,0.29321700,0.35949823,0.37613644,0.34887170,-1.04521774,-0.58607071,-0.65151624,-0.37174028,-0.37331480,-0.44783359,-0.08194564,-0.42703170,0.24971477,-0.31109351,0.52844648,0.28842884,0.29708649,0.35149164,-0.44164653,0.37057304,0.07343423,0.09400345,0.11928636,0.52844648,0.74002627,1.00156377,1.34428999,0.28842884,0.57501792,0.90444350,0.29708649,0.63936385,0.35149164,1.21892133,0.90316536,0.76858754,0.62336052,0.60658927
974,0.06776148,0.20824577,0.26252579,0.27708933,0.27030495,-1.08700299,-0.67066213,-0.60232341,-0.51770013,-0.29444706,-0.64439466,-0.01358245,-0.60735768,0.29591994,-0.41826070,0.59734807,0.33402472,0.28692832,0.36308632,-0.49735903,0.32899510,0.07208135,0.08841486,0.11407414,0.59734807,0.84325792,1.10202334,1.42926150,0.33402472,0.59993609,0.90545096,0.28692832,0.63284595,0.36308632,1.29604984,0.95696295,0.87105629,0.76276458,0.70073780
975,0.07981765,0.07019072,0.10656763,0.13670220,0.19483972,-1.17136098,-0.81727241,-0.62819294,-0.70969997,-0.26709884,-0.80785481,0.04099352,-0.75940596,0.37843277,-0.51024031,0.63635682,0.37549620,0.31591764,0.41999118,-0.50022326,0.30394802,0.07127193,0.07932219,0.10663816,0.63635682,0.94737757,1.23571549,1.60005960,0.37549620,0.67596915,1.02797842,0.31591764,0.71143749,0.41999118,1.44480139,1.08658791,0.98698975,0.88358191,0.79075435
976,0.08943260,0.02435730,0.03735706,0.10508463,0.17085771,-1.29351508,-0.93659616,-0.68339060,-0.87056001,-0.29559668,-1.00889162,0.05923792,-0.94395481,0.43753035,-0.62353391,0.70513720,0.41393685,0.36348342,0.49628759,-0.51827987,0.21124436,0.06838496,0.07151440,0.09894853,0.70513720,1.04586524,1.37751351,1.78172123,0.41393685,0.75134518,1.14962486,0.36348342,0.82852145,0.49628759,1.61300499,1.24673607,1.17791772,1.06364347,0.91644183
977,0.08919068,0.04958552,0.02934269,0.09895556,0.13422045,-1.27813963,-0.90930481,-0.66752673,-0.83281280,-0.29232450,-0.98183385,0.05600053,-0.92979350,0.42587001,-0.59988164,0.74087230,0.40558908,0.35503609,0.49605582,-0.59263191,0.28085889,0.07092500,0.07288578,0.10169903,0.74087230,1.05671706,1.37419296,1.76676124,0.40558908,0.73479488,1.11971664,0.35503609,0.81380413,0.49605582,1.58287596,1.23670881,1.18006815,1.07713686,0.92550095
978,0.08651659,0.05801191,0.03038436,0.09592067,0.12800348,-1.30452298,-0.93021184,-0.67468171,-0.86213331,-0.30637254,-1.00375004,0.04672246,-0.95928317,0.42801018,-0.63141227,0.76027066,0.39603619,0.35993640,0.50327013,-0.61795500,0.25917077,0.07023984,0.07163918,0.10032850,0.76027066,1.07292641,1.39191421,1.79315318,0.39603619,0.73316710,1.12859470,0.35993640,0.82407395,0.50327013,1.61825374,1.27197051,1.21583946,1.11178486,0.95831548
979,0.08940368,0.06020942,0.03702151,0.10177207,0.12288646,-1.32965561,-0.91536125,-0.72023729,-0.90331525,-0.34415310,-1.02202878,0.02474115,-0.96807519,0.41253852,-0.68489805,0.73553252,0.39540514,0.37689356,0.48165662,-0.60018267,0.21856268,0.07024768,0.07092094,0.09982242,0.73553252,1.06273344,1.39451748,1.79498348,0.39540514,0.75246687,1.15456314,0.37689356,0.82858316,0.48165662,1.62646684,1.30667602,1.22542478,1.10235550,0.97864656
980,0.09840057,0.05092666,0.02971864,0.09072618,0.12068018,-1.33135548,-0.94462029,-0.71971495,-0.91459803,-0.35959654,-1.05973502,0.04042386,-1.00560657,0.41547864,-0.72172333,0.76527033,0.39143130,0.40901606,0.47189019,-0.65968140,0.21189444,0.07094841,0.06987138,0.09957754,0.76527033,1.06069048,1.41540468,1.80175640,0.39143130,0.77424936,1.15409282,0.40901606,0.84604280,0.47189019,1.64324103,1.33165439,1.26859521,1.13816421,1.00875928
981,0.09971196,0.05711279,0.02390188,0.08763881,0.11228055,-1.29382869,-0.89885510,-0.74607941,-0.95857926,-0.37126213,-1.06047627,0.01954800,-0.99769150,0.38948536,-0.72894892,0.72263881,0.39687146,0.40391758,0.45882796,-0.58539435,0.18465038,0.07052978,0.07197867,0.10077390,0.72263881,1.01307507,1.35208598,1.72641876,0.39687146,0.78354061,1.16515504,0.40391758,0.83093161,0.45882796,1.58562118,1.37635061,1.25796444,1.10960910,0.97820729
982,0.10544318,0.05434000,0.02408116,0.08586195,0.10085292,-1.26920463,-0.89328659,-0.74110550,-1.01119505,-0.35018803,-1.12635126,0.05139865,-1.04899270,0.40882088,-0.80103623,0.71273755,0.41474098,0.41647982,0.43583401,-0.59510427,0.13516302,0.07244149,0.07118616,0.10156396,0.71273755,1.02400405,1.36498668,1.71361180,0.41474098,0.80854953,1.17606457,0.41647982,0.82741869,0.43583401,1.56153406,1.40569788,1.30519069,1.15475579,1.03231526
983,0.11169322,0.05738313,0.03537308,0.09021356,0.09522406,-1.14107526,-0.80770899,-0.75896561,-1.02637326,-0.31954739,-1.12015711,0.07258002,-1.05535111,0.42101318,-0.82761822,0.61409632,0.45812821,0.40191358,0.42050531,-0.58518243,0.11756435,0.07598612,0.07051479,0.10366401,0.61409632,0.94193816,1.26968254,1.59848454,0.45812821,0.84531904,1.19994674,0.40191358,0.79624680,0.42050531,1.40118038,1.37920983,1.24265807,1.12170113,1.02442133
984,0.11052612,0.04280887,0.04345159,0.08558720,0.09284077,-1.05321028,-0.70762700,-0.90452049,-1.03332402,-0.33319035,-1.16005283,0.08290418,-1.12018043,0.41926598,-0.84061497,0.56012246,0.59283375,0.42220447,0.44424680,-0.58848560,0.09450165,0.07901064,0.07289379,0.10749970,0.56012246,0.91434761,1.23994392,1.52036052,0.59283375,1.00315353,1.33991499,0.42220447,0.81766127,0.44424680,1.27193990,1.46819827,1.27945837,1.18110821,1.03858733
985,0.12318103,0.04627760,0.05068935,0.08264691,0.09122817,-0.96677604,-0.74104417,-0.97061130,-1.03200830,-0.32122534,-1.21553434,0.07591737,-1.18049994,0.42651105,-0.87954661,0.51697545,0.68679297,0.40396810,0.46726359,-0.58628963,0.01478588,0.08092318,0.07161880,0.10806393,0.51697545,0.85536824,1.15556322,1.43280329,0.68679297,1.07444923,1.41080401,0.40396810,0.81976685,0.46726359,1.22117197,1.50697763,1.31518073,1.22568508,1.05261427
986,0.11614107,0.05692659,0.04472442,0.07443433,0.08372131,-1.02217206,-0.81575020,-0.95301582,-1.02895436,-0.30580971,-1.27262060,0.07066043,-1.21984991,0.42574586,-0.92416931,0.51009029,0.70381827,0.38547063,0.46668878,-0.60379265,0.01173569,0.08038447,0.07279359,0.10844616,0.51009029,0.91054626,1.19459279,1.48878796,0.70381827,1.05935603,1.38875746,0.38547063,0.81030522,0.46668878,1.30976375,1.49940025,1.36845638,1.26716167,1.09373460
987,0.13209716,0.05707651,0.04823204,0.07295601,0.07905561,-0.87234092,-0.76664127,-1.00643997,-1.05128662,-0.30806217,-1.33277792,0.08834841,-1.29959408,0.43926009,-0.98561584,0.52942363,0.76063675,0.40004397,0.47535663,-0.59685228,0.05832974,0.08116646,0.07570382,0.11099127,0.52942363,0.86028620,1.13269240,1.37274870,0.76063675,1.13257681,1.44967934,0.40004397,0.82433713,0.47535663,1.16482022,1.54404761,1.42747056,1.35294700,1.16188724
988,0.14106355,0.06857274,0.04684153,0.07364853,0.08162082,-0.84071824,-0.72229388,-0.94316231,-1.02663428,-0.28142169,-1.36721219,0.09099641,-1.34186933,0.44277173,-1.00297027,0.55486501,0.75189188,0.37864417,0.49124071,-0.69693892,0.03104295,0.08307722,0.07547705,0.11224353,0.55486501,0.92092800,1.15390093,1.35564555,0.75189188,1.09449970,1.39118032,0.37864417,0.81071422,0.49124071,1.11314520,1.50064653,1.46611262,1.39892605,1.18023283
989,0.15124624,0.04596705,0.04304268,0.06211969,0.07064030,-0.76129075,-0.72562760,-0.94746123,-1.08821451,-0.28011599,-1.47667868,0.09430005,-1.44765301,0.44966291,-1.08524186,0.62128618,0.78356328,0.37976855,0.51122077,-0.67550402,0.01312715,0.08240960,0.07648675,0.11243471,0.62128618,0.95308163,1.15384203,1.30825264,0.78356328,1.11822184,1.40303482,0.37976855,0.82814262,0.51122077,1.05634216,1.55053791,1.56457965,1.49917535,1.25408714
990,0.15010533,0.05468998,0.04097004,0.06041048,0.06966863,-0.66606933,-0.80917304,-0.91931475,-1.10978371,-0.26814450,-1.54338284,0.11607466,-1.50735522,0.46900878,-1.11972749,0.58168369,0.78809539,0.38914809,0.52676358,-0.65663886,0.06548991,0.08265955,0.07833604,0.11388212,0.58168369,0.89926928,1.08606988,1.22355943,0.78809539,1.11857868,1.39152047,0.38914809,0.85022405,0.52676358,1.05523081,1.54308368,1.63165608,1.56547194,1.29748249
991,0.15293624,0.05699831,0.03673104,0.05311473,0.06161576,-0.65472669,-0.87231133,-0.91444500,-1.12345200,-0.27095128,-1.56039536,0.11701562,-1.54202964,0.47136911,-1.15248750,0.54950571,0.78223870,0.38998868,0.52838072,-0.61085354,0.07995990,0.08267731,0.08048111,0.11538088,0.54950571,0.85458385,1.06378764,1.20898169,0.78223870,1.11941257,1.38813815,0.38998868,0.84705085,0.52838072,1.09615160,1.54022033,1.64382361,1.59866645,1.32347522
992,0.13923193,0.05851206,0.03422773,0.05315371,0.06199026,-0.69567126,-0.87493469,-0.89123853,-1.07040620,-0.22255793,-1.55390263,0.14082497,-1.49701832,0.49557468,-1.11827854,0.46825043,0.82737398,0.36808907,0.52081394,-0.50505689,0.08506414,0.08226926,0.08403010,0.11759800,0.46825043,0.88636959,1.08563807,1.26449558,0.82737398,1.11925885,1.38797487,0.36808907,0.84046057,0.52081394,1.12160008,1.47008421,1.62237108,1.55475514,1.29978555
993,0.12555719,0.05770449,0.02845952,0.04562442,0.05840232,-0.65209819,-0.72319629,-0.77819511,-0.98308024,-0.19852780,-1.43236758,0.13216382,-1.38177275,0.42352257,-1.00104601,0.41265164,0.73447738,0.33460787,0.48036606,-0.38290584,0.13729194,0.08162806,0.09403299,0.12452046,0.41265164,0.87955679,1.05700031,1.14860975,0.73447738,0.99438461,1.20185545,0.33460787,0.75785665,0.48036606,0.97681818,1.30774078,1.48365833,1.42879150,1.14781224
994,0.10230493,0.03593378,0.01270606,0.03205387,0.05323486,-0.74551278,-0.63687633,-0.39679966,-1.14215130,-0.14739051,-1.27758194,0.09981273,-1.19272265,0.33522333,-0.84905417,0.65222100,0.28480211,0.26153376,0.41738642,-0.26709939,0.20086220,0.07581915,0.10567726,0.13006240,0.65222100,0.89823837,1.03243473,1.12554625,0.28480211,0.49938643,0.78860880,0.26153376,0.64639129,0.41738642,0.98398415,1.24645613,1.31597584,1.23116508,0.96554303
995,0.09429219,0.03766457,0.01759543,0.03974658,0.05715153,-0.73506545,-0.66627181,-0.35812869,-1.17498474,-0.10696497,-1.31679922,0.14223082,-1.20918648,0.35308200,-0.86603163,0.66710075,0.28865338,0.27144550,0.40318731,-0.29091153,0.23275646,0.07604862,0.10740140,0.13159959,0.66710075,0.92588020,1.05033795,1.12714427,0.28865338,0.50169910,0.77543709,0.27144550,0.64429337,0.40318731,0.99829568,1.26967152,1.35702963,1.25591121,0.99068059
996,0.09526031,0.03718599,0.01897903,0.03784721,0.05385178,-0.70422686,-0.64875869,-0.33032560,-1.19585565,-0.08203172,-1.32376053,0.15387614,-1.21280796,0.35711804,-0.86440909,0.68916745,0.27977081,0.26081149,0.40352240,-0.28605319,0.22566399,0.07638816,0.11005142,0.13396442,0.68916745,0.93419511,1.04011754,1.09744391,0.27977081,0.48508828,0.76326946,0.26081149,0.63551050,0.40352240,0.96634273,1.28116016,1.36057583,1.25779525,0.98456905
997,0.10252562,0.03788750,0.01885092,0.03462191,0.04784342,-0.70928402,-0.65949532,-0.31002322,-1.21251444,-0.07155848,-1.34983125,0.15702741,-1.21295784,0.35509260,-0.87455560,0.69983986,0.27563218,0.26678491,0.39212843,-0.25713106,0.18753582,0.07598533,0.11197682,0.13532398,0.69983986,0.95030256,1.03583686,1.09380589,0.27563218,0.46798731,0.74648037,0.26678491,0.63875361,0.39212843,0.97957377,1.28777922,1.38197590,1.25336028,0.98403276
998,0.10749851,0.03357550,0.01772801,0.03074554,0.04353810,-0.70518159,-0.67550692,-0.31066490,-1.23783727,-0.06545604,-1.37146587,0.15720879,-1.25101486,0.35384502,-0.89076699,0.70626986,0.27945182,0.25315624,0.41050706,-0.26313058,0.20257590,0.07654994,0.11315188,0.13661347,0.70626986,0.95772739,1.04810675,1.09277126,0.27945182,0.46817840,0.74969034,0.25315624,0.63793001,0.41050706,0.98334903,1.30655562,1.39921173,1.28929649,0.99791669
999,0.09868367,0.03560960,0.01956258,0.02979400,0.04323391,-0.66329461,-0.63509284,-0.28650707,-1.21337673,-0.05609215,-1.35037310,0.16058328,-1.22675082,0.34632065,-0.86734076,0.70574588,0.26822121,0.24948957,0.40457403,-0.23667597,0.21057670,0.07712999,0.11810320,0.14105815,0.70574588,0.94837083,1.02317587,1.04498397,0.26822121,0.44747711,0.72133267,0.24948957,0.62869547,0.40457403,0.92705493,1.27656021,1.37730129,1.26452221,0.97048236
1000,0.10628618,0.03207944,0.01836551,0.02540361,0.03782077,-0.63426610,-0.63577236,-0.27461184,-1.20211398,-0.03874133,-1.36338803,0.15646403,-1.23494716,0.33805199,-0.87853574,0.68750020,0.28603823,0.23367213,0.40000735,-0.24003403,0.20358562,0.07735010,0.12142067,0.14396533,0.68750020,0.95018504,1.00142558,1.01161599,0.28603823,0.43254681,0.69297193,0.23367213,0.61404869,0.40000735,0.90643374,1.26297949,1.38849886,1.27154171,0.97682389
1001,0.10691300,0.02807307,0.01721907,0.02177844,0.03465735,-0.62824772,-0.60475878,-0.28902764,-1.20790784,-0.05452742,-1.36942503,0.14306597,-1.25615130,0.33450081,-0.90521204,0.70620026,0.28524416,0.22775901,0.39975828,-0.22582499,0.17685835,0.07669060,0.12191820,0.14403296,0.70620026,0.96397519,1.01719585,1.01604992,0.28524416,0.43509622,0.69334223,0.22775901,0.60567085,0.39975828,0.88051880,1.26953134,1.39241571,1.28804092,0.99572537
1002,0.10889286,0.02741755,0.01817411,0.02343153,0.03676989,-0.60346605,-0.59294665,-0.28288885,-1.20463134,-0.04887091,-1.37525586,0.14875831,-1.25332812,0.33312251,-0.88855460,0.70609192,0.28977947,0.23221898,0.40873152,-0.23104083,0.19770880,0.07806331,0.12432245,0.14679902,0.70609192,0.96873554,1.01016167,0.99103490,0.28977947,0.43452849,0.69252171,0.23221898,0.61872465,0.40873152,0.85470660,1.26622149,1.40026042,1.28811792,0.98236804
1003,0.11736151,0.02565771,0.01728296,0.02164184,0.03377269,-0.60588417,-0.59561642,-0.26441213,-1.22838801,-0.02919204,-1.41303309,0.16236529,-1.27720297,0.33925264,-0.91881146,0.73164448,0.29927657,0.23483299,0.39975687,-0.22061580,0.17398034,0.07775657,0.12513322,0.14732416,0.73164448,1.00793848,1.03420335,1.00526375,0.29927657,0.42977492,0.67877525,0.23483299,0.61652879,0.39975687,0.85928973,1.28392185,1.43559316,1.31157527,1.00883764
1004,0.11755474,0.02385689,0.01595207,0.02163678,0.03296411,-0.59993832,-0.57988434,-0.25361095,-1.22796741,-0.02439846,-1.41413295,0.16750953,-1.29263883,0.34333772,-0.93003460,0.74889667,0.29561812,0.22725983,0.40317488,-0.23426572,0.16759323,0.07755688,0.12657990,0.14845047,0.74889667,1.02189795,1.05457571,1.01223653,0.29561812,0.42660031,0.66802609,0.22725983,0.60825870,0.40317488,0.84622426,1.28600219,1.44020208,1.32993436,1.02285067
1005,0.11915919,0.02434615,0.01765420,0.02106243,0.03206682,-0.57969418,-0.55400115,-0.24659662,-1.22556447,-0.02448389,-1.39605240,0.15870620,-1.27461339,0.33433457,-0.92204874,0.76393030,0.28019805,0.21989507,0.39401765,-0.23052047,0.17265056,0.07787178,0.12915353,0.15081329,0.76393030,1.01782205,1.03986990,0.99256940,0.28019805,0.40863214,0.65602070,0.21989507,0.59474437,0.39401765,0.81280543,1.28112295,1.42205309,1.31103793,1.01278069
1006,0.11612195,0.02396257,0.01713842,0.02235646,0.03333784,-0.58821079,-0.57365513,-0.23965231,-1.23345968,-0.01723018,-1.41548379,0.16336525,-1.29125517,0.33186489,-0.94192126,0.76066112,0.28770549,0.21957415,0.38800524,-0.23408010,0.16615300,0.07823736,0.12952028,0.15131618,0.76066112,1.02605376,1.04623825,0.99719334,0.28770549,0.40796358,0.64264351,0.21957415,0.58881212,0.38800524,0.83352040,1.28907419,1.44201589,1.32764628,1.02971239
1007,0.12282641,0.02377550,0.01633173,0.02014269,0.03103367,-0.58405701,-0.57038994,-0.23425011,-1.24426564,-0.00701293,-1.42279054,0.16947743,-1.29881968,0.33709709,-0.94786390,0.77368632,0.28957143,0.21591377,0.38909509,-0.23684303,0.16211102,0.07750924,0.13042783,0.15172047,0.77368632,1.03755147,1.05491860,1.00142104,0.28957143,0.40839913,0.64489291,0.21591377,0.58687733,0.38909509,0.82710409,1.29704228,1.44690562,1.33402431,1.03461916
1008,0.12224355,0.02327340,0.01468349,0.01843530,0.02944690,-0.57287341,-0.57151905,-0.22926027,-1.23879056,-0.00879038,-1.42045497,0.16581414,-1.29924806,0.33037882,-0.95460386,0.76507947,0.28604326,0.21294368,0.38220198,-0.23233120,0.16970861,0.07747153,0.13313305,0.15403327,0.76507947,1.02800737,1.04396937,0.98686103,0.28604326,0.40061728,0.62907912,0.21294368,0.57690418,0.38220198,0.82023624,1.29110257,1.44552523,1.33437368,1.03833220
1009,0.12237290,0.02386865,0.01552153,0.01736421,0.02847114,-0.56261248,-0.56185539,-0.22391228,-1.23501552,-0.01080774,-1.40753006,0.16120647,-1.29311626,0.32461228,-0.95109945,0.76614713,0.27454051,0.20699832,0.37932220,-0.22334943,0.16803657,0.07770738,0.13661088,0.15716542,0.76614713,1.01739015,1.03490351,0.97367614,0.27454051,0.39041537,0.61903879,0.20699832,0.56708726,0.37932220,0.80592069,1.28381467,1.43061156,1.32553806,1.03057180
1010,0.11935476,0.02428024,0.01497006,0.01738350,0.02922308,-0.55487229,-0.55403917,-0.21099268,-1.20716649,-0.00227915,-1.39409156,0.16110319,-1.27892302,0.31691662,-0.94404125,0.75005859,0.28056131,0.20036506,0.36960325,-0.21301381,0.16729547,0.07786691,0.13988249,0.16009487,0.75005859,1.01248961,1.02425301,0.95941542,0.28056131,0.38000715,0.59133137,0.20036506,0.55242574,0.36960325,0.79561336,1.25443268,1.41694409,1.31112938,1.02118092
1011,0.11730989,0.02337693,0.01498153,0.01736836,0.02817039,-0.54652697,-0.56271837,-0.20247209,-1.22840779,0.01006710,-1.41741952,0.17676107,-1.29595056,0.32859087,-0.95477468,0.76093014,0.28480771,0.20667562,0.37371623,-0.21708692,0.16397549,0.07778123,0.14074535,0.16080788,0.76093014,1.02670761,1.03521572,0.96312881,0.28480771,0.38620975,0.59891669,0.20667562,0.56237298,0.37371623,0.79655949,1.27407476,1.44038362,1.33029808,1.03522513
1012,0.11638819,0.02398424,0.01451806,0.01685400,0.02862283,-0.54026467,-0.55433755,-0.19397727,-1.22880866,0.01517945,-1.42126820,0.17920056,-1.29277416,0.32955904,-0.94504987,0.76904575,0.28492651,0.20899651,0.37920990,-0.21861889,0.15222106,0.07781985,0.14228196,0.16217301,0.76904575,1.03535499,1.03513486,0.95656287,0.28492651,0.38034720,0.59783991,0.20899651,0.57158605,0.37920990,0.78834564,1.27475996,1.44463572,1.32738739,1.02590643
1013,0.11593366,0.02344867,0.01407953,0.01740110,0.02911768,-0.54095840,-0.57064001,-0.18750263,-1.22642590,0.02045125,-1.42118589,0.18423064,-1.29642926,0.33212424,-0.95053875,0.75619109,0.28562738,0.20640471,0.37646746,-0.21396708,0.15114143,0.07806082,0.14367073,0.16350771,0.75619109,1.02499786,1.03037939,0.95553124,0.28562738,0.37986741,0.59040269,0.20640471,0.56525105,0.37646746,0.79976138,1.27098084,1.44415405,1.33145742,1.03202984
1014,0.11572944,0.02143252,0.01336492,0.01712267,0.02912737,-0.52721268,-0.56193378,-0.18373510,-1.23864056,0.03197141,-1.42588350,0.19612923,-1.30493020,0.34526241,-0.95194095,0.76898445,0.28641611,0.20434739,0.38361021,-0.21167766,0.15235150,0.07894849,0.14413361,0.16433917,0.76898445,1.03427695,1.04082214,0.95838130,0.28641611,0.38714747,0.60395902,0.20434739,0.56898532,0.38361021,0.78410330,1.28085652,1.44770418,1.34033595,1.03564888
1015,0.11456960,0.02073098,0.01285669,0.01639787,0.02778649,-0.53082275,-0.58543740,-0.16813528,-1.25888831,0.04873770,-1.43675547,0.21075916,-1.30962456,0.35267156,-0.95224688,0.77496812,0.28112201,0.20629208,0.38501351,-0.20742408,0.15467067,0.07956116,0.14567800,0.16598812,0.77496812,1.03526410,1.04074350,0.95948374,0.28112201,0.38352416,0.60646766,0.20629208,0.57280889,0.38501351,0.80317066,1.29801833,1.45898270,1.34748256,1.03850499
1016,0.11722501,0.02063745,0.01233904,0.01507520,0.02611719,-0.52766628,-0.59267391,-0.15725197,-1.25923859,0.06232818,-1.44449727,0.22424944,-1.30643399,0.36278686,-0.94685752,0.77194750,0.28804246,0.21326384,0.38582743,-0.21085007,0.14959773,0.08018187,0.14664204,0.16713174,0.77194750,1.04092693,1.04021607,0.96054991,0.28804246,0.38599834,0.60907812,0.21326384,0.58227736,0.38582743,0.80743288,1.29724273,1.46701316,1.34606065,1.03647597
1017,0.11422815,0.01999486,0.01242812,0.01482240,0.02609031,-0.51829254,-0.59188915,-0.14598909,-1.26489517,0.07220792,-1.44903403,0.23092081,-1.30508341,0.36751741,-0.94605223,0.77815443,0.28625147,0.21452401,0.38452800,-0.20409599,0.15917588,0.08122096,0.14836296,0.16914022,0.77815443,1.04543108,1.03806287,0.95654486,0.28625147,0.38031218,0.60636974,0.21452401,0.58392520,0.38452800,0.79995890,1.30018015,1.47095681,1.34551604,1.03739804
1018,0.11429801,0.02016690,0.01227807,0.01548232,0.02685271,-0.51168922,-0.60029554,-0.13554231,-1.26209649,0.08343689,-1.43890105,0.23947405,-1.29711373,0.37281401,-0.93452865,0.77085885,0.28216591,0.21120749,0.38670431,-0.20584795,0.16206923,0.08145628,0.15030889,0.17096165,0.77085885,1.03329668,1.02843799,0.94825902,0.28216591,0.37806367,0.60680052,0.21120749,0.58224565,0.38670431,0.80296994,1.29811531,1.46311274,1.34052148,1.03033618
1019,0.11879383,0.02108939,0.01223645,0.01480383,0.02581509,-0.50714377,-0.59992490,-0.11811646,-1.26813435,0.09897071,-1.44673717,0.25423893,-1.29685609,0.37941409,-0.93193584,0.78261804,0.28195761,0.21642298,0.38625494,-0.20867635,0.15658854,0.08209370,0.15218342,0.17291376,0.78261804,1.04609462,1.03551536,0.94884887,0.28195761,0.37539971,0.60317084,0.21642298,0.58728994,0.38625494,0.80055257,1.30302103,1.47209982,1.34264710,1.02960222
1020,0.11897368,0.02175029,0.01270641,0.01486170,0.02486865,-0.49841850,-0.61292471,-0.11005599,-1.26673081,0.10504333,-1.45186216,0.25878657,-1.30088665,0.37960454,-0.92486044,0.77086465,0.28469643,0.21611502,0.39543605,-0.20536695,0.15653217,0.08240803,0.15422134,0.17485796,0.77086465,1.03861936,1.02675951,0.93424172,0.28469643,0.37248754,0.60006410,0.21611502,0.59532415,0.39543605,0.80378971,1.30080175,1.47729696,1.34709424,1.02278588
1021,0.11527455,0.02060756,0.01242656,0.01476471,0.02479222,-0.48932097,-0.60214872,-0.11063849,-1.24801119,0.10703521,-1.43303623,0.25917748,-1.28031468,0.37836405,-0.90240508,0.75829413,0.28655124,0.21604407,0.39658112,-0.19785421,0.16672363,0.08278637,0.15670687,0.17723043,0.75829413,1.02743655,1.01349605,0.92066518,0.28655124,0.37301808,0.60110378,0.21604407,0.59674502,0.39658112,0.78991587,1.28134200,1.45796366,1.32671037,1.00205684
1022,0.11969971,0.02232189,0.01254182,0.01419057,0.02564823,-0.50021477,-0.60538592,-0.12455797,-1.25091750,0.08246749,-1.43333528,0.23415508,-1.27227685,0.36268379,-0.90135321,0.75641019,0.27736943,0.22208659,0.39280958,-0.19873723,0.14199130,0.08164452,0.15667559,0.17667220,0.75641019,1.01655370,0.99460749,0.91409581,0.27736943,0.36248408,0.60281722,0.22208659,0.60219208,0.39280958,0.80120682,1.28758835,1.45735629,1.31409788,0.99551609
1023,0.11273218,0.02528166,0.01470592,0.01659490,0.02754724,-0.50817782,-0.60548668,-0.13934109,-1.23799398,0.06543834,-1.41872293,0.21721385,-1.26290349,0.34771857,-0.89599333,0.74244151,0.27405516,0.21820174,0.38957149,-0.19801647,0.16261216,0.08280264,0.15636177,0.17693298,0.74244151,1.00023269,0.98249996,0.90676615,0.27405516,0.35963005,0.59726408,0.21820174,0.59472661,0.38957149,0.80457111,1.27534129,1.44211935,1.30247262,0.98652485
1024,0.11212273,0.02599404,0.01488817,0.01688746,0.02871641,-0.51595373,-0.59802337,-0.15439699,-1.22863661,0.04362357,-1.41370987,0.19960837,-1.25566843,0.33214198,-0.88754160,0.73769355,0.27185220,0.22289330,0.39139537,-0.20071325,0.16629924,0.08289082,0.15607240,0.17671865,0.73769355,0.99470461,0.97561261,0.89928593,0.27185220,0.35731313,0.59634920,0.22289330,0.60081438,0.39139537,0.80428141,1.26899736,1.43744754,1.29336351,0.97440937
1025,0.11079798,0.02485999,0.01470778,0.01477149,0.02837815,-0.53048909,-0.59834633,-0.18099834,-1.22605291,0.00324272,-1.40223764,0.17068182,-1.25748843,0.31403509,-0.89237948,0.72904677,0.25552619,0.22189116,0.39234640,-0.19438209,0.16904625,0.08211814,0.15408831,0.17460411,0.72904677,0.97078383,0.96660259,0.89796335,0.25552619,0.35464694,0.59848419,0.22189116,0.59762773,0.39234640,0.81168900,1.26697784,1.42359426,1.28967735,0.97147325
1026,0.10949880,0.02413356,0.01518037,0.01635498,0.02930368,-0.55352516,-0.60587913,-0.23031524,-1.22734721,-0.04317489,-1.40244325,0.13412950,-1.25577893,0.28483624,-0.89844580,0.71158827,0.25676798,0.23043729,0.38784614,-0.19933459,0.16211843,0.08216531,0.14981810,0.17087013,0.71158827,0.95233198,0.95112655,0.89269305,0.25676798,0.36663922,0.61209577,0.23043729,0.60158825,0.38784614,0.83199605,1.27597264,1.42455573,1.28439080,0.96989944
1027,0.10710087,0.02403942,0.01586347,0.01905036,0.03142794,-0.57899188,-0.62037311,-0.28111360,-1.23291926,-0.08908469,-1.39926600,0.09071065,-1.25256219,0.26267852,-0.89907173,0.69448080,0.25437149,0.23239146,0.39310236,-0.21385780,0.17030741,0.08244951,0.14490967,0.16672353,0.69448080,0.92832598,0.92754718,0.89333112,0.25437149,0.37319027,0.63862934,0.23239146,0.61164966,0.39310236,0.85928011,1.29320111,1.42565038,1.27961706,0.96804801
1028,0.10887084,0.02685595,0.01800630,0.02290045,0.03370390,-0.59844200,-0.61315879,-0.31115784,-1.18386812,-0.11835052,-1.34291159,0.06444828,-1.21370528,0.24826295,-0.88678947,0.65535103,0.25021255,0.22405275,0.37505270,-0.21332529,0.17097220,0.08167363,0.14175629,0.16360143,0.65535103,0.88374066,0.90310419,0.89873042,0.25021255,0.37738430,0.63371015,0.22405275,0.58524703,0.37505270,0.86563414,1.25331647,1.37247869,1.24045141,0.95411770
1029,0.10761867,0.03166786,0.02291902,0.02843360,0.03971180,-0.61260412,-0.60464163,-0.32296642,-1.17132091,-0.12615313,-1.31024554,0.06110996,-1.18839333,0.25022687,-0.85190050,0.65446018,0.24115764,0.22393465,0.38602664,-0.22427565,0.18478233,0.08162303,0.13783673,0.16019140,0.65446018,0.86866022,0.90035501,0.90711508,0.24115764,0.38534942,0.65653275,0.22393465,0.59316818,0.38602664,0.87194681,1.24962397,1.34595797,1.21927968,0.92822538
1030,0.11000233,0.03203319,0.02270123,0.02997563,0.04215703,-0.62172266,-0.62718665,-0.33791733,-1.16333784,-0.13555687,-1.28749397,0.05873727,-1.17349549,0.25452067,-0.84530348,0.62887979,0.23751370,0.22595858,0.38222309,-0.23451921,0.19320597,0.08236792,0.13535755,0.15844918,0.62887979,0.83522096,0.88397703,0.91511184,0.23751370,0.39754609,0.67262735,0.22595858,0.58974561,0.38222309,0.89332448,1.24811771,1.32745829,1.20690691,0.92708368
1031,0.11228695,0.03293375,0.02390201,0.03118140,0.04321229,-0.62931227,-0.64171829,-0.34484852,-1.14228520,-0.13721850,-1.26885495,0.06029245,-1.15924097,0.25919418,-0.83421766,0.60195678,0.24318494,0.22622346,0.38121533,-0.23644356,0.19803455,0.08268657,0.13362802,0.15714171,0.60195678,0.81565242,0.87699453,0.92515793,0.24318494,0.40578279,0.67807859,0.22622346,0.58826358,0.38121533,0.90684746,1.22943082,1.30951830,1.19433179,0.92109275
1032,0.11521964,0.03799991,0.02504482,0.03288255,0.04665603,-0.63799925,-0.64285068,-0.34085485,-1.12365292,-0.13356553,-1.24781575,0.06522831,-1.13248328,0.26332398,-0.80963271,0.59542031,0.24163072,0.23025127,0.37900464,-0.24430101,0.20625105,0.08352743,0.13215430,0.15633807,0.59542031,0.80971148,0.87431123,0.93544148,0.24163072,0.40640685,0.68091194,0.23025127,0.59120768,0.37900464,0.91340716,1.21333421,1.29170782,1.17134372,0.90438135
1033,0.11928520,0.03604143,0.02372330,0.03573844,0.05014058,-0.63729676,-0.63888462,-0.34288915,-1.12933122,-0.13474588,-1.25012009,0.07031160,-1.13500670,0.27705837,-0.81649265,0.60881428,0.24068599,0.23581682,0.37997545,-0.26879190,0.21232270,0.08392389,0.12987990,0.15463508,0.60881428,0.81932896,0.88589526,0.95449095,0.24068599,0.41346288,0.69440831,0.23581682,0.59802279,0.37997545,0.91056768,1.22554063,1.30100582,1.18041865,0.92327905
1034,0.12358474,0.03401888,0.02256863,0.03330061,0.04475902,-0.63443809,-0.62972222,-0.34729118,-1.12764882,-0.13329619,-1.25020439,0.07189335,-1.14540688,0.27808061,-0.83882817,0.60763232,0.24664757,0.23062195,0.36974417,-0.25718917,0.20208962,0.08387174,0.12951919,0.15430388,0.60763232,0.82047339,0.89336387,0.95662735,0.24664757,0.41981710,0.68884492,0.23062195,0.58179034,0.36974417,0.90107546,1.22009489,1.29397162,1.18518146,0.93659628
1035,0.11821645,0.03504354,0.02390150,0.02975676,0.04142314,-0.63066715,-0.65204885,-0.32862819,-1.14512879,-0.11603380,-1.27352185,0.08657414,-1.16661119,0.28606478,-0.85043591,0.60759207,0.24845442,0.22938721,0.37400463,-0.24270461,0.19800377,0.08370522,0.13009660,0.15469871,0.60759207,0.82664386,0.89854453,0.95480969,0.24845442,0.41617957,0.68172917,0.22938721,0.58368312,0.37400463,0.91357869,1.22728970,1.31079732,1.20195863,0.94200270
1036,0.12003893,0.03220818,0.02012423,0.02467734,0.03767928,-0.62026020,-0.66005219,-0.31420050,-1.15481188,-0.10251401,-1.29788439,0.09851341,-1.18660616,0.29990647,-0.86608184,0.60750602,0.25570195,0.22990470,0.37862882,-0.23463355,0.18715813,0.08320437,0.13057122,0.15482833,0.60750602,0.83788663,0.90473090,0.95728267,0.25570195,0.41432609,0.67866825,0.22990470,0.59025057,0.37862882,0.91197997,1.22941079,1.32987063,1.21946571,0.95587830
1037,0.11964434,0.02858736,0.01870024,0.02243033,0.03691564,-0.61419007,-0.65554775,-0.31462394,-1.15568990,-0.09638205,-1.30264401,0.10247540,-1.20056985,0.29891786,-0.87136147,0.60766560,0.26328289,0.22359462,0.38340635,-0.22556219,0.18120865,0.08291942,0.13120474,0.15521054,0.60766560,0.84440747,0.91381052,0.95212913,0.26328289,0.41978279,0.67628877,0.22359462,0.58503561,0.38340635,0.90398744,1.22835624,1.33239036,1.23209577,0.95801130
1038,0.11860464,0.02687903,0.01785643,0.02288584,0.03701087,-0.61323895,-0.67182227,-0.30687058,-1.16816804,-0.08356663,-1.31627121,0.11131440,-1.21879596,0.30370646,-0.87818910,0.61055303,0.26800907,0.21795128,0.39121787,-0.23412699,0.19297250,0.08350265,0.13214220,0.15631460,0.61055303,0.85234145,0.92365097,0.95604903,0.26800907,0.42136227,0.67595909,0.21795128,0.58471907,0.39121787,0.91520624,1.24014998,1.34748053,1.25355376,0.96936018
1039,0.11916243,0.02666766,0.01674640,0.01892266,0.03275809,-0.60497100,-0.65837891,-0.29389730,-1.16967571,-0.06727235,-1.32260832,0.12191724,-1.20276299,0.31740725,-0.88013521,0.61865684,0.27376335,0.22420320,0.37723464,-0.21702390,0.17022905,0.08329005,0.13378954,0.15759719,0.61865684,0.86639669,0.91768431,0.95766713,0.27376335,0.41785769,0.67689312,0.22420320,0.58642454,0.37723464,0.90060953,1.23471428,1.34779560,1.23250149,0.96564914
1040,0.11706381,0.02709279,0.01704878,0.01842240,0.03192749,-0.59545685,-0.66311124,-0.27789363,-1.17888069,-0.05027514,-1.33792039,0.13836165,-1.21641078,0.32966749,-0.88326267,0.62418294,0.27785650,0.22447536,0.38419283,-0.21346896,0.17990234,0.08381407,0.13463820,0.15859459,0.62418294,0.87886768,0.92881162,0.95981446,0.27785650,0.41826561,0.67598042,0.22447536,0.59260808,0.38419283,0.89828809,1.23946072,1.36259385,1.24888363,0.97346682
1041,0.11935078,0.02795815,0.01789350,0.01726074,0.03054243,-0.58926411,-0.64977754,-0.26305290,-1.17908028,-0.03747068,-1.33304563,0.14733070,-1.20679953,0.33447170,-0.87531750,0.63742232,0.27334237,0.22382740,0.38066542,-0.20235870,0.17229375,0.08372022,0.13609400,0.15978314,0.63742232,0.88773085,0.93209967,0.95896539,0.27334237,0.41156099,0.67049828,0.22382740,0.58981480,0.38066542,0.88407012,1.23379367,1.35491316,1.23855244,0.96594111
1042,0.12097626,0.02743096,0.01718169,0.01649823,0.02957725,-0.58072842,-0.64773490,-0.24808913,-1.18414264,-0.01753325,-1.34634750,0.15971075,-1.21880764,0.34117055,-0.88247201,0.64709551,0.28221023,0.21837787,0.38221356,-0.20548036,0.17015734,0.08449494,0.13791990,0.16174453,0.64709551,0.90663552,0.94362817,0.95892480,0.28221023,0.40958038,0.66235928,0.21837787,0.58645247,0.38221356,0.87649464,1.23533043,1.36704369,1.25124005,0.97309674
1043,0.12055110,0.02748344,0.01710603,0.01672556,0.02965514,-0.56427483,-0.62006214,-0.22977286,-1.17543565,0.00198893,-1.34808588,0.17169175,-1.21972678,0.34444901,-0.88364427,0.66468403,0.28952404,0.21288496,0.37799568,-0.20773846,0.17151249,0.08447741,0.14059860,0.16402560,0.66468403,0.93131712,0.95720269,0.95293446,0.28952404,0.40461845,0.64496507,0.21288496,0.57726684,0.37799568,0.84559744,1.22489899,1.36917583,1.25353549,0.97438491
1044,0.11931645,0.02720957,0.01695304,0.01821211,0.02963598,-0.56161981,-0.62629095,-0.21694277,-1.17686184,0.01470858,-1.34432447,0.18002898,-1.21485500,0.34286694,-0.89385999,0.66563723,0.28621928,0.21024060,0.36001111,-0.20430548,0.17403764,0.08534129,0.14283881,0.16639129,0.66563723,0.92995502,0.95442757,0.94997698,0.28621928,0.39957267,0.62811433,0.21024060,0.55760271,0.36001111,0.84936509,1.22519048,1.36709627,1.25090553,0.98467561
1045,0.11918274,0.02538706,0.01523063,0.01760880,0.02919096,-0.56568372,-0.64308800,-0.20580799,-1.19795479,0.02547145,-1.35651737,0.19075731,-1.22701255,0.35291142,-0.90280681,0.67631009,0.28073929,0.21023133,0.36256669,-0.20133247,0.16903717,0.08522711,0.14262884,0.16615248,0.67631009,0.93531621,0.96281327,0.96097652,0.28073929,0.39834076,0.63264445,0.21023133,0.55979948,0.36256669,0.86485237,1.24331342,1.37923362,1.26429351,0.99636531
1046,0.11874795,0.02585927,0.01638632,0.01744343,0.02868716,-0.55485178,-0.65625808,-0.18911960,-1.18815181,0.03929431,-1.34543992,0.20524105,-1.22249734,0.36537530,-0.89795247,0.65999847,0.27768064,0.20670010,0.36197285,-0.19655222,0.16980162,0.08649997,0.14379997,0.16781144,0.65999847,0.91829685,0.95479488,0.95754389,0.27768064,0.39648673,0.62654376,0.20670010,0.55391308,0.36197285,0.86722719,1.22962272,1.36724964,1.26105048,0.99506524
1047,0.12194427,0.02663845,0.01633137,0.01813577,0.02997942,-0.55532732,-0.65178051,-0.18143853,-1.18084520,0.04922927,-1.34324839,0.20810562,-1.21757122,0.36366780,-0.88517615,0.66266504,0.28260185,0.20275767,0.36706710,-0.19890983,0.16770017,0.08644506,0.14427371,0.16818933,0.66266504,0.92663104,0.95704725,0.95416010,0.28260185,0.39209448,0.62098691,0.20275767,0.55583510,0.36706710,0.86527577,1.22349132,1.36666936,1.25803416,0.98451024
1048,0.12124783,0.02872534,0.01703105,0.01899613,0.03070101,-0.55389531,-0.65937225,-0.17506713,-1.17024636,0.06181427,-1.33457235,0.22516029,-1.20304437,0.37408573,-0.86770678,0.65165102,0.28888185,0.21014238,0.36717900,-0.20091204,0.15864369,0.08650899,0.14384719,0.16785654,0.65165102,0.92209862,0.95637727,0.95595576,0.28888185,0.40281887,0.62862517,0.21014238,0.56232905,0.36717900,0.87070177,1.21381210,1.35960403,1.24702617,0.97134740
1049,0.12406608,0.02817520,0.01604949,0.01899161,0.03057389,-0.55263304,-0.64579507,-0.17001714,-1.15195847,0.06893497,-1.32588386,0.23979008,-1.18937393,0.38332086,-0.84929312,0.64902589,0.29640838,0.21903863,0.36934415,-0.19677185,0.15161042,0.08675171,0.14385309,0.16798681,0.64902589,0.92835918,0.96630336,0.96194928,0.29640838,0.41298781,0.63249138,0.21903863,0.57148774,0.36934415,0.85975567,1.19439921,1.34977790,1.23509231,0.95703211
1050,0.12503870,0.02740204,0.01609111,0.02051400,0.03081502,-0.55652223,-0.65690720,-0.16723468,-1.16645449,0.07842094,-1.33485635,0.25165037,-1.19024235,0.39191474,-0.85549416,0.65523998,0.29882314,0.22622924,0.36320083,-0.19709231,0.14348900,0.08765852,0.14338538,0.16805767,0.65523998,0.93539881,0.97288309,0.97236935,0.29882314,0.42149486,0.64206834,0.22622924,0.57353739,0.36320083,0.87117276,1.20842411,1.35914828,1.23763190,0.96498857
1051,0.12739479,0.03109335,0.01649445,0.01949964,0.02998172,-0.54745781,-0.66406218,-0.14562983,-1.15627151,0.09111611,-1.32333471,0.26220236,-1.19132720,0.39938347,-0.85431553,0.65042908,0.29123645,0.21695945,0.36414342,-0.19441864,0.13429646,0.08773871,0.14475756,0.16927147,0.65042908,0.92436283,0.97042013,0.96875238,0.29123645,0.41222132,0.62624765,0.21695945,0.56226499,0.36414342,0.87017908,1.19572274,1.34768935,1.23931834,0.96498741
1052,0.12329634,0.03020643,0.01444255,0.01957348,0.02993528,-0.54347482,-0.66219059,-0.12751332,-1.15714149,0.11011687,-1.31609865,0.27639978,-1.18510009,0.40910552,-0.85018999,0.66406016,0.28737842,0.21256196,0.36045596,-0.20686103,0.15809785,0.08887984,0.14606324,0.17097981,0.66406016,0.93260998,0.97788682,0.97518695,0.28737842,0.40776887,0.62119102,0.21256196,0.55449702,0.36045596,0.86579463,1.19665492,1.34375492,1.23818668,0.96795527
1053,0.12730784,0.02915205,0.01521973,0.01906829,0.02831208,-0.54253958,-0.67193646,-0.12653847,-1.16473739,0.11718939,-1.33133963,0.28204275,-1.19090961,0.41501476,-0.85753151,0.66103444,0.29636684,0.21725764,0.35919430,-0.19751276,0.14591312,0.08898455,0.14507732,0.17019306,0.66103444,0.94034695,0.97960075,0.97930551,0.29636684,0.41171060,0.62526504,0.21725764,0.56052317,0.35919430,0.87165555,1.20078215,1.35737379,1.24342895,0.97463420
1054,0.12303272,0.02814047,0.01504382,0.02071613,0.03124367,-0.53580140,-0.68497124,-0.10125166,-1.16882098,0.14073159,-1.31244536,0.30192187,-1.17227571,0.42624995,-0.83308086,0.66733357,0.28249309,0.21432333,0.36153707,-0.19928979,0.15755129,0.09078005,0.14689252,0.17268013,0.66733357,0.93112116,0.97506986,0.97783928,0.28249309,0.40540366,0.62782285,0.21432333,0.55884336,0.36153707,0.87839139,1.20461926,1.34315092,1.23237753,0.96060909
1055,0.12466241,0.02869635,0.01442424,0.02071169,0.03054390,-0.53727221,-0.69868750,-0.08995568,-1.17955863,0.15142686,-1.33579036,0.31687589,-1.19580930,0.43713203,-0.85801761,0.67335398,0.28868657,0.21774855,0.35898400,-0.20266933,0.14136318,0.09036025,0.14608861,0.17177560,0.67335398,0.94619226,0.99349437,0.99092762,0.28868657,0.40985231,0.62077083,0.21774855,0.55801701,0.35898400,0.89180823,1.21673242,1.36902528,1.25970096,0.98780688
1056,0.12304883,0.03006592,0.01419013,0.02028244,0.03064587,-0.52219403,-0.69133497,-0.06943886,-1.17087885,0.16974172,-1.33844283,0.32802473,-1.19711457,0.44542411,-0.85260015,0.67664200,0.29322488,0.21322137,0.36438637,-0.20243553,0.14535911,0.09086647,0.14871844,0.17428106,0.67664200,0.95557929,0.99474164,0.98477912,0.29322488,0.40112262,0.60874738,0.21322137,0.55992294,0.36438637,0.87642496,1.20672512,1.37345705,1.26353482,0.98652041
1057,0.12286016,0.03185223,0.01531758,0.02134823,0.03114075,-0.51890026,-0.67660250,-0.05555787,-1.17734389,0.18689055,-1.34333350,0.33984724,-1.19018592,0.44931242,-0.85506495,0.69882347,0.29547267,0.21817011,0.35310381,-0.21317892,0.14572031,0.08980268,0.15034678,0.17512474,0.69882347,0.97833243,1.00491163,0.98723039,0.29547267,0.39991608,0.60406580,0.21817011,0.55632607,0.35310381,0.86576105,1.21657843,1.38293326,1.26136182,0.99134688
1058,0.11875984,0.03203708,0.01481391,0.02160062,0.03156945,-0.51879192,-0.66961412,-0.04212602,-1.17391661,0.19716272,-1.33581714,0.35167725,-1.18150217,0.45800764,-0.85286276,0.71095366,0.29119357,0.22134162,0.34622320,-0.22649744,0.12855468,0.08898518,0.15113391,0.17538477,0.71095366,0.98509542,1.01316376,0.99556077,0.29119357,0.40049048,0.60204313,0.22134162,0.55214107,0.34622320,0.86395805,1.21871183,1.38072123,1.25825920,0.99466478
1059,0.12206399,0.03483111,0.01569558,0.02337690,0.03366236,-0.52025968,-0.67132450,-0.03825667,-1.19024411,0.19955848,-1.33629239,0.35603254,-1.18526478,0.46154721,-0.85866559,0.72617783,0.28150304,0.22190844,0.34409346,-0.24483355,0.12111670,0.08912778,0.15027659,0.17471925,0.72617783,0.98771791,1.01898325,1.00102751,0.28150304,0.40255530,0.60899786,0.22190844,0.54907050,0.34409346,0.87105087,1.24229016,1.38777825,1.26728131,1.00596299
1060,0.12673835,0.03449172,0.01607068,0.02004423,0.02966169,-0.51738512,-0.67038906,-0.04750966,-1.20680420,0.19559249,-1.33875843,0.35424869,-1.20181216,0.46507181,-0.87424019,0.72773229,0.27859307,0.21174309,0.34635722,-0.22189780,0.13848708,0.08792905,0.14887618,0.17290354,0.72773229,0.98365868,1.02413128,1.00531739,0.27859307,0.40675602,0.61660130,0.21174309,0.53931084,0.34635722,0.86374409,1.24821471,1.38206121,1.27800906,1.01716793
1061,0.12881270,0.03159675,0.01309527,0.01617445,0.02878544,-0.51950343,-0.66916697,-0.04429337,-1.22152513,0.19487727,-1.34927184,0.35347714,-1.21312998,0.46385183,-0.87101060,0.74207849,0.27308487,0.21003896,0.35994538,-0.21490399,0.14382081,0.08689947,0.14821199,0.17180894,0.74207849,0.99225392,1.03229463,1.00623784,0.27308487,0.40139254,0.62142288,0.21003896,0.55008697,0.35994538,0.86133968,1.25771419,1.38855813,1.28675093,1.01211815
1062,0.12506825,0.03324195,0.01347897,0.01563628,0.02769698,-0.53206561,-0.66498524,-0.04862042,-1.23612889,0.18729758,-1.36288128,0.34331057,-1.22469017,0.46335322,-0.87862604,0.76120670,0.26940107,0.20937387,0.36662724,-0.21895696,0.16547353,0.08610908,0.14729182,0.17061552,0.76120670,1.00833806,1.04294538,1.02083143,0.26940107,0.39517617,0.62780131,0.20937387,0.55855330,0.36662724,0.86713970,1.27362185,1.40264633,1.29694460,1.02143184
1063,0.12113268,0.02921493,0.01275368,0.01416378,0.02772653,-0.54936133,-0.64465332,-0.08659775,-1.23966515,0.15029947,-1.35593822,0.32069999,-1.21825587,0.44383520,-0.86368292,0.76449784,0.26551206,0.21959149,0.37558115,-0.20199341,0.16396188,0.08514741,0.14674136,0.16965585,0.76449784,1.00255112,1.04544059,1.01945904,0.26551206,0.41026550,0.65272264,0.21959149,0.57383316,0.37558115,0.86044109,1.27365294,1.38693730,1.28145223,0.99598830
1064,0.11634093,0.02750626,0.01376014,0.01484500,0.02631842,-0.56145895,-0.61805333,-0.13374263,-1.22395679,0.10962805,-1.35074957,0.29538017,-1.21749700,0.43762641,-0.87431495,0.75249073,0.27586450,0.22900621,0.37167055,-0.21056055,0.16753886,0.08472567,0.14565540,0.16850500,0.75249073,0.99850049,1.04919369,1.03407804,0.27586450,0.43119837,0.67196970,0.22900621,0.57896295,0.37167055,0.84799782,1.26160285,1.37749910,1.27436239,1.00258782
1065,0.11832618,0.02902243,0.01462008,0.01800040,0.02938425,-0.58362810,-0.61163973,-0.18537231,-1.21274964,0.06520997,-1.37670672,0.27574138,-1.24402086,0.43564261,-0.87864132,0.73628430,0.30064853,0.24924265,0.39903961,-0.24658265,0.16440825,0.08404545,0.14217593,0.16515942,0.73628430,1.01056344,1.07244669,1.05798340,0.30064853,0.46395698,0.70720366,0.24924265,0.62128731,0.39903961,0.86009375,1.26469679,1.40647959,1.30178232,1.01301002
1066,0.10782401,0.02724412,0.01467940,0.02269011,0.03257324,-0.60896606,-0.63722253,-0.24055929,-1.22238128,0.00374679,-1.36172844,0.22222817,-1.22835822,0.40863891,-0.86107592,0.70941626,0.28172066,0.25604396,0.41188120,-0.24643955,0.18582448,0.08513907,0.13976612,0.16365582,0.70941626,0.95946847,1.02902366,1.05068639,0.28172066,0.46336276,0.74332990,0.25604396,0.64392508,0.41188120,0.89325854,1.28226834,1.39170984,1.27958556,0.99348112
1067,0.10121145,0.02503721,0.01512058,0.02429637,0.03799146,-0.63870183,-0.64460231,-0.29827269,-1.19557256,-0.06137359,-1.33703347,0.15950497,-1.22830104,0.36973881,-0.85626289,0.67020959,0.27657502,0.24628698,0.42735902,-0.25241097,0.18182232,0.08396953,0.13660989,0.16035318,0.67020959,0.91449242,0.99965270,1.04149530,0.27657502,0.45967522,0.74953723,0.24628698,0.64575670,0.42735902,0.91707150,1.26938938,1.36864235,1.26966154,0.97498107
1068,0.10946123,0.02153219,0.01055851,0.02819041,0.04364397,-0.66602164,-0.62714766,-0.37852215,-1.16196816,-0.14377353,-1.28799544,0.08928757,-1.19792269,0.33231690,-0.85427896,0.63700293,0.26673198,0.25018735,0.42092247,-0.26687422,0.16809428,0.08350410,0.13333593,0.15732579,0.63700293,0.86133033,0.96138772,1.03818588,0.26673198,0.46986931,0.77484881,0.25018735,0.64407946,0.42092247,0.92259919,1.26129449,1.33017797,1.23501857,0.96186564
1069,0.11525729,0.02553717,0.01398380,0.02778671,0.04642701,-0.70267691,-0.59569681,-0.40516877,-1.19070575,-0.17210678,-1.31123916,0.06297956,-1.21031281,0.31974028,-0.86887901,0.69499575,0.26261236,0.25622322,0.42724953,-0.27836543,0.17215130,0.08424629,0.13005318,0.15495569,0.69499575,0.91088234,0.99750661,1.07389148,0.26261236,0.46922546,0.79335830,0.25622322,0.66155694,0.42724953,0.92847990,1.29713884,1.35749495,1.24668041,0.97276101
1070,0.11238420,0.02506819,0.01246468,0.03008727,0.04822134,-0.70151990,-0.56544365,-0.42122866,-1.16846841,-0.17833625,-1.31524026,0.05566917,-1.21532749,0.30236839,-0.88688261,0.69502881,0.28389274,0.25480889,0.41085579,-0.27544587,0.16914362,0.08357318,0.13064500,0.15508899,0.69502881,0.93477236,1.01411950,1.07092203,0.28389274,0.47966163,0.77656514,0.25480889,0.64389274,0.41085579,0.90828915,1.28182610,1.36282280,1.25199291,0.98499750
1071,0.11387494,0.02650779,0.01614504,0.03499032,0.05344814,-0.69838242,-0.57857660,-0.43389583,-1.16700959,-0.19027751,-1.33216158,0.04015315,-1.23515164,0.28739071,-0.89971038,0.68511200,0.29433763,0.25061639,0.41709057,-0.30713262,0.17943980,0.08487650,0.13036704,0.15556216,0.68511200,0.93691792,1.01030043,1.06153781,0.29433763,0.47935560,0.76922677,0.25061639,0.64434558,0.41709057,0.91568585,1.29524542,1.39145369,1.28083815,1.00881982
1072,0.11627100,0.02999588,0.01816099,0.03691283,0.05919785,-0.70201997,-0.56592441,-0.43958128,-1.16224454,-0.21032598,-1.33790793,0.03234585,-1.24697243,0.27317971,-0.89393013,0.70049294,0.28883006,0.26032685,0.42781413,-0.34435847,0.18802827,0.08440156,0.12997802,0.15497713,0.70049294,0.95148668,1.02882458,1.05999179,0.28883006,0.47997902,0.76159483,0.26032685,0.65644498,0.42781413,0.91293425,1.30538143,1.41292701,1.30338669,1.01576922
1073,0.11223238,0.02939954,0.02013778,0.03797256,0.05999072,-0.69775493,-0.57966721,-0.45256740,-1.17171616,-0.22589089,-1.34433360,0.01595966,-1.25596140,0.26364831,-0.90853451,0.69316769,0.28495053,0.25926414,0.42711957,-0.35659767,0.19101331,0.08465066,0.12856953,0.15393459,0.69316769,0.93779517,1.01168725,1.04824301,0.28495053,0.47675346,0.76306878,0.25926414,0.65550585,0.42711957,0.91976686,1.32325296,1.42655199,1.31527274,1.03087467
1074,0.11129979,0.02979037,0.02127136,0.03877896,0.05943577,-0.69124522,-0.56066851,-0.45349364,-1.17105709,-0.23422695,-1.32800497,0.01027095,-1.25412557,0.25598976,-0.91284473,0.70461436,0.26964890,0.25720792,0.42084986,-0.34529553,0.17435526,0.08336793,0.12844509,0.15312855,0.70461436,0.93006068,1.01268872,1.03996581,0.26964890,0.47212404,0.75514231,0.25720792,0.64254796,0.42084986,0.90335414,1.32231530,1.41063216,1.31155717,1.02898105
1075,0.10232007,0.03127005,0.02223863,0.03719095,0.05607507,-0.69757560,-0.57865267,-0.44426227,-1.18558582,-0.21945910,-1.34604882,0.01459304,-1.28838000,0.26357428,-0.94064847,0.70331351,0.27620252,0.24251216,0.42805813,-0.32918529,0.19705698,0.08325964,0.12791618,0.15262607,0.70331351,0.93833477,1.03016809,1.05527876,0.27620252,0.47088420,0.74904830,0.24251216,0.63066927,0.42805813,0.91784616,1.32601113,1.42010543,1.34033410,1.05085081
1076,0.10866069,0.03020450,0.02149747,0.03549287,0.05339690,-0.71544899,-0.58780754,-0.44243753,-1.19212664,-0.20477120,-1.36199973,0.02987825,-1.30234351,0.27178384,-0.96876209,0.70460441,0.29213512,0.24319706,0.41228810,-0.31218785,0.17375087,0.08346035,0.12741301,0.15231450,0.70460441,0.95776671,1.05488875,1.08284924,0.29213512,0.48550576,0.74838103,0.24319706,0.61792103,0.41228810,0.93594301,1.32560428,1.42756655,1.34954559,1.07073167
1077,0.10484805,0.02927856,0.01955194,0.03324600,0.05033099,-0.71845103,-0.61247520,-0.42369491,-1.20932156,-0.18632172,-1.37587176,0.04776402,-1.31642923,0.29435966,-0.95610441,0.70257415,0.28997423,0.24209314,0.43678790,-0.29981942,0.18620953,0.08362570,0.12659056,0.15171825,0.70257415,0.95736374,1.06113295,1.09192773,0.28997423,0.48375335,0.76140845,0.24209314,0.63818727,0.43678790,0.95292838,1.32946132,1.43296786,1.35990859,1.05972101
1078,0.10920583,0.03042109,0.01768510,0.03264769,0.04799983,-0.73065910,-0.62653847,-0.41999408,-1.18372635,-0.17360639,-1.37575805,0.06730487,-1.30798106,0.31634734,-0.95455873,0.67460219,0.31246829,0.25076150,0.43246187,-0.30263416,0.17582049,0.08418867,0.12501175,0.15071718,0.67460219,0.95739395,1.06753364,1.11634770,0.31246829,0.50342126,0.77129527,0.25076150,0.64614303,0.43246187,0.97178166,1.30477519,1.42918708,1.35070049,1.06150592
1079,0.10646103,0.02989683,0.01551224,0.03432186,0.04887893,-0.75242250,-0.66371764,-0.41219359,-1.20410154,-0.16016521,-1.39493622,0.09781954,-1.32635292,0.35055449,-0.96470290,0.67259423,0.31648580,0.26768664,0.44121931,-0.29557946,0.16398411,0.08595563,0.12029252,0.14784674,0.67259423,0.96120916,1.09227158,1.15726599,0.31648580,0.52562556,0.80007570,0.26768664,0.66799879,0.44121931,1.01231669,1.31885246,1.44253645,1.36580315,1.07332665
1080,0.10654506,0.02819046,0.01623810,0.03516702,0.04759384,-0.76681037,-0.67845734,-0.39667888,-1.21202600,-0.13651870,-1.41147985,0.13103083,-1.32340863,0.37459801,-0.96361451,0.68144615,0.32815240,0.28212023,0.43454167,-0.29576594,0.17398008,0.08530859,0.11810651,0.14569387,0.68144615,0.98558224,1.11938411,1.19062883,0.32815240,0.54020845,0.81063861,0.28212023,0.67963361,0.43454167,1.03246710,1.31972298,1.45478258,1.36528000,1.08106011
1081,0.11102849,0.02943545,0.01913442,0.04071761,0.05081393,-0.74611040,-0.65300364,-0.37870243,-1.17623185,-0.10519393,-1.37038662,0.15506333,-1.29136863,0.40283478,-0.91179290,0.67880457,0.33649102,0.27232242,0.45346225,-0.32899881,0.19316595,0.08639259,0.11610340,0.14471932,0.67880457,0.98279572,1.12020328,1.19464645,0.33649102,0.54753325,0.82552900,0.27232242,0.68439907,0.45346225,1.00002198,1.28658171,1.41380139,1.33892942,1.05018456
1082,0.09783969,0.03614395,0.02360015,0.04523689,0.05650906,-0.81547637,-0.71534858,-0.38891689,-1.22091833,-0.09260777,-1.40514930,0.17775017,-1.34566252,0.43942841,-0.95482374,0.71626032,0.35068538,0.27762571,0.47082283,-0.38913473,0.18953276,0.08471726,0.10908421,0.13811726,0.71626032,1.02748733,1.19645802,1.29980678,0.35068538,0.58295853,0.87074840,0.27762571,0.69703343,0.47082283,1.09353959,1.34626136,1.45797774,1.40342712,1.11689726
1083,0.09370626,0.03567500,0.02207678,0.04624160,0.05319660,-0.85226346,-0.79857985,-0.39163939,-1.26921054,-0.07023699,-1.43737189,0.22261470,-1.34244056,0.49345539,-0.97484860,0.72393309,0.36655862,0.30897794,0.45718355,-0.44332702,0.17664548,0.08496055,0.10373875,0.13408961,0.72393309,1.03974480,1.22484097,1.37910719,0.36655862,0.62364398,0.93443538,0.30897794,0.72916850,0.45718355,1.17558933,1.39754612,1.48886820,1.40643152,1.15637598
1084,0.08929877,0.03483348,0.02516915,0.05163446,0.05920543,-0.84889282,-0.75952183,-0.39613337,-1.19107512,-0.07200784,-1.35133099,0.23394214,-1.24235128,0.49532150,-0.93020160,0.68998473,0.36723204,0.32644638,0.40767379,-0.44211070,0.19202215,0.08360496,0.10287106,0.13256034,0.68998473,1.00267819,1.20139639,1.37198403,0.36723204,0.63957710,0.93195576,0.32644638,0.70665055,0.40767379,1.14871356,1.33003419,1.40440471,1.30980002,1.11483943
1085,0.09163889,0.04217892,0.02527620,0.05878540,0.06174948,-0.93380141,-0.83152467,-0.42958789,-1.25249971,-0.04938436,-1.40977687,0.27983117,-1.29377307,0.56009210,-0.96430899,0.71600826,0.41699802,0.35089529,0.43341608,-0.45117297,0.18917904,0.08214815,0.09400578,0.12484152,0.71600826,1.07876762,1.31127729,1.51424950,0.41699802,0.71814278,1.03359706,0.35089529,0.75496579,0.43341608,1.26211139,1.40068969,1.46328463,1.36997012,1.17832130
1086,0.09181732,0.04065720,0.02464375,0.05536766,0.06261278,-0.92931932,-0.80936060,-0.42837098,-1.15746661,-0.05321883,-1.31895891,0.28589254,-1.21709273,0.55766159,-0.88832011,0.68055697,0.41222956,0.35451287,0.42771514,-0.45946107,0.21874168,0.08240898,0.09485433,0.12565263,0.68055697,1.04293469,1.30198179,1.51158354,0.41222956,0.72048661,1.02296140,0.35451287,0.74754260,0.42771514,1.24051102,1.31153587,1.37585221,1.30394211,1.12321869
1087,0.08510796,0.04985633,0.02840558,0.05897536,0.06446587,-1.04510566,-0.92937651,-0.47114772,-1.28400212,-0.04870147,-1.43848087,0.30610229,-1.33167095,0.61416629,-0.98669746,0.76623651,0.45821514,0.37445759,0.46332940,-0.54707829,0.20877137,0.08115512,0.08632133,0.11848007,0.76623651,1.15242962,1.42715814,1.67888911,0.45821514,0.79145587,1.13104054,0.37445759,0.80262124,0.46332940,1.40999268,1.47132760,1.50950535,1.42399757,1.23871760
1088,0.08699652,0.04816742,0.03844559,0.05978358,0.06532697,-1.09717467,-0.97860514,-0.52636901,-1.30299256,-0.06745284,-1.44336408,0.30738470,-1.36318290,0.62615978,-1.03133185,0.75720717,0.49091391,0.38613510,0.46104577,-0.55253392,0.12435901,0.08098085,0.08303457,0.11598551,0.75720717,1.16246706,1.47389045,1.74303480,0.49091391,0.84926570,1.19030934,0.38613510,0.80696349,0.46104577,1.48049508,1.50968159,1.51286654,1.45399248,1.28097422
1089,0.10162023,0.03884234,0.03047404,0.05351503,0.06757698,-1.08470711,-0.92844321,-0.53382681,-1.26098028,-0.08498943,-1.41205100,0.31000812,-1.35948962,0.63951442,-0.97687042,0.71102916,0.47766711,0.39865350,0.50602683,-0.49935516,0.14890774,0.08137986,0.07976583,0.11395292,0.71102916,1.13621526,1.47756013,1.74459650,0.47766711,0.85279448,1.20794777,0.39865350,0.84542273,0.50602683,1.43543670,1.44150459,1.46687298,1.44426977,1.23725727
1090,0.10315382,0.05078549,0.03686398,0.05972139,0.07723730,-1.05404416,-0.91370379,-0.54540934,-1.17776915,-0.09812348,-1.31868305,0.29832490,-1.27915771,0.63473066,-0.93820295,0.65374636,0.47340359,0.39856186,0.48058260,-0.56852817,0.18600247,0.08345181,0.07409154,0.11159641,0.65374636,1.06780438,1.42111329,1.71171402,0.47340359,0.85315932,1.20475842,0.39856186,0.82622408,0.48058260,1.40094891,1.37181545,1.37568613,1.36421285,1.20391673
1091,0.09814304,0.04380645,0.04698759,0.07521630,0.09077710,-1.15511468,-0.89534972,-0.65277618,-1.02798358,-0.20530531,-1.17149931,0.20911258,-1.16876902,0.58172501,-0.84840014,0.65261712,0.47599714,0.41494128,0.49348470,-0.61652406,0.18595008,0.08193142,0.07392591,0.11035306,0.65261712,1.03934617,1.42301146,1.77115467,0.47599714,0.87862233,1.24854396,0.41494128,0.85112663,0.49348470,1.46518104,1.31597697,1.26237621,1.25368635,1.12190515
1092,0.08963134,0.03569214,0.05998936,0.09872464,0.11219974,-1.18747893,-0.87282666,-0.68028562,-0.90518772,-0.24694510,-1.02660513,0.16960587,-0.97126090,0.55016838,-0.73477078,0.63463883,0.45259349,0.42060711,0.44989451,-0.66274208,0.21645556,0.08245469,0.07078782,0.10867240,0.63463883,1.00919115,1.39635461,1.77877808,0.45259349,0.85503421,1.24246577,0.42060711,0.84915130,0.44989451,1.47732670,1.23098094,1.14189006,1.07032740,1.02544846
1093,0.07306637,0.07759121,0.16384781,0.14524746,0.15891535,-1.15265266,-0.78334300,-0.65260533,-0.72738537,-0.22119433,-0.81482971,0.13061933,-0.79656020,0.55403418,-0.56932580,0.65938920,0.44348751,0.35270079,0.48233870,-0.66232685,0.32678006,0.08511918,0.07761028,0.11518954,0.65938920,1.00353861,1.33155377,1.76521153,0.44348751,0.78948118,1.21730380,0.35270079,0.81354532,0.48233870,1.39730516,1.11041524,0.96791182,0.92719301,0.93751936
1094,0.09338119,0.26349928,0.31959350,0.39175949,0.27714171,-1.03008227,-0.48971026,-0.54670015,-0.27561019,-0.20898112,-0.35716948,0.07688044,-0.38251194,0.47388225,-0.23660276,0.66002088,0.35360401,0.29018704,0.42504316,-0.53366001,0.41225933,0.09211616,0.09566862,0.13280765,0.66002088,0.89455811,1.14840820,1.56004941,0.35360401,0.64196531,1.02351189,0.29018704,0.69342611,0.42504316,1.15042091,0.81994677,0.63345639,0.58553225,0.71384902
1095,0.09460972,0.20925450,0.22993940,0.27511550,0.32458014,-0.89403437,-0.33764380,-0.50488224,-0.12250837,-0.17096830,-0.08434394,0.09813708,-0.07107492,0.43171128,0.04096106,0.53971657,0.33734468,0.27342247,0.35189749,-0.44377209,0.39280715,0.09626620,0.10842380,0.14499276,0.53971657,0.81461923,1.05284521,1.39737825,0.33734468,0.60991653,0.95398475,0.27342247,0.61754508,0.35189749,0.98114153,0.74075296,0.53410502,0.46832877,0.62461640
1096,0.08672009,0.24400275,0.26562978,0.29801759,0.30606206,-0.93874559,-0.25950335,-0.48394091,-0.03348499,-0.12586209,0.06153827,0.14298549,0.06001711,0.47316955,0.13043077,0.57561668,0.37089306,0.27928096,0.33773814,-0.45587521,0.35775799,0.09171385,0.10775513,0.14150123,0.57561668,0.90994174,1.14184063,1.47440908,0.37089306,0.64068543,0.97645231,0.27928096,0.60893610,0.33773814,1.01513289,0.73872317,0.55736565,0.48909660,0.66894090
1097,0.09464204,0.11124846,0.11703488,0.19901535,0.28624934,-0.86728777,-0.19750670,-0.45169103,0.11109319,-0.12447572,0.14102514,0.14242593,0.12595415,0.46716936,0.25994724,0.56065424,0.32986405,0.27133970,0.35167916,-0.38484859,0.30099653,0.09532290,0.11436853,0.14888457,0.56065424,0.83730518,1.06943614,1.41608345,0.32986405,0.59908610,0.93536066,0.27133970,0.60673694,0.35167916,0.92390848,0.65784182,0.47495232,0.43353867,0.65206425
1098,0.08616204,0.06177819,0.10886801,0.09802151,0.21086736,-0.85662675,-0.13688937,-0.39849827,0.29196462,-0.10769953,0.26402254,0.13183839,0.23859057,0.44593447,0.33524845,0.64934145,0.30021720,0.24344898,0.32865668,-0.31878043,0.19726287,0.09527858,0.11984460,0.15310367,0.64934145,0.85508283,1.05922072,1.38672076,0.30021720,0.54314829,0.85246651,0.24344898,0.55957583,0.32865668,0.89936480,0.63827636,0.43991531,0.40515925,0.63143109
1099,0.08006603,0.10721542,0.12510186,0.12634779,0.18774016,-0.89226212,-0.10883436,-0.41706738,0.29710024,-0.07679956,0.36089982,0.16385309,0.32808636,0.45651344,0.42399626,0.66073895,0.35544108,0.25562841,0.30813648,-0.34675611,0.21178160,0.09597922,0.11664277,0.15105477,0.66073895,0.95055729,1.14420917,1.45088215,0.35544108,0.60341575,0.89901115,0.25562841,0.54446993,0.30813648,0.94004550,0.70845695,0.55088350,0.49289866,0.70012405
1100,0.08339478,0.11027977,0.10457916,0.12932271,0.18538062,-0.91090827,-0.08051609,-0.40071104,0.42803064,-0.05656420,0.48228648,0.21174912,0.49420714,0.52244617,0.52344502,0.76710656,0.35720388,0.28645799,0.31298693,-0.38428583,0.21027867,0.09471558,0.11169751,0.14644923,0.76710656,1.03962676,1.26409349,1.55660890,0.35720388,0.64135038,0.94988705,0.28645799,0.59347697,0.31298693,0.96158453,0.81149654,0.68433318,0.65988068,0.82192549
1101,0.07705248,0.10475307,0.10669263,0.13142269,0.16636186,-0.91087973,-0.03030353,-0.42695309,0.39953135,-0.06793214,0.52421412,0.21512243,0.54035613,0.54065072,0.53480507,0.70728680,0.38658227,0.30255690,0.32598496,-0.37680270,0.21527994,0.09541340,0.11229308,0.14735486,0.70728680,1.03151505,1.26702976,1.56039529,0.38658227,0.68059009,0.99583844,0.30255690,0.62077594,0.32598496,0.95216515,0.81021248,0.72083568,0.69718235,0.84488464
1102,0.07356667,0.09631174,0.09577999,0.11302895,0.14526483,-0.94535941,0.00351150,-0.47594007,0.40942716,-0.09927819,0.55074675,0.20597015,0.58684932,0.54108746,0.56747619,0.68207567,0.40962326,0.32251032,0.33589495,-0.37572781,0.21650016,0.09525383,0.10948315,0.14512013,0.68207567,1.02845646,1.29520960,1.59274322,0.40962326,0.72595890,1.04605789,0.32251032,0.64991608,0.33589495,0.98222542,0.83437910,0.73239848,0.72616587,0.86393230
1103,0.06885330,0.08553718,0.08307745,0.10968952,0.14753242,-0.98597401,0.03145010,-0.49624725,0.49593215,-0.08215784,0.63298361,0.22403216,0.65323385,0.57163364,0.61957630,0.75042033,0.44298189,0.32681327,0.35120027,-0.45920743,0.25373368,0.09453605,0.10592726,0.14197763,0.75042033,1.11424403,1.36741480,1.66800348,0.44298189,0.76128944,1.09871058,0.32681327,0.67082799,0.35120027,1.03633678,0.95337937,0.85456533,0.82742063,0.94119894
1104,0.07142132,0.08413864,0.09749731,0.10365904,0.14189200,-0.97200318,0.07776003,-0.48741573,0.47689038,-0.06290205,0.63439565,0.25991922,0.66246369,0.57777861,0.62951865,0.70194282,0.45939182,0.33927973,0.32200248,-0.44759057,0.22276761,0.09410283,0.10603444,0.14176969,0.70194282,1.09187609,1.37038969,1.64788727,0.45939182,0.79036772,1.09787591,0.33927973,0.65584085,0.32200248,1.02251910,0.92280219,0.83815978,0.83857007,0.94518047
1105,0.09628061,0.10523500,0.10270084,0.09804804,0.13645510,-0.99313789,0.12306555,-0.54510881,0.47221027,-0.09073164,0.64841347,0.25311008,0.71616426,0.59239402,0.65895448,0.65425393,0.49312136,0.36844384,0.34856042,-0.48916385,0.21902433,0.09387232,0.09997804,0.13714088,0.65425393,1.07356523,1.38683648,1.67555401,0.49312136,0.85579123,1.17842077,0.36844384,0.70391270,0.34856042,1.05701673,0.98099264,0.88117752,0.89641071,0.98070456
1106,0.11660908,0.09977607,0.10566907,0.10381950,0.14822391,-1.03309585,0.06921782,-0.57755463,0.45789642,-0.13768805,0.58913196,0.24504006,0.66995914,0.61834638,0.63595760,0.72386098,0.46211523,0.41087051,0.38062003,-0.60538921,0.23032692,0.09474087,0.09679180,0.13544182,0.72386098,1.09403514,1.43050329,1.75344717,0.46211523,0.86815215,1.23366808,0.41087051,0.78136770,0.38062003,1.10426193,1.08079610,0.95364144,0.93955621,1.04129665
1107,0.11441901,0.12371281,0.14863918,0.09675291,0.15441604,-1.01628868,0.03891293,-0.58845539,0.43528818,-0.19783782,0.48938528,0.19236438,0.57876484,0.56530957,0.58119299,0.71413590,0.39581319,0.41972824,0.37704299,-0.58500634,0.26154824,0.09526770,0.10044747,0.13843998,0.71413590,1.00782745,1.34748570,1.68348596,0.39581319,0.80990380,1.18277580,0.41972824,0.78980619,0.37704299,1.07735976,1.06061806,0.90370301,0.86070159,0.98081115
1108,0.09606862,0.13561426,0.15536341,0.07444299,0.15483714,-1.02480949,0.05147383,-0.61603562,0.40552106,-0.21809725,0.45917345,0.16904537,0.52891274,0.53677426,0.54732532,0.65636218,0.40387366,0.40588163,0.37143291,-0.53224056,0.28316002,0.09591209,0.10192550,0.13995691,0.65636218,0.96176366,1.30595090,1.64823734,0.40387366,0.80754344,1.17731410,0.40588163,0.77446215,0.37143291,1.07498329,1.01165047,0.82445252,0.78092229,0.91532346
1109,0.08229777,0.13662714,0.13840688,0.08639947,0.15101580,-1.04795819,0.05343508,-0.66577557,0.35442495,-0.24061644,0.45510117,0.13059223,0.46412771,0.50466049,0.50639138,0.60865376,0.44206303,0.38762295,0.37795325,-0.52212418,0.29497371,0.09570894,0.10075920,0.13896984,0.60865376,0.94987161,1.26203291,1.62461857,0.44206303,0.82346703,1.19918324,0.38762295,0.76096942,0.37795325,1.09473305,1.01406346,0.79862874,0.69411742,0.85318800
1110,0.07163117,0.14459814,0.11551576,0.07072789,0.15247481,-1.06718439,0.03641147,-0.66643374,0.27583723,-0.27900434,0.44774339,0.12716130,0.46773206,0.49275645,0.50794690,0.57156497,0.42732519,0.41597168,0.36913619,-0.51081519,0.29187795,0.09646971,0.10089328,0.13959176,0.57156497,0.93074711,1.28366984,1.63715090,0.42732519,0.82870205,1.19482848,0.41597168,0.78318522,0.36913619,1.10640017,0.95076743,0.77309631,0.68046347,0.83661280
1111,0.07962726,0.13366753,0.09605344,0.09679866,0.17129817,-1.04051009,0.00048504,-0.66888620,0.21761024,-0.28271571,0.39165779,0.10206511,0.39804915,0.45074760,0.46784066,0.50792340,0.42599088,0.39442339,0.35576849,-0.44930879,0.28870045,0.09843967,0.10401080,0.14320829,0.50792340,0.88184140,1.21761223,1.56792898,0.42599088,0.80266368,1.15609554,0.39442339,0.74381901,0.35576849,1.07115579,0.87717275,0.68015116,0.56818082,0.75333240
1112,0.08766465,0.09979958,0.08770985,0.15716515,0.19571687,-0.98840653,-0.04292129,-0.66212590,0.18370806,-0.30629340,0.35106364,0.06155150,0.32186669,0.41126409,0.39814119,0.47494216,0.39787815,0.37487284,0.35793723,-0.42826922,0.31762202,0.10053897,0.10798142,0.14754007,0.47494216,0.81261618,1.11951322,1.47344257,0.39787815,0.74757404,1.10209364,0.37487284,0.72227292,0.35793723,1.01856992,0.85130781,0.64211859,0.49860365,0.68389983
1113,0.08001599,0.11038110,0.08311679,0.16528248,0.20654529,-0.96959361,-0.06748968,-0.64549445,0.16407032,-0.30467570,0.32148715,0.05242146,0.29478980,0.40166285,0.41039914,0.47779621,0.37657545,0.36210961,0.36789561,-0.43296350,0.35272776,0.10177265,0.10862069,0.14884934,0.47779621,0.80519491,1.09925748,1.46290223,0.37657545,0.71492200,1.07923470,0.36210961,0.71421159,0.36789561,0.99601333,0.82186144,0.63284645,0.49823371,0.69684166
1114,0.08156686,0.11055026,0.11842956,0.31052873,0.27473369,-1.00137484,-0.11777789,-0.67395196,0.05669648,-0.32703478,0.25740666,0.01643649,0.15376311,0.36048655,0.32268813,0.45600716,0.40129866,0.36348264,0.38329996,-0.43662014,0.39794455,0.10225952,0.10864363,0.14919936,0.45600716,0.80964996,1.06982195,1.44390683,0.40129866,0.70158037,1.07071190,0.36348264,0.69278314,0.38329996,1.03358574,0.83662404,0.62953917,0.44192994,0.63908973
1115,0.07294136,0.05642914,0.04652144,0.16541684,0.22347709,-0.95883219,-0.13987516,-0.66951257,0.10111368,-0.36290435,0.18329827,-0.03389467,0.13078383,0.31872519,0.30986290,0.48000443,0.31758419,0.33650066,0.39586049,-0.48275364,0.43605822,0.10263901,0.11642637,0.15520910,0.48000443,0.74441176,0.99826931,1.37605916,0.31758419,0.63740571,1.01151640,0.33650066,0.69626357,0.39586049,0.99864581,0.86562578,0.68325987,0.51980021,0.65770813
1116,0.06193010,0.06791867,0.04530650,0.14586229,0.23374294,-0.97976504,-0.10975353,-0.67880164,0.02681648,-0.34744856,0.12487193,-0.00835525,0.15978982,0.31978688,0.35230192,0.48759854,0.34564959,0.35216041,0.38093502,-0.51279990,0.45594862,0.10049944,0.11280670,0.15108106,0.48759854,0.76008401,1.04163022,1.40045631,0.34564959,0.69026862,1.05664957,0.35216041,0.71311294,0.38093502,1.01908980,0.91736027,0.71174467,0.54415879,0.69076878
1117,0.06891585,0.06360688,0.04831277,0.15700905,0.25627691,-1.01091206,-0.18387120,-0.74825352,-0.06261582,-0.40581740,0.04280396,-0.03463038,0.05236429,0.31737972,0.28263357,0.48749378,0.35860011,0.38168192,0.42099090,-0.56287583,0.51529745,0.09921046,0.10915498,0.14750432,0.48749378,0.76373401,1.05382610,1.43975325,0.35860011,0.72656422,1.12384568,0.38168192,0.76921587,0.42099090,1.05710137,0.98712671,0.77219493,0.57065494,0.69499925
1118,0.06650567,0.05514667,0.05517269,0.15069461,0.23872618,-1.03598584,-0.23202596,-0.71980695,-0.13808519,-0.41370447,-0.02745069,-0.07112725,-0.01482361,0.30598974,0.19669800,0.53039734,0.32548577,0.35258001,0.43243533,-0.60105875,0.51636555,0.09718386,0.10997075,0.14675922,0.53039734,0.77483172,1.04306112,1.44579101,0.32548577,0.66559994,1.08282444,0.35258001,0.75901426,0.43243533,1.09029589,0.98874251,0.78123701,0.58424678,0.67892586
1119,0.07011548,0.06688667,0.07749828,0.14657057,0.24379543,-1.11438536,-0.30703046,-0.76724999,-0.23086525,-0.44507658,-0.11291323,-0.08410737,-0.13635039,0.32758886,0.13052221,0.58431118,0.34512645,0.36816522,0.49065753,-0.73477756,0.61671386,0.09780663,0.10175216,0.14113695,0.58431118,0.85844696,1.13042649,1.56629752,0.34512645,0.69034938,1.15352027,0.36816522,0.81348118,0.49065753,1.17809394,1.05827946,0.86141695,0.67945059,0.74372704
1120,0.08385398,0.12308589,0.13849438,0.14650740,0.22562974,-1.12449220,-0.38590391,-0.77333158,-0.33899648,-0.44400623,-0.27820531,-0.10647098,-0.25979983,0.33021672,0.02057461,0.61128786,0.34837213,0.34444544,0.51926930,-0.81196661,0.58863478,0.09741104,0.10103866,0.14034857,0.61128786,0.90975731,1.15371355,1.59411592,0.34837213,0.67220976,1.16070827,0.34444544,0.83415749,0.51926930,1.20648850,1.09910043,0.95597039,0.78535595,0.78798412
1121,0.08408935,0.16940117,0.19525728,0.17859823,0.24191214,-1.16073881,-0.38118114,-0.79930792,-0.36838813,-0.48236934,-0.35341267,-0.12126793,-0.31662240,0.35484063,-0.03856464,0.58709189,0.32621222,0.36599999,0.55136515,-0.76003076,0.61345297,0.09797425,0.09859240,0.13899429,0.58709189,0.86640304,1.15151565,1.63048604,0.32621222,0.68062157,1.20076708,0.36599999,0.89554415,0.55136515,1.23516529,1.09067785,0.93589921,0.75354293,0.76426362
1122,0.07730590,0.10234716,0.11723676,0.12786136,0.19697055,-1.19729476,-0.55188915,-0.88675306,-0.62954130,-0.51301189,-0.64513699,-0.11657965,-0.59463119,0.37814773,-0.26048704,0.60597550,0.38245218,0.40494856,0.59734865,-0.89220854,0.48043354,0.09443831,0.09050036,0.13080103,0.60597550,0.91103572,1.20391207,1.69369569,0.38245218,0.77109632,1.31809722,0.40494856,0.97166866,0.59734865,1.33382261,1.30257965,1.14629886,0.94968881,0.88085017
1123,0.10540060,0.05886461,0.06481323,0.08945105,0.15863868,-1.25111599,-0.52070307,-0.92014982,-0.75120712,-0.53618406,-0.81734842,-0.12959131,-0.82554911,0.36725499,-0.47824975,0.68902906,0.39809486,0.40979803,0.60708089,-0.86301361,0.06899332,0.08825253,0.09089665,0.12669140,0.68902906,1.00457791,1.30333526,1.73453133,0.39809486,0.79465936,1.31757758,0.40979803,0.96514454,0.60708089,1.36364510,1.38420259,1.25832386,1.11744607,0.98166232
1124,0.12173026,0.06608931,0.05085212,0.08249118,0.14139788,-1.20579154,-0.43047313,-0.83515950,-0.74287879,-0.52699365,-0.87158517,-0.19310433,-0.89746587,0.31824019,-0.60854683,0.75571531,0.33457958,0.33814820,0.58932283,-0.80339308,-0.03928746,0.08705507,0.09174446,0.12647384,0.75571531,1.00768752,1.24487114,1.64818334,0.33457958,0.66093539,1.16140415,0.33814820,0.88521879,0.58932283,1.28745733,1.32691131,1.25624688,1.14753486,1.00741038
1125,0.13283821,0.07280359,0.03589282,0.06847774,0.10058143,-1.12219072,-0.28507447,-0.73663977,-0.68759268,-0.53297775,-0.92457539,-0.34995490,-0.99885361,0.21479007,-0.78129003,0.86863761,0.31352923,0.20783124,0.60520993,-0.82110405,-0.20642615,0.07830845,0.08583821,0.11619127,0.86863761,1.07999257,1.19893498,1.53905236,0.31352923,0.50455411,0.96002763,0.20783124,0.76387387,0.60520993,1.16774951,1.29795235,1.32918832,1.28442423,1.09101272
1126,0.11197583,0.06547305,0.05155672,0.04765802,0.07624004,-0.40074963,-1.04128156,-0.12664209,-1.24687325,-0.52931783,-1.29561394,-1.06790717,-1.22108363,-1.02225886,-0.67303402,0.74678005,0.44488329,0.56364807,0.56747446,0.89334670,0.46672677,0.04658017,0.07420759,0.08761552,0.74678005,0.55889863,0.76668759,0.74756655,0.44488329,0.99819957,1.16339636,0.56364807,0.84488148,0.56747446,1.14696463,1.56026614,1.58625661,1.72891413,1.30684873
1127,0.09794907,0.06234892,0.04289952,0.04014056,0.09749094,0.23436044,-1.23979956,-0.09116989,-1.44641606,-0.58797204,-1.35833791,-0.96776686,-0.97588481,-0.99170783,-0.36113269,0.67236404,0.52708131,0.57765298,0.63977048,0.92185699,0.69976390,0.07587706,0.07530922,0.10690559,0.67236404,0.92140049,1.24542701,1.50848458,0.52708131,1.05810631,1.50859406,0.57765298,1.14207908,0.63977048,1.34017579,1.76224852,1.70687662,1.51706452,1.15402695
1128,0.12147223,0.03829592,0.03155705,0.04359991,0.08568256,-1.18420771,-0.72140048,-0.72165759,-1.02212965,-0.74442961,-1.34480979,-0.61594564,-1.55319571,0.02645821,-1.11351674,0.75243163,0.32389282,0.24605616,0.77900120,-0.62964287,-0.23066514,0.07455546,0.06984649,0.10216188,0.75243163,0.90961448,1.13369060,1.38598340,0.32389282,0.54155061,0.75460660,0.24605616,0.80663045,0.77900120,1.38835150,1.37934858,1.63740575,1.77164255,1.27380024
1129,0.13241386,0.03119075,0.02811874,0.05175165,0.11180095,-0.92950798,-0.35822923,-1.09410372,-0.69264351,-0.67260830,-1.16435850,-0.35460072,-1.20165579,0.27435643,-0.81965659,0.55977522,0.63273225,0.32041142,0.73809378,-0.63566423,-0.19756584,0.09357013,0.07248172,0.11835949,0.55977522,0.93773117,1.10236923,1.37347622,0.63273225,0.89775270,1.37547785,0.32041142,1.01012270,0.73809378,0.99628451,1.36573226,1.40896312,1.32551479,0.99355863
1130,0.13602893,0.03870080,0.03533635,0.05749510,0.10312580,-0.89898608,-0.27931784,-1.06910645,-0.66243162,-0.69406776,-1.16552956,-0.28645666,-1.21484959,0.27228954,-0.86620778,0.62333982,0.62769267,0.41060689,0.66148690,-0.73544632,-0.31190657,0.09837058,0.07242002,0.12215330,0.62333982,1.01303722,1.20226904,1.40347707,0.62769267,0.95817261,1.35743792,0.41060689,1.01328193,0.66148690,0.94138212,1.34047722,1.42871829,1.32480184,1.03938550
1131,0.13619282,0.03431288,0.03173874,0.05563133,0.08280677,-0.85588807,-0.36939333,-1.08516088,-0.72313270,-0.70194168,-1.27050783,-0.31878159,-1.38854989,0.25875059,-1.09927846,0.63574250,0.66998533,0.40163303,0.64857963,-0.67630564,-0.29052864,0.09276783,0.07310161,0.11810892,0.63574250,1.00891864,1.22052078,1.41008530,0.66998533,1.01755214,1.39563045,0.40163303,0.97645511,0.64857963,0.93314250,1.40308388,1.52534846,1.49257308,1.23654519
1132,0.12863886,0.03703480,0.02569073,0.03626557,0.06748575,-0.87974482,-0.49875270,-1.12674901,-0.90842934,-0.62149058,-1.51300936,-0.11803113,-1.68827060,0.48868021,-1.08420144,0.71593552,0.79060654,0.53317441,0.86062787,-0.82382490,-0.14337867,0.08949136,0.07494042,0.11672519,0.71593552,1.14625031,1.49078707,1.59181539,0.79060654,1.27624046,1.62527378,0.53317441,1.19405185,0.86062787,1.01135791,1.53820561,1.69794556,1.75509183,1.31135105
1133,0.13311340,0.03528350,0.02726242,0.02942635,0.06225120,-0.85491030,-0.57776734,-1.10889532,-0.88284438,-0.56206597,-1.59665620,-0.12319718,-1.73121603,0.45463181,-1.12627723,0.62054743,0.89988414,0.46232424,0.84188477,-0.74265608,-0.07683307,0.09164801,0.07895790,0.12096987,0.62054743,1.14848453,1.45349461,1.53798590,0.89988414,1.30066450,1.58648941,0.46232424,1.13017813,0.84188477,1.03258635,1.48343490,1.73986889,1.79486570,1.33410962
1134,0.13401410,0.05286392,0.03163303,0.03117071,0.06347320,-0.80679905,-0.56799153,-1.05378879,-0.84037554,-0.46654998,-1.57957672,-0.05232207,-1.68855546,0.47778941,-1.18189519,0.58154456,0.94502685,0.42841853,0.73614743,-0.67377495,-0.10253069,0.09297842,0.08291165,0.12457659,0.58154456,1.14261294,1.41379968,1.50304985,0.94502685,1.31280888,1.56950399,0.42841853,1.02731032,0.73614743,0.98718833,1.43150987,1.70471460,1.74793836,1.37432565
1135,0.13919594,0.05217547,0.03064318,0.03157294,0.06001485,-0.74537990,-0.57797069,-0.99765556,-0.86205881,-0.40473464,-1.60532274,0.04934724,-1.75197753,0.48909257,-1.16021279,0.59572855,0.95253636,0.47719895,0.73885838,-0.68349755,-0.17616170,0.09578538,0.08548372,0.12838343,0.59572855,1.15430269,1.47212891,1.43562219,0.95253636,1.37551701,1.51641216,0.47719895,0.99948901,0.73885838,0.94559052,1.41953077,1.72049865,1.81296692,1.35926482
1136,0.16035165,0.06684073,0.03153128,0.03089327,0.04763783,-0.69858735,-0.61933008,-0.82933132,-1.02326838,-0.23406870,-1.71961554,0.11838229,-1.79506686,0.52735252,-1.31715775,0.59567814,0.91972755,0.36275600,0.62901038,-0.56189882,-0.21005035,0.09823298,0.09182616,0.13446844,0.59567814,1.24073975,1.46183621,1.44131144,0.91972755,1.22835606,1.39350460,0.36275600,0.86218797,0.62901038,0.93675166,1.40697884,1.78395483,1.83704953,1.46692788
1137,0.09543647,0.01864743,0.01752383,0.03690607,0.06078931,-0.68370408,-0.57560194,-0.36495132,-1.34872939,-0.05240160,-1.54302472,0.19652304,-1.40173497,0.44006520,-0.93870365,0.88137020,0.37288667,0.28826753,0.52322917,-0.40894128,0.17980286,0.09313578,0.12188937,0.15339913,0.88137020,1.17563048,1.22113813,1.19642982,0.37288667,0.57179808,0.90757080,0.28826753,0.78002310,0.52322917,0.90542023,1.45995554,1.58607756,1.45318711,1.09002826
1138,0.08121710,0.02825483,0.01673500,0.02959723,0.05048295,-0.70931782,-0.50890495,-0.32627611,-1.28452882,-0.04789215,-1.42747668,0.19817527,-1.30410757,0.42288162,-0.87931577,0.88970244,0.31419713,0.27580923,0.48056423,-0.30251111,0.15416558,0.09576369,0.13355122,0.16433688,0.88970244,1.14613505,1.21750198,1.20215750,0.31419713,0.52678024,0.85298868,0.27580923,0.72280351,0.48056423,0.88457560,1.37092530,1.46425699,1.35393198,1.02205200
1139,0.10540079,0.02215312,0.01411809,0.03206275,0.05232083,-0.67175203,-0.54275258,-0.27122647,-1.29027451,0.01155486,-1.45772402,0.23279792,-1.33828736,0.42936089,-0.86929974,0.87143458,0.32888993,0.25218447,0.50853077,-0.31711102,0.17635399,0.09663936,0.14023951,0.17031232,0.87143458,1.15728104,1.21628070,1.16015534,0.32888993,0.50734076,0.81815438,0.25218447,0.72205798,0.50853077,0.88415885,1.37493268,1.50576813,1.40465881,1.03196277
1140,0.12246952,0.02954188,0.01832553,0.03275504,0.04850023,-0.64448128,-0.52279549,-0.22873052,-1.27601998,0.05645382,-1.45470487,0.26088619,-1.32125283,0.43092094,-0.88311831,0.88888545,0.33781431,0.24943851,0.47038068,-0.38923731,0.15687266,0.09636398,0.14506418,0.17415405,0.88888545,1.18213426,1.21558908,1.14084827,0.33781431,0.49824598,0.77429349,0.24943851,0.68698224,0.47038068,0.86906502,1.38289300,1.52440779,1.40519942,1.05407159
