step,thumb_curl,index_curl,middle_curl,ring_curl,pinky_curl,thumb_dx,thumb_dy,index_dx,index_dy,middle_dx,middle_dy,ring_dx,ring_dy,pinky_dx,pinky_dy,thumb_index_spread,index_middle_spread,middle_ring_spread,ring_pinky_spread,palm_pitch,palm_roll,palm_width,palm_height,palm_diagonal,thumb_index_distance,thumb_middle_distance,thumb_ring_distance,thumb_pinky_distance,index_middle_distance,index_ring_distance,index_pinky_distance,middle_ring_distance,middle_pinky_distance,ring_pinky_distance,palm_thumb_distance,palm_index_distance,palm_middle_distance,palm_ring_distance,palm_pinky_distance
0,0.12049813,0.03287517,0.02209427,0.01904275,0.03052102,-0.44369333,0.34278625,-0.23466471,-0.96663731,-0.09106718,-1.00150360,0.07149127,-0.90719033,0.22026244,-0.70658019,1.32880472,0.16542708,0.19617012,0.25264385,-0.04641608,-0.00054673,0.02686200,0.08122787,0.08555428,1.32880472,1.39902019,1.36926288,1.26767784,0.16542708,0.33811553,0.55049850,0.19617012,0.43909594,0.25264385,0.60505674,1.00468357,1.00785310,0.91006449,0.74062685
1,0.08612806,0.07196785,0.06734736,0.01642428,0.06211848,1.35603287,-0.34310758,1.00576358,-0.03712126,0.52706742,-0.39766572,-0.09722815,-0.56195016,-0.51223626,-0.37823253,0.73517462,0.60648813,0.65575202,0.45397217,1.43754656,-1.27904585,0.09966420,0.07574685,0.12518202,0.73517462,1.06260758,1.56825636,1.94422849,0.60648813,1.22168789,1.55619014,0.65575202,1.04704099,0.45397217,1.42895650,1.32483216,1.16079673,1.01489625,1.04545297
2,0.06578041,0.02975949,0.01836915,0.05524606,0.06644990,1.10680879,-0.42273167,0.99831469,-0.18220760,0.69569274,-0.36905767,0.25938362,-0.44312045,-0.32231671,-0.38779070,0.75726942,0.40711619,0.45213232,0.58769841,1.39310751,-0.89572112,0.10066010,0.12361906,0.15941809,0.75726942,0.99811569,1.17614922,1.61549759,0.40711619,0.79071548,1.33721778,0.45213232,1.02998152,0.58769841,1.19867067,1.35091225,1.34458109,1.12165254,1.06174265
3,0.08376693,0.02796002,0.04338527,0.03355576,0.08956772,0.82508062,-0.34519842,0.92237916,-0.19747329,0.65323881,-0.22236912,0.25598563,-0.26288989,-0.19072494,-0.25678141,0.78375326,0.35472053,0.41688821,0.44960639,1.42746719,-0.87864508,0.10414778,0.14710684,0.18024201,0.78375326,1.01546043,1.04576147,1.31028620,0.35472053,0.67856408,1.11626314,0.41688821,0.86167065,0.44960639,0.90000657,1.27916227,1.29319911,1.04076985,0.97719540
4,0.06766669,0.02293774,0.04470087,0.04697824,0.09530662,0.78145348,-0.23570362,0.96070128,-0.18660470,0.71869152,-0.22628413,0.30401008,-0.18039009,-0.17326210,-0.22535703,0.85350883,0.34802370,0.43068365,0.48316014,1.45190887,-0.14815219,0.10043795,0.14690623,0.17795848,0.85350883,1.08182775,1.08532140,1.32091943,0.34802370,0.67149093,1.13742747,0.43068365,0.90747983,0.48316014,0.81914851,1.33103459,1.37409363,1.10053892,1.02226421
5,0.07070194,0.03435877,0.04333241,0.04458722,0.07797995,0.86107526,-0.27805016,0.99561580,-0.13114336,0.73705556,-0.20342642,0.30630080,-0.18308852,-0.25276488,-0.19886803,0.85210164,0.38905650,0.43773254,0.56035151,1.51816213,-0.81111300,0.10679080,0.13720443,0.17386584,0.85210164,1.11946462,1.17807574,1.49925184,0.38905650,0.72143554,1.26198344,0.43773254,0.99588520,0.56035151,0.90698128,1.34221570,1.39947788,1.15357584,1.11010250
6,0.09176736,0.02033116,0.04108546,0.06609191,0.10624951,0.97310854,-0.42340352,1.14864255,-0.38605142,0.86298747,-0.43956407,0.40808494,-0.39670400,-0.16748743,-0.42557184,0.81700908,0.31829540,0.46691048,0.57672712,1.54724974,-1.39254828,0.10524332,0.12172068,0.16091017,0.81700908,0.93351938,1.00506451,1.42432554,0.31829540,0.74140152,1.31791441,0.46691048,1.03320782,0.57672712,1.06214826,1.47513411,1.37142335,1.04373517,1.00705358
7,0.06937890,0.03261419,0.04306139,0.07179125,0.08696424,0.92021758,-0.50119880,1.16823877,-0.42909176,0.89312533,-0.46468323,0.40062298,-0.44203655,-0.18463729,-0.44534838,0.84934493,0.33058612,0.50736224,0.58557186,1.46846354,-0.67275373,0.09915740,0.12196928,0.15719000,0.84934493,0.98997715,1.01435741,1.39532085,0.33058612,0.77006932,1.35360187,0.50736224,1.08680768,0.58557186,1.05013749,1.52326571,1.46056140,1.11194013,1.03826445
8,0.05158500,0.03894398,0.04763835,0.10287681,0.09667401,0.90947307,-0.55325979,1.12865814,-0.50052241,0.88555390,-0.58646894,0.41311834,-0.55464308,-0.15652060,-0.53699255,0.84678270,0.28743130,0.48672965,0.56992412,1.23841470,-0.13531118,0.09687591,0.12633783,0.15920487,0.84678270,0.94411407,0.96755994,1.35370288,0.28743130,0.71772652,1.28582192,0.48672965,1.04892901,0.56992412,1.06546204,1.50501412,1.45036716,1.11527033,1.04154667
9,0.06825739,0.03961591,0.06671866,0.13964076,0.12267306,0.96683642,-0.44032636,1.06989816,-0.58127554,0.75266390,-0.62376646,0.32014486,-0.56124644,-0.19368112,-0.55144152,0.80404016,0.32871758,0.44975456,0.51398086,1.13613819,-0.11486951,0.09614661,0.12240781,0.15565295,0.80404016,0.90483048,1.00027857,1.39244443,0.32871758,0.75067678,1.26414869,0.44975456,0.95418690,0.51398086,1.06648912,1.50134446,1.36538337,1.06528368,1.03559260
10,0.07867403,0.05053630,0.05035496,0.08303826,0.07819380,0.91401332,-0.32110123,0.91708849,-0.44333049,0.60197399,-0.51998636,0.26241562,-0.52402452,-0.13148623,-0.46397748,0.80954427,0.32543054,0.36727655,0.40110729,1.22920713,-0.35997495,0.07917094,0.14502064,0.16522417,0.80954427,0.90629142,0.96864321,1.23481854,0.32543054,0.66921299,1.06075247,0.36727655,0.75874375,0.40110729,0.99134283,1.43487259,1.30745221,1.07207986,0.97870156
11,0.07230359,0.05822562,0.05521646,0.10547542,0.09903419,0.82591113,-0.36749460,0.91879484,-0.44028994,0.62463110,-0.51487147,0.26917004,-0.47226814,-0.11167174,-0.40401427,0.83695157,0.31539707,0.39000962,0.39136534,1.24508893,-0.13707190,0.09346069,0.15486899,0.18088479,0.83695157,0.94791592,0.94773228,1.17116968,0.31539707,0.65404164,1.03898280,0.39000962,0.77463651,0.39136534,0.91429832,1.40368779,1.32696656,1.04863538,0.93685535
12,0.05892818,0.07001935,0.05550911,0.09045562,0.08340229,0.69154807,-0.37078041,0.93627404,-0.39052424,0.69455706,-0.49830497,0.30539834,-0.44999602,-0.11883458,-0.41431002,0.83994864,0.31995918,0.40970344,0.43200823,1.17517621,-0.14405149,0.09228845,0.15851034,0.18341943,0.83994864,0.99131109,0.95005381,1.13329587,0.31995918,0.63661656,1.05544749,0.40970344,0.83996217,0.43200823,0.78998991,1.35265358,1.37308352,1.09976721,0.98214213
13,0.04169705,0.05495299,0.05890076,0.09175274,0.08199418,0.56528292,-0.30602679,0.83517381,-0.38843220,0.63622274,-0.40784810,0.27400980,-0.34050226,-0.10317431,-0.33482337,0.83962821,0.26330345,0.39256042,0.39304882,1.19023572,-0.54945796,0.09086653,0.17193219,0.19446698,0.83962821,0.97013400,0.87712186,0.98012902,0.26330345,0.56434646,0.94283057,0.39256042,0.78263859,0.39304882,0.66238908,1.32369379,1.35281416,1.07899244,0.94357141
14,0.03999830,0.05089920,0.05035278,0.08997432,0.08232797,0.52311672,-0.29364629,0.77548313,-0.37094895,0.72682748,-0.37166700,0.42918929,-0.33929490,-0.00788183,-0.31258112,0.79478319,0.10826819,0.34933504,0.47517093,1.12606696,-1.00055869,0.06843079,0.17240954,0.18549346,0.79478319,0.87405251,0.67453121,0.71731261,0.10826819,0.35757074,0.82992567,0.34933504,0.82228393,0.47517093,0.66412465,1.34513160,1.39509750,1.09742424,0.82811639
15,0.11546880,0.06186996,0.04826923,0.05653240,0.03000468,0.10727283,-0.33496113,0.55443997,-0.50705868,0.71859072,-0.53105714,0.70951656,-0.47453917,0.62466380,-0.28828301,0.77020779,0.18293265,0.30053107,0.40164360,-1.38821370,-0.52377852,0.09962531,0.16627785,0.19383892,0.77020779,0.82992438,0.65992316,0.53199803,0.18293265,0.40444961,0.75358395,0.30053107,0.69147895,0.40164360,0.64705198,1.37045605,1.39329165,1.15226246,0.81047657
16,0.10278320,0.06572664,0.04807520,0.06250375,0.04662072,0.25499415,-0.34930513,0.58020896,-0.47615333,0.68279731,-0.45735605,0.59200422,-0.42321127,0.45670400,-0.26523370,0.75061817,0.10609752,0.28549101,0.35593894,-1.37122126,-1.11300777,0.07142696,0.17454000,0.18858956,0.75061817,0.78151751,0.51070211,0.23546769,0.10609752,0.29303759,0.62646375,0.28549101,0.63140030,0.35593894,0.61223966,1.32991816,1.35585341,1.08881026,0.74190620
17,0.09786868,0.06626729,0.04976594,0.06101870,0.02729379,0.05893970,-0.46934417,0.45559201,-0.47677757,0.71405474,-0.47580336,0.70791517,-0.41115007,0.64186445,-0.28074267,0.72204746,0.26224691,0.29992378,0.34726408,-1.44500672,-0.72220591,0.08312859,0.15534219,0.17618615,0.72204746,0.86116416,0.70382440,0.61462352,0.26224691,0.42622666,0.70602569,0.29992378,0.64240789,0.34726408,0.71240213,1.31352287,1.38847604,1.14379448,0.85139222
18,0.04257515,0.03685086,0.05858665,0.09351423,0.08606222,1.01176238,-0.68594624,1.01447967,-0.77837924,0.70214712,-0.91290700,0.34295785,-0.87830745,-0.15055344,-0.77384228,0.87224665,0.40516013,0.36585287,0.50773331,1.31639696,-0.83461208,0.08915405,0.12689581,0.15508382,0.87224665,1.15333518,1.24081334,1.51619341,0.40516013,0.69750458,1.16952264,0.36585287,0.87198192,0.50773331,1.22415093,1.58310086,1.63009402,1.44374015,1.30155519
19,0.05491020,0.04397938,0.04423405,0.07609984,0.07752980,0.72537271,-0.43348856,0.90748332,-0.42803613,0.66926717,-0.54780159,0.31944024,-0.49068542,-0.11215222,-0.40622526,0.92453943,0.31189495,0.36697663,0.44035022,1.30907298,-0.73548618,0.08956459,0.15658645,0.18039161,0.92453943,1.07579935,1.05602234,1.26735255,0.31189495,0.59513136,1.02083370,0.36697663,0.80277959,0.44035022,0.84595355,1.37893750,1.40536965,1.16977306,1.07621633
20,0.07419614,0.04752159,0.05140306,0.08823144,0.08924992,0.67913903,-0.42207072,0.95277195,-0.42248493,0.70029895,-0.49409659,0.33189859,-0.46827902,-0.09958641,-0.40364546,0.93103522,0.33950047,0.38345253,0.43711831,1.24462374,-0.34737609,0.09835029,0.15296423,0.18185389,0.93103522,1.10784563,1.06156103,1.24822066,0.33950047,0.63258639,1.05598837,0.38345253,0.81540515,0.43711831,0.79970763,1.36233284,1.38871883,1.14391734,1.04867897
21,0.06574397,0.05174744,0.04807723,0.08215760,0.07807829,0.60988226,-0.34510822,0.88296731,-0.40556593,0.64918563,-0.43753187,0.31049372,-0.45007572,-0.07924259,-0.36819688,0.90290741,0.30506186,0.36078218,0.40377701,1.24764290,-0.50544305,0.09210230,0.16756873,0.19121222,0.90290741,1.05663483,0.98090354,1.10350583,0.30506186,0.57841462,0.96294017,0.36078218,0.75605733,0.40377701,0.70379094,1.34072044,1.36415853,1.13402051,1.00047685
22,0.06279770,0.04706844,0.04899077,0.08008050,0.07764448,0.66157464,-0.37837095,0.91989881,-0.43487654,0.67818859,-0.47450574,0.34529847,-0.48070889,-0.06820724,-0.42928183,0.88466328,0.28539595,0.35967356,0.42636954,1.20949934,-0.60654925,0.08235876,0.15762234,0.17784198,0.88466328,0.99549107,0.91701767,1.05799462,0.28539595,0.57651962,0.99134720,0.35967356,0.78128175,0.42636954,0.76977904,1.39373367,1.37577071,1.13024067,0.97482073
23,0.05372330,0.03264796,0.05037849,0.07853252,0.06864969,0.98410730,-0.69296001,1.00985618,-0.71633866,0.74832040,-0.85184385,0.39276099,-0.83329654,-0.07887294,-0.72698459,0.80947346,0.31569924,0.37740183,0.49207018,1.12457320,-0.74631943,0.08466942,0.13184658,0.15669215,0.80947346,0.96514869,1.00241878,1.27627646,0.31569924,0.62818745,1.09365912,0.37740183,0.86419249,0.49207018,1.21629046,1.58148613,1.57804032,1.33946208,1.14476059
24,0.06485600,0.04236846,0.04737234,0.06989663,0.06625010,0.71029724,-0.47238544,0.88342660,-0.48643826,0.64832843,-0.59773517,0.30508019,-0.54822152,-0.06265437,-0.51143167,0.82888463,0.30308615,0.36940876,0.37688324,1.14172368,-0.57873049,0.08505839,0.15997570,0.18118265,0.82888463,0.97612113,0.93463798,1.08815706,0.30308615,0.58232646,0.94750692,0.36940876,0.74390756,0.37688324,0.86095393,1.36979977,1.39625665,1.14290197,1.02097429
25,0.05946507,0.04080039,0.05194461,0.07849040,0.07282019,0.80322857,-0.54430728,0.96133695,-0.61320268,0.67682310,-0.66107777,0.33006865,-0.65680232,-0.09168691,-0.59125109,0.82473159,0.30694538,0.37593763,0.43053998,1.11919692,-0.33066071,0.08157220,0.14394229,0.16544911,0.82473159,0.92736648,0.90743639,1.14308128,0.30694538,0.63406050,1.05769878,0.37593763,0.79758575,0.43053998,0.97630521,1.46185139,1.39089264,1.14231198,1.01338382
26,0.07269900,0.05028655,0.05155561,0.06917907,0.06577750,0.64619388,-0.43004693,0.80629451,-0.49569158,0.60736842,-0.52815058,0.29088614,-0.52476959,-0.07033429,-0.45077151,0.84407712,0.26950248,0.33571419,0.38308593,1.17819834,-0.55178352,0.08498162,0.17299649,0.19274247,0.84407712,1.01057663,0.96584704,1.06614521,0.26950248,0.52055241,0.87855667,0.33571419,0.71544740,0.38308593,0.78193031,1.32030402,1.36257132,1.15548212,0.99440724
27,0.03830825,0.02816025,0.04348540,0.06937645,0.07534574,1.06057467,-0.86630353,1.15152276,-0.95147322,0.80314271,-1.08879320,0.37556385,-0.96958809,-0.09622963,-0.84908383,0.74952696,0.41839339,0.45134192,0.48849317,1.03922027,-0.08220898,0.09455611,0.12231628,0.15460314,0.74952696,0.98627010,1.09190863,1.40948831,0.41839339,0.78322889,1.25368424,0.45134192,0.93855387,0.48849317,1.37134459,1.70009533,1.68147348,1.38618690,1.22503717
28,0.05644840,0.03391040,0.04090155,0.06279980,0.06600242,0.87234356,-0.61721648,0.92012933,-0.68769406,0.65812554,-0.82889048,0.31436880,-0.74172607,-0.07682024,-0.62229852,0.81553958,0.36479008,0.37110137,0.41607822,1.17270494,-0.43757833,0.09398742,0.14872918,0.17593750,0.81553958,1.06545483,1.07696076,1.26507136,0.36479008,0.61659530,0.99941137,0.37110137,0.78568260,0.41607822,1.07086147,1.44729522,1.52025552,1.27016768,1.10153283
29,0.04771361,0.02339864,0.04029211,0.07180987,0.07639207,0.93535598,-0.79795800,1.02579045,-0.91623681,0.72690868,-1.02976586,0.34936308,-0.97264802,-0.11863479,-0.81190241,0.80367755,0.34801468,0.39619337,0.49732763,1.09406856,-0.17698371,0.09632208,0.12728452,0.15962234,0.80367755,0.97822835,1.02413720,1.30644424,0.34801468,0.67951954,1.14931147,0.39619337,0.88688159,0.49732763,1.23027957,1.60852571,1.59142090,1.34824180,1.15726659
30,0.05752427,0.03011550,0.04253706,0.06828685,0.07110313,1.04065526,-0.86197771,1.05183890,-1.04602763,0.74880020,-1.20142346,0.34104243,-1.12498181,-0.14148698,-0.94455190,0.79512382,0.35935855,0.42711552,0.51565565,1.06395719,-0.22553939,0.09538243,0.11899462,0.15250419,0.79512382,0.99459900,1.08505219,1.40994027,0.35935855,0.71528864,1.19767015,0.42711552,0.93488848,0.51565565,1.35209559,1.69511192,1.69656490,1.44099833,1.25283880
31,0.05690353,0.03261470,0.03663438,0.06365233,0.06931741,1.15869147,-1.02805522,1.12037172,-1.25186592,0.79051464,-1.42456538,0.34839948,-1.30846052,-0.17299884,-1.07293354,0.75020809,0.38830943,0.45997815,0.57241848,0.98415641,-0.01314699,0.09893137,0.10671198,0.14551585,0.75020809,0.98682902,1.15506976,1.55016485,0.38830943,0.77628343,1.30796894,0.45997815,1.02620444,0.57241848,1.54902701,1.82403116,1.82421975,1.55734723,1.34217659
32,0.06449718,0.02546649,0.03878582,0.06574555,0.07143197,1.05083120,-0.85047938,0.99744086,-1.08968204,0.69529892,-1.25386568,0.29307385,-1.15136208,-0.15348460,-0.91651381,0.77429211,0.38524307,0.42576516,0.50578455,1.06497976,-0.01039335,0.09886610,0.12103271,0.15627995,0.77429211,1.05540734,1.15165668,1.43529162,0.38524307,0.71145104,1.16469437,0.42576516,0.92259169,0.50578455,1.35305293,1.67568605,1.72805422,1.47247952,1.24898699
33,0.06641938,0.03285516,0.03526788,0.06212373,0.07316727,1.26985265,-1.07907381,1.13942285,-1.42852344,0.80584123,-1.58840958,0.36236885,-1.47583396,-0.18724948,-1.18778462,0.80030466,0.38141683,0.46092574,0.62079914,0.94359991,-0.07020638,0.10032268,0.09785925,0.14014661,0.80030466,1.05657443,1.23948153,1.64866866,0.38141683,0.77937941,1.34948238,0.46092574,1.07150655,0.62079914,1.66658596,1.95108232,1.94318189,1.68207309,1.41164920
34,0.05985738,0.03536609,0.03040264,0.05251054,0.06004297,1.33441064,-1.08873660,1.14572887,-1.42848593,0.81321289,-1.64931492,0.37556736,-1.52641207,-0.17861616,-1.18503263,0.82003060,0.42514825,0.45702166,0.65094689,1.01879083,-0.09092499,0.09584299,0.10150353,0.13960245,0.82003060,1.15762363,1.33616810,1.72017736,0.42514825,0.78266504,1.34958118,0.45702166,1.09653548,0.65094689,1.72220764,1.96838331,2.03360947,1.77347537,1.44793656
35,0.07703768,0.03112052,0.02909885,0.05348505,0.05696195,1.27549869,-1.04017758,1.08247735,-1.45809060,0.74873241,-1.63761113,0.33806763,-1.47702788,-0.18592642,-1.16322499,0.84477422,0.40741766,0.44255131,0.61078003,0.97648802,0.01033142,0.09921881,0.10488023,0.14437533,0.84477422,1.17065495,1.32000760,1.67883099,0.40741766,0.75301346,1.30675675,0.44255131,1.04895167,0.61078003,1.64586385,1.94879033,1.99406374,1.72240957,1.43290861
36,0.07446011,0.03401726,0.02683127,0.04584422,0.05353017,1.30232107,-1.15241591,1.08754113,-1.53957255,0.75934235,-1.75806579,0.36532057,-1.63393140,-0.16294149,-1.27643244,0.84439916,0.42236193,0.41580987,0.63787306,1.02375013,-0.01079702,0.10063471,0.10520259,0.14558478,0.84439916,1.19136390,1.33696017,1.68717329,0.42236193,0.73576952,1.28243595,0.41580987,1.04137135,0.63787306,1.73902924,2.02136041,2.10815205,1.87055841,1.53566215
37,0.07584854,0.02803269,0.02637295,0.04458704,0.05092956,1.27266743,-1.12050673,1.09462747,-1.53371012,0.76094164,-1.74843965,0.34803995,-1.59369055,-0.14854475,-1.25066426,0.82911774,0.42614716,0.44291550,0.60382469,0.96282243,0.05026294,0.10267420,0.10727666,0.14849334,0.82911774,1.17547666,1.31723802,1.65024717,0.42614716,0.75757231,1.28181750,0.44291550,1.03705637,0.60382469,1.69568756,2.00479945,2.08368458,1.81612937,1.50112961
38,0.07061550,0.03234634,0.02812071,0.04292169,0.05074764,1.23298102,-1.11343983,1.07341901,-1.51516650,0.75565228,-1.74154181,0.36370538,-1.61930002,-0.13201142,-1.25258211,0.82803939,0.41209332,0.41391439,0.61677811,0.98979989,-0.01776868,0.10234551,0.11163029,0.15144611,0.82803939,1.15158515,1.27669335,1.58849255,0.41209332,0.72177424,1.23729034,0.41391439,1.01415362,0.61677811,1.66132195,1.98678845,2.07567906,1.83669679,1.49257280
39,0.05761829,0.03649792,0.02983685,0.04561856,0.05068414,1.24230552,-1.16965219,1.11148961,-1.57304510,0.76377882,-1.75313019,0.36492856,-1.61335789,-0.13830076,-1.28380072,0.80623353,0.42833673,0.42738345,0.60154415,0.98247970,-0.00252816,0.10368195,0.10864268,0.15017715,0.80623353,1.14360275,1.26486258,1.59897864,0.42833673,0.75570525,1.28777625,0.42738345,1.01868153,0.60154415,1.70641444,2.03757121,2.08795777,1.82656211,1.50725063
40,0.06897243,0.03085794,0.02945196,0.04557094,0.05129279,1.21853463,-1.14659646,1.07783991,-1.51644886,0.74107350,-1.75089150,0.34820363,-1.58409611,-0.15310476,-1.27386266,0.78893206,0.42937807,0.43080959,0.58989295,0.93926904,0.03202764,0.10317410,0.10961269,0.15053184,0.78893206,1.11694836,1.22963172,1.57855485,0.42937807,0.73590392,1.25772799,0.43080959,1.01418079,0.58989295,1.67319076,1.97911949,2.06326429,1.78393416,1.49291803
41,0.06136993,0.03321009,0.02823877,0.04624069,0.05069884,1.20901054,-1.10361608,1.09157349,-1.55856005,0.74816752,-1.75048429,0.35322137,-1.57837581,-0.13554511,-1.25069832,0.79144069,0.42222403,0.43457223,0.58922940,0.88862984,0.06093100,0.10419106,0.11053883,0.15190329,0.79144069,1.12037717,1.22285089,1.55325681,0.42222403,0.74487306,1.27148230,0.43457223,1.01559835,0.58922940,1.63732361,1.99603223,2.04837832,1.76209358,1.45431806
42,0.05079925,0.03671504,0.02978283,0.04245628,0.04977760,1.17150788,-1.14414387,1.05662733,-1.50539484,0.74728156,-1.73249266,0.36585911,-1.60133819,-0.12228715,-1.25725490,0.78719076,0.40797973,0.40934069,0.59758679,0.98162898,0.00017730,0.09937306,0.11604172,0.15277659,0.78719076,1.10107209,1.19730015,1.51460120,0.40797973,0.70077166,1.20805843,0.40934069,0.99217458,0.59758679,1.63755034,1.96131392,2.05715912,1.80568124,1.47970208
43,0.04218646,0.03904682,0.02977221,0.04241776,0.05206020,1.14777567,-1.18738821,1.04692288,-1.47726097,0.75338256,-1.71918285,0.38501753,-1.58359119,-0.10332040,-1.23303458,0.77525202,0.40865474,0.39946294,0.60120595,1.01374741,-0.02081387,0.09669570,0.11832953,0.15281340,0.77525202,1.08633777,1.16549806,1.48374851,0.40865474,0.67460061,1.17891356,0.39946294,0.98716422,0.60120595,1.65145019,1.94451923,2.06400085,1.80863847,1.46994786
44,0.03819849,0.04206022,0.02763623,0.03948118,0.05080277,1.17805138,-1.25942442,1.06392675,-1.57569291,0.76492422,-1.84110293,0.40071399,-1.69310619,-0.10038728,-1.30157056,0.77833392,0.43440180,0.39542303,0.63609947,1.05477960,0.03098564,0.09792490,0.11490821,0.15097411,0.77833392,1.12656098,1.21660549,1.53257746,0.43440180,0.68546354,1.20457084,0.39542303,1.02011053,0.63609947,1.72466354,2.01899107,2.16703473,1.91782419,1.54245902
45,0.05416047,0.03751056,0.02745755,0.04383437,0.05510055,1.12421838,-1.13881420,1.01540879,-1.60275576,0.73313378,-1.78961634,0.39651306,-1.60151111,-0.12094661,-1.23148812,0.85218601,0.38250633,0.38778639,0.63660312,1.09893388,0.21185731,0.10104710,0.12005772,0.15692155,0.85218601,1.16575376,1.20634804,1.52050681,0.38250633,0.63389723,1.20628842,0.38778639,1.02041427,0.63660312,1.60043579,2.01598235,2.11634763,1.84173156,1.49705686
46,0.05246825,0.03442309,0.02722060,0.04358604,0.05402571,1.07202205,-1.09567174,0.97067717,-1.55847724,0.70254518,-1.71915603,0.38469161,-1.54732306,-0.10387389,-1.17806470,0.85117427,0.35779330,0.36462015,0.61249589,1.10364851,0.23502305,0.10142642,0.12521373,0.16113906,0.85117427,1.14095662,1.17011570,1.44889432,0.35779330,0.59931248,1.14790797,0.36462015,0.97190106,0.61249589,1.53288383,1.96670744,2.05466730,1.79756183,1.45073398
47,0.05898648,0.03609460,0.02864715,0.04427426,0.05577763,0.94545154,-0.97700090,0.87566497,-1.38846566,0.63208852,-1.54901648,0.33146302,-1.38061850,-0.09939419,-1.04272081,0.84067777,0.36366007,0.35393991,0.54781885,1.13734033,0.25633193,0.10185176,0.13893287,0.17226759,0.84067777,1.14978575,1.13573240,1.34784285,0.36366007,0.56105476,1.04138150,0.35393991,0.89498715,0.54781885,1.35961566,1.80137016,1.92836080,1.66943179,1.35588358
48,0.06020155,0.03721745,0.02972941,0.04867400,0.05921741,0.94478868,-0.97354327,0.87285845,-1.39477357,0.63761956,-1.57034773,0.32759644,-1.39245248,-0.10308323,-1.05723438,0.82730066,0.37234798,0.36609646,0.54592328,1.10640388,0.25667181,0.10132034,0.13689800,0.17031405,0.82730066,1.15299046,1.13715576,1.34875848,0.37234798,0.56550387,1.04166725,0.36609646,0.90579701,0.54592328,1.35662436,1.79305209,1.93888337,1.67037501,1.35998775
49,0.06618510,0.04095317,0.03125413,0.04770565,0.05814196,0.86501422,-0.87758460,0.79033888,-1.24317917,0.58314503,-1.42380084,0.29112809,-1.26518081,-0.11372069,-0.93861402,0.83032036,0.36559658,0.34399572,0.52199900,1.14620775,0.20609068,0.09672744,0.15057179,0.17896385,0.83032036,1.15918573,1.13079145,1.29771257,0.36559658,0.52235430,0.96009893,0.34399572,0.85946470,0.52199900,1.23265519,1.66405379,1.84321222,1.59470667,1.29307725
50,0.05755374,0.04002237,0.03145962,0.04666064,0.05770718,0.91101029,-1.00105870,0.83066883,-1.37591638,0.59218796,-1.57227132,0.28356006,-1.41862699,-0.12175916,-1.04970116,0.80818470,0.37390323,0.35582670,0.54919256,1.10337317,0.13188642,0.09258698,0.13997192,0.16782279,0.80818470,1.13059482,1.12415177,1.30672720,0.37390323,0.56229986,1.01055137,0.35582670,0.89327240,0.54919256,1.35404074,1.77294807,1.93458487,1.68867891,1.34749248
51,0.05505852,0.03600555,0.03152730,0.04995691,0.06024041,0.92943776,-1.06548402,0.86136916,-1.49913654,0.61032369,-1.67205452,0.29324913,-1.51954407,-0.13009276,-1.13383747,0.82203499,0.36935971,0.36237141,0.57271266,1.03212236,0.22837088,0.10114289,0.13329577,0.16732498,0.82203499,1.13412548,1.13058194,1.33752482,0.36935971,0.58140256,1.06323322,0.36237141,0.91979364,0.57271266,1.41394403,1.85927000,1.99110625,1.74471656,1.39499186
52,0.05848997,0.03531766,0.03314143,0.05089841,0.06080213,0.89708616,-1.04872467,0.83789195,-1.48340695,0.58618889,-1.62437065,0.27886968,-1.47289494,-0.11333452,-1.11509019,0.81675331,0.35459835,0.35700332,0.53104580,1.05365701,0.31573865,0.10529230,0.13736489,0.17307681,0.81675331,1.10872842,1.09263563,1.27947993,0.35459835,0.56905885,1.02429125,0.35700332,0.87262241,0.53104580,1.38012205,1.84233807,1.95077319,1.70250929,1.37378455
53,0.06519578,0.03973706,0.03626181,0.05212943,0.05995274,0.76205150,-0.89246944,0.73562268,-1.27147617,0.52455847,-1.39639178,0.24485621,-1.23351174,-0.10066618,-0.93460916,0.82747065,0.35833839,0.33705007,0.45907174,1.15107911,0.42058904,0.10687788,0.15781614,0.19060120,0.82747065,1.14151332,1.09453259,1.21704546,0.35833839,0.51986650,0.90984518,0.33705007,0.78959152,0.45907174,1.17360767,1.63752058,1.78749168,1.54116832,1.26463071
54,0.06663334,0.04241392,0.03829141,0.05541622,0.06390277,0.79096798,-0.93498405,0.74842450,-1.35578997,0.55032805,-1.47507082,0.26339273,-1.31664687,-0.10164502,-0.99811986,0.84303696,0.31652534,0.34008463,0.48502947,1.12626003,0.33933291,0.10359534,0.15278079,0.18459134,0.84303696,1.11507597,1.07448370,1.22148201,0.31652534,0.50251638,0.92789229,0.34008463,0.81580753,0.48502947,1.22469295,1.70884290,1.83290182,1.58799772,1.29863709
55,0.06968187,0.04332042,0.03900870,0.05519562,0.06215247,0.72789007,-0.84268542,0.69762285,-1.22681803,0.51074949,-1.34964874,0.24013117,-1.20036746,-0.09424114,-0.89953441,0.84494313,0.31717680,0.32395227,0.45137625,1.14718253,0.38492663,0.10342548,0.16580555,0.19541830,0.84494313,1.12182180,1.06766371,1.17812013,0.31717680,0.47575338,0.86154238,0.32395227,0.76605065,0.45137625,1.11353730,1.59689654,1.73996011,1.50474319,1.23243099
56,0.06503105,0.04282229,0.03827934,0.05417908,0.06073997,0.76008032,-0.93030284,0.71552692,-1.34118233,0.52753247,-1.47824158,0.24628972,-1.30944955,-0.09703134,-0.97982429,0.85209821,0.32842694,0.33986077,0.47671963,1.11461531,0.36313924,0.10536495,0.15626865,0.18847192,0.85209821,1.14402457,1.09374055,1.21576052,0.32842694,0.49152031,0.89677399,0.33986077,0.80746233,0.47671963,1.20177544,1.67873272,1.83163000,1.58322453,1.28646244
57,0.07356815,0.04591407,0.04412132,0.05865241,0.06562130,0.67671498,-0.81242057,0.65358003,-1.18976340,0.47508265,-1.31051799,0.21007696,-1.14202065,-0.09827414,-0.84285104,0.84665037,0.33774369,0.32095864,0.43206562,1.12658336,0.43177812,0.10677536,0.17112126,0.20170142,0.84665037,1.15077782,1.10967986,1.19226225,0.33774369,0.48632966,0.84114434,0.32095864,0.74834235,0.43206562,1.05881176,1.52813246,1.69359695,1.46639659,1.20087231
58,0.07872974,0.05347317,0.04751333,0.06254319,0.07052487,0.65354009,-0.74500021,0.62149875,-1.12655185,0.44894433,-1.25095613,0.19509287,-1.08489730,-0.09030180,-0.79243626,0.86538645,0.35150722,0.30647644,0.41054858,1.13325458,0.49468646,0.10978038,0.17721038,0.20845924,0.86538645,1.18860447,1.16198568,1.22535737,0.35150722,0.48918752,0.81050410,0.30647644,0.71271750,0.41054858,0.99657775,1.45110332,1.63420837,1.42759167,1.17848197
59,0.07119333,0.04803999,0.03840669,0.05390110,0.06082782,0.71520085,-0.85573145,0.64980548,-1.26732399,0.46693437,-1.41293506,0.20232628,-1.23425783,-0.11182120,-0.89802972,0.86124634,0.34953743,0.32413824,0.46146733,1.12597882,0.46054951,0.10803768,0.16483402,0.19708474,0.86124634,1.18297507,1.15042871,1.23991645,0.34953743,0.49289195,0.86317054,0.32413824,0.77994643,0.46146733,1.11714784,1.58196121,1.76468382,1.53659989,1.24690802
60,0.05870410,0.04075099,0.03741554,0.05182526,0.05719748,0.78106206,-0.99245749,0.69966859,-1.44136366,0.49941667,-1.56348799,0.22546208,-1.39252532,-0.12010217,-1.03317099,0.84711903,0.33874749,0.33422680,0.49954580,1.10322695,0.40009326,0.10580373,0.15284033,0.18588866,0.84711903,1.15043669,1.10865391,1.23291686,0.33874749,0.50228527,0.92449386,0.33422680,0.82395588,0.49954580,1.26337736,1.74081631,1.88408237,1.64127250,1.31671182
61,0.06432890,0.04021161,0.03787875,0.05224926,0.05592681,0.75348921,-0.94873967,0.68466144,-1.38639747,0.48867344,-1.51647642,0.22012200,-1.33848786,-0.11412302,-0.98713655,0.83752987,0.35259497,0.33235573,0.48725743,1.08765825,0.37880694,0.10638035,0.15796046,0.19044234,0.83752987,1.15758197,1.10982111,1.21125900,0.35259497,0.50087056,0.90294658,0.33235573,0.81254140,0.48725743,1.21198872,1.68841205,1.85030108,1.60568168,1.28311066
62,0.05582626,0.03873468,0.03523266,0.05170860,0.05694739,0.76738108,-1.02396187,0.69831091,-1.48666851,0.49072295,-1.62066563,0.21104463,-1.42769940,-0.12936197,-1.04213730,0.83724759,0.34491755,0.35245496,0.51485136,1.03820582,0.42675519,0.10729389,0.15160701,0.18573278,0.83724759,1.14317158,1.08647084,1.21405139,0.34491755,0.51236925,0.94762283,0.35245496,0.85606454,0.51485136,1.28004373,1.77036242,1.91822958,1.65380976,1.31076654
63,0.05492673,0.03470685,0.03184879,0.04730746,0.05101635,0.84178815,-1.15972183,0.75221209,-1.68811135,0.52666306,-1.83341986,0.23348239,-1.61187454,-0.13886649,-1.18267826,0.84932594,0.33831605,0.37372173,0.56820266,0.94647291,0.39745475,0.10897434,0.13840757,0.17615920,0.84932594,1.14076844,1.09980307,1.26451298,0.33831605,0.54216813,1.03384316,0.37372173,0.93321032,0.56820266,1.43436033,1.94215816,2.06973007,1.78688635,1.39995835
64,0.06204878,0.03785181,0.03385503,0.04673459,0.05277893,0.76479735,-1.04690441,0.68022517,-1.53733881,0.46810784,-1.67700032,0.20801736,-1.45465712,-0.13397512,-1.06658159,0.84425462,0.36189341,0.35111824,0.51778132,1.01170537,0.47214443,0.11049474,0.15121090,0.18728007,0.84425462,1.16971982,1.10347739,1.22891871,0.36189341,0.51174474,0.95333360,0.35111824,0.86342200,0.51778132,1.29732928,1.79729134,1.95700179,1.68023244,1.33500404
65,0.06649858,0.03891830,0.03770517,0.05030388,0.05396587,0.70359798,-0.94869129,0.62993586,-1.42531755,0.43485376,-1.53927486,0.18521910,-1.34008658,-0.12474851,-0.97307720,0.86949782,0.35718927,0.32589033,0.48088687,1.04832184,0.52322608,0.11242968,0.16195313,0.19715286,0.86949782,1.19218246,1.13868370,1.23332746,0.35718927,0.49988278,0.90008195,0.32589033,0.80078378,0.48088687,1.18387677,1.68571276,1.84499201,1.60016829,1.28686104
66,0.06831789,0.04005551,0.03736924,0.04859427,0.05390389,0.69016507,-0.92329958,0.61263949,-1.39967678,0.42388512,-1.51681087,0.18195912,-1.32798264,-0.13102713,-0.94917008,0.87460691,0.35307605,0.31032204,0.49191128,1.03694522,0.52842624,0.11294594,0.16544634,0.20032293,0.87460691,1.19616002,1.15734870,1.24474312,0.35307605,0.49275793,0.89347997,0.31032204,0.79678657,0.49191128,1.15735604,1.65119441,1.81421709,1.58962637,1.26885760
67,0.06603121,0.03707901,0.03640994,0.04760983,0.05393760,0.71861116,-0.96079337,0.63149931,-1.46717608,0.43539582,-1.59253867,0.18725331,-1.40325359,-0.12741279,-1.00412501,0.88546373,0.35539563,0.31855131,0.50848445,1.02786718,0.48358771,0.11373323,0.16171325,0.19770286,0.88546373,1.20782492,1.15559933,1.24362281,0.35539563,0.49332672,0.90896297,0.31855131,0.81808473,0.50848445,1.20327154,1.71699803,1.87959663,1.64339295,1.30212921
68,0.07333412,0.03981137,0.03914978,0.04955584,0.05551242,0.67489848,-0.89412686,0.59931757,-1.37773576,0.41956633,-1.49245452,0.18090827,-1.30883170,-0.11570794,-0.92977650,0.89157729,0.35765386,0.30480537,0.48173982,1.05067477,0.57791478,0.11438391,0.17102021,0.20574643,0.89157729,1.22020401,1.17746223,1.24791565,0.35765386,0.48720056,0.87188445,0.30480537,0.77953626,0.48173982,1.12770034,1.62372507,1.79405985,1.57413331,1.25530505
69,0.07116812,0.04161674,0.04030481,0.04967802,0.05599664,0.67496117,-0.89580180,0.60282787,-1.39975370,0.42086474,-1.52305505,0.17533111,-1.32846579,-0.11901134,-0.95429572,0.90339463,0.34860191,0.31767455,0.47621143,1.04149294,0.54359211,0.11524172,0.17026994,0.20560279,0.90339463,1.22148444,1.16904190,1.24146684,0.34860191,0.48513215,0.87295093,0.31767455,0.78681931,0.47621143,1.13014129,1.64076399,1.80785071,1.57399133,1.25998559
70,0.06543186,0.03679697,0.03587897,0.04489276,0.05135742,0.71920154,-0.98164069,0.62987572,-1.51904806,0.43963279,-1.63725182,0.18458405,-1.44144168,-0.11953384,-1.03238705,0.89274556,0.35481134,0.32888040,0.50972144,0.99378872,0.52423402,0.11520640,0.16164471,0.19849818,0.89274556,1.21374264,1.15389495,1.24226389,0.35481134,0.49677977,0.91738692,0.32888040,0.82648715,0.50972144,1.22325681,1.74468074,1.90000394,1.65354646,1.30576801
71,0.06462843,0.03517968,0.03354073,0.04347747,0.04932071,0.73515040,-1.00439006,0.64034792,-1.57868196,0.44898022,-1.70689435,0.19012195,-1.50629883,-0.12490773,-1.07751495,0.90638746,0.35258478,0.33446117,0.53207079,0.97610572,0.51094608,0.11428002,0.15818017,0.19514326,0.90638746,1.22488190,1.16094970,1.24244613,0.35258478,0.49753029,0.93612571,0.33446117,0.85445886,0.53207079,1.25039262,1.79818197,1.95569387,1.70436845,1.33275923
72,0.06813376,0.03643702,0.03598025,0.04405451,0.05030074,0.68420064,-0.93681212,0.60668455,-1.48346582,0.42789147,-1.60935937,0.18079481,-1.41515622,-0.11667629,-1.00145015,0.90925390,0.34873508,0.31908832,0.50961409,1.00105332,0.56665431,0.11614974,0.16816094,0.20437432,0.90925390,1.22728571,1.16780489,1.22966348,0.34873508,0.48260649,0.89388548,0.31908832,0.81860029,0.50961409,1.16762597,1.70778967,1.87487697,1.63870524,1.28592568
73,0.07507796,0.04147562,0.04038443,0.04631634,0.05136843,0.64766389,-0.86401779,0.59079783,-1.40039174,0.41537927,-1.54715533,0.17761909,-1.34497637,-0.10423470,-0.94247049,0.93053565,0.35603283,0.31274718,0.49138014,1.02424333,0.59022698,0.11565657,0.17576990,0.21040793,0.93053565,1.25850511,1.21424476,1.26128932,0.35603283,0.48750797,0.86945062,0.31274718,0.79756147,0.49138014,1.09333491,1.62927045,1.81804909,1.59543220,1.26558245
74,0.06746219,0.03355172,0.03177281,0.03960907,0.04469682,0.70965967,-1.01447098,0.62854969,-1.61593540,0.44667124,-1.75058462,0.19068119,-1.56452030,-0.11911744,-1.09594946,0.92239569,0.35656229,0.31974066,0.56179837,0.94964570,0.54546782,0.11493579,0.16045053,0.19736922,0.92239569,1.24588182,1.19440816,1.25108656,0.35656229,0.49722092,0.94156015,0.31974066,0.86602323,0.56179837,1.24795353,1.81533487,1.98126968,1.75308210,1.34856521
75,0.07044052,0.03389748,0.03236852,0.03827393,0.04298602,0.70691804,-0.99570757,0.62509006,-1.59354302,0.44241400,-1.74669116,0.19171529,-1.53855327,-0.11599189,-1.06778226,0.92478606,0.37270693,0.32846569,0.56250269,0.97292924,0.59903726,0.11626133,0.16332279,0.20047701,0.92478606,1.26835299,1.20613323,1.26335100,0.37270693,0.50088687,0.94376034,0.32846569,0.87961533,0.56250269,1.23124375,1.79592223,1.98376063,1.73938598,1.33830535
76,0.07047206,0.03353817,0.03277413,0.03940324,0.04467880,0.69709991,-0.98781022,0.61636848,-1.59477913,0.43575981,-1.72162540,0.18441075,-1.52527437,-0.11472294,-1.06437565,0.93321526,0.35668728,0.32161850,0.54946734,0.97634595,0.62624000,0.11619592,0.16371976,0.20076268,0.93321526,1.25536117,1.20049764,1.24857034,0.35668728,0.49847739,0.93489900,0.32161850,0.85820990,0.54946734,1.21949118,1.79442870,1.95816816,1.72468111,1.32811128
77,0.07147381,0.03272093,0.03087853,0.03836050,0.04308680,0.70856529,-1.01578155,0.62055606,-1.64747838,0.43385730,-1.76769629,0.18224522,-1.58180604,-0.12333385,-1.10035118,0.93893436,0.35511151,0.31560649,0.57041386,0.95418116,0.61654081,0.11633804,0.16019709,0.19798396,0.93893436,1.25473277,1.20497492,1.25688665,0.35511151,0.50182167,0.95649244,0.31560649,0.86981874,0.57041386,1.24977759,1.83610230,1.98766922,1.76301317,1.34914385
78,0.07324661,0.03299058,0.03208371,0.03785544,0.04376870,0.68731060,-0.97045546,0.60125143,-1.59185267,0.41805251,-1.70238227,0.17123530,-1.51000958,-0.12003681,-1.04295119,0.94691538,0.35266677,0.31437963,0.55060504,0.96849741,0.67456959,0.11797573,0.16533001,0.20310659,0.94691538,1.26000908,1.21577394,1.26643473,0.35266677,0.50419758,0.94398283,0.31437963,0.85127294,0.55060504,1.20205118,1.78342446,1.93286269,1.71007428,1.31850443
79,0.07551078,0.03338484,0.03242962,0.03868706,0.04325588,0.68889171,-0.96387477,0.60004782,-1.59497164,0.41909071,-1.71576729,0.17521663,-1.51264967,-0.12026834,-1.05387194,0.94901107,0.35679346,0.31884091,0.54597284,0.96518709,0.65443126,0.11787534,0.16535876,0.20307170,0.94901107,1.26894788,1.21571448,1.26849111,0.35679346,0.50091982,0.94038034,0.31884091,0.85392506,0.54597284,1.19717188,1.78496506,1.94472570,1.71248581,1.32900479
80,0.07810230,0.03669821,0.03594547,0.04064207,0.04422752,0.64473380,-0.90141865,0.57013809,-1.49401368,0.40205693,-1.61453173,0.16722899,-1.40959071,-0.11180525,-0.97271420,0.95494496,0.34841852,0.31173843,0.51856258,0.98897241,0.69707265,0.11959864,0.17419061,0.21129648,0.95494496,1.27242801,1.23517332,1.28250890,0.34841852,0.49473223,0.90540966,0.31173843,0.82221808,0.51856258,1.12613919,1.68949925,1.85742036,1.63911752,1.28569358
81,0.08663336,0.03823414,0.03907723,0.04311527,0.04675592,0.62558256,-0.85188110,0.56248478,-1.44286296,0.39019942,-1.56774547,0.16186804,-1.35392419,-0.10984946,-0.93666444,0.96971821,0.34809408,0.31301196,0.49836613,1.01616018,0.72281463,0.12079851,0.17898932,0.21593855,0.96971821,1.28570653,1.25513370,1.30405564,0.34809408,0.50049570,0.89594368,0.31301196,0.80580741,0.49836613,1.07846416,1.64395887,1.81501879,1.60059287,1.27565568
82,0.08827337,0.04609796,0.04803341,0.05391515,0.05579409,0.58614346,-0.77913963,0.53415329,-1.34837677,0.37170631,-1.45689119,0.15223879,-1.24925024,-0.10186439,-0.87987262,0.96654107,0.34684969,0.30322990,0.44848662,1.04014767,0.75491465,0.12283568,0.18700025,0.22373578,0.96654107,1.28128602,1.26546260,1.30416269,0.34684969,0.50329240,0.85378233,0.30322990,0.74740414,0.44848662,1.00542823,1.54547937,1.71287681,1.51661510,1.23306531
83,0.08959589,0.04578848,0.04727697,0.05374482,0.05588322,0.58965465,-0.78195493,0.53162413,-1.37417808,0.37036233,-1.48527987,0.15064374,-1.27235090,-0.10843615,-0.89841839,0.98736304,0.33670973,0.30661969,0.45491927,1.02828069,0.71645792,0.12166966,0.18625079,0.22246991,0.98736304,1.29235898,1.26631819,1.29435830,0.33670973,0.49183816,0.85061038,0.30661969,0.75771691,0.45491927,1.01126562,1.56785322,1.73175864,1.52648340,1.22908944
84,0.08090233,0.03764476,0.03870426,0.04479477,0.04938081,0.61532483,-0.86490172,0.54848164,-1.47561270,0.38691848,-1.58835942,0.16012583,-1.38011220,-0.10910646,-0.96926068,0.98335520,0.33296228,0.30794681,0.49138115,0.99336074,0.68226746,0.12059582,0.17892222,0.21576958,0.98335520,1.28427397,1.24808592,1.28379550,0.33296228,0.48469726,0.87813780,0.30794681,0.79351464,0.49138115,1.08315836,1.66824399,1.82914829,1.61631449,1.28655678
85,0.08352295,0.04023282,0.04111672,0.04587176,0.04900912,0.59728580,-0.83631980,0.54128171,-1.42751204,0.37790014,-1.53049214,0.15658287,-1.32189157,-0.10011755,-0.92482425,0.97456750,0.33521604,0.30451971,0.47309116,1.01257060,0.72224698,0.12191318,0.18366467,0.22044395,0.97456750,1.27501597,1.24824114,1.28711641,0.33521604,0.49283680,0.87027319,0.30451971,0.77221944,0.47309116,1.05154141,1.62278133,1.77887340,1.57374954,1.26384558
86,0.08655076,0.04452049,0.04596485,0.05110358,0.05316039,0.57294707,-0.77434543,0.51628269,-1.35729618,0.36082388,-1.45447311,0.14745863,-1.24612642,-0.10125347,-0.87040954,0.97989577,0.33599206,0.30068266,0.45073684,1.02686617,0.75392010,0.12314491,0.18955464,0.22604343,0.97989577,1.28311955,1.27512573,1.30869037,0.33599206,0.50078824,0.85358050,0.30068266,0.74644766,0.45073684,0.99579035,1.54695346,1.70571768,1.51738648,1.23137574
87,0.08863108,0.04917268,0.05164740,0.05824841,0.06071711,0.55242641,-0.73700659,0.50887539,-1.31803123,0.35585671,-1.43083428,0.14859170,-1.21571361,-0.10035375,-0.85564557,0.99849342,0.34375655,0.30096684,0.43784084,1.03413812,0.76451621,0.12276321,0.19140922,0.22739458,0.99849342,1.31302883,1.29541126,1.32160269,0.34375655,0.49462939,0.83382874,0.30096684,0.73556814,0.43784084,0.96326201,1.50859755,1.68481522,1.49193614,1.21799995
88,0.08740092,0.04898511,0.05200596,0.05994197,0.06164767,0.54836384,-0.73682727,0.50319984,-1.31818263,0.35237111,-1.42204379,0.13802750,-1.21775112,-0.10209236,-0.85742155,0.99044361,0.33859736,0.29711817,0.43300815,1.02990189,0.76049417,0.12260185,0.19280446,0.22848364,0.99044361,1.29847469,1.27732649,1.29301233,0.33859736,0.48898677,0.82158660,0.29711817,0.72525080,0.43300815,0.95937622,1.50494808,1.67323826,1.48173486,1.20038470
89,0.08892810,0.04528666,0.04666362,0.05356670,0.05413107,0.57286439,-0.77294793,0.51341116,-1.37407439,0.35770811,-1.48857217,0.14334605,-1.28266397,-0.09657240,-0.90432470,1.01258258,0.32399419,0.29767306,0.44803924,1.01036440,0.71530355,0.12138568,0.18972396,0.22523247,1.01258258,1.30733090,1.27665658,1.29010387,0.32399419,0.47071065,0.82002299,0.29767306,0.74041308,0.44803924,1.00028808,1.56271517,1.72687380,1.52646294,1.22535256
90,0.08436509,0.04160310,0.04224236,0.04810985,0.04954283,0.57087114,-0.81224061,0.51115285,-1.40604749,0.35421096,-1.51428070,0.14065290,-1.30389551,-0.10820577,-0.90808539,0.99895046,0.32391187,0.30064420,0.46775029,1.01215381,0.74222398,0.12220859,0.18703039,0.22341734,0.99895046,1.29215159,1.26710971,1.29596605,0.32391187,0.47824311,0.84894418,0.30064420,0.76331386,0.46775029,1.02424041,1.59369873,1.75395307,1.55409232,1.24700771
91,0.08822553,0.04562864,0.05019970,0.05809098,0.05862052,0.55354566,-0.75498222,0.50585437,-1.32045926,0.35435326,-1.43766565,0.14397039,-1.23734177,-0.09544487,-0.86855792,0.99320336,0.33623792,0.29158137,0.43968328,1.01673181,0.76609658,0.12335089,0.19085465,0.22724643,0.99320336,1.30269696,1.28338923,1.29681034,0.33623792,0.47825299,0.81048953,0.29158137,0.72584633,0.43968328,0.97588245,1.51347862,1.69060193,1.50299211,1.21304229
92,0.08847766,0.04446878,0.04807020,0.05663759,0.05632315,0.55574862,-0.76574953,0.50806922,-1.32961479,0.34698113,-1.44986328,0.13253660,-1.24067982,-0.11120114,-0.88519181,0.98854533,0.32774041,0.29963857,0.43111336,1.02212373,0.74043786,0.12144101,0.19107605,0.22640224,0.98854533,1.28655936,1.24968752,1.26376717,0.32774041,0.46820397,0.80414991,0.29963857,0.72718071,0.43111336,0.97810268,1.53055235,1.70216753,1.49734411,1.21098684
93,0.08980132,0.04643407,0.04777138,0.05437771,0.05618153,0.56653266,-0.76605124,0.51629649,-1.31618055,0.35482758,-1.45286916,0.13994039,-1.25673741,-0.10366500,-0.89161794,0.98866389,0.33176654,0.29134560,0.43894007,1.01053231,0.73574837,0.12200678,0.19092736,0.22658092,0.98866389,1.29353484,1.26999099,1.28348391,0.33176654,0.46756330,0.79758034,0.29134560,0.72481695,0.43894007,0.98691220,1.52166104,1.70475293,1.51456652,1.22260748
94,0.08548892,0.04430250,0.04531597,0.05192597,0.05228815,0.57548965,-0.80076333,0.52589608,-1.35436511,0.35885291,-1.50957706,0.14057778,-1.29744867,-0.10785297,-0.90960099,0.98332741,0.33233949,0.30476092,0.46059075,1.01905744,0.71865736,0.12105230,0.18761191,0.22327536,0.98332741,1.28765079,1.25585792,1.27319866,0.33233949,0.46673521,0.81596645,0.30476092,0.76028646,0.46059075,1.01482321,1.56123383,1.75184723,1.54588737,1.23544933
95,0.08561971,0.04439497,0.04492186,0.04992170,0.05341646,0.56711264,-0.78964296,0.51821974,-1.32907810,0.35868470,-1.47917036,0.13859855,-1.28095708,-0.10364352,-0.89351259,0.96875582,0.33985525,0.29688921,0.45696858,1.01926743,0.75662296,0.12340197,0.18988484,0.22646036,0.96875582,1.28410930,1.26446892,1.28281223,0.33985525,0.47431744,0.81108230,0.29688921,0.74658723,0.45696858,1.00319385,1.53095124,1.72677038,1.53587549,1.23145495
96,0.08825779,0.04483296,0.04515834,0.04970682,0.05292605,0.57323298,-0.76832978,0.53592196,-1.32834289,0.37059799,-1.50058231,0.14810727,-1.28095867,-0.09847213,-0.89042662,0.99545385,0.34848713,0.31411091,0.46192380,1.02670096,0.75602812,0.12249378,0.19050279,0.22648628,0.99545385,1.31720923,1.29144378,1.30658055,0.34848713,0.48321262,0.82427073,0.31411091,0.77055986,0.46192380,0.99373086,1.53805658,1.74697161,1.54148263,1.23641978
97,0.08730493,0.04284277,0.04419673,0.04961220,0.05215615,0.57051871,-0.78187346,0.53565162,-1.34334808,0.37175831,-1.49211230,0.15311853,-1.28858213,-0.09709663,-0.90422041,0.98336779,0.33973145,0.29991157,0.45871669,1.01770342,0.75228263,0.12275735,0.18962252,0.22588950,0.98336779,1.29486166,1.27337995,1.29256669,0.33973145,0.47989370,0.82421015,0.29991157,0.75280698,0.45871669,1.00166385,1.54678256,1.73633913,1.54211740,1.23944002
98,0.08861882,0.04679155,0.05051336,0.05691619,0.05809444,0.55403933,-0.73829245,0.51972882,-1.29508640,0.35870278,-1.43756723,0.14656326,-1.22978810,-0.09480074,-0.86870689,0.98736056,0.34480866,0.29852460,0.43432669,1.01438269,0.77292484,0.12409393,0.19321626,0.22963411,0.98736056,1.30487287,1.28477161,1.29814491,0.34480866,0.48338807,0.80666758,0.29852460,0.72823524,0.43432669,0.96355754,1.49568656,1.68754926,1.49563781,1.21236558
99,0.08898764,0.04256076,0.04597045,0.05120192,0.05301944,0.56506931,-0.74887787,0.52594371,-1.32366173,0.35705467,-1.47506859,0.14094646,-1.26668937,-0.10334269,-0.89678014,0.99428884,0.36398400,0.30192032,0.44329650,0.99741314,0.72469277,0.12158388,0.19009822,0.22565454,0.99428884,1.33031558,1.31091039,1.31989067,0.36398400,0.50181646,0.82426959,0.30192032,0.73993325,0.44329650,0.97847210,1.52056335,1.72362001,1.53147777,1.24024171
100,0.08971897,0.04366434,0.04661235,0.05177506,0.05279399,0.56731741,-0.74736586,0.52995942,-1.31786868,0.36383191,-1.47346902,0.14746456,-1.26339865,-0.09853514,-0.88938615,0.99291288,0.36242856,0.30423511,0.44766193,0.99794499,0.73229023,0.12133898,0.18975429,0.22523285,0.99291288,1.32856842,1.31474244,1.32270380,0.36242856,0.50308474,0.82609773,0.30423511,0.74602408,0.44766193,0.98134974,1.51411439,1.71863014,1.52792132,1.23181342
101,0.09143395,0.04643307,0.05000768,0.05575739,0.05602122,0.56363789,-0.73253347,0.53136796,-1.28786406,0.36450467,-1.45153707,0.15023347,-1.23720155,-0.09326475,-0.87467532,0.98596828,0.36392642,0.30476846,0.43674527,1.01066568,0.72470911,0.12163545,0.19205956,0.22733688,0.98596828,1.32336251,1.30058318,1.30590877,0.36392642,0.49456442,0.80888143,0.30476846,0.73690802,0.43674527,0.96517127,1.49276638,1.70414949,1.50696273,1.21747154
102,0.09067978,0.04693785,0.05029975,0.05639664,0.05683238,0.55911778,-0.73251912,0.52815640,-1.27022892,0.36408594,-1.42924896,0.15058978,-1.22237798,-0.09213162,-0.87055922,0.98106207,0.35362868,0.29847823,0.42745176,1.00269847,0.70972442,0.12121044,0.19243015,0.22742325,0.98106207,1.30818376,1.28594376,1.29570750,0.35362868,0.48251458,0.79343071,0.29847823,0.72162328,0.42745176,0.96193950,1.47934142,1.68459870,1.49118440,1.21026576
103,0.09125946,0.04859786,0.05341152,0.06137817,0.06076086,0.55364481,-0.71661978,0.53406013,-1.25038310,0.37178497,-1.41781990,0.15577359,-1.20866548,-0.08877227,-0.86613339,0.99504468,0.35144237,0.30182099,0.42096674,1.00171409,0.71934871,0.12215033,0.19157801,0.22720659,0.99504468,1.31918209,1.29401804,1.29952126,0.35144237,0.47799842,0.78361414,0.30182099,0.71886487,0.42096674,0.95251466,1.46452939,1.67330579,1.47639064,1.19901618
104,0.09050895,0.04843881,0.05401303,0.06311280,0.06168717,0.54486175,-0.70750434,0.53208920,-1.23554378,0.37345545,-1.39851362,0.15750386,-1.18514241,-0.08725259,-0.85761496,0.98956409,0.35402945,0.30469124,0.40906755,0.99673320,0.70722753,0.12126407,0.19257748,0.22757649,0.98956409,1.31712424,1.29009873,1.29617546,0.35402945,0.48086749,0.77943330,0.30469124,0.71063676,0.40906755,0.94106751,1.44953403,1.65931820,1.45952165,1.19296828
105,0.09224243,0.04792264,0.05134763,0.05784601,0.05879125,0.55466868,-0.70230729,0.54042644,-1.23999223,0.37773619,-1.41445292,0.15418986,-1.20609743,-0.09238227,-0.86303600,0.99737071,0.35891013,0.30702473,0.42254698,1.00535743,0.71441982,0.12179792,0.19221141,0.22755210,0.99737071,1.32901204,1.30713252,1.31217232,0.35891013,0.48889829,0.79170542,0.30702473,0.72495552,0.42254698,0.94009960,1.46093658,1.67809888,1.48344756,1.20944761
106,0.08799895,0.04801796,0.05314247,0.06154036,0.06109372,0.54526591,-0.69584103,0.53880914,-1.21969921,0.37399000,-1.39248991,0.15147576,-1.18361237,-0.09312466,-0.85453499,0.98255702,0.36615798,0.30627923,0.41018781,0.98736477,0.68892180,0.12155941,0.19323982,0.22829437,0.98255702,1.32065087,1.29625912,1.30154131,0.36615798,0.49331024,0.78603629,0.30627923,0.71259727,0.41018781,0.92885112,1.44093564,1.66056513,1.46478629,1.20048909
107,0.09161671,0.04507384,0.04923198,0.05352752,0.05822182,0.56864790,-0.72154962,0.54339088,-1.26483265,0.37950579,-1.44133038,0.15412833,-1.23958643,-0.09388969,-0.88831681,1.00164528,0.35439261,0.30334201,0.43002306,0.99863558,0.66145774,0.12031673,0.19060637,0.22540387,1.00164528,1.32901432,1.30513741,1.31875877,0.35439261,0.48180169,0.79383788,0.30334201,0.72845747,0.43002306,0.95961550,1.48762741,1.70299315,1.50903252,1.23356286
108,0.09058649,0.04703543,0.05068509,0.05549237,0.05880419,0.55907516,-0.70950459,0.55070096,-1.24331915,0.39012108,-1.42679145,0.16383815,-1.22574560,-0.08616135,-0.86893946,0.99097924,0.35766537,0.30447925,0.43568217,0.99325398,0.69223548,0.12150471,0.19250407,0.22764273,0.99097924,1.32116363,1.30324284,1.31305032,0.35766537,0.48658535,0.79641836,0.30447925,0.73439058,0.43568217,0.94771505,1.46615044,1.68634957,1.49651531,1.21560238
109,0.09242992,0.04458407,0.04684542,0.04935501,0.05430044,0.57855939,-0.73600269,0.54998052,-1.28158240,0.39038130,-1.46463945,0.16149713,-1.26776788,-0.08716547,-0.90178209,1.00963024,0.35225974,0.30326793,0.44254825,0.99560591,0.66311660,0.12132752,0.19045458,0.22581699,1.00963024,1.33625863,1.31918115,1.33163791,0.35225974,0.48135081,0.79725850,0.30326793,0.73907793,0.44254825,0.97878707,1.50411187,1.72267331,1.53336337,1.24618213
110,0.09171309,0.04786782,0.05286562,0.05970196,0.06113469,0.55405933,-0.69532836,0.54876284,-1.23967644,0.38336142,-1.40777900,0.16196756,-1.20443197,-0.08581155,-0.85574190,0.99011141,0.36119978,0.30238642,0.42783591,0.99328767,0.69270047,0.12289844,0.19439488,0.22998564,0.99011141,1.32214885,1.30285448,1.30443875,0.36119978,0.49466335,0.79942504,0.30238642,0.72489973,0.42783591,0.93519980,1.45817469,1.66907334,1.47920413,1.19889578
111,0.09306260,0.04561493,0.04925832,0.05598010,0.05763080,0.57347454,-0.72123252,0.54070277,-1.27614445,0.37396593,-1.44933507,0.15869214,-1.24391370,-0.09543587,-0.89675133,1.00576119,0.35117305,0.29813777,0.43041318,0.99970138,0.62339387,0.12036694,0.19153029,0.22621241,1.00576119,1.32933700,1.29748003,1.29965763,0.35117305,0.47154772,0.78572502,0.29813777,0.72506938,0.43041318,0.96042485,1.49758443,1.70828914,1.51039082,1.22531209
112,0.08353583,0.03875267,0.03949332,0.04533674,0.04779213,0.60479915,-0.83007308,0.56630039,-1.38885718,0.39551069,-1.57889537,0.16549789,-1.36289979,-0.09900456,-0.97190488,0.97743602,0.35549943,0.31557659,0.47205844,0.97927147,0.61271380,0.11963926,0.18378951,0.21929919,0.97743602,1.30510028,1.25971485,1.27557823,0.35549943,0.47443155,0.82501228,0.31557659,0.78295619,0.47205844,1.05263696,1.60463630,1.82142805,1.60059968,1.27778148
113,0.08496660,0.04344151,0.04614424,0.04976046,0.05158878,0.55846712,-0.75474146,0.55095683,-1.30887600,0.38666577,-1.46503318,0.16132804,-1.25022049,-0.08721868,-0.88925214,0.98517812,0.35471082,0.31271035,0.43830091,0.99752351,0.72715651,0.12399819,0.19178320,0.22837764,0.98517812,1.31011573,1.28470353,1.30204392,0.35471082,0.49660899,0.82358011,0.31271035,0.74654811,0.43830091,0.97691741,1.52096207,1.72165189,1.51865554,1.23512481
114,0.09052127,0.04515382,0.04859226,0.05430392,0.05729841,0.56549277,-0.72972592,0.53710403,-1.28719912,0.37123469,-1.46581876,0.15295073,-1.25814912,-0.09101582,-0.89656217,1.01469717,0.35400829,0.30250229,0.43623643,1.00035782,0.69599759,0.12175172,0.19208496,0.22742057,1.01469717,1.34110755,1.31489250,1.31322294,0.35400829,0.47849388,0.79008567,0.30250229,0.73359920,0.43623643,0.96716185,1.50263445,1.71811926,1.52208243,1.22972904
115,0.08577238,0.04470348,0.04912238,0.05535288,0.05655871,0.54270792,-0.73937722,0.52410863,-1.30104601,0.36471359,-1.44357150,0.15171146,-1.24018894,-0.09452125,-0.88013301,0.99055662,0.34974630,0.29623635,0.43620291,1.00379834,0.71226682,0.12234416,0.19240858,0.22801131,0.99055662,1.31190273,1.29153642,1.29882677,0.34974630,0.48754446,0.80887769,0.29623635,0.72752287,0.43620291,0.96086858,1.49917312,1.69310084,1.50442929,1.21792186
116,0.08959421,0.04666934,0.05180562,0.06019748,0.06057603,0.54403764,-0.71793142,0.52377436,-1.27830970,0.36257919,-1.43736322,0.15176439,-1.22749283,-0.09027386,-0.87698347,1.00113384,0.35623939,0.29862048,0.42596068,0.99816937,0.71068104,0.12219597,0.19326608,0.22865615,1.00113384,1.33045633,1.30063840,1.30451326,0.35623939,0.48133841,0.79231399,0.29862048,0.72090013,0.42596068,0.94909629,1.47977354,1.68704769,1.49039955,1.21070677
117,0.08867342,0.04482862,0.04628142,0.05250940,0.05604014,0.55668569,-0.74543492,0.52549318,-1.31005002,0.36172754,-1.48396361,0.14890349,-1.27724556,-0.09483331,-0.90384020,1.01263066,0.34229707,0.29744629,0.44597958,1.00502930,0.69760895,0.12158913,0.19197305,0.22723901,1.01263066,1.32705480,1.29349509,1.30022527,0.34229707,0.46240940,0.79048948,0.29744629,0.73879729,0.44597958,0.97085815,1.51948844,1.72783051,1.52989118,1.23519510
118,0.08668424,0.04277418,0.04502126,0.05036744,0.05437634,0.54915458,-0.75680598,0.51753392,-1.32891111,0.36232321,-1.48353492,0.14850608,-1.26836737,-0.09456091,-0.89392092,1.00502390,0.34106357,0.30415496,0.44645414,0.99018560,0.72950690,0.12320480,0.19270633,0.22872506,1.00502390,1.32090628,1.28563367,1.29456907,0.34106357,0.46936538,0.80464217,0.30415496,0.74642811,0.44645414,0.97274021,1.53124613,1.73286720,1.52919443,1.23484577
119,0.08818871,0.03934901,0.04036990,0.04480019,0.04975803,0.55901832,-0.78288385,0.52193801,-1.36116284,0.36081322,-1.53020078,0.14324111,-1.31506221,-0.09834966,-0.92619783,1.00938839,0.35139331,0.30707607,0.45791624,0.97666421,0.72811441,0.12202936,0.19009032,0.22588823,1.00938839,1.33559472,1.30358312,1.31108568,0.35139331,0.47831003,0.81439102,0.30707607,0.75958069,0.45791624,1.00063171,1.55848068,1.77022845,1.56678612,1.26087048
120,0.08877525,0.03858474,0.03962911,0.04302393,0.04895176,0.56082333,-0.78826934,0.51956912,-1.36497698,0.35702370,-1.53513637,0.13930838,-1.31870532,-0.09939090,-0.92511381,1.00291703,0.35267256,0.30821074,0.46049641,0.97226929,0.74646493,0.12333788,0.18999731,0.22651978,1.00291703,1.33057312,1.30007719,1.30937834,0.35267256,0.48051604,0.81754073,0.30821074,0.76293092,0.46049641,1.00496543,1.55970776,1.77207155,1.56833696,1.26043835
121,0.08308155,0.03383027,0.03452001,0.03823297,0.04377414,0.57704536,-0.84891635,0.53435809,-1.44347848,0.37025830,-1.60436055,0.15002513,-1.39913673,-0.10063255,-0.97950988,0.98426858,0.35104407,0.30156192,0.48899201,0.94178655,0.69023147,0.12075376,0.18455306,0.22054774,0.98426858,1.30882645,1.27377475,1.28213382,0.35104407,0.47949376,0.84075521,0.30156192,0.78306859,0.48899201,1.05549837,1.63032656,1.83180137,1.62897815,1.29084938
122,0.08298956,0.03680981,0.03847673,0.04124995,0.04618306,0.56845680,-0.81405020,0.52241476,-1.39042208,0.35540143,-1.55203599,0.13625265,-1.35039229,-0.09656863,-0.94415182,0.98341372,0.34599550,0.29838532,0.46832492,0.94598070,0.69977595,0.12218042,0.18875997,0.22485191,0.98341372,1.30241584,1.27290694,1.27496864,0.34599550,0.47573815,0.81439690,0.29838532,0.75802019,0.46832492,1.02522688,1.58043832,1.78023727,1.58312234,1.25720047
123,0.08800748,0.04211871,0.04417225,0.04724516,0.05177499,0.56400080,-0.75924777,0.51497401,-1.31885369,0.35023488,-1.49031885,0.13706019,-1.28522208,-0.09498726,-0.90239925,1.00570011,0.34292497,0.29797641,0.44780803,0.96128052,0.71103079,0.12336928,0.19295884,0.22902640,1.00570011,1.32262796,1.30645260,1.31473072,0.34292497,0.47326897,0.79509169,0.29797641,0.73899359,0.44780803,0.98938416,1.51667034,1.72314624,1.53427941,1.23529638
124,0.08553553,0.04203591,0.04340725,0.04831640,0.05344761,0.56918439,-0.76246097,0.51786428,-1.32351214,0.35545412,-1.49180221,0.14530682,-1.29211900,-0.09627363,-0.90630762,0.99679112,0.34700256,0.29100805,0.45533328,0.96924955,0.67055565,0.12030678,0.19071008,0.22548627,0.99679112,1.31950592,1.29589914,1.30639233,0.34700256,0.46821184,0.79804353,0.29100805,0.74039217,0.45533328,0.98997364,1.52354714,1.73213545,1.54301069,1.24053937
125,0.08134758,0.04138015,0.04253186,0.04590449,0.05095041,0.59103254,-0.78479919,0.52790093,-1.34349726,0.36685463,-1.51051309,0.14781631,-1.31730714,-0.10301610,-0.92252321,0.99466132,0.34002943,0.29242917,0.46774348,0.94840870,0.58405371,0.11642248,0.18669099,0.22001755,0.99466132,1.31142719,1.28608400,1.29110963,0.34002943,0.46295469,0.80161671,0.29242917,0.75274752,0.46774348,1.01542853,1.54970955,1.75393267,1.56232706,1.24076412
126,0.08446162,0.04164727,0.04346239,0.04573960,0.05017636,0.60029119,-0.80425814,0.53822020,-1.33743621,0.37020662,-1.50418666,0.14191790,-1.30699800,-0.10909725,-0.92833588,0.96699697,0.34000769,0.30166233,0.45438605,0.96168184,0.57257190,0.11631278,0.18556655,0.21900595,0.96699697,1.28140194,1.24893943,1.26403702,0.34000769,0.46588826,0.80085617,0.30166233,0.74928502,0.45438605,1.02723652,1.55590350,1.75706154,1.55380640,1.24320263
127,0.08038130,0.04220441,0.04474578,0.04743575,0.05430758,0.61383756,-0.81975332,0.54666287,-1.33704126,0.37688850,-1.50741542,0.14930342,-1.31724419,-0.11519650,-0.94411071,0.94263848,0.34277331,0.29780384,0.45737918,0.96660852,0.54460036,0.11708383,0.18275443,0.21704332,0.94263848,1.26041030,1.21165753,1.24359090,0.34277331,0.45330572,0.79907249,0.29780384,0.74855564,0.45737918,1.04060896,1.56435063,1.76861494,1.55764116,1.25265549
128,0.07409029,0.04076919,0.04221198,0.04655284,0.05413453,0.62523672,-0.85282857,0.56070022,-1.35600806,0.37946394,-1.52513629,0.14652396,-1.34417647,-0.12703706,-0.97328524,0.90261290,0.34766346,0.30069932,0.46175461,0.97472529,0.47146639,0.11625293,0.18002426,0.21429764,0.90261290,1.22194127,1.15716707,1.18164199,0.34766346,0.45390948,0.80250162,0.30069932,0.75409898,0.46175461,1.06436084,1.59516334,1.79606778,1.57668767,1.25515907
129,0.06682516,0.03450378,0.03558408,0.04057771,0.04860417,0.67373552,-0.93807783,0.60187444,-1.47122026,0.40078645,-1.64951663,0.15800346,-1.46316684,-0.14103897,-1.05699428,0.88345681,0.37643406,0.31467198,0.50509428,0.94880330,0.41032625,0.11454706,0.16705888,0.20255789,0.88345681,1.22908198,1.15584889,1.19383951,0.37643406,0.48307084,0.86619167,0.31467198,0.80909975,0.50509428,1.15778558,1.70613355,1.91360897,1.67997741,1.32322909
130,0.07872867,0.04360283,0.04341956,0.04993523,0.05728475,0.62695623,-0.80648677,0.56217922,-1.29707146,0.37610097,-1.46066264,0.13821635,-1.27935101,-0.13441470,-0.92740134,0.90119082,0.35365283,0.30474679,0.44660200,1.01535887,0.45408243,0.11767904,0.17912216,0.21432010,0.90119082,1.22554855,1.16600789,1.19394581,0.35365283,0.46656934,0.80438131,0.30474679,0.74417602,0.44660200,1.02630551,1.55767170,1.75975105,1.54115342,1.24039016
131,0.06741691,0.03831755,0.03727700,0.04463357,0.05389712,0.66296819,-0.90337567,0.59223115,-1.39160394,0.39244207,-1.56287351,0.13746308,-1.39198150,-0.15767987,-1.00962504,0.86700272,0.36460746,0.31642177,0.48470378,0.99268334,0.40814643,0.11562630,0.16867962,0.20450490,0.86700272,1.19999803,1.14206675,1.18491517,0.36460746,0.48746721,0.85237013,0.31642177,0.78896295,0.48470378,1.12193938,1.64891926,1.85027457,1.62775754,1.29292729
132,0.06639609,0.03370691,0.03211833,0.04121906,0.04874077,0.71617699,-1.00144929,0.62712409,-1.51265011,0.41905302,-1.68840878,0.15356051,-1.50901379,-0.17135043,-1.10643716,0.86088907,0.36055139,0.32792800,0.51831236,0.97320413,0.35501737,0.11520235,0.15747296,0.19511359,0.86088907,1.18846638,1.14125458,1.21397241,0.36055139,0.50198612,0.90592624,0.32792800,0.83521748,0.51831236,1.23197747,1.75909896,1.94906069,1.71913733,1.36301465
133,0.07083353,0.04362782,0.03982330,0.05026271,0.05561292,0.66830872,-0.86949246,0.58503507,-1.33598909,0.38730553,-1.49411343,0.14697191,-1.31603480,-0.15574776,-0.95828748,0.87926480,0.34025001,0.30766523,0.47133763,1.04648887,0.33257523,0.11265700,0.17121823,0.20495678,0.87926480,1.18576902,1.12867373,1.18404019,0.34025001,0.46520439,0.83810999,0.30766523,0.77265307,0.47133763,1.09807140,1.61128017,1.79290582,1.56827465,1.25156288
134,0.06089992,0.03215649,0.02990599,0.04198770,0.04596461,0.80401820,-1.11442120,0.69170179,-1.62710254,0.45562865,-1.81930320,0.16455617,-1.61347494,-0.19434353,-1.19660365,0.83086583,0.36199799,0.36439121,0.55046511,0.94571085,0.27182238,0.11429755,0.14347443,0.18343620,0.83086583,1.15057796,1.11467540,1.24782034,0.36199799,0.54090030,0.99014566,0.36439121,0.90522317,0.55046511,1.37421447,1.87855424,2.05124476,1.78909429,1.41757826
135,0.05956186,0.03305476,0.02760422,0.04043080,0.04303191,0.84572060,-1.15233114,0.74052418,-1.68369416,0.48639903,-1.89202157,0.19406974,-1.68424209,-0.18082567,-1.25524827,0.82718799,0.38081554,0.36525955,0.56984485,0.91439743,0.27028921,0.11158400,0.13782626,0.17733321,0.82718799,1.15963694,1.12594072,1.26764622,0.38081554,0.56018805,1.02218571,0.36525955,0.92587149,0.56984485,1.42970351,1.93302903,2.10608485,1.84106074,1.45141937
136,0.05759007,0.03434691,0.02982869,0.04202631,0.04193996,0.87880574,-1.19455428,0.75620175,-1.72822231,0.49661874,-1.93929643,0.20314554,-1.70531550,-0.18785203,-1.28394034,0.82843131,0.38252474,0.38098845,0.57488761,0.91469860,0.25298266,0.11224236,0.13330684,0.17426721,0.82843131,1.16281131,1.12583622,1.29786978,0.38252474,0.56639549,1.04939871,0.38098845,0.95044221,0.57488761,1.48324586,1.97776844,2.14830535,1.85994057,1.47744046
137,0.05519953,0.03562285,0.03077666,0.04491690,0.04507294,0.87507313,-1.18891047,0.76441538,-1.68245202,0.50490049,-1.89906725,0.20181707,-1.66716085,-0.18174403,-1.26966831,0.78784260,0.38444753,0.38935125,0.55240217,0.87433447,0.24736966,0.11169678,0.13424837,0.17463905,0.78784260,1.12292561,1.08907447,1.27274917,0.38444753,0.57269149,1.03717221,0.38935125,0.93511156,0.55240217,1.47635513,1.93834392,2.10982110,1.81591192,1.45433610
138,0.05826714,0.03743093,0.03264182,0.04483859,0.04689650,0.92037335,-1.21340121,0.78797795,-1.71932755,0.51645369,-1.94865367,0.21246361,-1.70524015,-0.18655511,-1.28591852,0.80355659,0.39692879,0.39755261,0.57886256,0.88924760,0.26650552,0.11199600,0.13026589,0.17179146,0.80355659,1.15015262,1.11479093,1.31221269,0.39692879,0.58377063,1.07042793,0.39755261,0.96995474,0.57886256,1.52312447,1.98065542,2.15618482,1.84993306,1.46613520
139,0.05114987,0.03614089,0.03133323,0.04655384,0.04891089,0.90251016,-1.20471395,0.78806887,-1.69286430,0.50887796,-1.90950376,0.21208259,-1.66159061,-0.17727112,-1.27033590,0.79235521,0.39985768,0.39607892,0.55198223,0.89858671,0.26117563,0.11248565,0.13171988,0.17321417,0.79235521,1.13697305,1.09393482,1.29518682,0.39985768,0.58569362,1.05837161,0.39607892,0.94188796,0.55198223,1.50535230,1.96088983,2.12659008,1.81545877,1.45989679
140,0.04703596,0.03431503,0.02754626,0.04333803,0.04630365,0.97029033,-1.25496013,0.84731717,-1.77234311,0.54799510,-1.98051372,0.23241123,-1.72951606,-0.18908242,-1.34177814,0.78839909,0.40316791,0.40753261,0.57288578,0.84643129,0.23667730,0.11085357,0.12321321,0.16574079,0.78839909,1.12848124,1.11927101,1.36186156,0.40316791,0.62667088,1.12946209,0.40753261,0.97636247,0.57288578,1.58666107,2.03968620,2.17770701,1.86634217,1.51428439
141,0.04693903,0.03771156,0.03054730,0.04805643,0.05216654,0.94989187,-1.22042266,0.83349805,-1.70923955,0.55039830,-1.91550012,0.22893283,-1.68423172,-0.18932804,-1.28484779,0.77745058,0.39750546,0.40354537,0.57831739,0.87479725,0.23861540,0.11164112,0.12586108,0.16824016,0.77745058,1.11936556,1.10901577,1.34112103,0.39750546,0.61505833,1.11297289,0.40354537,0.97507137,0.57831739,1.54652292,1.99123069,2.13966546,1.83856302,1.47633258
142,0.04230013,0.03567449,0.02596867,0.04164429,0.04714572,1.00202819,-1.27731733,0.88773205,-1.77284244,0.57348037,-1.99784221,0.23433241,-1.76353182,-0.20172755,-1.36109485,0.76069198,0.41932050,0.41632705,0.59352856,0.83211518,0.23012127,0.10941117,0.12045290,0.16272586,0.76069198,1.11054868,1.12901119,1.38662029,0.41932050,0.66173412,1.17057376,0.41632705,1.00421120,0.59352856,1.62359522,2.05602544,2.19543485,1.89355220,1.52678006
143,0.04776393,0.03568100,0.02740349,0.04249504,0.04805799,1.02259941,-1.28130633,0.90267500,-1.78834983,0.59006580,-1.97267671,0.25152524,-1.73667080,-0.19545488,-1.35869117,0.77845442,0.39559273,0.41748450,0.58549649,0.85201573,0.20422881,0.11049142,0.11958464,0.16281535,0.77845442,1.09841946,1.12002000,1.39949893,0.39559273,0.65997363,1.18398589,0.41748450,0.99831108,0.58549649,1.63943958,2.08028443,2.18073680,1.87311743,1.52627622
144,0.05138925,0.03409876,0.02600233,0.03961126,0.04616771,1.04714615,-1.25759911,0.91964180,-1.78066842,0.60355760,-1.95612291,0.24474276,-1.72791121,-0.21716971,-1.34594190,0.75972792,0.39272406,0.42731700,0.59973591,0.77405646,0.22604197,0.10985461,0.11685150,0.16038176,0.75972792,1.07705683,1.13319446,1.43259256,0.39272406,0.68605265,1.22421564,0.42731700,1.02292761,0.59973591,1.63683635,2.06602435,2.14946246,1.84977737,1.50345041
145,0.05239522,0.03084172,0.02353297,0.03495083,0.04105133,1.10757253,-1.29622277,0.96865214,-1.79812056,0.62397675,-1.99380011,0.25255247,-1.78393898,-0.22386116,-1.38607935,0.74759878,0.41678288,0.42812916,0.62111178,0.78026208,0.22360548,0.10897005,0.11254271,0.15665355,0.74759878,1.07846308,1.16829360,1.48523550,0.41678288,0.72223873,1.26698039,0.42812916,1.04323031,0.62111178,1.70531609,2.10318189,2.18229975,1.89734936,1.53382628
146,0.04710425,0.03405535,0.02593407,0.03565029,0.04078416,1.18071953,-1.35492464,1.02968910,-1.81330386,0.67148534,-2.03876958,0.27417089,-1.82845380,-0.20563599,-1.44330497,0.74129862,0.44476566,0.45178978,0.61598471,0.81960633,0.21192423,0.10779242,0.10709074,0.15194615,0.74129862,1.10272837,1.21417850,1.54846073,0.44476566,0.76121030,1.29524585,0.45178978,1.06026071,0.61598471,1.79773018,2.14886209,2.24437937,1.94710960,1.59229608
147,0.04997614,0.03263533,0.02372461,0.03164299,0.03923227,1.20625359,-1.31012608,1.04422822,-1.78740421,0.67392922,-1.99336585,0.29038616,-1.82023890,-0.19801085,-1.43472679,0.73615327,0.44438698,0.42239165,0.62320263,0.77628183,0.18331926,0.10688640,0.10380778,0.14899919,0.73615327,1.09531759,1.22510296,1.56045929,0.44438698,0.76081405,1.29810733,0.42239165,1.03554782,0.62320263,1.78196061,2.12366325,2.19028009,1.92979692,1.57018719
148,0.05190145,0.03079623,0.02322881,0.03370586,0.03939234,1.21667299,-1.28896585,1.04691745,-1.74990219,0.67961434,-1.94104896,0.27881583,-1.77536606,-0.19368445,-1.42394036,0.73554374,0.43487404,0.43580395,0.59003581,0.74980366,0.17234228,0.10691162,0.10560696,0.15027616,0.73554374,1.08471069,1.23396065,1.56929195,0.43487404,0.77378499,1.28901174,0.43580395,1.01493032,0.59003581,1.77362030,2.09586850,2.14718571,1.88666043,1.56175781
149,0.05307553,0.03253407,0.02989067,0.04112957,0.04468230,1.21230609,-1.27851638,1.06306782,-1.70069529,0.69594396,-1.85772659,0.29048386,-1.71244301,-0.19739748,-1.38172690,0.76556099,0.41585128,0.43677338,0.59042781,0.82455436,0.16711959,0.10795788,0.10860800,0.15313589,0.76556099,1.07025468,1.21641580,1.57697496,0.41585128,0.77390219,1.30255244,0.43677338,1.01295060,0.59042781,1.76253677,2.08601252,2.10028604,1.84329133,1.54046825
150,0.04919172,0.02587017,0.02877450,0.04105575,0.04411468,1.22873982,-1.23316008,1.06186141,-1.63215339,0.69360802,-1.77962237,0.28555949,-1.65611337,-0.20704868,-1.33359257,0.73035187,0.40650136,0.42863390,0.59059986,0.77937793,0.15269500,0.10916169,0.10724645,0.15302966,0.73035187,1.02164943,1.21207166,1.59144779,0.40650136,0.77794129,1.30670112,0.42863390,1.00505128,0.59059986,1.74156109,2.02013828,2.01024252,1.77862941,1.48877154
151,0.05329491,0.02304507,0.03054461,0.04331748,0.04649360,1.23524637,-1.17602080,1.07331163,-1.54319534,0.70443063,-1.68628146,0.29699506,-1.59356747,-0.21836207,-1.29197864,0.72194905,0.40799639,0.41950524,0.59908254,0.76259876,0.12026344,0.10922205,0.10724016,0.15306831,0.72194905,1.01574036,1.22211378,1.62232013,0.40799639,0.78044399,1.32053656,0.41950524,1.00356770,0.59908254,1.70766362,1.94900749,1.92805890,1.72074154,1.45207284
152,0.05562880,0.02489132,0.03210079,0.04639713,0.04770814,1.23654559,-1.16112201,1.07191767,-1.46832364,0.71193141,-1.62103618,0.29470881,-1.53405034,-0.20855141,-1.25561675,0.70241357,0.41208182,0.43068246,0.57639359,0.74589845,0.11687367,0.10937588,0.10909020,0.15447898,0.70241357,1.01691262,1.21884457,1.61537748,0.41208182,0.78294020,1.30232420,0.43068246,0.99065812,0.57639359,1.69835673,1.89230190,1.88782408,1.67093347,1.42065889
153,0.05183484,0.02330810,0.03180477,0.04797687,0.04977929,1.22591866,-1.14906416,1.06804879,-1.42977089,0.71242596,-1.59475071,0.29609984,-1.50928360,-0.20774831,-1.23111583,0.67377646,0.41189744,0.42782127,0.57687312,0.73641350,0.12457297,0.10935141,0.10823978,0.15386221,0.67377646,0.98900839,1.20091274,1.60128415,0.41189744,0.77988417,1.29643212,0.42782127,0.98946715,0.57687312,1.68264720,1.85389610,1.85623069,1.64355452,1.39338194
154,0.04729072,0.02050550,0.03030675,0.04571741,0.05091902,1.25268000,-1.16562499,1.12264037,-1.38823623,0.73628692,-1.56849622,0.29118415,-1.50021494,-0.21435285,-1.21588728,0.67578796,0.44041289,0.45379028,0.58064786,0.74692212,0.08275718,0.10768404,0.10803533,0.15253683,0.67578796,0.98457710,1.22373175,1.62897003,0.44041289,0.84072218,1.35052355,0.45379028,1.01433806,0.58064786,1.71207161,1.87330469,1.86052638,1.64979021,1.39474396
155,0.04628165,0.02835103,0.03343368,0.04752049,0.05048110,1.25398462,-1.15529649,1.09228390,-1.40904033,0.74258300,-1.55096080,0.32028522,-1.48286032,-0.19233182,-1.18890219,0.69758618,0.38567594,0.43110831,0.59121377,0.75999853,0.03665727,0.10643182,0.10867312,0.15211042,0.69758618,0.95943013,1.18671935,1.59589894,0.38567594,0.77594848,1.30409679,0.43110831,1.00318608,0.59121377,1.70548886,1.87809703,1.84549307,1.63748086,1.36148647
156,0.03681833,0.02897776,0.03379447,0.05357129,0.05668622,1.22294109,-1.08047924,1.07716669,-1.33156476,0.71626301,-1.45689470,0.29828668,-1.37928066,-0.17435994,-1.10040223,0.65917847,0.39657311,0.43009868,0.54900563,0.68924403,0.05204707,0.10766522,0.11132611,0.15487189,0.65917847,0.94118239,1.15967163,1.54052998,0.39657311,0.78142238,1.27395283,0.43009868,0.96061126,0.54900563,1.63223709,1.80114861,1.75392416,1.53287318,1.27214403
157,0.03675664,0.02754080,0.03494515,0.05528852,0.05334138,1.17746276,-1.11521241,1.06626037,-1.30698431,0.70817363,-1.40551308,0.29599722,-1.33634406,-0.17495907,-1.07857453,0.67264946,0.38820884,0.42393982,0.53688606,0.77501258,0.10208812,0.10743648,0.11451457,0.15702287,0.67264946,0.92958968,1.13323717,1.51343696,0.38820884,0.77196270,1.26280099,0.42393982,0.94428844,0.53688606,1.62182326,1.79748811,1.73666152,1.52090055,1.27881382
158,0.03365309,0.02376950,0.03673627,0.05478550,0.05365450,1.25744077,-1.09471272,1.11970004,-1.29715026,0.75069952,-1.40321324,0.33597092,-1.33903894,-0.13750937,-1.04108322,0.68011133,0.39747668,0.43125470,0.55948908,0.78211668,0.01650766,0.10297417,0.11407344,0.15367638,0.68011133,0.94638525,1.14712589,1.53150000,0.39747668,0.78485571,1.28303054,0.43125470,0.96519752,0.55948908,1.66738997,1.83618258,1.76467336,1.53160613,1.23769979
159,0.03368216,0.02327379,0.03217155,0.05313145,0.05148513,1.15990968,-1.10377987,1.09275487,-1.26716274,0.72065566,-1.38019499,0.30966251,-1.30926158,-0.15993096,-1.03609338,0.66087986,0.40702789,0.42737360,0.54327257,0.79637627,0.10902970,0.10819109,0.11636674,0.15889156,0.66087986,0.91781542,1.09802309,1.47776103,0.40702789,0.78468355,1.27405246,0.42737360,0.95026844,0.54327257,1.60122427,1.79541790,1.73748621,1.50647886,1.24704620
160,0.03700941,0.02342288,0.03427141,0.04911685,0.04981400,1.31840284,-1.18949743,1.18678130,-1.37810859,0.79813649,-1.47813872,0.36137301,-1.41293018,-0.16315872,-1.12121607,0.66516430,0.40677426,0.44815592,0.60032030,0.77138924,-0.01947849,0.10327035,0.10530816,0.14749432,0.66516430,0.91153035,1.15892359,1.61007799,0.40677426,0.82620188,1.37416813,0.44815592,1.02741014,0.60032030,1.77569568,1.92352916,1.81711168,1.58334448,1.29584243
161,0.03522185,0.02509522,0.02954390,0.04795852,0.04883822,1.29297048,-1.11902056,1.14309720,-1.30323448,0.76482540,-1.39974908,0.33353231,-1.31906262,-0.18281036,-1.06704334,0.67940101,0.39676495,0.44724183,0.57458947,0.76215209,-0.00442501,0.10287358,0.10846837,0.14949368,0.67940101,0.92635502,1.16012741,1.60398605,0.39676495,0.80987322,1.34681991,0.44724183,1.00761856,0.57458947,1.70998448,1.84388380,1.74158223,1.49211698,1.24657063
162,0.02964972,0.02934493,0.03168488,0.05126755,0.05125086,1.26148974,-1.13404481,1.16043951,-1.30073694,0.76695048,-1.35488316,0.32325308,-1.26522285,-0.18837968,-1.04293160,0.62759602,0.40119174,0.46148137,0.55783963,0.73215340,0.00603267,0.10247532,0.10707459,0.14820985,0.62759602,0.84840318,1.10216070,1.55742129,0.40119174,0.83860060,1.37368656,0.46148137,1.00914365,0.55783963,1.69635544,1.84711154,1.69393152,1.42793182,1.20611867
163,0.04062821,0.02533478,0.03555799,0.05033125,0.04218961,1.51003536,-1.27628326,1.06057924,-1.19778498,0.82200739,-1.42712141,0.38013797,-1.37348462,-0.17854118,-1.13588780,0.81499281,0.33095238,0.44860595,0.60711331,0.76483295,-0.17898373,0.09246528,0.09573096,0.13309487,0.81499281,0.97871521,1.29423832,1.80433987,0.33095238,0.70465553,1.24188896,0.44860595,1.04375961,0.60711331,1.97715913,1.73936580,1.78438147,1.55852135,1.30988399
164,0.03866950,0.02436548,0.04208249,0.06685206,0.08121865,1.36724506,-1.14517539,1.05288593,-1.19090350,0.73144928,-1.31662019,0.32764436,-1.19583110,-0.22925481,-1.00876241,0.66792870,0.34522948,0.42530500,0.58763832,0.80135934,0.03296732,0.10169184,0.09554754,0.13953696,0.66792870,0.87750588,1.16489184,1.68984268,0.34522948,0.72811611,1.29600791,0.42530500,1.00974974,0.58763832,1.78349870,1.69786665,1.61724213,1.34927724,1.16965976
165,0.03003055,0.02687005,0.03750347,0.06892461,0.08662488,1.30817833,-1.10320361,1.11343326,-1.13284766,0.77514976,-1.21581690,0.34706115,-1.14507633,-0.19415479,-1.01261027,0.62489329,0.34938522,0.43661442,0.55723427,0.73772434,0.00417444,0.10412697,0.10027404,0.14455902,0.62489329,0.82566910,1.11911244,1.61248340,0.34938522,0.76676472,1.31318279,0.43661442,0.99125451,0.55723427,1.71133729,1.68966673,1.56309874,1.31889855,1.17416383
166,0.04749484,0.03777520,0.04620433,0.05937395,0.06714901,1.56400314,-1.21550329,0.92511210,-1.04747660,0.78881081,-1.26468722,0.36428668,-1.24746947,-0.23033723,-1.06416119,0.99667985,0.25776065,0.42777928,0.62336737,0.90023485,-0.35207613,0.08922023,0.09010755,0.12680544,0.99667985,1.09542732,1.40090642,1.92664157,0.25776065,0.59588776,1.15718806,0.42777928,1.04235003,0.62336737,1.98127710,1.60531753,1.69929500,1.50866348,1.31018656
167,0.05412086,0.04711638,0.04586976,0.07651885,0.08161390,1.12234714,-1.05277420,1.12024786,-1.04367128,0.76417607,-1.08614132,0.31991310,-1.00046632,-0.21495010,-0.91372685,0.74106853,0.37028121,0.46476291,0.54205115,0.94612448,-0.09611950,0.10346398,0.10851767,0.14993625,0.74106853,0.90762731,1.08406545,1.52153012,0.37028121,0.80162213,1.34181371,0.46476291,1.00152794,0.54205115,1.53888751,1.70682717,1.57495325,1.28507741,1.18644349
168,0.03615688,0.02974889,0.04033582,0.08254416,0.08869840,1.07480996,-0.85812361,1.06684650,-0.92447235,0.72054999,-1.00607898,0.30237534,-0.90500149,-0.18472941,-0.82104219,0.74502940,0.36555483,0.45542043,0.49508036,0.93961249,-0.28388718,0.10278507,0.11572953,0.15478403,0.74502940,0.91084900,1.02792020,1.41720443,0.36555483,0.76751408,1.25931434,0.45542043,0.94087370,0.49508036,1.37621177,1.61801443,1.51537701,1.19850568,1.09286533
169,0.04594630,0.02321299,0.04382855,0.08632016,0.08324985,0.86173293,-0.66414360,0.96108871,-0.72481716,0.62142179,-0.78111034,0.24371993,-0.68711523,-0.15866670,-0.66271374,0.78131512,0.36866710,0.42889617,0.40872048,1.11525325,-0.45230320,0.09999275,0.13656198,0.16925639,0.78131512,0.94306378,0.95235952,1.21353253,0.36866710,0.71998446,1.12743380,0.42889617,0.82694600,0.40872048,1.09371090,1.49381101,1.42452391,1.10938732,1.02733203
170,0.06353512,0.05286796,0.05131714,0.09338564,0.10548963,0.79008492,-0.57939103,0.99978676,-0.63290965,0.63880601,-0.72921469,0.24113516,-0.61928458,-0.17432907,-0.59045188,0.80960812,0.40698438,0.45304508,0.42211071,1.10361516,-0.32020688,0.09554872,0.13856210,0.16831225,0.80960812,0.96533208,0.93385149,1.18332683,0.40698438,0.75921009,1.17868131,0.45304508,0.86368946,0.42211071,0.98243355,1.45844066,1.40286179,1.06082411,0.97654835
171,0.06651963,0.06207428,0.05554420,0.09318383,0.10392629,0.71509338,-0.48043249,0.96370809,-0.58155902,0.60693439,-0.63938525,0.23164888,-0.55088881,-0.16146737,-0.50596362,0.81823477,0.40367634,0.42042695,0.40416685,1.11714516,-0.25957911,0.09576758,0.14518794,0.17392805,0.81823477,0.97195518,0.92474399,1.12376817,0.40367634,0.73280283,1.12989632,0.42042695,0.81899163,0.40416685,0.86834461,1.42987411,1.37991981,1.07535399,0.96992329
172,0.07014703,0.05852772,0.04664354,0.08394988,0.09771661,0.65547974,-0.45747742,0.92977858,-0.58250343,0.58954816,-0.58908622,0.23295300,-0.53561995,-0.13434186,-0.49641876,0.82261025,0.38690161,0.39749877,0.37909146,1.15920139,-0.16275009,0.09737696,0.15184581,0.18038687,0.82261025,0.96082883,0.89244801,1.05406926,0.38690161,0.69860323,1.06978857,0.39749877,0.77225831,0.37909146,0.81180750,1.42361824,1.37309107,1.09307976,0.98380752
173,0.06975149,0.06249342,0.05368369,0.08618048,0.11053190,0.67579052,-0.47897889,0.97382399,-0.59207379,0.68017122,-0.53327789,0.27834032,-0.53476079,-0.12428004,-0.54423913,0.82694993,0.36563539,0.43475470,0.41104592,1.14822131,-0.21403811,0.10035325,0.14466083,0.17606115,0.82694993,0.97432778,0.90115572,1.08139153,0.36563539,0.69921480,1.09981764,0.43475470,0.84194434,0.41104592,0.83643922,1.43946498,1.39035370,1.10253120,1.00929712
174,0.07338423,0.05173937,0.04773791,0.08120345,0.10006710,0.64810125,-0.44730979,0.92916501,-0.57946524,0.62335817,-0.58329229,0.24473504,-0.55859955,-0.13335897,-0.53232977,0.83489024,0.37200786,0.41283757,0.39173935,1.17172819,-0.32113125,0.09768349,0.15038785,0.17932810,0.83489024,0.99639927,0.92422048,1.06936337,0.37200786,0.68650610,1.06474210,0.41283757,0.80233287,0.39173935,0.79530328,1.40875488,1.39087698,1.11661742,1.00027496
175,0.07420558,0.05118213,0.05060140,0.07641519,0.10153181,0.63692238,-0.49024283,0.94210319,-0.59783887,0.62994311,-0.62137792,0.24069402,-0.57681434,-0.14633702,-0.53894687,0.85537334,0.37541251,0.43000842,0.39813573,1.17834452,-0.36474377,0.09641994,0.14777178,0.17644632,0.85537334,1.00760805,0.91642726,1.07620391,0.37541251,0.70236487,1.09143717,0.43000842,0.82361975,0.39813573,0.81170604,1.43678576,1.42140553,1.12482449,1.01690847
176,0.07745938,0.04384274,0.05224953,0.08289929,0.11667696,0.65539230,-0.49538176,0.94650518,-0.63685660,0.66444359,-0.61731302,0.25319097,-0.61247690,-0.14030005,-0.57553798,0.85855041,0.33554579,0.45683472,0.40862595,1.18080446,-0.45768618,0.09686601,0.14369592,0.17329611,0.85855041,0.98352574,0.88275736,1.04536585,0.33554579,0.69398057,1.09534602,0.45683472,0.86079295,0.40862595,0.83005604,1.46163505,1.42138792,1.11412819,0.98884871
177,0.08180202,0.05523514,0.04738465,0.07608617,0.11219090,0.63496842,-0.51860126,0.97661616,-0.59486492,0.65753810,-0.63637642,0.22781995,-0.62302193,-0.15277579,-0.58579256,0.85353388,0.38675339,0.46880153,0.39793332,1.12867969,-0.42989502,0.09660279,0.14229789,0.17199067,0.85353388,1.00024119,0.90911091,1.05335014,0.38675339,0.74983574,1.13242979,0.46880153,0.86449999,0.39793332,0.82621926,1.44350647,1.42741323,1.12499970,1.00208803
178,0.07761655,0.05612547,0.05084988,0.07307298,0.10152948,0.62718064,-0.48714265,0.94634511,-0.57061746,0.67711170,-0.58574464,0.25584661,-0.60416322,-0.13933049,-0.57473453,0.87527099,0.35024832,0.45115806,0.40364141,1.17953079,-0.35679417,0.10008645,0.14871240,0.17925590,0.87527099,1.04012161,0.95660944,1.10925347,0.35024832,0.69418453,1.08576991,0.45115806,0.85027746,0.40364141,0.79664796,1.40881955,1.41625067,1.14380354,1.04382377
179,0.08022529,0.05963302,0.05382683,0.08253891,0.10814985,0.60119498,-0.49960865,0.93003889,-0.57614723,0.61440358,-0.59506683,0.21179959,-0.61488377,-0.14557187,-0.56524340,0.86338200,0.38324876,0.43834364,0.37312209,1.17441920,-0.40150286,0.09897038,0.14746156,0.17759517,0.86338200,1.01576345,0.93207333,1.05608067,0.38324876,0.72064769,1.07686305,0.43834364,0.80616963,0.37312209,0.78591500,1.40151967,1.38752541,1.12690029,1.01078063
180,0.08408480,0.05703876,0.05603172,0.08115978,0.10310343,0.61388250,-0.51261087,0.96796794,-0.58935032,0.62523874,-0.57282066,0.22755189,-0.59526201,-0.14049418,-0.57404011,0.89470327,0.40546708,0.43344794,0.37916395,1.19812837,-0.45807320,0.09621547,0.14839440,0.17685676,0.89470327,1.03590298,0.94927260,1.08292699,0.40546708,0.74181133,1.10942291,0.43344794,0.80853407,0.37916395,0.80235068,1.43631678,1.38769074,1.12536231,1.02616175
181,0.08788891,0.05283296,0.04633643,0.07913633,0.11091202,0.69278011,-0.56093594,1.05232420,-0.65829303,0.68078174,-0.72896117,0.23546656,-0.70647601,-0.16266654,-0.65392909,0.87306240,0.43959849,0.48872639,0.41506545,1.13797204,-0.40313951,0.09281074,0.13398956,0.16299398,0.87306240,1.02758741,0.94457959,1.11473599,0.43959849,0.81862841,1.21769239,0.48872639,0.90004191,0.41506545,0.89422561,1.51044714,1.47359051,1.15632955,1.03053841
182,0.08654654,0.04801625,0.04903933,0.08349815,0.10241720,0.65334234,-0.59053384,0.99241888,-0.66380923,0.62206116,-0.71804068,0.22959770,-0.72536736,-0.14871301,-0.66006949,0.89618027,0.41055067,0.43422583,0.39476922,1.15225793,-0.48331728,0.09645289,0.13847076,0.16875222,0.89618027,1.00359895,0.92343078,1.07828348,0.41055067,0.76548984,1.14633024,0.43422583,0.82130265,0.39476922,0.88367026,1.49458478,1.42915779,1.16483211,1.04018044
183,0.05689357,0.04683950,0.04588079,0.09215126,0.10033091,0.86697500,-0.81027373,1.23767124,-0.97486260,0.80351799,-1.10973835,0.28167852,-1.04572507,-0.23101709,-0.98426605,0.89399984,0.46620307,0.56032300,0.51899834,1.07012197,-0.25630982,0.09658136,0.10447271,0.14227616,0.89399984,0.95060629,0.94695550,1.28979365,0.46620307,0.96287806,1.47563507,0.56032300,1.07075235,0.51899834,1.18668054,1.76757840,1.64179200,1.29544389,1.20662649
184,0.06359918,0.03881285,0.04796372,0.08729236,0.09618801,0.91345974,-0.92431157,1.31530929,-1.09897064,0.84107755,-1.20331013,0.29374212,-1.14854661,-0.22413718,-1.05431198,0.87639798,0.49207053,0.56959900,0.52718874,1.00373453,-0.30198706,0.09425993,0.09880173,0.13655297,0.87639798,0.88684213,0.95475631,1.32244118,0.49207053,1.02503974,1.54316589,0.56959900,1.09005337,0.52718874,1.29952429,1.87520773,1.69162278,1.37294873,1.26564356
185,0.06157309,0.03123258,0.04393457,0.07220283,0.08041569,0.91686561,-1.10570393,1.26007174,-1.17500072,0.62505771,-1.13452320,0.35194268,-1.26843823,-0.15418138,-1.12933951,0.87463906,0.64007786,0.31541029,0.52489590,1.07790904,-0.51592213,0.09250585,0.09770281,0.13454802,0.87463906,0.78862534,0.87543601,1.25362155,0.64007786,0.92562783,1.42296579,0.31541029,0.78345831,0.52489590,1.43775722,1.92746489,1.51967284,1.49624084,1.34481024
186,0.07328331,0.02263152,0.04241023,0.06510695,0.06989045,0.90821131,-1.24706065,1.28003646,-1.32500636,0.71918353,-1.37150854,0.30992824,-1.38508651,-0.18329474,-1.23014975,0.79474036,0.56938347,0.41890223,0.51713962,1.04237723,-0.46334757,0.09608843,0.08818489,0.13042071,0.79474036,0.65210619,0.80669900,1.21605860,0.56938347,0.98756464,1.47534721,0.41890223,0.91661592,0.51713962,1.54544320,2.00440985,1.70078966,1.54677398,1.39302643
187,0.06657572,0.01861494,0.03557638,0.06635877,0.07850428,0.82155427,-1.35599540,1.39872157,-1.30835672,0.88290701,-1.48077517,0.34353994,-1.41666841,-0.21621271,-1.20358231,0.83793127,0.54422988,0.54659898,0.59981201,0.99523757,-0.19127886,0.09672135,0.08604524,0.12945579,0.83793127,0.64069250,0.74198333,1.20668477,0.54422988,1.06153184,1.61835463,0.54659898,1.13390139,0.59981201,1.58550571,2.01248887,1.83821075,1.56762873,1.36608486
188,0.06541609,0.02357806,0.03110856,0.06143480,0.07801011,0.89229009,-1.26100357,1.28588854,-1.33902548,0.84015212,-1.53908693,0.29974596,-1.41348494,-0.22860732,-1.19079996,0.74151470,0.49170011,0.55550574,0.57425548,0.96078723,-0.18084864,0.09807941,0.08739537,0.13136788,0.74151470,0.73551087,0.89349454,1.31453417,0.49170011,0.98933371,1.52289711,0.55550574,1.12408552,0.57425548,1.54572618,1.94176900,1.86136583,1.56329584,1.36586222
189,0.05852813,0.02937296,0.03209256,0.06048131,0.07077938,0.83079269,-1.37204099,1.20509987,-1.43543355,0.80493411,-1.58272633,0.30696675,-1.44424956,-0.21678092,-1.24687976,0.73707592,0.43002976,0.51733600,0.56040946,0.92538142,-0.13202944,0.09899388,0.09123821,0.13462615,0.73707592,0.71947151,0.84986399,1.26253099,0.43002976,0.89880238,1.43565415,0.51733600,1.07551423,0.56040946,1.60453720,1.96461541,1.88907077,1.60240497,1.42308150
190,0.06294645,0.03179239,0.03539259,0.06002500,0.06788633,0.73070328,-1.41702711,1.20449886,-1.47300310,0.74398328,-1.50521085,0.26451412,-1.41635680,-0.25248740,-1.22335538,0.75000925,0.46444292,0.48830769,0.55317784,0.94329617,-0.10913302,0.09923637,0.08764301,0.13239771,0.75000925,0.63593175,0.76297340,1.19024310,0.46444292,0.94202928,1.47958546,0.48830769,1.03564258,0.55317784,1.59447817,1.98264866,1.78573962,1.55408445,1.39482876
191,0.05730521,0.03266765,0.03345498,0.06317338,0.07369279,0.89962596,-1.31380784,1.12851895,-1.51164922,0.74222649,-1.65322874,0.25724643,-1.50938992,-0.23978626,-1.23926160,0.72575836,0.41585531,0.50597818,0.56632523,0.96588932,-0.01325501,0.09909022,0.09440830,0.13686416,0.72575836,0.81164050,0.97678581,1.35854074,0.41585531,0.87269066,1.39724360,0.50597818,1.06581802,0.56632523,1.59259906,1.98847565,1.93889352,1.67474675,1.44587993
192,0.05235972,0.02852835,0.03547318,0.06052682,0.07327132,1.09426004,-1.19127542,1.10600273,-1.45882583,0.68176157,-1.66892377,0.20333700,-1.46600515,-0.29031167,-1.20201884,0.68843655,0.47489675,0.52030217,0.56043967,0.91527299,0.03227274,0.10020828,0.09012297,0.13477332,0.68843655,0.92167252,1.13438984,1.53949510,0.47489675,0.90277436,1.42026270,0.52030217,1.07839150,0.56043967,1.61813351,1.92391023,1.90941917,1.59840695,1.38798825
193,0.06197692,0.03498655,0.04158320,0.04747619,0.06024512,1.21585025,-1.22543087,0.99764562,-1.56683592,0.60778407,-1.71456830,0.18662882,-1.61370244,-0.28955015,-1.28892535,0.77848391,0.41713240,0.43332788,0.57654904,0.99652413,0.12978832,0.10264155,0.09251218,0.13818029,0.77848391,1.03393015,1.28445949,1.65170613,0.41713240,0.81237134,1.31690911,0.43332788,0.99316823,0.57654904,1.72663884,1.96095551,1.92909001,1.74125596,1.46812264
194,0.06243196,0.04069935,0.03398439,0.05259900,0.05634990,1.14060409,-1.24708281,0.88716876,-1.50936332,0.52757907,-1.66856114,0.16391337,-1.54927167,-0.28811793,-1.18628530,0.70720415,0.39459006,0.38351683,0.58024530,0.90959946,0.33173644,0.10783197,0.09945513,0.14669375,0.70720415,0.98027011,1.19247439,1.56594631,0.39459006,0.72439868,1.21931072,0.38351683,0.94760309,0.58024530,1.69006361,1.85630221,1.86658312,1.67855045,1.38265549
195,0.07165119,0.03869161,0.03916256,0.04632746,0.04911960,1.17657843,-1.23675784,0.90630948,-1.57300927,0.53272313,-1.76048468,0.16746809,-1.58786154,-0.29626259,-1.24561261,0.74392303,0.41870791,0.40419539,0.57994248,0.86593537,0.27237953,0.10680646,0.09969301,0.14610379,0.74392303,1.04235624,1.23420451,1.62320694,0.41870791,0.73908395,1.24866825,0.40419539,0.97722933,0.57994248,1.70739215,1.90288227,1.93310756,1.69943732,1.43430291
196,0.06004616,0.03525073,0.03344500,0.04225979,0.04510166,1.19714932,-1.31770244,0.93753224,-1.62983692,0.56641722,-1.82820987,0.18062935,-1.65061860,-0.29029487,-1.29936973,0.73161166,0.42365662,0.42525789,0.59028718,0.85878883,0.24988546,0.10514293,0.10042747,0.14539846,0.73161166,1.04450517,1.24440828,1.64119386,0.42365662,0.75768020,1.27433932,0.42525789,1.00742108,0.59028718,1.78064883,1.96589116,2.01278208,1.76596892,1.48539982
197,0.05439057,0.03645852,0.03506311,0.03770165,0.04377695,1.18354728,-1.38384772,0.91390889,-1.70187563,0.52437556,-1.89232239,0.16427288,-1.70414791,-0.29610823,-1.33272035,0.76530947,0.43612626,0.40642821,0.59492855,0.90435735,0.33392379,0.10613156,0.10524641,0.14946811,0.76530947,1.08041976,1.26572940,1.65612674,0.43612626,0.75054647,1.26905178,0.40642821,0.99458907,0.59492855,1.82115983,2.02678636,2.07167734,1.83138540,1.54054925
198,0.05730297,0.03141749,0.03223904,0.03884125,0.04289985,1.18365779,-1.38105994,0.91223132,-1.71675182,0.52538446,-1.94204039,0.16073132,-1.75698655,-0.29294723,-1.33464805,0.72797577,0.45262234,0.40892404,0.62325534,0.87147105,0.32329463,0.10681652,0.10400688,0.14908790,0.72797577,1.08368683,1.27118707,1.64327111,0.45262234,0.75566197,1.27132367,0.40892404,1.02129001,0.62325534,1.81915322,2.02184974,2.10586825,1.87129445,1.53023017
199,0.05419843,0.03476848,0.03114221,0.03695375,0.04095895,1.18238856,-1.43283786,0.88760543,-1.81555071,0.50778436,-1.99245047,0.15811596,-1.82013229,-0.30097121,-1.38321711,0.77005553,0.42453376,0.38982563,0.63689924,0.95593710,0.40717435,0.10691316,0.10199180,0.14775910,0.77005553,1.10205310,1.28191148,1.65381645,0.42453376,0.73255360,1.27141681,0.38982563,1.01441588,0.63689924,1.85801208,2.09864266,2.15173480,1.93342935,1.57733912
200,0.05705235,0.04011363,0.03179959,0.03993800,0.04328880,1.18378817,-1.45443835,0.88558609,-1.85734335,0.49907683,-2.00657724,0.15434012,-1.84484740,-0.29469567,-1.40041885,0.78028009,0.41998129,0.38078906,0.63450845,0.96845738,0.43483123,0.10700358,0.10311620,0.14860255,0.78028009,1.10371745,1.28681217,1.64749793,0.41998129,0.73451928,1.27198374,0.38078906,1.00044166,0.63450845,1.87555159,2.13440484,2.16328883,1.95727013,1.59051486
201,0.05946948,0.03549818,0.03104643,0.04242062,0.04543578,1.12762960,-1.44118436,0.86617195,-1.85748696,0.49810647,-2.00420882,0.13971312,-1.82586305,-0.28816690,-1.37223203,0.78120314,0.41010794,0.40109520,0.62602518,0.91707119,0.44885823,0.10844878,0.11043213,0.15477853,0.78120314,1.10523214,1.26380219,1.60045034,0.41010794,0.73162128,1.25954727,0.40109520,1.00922358,0.62602518,1.83019336,2.12858663,2.17442389,1.94501052,1.57201403
202,0.05325177,0.03958512,0.03194381,0.04534880,0.04822042,0.98810714,-1.32486550,0.78659758,-1.73923984,0.44086453,-1.87360422,0.12941631,-1.68476971,-0.28158838,-1.28263063,0.79137699,0.39915439,0.36958610,0.57503903,1.01360862,0.51608521,0.11171284,0.12238782,0.16570618,0.79137699,1.10725861,1.18195834,1.46695352,0.39915439,0.66485323,1.16517528,0.36958610,0.93513351,0.57503903,1.65284371,2.00919318,2.07474346,1.83351283,1.49623721
203,0.06139110,0.03852880,0.02794148,0.04202940,0.04647421,1.00919757,-1.31449798,0.77890570,-1.79148462,0.43677961,-1.93727568,0.10900804,-1.76430683,-0.28533953,-1.31532886,0.83289252,0.40522065,0.37918115,0.59758503,1.04925414,0.54006830,0.10936498,0.12101956,0.16311478,0.83289252,1.16681436,1.23942874,1.48103129,0.40522065,0.67529624,1.16842769,0.37918115,0.95675003,0.59758503,1.65733123,2.06254634,2.14958295,1.91730976,1.53521367
204,0.06472394,0.04107157,0.02910393,0.04168361,0.04469578,1.03398721,-1.36214557,0.76999594,-1.87607200,0.42406998,-2.03302497,0.11156196,-1.84307002,-0.29089704,-1.37000029,0.86659771,0.40382576,0.37205286,0.62111749,1.05688917,0.58078988,0.11166861,0.11878853,0.16303556,0.86659771,1.19793300,1.26201838,1.50735375,0.40382576,0.66282229,1.17767736,0.37205286,0.97718245,0.62111749,1.71016528,2.13129482,2.22291761,1.98341214,1.57872686
205,0.06266976,0.03635632,0.02731933,0.04334983,0.04546736,1.02359491,-1.35720180,0.78889220,-1.87946292,0.44111644,-2.04878512,0.12381611,-1.83828627,-0.26968268,-1.36649340,0.85314597,0.41361055,0.39012520,0.61435390,1.02305378,0.52942022,0.10958483,0.12051021,0.16288507,0.85314597,1.19345099,1.23399373,1.46732172,0.41361055,0.66918849,1.17787692,0.39012520,0.98900347,0.61435390,1.70011574,2.14188098,2.24482461,1.97797116,1.56729417
206,0.05787435,0.04149773,0.03485581,0.04889201,0.05014831,0.88149688,-1.23899060,0.70923011,-1.71528433,0.41496617,-1.83578909,0.12746708,-1.62617283,-0.23715772,-1.21942980,0.81511178,0.38457115,0.37217625,0.54732068,1.07584989,0.56368859,0.11109627,0.13371489,0.17384491,0.81511178,1.14225563,1.12899654,1.32593741,0.38457115,0.59821562,1.07090594,0.37217625,0.90869074,0.54732068,1.52062538,1.96717082,2.07256278,1.79897050,1.43810814
207,0.05780707,0.04420230,0.03220327,0.04897154,0.05099422,0.87705773,-1.22758659,0.70423690,-1.69652297,0.40377380,-1.86352695,0.12330570,-1.66657895,-0.23631214,-1.22758793,0.81221527,0.40502674,0.35889381,0.56851233,1.07775875,0.58978916,0.11047347,0.13338380,0.17319245,0.81221527,1.16554540,1.14899874,1.32248958,0.40502674,0.59157714,1.05353157,0.35889381,0.91320002,0.56851233,1.50896846,1.95467852,2.10108611,1.84249086,1.45362500
208,0.06007405,0.04655471,0.03608344,0.05196141,0.05503764,0.76545261,-1.09581667,0.62846457,-1.53159510,0.36101792,-1.69448886,0.09500572,-1.50344285,-0.22737409,-1.09870619,0.80378349,0.40446910,0.34489004,0.52165836,1.09365940,0.58927643,0.11020330,0.14734511,0.18399823,0.80378349,1.16769783,1.12718025,1.24007192,0.40446910,0.55429262,0.96255868,0.34489004,0.85531190,0.52165836,1.33677675,1.78854449,1.96770039,1.71743078,1.35432313
209,0.05784566,0.04332462,0.03803017,0.05247114,0.05255336,0.80428125,-1.18286793,0.65003950,-1.61510889,0.38207072,-1.77304871,0.11353112,-1.57777764,-0.22325480,-1.16400220,0.80523848,0.39393722,0.34809452,0.53536527,1.06792521,0.52695628,0.11069326,0.14044224,0.17882120,0.80523848,1.15874129,1.12750534,1.27484599,0.39393722,0.55503204,0.98728565,0.34809452,0.87153196,0.53536527,1.43040545,1.86387678,2.02799763,1.77387483,1.40699246
210,0.06050421,0.04225194,0.03739179,0.05264862,0.05181395,0.78061598,-1.14798957,0.63552842,-1.59895392,0.36863993,-1.76050198,0.10677189,-1.55653618,-0.21887589,-1.14515069,0.80941499,0.39570324,0.34726087,0.52673814,1.05594316,0.54661632,0.11109515,0.14382178,0.18173287,0.80941499,1.16378639,1.12127948,1.25026384,0.39570324,0.54897168,0.97207648,0.34726087,0.86366536,0.52673814,1.38825903,1.83988625,2.00907750,1.75016442,1.38436187
211,0.06268750,0.04150010,0.03823306,0.04991516,0.05102798,0.75700911,-1.10658451,0.61432441,-1.56309933,0.36045639,-1.70535836,0.10334527,-1.50881687,-0.21374415,-1.10922848,0.83269880,0.38135270,0.33628600,0.51225707,1.06126643,0.55699201,0.11206011,0.14912618,0.18653709,0.83269880,1.17351707,1.13539741,1.25151754,0.38135270,0.53674108,0.95048207,0.33628600,0.83915267,0.51225707,1.34095582,1.80369278,1.96361210,1.71693703,1.36485954
212,0.06419133,0.04331368,0.03975551,0.05091074,0.05205228,0.73321753,-1.06159536,0.58429658,-1.50708359,0.34870241,-1.64705042,0.09255634,-1.45596361,-0.20983016,-1.06315288,0.83880528,0.37192348,0.33172785,0.49872278,1.06695376,0.58021569,0.11216751,0.15464449,0.19104049,0.83880528,1.17741331,1.14067998,1.23846290,0.37192348,0.52040320,0.91615387,0.33172785,0.82068622,0.49872278,1.29050823,1.74834397,1.91747644,1.67789213,1.33178336
213,0.06742870,0.04417840,0.04095660,0.05197501,0.05384112,0.69357274,-0.98479980,0.56394784,-1.41599244,0.33854749,-1.55392884,0.08881948,-1.37818415,-0.20293760,-1.00831084,0.84547081,0.35909018,0.31643670,0.47538064,1.07612466,0.58883565,0.11175892,0.16177850,0.19662742,0.84547081,1.17009896,1.13466810,1.20985654,0.35909018,0.50282493,0.87385602,0.31643670,0.78256940,0.47538064,1.20508443,1.66848443,1.83827902,1.61590865,1.28799051
214,0.06302887,0.03966424,0.03622586,0.04769026,0.05037410,0.73198512,-1.08707907,0.59214361,-1.56287274,0.35163234,-1.70030986,0.09891027,-1.51508706,-0.21827909,-1.11462221,0.85848073,0.35409402,0.32355419,0.51270258,1.05640384,0.55864558,0.11206728,0.15167692,0.18858675,0.85848073,1.17027428,1.13605455,1.24070086,0.35409402,0.51490398,0.93114000,0.32355419,0.82657476,0.51270258,1.31093202,1.80026308,1.95096423,1.72039554,1.36974215
215,0.06607727,0.03780288,0.03691513,0.04859701,0.04942781,0.71262192,-1.06511328,0.57629054,-1.57165482,0.33823867,-1.69690581,0.07998704,-1.50252028,-0.21588230,-1.09249257,0.85880998,0.36975634,0.33630790,0.50812488,1.04138981,0.59243414,0.11291559,0.15337165,0.19045417,0.85880998,1.18789592,1.13953453,1.21975781,0.36975634,0.52627493,0.93239155,0.33630790,0.83238161,0.50812488,1.28190558,1.79523911,1.95141670,1.70855005,1.34775128
216,0.06355760,0.04091961,0.03687831,0.04723325,0.04966825,0.72556729,-1.08126100,0.57048047,-1.58406256,0.33961443,-1.72163293,0.08902744,-1.55265786,-0.21095397,-1.12617446,0.87924763,0.35558351,0.31344811,0.52281656,1.04977842,0.56465099,0.11398833,0.15289718,0.19071153,0.87924763,1.19895950,1.16491278,1.24293683,0.35558351,0.50518293,0.91254748,0.31344811,0.82000597,0.52281656,1.30347043,1.80318749,1.96239498,1.74678030,1.37332270
217,0.06550239,0.03713045,0.03425021,0.04428872,0.04749414,0.70361449,-1.06715358,0.56434598,-1.58627939,0.32254957,-1.71006756,0.06544473,-1.53276441,-0.21920295,-1.10612633,0.86978403,0.37568529,0.32497485,0.51483571,1.04703472,0.61355388,0.11361807,0.15480897,0.19202833,0.86978403,1.20352644,1.16299930,1.22762989,0.37568529,0.52968012,0.92740557,0.32497485,0.82242276,0.51483571,1.27918768,1.79927844,1.95645145,1.73217410,1.35949121
218,0.06518708,0.03659695,0.03502511,0.04498033,0.04844264,0.69270028,-1.04900681,0.55627242,-1.57015454,0.32238460,-1.68468375,0.07743141,-1.50745195,-0.20821863,-1.08934202,0.87834645,0.36489288,0.31294353,0.50850800,1.04610018,0.59887628,0.11264585,0.15641058,0.19275206,0.87834645,1.20102461,1.15895317,1.22024555,0.36489288,0.51360452,0.91218489,0.31294353,0.80757734,0.50850800,1.25829565,1.78393628,1.93426457,1.71459352,1.34828363
219,0.07132477,0.03977774,0.03703404,0.04743092,0.05009951,0.66521230,-0.99238602,0.53122114,-1.50733109,0.30285631,-1.62438705,0.05672872,-1.44704212,-0.21203157,-1.03968037,0.88060016,0.36086279,0.31361378,0.49059112,1.05413182,0.63511436,0.11320513,0.16104503,0.19685249,0.88060016,1.20144576,1.15934799,1.20572218,0.36086279,0.50903835,0.88686818,0.31361378,0.78979578,0.49059112,1.19694531,1.71737094,1.87317994,1.65577723,1.30096299
220,0.06659216,0.03568018,0.03442542,0.04435475,0.04624859,0.68796027,-1.05534246,0.53946173,-1.59987291,0.29899423,-1.72310084,0.04870386,-1.54289511,-0.22605693,-1.10786317,0.87921182,0.36834669,0.32028341,0.51651807,1.02277597,0.60958144,0.11383019,0.15519355,0.19246389,0.87921182,1.20492088,1.16135259,1.21112412,0.36834669,0.52054890,0.91770969,0.32028341,0.81946016,0.51651807,1.26079831,1.79978188,1.95495744,1.73285731,1.35247968
221,0.06858348,0.03917688,0.03797242,0.04849657,0.04801264,0.65276025,-0.98702481,0.50423807,-1.50818192,0.27631941,-1.62932310,0.03750495,-1.46362621,-0.21619189,-1.03789475,0.87819290,0.36309793,0.30453874,0.49921640,1.04395317,0.63532922,0.11385656,0.16364228,0.19935424,0.87819290,1.20415676,1.15658609,1.17919417,0.36309793,0.49688060,0.86665996,0.30453874,0.78430459,0.49921640,1.18512634,1.70908017,1.87301087,1.66396769,1.28754396
222,0.06462660,0.03194930,0.03094028,0.04130291,0.04215273,0.72704619,-1.16271332,0.54491326,-1.76089704,0.29784056,-1.89924436,0.04324526,-1.70818385,-0.24613174,-1.20878992,0.90647966,0.36996270,0.32847053,0.57739222,0.97253670,0.59021857,0.11408156,0.14608418,0.18535153,0.90647966,1.23555795,1.19440843,1.25908615,0.36996270,0.52830834,0.97495274,0.32847053,0.88431147,0.57739222,1.37419152,1.92862887,2.08437589,1.85594746,1.42265425
223,0.06299518,0.02754826,0.02479996,0.03524632,0.03589042,0.76312069,-1.22742451,0.56551051,-1.87335228,0.29926044,-2.01681329,0.04506911,-1.80581853,-0.25242116,-1.28962209,0.91530995,0.37826357,0.33747077,0.59579506,0.90331848,0.55610271,0.11378424,0.13972467,0.18019388,0.91530995,1.24582760,1.20505884,1.27739721,0.37826357,0.54814009,1.01670213,0.33747077,0.91564987,0.59579506,1.44723810,2.03079166,2.17951811,1.93771977,1.48782959
224,0.06592793,0.03005308,0.02974636,0.03807418,0.04171272,0.69896211,-1.11611472,0.52797835,-1.71727602,0.29583828,-1.84457139,0.05157789,-1.63336817,-0.22209617,-1.16677710,0.90339910,0.36312913,0.33352834,0.54106190,0.94613253,0.59687185,0.11520163,0.15194353,0.19067840,0.90339910,1.22664891,1.16391987,1.22455886,0.36312913,0.51111302,0.94291669,0.33352834,0.85835562,0.54106190,1.31916565,1.88645316,2.04170964,1.79403911,1.39324871
225,0.07416219,0.04183362,0.04425558,0.05402993,0.05186679,0.61145517,-0.92095111,0.47546573,-1.45239511,0.27631836,-1.56005031,0.05278421,-1.35697006,-0.18806146,-0.96349077,0.90224848,0.33271521,0.30930508,0.46347202,1.00879754,0.67668103,0.11608944,0.17349235,0.20874950,0.90224848,1.20110658,1.14031884,1.16693317,0.33271521,0.46808931,0.83479411,0.30930508,0.76413377,0.46347202,1.11155074,1.64182821,1.79506573,1.56462275,1.22494796
226,0.06580073,0.03316532,0.03526127,0.04432318,0.04342698,0.69348630,-1.08992251,0.52921187,-1.69700687,0.29209281,-1.80511239,0.05168692,-1.60084455,-0.22092022,-1.15167457,0.90843287,0.35353692,0.32636671,0.52584276,0.95863823,0.58921215,0.11352301,0.15401472,0.19133219,0.90843287,1.21351549,1.15340237,1.20982683,0.35353692,0.51125947,0.93707301,0.32636671,0.83732810,0.52584276,1.29456224,1.86726195,2.00018254,1.75891176,1.36873056
227,0.06837230,0.03484754,0.03762106,0.04596321,0.04645813,0.64597615,-1.01828952,0.49719025,-1.59229340,0.28100200,-1.69908090,0.05437163,-1.49278808,-0.19568841,-1.07304883,0.91447131,0.35310265,0.31554224,0.48942965,0.99157934,0.65045880,0.11493649,0.16435896,0.20055987,0.91447131,1.22760720,1.16090894,1.19755513,0.35310265,0.48928918,0.87943491,0.31554224,0.79370052,0.48942965,1.21110153,1.76740330,1.91698068,1.67911572,1.31697430
228,0.06446001,0.03173868,0.03330488,0.04245502,0.04152365,0.68560395,-1.10567491,0.52680799,-1.71924035,0.29117310,-1.83656927,0.05570787,-1.61548714,-0.21418843,-1.17608765,0.91238585,0.36315394,0.33339817,0.51637195,0.94691745,0.59209341,0.11281101,0.15458640,0.19137210,0.91238585,1.22944950,1.15559711,1.20403421,0.36315394,0.51064920,0.92944167,0.33339817,0.83882784,0.51637195,1.30485895,1.88210893,2.02670405,1.77094060,1.38353874
229,0.06385714,0.03013274,0.03199583,0.03920439,0.03963273,0.66728863,-1.09762835,0.52164529,-1.70396020,0.30198196,-1.81257010,0.06123753,-1.60367909,-0.20331362,-1.16044316,0.90789333,0.35482353,0.32828121,0.51658019,0.95331309,0.62393140,0.11330961,0.15635793,0.19309809,0.90789333,1.21841091,1.15128467,1.19601643,0.35482353,0.50371364,0.91971443,0.32828121,0.83087859,0.51658019,1.28831964,1.86834294,2.01138450,1.76698068,1.38026343
230,0.06580370,0.02959127,0.03226276,0.03935136,0.04058723,0.64838740,-1.08818706,0.52429517,-1.69232736,0.30639329,-1.79820203,0.06771908,-1.59770538,-0.20145746,-1.13232621,0.90382165,0.36103478,0.31916650,0.53808601,0.93259879,0.63862672,0.11421973,0.15841515,0.19529850,0.90382165,1.21776806,1.15586894,1.19389176,0.36103478,0.50700956,0.93356065,0.31916650,0.84236820,0.53808601,1.27282028,1.85102549,1.99337164,1.76006411,1.35309108
231,0.06539757,0.02790926,0.02792299,0.03485407,0.03682616,0.65216619,-1.12847818,0.53191405,-1.73805946,0.32195342,-1.85291379,0.07024428,-1.64247675,-0.20058546,-1.16919884,0.88919421,0.35249888,0.33411628,0.54542154,0.91296553,0.65944563,0.11502715,0.15570290,0.19358367,0.88919421,1.19778729,1.13779476,1.18354578,0.35249888,0.51043336,0.94544981,0.33411628,0.86380870,0.54542154,1.30885677,1.88956917,2.03418702,1.79155335,1.37743204
232,0.07396115,0.03366339,0.03391859,0.03781530,0.04185389,0.59515989,-0.99642656,0.49568097,-1.54676893,0.30593068,-1.64707405,0.07091559,-1.44844740,-0.17438197,-1.01768844,0.89942292,0.34370989,0.31146024,0.49721932,0.97042873,0.72852306,0.11551342,0.16989606,0.20544591,0.89942292,1.20559662,1.15506236,1.17365686,0.34370989,0.48847575,0.87284095,0.31146024,0.79648542,0.49721932,1.16990710,1.71724335,1.86776420,1.64555134,1.26969060
233,0.08089657,0.03694324,0.03972915,0.04294449,0.04650293,0.56187948,-0.90989029,0.47129522,-1.44781298,0.29624688,-1.55198611,0.07701885,-1.34456866,-0.16302378,-0.93633429,0.91548419,0.33863604,0.30235603,0.47402371,0.97471358,0.76996572,0.11812049,0.17737700,0.21310807,0.91548419,1.22243751,1.18279035,1.20870288,0.33863604,0.47927963,0.84712439,0.30235603,0.76907065,0.47402371,1.08505042,1.61941775,1.78108314,1.56838068,1.23154053
234,0.08128782,0.04049592,0.04324471,0.04863844,0.05019663,0.54224093,-0.86159258,0.45443461,-1.40833817,0.28322352,-1.50435718,0.06938929,-1.30181061,-0.15787891,-0.90777334,0.94002733,0.32656150,0.29456610,0.45523157,0.97979311,0.74505138,0.11807058,0.18116131,0.21624080,0.94002733,1.23362908,1.20420384,1.22025121,0.32656150,0.47482781,0.82613019,0.29456610,0.74227895,0.45523157,1.03848985,1.58029582,1.73442164,1.53536595,1.21578069
235,0.08302329,0.04438197,0.04605827,0.05143728,0.05253744,0.52911921,-0.81760700,0.44117001,-1.34400936,0.27745132,-1.45095001,0.06693118,-1.25079890,-0.14946896,-0.87317664,0.93703545,0.32769875,0.29068875,0.43584336,0.97113993,0.75199341,0.11801344,0.18462224,0.21911765,0.93703545,1.23768486,1.22127141,1.22726248,0.32769875,0.47306365,0.79591500,0.29068875,0.71849060,0.43584336,0.99944857,1.51613223,1.68403620,1.49686711,1.19127833
236,0.08455967,0.04559458,0.04787332,0.05288554,0.05438667,0.52004069,-0.78732894,0.44451162,-1.32401190,0.27329331,-1.44809489,0.06883968,-1.24172468,-0.14354810,-0.87515394,0.96887111,0.33077773,0.29130410,0.42403484,0.95552457,0.74697758,0.11654425,0.18672117,0.22010761,0.96887111,1.27111738,1.25480230,1.25462216,0.33077773,0.47336807,0.78349762,0.29130410,0.70854184,0.42403484,0.98133637,1.49506207,1.67104311,1.48387894,1.18870092
237,0.08633521,0.04364334,0.04757235,0.05218741,0.05235628,0.52865225,-0.80048824,0.45140484,-1.33960876,0.27645103,-1.47704359,0.07032516,-1.25931495,-0.14323008,-0.88838651,0.96792686,0.33874675,0.30054117,0.42840934,0.95215713,0.73299929,0.11678653,0.18587318,0.21951750,0.96792686,1.27892361,1.25665368,1.25632112,0.33874675,0.47745489,0.78970171,0.30054117,0.72294862,0.42840934,0.99636736,1.51003091,1.69601061,1.49742598,1.19655737
238,0.07244421,0.02927288,0.03095605,0.03576756,0.03898156,0.57775285,-0.99048361,0.48249999,-1.57252338,0.29336408,-1.70610115,0.06632961,-1.51678626,-0.17272932,-1.06103829,0.92109261,0.34076553,0.29625956,0.51466578,0.88433257,0.65525092,0.11463387,0.16817955,0.20353203,0.92109261,1.22875132,1.19088389,1.19933872,0.34076553,0.47894117,0.86123280,0.29625956,0.79621460,0.51466578,1.16269823,1.72365622,1.89269091,1.69140072,1.30534747
239,0.08181857,0.03728269,0.03870642,0.04090826,0.04543657,0.53722576,-0.87255476,0.44797033,-1.40199113,0.27930890,-1.52470620,0.06160019,-1.32814439,-0.15241097,-0.91313096,0.93300054,0.32836822,0.29343752,0.46722128,0.92873761,0.75799574,0.11877371,0.18194706,0.21728306,0.93300054,1.23506891,1.21847171,1.22287052,0.32836822,0.47268350,0.81238065,0.29343752,0.74864154,0.46722128,1.04854882,1.56795079,1.74168495,1.55307151,1.21480017
240,0.07446605,0.03493197,0.03660427,0.03998364,0.04304556,0.54574915,-0.93103608,0.45458124,-1.48858570,0.27176978,-1.62940605,0.05463081,-1.42921941,-0.16715896,-0.98607850,0.92995180,0.33357573,0.29534197,0.49557992,0.90998590,0.70986276,0.11616756,0.17556608,0.21051924,0.92995180,1.23381736,1.20232812,1.20663164,0.33357573,0.46978192,0.83276289,0.29534197,0.77883664,0.49557992,1.10125741,1.64081301,1.81845723,1.61896495,1.25170354
241,0.06900128,0.02903067,0.02972542,0.03352593,0.03811980,0.57063399,-1.01714615,0.47293463,-1.59041711,0.28746915,-1.71419312,0.05812575,-1.52258648,-0.17566643,-1.05860426,0.90749484,0.33262888,0.29935147,0.51955678,0.88557626,0.69742843,0.11628400,0.16850654,0.20473501,0.90749484,1.20675715,1.17301631,1.18940876,0.33262888,0.47889843,0.86932943,0.29935147,0.80288615,0.51955678,1.18131043,1.73551390,1.89529035,1.69316528,1.30200209
242,0.06652469,0.02801720,0.02768244,0.03063885,0.03679118,0.57631372,-1.05349493,0.47735608,-1.61510483,0.28699808,-1.73676105,0.05604058,-1.54001312,-0.17773457,-1.07417664,0.88874789,0.34505863,0.30467226,0.52122906,0.88793404,0.71092638,0.11619129,0.16650305,0.20303616,0.88874789,1.19952133,1.15931403,1.18172262,0.34505863,0.48727331,0.87961294,0.30467226,0.80998375,0.52122906,1.21370275,1.75835755,1.91982933,1.70878878,1.31271592
243,0.06894172,0.02865578,0.02757789,0.03163134,0.03673687,0.57478888,-1.03752298,0.47239739,-1.59230085,0.28854370,-1.71024069,0.05163412,-1.50303449,-0.18265166,-1.05152181,0.87842288,0.34619428,0.31626990,0.50897162,0.86497945,0.70942648,0.11529477,0.16655994,0.20257122,0.87842288,1.19234169,1.14891181,1.17146906,0.34619428,0.49134347,0.87751356,0.31626990,0.81134115,0.50897162,1.19928731,1.73336912,1.89544933,1.67324965,1.28529984
244,0.06816840,0.02890360,0.02844564,0.03318206,0.03816845,0.56920541,-1.03147423,0.45964820,-1.58875511,0.27116007,-1.69731901,0.03860390,-1.48756709,-0.19365781,-1.03680402,0.87686549,0.33615144,0.31402253,0.50735134,0.87118546,0.71412712,0.11635537,0.16659204,0.20320305,0.87686549,1.17755436,1.14101132,1.16826825,0.33615144,0.49184494,0.88228392,0.31402253,0.80864185,0.50735134,1.18949239,1.72896582,1.87943845,1.66062731,1.27739494
245,0.07294957,0.03363467,0.03295960,0.03731397,0.04123332,0.54813942,-0.95503708,0.43752297,-1.47150476,0.25640777,-1.58795279,0.03464335,-1.37098199,-0.18409507,-0.94983821,0.87588712,0.33961249,0.31086999,0.47551937,0.89576924,0.73538063,0.11655364,0.17392861,0.20937028,0.87588712,1.18738039,1.15046103,1.16925460,0.33961249,0.48112077,0.83895917,0.31086999,0.77698798,0.47551937,1.11317791,1.62591549,1.79568369,1.57702849,1.22321019
246,0.07670865,0.03870208,0.03924587,0.04421618,0.04619734,0.52493536,-0.90190229,0.42509900,-1.42516053,0.25039254,-1.52688525,0.03325868,-1.31211390,-0.17608342,-0.91289330,0.91080631,0.31508351,0.30540787,0.45222087,0.92900457,0.76198538,0.11603612,0.17881926,0.21316827,0.91080631,1.19468797,1.17074689,1.17589707,0.31508351,0.47387752,0.81606525,0.30540787,0.74846194,0.45222087,1.06046641,1.58568419,1.73809488,1.53267880,1.19787798
247,0.08225837,0.04615361,0.04728266,0.05400574,0.05243726,0.50630812,-0.83428453,0.41005845,-1.34345361,0.24448024,-1.44701544,0.03623421,-1.22912711,-0.16616521,-0.84815952,0.92561436,0.32358620,0.30145962,0.43332126,0.96396538,0.81300427,0.11762303,0.18358666,0.21803495,0.92561436,1.22252614,1.19992118,1.19702500,0.32358620,0.47172147,0.79194193,0.30145962,0.72695868,0.43332126,0.99993034,1.50814139,1.67481066,1.47416948,1.15904939
248,0.08646055,0.04572477,0.04777184,0.05331707,0.05401631,0.50884511,-0.81535141,0.40853041,-1.34520765,0.23791238,-1.44615782,0.02780480,-1.24141258,-0.17152058,-0.85754026,0.94652336,0.31298452,0.29355712,0.43395684,0.94629568,0.78696599,0.11618724,0.18287923,0.21666631,0.94652336,1.22958122,1.21448799,1.20651357,0.31298452,0.46858606,0.78843679,0.29355712,0.71743318,0.43395684,0.98820451,1.50891564,1.66506492,1.47750758,1.16232995
249,0.08578704,0.04752987,0.05083113,0.05767429,0.05600442,0.49708199,-0.78632349,0.40050450,-1.32866977,0.23310084,-1.43042369,0.03106025,-1.21424248,-0.16581023,-0.84170349,0.95960884,0.32547413,0.29652140,0.42255925,0.94639279,0.79572181,0.11640633,0.18430891,0.21799131,0.95960884,1.25616002,1.23866334,1.22870449,0.32547413,0.47698061,0.78677783,0.29652140,0.71125239,0.42255925,0.96643648,1.48328920,1.64762743,1.45605887,1.15352269
250,0.08404568,0.04615908,0.04960107,0.05560955,0.05721006,0.49519176,-0.81332684,0.39208873,-1.35007358,0.22359287,-1.45303055,0.02536009,-1.23779424,-0.16904154,-0.86020244,0.96307345,0.32147482,0.29305396,0.42542767,0.94593244,0.79744443,0.11612258,0.18302366,0.21675358,0.96307345,1.25636191,1.23702689,1.23303498,0.32147482,0.46888639,0.78407581,0.29305396,0.71111575,0.42542767,0.98576774,1.50526961,1.66972908,1.47822760,1.17527171
251,0.08586624,0.04565198,0.04904712,0.05648755,0.05657024,0.49387584,-0.81443791,0.38185190,-1.34965599,0.21219060,-1.45602138,0.01233112,-1.24397441,-0.17657804,-0.86002083,0.96400661,0.31904031,0.29163103,0.42875659,0.93520983,0.79935753,0.11688069,0.18289661,0.21705360,0.96400661,1.25592040,1.23597514,1.22751112,0.31904031,0.46415544,0.77847386,0.29163103,0.71174747,0.42875659,0.98693901,1.50134716,1.66713280,1.47671355,1.16693905
252,0.08509674,0.04908998,0.05143261,0.05921859,0.05821821,0.49061633,-0.80764841,0.36760275,-1.34607874,0.20126091,-1.45036752,0.00845656,-1.23248992,-0.17702648,-0.85303980,0.95901357,0.31561501,0.29118336,0.42339722,0.94006648,0.78473015,0.11536565,0.18472541,0.21779052,0.95901357,1.24901275,1.22517006,1.21445978,0.31561501,0.45718850,0.76964788,0.29118336,0.70725789,0.42339722,0.98111785,1.48918519,1.65313493,1.45822456,1.14934951
253,0.08375573,0.04576265,0.04688760,0.05401224,0.05428680,0.49979982,-0.84589706,0.37176236,-1.38985184,0.20172338,-1.48812968,0.00484768,-1.27561622,-0.18187987,-0.88077606,0.96928600,0.30191871,0.29007411,0.43764140,0.93782178,0.78229042,0.11592277,0.18216508,0.21592175,0.96928600,1.24271846,1.22607409,1.21778774,0.30191871,0.45529967,0.78266513,0.29007411,0.71846580,0.43764140,1.01599739,1.53437906,1.68428550,1.49389086,1.17094756
254,0.08046896,0.04291535,0.04382038,0.05068537,0.05152903,0.50262636,-0.88502803,0.37365899,-1.43460128,0.19992924,-1.53266956,0.00007511,-1.31971455,-0.18701981,-0.91058778,0.95742132,0.29846557,0.29225830,0.45083108,0.93711067,0.77265936,0.11554613,0.18030114,0.21414810,0.95742132,1.22543000,1.20596848,1.19623015,0.29846557,0.45508432,0.79402813,0.29225830,0.73283478,0.45083108,1.04441127,1.57741693,1.72284442,1.52899408,1.18992054
255,0.08012436,0.04112851,0.04202755,0.04901794,0.04947403,0.49523437,-0.89101432,0.37394334,-1.44701333,0.19782142,-1.54153252,-0.00416095,-1.32304208,-0.18969863,-0.91086477,0.95388143,0.29902111,0.29782109,0.45321088,0.92289300,0.79140248,0.11674733,0.17985029,0.21442030,0.95388143,1.21968815,1.19891640,1.18575888,0.29902111,0.46219497,0.80375963,0.29782109,0.74048757,0.45321088,1.04519097,1.58733773,1.72879497,1.53075047,1.18690705
256,0.08063010,0.04199417,0.04431286,0.05099806,0.05168506,0.48919703,-0.86776527,0.36909909,-1.41390583,0.19699749,-1.50793093,0.00200020,-1.28447375,-0.18416333,-0.88463828,0.95708478,0.30232297,0.29719494,0.44170891,0.91956461,0.80865887,0.11771956,0.18260428,0.21726071,0.95708478,1.22836564,1.20982675,1.20725806,0.30232297,0.46221911,0.79806992,0.29719494,0.73061732,0.44170891,1.02658542,1.55397325,1.69951206,1.50167356,1.17673771
257,0.08056432,0.04369522,0.04492243,0.05140213,0.05071474,0.49698379,-0.87426124,0.36429388,-1.42654617,0.19293254,-1.52780714,0.00034000,-1.29953878,-0.18918309,-0.90132249,0.96325813,0.30601708,0.29906842,0.44146341,0.92606012,0.79400113,0.11574749,0.18140909,0.21519001,0.96325813,1.24116913,1.21664738,1.21815317,0.30601708,0.45838892,0.79640578,0.29906842,0.73383480,0.44146341,1.03705222,1.56302403,1.71600201,1.51192715,1.18953118
258,0.07951382,0.04113702,0.04214902,0.04836688,0.04884060,0.49993910,-0.89569083,0.37104593,-1.45180637,0.19751051,-1.54969242,-0.00136759,-1.32345680,-0.18867601,-0.91430027,0.94878917,0.30598041,0.30147395,0.45016191,0.91884718,0.80651894,0.11651929,0.17930296,0.21383708,0.94878917,1.22450356,1.19960099,1.20611124,0.30598041,0.46363893,0.81000929,0.30147395,0.74354773,0.45016191,1.05345313,1.58545179,1.73299497,1.52737392,1.19758602
259,0.07648872,0.03635910,0.03754385,0.04322210,0.04493875,0.50039286,-0.93436226,0.37741290,-1.49869962,0.20355214,-1.59809262,-0.00505627,-1.37195448,-0.19360262,-0.94518192,0.94815006,0.31550166,0.30781440,0.46678708,0.89360990,0.80187262,0.11607927,0.17557204,0.21047550,0.94815006,1.23292382,1.20739111,1.20993600,0.31550166,0.47602238,0.83043772,0.30781440,0.76422899,0.46678708,1.08660247,1.62827881,1.77973351,1.57135163,1.22308910
260,0.07601731,0.03796805,0.04051998,0.04567506,0.04776884,0.49345774,-0.90171531,0.36289234,-1.45373652,0.19146990,-1.55845984,-0.01046373,-1.33057035,-0.19239402,-0.91516527,0.94103225,0.32091884,0.30448966,0.45414960,0.88234865,0.77441720,0.11608168,0.17810763,0.21259652,0.94103225,1.23480541,1.19855748,1.19215268,0.32091884,0.46509823,0.80539093,0.30448966,0.74957368,0.45414960,1.05260006,1.58739006,1.75078182,1.53868849,1.19773731
261,0.07624370,0.03645060,0.03769731,0.04232309,0.04424924,0.49886350,-0.93232829,0.35643831,-1.48915597,0.18480743,-1.59170758,-0.01817909,-1.36406502,-0.20237584,-0.94108022,0.93579245,0.31649008,0.30521506,0.46266160,0.87356128,0.73574061,0.11359811,0.17562808,0.20916442,0.93579245,1.22528861,1.18288259,1.17082291,0.31649008,0.45900017,0.80764377,0.30521506,0.75853014,0.46266160,1.07739953,1.62096438,1.78094130,1.56440740,1.20866335
262,0.07269853,0.02980480,0.03111005,0.03477508,0.03795371,0.52831651,-1.03618395,0.37059426,-1.63479889,0.18831602,-1.74394634,-0.02587936,-1.51715761,-0.21884880,-1.04103091,0.92406487,0.32307826,0.31346166,0.51444130,0.85292764,0.71379774,0.11299512,0.16495649,0.19994635,0.92406487,1.21672351,1.16023486,1.14829258,0.32307826,0.46502642,0.85706368,0.31346166,0.81435880,0.51444130,1.17616560,1.75249868,1.90951634,1.68119539,1.27184837
263,0.07356539,0.03307752,0.03558375,0.03938996,0.04333463,0.50075866,-0.95822741,0.35201754,-1.54018220,0.17540682,-1.64631795,-0.02925156,-1.41292365,-0.21567068,-0.97542418,0.92895546,0.30791305,0.31114651,0.47662153,0.84676395,0.73729154,0.11356055,0.17238332,0.20642676,0.92895546,1.20752885,1.15193743,1.13826217,0.30791305,0.45234568,0.81981539,0.31114651,0.77836959,0.47662153,1.09719521,1.66386098,1.81787309,1.59034531,1.21844201
264,0.07258176,0.02918346,0.03223787,0.03486095,0.03868973,0.49972495,-0.99687169,0.33881579,-1.58864060,0.15734315,-1.69204976,-0.04543667,-1.45576869,-0.22638327,-1.00089199,0.91637719,0.31277998,0.31216973,0.48985013,0.81582663,0.71979374,0.11501263,0.17030548,0.20550392,0.91637719,1.19809744,1.14118435,1.13633326,0.31277998,0.45780331,0.83797548,0.31216973,0.79152972,0.48985013,1.12987451,1.69925477,1.85018666,1.62001741,1.23771785
265,0.06705578,0.02678287,0.02989579,0.03271247,0.03613970,0.51631973,-1.05134186,0.34035392,-1.66307742,0.15208896,-1.77718467,-0.05228107,-1.54051123,-0.23855026,-1.05614964,0.90077552,0.32323329,0.31373977,0.51897342,0.79830803,0.72475796,0.11581400,0.16473826,0.20137423,0.90077552,1.19307570,1.13249911,1.13986819,0.32323329,0.46235492,0.86629267,0.31373977,0.82029774,0.51897342,1.18270217,1.76232104,1.91982432,1.68657274,1.28399286
266,0.06511955,0.02743943,0.02811240,0.03274729,0.03639004,0.50630269,-1.01833693,0.33175023,-1.62622750,0.13279222,-1.71853661,-0.06470926,-1.49018409,-0.24578387,-1.02914742,0.90038605,0.31367180,0.30330873,0.49604492,0.78482990,0.70239446,0.11321176,0.16655465,0.20138856,0.90038605,1.17396083,1.11698430,1.10482237,0.31367180,0.46236805,0.84758844,0.30330873,0.78847738,0.49604492,1.14773828,1.72944004,1.86429127,1.63980968,1.24414953
267,0.06747687,0.03908749,0.04132294,0.04745299,0.04687277,0.50538578,-0.92478296,0.30933204,-1.48800476,0.11933413,-1.58445392,-0.06563626,-1.34471338,-0.23634601,-0.93031119,0.95107467,0.30796341,0.30376033,0.45165471,0.83904225,0.71031243,0.10993017,0.17296266,0.20494078,0.95107467,1.22963171,1.17658647,1.15340202,0.30796341,0.44770233,0.79313329,0.30376033,0.74886944,0.45165471,1.07305009,1.61252597,1.76187754,1.53490410,1.17705841
268,0.06783310,0.04085705,0.04061312,0.04571207,0.04863326,0.52136809,-0.94107294,0.32151075,-1.49802813,0.12693917,-1.60587488,-0.05045560,-1.35757052,-0.24106932,-0.93240934,0.95173651,0.30492338,0.30538133,0.46719154,0.84445540,0.69661744,0.11043533,0.17079317,0.20338699,0.95173651,1.22783913,1.17837638,1.18580882,0.30492338,0.44371846,0.81418892,0.30538133,0.76882005,0.46719154,1.09633540,1.62268326,1.77397641,1.54289785,1.18893949
269,0.06776293,0.03982097,0.03845712,0.04362770,0.04629516,0.55113138,-1.01592183,0.35995129,-1.56748428,0.14263260,-1.68764595,-0.04634082,-1.44198654,-0.25340370,-1.00694192,0.92076679,0.30932697,0.31250413,0.48208242,0.86426366,0.65393030,0.10821822,0.16320092,0.19582064,0.92076679,1.19239465,1.12788231,1.16334479,0.30932697,0.44909615,0.84073885,0.31250413,0.78953639,0.48208242,1.16641030,1.70135178,1.84804247,1.60333943,1.24293181
270,0.05800344,0.03702479,0.03524192,0.04258229,0.04178448,0.60277997,-1.10003917,0.39218374,-1.65854292,0.14582002,-1.78165819,-0.05604618,-1.52336410,-0.27651451,-1.07568402,0.90713862,0.32750140,0.33461131,0.49905408,0.89247279,0.63988493,0.11031120,0.15328488,0.18885130,0.90713862,1.18892965,1.11466693,1.18073878,0.32750140,0.48095126,0.89320370,0.33461131,0.82586064,0.49905408,1.25804539,1.80251483,1.94408984,1.67621172,1.30832075
271,0.06232835,0.04029921,0.03706815,0.04658076,0.04543509,0.60501233,-1.08869096,0.41224936,-1.59882780,0.15738264,-1.73279426,-0.06263030,-1.49576229,-0.28587977,-1.06833583,0.87465360,0.32833093,0.33764049,0.48321405,0.94345153,0.64480357,0.11127323,0.15381293,0.18984243,0.87465360,1.15046105,1.07976434,1.14162611,0.32833093,0.48972135,0.87732069,0.33764049,0.80893642,0.48321405,1.24617035,1.77196945,1.91543459,1.65432081,1.29456957
272,0.05655000,0.03329218,0.02725053,0.03642586,0.03563886,0.71719460,-1.29039264,0.47657660,-1.85278882,0.18420597,-2.01648072,-0.05506364,-1.73765309,-0.33108469,-1.23824255,0.88468491,0.35397437,0.37270408,0.57082671,0.93186344,0.58152615,0.11183770,0.13407193,0.17459368,0.88468491,1.17415989,1.12847953,1.24791414,0.35397437,0.54640248,1.01551654,0.37270408,0.93663984,0.57082671,1.47659694,2.00795010,2.15040592,1.86008698,1.43522477
273,0.05530519,0.03443775,0.02615131,0.03460304,0.03530870,0.76134709,-1.30691902,0.52770833,-1.86212267,0.21862179,-2.01299301,-0.05056394,-1.75791035,-0.33248451,-1.26325488,0.84849245,0.35894866,0.37865007,0.56957565,0.89164258,0.52017659,0.11045649,0.12990560,0.17051716,0.84849245,1.13291042,1.11880885,1.25216462,0.35894866,0.58817271,1.04817979,0.37865007,0.93507213,0.56957565,1.51251268,2.02477900,2.14158963,1.86506046,1.43961620
274,0.04782691,0.03968653,0.03193961,0.03782108,0.04025425,0.79526204,-1.34199062,0.57592368,-1.83959934,0.25091580,-1.96068239,-0.03640326,-1.74014464,-0.32411285,-1.27134636,0.81960461,0.36597224,0.37780973,0.55046650,0.98268534,0.61324810,0.11347458,0.12774360,0.17086517,0.81960461,1.10091895,1.11254478,1.27246872,0.36597224,0.62042133,1.06448421,0.37780973,0.90691328,0.55046650,1.56014845,2.03090327,2.11636354,1.85747268,1.45418161
275,0.04172950,0.03926398,0.03033907,0.03200704,0.03948853,0.90664992,-1.46934999,0.63453810,-1.94761789,0.28049116,-2.04348179,-0.01739380,-1.82507000,-0.37810579,-1.31831370,0.82648799,0.37057932,0.37256228,0.62210304,0.98085510,0.60785246,0.11389644,0.11343867,0.16075052,0.82648799,1.08163541,1.16871437,1.43918126,0.37057932,0.66336329,1.19233764,0.37256228,0.98036787,0.62210304,1.72658973,2.14222191,2.17181732,1.93125185,1.51393686
276,0.04202718,0.04012746,0.03681738,0.03422680,0.04076568,0.97025931,-1.38960178,0.69440575,-1.75198316,0.34283097,-1.82845621,0.02124521,-1.57773746,-0.36078109,-1.19271753,0.73338188,0.35981265,0.40949375,0.54294833,0.96023190,0.59621929,0.11289279,0.10124384,0.15164134,0.73338188,0.95954093,1.10837319,1.45951652,0.35981265,0.69617866,1.19427174,0.40949375,0.94836640,0.54294833,1.69497863,1.96354716,1.94126745,1.66048789,1.35881414
277,0.05594864,0.02235512,0.03740706,0.04905790,0.06325880,1.06239195,-1.40127413,0.81531260,-1.57221807,0.38670470,-1.63219864,0.02765909,-1.50253129,-0.37637315,-1.13032541,0.64504574,0.43586311,0.38317345,0.55088482,1.06487618,0.65293097,0.11013041,0.09248324,0.14381188,0.64504574,0.88279771,1.14766084,1.55607492,0.43586311,0.79526397,1.27172620,0.38317345,0.91336187,0.55088482,1.75866405,1.85307586,1.74847962,1.57174190,1.29263511
278,0.05566653,0.07407433,0.05007583,0.07013235,0.07902383,2.05598608,-2.05396743,0.75879818,-1.56184424,0.58680554,-1.98381869,0.25177380,-2.00613795,-0.42496476,-1.68280362,1.64052038,0.47277011,0.34118065,0.75035155,1.24877609,-0.22700476,0.06127602,0.06505987,0.08937302,1.64052038,1.65080224,1.93188566,2.59558531,0.47277011,0.69945637,1.20813955,0.34118065,1.05885855,0.75035155,2.90856830,2.00048991,2.24327966,2.17695049,1.90465624
279,0.06430119,0.07549746,0.05623831,0.08466420,0.10714719,1.32866087,-0.91820628,1.15555418,-0.95706286,0.65983441,-0.91352487,0.17212565,-0.75104767,-0.41599042,-0.60889400,0.59845332,0.49943065,0.51654526,0.60506039,0.80841337,0.42611554,0.10150097,0.10114897,0.14329536,0.59845332,0.85285229,1.26274776,1.83616931,0.49943065,1.00906984,1.61215604,0.51654526,1.11912960,0.60506039,1.61571798,1.62248496,1.26512447,0.93204114,0.90670194
280,0.16081662,0.07502720,0.06304008,0.08152008,0.11948168,-0.59307069,-0.00347936,-0.09466694,-0.05020999,0.29651025,-0.14850268,0.64231509,-0.25450774,0.84843610,-0.31456729,0.55888635,0.44446147,0.38904747,0.24859139,-0.79849047,-0.40022379,0.09008796,0.11896407,0.14922563,0.55888635,0.90344091,1.26326485,1.48912651,0.44446147,0.83295007,1.08012884,0.38904747,0.63589676,0.24859139,0.80036642,0.79323447,0.68488086,0.82777395,0.96337774
281,0.09427447,0.04911311,0.01753909,0.04716719,0.12074076,0.85472471,0.06496069,1.00614108,0.06287263,0.74900467,0.23251472,0.24838979,0.33020745,-0.26561028,0.33404865,0.35584339,0.31177411,0.51465955,0.51465446,0.66162650,0.74970383,0.12440880,0.13133766,0.18090641,0.35584339,0.41973019,0.79401146,1.24225066,0.31177411,0.81195450,1.30810915,0.51465955,1.02403627,0.51465446,0.85813740,1.07124130,0.88513115,0.63260705,0.66093509
282,0.07483315,0.03641214,0.09054764,0.41816312,0.39787029,1.09933196,0.30098977,1.30983854,0.49834972,0.67850622,1.17838232,0.20863473,0.95581137,-0.08897504,0.92007700,0.43718929,0.92860165,0.52670043,0.30315250,1.47074566,1.45188163,0.11359882,0.11576701,0.16219338,0.43718929,1.01616568,1.12498618,1.36372576,0.92860165,1.19846243,1.46291031,0.52670043,0.81071862,0.30315250,1.14587146,1.47079171,1.42040215,1.03131492,0.99628883
283,0.10025644,0.23821620,0.24724572,0.24258298,0.26976119,-0.92372623,0.55063193,-1.02256091,-0.09368791,-0.95304106,-0.22783552,-0.67626649,-0.39525626,-0.01354790,-0.29127661,0.74756987,0.19716707,0.35296840,0.67441198,-0.65608892,0.32096047,0.06937019,0.08405671,0.10898510,0.74756987,0.92172815,1.16524064,1.42546779,0.19716707,0.53164732,1.08211605,0.35296840,0.96491973,0.67441198,1.07707644,1.07139727,1.07106854,0.97091309,0.70614875
284,0.09799005,0.22116604,0.25308991,0.26022218,0.29085789,-0.93107528,0.60439428,-1.02683506,-0.02937939,-0.96934552,-0.17269128,-0.68186835,-0.36495216,-0.02593330,-0.25901706,0.74955758,0.17881862,0.38073935,0.66885170,-0.66821697,0.34094998,0.07167417,0.08462575,0.11089952,0.74955758,0.91353342,1.18691990,1.44070034,0.17881862,0.54205050,1.07745853,0.38073935,0.97630097,0.66885170,1.11288155,1.07276256,1.06250133,0.95399957,0.68655891
285,0.09275080,0.17054646,0.24279278,0.23837573,0.25985073,-0.74558726,0.34810645,-1.04247634,-0.23974478,-0.93656069,-0.46796180,-0.62220049,-0.66435590,-0.00046827,-0.54016261,0.79952973,0.25505078,0.37224571,0.63517287,-0.65220200,0.14364227,0.05891818,0.08920207,0.10690351,0.79952973,0.97347415,1.14918428,1.29097188,0.25505078,0.60225945,1.09047034,0.37224571,0.94167535,0.63517287,0.82462256,1.18394387,1.18229634,1.08120512,0.82370385
286,0.14648461,0.22202274,0.21382354,0.20591265,0.13575552,0.19636698,-0.58001532,-0.53408564,-0.66548749,-0.70193442,-0.54562605,-0.77787322,-0.31514046,-0.72853934,-0.06300437,0.76142381,0.23827897,0.29524105,0.27520299,0.30423403,0.30832161,0.07085073,0.09648566,0.11970509,0.76142381,0.90232934,1.01363060,1.07630418,0.23827897,0.51460459,0.74154250,0.29524105,0.55209920,0.27520299,0.76062833,1.07171695,1.03458901,0.91361101,0.77688129
287,0.18710057,0.27892124,0.28668837,0.23990746,0.18349432,0.44930871,-0.32295005,0.29747824,-0.16322966,-0.34363547,-0.41389918,-0.76838950,-0.22066142,-0.92212989,0.11597462,0.31829076,0.70136492,0.47068455,0.38138042,0.68287755,0.47842999,0.07980218,0.05485599,0.09683784,0.31829076,0.80381375,1.22245344,1.44114758,0.70136492,1.08524027,1.28388708,0.47068455,0.79940083,0.38138042,0.70755534,0.75159549,0.75960645,0.92978446,1.00506556
288,0.14023860,0.21106045,0.20793732,0.18284526,0.16124129,0.31110145,-0.38988343,-0.34567874,-0.64777613,-0.56875945,-0.56008969,-0.73591236,-0.42750866,-0.76962218,-0.13809953,0.74255184,0.28456520,0.26255740,0.30548364,0.28694255,0.21126327,0.07232547,0.08489707,0.11152796,0.74255184,0.89955703,1.05037590,1.12214238,0.28456520,0.54284797,0.77334407,0.26255740,0.52759952,0.30548364,0.67618164,1.00611863,0.96066420,0.93265611,0.83384628
289,0.07975661,0.13113298,0.11526476,0.11790510,0.11006465,-0.75701777,-0.24136325,-0.69593415,-0.69748013,-0.61471507,-0.83811352,-0.38819313,-0.79916344,-0.10379595,-0.72657577,0.60284157,0.17312786,0.24659672,0.29551701,-0.51463589,0.36603736,0.04134661,0.09839721,0.10673122,0.60284157,0.69633394,0.71050373,0.83932153,0.17312786,0.35685044,0.62065223,0.24659672,0.53737848,0.29551701,0.81246506,1.13283332,1.15297138,0.97837067,0.82436420
290,0.06366249,0.05518123,0.04609910,0.05260722,0.04826943,-0.80119732,-0.51058680,-0.80039710,-1.03301367,-0.63561118,-1.33398496,-0.36143650,-1.42955497,-0.05357844,-1.34029365,0.62230618,0.34331407,0.30653893,0.32661600,-0.42447816,0.01216427,0.04164437,0.08194282,0.09191778,0.62230618,0.90125476,1.04410263,1.12909863,0.34331407,0.60160531,0.82573022,0.30653893,0.60392543,0.32661600,0.96957164,1.41082146,1.56663718,1.53377195,1.38867998
291,0.16244562,0.27389541,0.24062313,0.18911518,0.23871733,-0.92803951,0.26223539,-0.76262856,-0.23703520,-0.61188885,-0.40981378,-0.33659412,-0.54471274,0.33483225,-0.32354699,0.57786964,0.23075516,0.30814749,0.70699660,-0.44367016,0.22924503,0.07837482,0.08369281,0.11466080,0.57786964,0.78866735,1.04348651,1.42112384,0.23075516,0.52861117,1.10183822,0.30814749,0.95086112,0.70699660,0.99256886,0.92882024,0.89025547,0.83206586,0.69840241
292,0.12162090,0.11681763,0.15230104,0.14815911,0.15678800,-0.86899886,-0.01975246,-0.76852778,-0.55198875,-0.64401505,-0.68886307,-0.40396840,-0.77552666,0.15637173,-0.45722744,0.65552753,0.19151786,0.25991931,0.64540117,-0.54557036,0.36494271,0.07316229,0.09778650,0.12212666,0.65552753,0.82073242,1.00318581,1.22311052,0.19151786,0.43886791,0.93934359,0.25991931,0.83751099,0.64540117,0.87698560,1.06358215,1.08425141,1.05169907,0.78579102
293,0.09004569,0.01950040,0.07376976,0.08611809,0.09057129,-0.95827412,-0.33986698,-0.85788036,-0.98776679,-0.66371683,-1.10415797,-0.40291170,-1.15007697,0.14907808,-0.84696605,0.84236744,0.23708082,0.26488420,0.63000291,-0.79138551,0.34647162,0.06970332,0.09090295,0.11455086,0.84236744,1.01493829,1.14757556,1.34687202,0.23708082,0.48733489,1.01780190,0.26488420,0.85286140,0.63000291,1.02604185,1.46833209,1.48421885,1.42107546,1.11696081
294,0.08893081,0.04925842,0.08522002,0.08904555,0.09714306,-0.87499437,-0.37053066,-0.82966171,-0.87631341,-0.64568607,-1.09819243,-0.38261256,-1.17894934,0.09623169,-0.90082730,0.75707595,0.29374128,0.27631382,0.55472797,-0.73055309,0.02326448,0.06714399,0.09891680,0.11955270,0.75707595,0.98191971,1.11709915,1.24037192,0.29374128,0.54078469,0.92621854,0.27631382,0.76988993,0.55472797,0.95852619,1.38883736,1.47533282,1.43302090,1.13657688
295,0.09251864,0.05251073,0.08765091,0.12248371,0.11627715,-0.86767996,-0.28807354,-0.83259363,-0.86005121,-0.67806794,-1.09293432,-0.40455761,-1.16627431,0.05968405,-0.90689114,0.78584523,0.29328284,0.28335496,0.53429761,-0.66558208,-0.15975307,0.06689728,0.09906043,0.11953332,0.78584523,1.03750765,1.17950550,1.25907462,0.29328284,0.53553760,0.89476003,0.28335496,0.76198157,0.53429761,0.92180217,1.36475718,1.48606283,1.44679091,1.14890942
296,0.05641800,0.04093721,0.05807353,0.08009092,0.09735209,-0.82235546,-0.43548579,-0.83579874,-0.93375415,-0.72575196,-1.14491166,-0.43491838,-1.16103731,0.03426884,-0.91698186,0.76157466,0.24564109,0.29620318,0.53251952,-0.73779035,-0.02398591,0.06583894,0.10074901,0.12035418,0.76157466,0.95775692,1.00781142,1.11182121,0.24564109,0.46087509,0.87200994,0.29620318,0.80190425,0.53251952,0.94152941,1.44488447,1.56371899,1.43662370,1.13236478
297,0.07134599,0.04279434,0.06696318,0.08117359,0.09406452,-0.77140324,-0.39056010,-0.85220840,-0.88219345,-0.72735786,-1.10508670,-0.44368537,-1.12695183,0.01298411,-0.85641934,0.76158546,0.26089325,0.29139317,0.53375201,-0.77826465,0.06750606,0.06196364,0.10185750,0.11922434,0.76158546,0.95288059,0.98486514,1.04505575,0.26089325,0.47633918,0.86810760,0.29139317,0.79002047,0.53375201,0.87759947,1.42548069,1.53536401,1.40706482,1.08132228
298,0.08538239,0.04824235,0.07474037,0.08105777,0.11382927,-0.67335068,-0.28941508,-0.76024270,-0.69074199,-0.61647538,-1.03093514,-0.34715126,-1.09366887,0.06662013,-0.76540660,0.65024586,0.37069050,0.27781690,0.53024654,-0.65785693,-0.05030355,0.06300370,0.10874422,0.12567726,0.65024586,0.91671531,1.00629689,0.99396398,0.37069050,0.57707963,0.83127666,0.27781690,0.73657012,0.53024654,0.75616504,1.23756019,1.40151272,1.34171258,1.00540523
299,0.10598098,0.04095084,0.06016241,0.07780907,0.08181148,-0.74853952,-0.27808940,-0.71271312,-0.87201791,-0.55392787,-1.15276106,-0.30193848,-1.18766920,0.07688294,-0.93023836,0.79490056,0.32256888,0.26107041,0.46759484,-0.63227166,-0.26321072,0.06499008,0.10275221,0.12158013,0.79490056,1.04193701,1.11828518,1.11810823,0.32256888,0.52085795,0.80549482,0.26107041,0.68614537,0.46759484,0.82156267,1.33685507,1.47008707,1.39484384,1.09476245
300,0.08179263,0.04029131,0.05120492,0.05408804,0.04625686,-0.69101465,-0.37349534,-0.63836055,-0.97451014,-0.45438686,-1.25572511,-0.20332553,-1.27812687,0.18700690,-0.98807559,0.82402975,0.33642667,0.26279862,0.49999702,-0.70200782,-0.07586404,0.06008947,0.10704314,0.12275577,0.82402975,1.06381130,1.13048681,1.12892314,0.33642667,0.53814162,0.85092647,0.26279862,0.72065556,0.49999702,0.80922739,1.38868584,1.52666818,1.45528281,1.14585191
301,0.08695825,0.03225491,0.04638548,0.05731712,0.04673895,-0.77734515,-0.51304910,-0.68523368,-1.26387804,-0.47086318,-1.51684668,-0.22863407,-1.54792721,0.18319870,-1.27287208,0.93184994,0.33270878,0.24902953,0.50280027,-0.68797147,-0.09205522,0.06208653,0.09547704,0.11388855,0.93184994,1.19505441,1.28271011,1.29999370,0.33270878,0.53816807,0.87520122,0.24902953,0.71113190,0.50280027,0.94099485,1.58965244,1.73793813,1.69701162,1.40665550
302,0.10598942,0.03060721,0.03586893,0.04450355,0.03845597,-0.78847441,-0.58779187,-0.67236106,-1.43224088,-0.38219282,-1.72340144,-0.10691053,-1.73963607,0.20446105,-1.46153407,0.98528997,0.41154925,0.30104913,0.43122016,-0.66751222,-0.16510033,0.06153802,0.09220114,0.11085115,0.98528997,1.29595889,1.38425468,1.34520556,0.41154925,0.65882379,0.91189851,0.30104913,0.68195483,0.43122016,0.99683824,1.71317819,1.87666701,1.81774355,1.53117913
303,0.11658797,0.02704589,0.02987045,0.03609937,0.03249012,-0.86475546,-0.66051556,-0.67782783,-1.75997114,-0.44820078,-2.14143146,-0.14857159,-2.13945044,0.11652295,-1.86322271,1.19064412,0.45210033,0.34703575,0.40538662,-0.56428037,-0.30553221,0.06361450,0.08090637,0.10292057,1.19064412,1.57519740,1.65133019,1.55252181,0.45210033,0.69885064,0.88953183,0.34703575,0.70099402,0.40538662,1.11032834,1.99090912,2.25820073,2.17875581,1.88365895
304,0.13036030,0.02620710,0.02696001,0.03347929,0.03366705,-0.90585417,-0.62350793,-0.60595916,-1.78416843,-0.39601260,-2.09354520,-0.15549492,-2.11530029,0.08723394,-1.86037447,1.25925943,0.39207532,0.31634794,0.37209613,-0.49940163,-0.38158721,0.06097023,0.07686513,0.09811023,1.25925943,1.57877320,1.67107084,1.58724941,0.39207532,0.64535928,0.82617845,0.31634794,0.62729458,0.37209613,1.12793884,1.98882875,2.19281918,2.14412796,1.87243285
305,0.12000323,0.02521749,0.02863099,0.03533252,0.03928964,-0.98016778,-0.74770457,-0.54860133,-1.98286944,-0.33673363,-2.21360153,-0.10817313,-2.11889593,0.11775979,-1.78226463,1.38669193,0.35876775,0.35842196,0.42470095,-0.64768778,-0.43039771,0.05549550,0.07205631,0.09094977,1.38669193,1.62597462,1.62516852,1.51196363,0.35876775,0.63327900,0.89370920,0.35842196,0.73586372,0.42470095,1.26521492,2.18773732,2.31024695,2.14414146,1.79552156
306,0.06856269,0.02511290,0.03057139,0.04441784,0.05111911,-0.82051100,-1.17628838,-0.68908172,-1.76010538,-0.45875279,-1.87484905,-0.16173844,-1.69144236,0.18933476,-1.26736704,0.89628708,0.27331190,0.34930113,0.55085322,-0.90773309,0.44353872,0.13001886,0.15051899,0.19889914,0.89628708,1.09336860,1.12123461,1.24836215,0.27331190,0.53772157,1.00902246,0.34930113,0.88883043,0.55085322,1.43419456,2.00604393,2.07585089,1.85792041,1.47619387
307,0.05873028,0.02700060,0.03315971,0.04748564,0.05084083,-0.78096405,-1.15502261,-0.68280848,-1.70791440,-0.45172392,-1.83636180,-0.14140247,-1.66873932,0.18748662,-1.26010775,0.86570577,0.27714012,0.35347167,0.52503150,-0.90730626,0.47094565,0.12972496,0.15293901,0.20054652,0.86570577,1.05980005,1.09058835,1.19725581,0.27714012,0.54610079,0.97945177,0.35347167,0.86184098,0.52503150,1.39434274,1.95872616,2.03679309,1.82815243,1.45872112
308,0.06406445,0.02736843,0.03401391,0.04769106,0.05321238,-0.78467651,-1.12796479,-0.66025970,-1.70525758,-0.42642033,-1.81787379,-0.12746402,-1.67315230,0.18689727,-1.24711395,0.87495742,0.27446383,0.33528654,0.52995050,-0.88903234,0.41818387,0.12881248,0.15470154,0.20130877,0.87495742,1.06974045,1.09725162,1.18413327,0.27446383,0.53552818,0.96332800,0.33528654,0.84060663,0.52995050,1.37437582,1.94935749,2.01771739,1.82549229,1.44042470
309,0.07081166,0.02687704,0.03060802,0.04461578,0.05217194,-0.82142196,-1.12292272,-0.65441404,-1.75652525,-0.41445471,-1.88137836,-0.12124022,-1.71618376,0.20080277,-1.26449859,0.90254986,0.27671547,0.33881971,0.55489860,-0.82361776,0.38313362,0.12887438,0.15149275,0.19889359,0.90254986,1.09633243,1.11875476,1.20720240,0.27671547,0.53504085,0.98667037,0.33881971,0.87284217,0.55489860,1.39187241,1.98757762,2.05637865,1.85000010,1.44348909
310,0.07274006,0.02625157,0.02987778,0.04406779,0.05253335,-0.79494105,-1.10236316,-0.62827608,-1.71922345,-0.38841018,-1.85797523,-0.11121029,-1.70041443,0.20300696,-1.26566487,0.89107335,0.28524344,0.32242607,0.53749041,-0.78862934,0.34593328,0.12775012,0.15544605,0.20120529,0.89107335,1.10024399,1.11166667,1.17931879,0.28524344,0.51778487,0.94707435,0.32242607,0.84101862,0.53749041,1.35954445,1.94444920,2.03142681,1.83317064,1.43354521
311,0.07382781,0.02753375,0.03006605,0.04545597,0.04830920,-0.79571609,-1.08228925,-0.62317081,-1.72065801,-0.37978370,-1.86505717,-0.11600442,-1.67492679,0.20865695,-1.27595829,0.88430557,0.28669767,0.32795004,0.51608905,-0.74037613,0.34478416,0.12591143,0.15622699,0.20065035,0.88430557,1.08924026,1.07783343,1.16056308,0.28669767,0.50923417,0.94403506,0.32795004,0.83694556,0.51608905,1.34421208,1.93740484,2.02180733,1.79651636,1.42417195
312,0.06940740,0.02456612,0.03017254,0.04379362,0.04883179,-0.78128135,-1.04393540,-0.59983755,-1.71482000,-0.35662405,-1.84622690,-0.09861465,-1.64105184,0.20574178,-1.23178743,0.89588152,0.28524903,0.33728297,0.51275993,-0.71838180,0.33254079,0.12528354,0.16019563,0.20336815,0.89588152,1.10818211,1.06817601,1.12741957,0.28524903,0.50662335,0.94084129,0.33728297,0.84215276,0.51275993,1.30595350,1.92554774,2.00942157,1.76316983,1.37879364
313,0.06390606,0.02665299,0.03453345,0.04528169,0.05117737,-0.79105767,-1.05885013,-0.60017731,-1.70394256,-0.35657262,-1.85944027,-0.09749382,-1.67881137,0.19540567,-1.24605196,0.86791033,0.29738168,0.32824343,0.52442204,-0.71029760,0.31098390,0.12423844,0.15967265,0.20231299,0.86791033,1.10099738,1.07016554,1.11502429,0.29738168,0.50368205,0.92013181,0.32824343,0.83591880,0.52442204,1.32429576,1.91356667,2.01894306,1.78941543,1.38307120
314,0.06765992,0.02564268,0.03270098,0.04412532,0.05141877,-0.80128975,-1.07202072,-0.59729913,-1.70428285,-0.35423067,-1.87261521,-0.09813437,-1.70124311,0.18662716,-1.25851826,0.86032601,0.31145250,0.32090314,0.52777752,-0.70664400,0.29176621,0.12259835,0.15947568,0.20115380,0.86032601,1.12081242,1.09467087,1.13041621,0.31145250,0.49924331,0.90229478,0.32090314,0.82822431,0.52777752,1.33981150,1.90560830,2.03244916,1.81219303,1.39760641
315,0.06958607,0.02489974,0.03202446,0.04201055,0.05227050,-0.79678865,-1.08165926,-0.59149366,-1.72013784,-0.34245548,-1.89181550,-0.08504170,-1.72308754,0.19868666,-1.25640288,0.86128231,0.31151450,0.31747250,0.54683131,-0.67508698,0.30218164,0.12276708,0.15842317,0.20042369,0.86128231,1.11392377,1.09836901,1.13210101,0.31151450,0.50647161,0.91670879,0.31747250,0.84117203,0.54683131,1.34433602,1.91202901,2.03388150,1.82193480,1.38935989
316,0.06821131,0.02704462,0.03459234,0.04430408,0.05217969,-0.77819454,-1.08718508,-0.56779555,-1.70692771,-0.32834594,-1.86300648,-0.07154888,-1.70160774,0.20876378,-1.24890425,0.85010124,0.29205463,0.31284729,0.53391235,-0.67374253,0.31461903,0.12325006,0.15979044,0.20180079,0.85010124,1.08040736,1.07394806,1.11217209,0.29205463,0.49655548,0.90330898,0.31284729,0.82405427,0.53391235,1.33844838,1.89785173,2.00514964,1.80181386,1.38006221
317,0.06793076,0.02490830,0.03360669,0.04357712,0.05210030,-0.77766803,-1.09759965,-0.56697916,-1.74408803,-0.32380084,-1.89272507,-0.05942536,-1.72549821,0.22163809,-1.26616517,0.86166124,0.29291777,0.32194850,0.53938045,-0.67060355,0.34204174,0.12321353,0.15864479,0.20087245,0.86166124,1.09292757,1.08689584,1.12566551,0.29291777,0.50796500,0.92296784,0.32194850,0.83755961,0.53938045,1.34654828,1.92652972,2.02973816,1.82185124,1.39846394
318,0.06601453,0.02645172,0.03458356,0.04386676,0.05157317,-0.77503575,-1.09124093,-0.56392820,-1.73538786,-0.32467858,-1.90037793,-0.06954597,-1.73214980,0.20083884,-1.27014153,0.86629108,0.29560850,0.31520604,0.53658494,-0.66797471,0.29298324,0.12205829,0.16097365,0.20201669,0.86629108,1.09987938,1.08397734,1.10186042,0.29560850,0.49493465,0.89718040,0.31520604,0.82848932,0.53658494,1.34005311,1.92228598,2.03733753,1.82847332,1.39647618
319,0.06722551,0.02860339,0.03369227,0.04285229,0.04586709,-0.73387458,-1.07421501,-0.53333169,-1.72667415,-0.31379613,-1.86872540,-0.05505406,-1.66958879,0.20600055,-1.24589770,0.86983581,0.26440398,0.33345447,0.50164001,-0.69382159,0.26405915,0.12396365,0.16598773,0.20716880,0.86983581,1.06873285,1.03729320,1.05504145,0.26440398,0.48251846,0.88665467,0.33345447,0.82171612,0.50164001,1.30311043,1.90859313,2.00427652,1.77008055,1.36654935
320,0.06890641,0.02686963,0.03287168,0.04180158,0.04366847,-0.72954164,-1.07523538,-0.53403647,-1.74198160,-0.30794436,-1.90156512,-0.05946579,-1.69186284,0.20030754,-1.27393170,0.87942029,0.27950043,0.33133617,0.49642931,-0.68903052,0.26483117,0.12260768,0.16614195,0.20648436,0.87942029,1.09314349,1.04591554,1.05151182,0.27950043,0.47784254,0.87547186,0.33133617,0.81790069,0.49642931,1.30135502,1.92170059,2.03308638,1.79157551,1.39078569
321,0.06709828,0.02737753,0.03359563,0.04234000,0.04495678,-0.71988030,-1.05676488,-0.52400375,-1.73852234,-0.29347754,-1.89563616,-0.05344935,-1.68441201,0.20005795,-1.26275767,0.89033410,0.28374735,0.32654969,0.49636852,-0.70208292,0.29200878,0.12417853,0.16815985,0.20904076,0.89033410,1.11063604,1.05458800,1.04798886,0.28374735,0.47387883,0.87009554,0.32654969,0.81336946,0.49636852,1.28117724,1.91816081,2.03190429,1.79014457,1.38709195
322,0.06760190,0.02743541,0.03299188,0.04144341,0.04607533,-0.70745035,-1.03203779,-0.51244073,-1.70751890,-0.29386111,-1.87515104,-0.05732253,-1.67433398,0.19665705,-1.23857461,0.88419742,0.28098984,0.31603456,0.50779980,-0.69423888,0.30992166,0.12462558,0.17146455,0.21197081,0.88419742,1.10994054,1.05730017,1.04095276,0.28098984,0.45634883,0.85249649,0.31603456,0.81238763,0.50779980,1.25302487,1.88202164,2.00906311,1.77905459,1.36530252
323,0.06478368,0.02689019,0.03347625,0.04140064,0.04476889,-0.69286133,-0.98806150,-0.50160133,-1.66096306,-0.28329580,-1.81322400,-0.05557674,-1.62244163,0.18957065,-1.21019917,0.88976585,0.27115469,0.30393202,0.48399946,-0.70544276,0.29990182,0.12384871,0.17654821,0.21565661,0.88976585,1.10027234,1.04757388,1.02533294,0.27115469,0.44785624,0.82878375,0.30393202,0.77711740,0.48399946,1.20844617,1.84023042,1.95200127,1.73101586,1.33706115
324,0.06806887,0.02826019,0.03318754,0.04093081,0.04335261,-0.68272412,-0.99782385,-0.49903004,-1.68065551,-0.28726362,-1.83366025,-0.05834601,-1.64606630,0.18783225,-1.22791573,0.89676099,0.26658978,0.30086171,0.48914295,-0.70493010,0.30877884,0.12451983,0.17641240,0.21593176,0.89676099,1.10477325,1.05504933,1.02457057,0.26658978,0.44204056,0.82503708,0.30086171,0.77848865,0.48914295,1.20997997,1.85279454,1.96734666,1.75240992,1.35315559
325,0.06518882,0.02754695,0.03293367,0.04057678,0.04263587,-0.67495182,-0.99138217,-0.49298300,-1.67439445,-0.27868525,-1.82195339,-0.05417020,-1.62773521,0.18894193,-1.21650419,0.89273167,0.26508440,0.30270277,0.48214169,-0.70015907,0.31398149,0.12514844,0.17882451,0.21826666,0.89273167,1.09641029,1.03851883,1.00969302,0.26508440,0.44136739,0.82468419,0.30270277,0.77505022,0.48214169,1.20075255,1.84690464,1.95586753,1.73399894,1.34035463
326,0.06372001,0.02586661,0.03149857,0.03887167,0.04312283,-0.67402382,-0.98910987,-0.48410677,-1.68100777,-0.27664100,-1.83095900,-0.05581128,-1.64555776,0.19100130,-1.22382155,0.89639639,0.26162588,0.29321572,0.49171345,-0.68903437,0.33418518,0.12395786,0.17852468,0.21733985,0.89639639,1.10288642,1.05009234,1.01830981,0.26162588,0.42976080,0.81713436,0.29321572,0.77394019,0.49171345,1.19834894,1.84793990,1.96238968,1.75118547,1.35185923
327,0.06346343,0.02659325,0.03101365,0.03829205,0.04211783,-0.67430797,-1.00713085,-0.47458659,-1.69976937,-0.26734648,-1.85346174,-0.04786943,-1.66081627,0.19510995,-1.24717618,0.90014763,0.26284721,0.29695005,0.48339573,-0.69305460,0.33598560,0.12570453,0.17803922,0.21794402,0.90014763,1.10867232,1.05188083,1.01985288,0.26284721,0.42850682,0.81074888,0.29695005,0.77089485,0.48339573,1.21329975,1.86229127,1.98057785,1.76351149,1.36972335
328,0.06377381,0.02491888,0.02992739,0.03717159,0.04064520,-0.67456494,-1.02052943,-0.47931602,-1.73336469,-0.26469164,-1.87624350,-0.04224054,-1.69065859,0.19968801,-1.26578692,0.90999505,0.26305373,0.29461658,0.49239484,-0.69110711,0.33706962,0.12509797,0.17608631,0.21599974,0.90999505,1.11362660,1.06264009,1.02291999,0.26305373,0.43915931,0.82659193,0.29461658,0.77514056,0.49239484,1.22464488,1.89202969,1.99996278,1.78994050,1.38593838
329,0.06580484,0.02557185,0.02986377,0.03677134,0.04067616,-0.65789471,-0.98358212,-0.47542117,-1.68834720,-0.26889804,-1.84402028,-0.04836455,-1.66318065,0.19457334,-1.23204912,0.90972380,0.26443603,0.28986970,0.49890249,-0.70916802,0.34165292,0.12444014,0.17975382,0.21862476,0.90972380,1.11914342,1.06518088,1.01200918,0.26443603,0.42781032,0.81283628,0.28986970,0.77625775,0.49890249,1.18459508,1.85390871,1.97544991,1.77000848,1.35932929
330,0.06525814,0.02738025,0.03047836,0.03743058,0.04045168,-0.65387212,-0.96537088,-0.46312065,-1.65743734,-0.25984123,-1.81587537,-0.04752445,-1.61979359,0.18977591,-1.20214708,0.89996489,0.26446868,0.29343507,0.48446235,-0.68969908,0.34126466,0.12346868,0.18256614,0.22039716,0.89996489,1.11405671,1.04874785,1.00314266,0.26446868,0.41738507,0.79782437,0.29343507,0.76925430,0.48446235,1.16686971,1.81877920,1.94541489,1.72699206,1.32908440
331,0.06439774,0.02758291,0.03051153,0.03761984,0.04066686,-0.63565005,-0.95179733,-0.44997427,-1.64593639,-0.25151221,-1.80149687,-0.04515976,-1.59555627,0.19293083,-1.18664802,0.90016727,0.26123416,0.29660345,0.47724652,-0.69252578,0.35628898,0.12488728,0.18532232,0.22347527,0.90016727,1.11454427,1.03541567,0.99266500,0.26123416,0.40816561,0.79160093,0.29660345,0.76760303,0.47724652,1.14509219,1.80151241,1.93029329,1.70225112,1.31356294
332,0.06352486,0.02733210,0.02988553,0.03705728,0.04050145,-0.62553084,-0.97002881,-0.44793357,-1.67316378,-0.24253058,-1.83017748,-0.03541632,-1.61968629,0.19882791,-1.21040405,0.90457157,0.26557994,0.30036765,0.47493456,-0.67973087,0.34851697,0.12672616,0.18373314,0.22319808,0.90457157,1.11723774,1.03387994,0.98869080,0.26557994,0.41600960,0.79687310,0.30036765,0.76896753,0.47493456,1.15456057,1.82294056,1.95040694,1.71879533,1.33141038
333,0.06471923,0.02675245,0.03018950,0.03708490,0.04128584,-0.60563928,-0.96251343,-0.43833152,-1.66811082,-0.23438612,-1.80750944,-0.02904885,-1.60223645,0.19822107,-1.19113909,0.90130033,0.25449502,0.29531909,0.47319553,-0.67200084,0.36864519,0.12756132,0.18636640,0.22584138,0.90130033,1.09888825,1.01781343,0.96644140,0.25449502,0.41461257,0.79698937,0.29531909,0.76118342,0.47319553,1.13757197,1.81467793,1.92694685,1.70132587,1.31248071
334,0.06311170,0.02690814,0.02872269,0.03536394,0.03933594,-0.59718765,-0.95514080,-0.41445985,-1.66012271,-0.22606188,-1.79997743,-0.02425410,-1.58976360,0.19866546,-1.17881412,0.90214347,0.24261515,0.29628671,0.47149593,-0.65823994,0.35706413,0.12586073,0.18899512,0.22706844,0.90214347,1.09749037,1.01154145,0.95565904,0.24261515,0.39658205,0.78127249,0.29628671,0.76117730,0.47149593,1.12692491,1.80180757,1.91917780,1.68994960,1.30030402
335,0.05715010,0.02701523,0.02814867,0.03482446,0.03905223,-0.59330978,-0.96425111,-0.41419679,-1.67496690,-0.21807155,-1.82174546,-0.01530480,-1.60198319,0.20577505,-1.18205270,0.89355384,0.25204253,0.30408362,0.47758398,-0.63684538,0.36084457,0.12560198,0.18778145,0.22591531,0.89355384,1.09611779,1.00306819,0.94816538,0.25204253,0.40553362,0.79358977,0.30408362,0.77504898,0.47758398,1.13287165,1.81130417,1.93363424,1.69551428,1.30045348
336,0.06004765,0.02590267,0.02741915,0.03426150,0.03747360,-0.60353184,-0.98519183,-0.41704725,-1.70848858,-0.21804683,-1.85012696,-0.01547780,-1.62307234,0.21228914,-1.20613962,0.89613822,0.25011586,0.30976746,0.47776302,-0.61535095,0.35489654,0.12602517,0.18551001,0.22426838,0.89613822,1.09453986,0.99682619,0.95307203,0.25011586,0.41057497,0.80709967,0.30976746,0.78210030,0.47776302,1.15613669,1.83896215,1.95452683,1.70850799,1.31641803
337,0.05615451,0.02415479,0.02573762,0.03226792,0.03677229,-0.60889388,-1.00818580,-0.42501210,-1.75243404,-0.22922964,-1.89668771,-0.01936710,-1.67967606,0.21138265,-1.24358204,0.91041507,0.24959657,0.30717448,0.49531827,-0.61309336,0.35075559,0.12469421,0.18292562,0.22138299,0.91041507,1.11043805,1.01933615,0.96324281,0.24959657,0.41211878,0.81602278,0.30717448,0.79422372,0.49531827,1.17858538,1.88073833,1.99967646,1.76256167,1.35325265
338,0.05630927,0.02390975,0.02534196,0.03147086,0.03782989,-0.60559826,-1.01323872,-0.42186976,-1.75429169,-0.22311427,-1.90609201,-0.01556536,-1.69407088,0.21153513,-1.24538798,0.91226085,0.25629863,0.30137721,0.50418047,-0.61633163,0.36376382,0.12567545,0.18350946,0.22241862,0.91226085,1.11888414,1.03156718,0.96903947,0.25629863,0.41075507,0.81318748,0.30137721,0.79585217,0.50418047,1.18094667,1.88178561,2.00789032,1.77738536,1.35910164
339,0.05757782,0.02394179,0.02582305,0.03159813,0.03772884,-0.59220612,-0.99522058,-0.41295585,-1.72250138,-0.21498269,-1.87544152,-0.01321958,-1.66516430,0.20960969,-1.22192283,0.91276235,0.25658209,0.29813038,0.49818563,-0.64342260,0.36125146,0.12652598,0.18700949,0.22579055,0.91276235,1.11887367,1.02469763,0.95674956,0.25658209,0.40387045,0.80050672,0.29813038,0.78684391,0.49818563,1.15864569,1.85696890,1.98522163,1.75419559,1.33907846
340,0.05830288,0.02468215,0.02641327,0.03170626,0.03879255,-0.57244799,-0.96724107,-0.39868430,-1.68575875,-0.21122996,-1.84146113,-0.01682227,-1.62921917,0.20538664,-1.17700010,0.91903712,0.25115864,0.29507202,0.50630697,-0.67813885,0.38377147,0.12762639,0.19119381,0.22987729,0.91903712,1.12384141,1.02006659,0.94406504,0.25115864,0.38604787,0.79160573,0.29507202,0.79261052,0.50630697,1.12442488,1.82643291,1.96082407,1.72769235,1.30505322
341,0.05888777,0.02409808,0.02603038,0.03175295,0.03815368,-0.57924782,-0.97196188,-0.39988743,-1.69697583,-0.21433932,-1.84397308,-0.02024063,-1.63266827,0.20422986,-1.18930584,0.91465321,0.24372160,0.29462617,0.49950254,-0.65114946,0.36682017,0.12651374,0.18996214,0.22823528,0.91465321,1.11218124,1.00917739,0.93843607,0.24372160,0.38515846,0.79133672,0.29462617,0.78585611,0.49950254,1.13191737,1.83106179,1.95642659,1.72314905,1.30627934
342,0.05811574,0.02319427,0.02544485,0.03091881,0.03701517,-0.57568033,-0.98445648,-0.39737371,-1.72217756,-0.20911075,-1.86792766,-0.01469124,-1.64448406,0.20581242,-1.19457477,0.92102000,0.24503016,0.30315663,0.50345000,-0.65401257,0.37319453,0.12651315,0.18981561,0.22811301,0.92102000,1.11845181,1.00778178,0.93375009,0.24503016,0.39054755,0.80332251,0.30315663,0.79907861,0.50345000,1.14098227,1.85327821,1.97778872,1.73433797,1.31185487
343,0.06241655,0.02107458,0.02483183,0.03071264,0.03736624,-0.58703291,-1.02510964,-0.41070497,-1.76122952,-0.21584113,-1.91008198,-0.02383354,-1.69621702,0.20053084,-1.22432457,0.91458164,0.25331993,0.29332467,0.52419331,-0.64249150,0.37186240,0.12663493,0.18655005,0.22547134,0.91458164,1.11971750,1.01794203,0.94174311,0.25331993,0.39232750,0.81439588,0.29332467,0.80853715,0.52419331,1.18162178,1.88770031,2.01510588,1.78211476,1.33916971
344,0.06577036,0.02069355,0.02544289,0.03097744,0.03624441,-0.58207269,-1.03254231,-0.40906456,-1.76381589,-0.21618005,-1.90544164,-0.02385338,-1.69371767,0.19708586,-1.22734380,0.91921426,0.24815699,0.29065835,0.51814076,-0.66651866,0.38978248,0.12719430,0.18730448,0.22640971,0.91921426,1.11803408,1.02183379,0.94453961,0.24815699,0.39179081,0.81010066,0.29065835,0.80013213,0.51814076,1.18545729,1.89182389,2.01356631,1.78480220,1.34590888
345,0.06303034,0.01947169,0.02474081,0.02997061,0.03691445,-0.58854552,-1.05106967,-0.42822037,-1.77798838,-0.23389091,-1.90346655,-0.04053561,-1.70581003,0.18619124,-1.22117195,0.91054983,0.23846304,0.27952332,0.53621317,-0.65277861,0.39744487,0.12640126,0.18590004,0.22480236,0.91054983,1.09153950,1.01096795,0.94087435,0.23846304,0.39471089,0.82938672,0.27952332,0.80486727,0.53621317,1.20476305,1.90753896,2.00951896,1.79560524,1.34181503
346,0.05546171,0.01883598,0.02392412,0.02940816,0.03671150,-0.60056723,-1.08911219,-0.46132970,-1.80778674,-0.26321554,-1.94529857,-0.06361854,-1.74276984,0.17976854,-1.25232134,0.87436178,0.24494765,0.28627700,0.54780139,-0.59089362,0.38657515,0.12438618,0.18087370,0.21951587,0.87436178,1.05752448,0.97655025,0.92562123,0.24494765,0.40310897,0.84829822,0.28627700,0.82402964,0.54780139,1.24391285,1.93153128,2.03668805,1.81688027,1.35748510
347,0.05192670,0.02187642,0.02754135,0.03319063,0.03924634,-0.59163409,-1.04768179,-0.47784070,-1.71868333,-0.27754405,-1.85021156,-0.07284489,-1.65875873,0.17614459,-1.18277804,0.85447137,0.24458658,0.28213313,0.53813423,-0.65741167,0.42886301,0.12627042,0.18524410,0.22418652,0.85447137,1.03087605,0.96283859,0.92679565,0.24458658,0.40974699,0.84565334,0.28213313,0.80960322,0.53813423,1.20375561,1.86777759,1.96555028,1.75555733,1.31130740
348,0.05423006,0.02377050,0.03006894,0.03491435,0.04143802,-0.59325404,-1.04309518,-0.49182573,-1.68722377,-0.29506167,-1.81800744,-0.08945020,-1.62412778,0.16159799,-1.16179813,0.85931711,0.23948786,0.28449386,0.52686537,-0.69006607,0.44105729,0.12580310,0.18611527,0.22464486,0.85931711,1.02372783,0.95493321,0.93429003,0.23948786,0.40734331,0.83876237,0.28449386,0.80181052,0.52686537,1.20037279,1.85371874,1.94617300,1.73236199,1.30307022
349,0.05236720,0.02491001,0.03156334,0.03715114,0.04179026,-0.59875202,-1.03426312,-0.48594601,-1.67531423,-0.28033367,-1.80481427,-0.07034994,-1.62427210,0.17074686,-1.17038867,0.85887514,0.24737559,0.28000151,0.51521437,-0.69834455,0.41526763,0.12592429,0.18499848,0.22378866,0.85887514,1.03112691,0.97309097,0.94374898,0.24737559,0.41874821,0.82895640,0.28000151,0.78229326,0.51521437,1.19555541,1.84280925,1.93553512,1.73270373,1.30995525
350,0.05580198,0.02339122,0.03021467,0.03663389,0.04061290,-0.60037502,-1.03446179,-0.48146009,-1.68479918,-0.27665117,-1.81474947,-0.06100521,-1.62771763,0.18380421,-1.19116609,0.85555877,0.25050118,0.29217831,0.50350460,-0.69156895,0.39086661,0.12693945,0.18325739,0.22292800,0.85555877,1.03944186,0.96853525,0.93706646,0.25050118,0.42431200,0.83019834,0.29217831,0.78396658,0.50350460,1.19724667,1.85093313,1.95038804,1.73467656,1.32141792
351,0.05379712,0.02395182,0.03147756,0.03704475,0.04281730,-0.59032949,-1.03643546,-0.48492998,-1.65623642,-0.28242428,-1.78625464,-0.06455031,-1.61497976,0.17599871,-1.16007487,0.83008314,0.24562002,0.28093827,0.51615990,-0.67658248,0.41797556,0.12536518,0.18306147,0.22187368,0.83008314,1.00324855,0.95304071,0.92597584,0.24562002,0.42241057,0.82727447,0.28093827,0.78083323,0.51615990,1.19362717,1.82299006,1.91719672,1.72074881,1.29595711
352,0.05495400,0.02323443,0.03068000,0.03598242,0.04253902,-0.60774519,-1.05588532,-0.50485139,-1.67843464,-0.29935803,-1.81044472,-0.08064218,-1.63476508,0.17430887,-1.16221046,0.83335873,0.25189121,0.28312771,0.53827931,-0.68372790,0.43593833,0.12443203,0.17927843,0.21822944,0.83335873,1.01570616,0.96709250,0.95059969,0.25189121,0.42709123,0.85320404,0.28312771,0.80645148,0.53827931,1.21871904,1.84507076,1.94278372,1.74319361,1.30263104
353,0.05469092,0.02141200,0.02814730,0.03425696,0.04298646,-0.63394539,-1.10331283,-0.54042586,-1.73729360,-0.33710484,-1.85291185,-0.10532404,-1.67753267,0.17128530,-1.18338387,0.83095237,0.24609739,0.29173019,0.56673806,-0.67463440,0.45122987,0.12496458,0.17302131,0.21343037,0.83095237,1.00828474,0.97268388,0.98304963,0.24609739,0.44219640,0.90233196,0.29173019,0.84200110,0.56673806,1.27256534,1.89909506,1.98303049,1.78332468,1.32616833
354,0.05500926,0.02000813,0.02686079,0.03382608,0.04206330,-0.65967486,-1.14016077,-0.56461063,-1.77881559,-0.36776201,-1.88325132,-0.12735033,-1.71238872,0.16405749,-1.20976392,0.83746761,0.23584086,0.29541992,0.58146428,-0.67657250,0.45822022,0.12482046,0.16918132,0.21024383,0.83746761,1.00507466,0.98152927,1.00431644,0.23584086,0.44639119,0.92528167,0.29541992,0.85909003,0.58146428,1.31727500,1.94339232,2.01627809,1.81975302,1.35119542
355,0.05601227,0.02097889,0.02693203,0.03368620,0.04185113,-0.66253501,-1.13224478,-0.58211785,-1.75969981,-0.38323376,-1.86930914,-0.14102811,-1.69197610,0.15415028,-1.19722333,0.82960417,0.23955817,0.30089231,0.57661680,-0.68129644,0.46745519,0.12420263,0.16962983,0.21023932,0.82960417,0.99852607,0.96756532,0.99711825,0.23955817,0.44971532,0.92707712,0.30089231,0.86166898,0.57661680,1.31190361,1.93319103,2.00814432,1.80242655,1.33966465
356,0.05703634,0.02024982,0.02645689,0.03360220,0.04227309,-0.67061902,-1.13793219,-0.59659881,-1.75327181,-0.40341670,-1.85934685,-0.15398975,-1.67538160,0.15376217,-1.19130341,0.82898179,0.23669055,0.31066517,0.57398729,-0.69910069,0.47453595,0.12372468,0.16785522,0.20852619,0.82898179,0.99870963,0.96674932,1.01810402,0.23669055,0.45408233,0.93852627,0.31066517,0.87090650,0.57398729,1.32084646,1.93323020,2.00763179,1.79286863,1.34226739
357,0.05743061,0.02225069,0.02712177,0.03355580,0.04407890,-0.65896572,-1.08444231,-0.58271088,-1.69720510,-0.38635043,-1.82201688,-0.14788941,-1.62425026,0.14947871,-1.15498119,0.83285766,0.24625191,0.31206223,0.55618792,-0.70942392,0.47429911,0.12263297,0.17179704,0.21107598,0.83285766,1.01358231,0.95656957,0.99486400,0.24625191,0.44300413,0.91125415,0.31206223,0.85799259,0.55618792,1.26923961,1.88761507,1.97813637,1.74799330,1.31113936
358,0.05820722,0.02176737,0.02703221,0.03362963,0.04310257,-0.66575677,-1.10895897,-0.58944841,-1.71094347,-0.39984291,-1.83918550,-0.14795772,-1.64350924,0.15352236,-1.17092636,0.82222810,0.24868567,0.32106501,0.56121716,-0.71625820,0.46030307,0.12084807,0.16852128,0.20737328,0.82222810,1.01444769,0.96566112,1.01042774,0.24868567,0.45068960,0.91909334,0.32106501,0.86998137,0.56121716,1.29363160,1.89918524,1.99902227,1.76876489,1.32900325
359,0.05495714,0.02363736,0.02841458,0.03493927,0.04360656,-0.64742941,-1.05927454,-0.57168256,-1.63603330,-0.37759749,-1.76241829,-0.14484779,-1.56244439,0.14714090,-1.11567647,0.82881398,0.24762264,0.30947784,0.53511909,-0.74116529,0.46430404,0.12107647,0.17377856,0.21179826,0.82881398,1.01335110,0.95527906,0.99674980,0.24762264,0.43572046,0.88744321,0.30947784,0.83656384,0.53511909,1.24166024,1.83811686,1.93363668,1.70229611,1.28548221
360,0.06068791,0.02450675,0.02863098,0.03440892,0.04245930,-0.64958682,-1.05591855,-0.57250776,-1.62577374,-0.37948958,-1.75452885,-0.14578154,-1.56684974,0.14561160,-1.11688127,0.82861809,0.25095645,0.30225659,0.53814502,-0.76150232,0.45771383,0.12072500,0.17375163,0.21157541,0.82861809,1.01989833,0.97039295,1.00176163,0.25095645,0.43448982,0.88020394,0.30225659,0.83049883,0.53814502,1.23999758,1.83257190,1.93338813,1.71390585,1.29153936
361,0.05965856,0.02443540,0.03048421,0.03637560,0.04328673,-0.65900481,-1.04832262,-0.57416413,-1.62756777,-0.37794732,-1.75879145,-0.14337661,-1.58475480,0.14298880,-1.15628758,0.82481119,0.24934673,0.29627000,0.51735725,-0.73904703,0.41544183,0.11865716,0.17203398,0.20898615,0.82481119,1.01052062,0.96324145,0.98765822,0.24934673,0.43399659,0.85827280,0.29627000,0.80214343,0.51735725,1.23898477,1.83509192,1.93177650,1.72050953,1.31458551
362,0.06188288,0.02374382,0.03064598,0.03656511,0.04332099,-0.66772220,-1.04953690,-0.56302335,-1.65293145,-0.35930213,-1.80268926,-0.12439145,-1.64619687,0.13765037,-1.19251411,0.82847956,0.26086995,0.28760793,0.52581796,-0.70558739,0.35901304,0.11807719,0.17091292,0.20773408,0.82847956,1.02443891,0.98625530,0.97054210,0.26086995,0.43877649,0.83916283,0.28760793,0.79324382,0.52581796,1.24484916,1.84822407,1.95638453,1.76159261,1.32889233
363,0.06283025,0.02484389,0.03065607,0.03633261,0.04316839,-0.66432433,-1.03048070,-0.55596136,-1.65681511,-0.34993785,-1.81621663,-0.12054001,-1.64947540,0.14278034,-1.19043471,0.84271317,0.26537683,0.28851087,0.53093457,-0.70480134,0.35550479,0.11887686,0.17078138,0.20808169,0.84271317,1.03972113,0.99116391,0.96704678,0.26537683,0.43548946,0.84130357,0.28851087,0.80222598,0.53093457,1.22740894,1.85129392,1.96437512,1.76227463,1.32571726
364,0.05960117,0.02387690,0.03148693,0.03778541,0.04364411,-0.65754532,-1.00321769,-0.54503009,-1.63838702,-0.34348745,-1.78973897,-0.10913741,-1.63381555,0.14551280,-1.19839160,0.84084311,0.25662729,0.28835313,0.50631613,-0.67866883,0.33125373,0.11789146,0.17192421,0.20846182,0.84084311,1.03081272,0.98696752,0.95637446,0.25662729,0.43615101,0.82086321,0.28835313,0.77467454,0.50631613,1.20086402,1.82679186,1.93309923,1.73787580,1.32182515
365,0.05861693,0.02331709,0.03042844,0.03727619,0.04405329,-0.65391724,-0.98547542,-0.52959631,-1.64397170,-0.32771139,-1.80808284,-0.10428723,-1.63256161,0.14785236,-1.21109158,0.84772978,0.26618506,0.29225002,0.49217553,-0.64627324,0.31062068,0.11741426,0.17314464,0.20920128,0.84772978,1.05557800,0.98887858,0.95883184,0.26618506,0.42563659,0.80515603,0.29225002,0.76983893,0.49217553,1.18356518,1.81709681,1.93957871,1.72662907,1.32641147
366,0.05823400,0.02340598,0.02860122,0.03560185,0.04155342,-0.65952118,-0.97399946,-0.52321469,-1.66016385,-0.32320628,-1.81809147,-0.09723698,-1.64391154,0.14852792,-1.24144747,0.86207889,0.25864306,0.29346531,0.47277646,-0.61795023,0.27768851,0.11752018,0.17309668,0.20922106,0.86207889,1.06105647,0.99730129,0.96068522,0.25864306,0.42699293,0.79370002,0.29346531,0.75203194,0.47277646,1.17701856,1.82409078,1.93841839,1.72718107,1.34181914
367,0.05587484,0.02640967,0.03093904,0.03792487,0.04304276,-0.65536484,-0.93356086,-0.50070146,-1.61124065,-0.30418662,-1.76949845,-0.08515155,-1.60257235,0.14888414,-1.20872003,0.87365009,0.25515757,0.28586499,0.46001032,-0.64921939,0.27486997,0.11835846,0.17759068,0.21341784,0.87365009,1.06950666,1.00665277,0.96136461,0.25515757,0.41743792,0.76837892,0.28586499,0.73054422,0.46001032,1.14150577,1.78218504,1.89685674,1.69173055,1.31415126
368,0.06152821,0.02530192,0.03040149,0.03739984,0.04205891,-0.67263391,-0.95325895,-0.51202663,-1.64845790,-0.30547789,-1.80300227,-0.08225309,-1.65211005,0.15311992,-1.25671160,0.88110059,0.26135675,0.28049906,0.46209100,-0.62956293,0.25231778,0.11944599,0.17302118,0.21024669,0.88110059,1.08132214,1.03355600,0.98303987,0.26135675,0.43129601,0.77589728,0.28049906,0.72333248,0.46209100,1.16742773,1.81433404,1.92484156,1.73479036,1.35411116
369,0.06435511,0.02524481,0.02900570,0.03602682,0.04001140,-0.68943303,-0.95412093,-0.50626366,-1.65849469,-0.29875161,-1.82022435,-0.07239023,-1.65641212,0.16265317,-1.26562848,0.88718280,0.26666585,0.28883765,0.45816751,-0.62931639,0.24246912,0.11819805,0.17055116,0.20750537,0.88718280,1.09827461,1.04982878,1.00545275,0.26666585,0.43489089,0.77926861,0.28883765,0.73093308,0.45816751,1.17800890,1.81993987,1.93848225,1.73848256,1.36283292
370,0.06403124,0.02583904,0.02831397,0.03485304,0.03965594,-0.69681888,-0.95682782,-0.49935197,-1.67795459,-0.28604915,-1.84125040,-0.05627046,-1.67639400,0.17785656,-1.29001722,0.89339953,0.27068832,0.29231003,0.45346962,-0.60850571,0.23660914,0.11937239,0.16820458,0.20625844,0.89339953,1.10623392,1.06259567,1.02153560,0.27068832,0.44494590,0.78452236,0.29231003,0.72928576,0.45346962,1.18456308,1.83060341,1.94807241,1.74866678,1.37948591
371,0.06390321,0.02624320,0.02724142,0.03368159,0.03841863,-0.70899337,-0.96616368,-0.48880295,-1.69951907,-0.26367169,-1.86191822,-0.03454022,-1.71467327,0.18894235,-1.31283727,0.90159252,0.27852139,0.28117636,0.46145303,-0.59351007,0.20319266,0.11790449,0.16516335,0.20292955,0.90159252,1.11777322,1.09503291,1.03849395,0.27852139,0.45695065,0.78503487,0.28117636,0.71986067,0.46145303,1.19973756,1.84693513,1.96083515,1.78246728,1.39955559
372,0.06736566,0.02828341,0.02721175,0.03354784,0.03751074,-0.70928637,-0.97995590,-0.47167481,-1.70342568,-0.24942707,-1.87721085,-0.02554966,-1.70589636,0.20345167,-1.31128334,0.91304866,0.28276724,0.29292616,0.45836395,-0.63473452,0.21022601,0.11797896,0.16438618,0.20234093,0.91304866,1.13571922,1.09128994,1.04986994,0.28276724,0.45022539,0.78772337,0.29292616,0.73528980,0.45836395,1.21165955,1.85791597,1.98393416,1.78122642,1.40704429
373,0.07044715,0.02833186,0.02736969,0.03370846,0.03758695,-0.70411007,-0.96096845,-0.46324581,-1.67570225,-0.23258834,-1.85394686,-0.01676510,-1.67951035,0.20246646,-1.29424144,0.91014038,0.29213064,0.28922717,0.44597321,-0.63823149,0.19177467,0.11727498,0.16504331,0.20246658,0.91014038,1.13978247,1.09022149,1.04470549,0.29213064,0.45083280,0.77529458,0.28922717,0.72081031,0.44597321,1.19322745,1.83178376,1.96125563,1.75664750,1.39026440
374,0.06882164,0.02905420,0.02779949,0.03329673,0.03761511,-0.69516460,-0.94155720,-0.45027066,-1.65520489,-0.22156426,-1.83069492,-0.00782266,-1.66318858,0.20835166,-1.26951187,0.91166040,0.28865524,0.28293246,0.45180706,-0.66082924,0.21494795,0.11702788,0.16589747,0.20302093,0.91166040,1.13669164,1.09228054,1.04030730,0.28865524,0.44721546,0.77168148,0.28293246,0.71853082,0.45180706,1.17311655,1.81458506,1.94126793,1.74476365,1.37244071
375,0.06637007,0.03126259,0.02799925,0.03369892,0.03879812,-0.69278067,-0.94410667,-0.44013983,-1.64413974,-0.20983367,-1.82239458,0.00115847,-1.65679397,0.21023557,-1.26417229,0.90233566,0.29160194,0.27946911,0.44732357,-0.65766653,0.21684601,0.11670860,0.16531823,0.20236357,0.90233566,1.13144867,1.09030955,1.03789143,0.29160194,0.44606598,0.76137874,0.27946911,0.70984834,0.44732357,1.17356637,1.80058702,1.93075943,1.73760268,1.36724461
376,0.06689464,0.03135011,0.03029595,0.03650754,0.04121237,-0.69227048,-0.94356466,-0.44238207,-1.62361447,-0.21537040,-1.79425723,-0.00504843,-1.62712106,0.20895972,-1.24006619,0.90009111,0.28469719,0.28126250,0.44538840,-0.69272287,0.23305622,0.11752696,0.16544073,0.20293650,0.90009111,1.12165331,1.07756647,1.03684686,0.28469719,0.44190746,0.76470730,0.28126250,0.71107985,0.44538840,1.17317574,1.79217110,1.91594101,1.71858657,1.35353578
377,0.06992124,0.03038328,0.02715762,0.03367622,0.04060481,-0.72016388,-0.99535623,-0.45864567,-1.68350832,-0.22078006,-1.88143929,0.00280548,-1.72037248,0.21710244,-1.29771943,0.90043923,0.31026258,0.28632063,0.47643106,-0.66942611,0.22461029,0.11681925,0.15921828,0.19747708,0.90043923,1.15204585,1.12379996,1.06829887,0.31026258,0.46620806,0.78510884,0.28632063,0.74068008,0.47643106,1.23085487,1.84306021,1.99200558,1.80262473,1.40369404
378,0.07006414,0.02969322,0.02816946,0.03407181,0.04095808,-0.71832140,-0.98818455,-0.46749249,-1.68754584,-0.22387195,-1.90971759,0.01093974,-1.72504303,0.21611732,-1.31339586,0.89917923,0.33081441,0.30928286,0.46209038,-0.65519946,0.20919191,0.11575578,0.15768198,0.19560932,0.89917923,1.17398554,1.13149916,1.07056833,0.33081441,0.48283149,0.78538749,0.30928286,0.75146665,0.46209038,1.22436266,1.84703327,2.01859331,1.80595081,1.41835976
379,0.07113684,0.03251438,0.02926491,0.03467663,0.04155189,-0.71885490,-0.96807426,-0.45994988,-1.64800335,-0.21859767,-1.88585800,0.01215607,-1.72278672,0.21692546,-1.30646965,0.89692659,0.33989502,0.29520424,0.46655466,-0.68655166,0.19677428,0.11473051,0.15861630,0.19576062,0.89692659,1.18162712,1.14923006,1.07867850,0.33989502,0.48161520,0.76583911,0.29520424,0.73723450,0.46655466,1.20893897,1.81707480,2.00291794,1.80935460,1.41687730
380,0.07316882,0.03120330,0.02857854,0.03307704,0.04058533,-0.70784461,-0.95431293,-0.44510016,-1.63530057,-0.20145999,-1.84533105,0.02219487,-1.70574385,0.21845165,-1.30286740,0.89241417,0.32173888,0.28147864,0.45047089,-0.67890594,0.15855815,0.11352600,0.15926873,0.19558804,0.89241417,1.14921948,1.12922440,1.05856323,0.32173888,0.48146323,0.75486835,0.28147864,0.70103343,0.45047089,1.19158563,1.79905377,1.95397632,1.78091250,1.40072285
381,0.07455267,0.02889021,0.02716456,0.03148834,0.03904789,-0.71581007,-0.97820436,-0.44832362,-1.66264568,-0.20614207,-1.87931565,0.03142306,-1.72377311,0.23161694,-1.31891666,0.87995103,0.32513587,0.29446365,0.45314006,-0.62746376,0.18329315,0.11312756,0.15615748,0.19282895,0.87995103,1.14742767,1.13489370,1.07618752,0.32513587,0.48827351,0.76894363,0.29446365,0.72030263,0.45314006,1.21439070,1.81019676,1.97430060,1.79257051,1.41400182
382,0.07366135,0.02773540,0.02600837,0.03042674,0.03696355,-0.70905209,-0.98349919,-0.44396020,-1.67152881,-0.20573972,-1.89170895,0.03128929,-1.72297283,0.23468399,-1.32384505,0.87233221,0.32553497,0.29979671,0.44998719,-0.60115896,0.17730038,0.11264995,0.15595871,0.19238797,0.87233221,1.14963511,1.12796992,1.07227856,0.32553497,0.48013757,0.76753862,0.29979671,0.72776501,0.44998719,1.21448393,1.81078049,1.98462446,1.79197898,1.41744183
383,0.07273630,0.02808770,0.02678018,0.03121183,0.03845572,-0.69524323,-0.98702509,-0.43279580,-1.66747374,-0.19548469,-1.89379544,0.03665319,-1.71761018,0.23834296,-1.31236461,0.87581374,0.32973277,0.30084609,0.45435067,-0.62821147,0.18969762,0.11263695,0.15755397,0.19367585,0.87581374,1.15833187,1.12568247,1.06859133,0.32973277,0.47383218,0.76343560,0.30084609,0.73432003,0.45435067,1.20909578,1.80861808,1.99175975,1.79223909,1.41466393
384,0.07595039,0.02901763,0.02500696,0.02972683,0.03691885,-0.69704171,-0.96809342,-0.42488339,-1.66278842,-0.18839193,-1.88124072,0.03106080,-1.72073227,0.23081318,-1.30669645,0.88337122,0.32252156,0.28030918,0.46186159,-0.60791705,0.19051583,0.11263575,0.15853946,0.19447769,0.88337122,1.15534156,1.12976519,1.05806616,0.32252156,0.46221038,0.75199148,0.28030918,0.72010960,0.46186159,1.19474322,1.79880870,1.97129242,1.78937268,1.39963948
385,0.07344608,0.02803554,0.02514938,0.02912899,0.03584658,-0.67913030,-0.95128959,-0.41415927,-1.64268096,-0.17970229,-1.85076540,0.03605731,-1.69368148,0.22913710,-1.28116635,0.88070730,0.31465192,0.27577067,0.45770208,-0.61573269,0.19325981,0.11165424,0.16131366,0.19618554,0.88070730,1.14565311,1.11870404,1.04181974,0.31465192,0.45506620,0.74308708,0.27577067,0.71044638,0.45770208,1.17060195,1.77843813,1.94439028,1.76600508,1.37831521
386,0.07074860,0.02935995,0.02583295,0.03064879,0.03555652,-0.66516178,-0.93973712,-0.40278194,-1.63853777,-0.17704169,-1.84460575,0.03304078,-1.67011822,0.22515258,-1.27554054,0.89132649,0.30651993,0.28278814,0.44232728,-0.62380404,0.18651915,0.11238244,0.16303941,0.19801934,0.89132649,1.14775640,1.10078373,1.02517144,0.30651993,0.43985626,0.73295558,0.28278814,0.70862796,0.44232728,1.15334653,1.77637879,1.94127393,1.74512968,1.37113528
387,0.07081120,0.02835735,0.02508660,0.02946094,0.03529808,-0.65075735,-0.92949542,-0.39712496,-1.62997532,-0.17518962,-1.82762081,0.03829521,-1.66093462,0.22654742,-1.27239705,0.88221356,0.29831057,0.27946114,0.43464259,-0.60594908,0.19718680,0.11199862,0.16396657,0.19856669,0.88221356,1.13191403,1.09286317,1.01549681,0.29831057,0.43862720,0.72491013,0.27946114,0.69557248,0.43464259,1.13641124,1.76109657,1.91995485,1.73289816,1.36608566
388,0.06865805,0.02880086,0.02563908,0.03019320,0.03598903,-0.63969728,-0.92093170,-0.38501814,-1.62595124,-0.17118636,-1.83168230,0.03607155,-1.64944962,0.22490661,-1.25244060,0.89385718,0.29868327,0.28562139,0.44259731,-0.62808166,0.21295052,0.11230608,0.16618291,0.20057272,0.89385718,1.14908597,1.08975717,1.00719637,0.29868327,0.42358985,0.72092762,0.28562139,0.71272209,0.44259731,1.12310441,1.75923870,1.93029111,1.72714622,1.35298804
389,0.07097494,0.02819044,0.02376895,0.02812450,0.03476294,-0.63455248,-0.92714476,-0.37506674,-1.63338328,-0.16320554,-1.82030738,0.04090429,-1.65815595,0.22949280,-1.26521150,0.88179705,0.28310435,0.26851910,0.43832336,-0.58018283,0.20011043,0.11239191,0.16528702,0.19987931,0.88179705,1.11722903,1.07773429,0.99775672,0.28310435,0.41928972,0.71391321,0.26851910,0.68893425,0.43832336,1.12485111,1.75322141,1.90371624,1.72355327,1.35334940
390,0.06911809,0.02882241,0.02466688,0.02885342,0.03441609,-0.62714368,-0.93570426,-0.36731317,-1.64127301,-0.15611883,-1.81565125,0.04173420,-1.64192818,0.23067804,-1.25346888,0.88882915,0.27426789,0.27094765,0.43503687,-0.60297782,0.20777299,0.11235440,0.16657714,0.20092650,0.88882915,1.11124531,1.06134994,0.98794193,0.27426789,0.41201629,0.71983932,0.27094765,0.69209460,0.43503687,1.12795769,1.76419606,1.90272924,1.71207736,1.34565045
391,0.06918063,0.02811102,0.02462379,0.02885122,0.03366304,-0.62173785,-0.94589385,-0.36885198,-1.65339987,-0.16079608,-1.83916781,0.04145076,-1.65274074,0.23020433,-1.27029625,0.88683641,0.27968034,0.28341575,0.42980671,-0.60253218,0.20287198,0.11237173,0.16611934,0.20055683,0.88683641,1.11901619,1.05770223,0.98388052,0.27968034,0.41306802,0.71822179,0.28341575,0.70091859,0.42980671,1.13362903,1.77594746,1.92742877,1.72304431,1.36137641
392,0.06845634,0.02875300,0.02481914,0.02884227,0.03346764,-0.62025212,-0.95918165,-0.36931158,-1.66696956,-0.16155789,-1.85953828,0.04254777,-1.66962393,0.23186890,-1.27519703,0.88365826,0.28468714,0.28729539,0.44089805,-0.60042232,0.21648191,0.11262266,0.16633790,0.20087848,0.88365826,1.12478839,1.06037916,0.98131874,0.28468714,0.41390766,0.72390741,0.28729539,0.71525939,0.44089805,1.14369601,1.78574667,1.94631432,1.73836354,1.36481369
393,0.06893145,0.02799410,0.02387893,0.02771461,0.03329568,-0.61389317,-0.95654109,-0.37592781,-1.66302482,-0.17305271,-1.87607160,0.03125125,-1.68010142,0.22414163,-1.27106084,0.87756213,0.29745419,0.29193253,0.45559439,-0.59495651,0.22278202,0.11295809,0.16786172,0.20232916,0.87756213,1.13880474,1.06280963,0.97262456,0.29745419,0.40845193,0.72147538,0.29193253,0.73470642,0.45559439,1.13782297,1.78134615,1.96547696,1.74999677,1.36151409
394,0.06769482,0.02871882,0.02448277,0.02859245,0.03434147,-0.60736703,-0.95932337,-0.36470736,-1.65492270,-0.16458986,-1.84509154,0.03297571,-1.66599932,0.22882822,-1.27226704,0.87384959,0.27845207,0.27573911,0.44217818,-0.59130364,0.21424707,0.11345792,0.16864703,0.20325974,0.87384959,1.11222214,1.04865598,0.97427184,0.27845207,0.39926994,0.71071462,0.27573911,0.70459962,0.44217818,1.13613376,1.76971706,1.93132483,1.73304096,1.36231846
395,0.06653056,0.02868093,0.02455850,0.02891622,0.03605852,-0.59353005,-0.93831614,-0.35241836,-1.64689974,-0.15405707,-1.82216621,0.02957760,-1.63823484,0.22603627,-1.24117492,0.88456059,0.26674368,0.26761301,0.44517840,-0.59950847,0.24254302,0.11410209,0.17156567,0.20604384,0.88456059,1.10847425,1.03551563,0.95956265,0.26674368,0.38333256,0.71049799,0.26761301,0.70258135,0.44517840,1.11117117,1.76144951,1.90928111,1.70882777,1.33652511
396,0.06597620,0.02626529,0.02229706,0.02702615,0.03485248,-0.61097009,-0.96504299,-0.35685446,-1.68320684,-0.15618747,-1.85725887,0.03316038,-1.67258192,0.23084939,-1.28036994,0.87808436,0.26692762,0.27365048,0.44077970,-0.55263654,0.21301721,0.11341415,0.16892796,0.20346849,0.87808436,1.10326276,1.03429607,0.96674015,0.26692762,0.39262595,0.71710453,0.27365048,0.70292724,0.44077970,1.14311320,1.78704036,1.93204988,1.72948716,1.36160398
397,0.06775253,0.02611753,0.01998979,0.02371884,0.03213105,-0.59875254,-0.95249795,-0.34694029,-1.68022328,-0.14834246,-1.85951129,0.03526243,-1.68499344,0.23332848,-1.27606172,0.87566363,0.26908919,0.26096010,0.45651457,-0.53937843,0.22544452,0.11271818,0.16969893,0.20372313,0.87566363,1.10638549,1.04168895,0.95487033,0.26908919,0.38374280,0.71145600,0.26096010,0.70534269,0.45651457,1.12611020,1.77770774,1.92978254,1.73973031,1.35381956
398,0.06607461,0.02556992,0.02031663,0.02439289,0.03317365,-0.58594737,-0.94263187,-0.34524254,-1.67888057,-0.14413821,-1.86174307,0.03607811,-1.68142011,0.23352317,-1.27044452,0.88312041,0.27323120,0.26230795,0.45814627,-0.53863586,0.23366551,0.11266870,0.17103082,0.20480669,0.88312041,1.11545052,1.04163366,0.94777137,0.27323120,0.38283479,0.71273856,0.26230795,0.70966523,0.45814627,1.11100162,1.77821032,1.93343641,1.73830465,1.35068980
399,0.06754347,0.02526663,0.01939585,0.02314986,0.03187251,-0.57899933,-0.92721186,-0.33830498,-1.66636195,-0.13851048,-1.84141206,0.03681247,-1.66191294,0.23281533,-1.25590923,0.87776395,0.26722392,0.25745306,0.45296597,-0.52091755,0.22715173,0.11243731,0.17268431,0.20606314,0.87776395,1.10479859,1.03090036,0.93782148,0.26722392,0.37622710,0.70702711,0.25745306,0.70071228,0.45296597,1.09405940,1.75951922,1.90837132,1.71551851,1.33265085
400,0.06495760,0.02401700,0.01969906,0.02365950,0.03060432,-0.57995772,-0.93968153,-0.33882282,-1.67341630,-0.14121853,-1.84486367,0.03147513,-1.66873566,0.23006114,-1.25792402,0.87563527,0.26245739,0.25421193,0.45937005,-0.51647355,0.22169570,0.11192587,0.17312903,0.20615786,0.87563527,1.09538391,1.02169157,0.92693024,0.26245739,0.37252997,0.71064178,0.25421193,0.70389763,0.45937005,1.10521481,1.76797444,1.91149653,1.72069473,1.32996578
401,0.06427126,0.02407069,0.01991131,0.02377603,0.03105104,-0.57381715,-0.93548860,-0.33238122,-1.66829877,-0.13685915,-1.83829013,0.03549222,-1.65775323,0.23102951,-1.24112245,0.87403722,0.25965238,0.25613393,0.46287194,-0.50803718,0.23355815,0.11263735,0.17420395,0.20744683,0.87403722,1.09040539,1.01490759,0.91880258,0.25965238,0.37023196,0.71271231,0.25613393,0.70948262,0.46287194,1.09838073,1.76108608,1.90306981,1.70937521,1.31444309
402,0.06319884,0.02526155,0.02067738,0.02460705,0.03163586,-0.57175706,-0.92650550,-0.32813783,-1.66303878,-0.13459129,-1.82850001,0.03606475,-1.65235454,0.23164932,-1.23666795,0.87835956,0.25520356,0.25141454,0.46191173,-0.51030103,0.23230430,0.11265090,0.17499396,0.20811802,0.87835956,1.09029413,1.01781430,0.92068892,0.25520356,0.36636046,0.70894902,0.25141454,0.70362646,0.46191173,1.08957905,1.75513213,1.89326867,1.70450828,1.31110322
403,0.06330039,0.02542277,0.02069230,0.02476568,0.03137100,-0.57801590,-0.93255982,-0.32961799,-1.66940231,-0.13772670,-1.83295556,0.03447485,-1.65557277,0.23332121,-1.24100467,0.87817276,0.25274361,0.25388764,0.46217416,-0.50796800,0.22219521,0.11294114,0.17447978,0.20784344,0.87817276,1.08891410,1.01646262,0.92542685,0.25274361,0.36657379,0.71275591,0.25388764,0.70642894,0.46217416,1.09817506,1.76146573,1.89793928,1.70712643,1.31529115
404,0.06585230,0.02507023,0.02021246,0.02443610,0.03105223,-0.58647562,-0.93752247,-0.34046944,-1.67503592,-0.14499388,-1.84495062,0.03246030,-1.65989562,0.23222149,-1.25080922,0.87416347,0.25966707,0.26378567,0.45733602,-0.48999898,0.21301048,0.11282905,0.17348187,0.20694529,0.87416347,1.09235812,1.01576689,0.93066559,0.25966707,0.37575715,0.71799613,0.26378567,0.71165339,0.45733602,1.10676075,1.76615363,1.90771243,1.70798107,1.32146671
405,0.06301086,0.02732123,0.02176596,0.02676171,0.03179990,-0.57900776,-0.93058997,-0.33552361,-1.64893959,-0.14287913,-1.82082853,0.03592572,-1.62960556,0.22702722,-1.23336269,0.86666027,0.26010239,0.26953179,0.44235943,-0.50483923,0.22340352,0.11259503,0.17589876,0.20884927,0.86666027,1.08902514,1.00812443,0.92583645,0.26010239,0.37337429,0.70384870,0.26953179,0.70296572,0.44235943,1.09688512,1.74525556,1.89218948,1.68587023,1.31155759
406,0.06414032,0.02754291,0.02184244,0.02659986,0.03149440,-0.58573109,-0.93620016,-0.34207027,-1.65491245,-0.14799501,-1.83045810,0.03400028,-1.63716653,0.22931260,-1.24215953,0.86829106,0.26276499,0.27164077,0.44273690,-0.49891240,0.23505916,0.11291940,0.17485475,0.20814652,0.86829106,1.09083661,1.01296606,0.93655591,0.26276499,0.37799780,0.70902300,0.27164077,0.70606617,0.44273690,1.10492437,1.75087467,1.89858204,1.69160110,1.31948454
407,0.06428092,0.02889403,0.02386816,0.02905769,0.03275312,-0.57084875,-0.91831651,-0.34232408,-1.62825504,-0.14526823,-1.79487496,0.04090083,-1.61486108,0.23128808,-1.22765522,0.86407070,0.26001095,0.26638615,0.43416791,-0.52709197,0.25636375,0.11395989,0.17750616,0.21093908,0.86407070,1.08103445,1.01193749,0.93108033,0.26001095,0.38467883,0.70407887,0.26638615,0.68976714,0.43416791,1.08213191,1.73147619,1.87184279,1.67650204,1.31183055
408,0.06420473,0.02719242,0.02288143,0.02747166,0.03322955,-0.57760839,-0.92296802,-0.35835965,-1.64387943,-0.16006353,-1.80623417,0.02637713,-1.63284877,0.22713303,-1.23146860,0.86773580,0.25787983,0.26061795,0.45048184,-0.51952439,0.25319022,0.11390076,0.17593394,0.20958563,0.86773580,1.07943319,1.01557758,0.93566837,0.25787983,0.38584114,0.71919941,0.26061795,0.69946298,0.45048184,1.08964611,1.74773004,1.88144701,1.69288736,1.31672621
409,0.06235230,0.02727707,0.02335782,0.02856644,0.03438096,-0.57919559,-0.91581742,-0.36209571,-1.62935742,-0.16124553,-1.79685238,0.02476741,-1.61613202,0.22463729,-1.21201384,0.85983869,0.26387228,0.26547101,0.45236021,-0.51918149,0.26658546,0.11442121,0.17714998,0.21088938,0.85983869,1.07946214,1.01008192,0.93285883,0.26387228,0.38768999,0.72240192,0.26547101,0.70691122,0.45236021,1.08460010,1.73521847,1.87464558,1.67855702,1.30090043
410,0.06342481,0.02739850,0.02527972,0.03076176,0.03524692,-0.57495360,-0.91429753,-0.36102880,-1.62440746,-0.16032615,-1.78199311,0.02559143,-1.61113163,0.22258725,-1.20944556,0.86910628,0.25839223,0.25985376,0.44909258,-0.55008568,0.28241756,0.11516207,0.17768038,0.21173715,0.86910628,1.08102777,1.01647015,0.93697111,0.25839223,0.38740247,0.71859136,0.25985376,0.69607178,0.44909258,1.08092936,1.73658631,1.86813227,1.68016065,1.30506456
411,0.06440579,0.02800274,0.02758888,0.03352649,0.03674272,-0.58309356,-0.92335580,-0.37395503,-1.62818900,-0.16850610,-1.78591592,0.02187061,-1.61063184,0.21900387,-1.21193422,0.88287848,0.26322035,0.26604757,0.44671961,-0.59906941,0.27860075,0.11570466,0.17656326,0.21109749,0.88287848,1.09675426,1.03099834,0.95576958,0.26322035,0.39649383,0.72668165,0.26604757,0.70022652,0.44671961,1.09290497,1.75321900,1.88491311,1.69172942,1.32012129
412,0.06549944,0.02753504,0.02688139,0.03325829,0.03736566,-0.59178519,-0.93055127,-0.38282155,-1.63641765,-0.17837034,-1.80416598,0.01377204,-1.61955337,0.21858699,-1.21900381,0.87273232,0.26875841,0.27362191,0.45176423,-0.57122418,0.26938702,0.11573678,0.17459626,0.20947281,0.87273232,1.09591617,1.02369080,0.95427189,0.26875841,0.39721053,0.73417705,0.27362191,0.71462699,0.45176423,1.10366048,1.75706982,1.89765285,1.69455999,1.32012241
413,0.06571059,0.02643274,0.02770140,0.03448810,0.03801171,-0.59799143,-0.93689461,-0.39553431,-1.62931854,-0.19188978,-1.78660810,0.00464395,-1.60502666,0.21165053,-1.20434488,0.86451864,0.26222877,0.27580885,0.45319793,-0.58092269,0.26496367,0.11536722,0.17448532,0.20917630,0.86451864,1.07915585,1.01054727,0.94848541,0.26222877,0.40124839,0.74363560,0.27580885,0.71715232,0.45319793,1.11231387,1.75534433,1.88519721,1.68211343,1.30602025
414,0.06383171,0.02685724,0.02830143,0.03496740,0.03870755,-0.59738205,-0.93953306,-0.39567743,-1.61606010,-0.19104977,-1.77058075,0.00805564,-1.59045799,0.21110554,-1.18943623,0.85434947,0.26121090,0.27466384,0.45127811,-0.59060791,0.27631139,0.11483575,0.17383562,0.20834123,0.85434947,1.06663625,1.00701614,0.95059642,0.26121090,0.40462482,0.74331071,0.27466384,0.71347998,0.45127811,1.11431399,1.74529178,1.87197509,1.67301990,1.29951015
415,0.06398511,0.02579510,0.02687492,0.03364973,0.03824366,-0.62395799,-0.97657242,-0.41966507,-1.66671181,-0.20782076,-1.82592881,0.00067015,-1.64667202,0.21507782,-1.23275894,0.85278008,0.26824424,0.27970984,0.46702013,-0.56075004,0.27135167,0.11625912,0.16824366,0.20450455,0.85278008,1.06935681,1.01957948,0.97223831,0.26824424,0.42092645,0.76985758,0.27970984,0.73285134,0.46702013,1.16003432,1.79251670,1.91841201,1.72067746,1.33697358
416,0.06467014,0.02373672,0.02542532,0.03175854,0.03725182,-0.65433491,-0.98872858,-0.44572822,-1.69757130,-0.22933290,-1.84945847,-0.00969978,-1.67963561,0.21278624,-1.24496020,0.86690308,0.26669028,0.28203775,0.48891292,-0.55388853,0.26129071,0.11605622,0.16460355,0.20140351,0.86690308,1.07704159,1.04182299,0.99461822,0.26669028,0.43664258,0.80001150,0.28203775,0.75257326,0.48891292,1.18705079,1.82806193,1.94204122,1.75154378,1.34842259
417,0.06699697,0.02284303,0.02633265,0.03363315,0.03874329,-0.67012356,-0.99440894,-0.46647838,-1.68164594,-0.24645394,-1.83383445,-0.01618551,-1.67383022,0.20795774,-1.24367525,0.85112825,0.26903917,0.28585588,0.48558260,-0.55297557,0.24632043,0.11663552,0.16267931,0.20017093,0.85112825,1.05911236,1.03718181,1.00026863,0.26903917,0.45117627,0.80570944,0.28585588,0.74893975,0.48558260,1.20044866,1.81960707,1.92853792,1.74361673,1.34407072
418,0.06781044,0.02373811,0.02693855,0.03403550,0.04068441,-0.68221763,-1.00855057,-0.48577213,-1.69646737,-0.25401855,-1.85305014,-0.02786632,-1.70271893,0.20819708,-1.25295179,0.85524878,0.28121314,0.27706780,0.50825587,-0.57882666,0.26467455,0.11886330,0.16042057,0.19965781,0.85524878,1.06976213,1.05175363,1.01660354,0.28121314,0.45867297,0.82472723,0.27706780,0.76093341,0.50825587,1.21908774,1.84208181,1.95175081,1.77559684,1.35964089
419,0.07190698,0.02451295,0.02845782,0.03603930,0.04339800,-0.71332943,-1.01866680,-0.52597912,-1.69660477,-0.27936830,-1.86729314,-0.03494232,-1.72653254,0.20918279,-1.26341314,0.85658971,0.30072617,0.28814170,0.52363835,-0.59852804,0.26745443,0.12079169,0.15749304,0.19848096,0.85658971,1.08145750,1.07964517,1.05141678,0.30072617,0.49332781,0.85463876,0.28814170,0.77989389,0.52363835,1.24485186,1.85797088,1.97135628,1.80006813,1.37369855
420,0.07341532,0.02693659,0.03095269,0.04014084,0.04622633,-0.75038801,-1.03674267,-0.57159715,-1.72722097,-0.32075366,-1.91256252,-0.05339314,-1.77049773,0.19819325,-1.31273237,0.88075186,0.31283131,0.30964327,0.52247312,-0.64036721,0.24331511,0.12068713,0.15195777,0.19405295,0.88075186,1.11549276,1.11841213,1.09167899,0.31283131,0.52159382,0.87584350,0.30964327,0.79683727,0.52247312,1.28110230,1.90780899,2.02952466,1.84992138,1.42655323
421,0.07174392,0.02845197,0.03081014,0.04010314,0.04610904,-0.77648031,-1.05181466,-0.61287082,-1.75688277,-0.35321562,-1.93740603,-0.07558232,-1.80996412,0.19002034,-1.35570546,0.89353476,0.31638446,0.31292300,0.52631842,-0.65733148,0.23753274,0.12078710,0.14692039,0.19019759,0.89353476,1.11711785,1.13261932,1.11056929,0.31638446,0.54304791,0.90019486,0.31292300,0.79978263,0.52631842,1.30881980,1.95061705,2.05721605,1.88664680,1.46307614
422,0.06975076,0.03094762,0.03352829,0.04446697,0.05095102,-0.77043776,-1.02154438,-0.62221119,-1.67218992,-0.37102824,-1.86646522,-0.09948601,-1.74575339,0.18690715,-1.31200363,0.87269231,0.31834103,0.30687278,0.52015806,-0.68954054,0.22095217,0.12054155,0.14768184,0.19063104,0.87269231,1.10249171,1.11041024,1.11318942,0.31834103,0.53064128,0.88877125,0.30687278,0.79250792,0.52015806,1.28139772,1.89284301,2.01240218,1.84162382,1.43787011
423,0.07296622,0.03105169,0.03405244,0.04731944,0.05157028,-0.82767830,-1.04502112,-0.66409421,-1.67360739,-0.39948757,-1.86526192,-0.11627716,-1.73094748,0.18295677,-1.32261546,0.86592293,0.32809274,0.32661432,0.50708671,-0.72023926,0.20819297,0.12138068,0.14299738,0.18756737,0.86592293,1.10420919,1.11243167,1.15336233,0.32809274,0.55427270,0.92141670,0.32661432,0.80522265,0.50708671,1.33536999,1.91452733,2.02536237,1.83206172,1.44770164
424,0.06653451,0.03232396,0.03456918,0.04840465,0.05504830,-0.83705080,-1.05612593,-0.68829213,-1.67941255,-0.42705312,-1.86809608,-0.12868824,-1.74181573,0.18569604,-1.33291035,0.86437584,0.32300720,0.33310204,0.51585148,-0.75831355,0.20613970,0.12409084,0.14125007,0.18801627,0.86437584,1.09086993,1.11684443,1.17891228,0.32300720,0.56578476,0.94229055,0.33310204,0.81801647,0.51585148,1.34933184,1.92727225,2.03013325,1.84445469,1.46745138
425,0.06489648,0.03521759,0.03889266,0.05361389,0.05856004,-0.86746413,-1.04774378,-0.72430528,-1.65289924,-0.45703261,-1.82521575,-0.15055636,-1.73139738,0.17750501,-1.33360734,0.85492855,0.32071905,0.33091780,0.51568440,-0.77868675,0.20334946,0.12192381,0.13886275,0.18479252,0.85492855,1.08059792,1.13112453,1.20944867,0.32071905,0.58052192,0.95792034,0.33091780,0.80779509,0.51568440,1.36271638,1.92455654,2.01120062,1.84793327,1.48124547
426,0.05796318,0.03746018,0.04209875,0.05935344,0.06251868,-0.82273456,-1.01108722,-0.74178380,-1.55750988,-0.47168015,-1.76861501,-0.15045737,-1.65274562,0.18048107,-1.26399838,0.82266282,0.34669621,0.35201890,0.51076405,-0.80293344,0.21306109,0.12206780,0.14084199,0.18637868,0.82266282,1.06512460,1.09330707,1.17669608,0.34669621,0.59989627,0.96908753,0.35201890,0.83073295,0.51076405,1.30615864,1.85891782,1.97593194,1.78552663,1.42975315
427,0.06257475,0.03799576,0.04163143,0.05847612,0.06215395,-0.87099889,-1.01264259,-0.78048788,-1.54182784,-0.49332014,-1.76121153,-0.16000744,-1.67191001,0.17997263,-1.28913955,0.81610186,0.36363992,0.35259588,0.51209133,-0.79412607,0.19638181,0.12093174,0.13807217,0.18354403,0.81610186,1.06405072,1.13121481,1.22757941,0.36363992,0.63477552,0.99410623,0.35259588,0.82659936,0.51209133,1.33772525,1.86014882,1.96884961,1.80323200,1.45250007
428,0.06738184,0.03938068,0.04403629,0.06292934,0.06716343,-0.94161229,-1.03488646,-0.82336158,-1.56333727,-0.53494812,-1.77758242,-0.19617036,-1.67626742,0.17722482,-1.30816611,0.81469250,0.36378304,0.36202141,0.52434489,-0.79339586,0.21672861,0.12181232,0.13285279,0.18024457,0.81469250,1.07710655,1.14582741,1.29495968,0.36378304,0.63760883,1.03274586,0.36202141,0.85614226,0.52434489,1.40125237,1.89517694,1.99929352,1.81392799,1.47981641
429,0.05660129,0.03548751,0.03844546,0.05484699,0.06089209,-0.89951477,-1.08991531,-0.86267303,-1.51796903,-0.56555492,-1.76239256,-0.22471738,-1.66061074,0.15661490,-1.33478010,0.73693464,0.38757865,0.35648221,0.50173791,-0.75175864,0.25666674,0.12202010,0.13116124,0.17914290,0.73693464,0.99022228,1.08078892,1.25633544,0.38757865,0.65412679,1.03624749,0.35648221,0.83934344,0.50173791,1.41325665,1.85099648,1.96555874,1.79309705,1.49318132
430,0.05431060,0.03895495,0.04361825,0.06126732,0.06226121,-0.92801021,-1.10915979,-0.90086231,-1.46319515,-0.60622159,-1.70455028,-0.24075732,-1.63650431,0.14918978,-1.32964813,0.70756052,0.38394437,0.37386998,0.49624426,-0.77680295,0.23740371,0.12163826,0.13085331,0.17865736,0.70756052,0.94565276,1.06566197,1.26569501,0.38394437,0.68253167,1.05861506,0.37386998,0.84399327,0.49624426,1.44661462,1.83621433,1.93836985,1.77948768,1.49295412
431,0.03774656,0.03630039,0.03942685,0.05934536,0.06320068,-0.84774202,-1.26042826,-0.93697504,-1.41530851,-0.62507458,-1.70145350,-0.26306987,-1.62416470,0.12589424,-1.29148953,0.61586006,0.42687549,0.37019179,0.51213458,-0.76532505,0.29582634,0.12241358,0.13038034,0.17884104,0.61586006,0.81221981,0.94014685,1.17547250,0.42687549,0.70735058,1.07224919,0.37019179,0.85568610,0.51213458,1.51899717,1.79759783,1.92472467,1.76638321,1.45600507
432,0.04537702,0.03509024,0.03785973,0.05744910,0.06158556,-0.93323170,-1.15913809,-0.96617524,-1.39019565,-0.67056459,-1.66990762,-0.29973572,-1.61106024,0.10842966,-1.29218482,0.62336371,0.41153792,0.37547349,0.51843294,-0.75184064,0.27538018,0.12111832,0.12829090,0.17643186,0.62336371,0.85931206,1.00816903,1.24199329,0.41153792,0.70490168,1.08241910,0.37547349,0.86607294,0.51843294,1.48819635,1.78433930,1.90490159,1.75442945,1.44998675
433,0.04649002,0.03877016,0.03857184,0.06225031,0.06406745,-0.93368856,-1.20372036,-0.98942735,-1.35055272,-0.70222511,-1.65821680,-0.32813163,-1.58102027,0.08701433,-1.28562114,0.65132252,0.42673215,0.38247340,0.50991771,-0.81175569,0.24600936,0.12183904,0.12828777,0.17692514,0.65132252,0.86814259,0.98769987,1.24220867,0.42673215,0.70215267,1.08074169,0.38247340,0.87276969,0.50991771,1.52349794,1.78323138,1.92644199,1.74623774,1.45936762
434,0.05317962,0.04268998,0.03676644,0.06090241,0.06218448,-0.91212429,-1.08915178,-0.97448634,-1.29265455,-0.68640344,-1.63267833,-0.33119385,-1.55076851,0.07893297,-1.23020003,0.70142211,0.45296679,0.36454420,0.52055907,-0.88176065,0.30978014,0.12240607,0.13263244,0.18048438,0.70142211,0.95288375,1.05678400,1.25454013,0.45296679,0.69823035,1.05891644,0.36454420,0.86473938,0.52055907,1.42081484,1.74301425,1.91458495,1.74582054,1.43469006
435,0.05381202,0.04351107,0.03798451,0.06206105,0.06475464,-0.92418214,-1.08290084,-0.98153454,-1.33803395,-0.69864838,-1.63459291,-0.32459490,-1.55179184,0.07728037,-1.22092493,0.71809154,0.41978910,0.38312428,0.52074388,-0.87948587,0.30251713,0.12032096,0.13180519,0.17846496,0.71809154,0.96553239,1.07289063,1.27088965,0.41978910,0.69634120,1.07008655,0.38312428,0.87937376,0.52074388,1.42412009,1.77582310,1.91909560,1.74106474,1.42651429
436,0.04492467,0.04343912,0.03914821,0.06326448,0.06563147,-0.89090744,-1.11385796,-0.99307872,-1.28311668,-0.70663213,-1.60492851,-0.33296056,-1.51102155,0.07127958,-1.20087993,0.70686435,0.44364110,0.38554892,0.50951198,-0.90854403,0.28136958,0.12014051,0.13270603,0.17901014,0.70686435,0.94368575,1.03079777,1.23699958,0.44364110,0.70435239,1.07164967,0.38554892,0.87666714,0.50951198,1.42655990,1.74886010,1.91060141,1.71700954,1.41578464
437,0.04623646,0.04930416,0.03619606,0.05992988,0.06427756,-0.85802253,-1.05333030,-0.99132819,-1.21726228,-0.70574424,-1.56218384,-0.35348825,-1.44639934,0.05149866,-1.16461306,0.71698862,0.46448499,0.37106523,0.49344660,-0.93405018,0.28996534,0.11823518,0.13661381,0.18067344,0.71698862,0.96736948,1.01986519,1.20718831,0.46448499,0.68649752,1.04900778,0.37106523,0.85556350,0.49344660,1.35879133,1.70315816,1.88492986,1.67617751,1.39232276
438,0.04424226,0.04698561,0.03989700,0.06607683,0.06715174,-0.86639907,-1.10628850,-1.05192440,-1.25355084,-0.75944641,-1.61259217,-0.38721326,-1.51865135,0.03921580,-1.24160515,0.72544749,0.48519063,0.38551769,0.50865126,-0.95404700,0.25847945,0.11781904,0.13023444,0.17561986,0.72544749,0.97848296,1.01588820,1.20533316,0.48519063,0.72395806,1.09560949,0.38551769,0.88185413,0.50865126,1.40525427,1.76863635,1.96024393,1.75081135,1.46101827
439,0.04893895,0.05148305,0.03696723,0.06297801,0.06850074,-0.80312034,-1.06857601,-1.03133890,-1.22380758,-0.73150125,-1.60870636,-0.36661859,-1.50698363,0.06023128,-1.20957446,0.74527812,0.50646428,0.38015945,0.52034862,-0.99904605,0.28558614,0.11880019,0.13193063,0.17753641,0.74527812,0.99130481,1.00812538,1.17570317,0.50646428,0.72992743,1.09563604,0.38015945,0.88767348,0.52034862,1.33674123,1.74196232,1.94972700,1.74122634,1.44107322
440,0.05629809,0.05175671,0.03732026,0.06435919,0.06765372,-0.71143781,-1.02292601,-1.01450819,-1.17459752,-0.70128832,-1.55870588,-0.34407275,-1.45677536,0.06509155,-1.18219248,0.76986515,0.51573638,0.37477037,0.49387102,-1.01181835,0.26287463,0.11564357,0.13483516,0.17763433,0.76986515,0.99121154,0.96863920,1.09205285,0.51573638,0.73332081,1.08128608,0.37477037,0.85787179,0.49387102,1.24614102,1.70669502,1.90999420,1.69858352,1.41220576
441,0.05753151,0.04701178,0.03823063,0.06620420,0.07032538,-0.67911212,-1.05558019,-1.00742148,-1.23043568,-0.70362719,-1.60012246,-0.34031153,-1.44981616,0.08108902,-1.21634858,0.78968384,0.50464823,0.40338675,0.48529745,-1.00723031,0.23738316,0.11359696,0.13236316,0.17442556,0.78968384,1.01561156,0.92635755,1.05134330,0.50464823,0.70575352,1.08866372,0.40338675,0.88610354,0.48529745,1.25563093,1.75010063,1.96201868,1.69093032,1.42730057
442,0.05767089,0.03818855,0.04204911,0.06791333,0.07342975,-0.77060512,-1.09168481,-1.06506151,-1.35512672,-0.74921991,-1.74126992,-0.37083245,-1.61704524,0.06653792,-1.34547320,0.77375259,0.51420485,0.40381519,0.51638211,-0.96303484,0.17179656,0.11379709,0.12473512,0.16884498,0.77375259,1.02295466,0.97918970,1.10988568,0.51420485,0.74425046,1.13178107,0.40381519,0.91297966,0.51638211,1.33694076,1.86322439,2.07032610,1.82717099,1.53008579
443,0.06037020,0.03282590,0.04164106,0.06165403,0.06986378,-0.69608781,-1.19285725,-1.02027360,-1.35205162,-0.74252810,-1.67900415,-0.34047115,-1.63276086,0.08734469,-1.31814558,0.74686735,0.45938377,0.41231672,0.53173586,-0.96291260,0.17200625,0.11617962,0.12889361,0.17352599,0.74686735,0.95271801,0.93079140,1.06608780,0.45938377,0.74042586,1.10967276,0.41231672,0.91111488,0.53173586,1.38143262,1.82666688,2.02233200,1.83676756,1.51528041
444,0.06191714,0.03414474,0.04229653,0.06437006,0.07153738,-0.90369772,-1.12931122,-0.96426190,-1.43194776,-0.68691280,-1.71579494,-0.29775414,-1.62749621,0.12057222,-1.29512524,0.76989037,0.43237904,0.40718451,0.53474518,-0.93690145,0.25357426,0.11784796,0.12981175,0.17532607,0.76989037,1.07703906,1.11755654,1.29445962,0.43237904,0.70049300,1.09558026,0.40718451,0.91629965,0.53474518,1.44650204,1.85783083,2.03768886,1.82793568,1.50402455
445,0.05531177,0.03422826,0.04223903,0.06348955,0.06536332,-0.88057932,-1.16504751,-0.94593000,-1.44808919,-0.62440679,-1.75318256,-0.25528403,-1.63271253,0.14588926,-1.32154111,0.73102559,0.45627468,0.38939310,0.50787608,-0.87817653,0.33046182,0.12376899,0.13012284,0.17958484,0.73102559,1.00923877,1.08251722,1.27313002,0.45627468,0.71924070,1.10110074,0.38939310,0.88400788,0.50787608,1.46058539,1.84681754,2.00859270,1.80508097,1.50876097
446,0.05198697,0.03468149,0.03989122,0.05938848,0.06396568,-0.84265645,-1.14922114,-0.88983243,-1.44040281,-0.57485452,-1.74678126,-0.22203379,-1.65482381,0.15526528,-1.29254469,0.70060113,0.44568163,0.36487627,0.52330458,-0.81862844,0.40908416,0.12416008,0.13398195,0.18266606,0.70060113,0.96586259,1.07934233,1.25042535,0.44568163,0.70694242,1.06063964,0.36487627,0.86040038,0.52330458,1.42564554,1.79440513,1.95682787,1.80392421,1.47746103
447,0.07051453,0.03425806,0.04163804,0.06414342,0.06726003,-0.94280039,-1.07844919,-0.86102834,-1.54938400,-0.56247293,-1.79745251,-0.21530608,-1.64723597,0.16897589,-1.28559166,0.77979528,0.39353413,0.37851488,0.52770152,-0.77940545,0.35766176,0.12401349,0.13407029,0.18263129,0.77979528,1.06077535,1.13935214,1.31471273,0.39353413,0.65509996,1.06463463,0.37851488,0.89282025,0.52770152,1.43245475,1.87697392,2.00311008,1.79071970,1.46027334
448,0.06560096,0.03720463,0.04569753,0.06430186,0.06669872,-0.89547007,-1.06739762,-0.82976958,-1.56623545,-0.53358149,-1.80642200,-0.19740837,-1.65481405,0.16322423,-1.30981974,0.79647759,0.38551256,0.36926116,0.49910059,-0.77903197,0.35900018,0.12600676,0.13930872,0.18784202,0.79647759,1.06368740,1.12319347,1.27095319,0.38551256,0.63964776,1.02645292,0.36926116,0.85577228,0.49910059,1.39327771,1.87833875,2.00199678,1.79227332,1.47772832
449,0.07200551,0.03070717,0.03578450,0.05243246,0.05881221,-0.83930693,-1.03085546,-0.72540054,-1.61865627,-0.45608568,-1.79552003,-0.14594390,-1.64171810,0.18695893,-1.25767572,0.83810794,0.33143170,0.34646847,0.50826376,-0.75016060,0.34324313,0.12775615,0.14719062,0.19490180,0.83810794,1.08289938,1.12984027,1.23815204,0.33143170,0.58339668,0.98353121,0.34646847,0.83837722,0.50826376,1.32933018,1.86682025,1.96650500,1.77014999,1.42803147
450,0.05969693,0.03413988,0.03926143,0.05412338,0.05701241,-0.77839258,-0.95569610,-0.67175249,-1.51852602,-0.42242202,-1.70664681,-0.13482725,-1.55022536,0.17199849,-1.17885530,0.85045551,0.32494100,0.33268713,0.48283202,-0.81836184,0.35843217,0.12678661,0.16087008,0.20482683,0.85045551,1.09839222,1.09633917,1.15988613,0.32494100,0.53872077,0.90955869,0.33268713,0.80021297,0.48283202,1.23325172,1.79030031,1.91496394,1.70618081,1.36538257
451,0.05358369,0.03629833,0.03799631,0.05406370,0.05324295,-0.75994827,-0.92660808,-0.63978088,-1.51332996,-0.40561302,-1.69185037,-0.13939267,-1.51786578,0.15371737,-1.15765558,0.86396298,0.30518597,0.32758719,0.46731983,-0.81063061,0.32827675,0.12563520,0.16475361,0.20719062,0.86396298,1.09783019,1.06042677,1.10252437,0.30518597,0.50041155,0.87103118,0.32758719,0.78441334,0.46731983,1.19992236,1.77948745,1.90001202,1.67114295,1.32830347
452,0.05684299,0.03584889,0.03878706,0.05338016,0.05309379,-0.73457151,-0.90300398,-0.62138410,-1.47037114,-0.39395812,-1.65385664,-0.14244864,-1.49881114,0.13682873,-1.13758157,0.84367094,0.30979387,0.31095741,0.46160093,-0.80971601,0.30717635,0.12369281,0.16991411,0.21016830,0.84367094,1.09260351,1.04401810,1.05797140,0.30979387,0.47981573,0.83033735,0.31095741,0.75855504,0.46160093,1.16648426,1.73878006,1.87566277,1.65836677,1.30637609
453,0.05371853,0.03529135,0.03646148,0.04869956,0.04956098,-0.72815047,-0.90126279,-0.61872403,-1.49213197,-0.39465258,-1.68971268,-0.14535199,-1.53652373,0.13697285,-1.15553844,0.85367697,0.31826790,0.31121021,0.47924345,-0.80668823,0.28821019,0.12285357,0.16815792,0.20825486,0.85367697,1.11610868,1.05615562,1.05141483,0.31826790,0.47546394,0.82986782,0.31121021,0.77377767,0.47924345,1.16161565,1.75623272,1.91031841,1.69184056,1.32020420
454,0.05588803,0.03322402,0.03603336,0.04738648,0.04875233,-0.77005106,-0.97158219,-0.65948869,-1.59101524,-0.42127974,-1.84052151,-0.15529381,-1.67043286,0.13298636,-1.24572554,0.84797631,0.35768730,0.32913322,0.51642330,-0.76166524,0.26200744,0.12336735,0.16021612,0.20220957,0.84797631,1.14730101,1.09144009,1.07431902,0.35768730,0.51041363,0.86618599,0.32913322,0.82667726,0.51642330,1.24245014,1.84103498,2.02981021,1.79990386,1.38708971
455,0.06094127,0.03090972,0.03340395,0.04393157,0.04802394,-0.74660603,-0.97375888,-0.63589437,-1.61903148,-0.40267179,-1.84864821,-0.13809987,-1.67931845,0.13821210,-1.23001918,0.86246862,0.34345100,0.32422097,0.53062664,-0.75480905,0.29659569,0.12398330,0.16262238,0.20449425,0.86246862,1.15182581,1.10028656,1.06148079,0.34345100,0.50199743,0.86702315,0.32422097,0.83327237,0.53062664,1.22941084,1.85266318,2.03224902,1.81021342,1.37715044
456,0.05571793,0.03162827,0.03493073,0.04452649,0.04864393,-0.73698334,-0.96930164,-0.62469071,-1.58626633,-0.40085934,-1.80265730,-0.14788132,-1.66457568,0.12290602,-1.23994692,0.84852432,0.32256053,0.29969876,0.50574457,-0.74134689,0.29150900,0.12175345,0.16531806,0.20531431,0.84852432,1.11255682,1.07689110,1.04447717,0.32256053,0.48320218,0.82509530,0.29969876,0.77940892,0.50574457,1.21953599,1.82075433,1.98341371,1.79001488,1.38087291
457,0.05717827,0.02917515,0.03230147,0.04183383,0.04638956,-0.73004109,-0.99107826,-0.61259869,-1.62002652,-0.38695850,-1.85540063,-0.13413022,-1.70163034,0.13495308,-1.25082149,0.84043930,0.33970743,0.30583684,0.52734215,-0.71560556,0.29988454,0.12273660,0.16420493,0.20500617,0.84043930,1.12902991,1.08488736,1.03890687,0.33970743,0.48571355,0.83434841,0.30583684,0.80869526,0.52734215,1.23279158,1.83713444,2.02322248,1.81969741,1.38581459
458,0.05961670,0.02889432,0.03144157,0.04013827,0.04526074,-0.72124585,-1.00425255,-0.59832324,-1.64132483,-0.37248333,-1.87781292,-0.12813804,-1.72447656,0.13577931,-1.26112232,0.84114636,0.34143608,0.29772250,0.53547587,-0.70715176,0.30001442,0.12262134,0.16509390,0.20565016,0.84114636,1.13406785,1.08811232,1.03036992,0.34143608,0.47811408,0.82707211,0.29772250,0.80847822,0.53547587,1.23780877,1.84522266,2.03572754,1.83656470,1.39052414
459,0.06214813,0.02795738,0.02930495,0.03817042,0.04381120,-0.69610530,-0.99048515,-0.57961468,-1.66037130,-0.35707698,-1.89776711,-0.11845527,-1.71389359,0.14149352,-1.25091706,0.85338099,0.33944772,0.30842685,0.53314353,-0.69458738,0.31715236,0.12279896,0.16655122,0.20692727,0.85338099,1.14590188,1.07486615,1.00867384,0.33944772,0.46525625,0.82943483,0.30842685,0.82465850,0.53314353,1.21174913,1.84801441,2.04218350,1.81917791,1.37383733
460,0.06023439,0.02548631,0.02895506,0.03692064,0.04405856,-0.65302927,-0.93868250,-0.55255409,-1.61921149,-0.32889530,-1.83024798,-0.11093552,-1.64126380,0.14161575,-1.20666618,0.86493807,0.32218965,0.29314672,0.50425142,-0.67172363,0.35718381,0.12225869,0.17210421,0.21110909,0.86493807,1.13355001,1.05382212,0.99110993,0.32218965,0.44435931,0.80751515,0.29314672,0.78660278,0.50425142,1.14376336,1.79690063,1.96838748,1.74874089,1.33495457
461,0.05856182,0.02830846,0.03149034,0.03924975,0.04577709,-0.60324051,-0.89061484,-0.50331934,-1.55780435,-0.30564099,-1.74462706,-0.10053850,-1.56231038,0.13178287,-1.14217622,0.88492143,0.29486295,0.28073268,0.48225333,-0.71201983,0.36743029,0.12295192,0.18174910,0.21943087,0.88492143,1.13544711,1.04758886,0.97052996,0.29486295,0.40649835,0.75906728,0.28073268,0.75184851,0.48225333,1.07568512,1.73507853,1.90037298,1.68735489,1.28950016
462,0.06053720,0.02533877,0.03087237,0.03797396,0.04599710,-0.59583292,-0.90190910,-0.49733508,-1.56478694,-0.30914152,-1.72688558,-0.10242077,-1.56804485,0.12756284,-1.13800685,0.87802086,0.26962319,0.26433732,0.48894743,-0.70601405,0.39810288,0.12316141,0.18370372,0.22116914,0.87802086,1.10209318,1.04027624,0.96484663,0.26962319,0.39964026,0.75717252,0.26433732,0.73737875,0.48894743,1.08095222,1.73744840,1.87902525,1.69273777,1.29006918
463,0.06565869,0.02980585,0.03328094,0.03914739,0.04529379,-0.56064502,-0.84053952,-0.46794710,-1.47758326,-0.28638556,-1.63577104,-0.09673457,-1.47214550,0.11950193,-1.06295204,0.90226641,0.27286934,0.25181701,0.46567197,-0.76553334,0.44215474,0.12346819,0.19497876,0.23078369,0.90226641,1.13402477,1.07415557,0.98930082,0.27286934,0.38512388,0.72083892,0.25181701,0.70629916,0.46567197,1.01135276,1.65749349,1.80833144,1.62863718,1.24564324
464,0.06579086,0.03235763,0.03393628,0.03941352,0.04463649,-0.53320798,-0.81625329,-0.45068227,-1.45777762,-0.27319573,-1.61025785,-0.09134927,-1.43311827,0.11665011,-1.02817371,0.91415139,0.26786178,0.25501738,0.45937500,-0.76966795,0.43238225,0.12230713,0.19842145,0.23308819,0.91415139,1.14052737,1.06839715,0.97170667,0.26786178,0.37549256,0.71303511,0.25501738,0.70579820,0.45937500,0.97699440,1.63352416,1.78236320,1.59292949,1.21036982
465,0.06725352,0.03588596,0.03657967,0.04242444,0.04560258,-0.50737004,-0.78784097,-0.43318589,-1.42015202,-0.26455375,-1.56935301,-0.08525394,-1.39203016,0.11203429,-0.99838839,0.91977246,0.27259405,0.25314246,0.44592140,-0.78903459,0.43864403,0.12296329,0.20364599,0.23789001,0.91977246,1.15671539,1.08435249,0.97643187,0.27259405,0.37302663,0.69200837,0.25314246,0.69021483,0.44592140,0.94183063,1.59016629,1.74802108,1.56084605,1.18604799
466,0.06569206,0.02530319,0.02766855,0.03210657,0.03841892,-0.55177471,-0.89721521,-0.46303525,-1.57208518,-0.28397218,-1.73158251,-0.10068942,-1.55269854,0.11534391,-1.11233434,0.91594986,0.27062414,0.25716965,0.49443839,-0.75793479,0.41388336,0.12157535,0.19119378,0.22657367,0.91594986,1.14587119,1.06975092,0.95779825,0.27062414,0.37695708,0.73991891,0.25716965,0.74178813,0.49443839,1.05439560,1.73349681,1.88564028,1.69291655,1.27135491
467,0.06759724,0.02726823,0.02999722,0.03479812,0.04089237,-0.53182281,-0.84832275,-0.44724450,-1.52262891,-0.27209471,-1.68133634,-0.09589663,-1.50101906,0.11362017,-1.06340359,0.92611519,0.27094029,0.25289317,0.48992229,-0.76269709,0.43356965,0.12101819,0.19653120,0.23080276,0.92611519,1.15819976,1.07991988,0.95751401,0.27094029,0.36957600,0.72625581,0.25289317,0.73371118,0.48992229,1.00293460,1.68653223,1.84273597,1.65210275,1.23395099
468,0.06682595,0.02497097,0.02708331,0.03193483,0.03857183,-0.53213131,-0.88397645,-0.44970117,-1.57281269,-0.27555028,-1.72493698,-0.10101514,-1.54579910,0.11191050,-1.09993993,0.92177812,0.26413265,0.25051051,0.49781854,-0.74215100,0.43806906,0.12107567,0.19448034,0.22908933,0.92177812,1.14572610,1.06901807,0.94682145,0.26413265,0.36766269,0.73606123,0.25051051,0.73917251,0.49781854,1.03380888,1.72337785,1.87086586,1.68215131,1.25550813
469,0.06778244,0.02397225,0.02657570,0.03066655,0.03543255,-0.51808569,-0.89416977,-0.45004898,-1.59940273,-0.27795385,-1.75662767,-0.10457705,-1.56702147,0.10935217,-1.11636838,0.94146004,0.27168565,0.25754651,0.50268578,-0.74502453,0.41736969,0.12068288,0.19448618,0.22888694,0.94146004,1.17404561,1.08339451,0.95132039,0.27168565,0.36769801,0.74149614,0.25754651,0.75253873,0.50268578,1.03750136,1.74339574,1.89964431,1.69957988,1.26635156
470,0.06811333,0.02159806,0.02367687,0.02742139,0.03305544,-0.52621976,-0.94314746,-0.45382933,-1.65438055,-0.28273351,-1.81758702,-0.11222588,-1.62487262,0.10091493,-1.16844839,0.93068324,0.27085697,0.25755686,0.50648411,-0.71801514,0.39326689,0.11965240,0.19101491,0.22539608,0.93068324,1.16357548,1.07239850,0.94085972,0.27085697,0.36359374,0.74063348,0.25755686,0.75672801,0.50648411,1.08407148,1.78749599,1.94574221,1.74389317,1.30420160
471,0.06808236,0.02197839,0.02378097,0.02718473,0.03314617,-0.51766469,-0.93174621,-0.45008827,-1.64092097,-0.28230431,-1.80468243,-0.11316798,-1.61656133,0.10776023,-1.15785322,0.92739464,0.26345724,0.25298775,0.51180488,-0.70241736,0.40600192,0.11922318,0.19289097,0.22676219,0.92739464,1.15200838,1.07044327,0.93995154,0.26345724,0.35937651,0.74129383,0.25298775,0.75697260,0.51180488,1.07041382,1.77220717,1.92759388,1.73441114,1.29327640
472,0.06891301,0.02457926,0.02800501,0.03090076,0.03474076,-0.49406377,-0.87405257,-0.44051200,-1.57241590,-0.27416429,-1.72981554,-0.10671447,-1.54747436,0.09948979,-1.11315794,0.95840886,0.27295430,0.24766154,0.48391721,-0.73470971,0.39767142,0.11969375,0.20045781,0.23347361,0.95840886,1.19374714,1.11209325,0.97886979,0.27295430,0.36342913,0.71415106,0.24766154,0.72368734,0.48391721,1.01374880,1.71197681,1.87257082,1.68403626,1.26879211
473,0.06709639,0.02322486,0.02664631,0.02956052,0.03421248,-0.50011522,-0.88584312,-0.44457177,-1.59286222,-0.28023235,-1.75127839,-0.11107072,-1.56473757,0.09622575,-1.12511012,0.94667066,0.27009561,0.25199571,0.48938228,-0.70871602,0.39973993,0.11937495,0.19954080,0.23252293,0.94667066,1.18003670,1.09223178,0.95390787,0.27009561,0.36087582,0.71925725,0.25199571,0.73363546,0.48938228,1.02530703,1.72736385,1.88662868,1.69191395,1.26804159
474,0.06765833,0.02636387,0.02981726,0.03250891,0.03677620,-0.48865339,-0.86391110,-0.43974696,-1.55794810,-0.27728807,-1.71130156,-0.10823115,-1.52581600,0.09272181,-1.09107785,0.96175804,0.27137843,0.25100373,0.48188816,-0.72780671,0.40554874,0.11976669,0.20441036,0.23691276,0.96175804,1.19665392,1.11588541,0.98392305,0.27137843,0.36522757,0.71471720,0.25100373,0.72449156,0.48188816,1.00613240,1.69402648,1.85259970,1.66163399,1.24657538
475,0.06650309,0.02569399,0.02889054,0.03170633,0.03594810,-0.49506984,-0.88303131,-0.44755435,-1.58654266,-0.28143678,-1.74709632,-0.11269433,-1.55999678,0.09448088,-1.11399810,0.96223619,0.27623305,0.25197165,0.49399372,-0.73259340,0.42733256,0.12068522,0.20263113,0.23584804,0.96223619,1.20091551,1.12223589,0.99107359,0.27623305,0.36974211,0.72711396,0.25197165,0.73759214,0.49399372,1.02500841,1.72092501,1.88369302,1.69322720,1.26967875
476,0.07251185,0.02974111,0.03402576,0.03771965,0.04005380,-0.46993909,-0.82564182,-0.42876223,-1.51386843,-0.27016256,-1.66073770,-0.10301783,-1.47595435,0.09467827,-1.05538122,0.97704065,0.28838928,0.24926866,0.46719395,-0.75924446,0.46616027,0.12309086,0.21092365,0.24421332,0.97704065,1.23179335,1.16207665,1.03984002,0.28838928,0.38316182,0.71186052,0.24926866,0.70797326,0.46719395,0.97488735,1.64311029,1.80898675,1.62485092,1.22951161
477,0.07912630,0.03317042,0.03850520,0.04345749,0.04220338,-0.45973840,-0.79596619,-0.42386390,-1.47837225,-0.26664588,-1.63081959,-0.10290773,-1.44363910,0.08998694,-1.03227060,0.98162387,0.31237838,0.24884768,0.45822024,-0.76003167,0.48107015,0.12301651,0.21449288,0.24726556,0.98162387,1.26272456,1.19311571,1.06158958,0.31237838,0.39732406,0.70192167,0.24884768,0.69857477,0.45822024,0.95394076,1.60230691,1.78402505,1.59960803,1.20842414
478,0.06883239,0.02663942,0.02935045,0.03275787,0.03496213,-0.47933330,-0.86408402,-0.42770815,-1.56678195,-0.26677153,-1.73020842,-0.09729203,-1.53790375,0.10201818,-1.09822684,0.96478039,0.29503848,0.25639190,0.48694346,-0.72979036,0.45494597,0.12122450,0.20669013,0.23961675,0.96478039,1.22831397,1.14184233,0.99679066,0.29503848,0.37731526,0.71667533,0.25639190,0.73500979,0.48694346,1.00474297,1.69273894,1.87187883,1.67518415,1.25233708
479,0.07153391,0.02709115,0.03140046,0.03547631,0.03574608,-0.47416552,-0.84531590,-0.42387064,-1.55336640,-0.26041747,-1.71230972,-0.09405292,-1.51656216,0.10299478,-1.08395194,0.96699958,0.29338875,0.25702030,0.48030667,-0.72481574,0.44748728,0.12111473,0.20788289,0.24059109,0.96699958,1.22686677,1.13550625,0.98724856,0.29338875,0.37591917,0.71385060,0.25702030,0.72992525,0.48030667,0.98718863,1.67712742,1.85130728,1.65100946,1.23232056
480,0.06583292,0.02227645,0.02484257,0.02809200,0.03121323,-0.48181039,-0.89109662,-0.42448145,-1.62457781,-0.25339644,-1.79826044,-0.08688888,-1.58718742,0.11568834,-1.13020551,0.95475057,0.28167006,0.26905117,0.50353078,-0.67751034,0.43568988,0.11941659,0.20125803,0.23401948,0.95475057,1.19873955,1.08931777,0.93508408,0.28167006,0.36386226,0.73557573,0.26905117,0.76654332,0.50353078,1.02197038,1.74459792,1.91719329,1.70044134,1.25936410
481,0.06624170,0.02343889,0.02508102,0.02782848,0.03065109,-0.48961834,-0.90861595,-0.41280176,-1.64389425,-0.24312796,-1.82157656,-0.07885552,-1.61031801,0.12239007,-1.14539757,0.94755463,0.27780882,0.26761796,0.50976259,-0.66926495,0.43572909,0.11924643,0.19989319,0.23275953,0.94755463,1.19001236,1.08636468,0.93343509,0.27780882,0.35911797,0.73483747,0.26761796,0.77087742,0.50976259,1.04102619,1.75545623,1.92910033,1.71500614,1.26720098
482,0.06725720,0.02158173,0.02346442,0.02643847,0.02944225,-0.49951084,-0.93779680,-0.42461221,-1.68809302,-0.24379760,-1.86120842,-0.07237128,-1.65233252,0.13013532,-1.17686113,0.94484106,0.27596870,0.27025214,0.51954077,-0.65093621,0.42405540,0.11874411,0.19558501,0.22880922,0.94484106,1.17814748,1.07556324,0.92069369,0.27596870,0.37125037,0.75664548,0.27025214,0.78198187,0.51954077,1.06896363,1.79847275,1.96129118,1.74742463,1.28946297
483,0.06585310,0.02428789,0.02610428,0.02898984,0.03021612,-0.47375854,-0.89207888,-0.40070682,-1.64733506,-0.23398641,-1.80437912,-0.07050259,-1.59571793,0.12389476,-1.14262453,0.97206843,0.26414085,0.26555975,0.49802557,-0.67278263,0.41897267,0.11898623,0.20055795,0.23319780,0.97206843,1.19839485,1.08660709,0.91988331,0.26414085,0.35363826,0.72937538,0.26555975,0.75726311,0.49802557,1.01885643,1.76041548,1.91765274,1.70265557,1.26122757
484,0.06364511,0.02270982,0.02402010,0.02668796,0.02942725,-0.48410921,-0.92895660,-0.40817690,-1.68477782,-0.23428547,-1.84725866,-0.06625806,-1.64187804,0.13105261,-1.16503744,0.95612129,0.26445183,0.26558069,0.51939997,-0.65241018,0.41205232,0.11961427,0.19808501,0.23139846,0.95612129,1.17899540,1.07338279,0.90897567,0.26445183,0.36007159,0.75031410,0.26558069,0.77702472,0.51939997,1.05489468,1.79254432,1.94779197,1.73621960,1.27523740
485,0.06339312,0.02105235,0.02204515,0.02443622,0.02902024,-0.50183719,-0.96652349,-0.42404594,-1.74734159,-0.24787915,-1.92408230,-0.07385037,-1.71319148,0.12995446,-1.21540156,0.94973220,0.26743445,0.27342645,0.53941642,-0.62611708,0.40958562,0.11856508,0.19239064,0.22599078,0.94973220,1.17466468,1.06790379,0.90071217,0.26743445,0.36503796,0.77012626,0.27342645,0.80407877,0.53941642,1.09341209,1.85048521,2.01201061,1.79617248,1.31840943
486,0.06628125,0.02254184,0.02408822,0.02705658,0.02996475,-0.48923828,-0.92783623,-0.40617031,-1.67162503,-0.23589435,-1.84254747,-0.07091948,-1.63133179,0.12563988,-1.16007986,0.94571021,0.26831144,0.26815782,0.51412695,-0.64808765,0.39626418,0.11840807,0.19910551,0.23165378,0.94571021,1.17671357,1.06832635,0.90802722,0.26831144,0.35465624,0.73948575,0.26815782,0.77539383,0.51412695,1.05636564,1.77889352,1.94317219,1.72668781,1.26999010
487,0.06452839,0.01888950,0.02110043,0.02421020,0.02912873,-0.51599883,-0.98331738,-0.43593766,-1.76686065,-0.25546186,-1.93371879,-0.07834646,-1.72033258,0.13142521,-1.22492127,0.92756548,0.26011648,0.27732293,0.53897040,-0.58424064,0.41381698,0.11930282,0.19048657,0.22476276,0.92756548,1.14097955,1.03101754,0.87730980,0.26011648,0.37003844,0.78622947,0.27732293,0.80825100,0.53897040,1.11379332,1.86416949,2.01093717,1.78968111,1.31317416
488,0.06408424,0.01951551,0.02157912,0.02466379,0.02919055,-0.52196643,-0.98131394,-0.44664384,-1.75495045,-0.26441619,-1.94062790,-0.08440399,-1.72813539,0.12747462,-1.23267864,0.92224764,0.27429827,0.27851576,0.53966848,-0.59145885,0.41953660,0.11910828,0.19117341,0.22524222,0.92224764,1.15187569,1.04169190,0.88742122,0.27429827,0.37264787,0.77798774,0.27851576,0.80986037,0.53966848,1.11480230,1.85685269,2.02075426,1.79928311,1.32336553
489,0.06597527,0.01765631,0.01887512,0.02211377,0.02837522,-0.54909293,-1.00394512,-0.46364913,-1.79683648,-0.28160599,-1.99432859,-0.09367867,-1.77561116,0.12145605,-1.27438736,0.90657159,0.27759698,0.28876609,0.54567657,-0.54216612,0.37232342,0.11817807,0.18601558,0.22038115,0.90657159,1.14179177,1.01937056,0.86241646,0.27759698,0.37462279,0.78537718,0.28876609,0.82567967,0.54567657,1.14530513,1.89481184,2.06446258,1.83121795,1.34791705
490,0.06501874,0.01818963,0.02050228,0.02491350,0.03001639,-0.55400498,-0.98820957,-0.45894320,-1.75847554,-0.27673652,-1.95613255,-0.09307311,-1.72749738,0.12891689,-1.24535493,0.89342207,0.27703800,0.29363896,0.53105639,-0.54671039,0.38580687,0.11837275,0.18684603,0.22118668,0.89342207,1.12842870,1.00189357,0.87236151,0.27703800,0.37087139,0.78110837,0.29363896,0.81899369,0.53105639,1.13385084,1.86008943,2.02920076,1.78719874,1.32437455
491,0.06310809,0.01822177,0.01896590,0.02298373,0.03174864,-0.57027349,-0.95975493,-0.46024805,-1.73304588,-0.28298027,-1.92117790,-0.10181404,-1.71022402,0.12584846,-1.21724913,0.88180818,0.26539622,0.27850595,0.54305773,-0.52257093,0.39028527,0.11694758,0.18610957,0.21980334,0.88180818,1.10780086,0.99429502,0.86605062,0.26539622,0.36191398,0.78161646,0.27850595,0.81436632,0.54305773,1.11656029,1.83507334,1.99343184,1.76754335,1.29614425
492,0.06326882,0.02046112,0.02250767,0.02744682,0.03423772,-0.56114178,-0.95057271,-0.45277087,-1.68937226,-0.26591320,-1.87198703,-0.09245414,-1.66381285,0.13404596,-1.19146436,0.89195702,0.26833526,0.27166249,0.52501630,-0.60198149,0.40419083,0.11691979,0.18719811,0.22071105,0.89195702,1.11247176,1.00443695,0.88654098,0.26833526,0.36362853,0.76961789,0.27166249,0.79122651,0.52501630,1.10388443,1.81320672,1.96621969,1.74563823,1.29336248
493,0.06439883,0.01943468,0.02169415,0.02768055,0.03384082,-0.58030002,-0.96621827,-0.46710761,-1.72073483,-0.27352867,-1.90317980,-0.08808099,-1.69172116,0.14431730,-1.22660685,0.90483373,0.27440492,0.28400926,0.52105230,-0.60390039,0.37816488,0.11945049,0.18122369,0.21704941,0.90483373,1.13079862,1.01646617,0.90754187,0.27440492,0.38116021,0.78615493,0.28400926,0.79858514,0.52105230,1.12708733,1.84816707,2.00089900,1.77037702,1.32519399
494,0.06573094,0.02170847,0.02325208,0.03043589,0.03577022,-0.59445438,-1.01222826,-0.47906866,-1.75415959,-0.28581718,-1.92026991,-0.09257630,-1.71146548,0.15603217,-1.24060052,0.91776133,0.26896914,0.28684097,0.53318610,-0.66895325,0.40383743,0.12297767,0.17714935,0.21565110,0.91776133,1.13865819,1.03634914,0.95779671,0.26896914,0.39198123,0.81705023,0.28684097,0.81321008,0.53318610,1.17390897,1.89095727,2.03345992,1.80572143,1.36222711
495,0.06707903,0.02311656,0.02367642,0.03204874,0.03905030,-0.64913260,-1.04683687,-0.53144605,-1.81170031,-0.32680204,-1.98676964,-0.10569468,-1.78250298,0.15882287,-1.29648816,0.92214921,0.28125310,0.30353808,0.55354980,-0.66148256,0.40984213,0.12398152,0.16739209,0.20830633,0.92214921,1.15185317,1.06395028,0.99702788,0.28125310,0.42882024,0.86175733,0.30353808,0.84574337,0.55354980,1.23185015,1.95731455,2.10017053,1.87084873,1.41447089
496,0.06439676,0.02503557,0.02543025,0.03400038,0.03966469,-0.68773405,-1.08863171,-0.57991257,-1.84432168,-0.36807995,-2.02057890,-0.13589838,-1.81403044,0.14949474,-1.33626819,0.91659361,0.28399655,0.31183861,0.55659831,-0.68190258,0.41160686,0.12482911,0.15966661,0.20267149,0.91659361,1.14129169,1.06459276,1.02676243,0.28399655,0.44709223,0.88951590,0.31183861,0.85874362,0.55659831,1.28770889,2.00134127,2.13576965,1.90335052,1.45281465
497,0.05807761,0.02594782,0.02750918,0.03646731,0.04220154,-0.69736054,-1.07660455,-0.60700527,-1.76765807,-0.39665099,-1.95015095,-0.14913919,-1.76747974,0.14405921,-1.28084535,0.88901544,0.28996521,0.30792692,0.56822894,-0.74260318,0.47740896,0.12667927,0.16010237,0.20415779,0.88901544,1.11975399,1.07750904,1.05841581,0.28996521,0.46275314,0.89683306,0.30792692,0.86076337,0.56822894,1.28272808,1.94834346,2.08778820,1.87817420,1.42479191
498,0.05864110,0.02748758,0.02659222,0.03538398,0.03973642,-0.74007068,-1.10443875,-0.67396812,-1.78459541,-0.44305708,-1.97320272,-0.18846330,-1.78789727,0.14201361,-1.31985952,0.88082052,0.30702462,0.31497014,0.57305174,-0.75134499,0.43660862,0.12508764,0.15314261,0.19773613,0.88082052,1.11295304,1.07621068,1.09460302,0.30702462,0.49001026,0.94068594,0.31497014,0.87720021,0.57305174,1.32951366,1.98392799,2.11471840,1.89884179,1.45697181
499,0.05468811,0.02622436,0.02838020,0.03870207,0.04340355,-0.73030292,-1.10904012,-0.72126327,-1.68367299,-0.48769408,-1.88538540,-0.20427480,-1.72538186,0.14324842,-1.26784484,0.81549366,0.31718709,0.32546539,0.57456586,-0.77282555,0.44396152,0.12340568,0.15214102,0.19589756,0.81549366,1.04232398,1.03973585,1.09909948,0.31718709,0.52377188,0.96181749,0.32546539,0.88287063,0.57456586,1.32803597,1.91518005,2.04762757,1.84892867,1.42239177
500,0.06017545,0.02602946,0.02784307,0.03911253,0.04553623,-0.77343074,-1.10939444,-0.76929753,-1.67857403,-0.53310363,-1.88999169,-0.24373261,-1.70368877,0.12827408,-1.23365346,0.82965157,0.32895267,0.34416148,0.59943488,-0.81356216,0.46863572,0.12314440,0.15002059,0.19408947,0.82965157,1.07016660,1.05557285,1.14406333,0.32895267,0.53373117,1.00578130,0.34416148,0.93177405,0.59943488,1.35281813,1.93228267,2.07084071,1.84289489,1.40447904
501,0.05402049,0.02673582,0.02889759,0.03960252,0.04628515,-0.80877931,-1.13142168,-0.82295279,-1.66414808,-0.58963568,-1.88357808,-0.28346735,-1.72302953,0.10627689,-1.25872360,0.82086974,0.33701634,0.34573844,0.60621155,-0.86683069,0.45822681,0.12076940,0.14673994,0.19004699,0.82086974,1.07028736,1.07901680,1.18191641,0.33701634,0.55359511,1.02007753,0.34573844,0.93530767,0.60621155,1.39153508,1.94446833,2.08856328,1.87667326,1.43984298
502,0.04614341,0.02735911,0.02923143,0.04046116,0.04753789,-0.76552171,-1.16318292,-0.84335705,-1.60491041,-0.62174436,-1.82745167,-0.31004649,-1.68797188,0.08969030,-1.24270545,0.79304120,0.33431854,0.34157132,0.59842346,-0.91262276,0.50121248,0.12126857,0.14633629,0.19005361,0.79304120,1.02600363,1.04195311,1.16296903,0.33431854,0.55344309,1.00930071,0.34157132,0.92103576,0.59842346,1.39385155,1.90731469,2.05569847,1.85908935,1.44021869
503,0.04490096,0.03213550,0.02925669,0.04295963,0.05195206,-0.79042582,-1.09096079,-0.88102805,-1.48895526,-0.67422062,-1.75099222,-0.34125447,-1.62448276,0.06997071,-1.17731008,0.76774750,0.35716384,0.35618991,0.60756281,-0.92152346,0.53331789,0.11999374,0.14657547,0.18942773,0.76774750,1.02630042,1.04458419,1.16829120,0.35716384,0.57092561,1.00987135,0.35618991,0.93968150,0.60756281,1.34863405,1.82735486,2.00801928,1.80763733,1.38366708
504,0.05080604,0.02934433,0.03008228,0.04501175,0.05307633,-0.88089908,-1.05810815,-0.95107181,-1.54125010,-0.72829913,-1.77731822,-0.37665541,-1.62897124,0.05431161,-1.20115402,0.82139102,0.34814820,0.38200591,0.60726188,-0.93824130,0.48181896,0.11716570,0.14350488,0.18526049,0.82139102,1.07659863,1.08312565,1.22152887,0.34814820,0.59130681,1.06725615,0.38200591,0.97192297,0.60726188,1.37815334,1.90771107,2.05315704,1.81606500,1.39718051
505,0.04072921,0.03412664,0.03101520,0.04542043,0.05421175,-0.77085571,-1.11568429,-0.95308578,-1.40000913,-0.74362401,-1.68472644,-0.40298272,-1.57556899,0.02627344,-1.16605034,0.74915672,0.38445682,0.35806567,0.59326805,-0.96830484,0.51578503,0.11794916,0.14807536,0.18931010,0.74915672,0.99842915,0.99649012,1.13373692,0.38445682,0.59303746,1.01604571,0.35806567,0.92844060,0.59326805,1.35774870,1.79729333,1.98946047,1.78535891,1.37992520
506,0.04714310,0.03207146,0.03190225,0.04835114,0.05477888,-0.87150567,-1.04756775,-1.00544230,-1.40151737,-0.77734405,-1.68308340,-0.43318991,-1.54625140,0.00036271,-1.15500852,0.79638981,0.39194533,0.37069303,0.58402210,-1.01387302,0.49376736,0.11675781,0.14564700,0.18666932,0.79638981,1.06556034,1.06627301,1.21606286,0.39194533,0.60520638,1.04501611,0.37069303,0.94009339,0.58402210,1.36472722,1.83500473,2.00959925,1.77646052,1.38611377
507,0.04073615,0.03182454,0.02950902,0.04823041,0.05496157,-0.77515357,-1.08600781,-1.01092371,-1.30287959,-0.80946685,-1.54386945,-0.44867903,-1.46432709,-0.02696565,-1.09414015,0.77258086,0.36972634,0.36971080,0.56128486,-1.06851263,0.52300004,0.11497886,0.14764939,0.18713760,0.77258086,1.00863150,1.01567052,1.14869808,0.36972634,0.61238721,1.01987910,0.36971080,0.90292079,0.56128486,1.33623735,1.76551854,1.92882137,1.73335127,1.35514752
508,0.03962641,0.03585769,0.03232486,0.05347915,0.06043945,-0.89590368,-1.04200642,-1.06770970,-1.30369109,-0.84830016,-1.52812793,-0.47829217,-1.45523183,-0.02661422,-1.09283896,0.75314231,0.35742611,0.37714749,0.57911114,-1.04818459,0.50430904,0.11455475,0.14264179,0.18294663,0.75314231,0.98555510,1.03448869,1.22160759,0.35742611,0.63094494,1.07603311,0.37714749,0.92986283,0.57911114,1.37720170,1.78677503,1.90792049,1.71024321,1.33475618
509,0.03913041,0.05074183,0.03654165,0.05376392,0.06107592,-0.81659371,-1.03094298,-1.09333401,-1.18789178,-0.91519917,-1.42547585,-0.51705416,-1.41078734,-0.04448913,-1.06122654,0.74607537,0.35462907,0.39847917,0.58780415,-1.05917558,0.51613524,0.11353906,0.14333745,0.18285717,0.74607537,0.95918140,0.98811242,1.15867928,0.35462907,0.64549292,1.07316241,0.39847917,0.94384406,0.58780415,1.31773559,1.71979027,1.86765838,1.69266692,1.31850452
510,0.03508609,0.05247638,0.03839775,0.05377659,0.06437955,-0.87594312,-0.96860419,-1.15681882,-1.14941378,-0.94855174,-1.40414154,-0.54876901,-1.38543209,-0.04498220,-1.03955634,0.74284682,0.36531913,0.40036041,0.61160381,-1.04716429,0.49047057,0.11448055,0.14123311,0.18180370,0.74284682,0.93329616,0.98711456,1.19645629,0.36531913,0.67386984,1.13403508,0.40036041,0.97500326,0.61160381,1.30921337,1.72781594,1.84493378,1.66389759,1.29167232
511,0.03396820,0.05143912,0.03623755,0.04923039,0.06767181,-0.87187631,-0.91949499,-1.16346026,-1.09927311,-0.93603049,-1.36480677,-0.54858521,-1.33625832,-0.05156861,-0.99055299,0.75243428,0.38182544,0.38858101,0.60632752,-1.07765636,0.48927359,0.11590499,0.14390239,0.18477518,0.75243428,0.93832076,0.97102496,1.18224192,0.38182544,0.67480195,1.13135473,0.38858101,0.96070875,0.60632752,1.26889311,1.71053292,1.81974318,1.62692547,1.26287550
512,0.03714216,0.05035075,0.03623009,0.04869734,0.06727001,-0.85846051,-0.91173433,-1.16421301,-1.05799771,-0.93993021,-1.30571026,-0.56213305,-1.26218865,-0.06599866,-0.95610418,0.77187295,0.38847795,0.38094741,0.58314427,-1.09773241,0.52066556,0.11647747,0.14714215,0.18766409,0.77187295,0.97815967,0.98303027,1.18815215,0.38847795,0.65963293,1.11929332,0.38094741,0.94129486,0.58314427,1.25456907,1.69009070,1.80389646,1.59341093,1.25383807
513,0.04576504,0.04610690,0.03904606,0.05117745,0.06862272,-0.81467489,-0.83833383,-1.15703530,-0.98624203,-0.91648296,-1.19957091,-0.56041896,-1.16374010,-0.05815617,-0.88572347,0.81851716,0.39774940,0.35863298,0.57407931,-1.15993472,0.59860601,0.11969015,0.15362114,0.19474390,0.81851716,1.03334063,1.02604824,1.20509105,0.39774940,0.65714068,1.12294171,0.35863298,0.91427428,0.57407931,1.17276144,1.64739476,1.74165494,1.54354829,1.22391403
514,0.04188733,0.04392505,0.04088248,0.05086841,0.07113346,-0.86284807,-0.88987187,-1.19203460,-0.98724170,-0.94888592,-1.19916699,-0.56763504,-1.17873793,-0.05580446,-0.90344740,0.78098587,0.39914873,0.38216112,0.58128665,-1.14591270,0.59835934,0.12154135,0.14955240,0.19271279,0.78098587,0.99011668,1.00842912,1.23274078,0.39914873,0.68867619,1.16234898,0.38216112,0.94078074,0.58128665,1.24403602,1.65835610,1.74018314,1.54080742,1.22519346
515,0.04258861,0.04173776,0.03877733,0.05335702,0.07493524,-0.85656053,-0.92260289,-1.21109517,-0.94955413,-0.96646925,-1.17712809,-0.58285910,-1.15761709,-0.07025105,-0.89100696,0.79009646,0.40241757,0.38430900,0.57786695,-1.12507800,0.51147470,0.11996537,0.14737258,0.19002728,0.79009646,0.97031667,0.98576124,1.21555885,0.40241757,0.69486144,1.16350275,0.38430900,0.94078906,0.57786695,1.26379327,1.64988855,1.72931428,1.52654326,1.20998851
516,0.04612820,0.05903678,0.05364467,0.04943446,0.07658537,-0.88531487,-0.79197248,-1.17530023,-0.88643497,-0.93799102,-1.06772970,-0.57334151,-1.07292888,-0.06343826,-0.79711027,0.79371819,0.38390351,0.36473417,0.57983349,-1.16612829,0.60345525,0.12070372,0.15245161,0.19445021,0.79371819,1.01368070,1.05524912,1.27865966,0.38390351,0.67269921,1.14240753,0.36473417,0.91548216,0.57983349,1.19355721,1.59589631,1.65988001,1.48497575,1.17651524
517,0.04818793,0.05998673,0.06662996,0.04837192,0.07993767,-0.84691823,-0.76067225,-1.15836963,-0.82982092,-0.94081078,-0.99206765,-0.58202604,-1.00963798,-0.07345301,-0.73832552,0.81091441,0.38203934,0.35926063,0.57642260,-1.18170764,0.59419119,0.11942330,0.15661110,0.19694913,0.81091441,1.04468735,1.08298253,1.28236637,0.38203934,0.66326953,1.12347259,0.35926063,0.90374875,0.57642260,1.14369414,1.56014624,1.63917944,1.47855691,1.17601122
518,0.04866220,0.05109317,0.06828517,0.05380921,0.08115358,-0.82365775,-0.70076511,-1.16274976,-0.79867067,-0.95152983,-0.94257466,-0.58513882,-0.95539139,-0.04215779,-0.71148225,0.81202930,0.38588437,0.36683371,0.59525326,-1.19595742,0.65019122,0.11773153,0.15585334,0.19532275,0.81202930,1.05645235,1.09041117,1.29341495,0.38588437,0.67027028,1.16313310,0.36683371,0.93833045,0.59525326,1.08664125,1.54287821,1.62155262,1.45397614,1.16713393
519,0.05680784,0.06024501,0.05649947,0.04734617,0.07413959,-0.78183427,-0.59970063,-1.08665365,-0.65654213,-0.89562682,-0.80462242,-0.54820525,-0.81707608,-0.05006079,-0.58960071,0.85711264,0.38964077,0.34888106,0.54817020,-1.24265183,0.67038051,0.12061253,0.16837554,0.20711761,0.85711264,1.12926925,1.17806510,1.32919154,0.38964077,0.65413815,1.08417041,0.34888106,0.87249084,0.54817020,0.99639504,1.42680460,1.53780193,1.39299064,1.12907200
520,0.06085986,0.07444734,0.07884684,0.06277819,0.08271957,-0.79501382,-0.56321819,-1.13706075,-0.66040707,-0.94618016,-0.78188883,-0.58868925,-0.78917439,-0.06611511,-0.59701430,0.88675389,0.36552881,0.35846100,0.55681222,-1.23828542,0.60057807,0.12048923,0.16526850,0.20452709,0.88675389,1.13110432,1.16562714,1.33606869,0.36552881,0.64412261,1.11584859,0.35846100,0.89949146,0.55681222,0.98977887,1.46152729,1.53699436,1.36842818,1.11962256
521,0.06430804,0.07653478,0.07423066,0.05421728,0.07800629,-0.80461059,-0.56065855,-1.11548221,-0.62260412,-0.93686945,-0.75615916,-0.57478352,-0.77866348,-0.06809691,-0.58651078,0.88616122,0.37304633,0.36421386,0.54204069,-1.25002341,0.57378755,0.12048956,0.16760256,0.20641791,0.88616122,1.15102833,1.20131919,1.36283617,0.37304633,0.65303256,1.09544013,0.36421386,0.88540335,0.54204069,0.99687243,1.43269235,1.53215661,1.37725367,1.13339775
522,0.06936089,0.08100117,0.07215296,0.05462492,0.07722903,-0.75248365,-0.48768641,-1.04999272,-0.54375036,-0.89390938,-0.65426311,-0.54172539,-0.66343925,-0.06669997,-0.49332977,0.92968684,0.35843438,0.35649868,0.50462305,-1.27146966,0.59747958,0.12099991,0.17636246,0.21388010,0.92968684,1.20218874,1.26677451,1.40746489,0.35843438,0.63292694,1.04496458,0.35649868,0.84402355,0.50462305,0.92194209,1.35648233,1.47104350,1.33378645,1.13034175
523,0.06346947,0.06230269,0.05401076,0.04791501,0.08184959,-0.81336977,-0.53340105,-1.10417234,-0.56387834,-0.94220220,-0.66929845,-0.58292808,-0.67773940,-0.08873261,-0.51459933,0.91824138,0.33722392,0.36189674,0.52064293,-1.23697211,0.42261591,0.11710516,0.16886551,0.20549739,0.91824138,1.16198701,1.22014594,1.38014354,0.33722392,0.62163689,1.06111682,0.36189674,0.86781737,0.52064293,0.98816837,1.42187718,1.51043320,1.35264026,1.12824755
524,0.06975997,0.06547756,0.05808025,0.04999108,0.08606427,-0.76720756,-0.49532959,-1.06264513,-0.51585678,-0.90017620,-0.60326343,-0.54960381,-0.60706884,-0.07764219,-0.44747582,0.92297245,0.34392539,0.35390883,0.49866042,-1.22866645,0.45750468,0.11663107,0.17188700,0.20772084,0.92297245,1.17695319,1.23718207,1.37763552,0.34392539,0.62142811,1.03716733,0.35390883,0.83760043,0.49866042,0.93136505,1.36859981,1.46201193,1.31568925,1.10622179
525,0.05730607,0.07366874,0.06154412,0.05170251,0.09007306,-0.88302876,-0.58011356,-1.18048409,-0.58877188,-1.00363864,-0.69790590,-0.61832145,-0.73237657,-0.09484594,-0.54541033,0.85241895,0.33095072,0.38825939,0.55597782,-1.20715081,0.40320051,0.11101812,0.15429296,0.19008245,0.85241895,1.06972977,1.13133677,1.33587088,0.33095072,0.64889994,1.12180982,0.38825939,0.92175263,0.55597782,1.06674244,1.47131322,1.52346241,1.34399795,1.08299712
526,0.05618114,0.07495890,0.09255528,0.06860286,0.09686112,-0.86995246,-0.67075402,-1.23364237,-0.72492069,-1.05444466,-0.82592179,-0.65788590,-0.84303594,-0.10760364,-0.66714671,0.80898981,0.29790025,0.39710397,0.57823601,-1.11269001,0.33430376,0.09910294,0.14545440,0.17600675,0.80898981,0.96661999,0.98649386,1.19729652,0.29790025,0.63016977,1.14558109,0.39710397,0.96014729,0.57823601,1.10223109,1.56347095,1.58399755,1.37066000,1.07244041
527,0.05114593,0.09112765,0.08689671,0.06700813,0.09285936,-0.89170794,-0.65675087,-1.20952571,-0.75432788,-1.01348128,-0.87848152,-0.61323397,-0.90999939,-0.07468314,-0.69553842,0.78378956,0.31165925,0.40152731,0.57987692,-1.11738988,0.46195017,0.10501918,0.14417277,0.17836708,0.78378956,0.95205724,0.98671518,1.23638729,0.31165925,0.64863534,1.15696748,0.40152731,0.95650249,0.57987692,1.11277286,1.54704939,1.56642871,1.36004785,1.07673147
528,0.04026503,0.08155830,0.08874256,0.06387745,0.08589234,-0.97093982,-0.85287475,-1.22238328,-0.93041558,-0.98430522,-1.01378253,-0.59198299,-1.02265527,-0.04344227,-0.79976186,0.72433537,0.29781390,0.39242851,0.59259586,-1.07542992,0.52818802,0.10449188,0.13655804,0.17194956,0.72433537,0.84866262,0.92897466,1.26279216,0.29781390,0.65596853,1.19980864,0.39242851,0.96515228,0.59259586,1.29501646,1.64613548,1.59963144,1.39829860,1.11240025
529,0.04044972,0.08202844,0.09081074,0.06496353,0.08441122,-0.90121103,-0.88827308,-1.22665117,-0.98063472,-0.99766669,-1.08926102,-0.57698207,-1.10651887,-0.05447595,-0.85841175,0.70283377,0.29604051,0.42117797,0.57928461,-0.99118091,0.46869497,0.11029672,0.13370925,0.17333069,0.70283377,0.80071496,0.85302131,1.15832515,0.29604051,0.67684855,1.19127481,0.42117797,0.97125315,0.57928461,1.26748313,1.66175435,1.63296270,1.42374680,1.11980745
530,0.04203876,0.07147238,0.07669672,0.06503409,0.07635764,-0.89476872,-0.93352447,-1.19391355,-1.05039412,-0.98159635,-1.19216757,-0.54161554,-1.17934076,-0.01744709,-0.95329254,0.68779090,0.28537356,0.44016847,0.57205170,-0.97111172,0.51525077,0.11234158,0.13307273,0.17415219,0.68779090,0.78467421,0.85299513,1.17000356,0.28537356,0.67718879,1.19203061,0.44016847,0.99403134,0.57205170,1.29709187,1.66888451,1.66931515,1.44465448,1.16647839
531,0.05697326,0.08602527,0.06751613,0.06350407,0.07067086,-0.96506165,-0.93501054,-1.17388079,-1.08096808,-0.97967340,-1.28989617,-0.53119951,-1.26362263,-0.00065123,-1.01904615,0.70417088,0.31677826,0.44926456,0.58465592,-0.97038405,0.46720453,0.11165631,0.13266770,0.17340083,0.70417088,0.87004059,0.96647449,1.26967194,0.31677826,0.68309573,1.18640180,0.44926456,1.01616397,0.58465592,1.34858061,1.68533500,1.75664719,1.53204410,1.24037616
532,0.05060494,0.06379344,0.04965120,0.06296549,0.07157878,-0.94441656,-1.03318737,-1.18889334,-1.19709532,-0.95088496,-1.44318131,-0.52623656,-1.38682281,0.00597262,-1.08211435,0.72013204,0.36479667,0.42837910,0.61374112,-0.95222459,0.41418183,0.11133874,0.12901798,0.17041700,0.72013204,0.88405639,0.95367006,1.24640159,0.36479667,0.70026018,1.20943555,0.42837910,1.02294513,0.61374112,1.40294494,1.77865626,1.86059701,1.63452423,1.29470231
533,0.05004007,0.05499580,0.03597258,0.05706288,0.06774831,-0.82476364,-1.06105990,-1.14802138,-1.21414989,-0.88209593,-1.52470706,-0.50896294,-1.46600475,0.01932096,-1.15729118,0.75591981,0.42299849,0.37809080,0.61188154,-0.93051946,0.34951070,0.11133236,0.13165000,0.17241409,0.75591981,0.90441879,0.91534738,1.14058930,0.42299849,0.69300111,1.17258986,0.37809080,0.97351185,0.61188154,1.34573240,1.77402282,1.89707636,1.69736826,1.34800955
534,0.05324551,0.05178736,0.03754191,0.05504449,0.06450753,-0.81252789,-1.14264571,-1.08372665,-1.30705115,-0.84145175,-1.59974165,-0.44773983,-1.51947519,0.05001770,-1.23341251,0.73917130,0.39911367,0.40186445,0.57412325,-0.95323046,0.43152253,0.11351051,0.13311572,0.17494122,0.73917130,0.91304146,0.94265344,1.16543759,0.39911367,0.68041620,1.14152276,0.40186445,0.96386948,0.57412325,1.40336987,1.80334638,1.94931472,1.74135939,1.42826415
535,0.05116142,0.04752565,0.03649773,0.05369744,0.05863552,-0.84562723,-1.18961060,-1.11769578,-1.41865340,-0.85170952,-1.75236680,-0.45374425,-1.65220436,0.03323909,-1.35220333,0.73545004,0.44445944,0.41041710,0.57201589,-0.93098679,0.35250552,0.11294114,0.12826826,0.17090479,0.73545004,0.95210299,0.97391009,1.17918347,0.44445944,0.71372805,1.15965516,0.41041710,0.97121899,0.57201589,1.46015320,1.90356632,2.07913409,1.85847208,1.53555167
536,0.04850006,0.04269857,0.03514389,0.05470733,0.06034096,-0.78775270,-1.29447222,-1.02817882,-1.39808951,-0.76409073,-1.74935908,-0.35122803,-1.63164170,0.09349886,-1.28628310,0.70001495,0.45308981,0.42933856,0.56308355,-0.91926977,0.43453357,0.11678861,0.13199593,0.17624559,0.70001495,0.88559901,0.93515100,1.16248030,0.45308981,0.72390189,1.13248122,0.42933856,0.97462875,0.56308355,1.51609103,1.83659277,2.03717023,1.81258617,1.47216053
537,0.04470903,0.04207962,0.03757893,0.05934829,0.06269826,-0.78564200,-1.22730652,-1.03545918,-1.42759055,-0.73556732,-1.77050769,-0.34046920,-1.64362795,0.08867390,-1.29177742,0.72735873,0.47445804,0.41520071,0.55498752,-0.93230185,0.44323198,0.12022665,0.13406281,0.18007578,0.72735873,0.95649791,0.98351898,1.16347950,0.47445804,0.73742475,1.13781615,0.41520071,0.95340854,0.55498752,1.45748934,1.87121816,2.06167281,1.83614424,1.49004105
538,0.04799423,0.03903538,0.03655280,0.05632916,0.06172439,-0.67601375,-1.29418261,-0.97918004,-1.40177203,-0.70504194,-1.79271782,-0.31091676,-1.61993476,0.10152681,-1.25969942,0.71638146,0.50338973,0.43136810,0.54776615,-0.92343342,0.45084962,0.12004391,0.13872961,0.18345693,0.71638146,0.94264488,0.91203197,1.08551087,0.50338973,0.71481564,1.09622373,0.43136810,0.96772654,0.54776615,1.46030875,1.81734905,2.07644018,1.81002552,1.46058325
539,0.04453964,0.03881099,0.03676611,0.05912457,0.06432252,-0.69523502,-1.21498968,-0.91666499,-1.41476396,-0.65821171,-1.71911305,-0.28002388,-1.53480877,0.12506852,-1.20368786,0.72497504,0.43047041,0.42282297,0.52379341,-0.92275538,0.47950504,0.12174259,0.14322068,0.18797187,0.72497504,0.96469549,0.93923571,1.11460847,0.43047041,0.65862923,1.06702847,0.42282297,0.94005139,0.52379341,1.39998625,1.80336744,2.00770011,1.73504534,1.41551825
540,0.04484865,0.04195455,0.03864975,0.06151775,0.06417094,-0.67491597,-1.23002615,-0.89766872,-1.38956942,-0.62600936,-1.71056828,-0.25912678,-1.50921450,0.13954814,-1.18942542,0.73241590,0.45506994,0.42205087,0.51255909,-0.95471649,0.51077752,0.12290936,0.14571457,0.19062908,0.73241590,0.98040451,0.94261823,1.11451736,0.45506994,0.66052240,1.05941094,0.42205087,0.93080728,0.51255909,1.40310801,1.78253534,2.00495039,1.71996209,1.41005026
541,0.05112803,0.04200557,0.04088642,0.05883685,0.06223529,-0.65634733,-1.15880191,-0.82897346,-1.34023096,-0.58381459,-1.60563344,-0.25635882,-1.41960764,0.12533538,-1.09638336,0.75146366,0.40818425,0.37975994,0.50253633,-0.99532074,0.61433957,0.12535870,0.15666398,0.20064498,0.75146366,1.00603465,0.97459409,1.12082916,0.40818425,0.59505973,0.98928827,0.37975994,0.87849616,0.50253633,1.33205232,1.71678431,1.91771601,1.66043768,1.34758841
542,0.04400717,0.04007060,0.03628598,0.05411945,0.05598946,-0.61719278,-1.19453787,-0.86280337,-1.34122532,-0.62782452,-1.60731103,-0.28282389,-1.44158073,0.11150870,-1.11441390,0.75524363,0.42379094,0.38687377,0.51673188,-1.03674035,0.62514589,0.12266111,0.15532929,0.19792154,0.75524363,1.01794784,0.96788836,1.09038014,0.42379094,0.61408854,1.00619739,0.38687377,0.89708437,0.51673188,1.34457863,1.73857193,1.95730147,1.70603679,1.37665745
543,0.04937239,0.04636157,0.03764214,0.05693094,0.06337543,-0.63109640,-1.22644012,-0.86857963,-1.35699767,-0.60247234,-1.64004894,-0.26867485,-1.46424726,0.12466409,-1.13717768,0.74518989,0.43868448,0.38282540,0.51503595,-1.00662578,0.60771206,0.12314821,0.15190156,0.19554939,0.74518989,0.98900823,0.93893643,1.08483031,0.43868448,0.62500561,1.02033716,0.38282540,0.89284926,0.51503595,1.37929156,1.75541032,1.96565483,1.70715479,1.38223741
544,0.04578568,0.04324787,0.04003627,0.05992047,0.06360792,-0.65542977,-1.24380305,-0.89609953,-1.42982841,-0.62045109,-1.68616074,-0.27725523,-1.51578150,0.13434463,-1.18043644,0.74120837,0.42768626,0.38842927,0.53438718,-0.97508559,0.59731594,0.12185581,0.14661626,0.19064408,0.74120837,0.98461974,0.93890758,1.09400990,0.42768626,0.64012313,1.06309412,0.38842927,0.91705641,0.53438718,1.40595853,1.82121598,2.00424032,1.74761432,1.41229862
545,0.06633323,0.04216776,0.04018056,0.05876258,0.06714450,-0.67268277,-1.15233571,-0.85647574,-1.40636391,-0.58467304,-1.62633932,-0.29405034,-1.47650010,0.12548789,-1.17920196,0.74141002,0.38995714,0.33887652,0.51970664,-0.96644568,0.30059279,0.11723209,0.14566239,0.18697833,0.74141002,0.97240152,0.90507675,1.04889320,0.38995714,0.57291571,1.00792923,0.33887652,0.85517123,0.51970664,1.33536278,1.79913387,1.94740103,1.70885979,1.39413072
546,0.07152557,0.03656525,0.03740678,0.05800511,0.07174310,-0.69766490,-1.14046474,-0.89043762,-1.44998170,-0.59223465,-1.66258416,-0.26915488,-1.50494152,0.15422109,-1.19653587,0.76916467,0.39529810,0.37177186,0.52705379,-0.94692950,0.28987611,0.11672041,0.14081967,0.18290389,0.76916467,0.98286960,0.92259458,1.08692777,0.39529810,0.62604258,1.07497302,0.37177186,0.89325057,0.52705379,1.33785609,1.85031321,1.97019898,1.71669762,1.40615544
547,0.07536910,0.03775120,0.04037671,0.06048922,0.07688191,-0.69937485,-1.13773828,-0.94035841,-1.36609596,-0.56707396,-1.65123527,-0.25220668,-1.54790017,0.17587826,-1.22628742,0.71949701,0.49863139,0.34453596,0.53808860,-0.88767112,0.21636793,0.11779861,0.13658180,0.18036380,0.71949701,0.96446979,0.93499591,1.09857117,0.49863139,0.71549929,1.12512999,0.34453596,0.86853484,0.53808860,1.33626748,1.79376891,1.94214601,1.74122950,1.42446416
548,0.06856096,0.03443757,0.04906527,0.06764002,0.07563449,-0.63893832,-1.03180197,-0.80728180,-1.34784608,-0.47978632,-1.49360288,-0.16531990,-1.42433755,0.20093130,-1.13267474,0.73220190,0.39902398,0.34480295,0.47454808,-0.94556450,0.22474001,0.11754413,0.14700028,0.18821717,0.73220190,0.94925975,0.92487355,1.04481744,0.39902398,0.64858910,1.03123126,0.34480295,0.79619082,0.47454808,1.21703283,1.73235427,1.81115159,1.63318715,1.34890401
549,0.06288884,0.03213211,0.04765756,0.06527238,0.07292092,-0.69121960,-1.02444762,-0.80266159,-1.39892214,-0.46556548,-1.58257601,-0.14758500,-1.45479861,0.22983446,-1.10199146,0.75740887,0.45881864,0.36779561,0.52440236,-0.94560124,0.41590372,0.12143295,0.14491575,0.18906755,0.75740887,1.08291924,1.03365093,1.14556166,0.45881864,0.66791713,1.07470577,0.36779561,0.87433698,0.52440236,1.23867723,1.77150345,1.92086571,1.69163750,1.35860315
550,0.06811016,0.04004292,0.04556244,0.06275203,0.07060170,-0.59699354,-1.01494413,-0.77250672,-1.30600617,-0.47228588,-1.40834739,-0.14394060,-1.34629125,0.22025478,-1.08046385,0.73741511,0.39856659,0.36476011,0.47083969,-0.99195111,0.33455298,0.12208285,0.15051828,0.19380396,0.73741511,0.98626077,0.93638770,1.02424587,0.39856659,0.63699483,1.01886455,0.36476011,0.81643040,0.47083969,1.18537508,1.71107729,1.80881989,1.61803635,1.33374161
551,0.06849960,0.02941166,0.04942017,0.06377018,0.07688088,-0.89718928,-1.10206248,-0.84778592,-1.48278563,-0.46009937,-1.61992084,-0.18974203,-1.57271904,0.24276085,-1.26155953,0.77364314,0.45144302,0.30047660,0.53804489,-0.93230144,0.23229643,0.11585155,0.13416468,0.17726179,0.77364314,1.09328126,1.12387708,1.32718298,0.45144302,0.66723082,1.11281358,0.30047660,0.81323088,0.53804489,1.42323132,1.86534623,1.92664260,1.78087650,1.48196738
552,0.05637259,0.03898530,0.04201976,0.06158533,0.06931765,-0.81228568,-1.11623277,-0.78849306,-1.40440548,-0.47390653,-1.50712267,-0.12462124,-1.46827626,0.27128700,-1.18163809,0.73320820,0.37518104,0.38030098,0.50206060,-0.99105218,0.29861988,0.12435320,0.14379317,0.19010574,0.73320820,0.99535220,1.04601834,1.23576000,0.37518104,0.66767776,1.08613746,0.38030098,0.85374237,0.50206060,1.38850606,1.80854996,1.86945509,1.70318999,1.42005463
553,0.06357124,0.03460167,0.04490240,0.05879613,0.06966710,-0.88483174,-1.17644289,-0.75635050,-1.53236154,-0.44590993,-1.69579606,-0.14936751,-1.62681407,0.27543005,-1.31280155,0.76141789,0.36588682,0.33057810,0.53376608,-0.89882805,0.17029727,0.11542179,0.13444573,0.17719437,0.76141789,1.02323113,1.07145131,1.29524513,0.36588682,0.61479302,1.05974488,0.33057810,0.84211107,0.53376608,1.47546588,1.87064980,1.95514025,1.79183285,1.49478922
554,0.06823461,0.03590826,0.04874686,0.06427972,0.06940898,-0.64780369,-1.08555214,-0.81359754,-1.38760791,-0.37607938,-1.65220666,-0.05352596,-1.55682815,0.30566062,-1.19763024,0.71363999,0.53961895,0.36478240,0.51767018,-0.93431895,0.39289804,0.12683600,0.14466257,0.19239187,0.71363999,1.01530293,1.00297471,1.10968612,0.53961895,0.77931095,1.13732507,0.36478240,0.85407066,0.51767018,1.27151567,1.77973498,1.93488607,1.74795189,1.41714569
555,0.06841781,0.03100624,0.04822360,0.06187386,0.06891934,-0.69801570,-1.02464678,-0.76506317,-1.53965579,-0.38859858,-1.67887245,-0.05879395,-1.60880198,0.28158939,-1.20383884,0.78977912,0.43040013,0.36736962,0.53401867,-0.89331919,0.37824930,0.12491734,0.14248536,0.18948989,0.78977912,1.04249176,1.05605067,1.12883888,0.43040013,0.70970939,1.10103616,0.36736962,0.85011058,0.53401867,1.24796069,1.87072768,1.94078539,1.77469516,1.40809430
556,0.05493987,0.03299477,0.04616024,0.05994694,0.06281482,-0.67096167,-1.11739697,-0.74409216,-1.57478221,-0.43060797,-1.71529534,-0.10968535,-1.61296904,0.23985028,-1.22693270,0.78048022,0.39196768,0.37553124,0.52898339,-0.94889862,0.46085056,0.12724905,0.14640248,0.19397424,0.78048022,1.04047865,0.99211161,1.07376474,0.39196768,0.63596109,1.04597434,0.37553124,0.86892646,0.52898339,1.31160892,1.90635913,2.01405419,1.80278314,1.43515978
557,0.07411920,0.02928282,0.03933847,0.05404052,0.06344789,-0.69129050,-1.07328216,-0.73696288,-1.52359232,-0.46407590,-1.68349926,-0.13156686,-1.57159568,0.21997716,-1.17908860,0.77470239,0.34581551,0.37697139,0.53104391,-0.90833961,0.24702212,0.12737792,0.15227300,0.19852506,0.77470239,1.00730514,0.97943856,1.07719685,0.34581551,0.60729916,1.01908397,0.37697139,0.87405021,0.53104391,1.28184948,1.84883697,1.95727775,1.74465080,1.37877963
558,0.06593575,0.03326135,0.04418272,0.05586338,0.06274473,-0.74275824,-1.04268174,-0.74998212,-1.49897695,-0.49048849,-1.63755242,-0.19706807,-1.54037890,0.16177745,-1.17721971,0.79454527,0.36617628,0.34486198,0.51954000,-0.95297076,0.21831623,0.12481711,0.15441841,0.19855567,0.79454527,1.08247214,1.02832619,1.10443011,0.36617628,0.55827121,0.96736974,0.34486198,0.83633850,0.51954000,1.28512209,1.84160291,1.97091821,1.75990967,1.39554185
559,0.06139044,0.03317885,0.04041569,0.05633231,0.06562100,-0.80992072,-1.10276894,-0.79815429,-1.50389344,-0.51583577,-1.68512429,-0.18424173,-1.55718636,0.18904755,-1.18452137,0.78393934,0.39262241,0.37971130,0.53217497,-0.94570811,0.33907711,0.12415748,0.14798791,0.19317221,0.78393934,1.09337698,1.07292761,1.20738215,0.39262241,0.62022257,1.03757701,0.37971130,0.88835817,0.53217497,1.37029282,1.85983154,2.00322222,1.76896617,1.41373446
560,0.05681178,0.03570800,0.03894975,0.05511921,0.06148737,-0.72181608,-1.06420203,-0.80580621,-1.31199049,-0.49420926,-1.52391493,-0.18950325,-1.46043715,0.19527549,-1.14236049,0.71885498,0.41295710,0.32399446,0.50843885,-0.96712575,0.35869590,0.12526274,0.15378546,0.19834496,0.71885498,0.98292934,1.00028466,1.12802189,0.41295710,0.63882251,1.01550114,0.32399446,0.80974826,0.50843885,1.28870658,1.71462767,1.84912938,1.69216332,1.37347465
561,0.06273113,0.04278555,0.03892131,0.05653782,0.06247723,-0.80270748,-1.06729507,-0.87485027,-1.32318286,-0.51376662,-1.58456765,-0.17717789,-1.53100249,0.20959530,-1.21995901,0.71439524,0.46989696,0.35503779,0.50359107,-0.94043897,0.28929796,0.12254041,0.14437044,0.18936466,0.71439524,1.00497867,1.05530505,1.20053327,0.46989696,0.72962812,1.08994229,0.35503779,0.83084022,0.50359107,1.33829318,1.75465432,1.89276600,1.73615643,1.42903427
562,0.06537627,0.04541805,0.04209982,0.06347047,0.06462001,-0.84275012,-1.13233261,-0.86332889,-1.36141903,-0.46041073,-1.65843813,-0.09751691,-1.56854357,0.25040303,-1.23778511,0.70608448,0.50482403,0.38537324,0.48488900,-0.88333840,0.35710134,0.12003606,0.13654566,0.18180586,0.70608448,0.97994530,1.07455117,1.23789767,0.50482403,0.79382270,1.12470825,0.38537324,0.84165724,0.48488900,1.41444754,1.78158019,1.90819037,1.73301170,1.42589170
563,0.07076961,0.04264941,0.04146737,0.06315976,0.06393923,-0.92155939,-1.15588474,-0.82531557,-1.43497607,-0.42882176,-1.71928479,-0.05620700,-1.62207832,0.27946100,-1.27096181,0.72615100,0.48859769,0.39776766,0.48933860,-0.84533286,0.37177198,0.12003835,0.13287518,0.17906708,0.72615100,1.01777489,1.14643590,1.31816331,0.48859769,0.79493512,1.12471979,0.39776766,0.85315082,0.48933860,1.48206125,1.82532320,1.94226489,1.76586917,1.44867562
564,0.05787067,0.04160437,0.04114378,0.06190343,0.06432378,-0.86852291,-1.22745894,-0.82168844,-1.40665037,-0.37947309,-1.71546524,-0.01034519,-1.63061531,0.30859862,-1.28270990,0.64903852,0.54010406,0.38917456,0.47283242,-0.79064213,0.36954904,0.12114242,0.13031722,0.17792712,0.64903852,0.91107702,1.07400696,1.27094343,0.54010406,0.84986133,1.14639640,0.38917456,0.82134758,0.47283242,1.50861463,1.79101474,1.89727074,1.74691539,1.44861221
565,0.05538929,0.04262267,0.05225784,0.06937822,0.06569511,-0.84705399,-1.24381044,-0.68909066,-1.48070224,-0.29126130,-1.59712429,0.11891874,-1.60270229,0.42420671,-1.28862744,0.64512493,0.41462398,0.41861844,0.43803066,-0.76518705,0.40533790,0.12083206,0.12662513,0.17502660,0.64512493,0.87058212,1.13931031,1.35985354,0.41462398,0.82243931,1.13400265,0.41861844,0.78417042,0.43803066,1.50951375,1.77590138,1.76321893,1.71704667,1.48313794
566,0.06908516,0.04606392,0.04397793,0.06315089,0.05741989,-0.97516720,-1.27673612,-0.56666226,-1.59428442,-0.13811230,-1.79049607,0.18631697,-1.69034601,0.45624001,-1.30684973,0.79178149,0.47947911,0.35419603,0.46911468,-0.74094794,0.33884205,0.12178495,0.12316848,0.17321099,0.79178149,1.10727736,1.29946499,1.48617827,0.47947911,0.78222372,1.08131300,0.35419603,0.77451428,0.46911468,1.61262869,1.84642454,1.91023889,1.78742002,1.48525449
567,0.06772319,0.05274055,0.04125169,0.06346205,0.05854865,-0.93250030,-1.24690850,-0.42683709,-1.55494416,-0.05836698,-1.74057579,0.25717101,-1.64174997,0.50362362,-1.25287408,0.80777644,0.41781581,0.34244109,0.46069099,-0.70876439,0.35391591,0.12444330,0.12745065,0.17812861,0.80777644,1.11430490,1.31409893,1.48504735,0.41781581,0.70669374,0.99318146,0.34244109,0.75155652,0.46069099,1.56299161,1.75227424,1.84862076,1.74451892,1.44496720
568,0.07176430,0.04633051,0.03399337,0.05477493,0.04800157,-0.88111046,-1.18207715,-0.35555086,-1.47079485,0.03267753,-1.64793822,0.34413729,-1.57466249,0.54835938,-1.20494300,0.79164396,0.43301919,0.33905441,0.42369290,-0.69313648,0.34418519,0.12424362,0.13072260,0.18034654,0.79164396,1.11739717,1.32854219,1.46032921,0.43301919,0.73132069,0.96733356,0.33905441,0.69524551,0.42369290,1.48135425,1.65118978,1.74979290,1.68042060,1.39562384
569,0.07865066,0.03715679,0.02871804,0.04958920,0.04427333,-0.87033666,-1.22462612,-0.32153445,-1.51024209,0.07974646,-1.69649801,0.40416902,-1.60909422,0.59654815,-1.24855044,0.79628033,0.44821702,0.35278183,0.41183368,-0.66659313,0.28989343,0.12261377,0.12879330,0.17782534,0.79628033,1.14439438,1.36956998,1.49185154,0.44821702,0.75408574,0.98209899,0.35278183,0.70206183,0.41183368,1.51044847,1.67807537,1.79632401,1.72643416,1.44797846
570,0.07857507,0.03510411,0.02515260,0.04651514,0.03733012,-0.85853848,-1.23010593,-0.25299992,-1.45419690,0.16091762,-1.65934134,0.48241433,-1.55913752,0.62364022,-1.23546182,0.80784309,0.46907986,0.35414867,0.35867376,-0.64125142,0.25521257,0.12208621,0.12949478,0.17797175,0.80784309,1.17764429,1.41178460,1.50019573,0.46907986,0.76703140,0.93847694,0.35414867,0.65076845,0.35867376,1.50799792,1.60874222,1.75816418,1.69264274,1.43677524
571,0.07616045,0.03376748,0.02122369,0.04470929,0.03705302,-0.82034167,-1.21560486,-0.21027524,-1.40175185,0.22465848,-1.64849296,0.53838446,-1.51332244,0.65153445,-1.21507328,0.77442266,0.50411053,0.35441172,0.32446160,-0.56389920,0.24618817,0.12055218,0.12995368,0.17725910,0.77442266,1.19176109,1.41904678,1.48846452,0.50411053,0.77329792,0.90824839,0.35441172,0.62746324,0.32446160,1.47384097,1.53379527,1.74374055,1.66221506,1.42710297
572,0.07326839,0.03596027,0.01892912,0.03858292,0.03239347,-0.80986336,-1.17631430,-0.15885390,-1.35584613,0.27220717,-1.59696495,0.55492629,-1.45345442,0.63149949,-1.22842820,0.82956307,0.49674019,0.33178708,0.25299715,-0.63920578,0.25548122,0.12343426,0.13255349,0.18112550,0.82956307,1.23764851,1.43147000,1.46287974,0.49674019,0.73600933,0.83499107,0.33178708,0.54673203,0.25299715,1.43801784,1.51198230,1.72654311,1.63396332,1.44158374
573,0.06904414,0.03461833,0.01827140,0.03765086,0.03438490,-0.80048764,-1.21831232,-0.13425589,-1.40963313,0.30881974,-1.65544152,0.60362946,-1.50529790,0.68660010,-1.24451841,0.83450804,0.51025077,0.34306154,0.28957746,-0.65174548,0.25536600,0.12232516,0.12965544,0.17825257,0.83450804,1.25908526,1.46709547,1.50337081,0.51025077,0.75920822,0.87257005,0.34306154,0.58818456,0.28957746,1.46844362,1.55454453,1.78152185,1.69439561,1.47546387
574,0.07364867,0.03314490,0.01705991,0.03739943,0.03098280,-0.80933598,-1.26176409,-0.13369539,-1.47927979,0.30000031,-1.71948928,0.59108124,-1.60539718,0.68944839,-1.30975524,0.86368562,0.49797995,0.32376922,0.32615842,-0.67116311,0.24028400,0.12309328,0.12697819,0.17684857,0.86368562,1.28000316,1.48649312,1.52273410,0.49797995,0.74723382,0.87063948,0.32376922,0.59343228,0.32615842,1.50617483,1.61680372,1.84308138,1.78450322,1.53621349
575,0.07416556,0.03381861,0.01623922,0.03578753,0.02656200,-0.79907653,-1.25448208,-0.12578350,-1.48566736,0.29231192,-1.74351918,0.56290478,-1.61176747,0.67001840,-1.29077716,0.85679889,0.49314788,0.31496306,0.35202109,-0.65558267,0.22463757,0.12182671,0.12973241,0.17796697,0.85679889,1.27197462,1.44860469,1.48954749,0.49314788,0.71331736,0.85194104,0.31496306,0.61942491,0.35202109,1.49645136,1.62311879,1.86620495,1.78035524,1.51045483
576,0.07468884,0.03568367,0.01967783,0.03775890,0.03204193,-0.80355160,-1.25865188,-0.16713620,-1.52451047,0.25815386,-1.73926838,0.53658239,-1.60643274,0.64397504,-1.29784847,0.84127267,0.47707102,0.32241058,0.34038223,-0.67248751,0.24672337,0.12099356,0.13047177,0.17793911,0.84127267,1.25186624,1.43142587,1.47264962,0.47707102,0.71827756,0.86887402,0.32241058,0.61601425,0.34038223,1.50245741,1.66471584,1.86539140,1.77442338,1.51237329
577,0.07334245,0.03594131,0.02065908,0.03618767,0.03530512,-0.79550297,-1.25449956,-0.17384491,-1.55931500,0.24745002,-1.76767923,0.53363369,-1.62311449,0.65606225,-1.24662728,0.83412102,0.47048368,0.33519110,0.40428461,-0.67306368,0.30832642,0.12101387,0.13070991,0.17812758,0.83412102,1.24427049,1.42209464,1.47544861,0.47048368,0.72023961,0.90932774,0.33519110,0.68610855,0.40428461,1.49723937,1.69928886,1.89330034,1.78998829,1.47937318
578,0.07108705,0.03855802,0.02299906,0.03630869,0.03357488,-0.76822050,-1.22648225,-0.16431700,-1.54500861,0.23315124,-1.73553349,0.50415507,-1.59597789,0.62848231,-1.24332716,0.83367694,0.44131775,0.32707306,0.38474686,-0.70284474,0.27624623,0.12121940,0.13572380,0.18197552,0.83367694,1.21253544,1.36734953,1.41852585,0.44131775,0.68497448,0.87917563,0.32707306,0.66506301,0.38474686,1.46149319,1.69689688,1.87147313,1.75919770,1.46436004
579,0.07029968,0.03646480,0.02329433,0.03791138,0.03571610,-0.75766230,-1.23420361,-0.15156179,-1.59972937,0.24341486,-1.78402650,0.49591579,-1.64942412,0.62094924,-1.23948505,0.83754389,0.43615649,0.30275097,0.43503742,-0.65659827,0.27882329,0.12061484,0.13588535,0.18169416,0.83754389,1.22097487,1.36182905,1.40256908,0.43615649,0.65949508,0.87323538,0.30275097,0.68497081,0.43503742,1.46059082,1.72875411,1.90477486,1.79987482,1.45687020
580,0.06170083,0.03874956,0.02871487,0.04151474,0.03677558,-0.73271855,-1.21659726,-0.13784472,-1.60391220,0.23171300,-1.79120538,0.46336616,-1.63487496,0.58103725,-1.27814423,0.84843027,0.41437262,0.30090907,0.38446594,-0.68048269,0.25923537,0.12019000,0.14053588,0.18492152,0.84843027,1.21781345,1.31737787,1.34436246,0.41437262,0.61097097,0.81091469,0.30090907,0.65014641,0.38446594,1.43371317,1.74026008,1.92581342,1.78815915,1.48213926
581,0.06430918,0.03664888,0.02940409,0.04059338,0.03876327,-0.73943522,-1.22990271,-0.14656664,-1.63639836,0.21844936,-1.84329599,0.45900191,-1.68014321,0.59155563,-1.29574056,0.86145858,0.41957736,0.31619231,0.41425683,-0.67283078,0.24567642,0.11872578,0.13984147,0.18344331,0.86145858,1.23307278,1.32763427,1.36017996,0.41957736,0.61950208,0.83773615,0.31619231,0.69318679,0.41425683,1.44698220,1.77057114,1.97050783,1.82259390,1.49612480
582,0.06223451,0.03814900,0.02996827,0.04019492,0.04115548,-0.71186487,-1.19569301,-0.13724018,-1.61081467,0.21479424,-1.83707796,0.44506768,-1.66338561,0.57939222,-1.26955092,0.84620019,0.41847786,0.31337061,0.42281447,-0.64559392,0.24788647,0.11862932,0.14445052,0.18691942,0.84620019,1.21827592,1.29344104,1.32028639,0.41847786,0.59724092,0.81778561,0.31337061,0.70286572,0.42281447,1.40359947,1.74077763,1.95922510,1.79977660,1.46587679
583,0.06123938,0.03656105,0.02897678,0.03725824,0.03882526,-0.69179531,-1.20753477,-0.12373181,-1.63107130,0.22364502,-1.86574275,0.45943141,-1.68140595,0.57532147,-1.28574676,0.85044193,0.41924640,0.32108126,0.41990901,-0.64941092,0.23876828,0.11851352,0.14701495,0.18883551,0.85044193,1.21969414,1.29290833,1.29776395,0.41924640,0.59778505,0.80519941,0.32108126,0.70601821,0.41990901,1.40252233,1.75814623,1.98489750,1.81984874,1.47674738
584,0.06255910,0.03514263,0.02785278,0.03697347,0.03856429,-0.67333598,-1.19569072,-0.12024751,-1.64140248,0.22261921,-1.89949762,0.44452702,-1.68968039,0.56124095,-1.28193120,0.85127656,0.42922771,0.32533612,0.43043377,-0.64348642,0.23484560,0.11975509,0.15010763,0.19202496,0.85127656,1.22908249,1.27097342,1.26787279,0.42922771,0.57945025,0.79445565,0.32533612,0.72834853,0.43043377,1.38157871,1.76207210,2.01090659,1.81986976,1.46569127
585,0.06271785,0.03752555,0.02868931,0.03799344,0.03821632,-0.65645888,-1.16207030,-0.12984662,-1.62678440,0.21001172,-1.88178727,0.42526999,-1.65757316,0.53837913,-1.25141682,0.84183506,0.42501807,0.33149994,0.42857429,-0.64332617,0.24528861,0.12062274,0.15424895,0.19581262,0.84183506,1.21430475,1.23699271,1.22636255,0.42501807,0.57001460,0.79278641,0.33149994,0.73629506,0.42857429,1.34506683,1.74971033,1.99255817,1.78429434,1.42806508
586,0.06494455,0.03614397,0.02825780,0.03630706,0.03658464,-0.64719032,-1.17243559,-0.13896633,-1.66892467,0.19447658,-1.88232740,0.42213702,-1.68310402,0.53408376,-1.26739385,0.85882324,0.39617837,0.32280474,0.43873005,-0.66537437,0.24778104,0.12022261,0.15555615,0.19659906,0.85882324,1.19610032,1.23692850,1.21548167,0.39617837,0.57566295,0.81198204,0.32280474,0.72960662,0.43873005,1.34891460,1.79427948,1.99408894,1.81038620,1.44149622
587,0.05846166,0.03795349,0.02964478,0.03711457,0.03753655,-0.60767418,-1.09998215,-0.13284535,-1.60736687,0.18024270,-1.82058790,0.40442665,-1.61789604,0.50764522,-1.19595121,0.85459232,0.37907697,0.32603240,0.44822545,-0.70337163,0.24871463,0.11980719,0.16455689,0.20355032,0.85459232,1.18414927,1.20184938,1.15372621,0.37907697,0.54806711,0.79191116,0.32603240,0.74267311,0.44822545,1.26819486,1.74569999,1.95266083,1.75926854,1.37486666
588,0.05940671,0.03658093,0.02762035,0.03470163,0.03612018,-0.60197023,-1.11909328,-0.12650294,-1.64178284,0.18062971,-1.85337217,0.40943954,-1.63998562,0.50783528,-1.20256863,0.86387221,0.37323441,0.33609137,0.46220486,-0.69023803,0.26588669,0.12169778,0.16549243,0.20542175,0.86387221,1.18870090,1.20216807,1.14669283,0.37323441,0.54681714,0.80253237,0.33609137,0.76542489,0.46220486,1.28086931,1.77321018,1.97974885,1.77736552,1.37662404
589,0.05723500,0.03528211,0.02783154,0.03430333,0.03649322,-0.60607778,-1.12657109,-0.13948886,-1.67537788,0.17883800,-1.84901665,0.40324665,-1.66932329,0.49666091,-1.21692856,0.87815233,0.36260634,0.30980666,0.47380730,-0.69558688,0.26942319,0.12125788,0.16700025,0.20637965,0.87815233,1.17951400,1.20982430,1.14189897,0.36260634,0.55471310,0.81437580,0.30980666,0.74116123,0.47380730,1.28852162,1.80481383,1.97056469,1.80084217,1.38500386
590,0.05776019,0.03566507,0.02748719,0.03393803,0.03731938,-0.59727093,-1.09899858,-0.13129125,-1.70190992,0.18368442,-1.89199077,0.39607495,-1.68147592,0.48513515,-1.21232079,0.90452696,0.36919041,0.32266104,0.49007245,-0.69100091,0.28554170,0.12368172,0.16892987,0.20936683,0.90452696,1.22777780,1.21810523,1.12554022,0.36919041,0.53541024,0.81228597,0.32266104,0.77867549,0.49007245,1.26112018,1.82592682,2.01861367,1.81541298,1.38048823
591,0.05689415,0.03688014,0.02869983,0.03462313,0.03616543,-0.58300562,-1.07545949,-0.12904778,-1.68851776,0.16750535,-1.84618062,0.36891644,-1.62561497,0.45974740,-1.18123063,0.91319085,0.33591007,0.31950781,0.46690297,-0.72375918,0.33503942,0.12547044,0.17535379,0.21561953,0.91319085,1.18961574,1.16806660,1.08580234,0.33591007,0.51332394,0.80728181,0.31950781,0.76015613,0.46690297,1.23552263,1.82309366,1.97491808,1.76094457,1.34736430
592,0.05741032,0.03831568,0.02941209,0.03497596,0.03690695,-0.56811330,-1.03615804,-0.12529456,-1.64876051,0.16222175,-1.79962575,0.34918392,-1.56884264,0.43421466,-1.13549122,0.91689401,0.32474684,0.32217578,0.45610387,-0.74163056,0.35011981,0.12760832,0.18262781,0.22279318,0.91689401,1.17971735,1.13366711,1.04704667,0.32474684,0.49564617,0.79421843,0.32217578,0.75638340,0.45610387,1.19422965,1.79232859,1.93687040,1.70620794,1.29931318
593,0.05769061,0.03558228,0.02953592,0.03469140,0.03666376,-0.56085325,-1.02030398,-0.13167576,-1.65022946,0.13721795,-1.80334876,0.33175170,-1.57358941,0.41678270,-1.13396777,0.92233270,0.30944350,0.32721790,0.46217922,-0.75118156,0.33052411,0.12789007,0.18606062,0.22577516,0.92233270,1.17162166,1.12149357,1.02301232,0.30944350,0.48627017,0.79061375,0.32721790,0.76494542,0.46217922,1.17818393,1.79727499,1.94008061,1.70752674,1.29254254
594,0.05882379,0.03504568,0.02799937,0.03113197,0.03489758,-0.56303848,-1.03922055,-0.14109432,-1.67294387,0.11735324,-1.81281030,0.30900868,-1.62207111,0.40194303,-1.15503177,0.92627639,0.29390044,0.29151324,0.48937334,-0.75147089,0.34197359,0.12826495,0.18682998,0.22662158,0.92627639,1.15949326,1.13101133,1.02023629,0.29390044,0.46486538,0.78124204,0.29151324,0.75021990,0.48937334,1.19210308,1.81245151,1.94228436,1.74961041,1.30859907
595,0.06175815,0.04110915,0.03466600,0.03717509,0.03610987,-0.52787909,-0.96089777,-0.15411359,-1.56107401,0.08173100,-1.68930360,0.27346342,-1.51048597,0.36705853,-1.09666715,0.89993328,0.26999685,0.28444835,0.44662048,-0.81099913,0.28823784,0.12797196,0.20088452,0.23818357,0.89993328,1.11585554,1.08170205,0.96544299,0.26999685,0.43820052,0.73220927,0.28444835,0.70360045,0.44662048,1.10469553,1.71463302,1.83860796,1.65210204,1.24881289
596,0.06966109,0.04736279,0.04291407,0.04635694,0.04210123,-0.48703157,-0.86244140,-0.15632295,-1.41626171,0.05936500,-1.52648637,0.23893380,-1.37105670,0.32530156,-0.99598490,0.86059859,0.24821921,0.26889029,0.41834178,-0.83815166,0.22426208,0.12866709,0.22027344,0.25509921,0.86059859,1.06244616,1.01664088,0.88837885,0.24821921,0.40426941,0.68131101,0.26889029,0.66050209,0.41834178,0.99427204,1.56891559,1.68497141,1.50961658,1.12915425
597,0.07145686,0.04526431,0.04123833,0.04428315,0.04219303,-0.48337185,-0.86844445,-0.15314107,-1.43035597,0.05601212,-1.52946114,0.23537242,-1.38432321,0.32177168,-0.99878282,0.86320114,0.23575367,0.25545939,0.42746592,-0.83211653,0.23421931,0.12924960,0.22164011,0.25657318,0.86320114,1.04928309,1.01681015,0.88289325,0.23575367,0.39655962,0.68099811,0.25545939,0.65320403,0.42746592,0.99690144,1.57578738,1.67805064,1.51866224,1.12851942
598,0.06914702,0.04387296,0.03998348,0.04356857,0.03813281,-0.48327244,-0.89627472,-0.14414853,-1.47209218,0.06828972,-1.57682524,0.24425828,-1.41285558,0.32988220,-1.03536284,0.87201252,0.24182463,0.26709154,0.42098733,-0.82803926,0.20446310,0.12893732,0.21933534,0.25442646,0.87201252,1.06688631,1.01934827,0.88753429,0.24182463,0.39862814,0.68532200,0.26709154,0.66403520,0.42098733,1.02253754,1.61710600,1.72753964,1.54903849,1.16525316
599,0.07164489,0.04369732,0.03933062,0.04325920,0.03762220,-0.47748535,-0.89546058,-0.14121649,-1.47733992,0.07730659,-1.58406142,0.24658570,-1.41338000,0.33437839,-1.02894613,0.87744220,0.25113847,0.26159092,0.42473065,-0.80657884,0.25359017,0.12957842,0.22083289,0.25604244,0.87744220,1.08390838,1.03282552,0.90043939,0.25113847,0.39512047,0.68305275,0.26159092,0.66508414,0.42473065,1.01721345,1.61382422,1.73222002,1.55264576,1.16635850
600,0.07412255,0.04747281,0.04275063,0.04614715,0.04079626,-0.45332731,-0.85674585,-0.11813772,-1.45468403,0.09208775,-1.55977665,0.24063302,-1.37129179,0.32361260,-0.98825754,0.89710009,0.24612730,0.26266939,0.41993171,-0.79836798,0.30646584,0.13128481,0.22741932,0.26259331,0.89710009,1.10297340,1.02145048,0.88109014,0.24612730,0.36987470,0.66838877,0.26266939,0.66827367,0.41993171,0.97001245,1.58422167,1.70776799,1.50918202,1.12593244
601,0.06632105,0.04063944,0.03334936,0.03677476,0.03877535,-0.46554678,-0.92018515,-0.10691171,-1.56226750,0.11283106,-1.72011740,0.26440811,-1.49155277,0.34986409,-1.05825724,0.92618498,0.27893764,0.29873355,0.45985965,-0.75202474,0.36309295,0.13242062,0.21602817,0.25338388,0.92618498,1.17146575,1.05916601,0.91191693,0.27893764,0.38136258,0.70328960,0.29873355,0.74501268,0.45985965,1.03394304,1.69073550,1.86255792,1.62455535,1.20533412
602,0.06659261,0.04022287,0.03282751,0.03631872,0.03799551,-0.46486080,-0.92916331,-0.10838521,-1.58162254,0.11724005,-1.74638422,0.26598987,-1.51071350,0.35242611,-1.07473912,0.93572486,0.28885119,0.30403082,0.46323430,-0.75395170,0.36989612,0.13276524,0.21540044,0.25302955,0.93572486,1.19089782,1.06899022,0.91696540,0.28885119,0.38406282,0.70796359,0.30403082,0.75495406,0.46323430,1.04124430,1.70854980,1.88900056,1.64311486,1.22039919
603,0.06476707,0.03614203,0.02876269,0.03221277,0.03661289,-0.49110014,-0.97444064,-0.11933873,-1.66018892,0.11697871,-1.80251945,0.27381740,-1.57200504,0.36595168,-1.11141924,0.95057897,0.27928573,0.29454053,0.47944093,-0.71913583,0.40013503,0.13258624,0.20645293,0.24536080,0.95057897,1.18314541,1.08816431,0.95389720,0.27928573,0.40619196,0.74727305,0.29454053,0.75902218,0.47944093,1.09470567,1.78000427,1.92809453,1.69761429,1.26600237
604,0.06515834,0.03309435,0.02587132,0.02979496,0.03358969,-0.50782800,-0.99823552,-0.13224471,-1.68992136,0.10484901,-1.83119392,0.27012554,-1.59628788,0.36851573,-1.12428342,0.94754585,0.27985810,0.30072211,0.49137428,-0.69219507,0.41492516,0.13327481,0.20280232,0.24267459,0.94754585,1.18262863,1.09451772,0.96749366,0.27985810,0.41532487,0.76786124,0.30072211,0.77655863,0.49137428,1.12311474,1.80197851,1.94856488,1.71595002,1.27452051
605,0.06577501,0.03930592,0.03106932,0.03589941,0.03810835,-0.47828778,-0.93752045,-0.13574787,-1.56686176,0.08652170,-1.71768316,0.24710505,-1.49899591,0.34045420,-1.04338882,0.91578471,0.27854742,0.28977794,0.48046333,-0.75032365,0.39205958,0.13375352,0.21491261,0.25313521,0.91578471,1.15865032,1.06560153,0.92699611,0.27854742,0.38983144,0.72311682,0.28977794,0.75407275,0.48046333,1.05469068,1.69745271,1.86156129,1.63733913,1.20192829
606,0.06160188,0.03930651,0.03254206,0.03851231,0.04159548,-0.48899205,-0.93941239,-0.16894776,-1.55415469,0.06429051,-1.70655657,0.22734495,-1.48547807,0.33042573,-1.03535238,0.89515360,0.28674473,0.28899013,0.47398613,-0.73261806,0.41350045,0.13190622,0.21306736,0.25059320,0.89515360,1.13886246,1.05257231,0.93393793,0.28674473,0.40279758,0.73152305,0.28899013,0.74833339,0.47398613,1.06152249,1.68878588,1.84817097,1.62444940,1.20050095
607,0.06385321,0.04311243,0.03467181,0.04011821,0.04284977,-0.48595541,-0.90623488,-0.17818863,-1.48633147,0.05073533,-1.64633222,0.21374140,-1.43676848,0.31452185,-1.00330233,0.89101100,0.28946782,0.28488491,0.46179794,-0.77938205,0.38663588,0.13155185,0.21770681,0.25436616,0.89101100,1.13835169,1.04959046,0.92421877,0.28946782,0.39598963,0.70622211,0.28488491,0.73104617,0.46179794,1.03016224,1.63763904,1.80574371,1.58602687,1.17012129
608,0.06207128,0.03902828,0.03381830,0.03851226,0.04213255,-0.53539457,-0.98977058,-0.20100342,-1.59028798,0.04129864,-1.76036594,0.21856772,-1.55260006,0.32914828,-1.09777090,0.90025721,0.30047870,0.29110446,0.47911314,-0.77446474,0.37444059,0.13040430,0.20269466,0.24101952,0.90025721,1.15192594,1.08092577,0.97155066,0.30047870,0.42413151,0.73931479,0.29110446,0.75039496,0.47911314,1.12811890,1.73393421,1.89958713,1.68307186,1.25426252
609,0.05983220,0.03202395,0.02762437,0.03259936,0.03728519,-0.61116609,-1.10212688,-0.24373607,-1.75079932,0.01483846,-1.93628976,0.22771308,-1.73409310,0.35655694,-1.22073708,0.90723313,0.31924945,0.30387339,0.53635408,-0.71318264,0.33388730,0.12986813,0.18194324,0.22353763,0.90723313,1.17561497,1.14829200,1.04544444,0.31924945,0.47469171,0.81290750,0.30387339,0.80998536,0.53635408,1.26437711,1.87299187,2.04086319,1.83840046,1.35915123
610,0.05763365,0.03499287,0.03054920,0.03643760,0.04352502,-0.62480297,-1.08341499,-0.25708291,-1.71069581,0.01309223,-1.92661437,0.23226358,-1.70665286,0.36365125,-1.19881945,0.89750791,0.34783891,0.32185065,0.53020754,-0.74153116,0.35820289,0.12972600,0.17913307,0.22117299,0.89750791,1.19797057,1.16276327,1.07305374,0.34783891,0.49166958,0.81418644,0.32185065,0.82388351,0.53020754,1.25636845,1.84648295,2.04407200,1.82328610,1.35674691
611,0.05193560,0.03439852,0.03131935,0.03835736,0.04598524,-0.65001202,-1.08231488,-0.30327075,-1.69009524,-0.00764270,-1.92100264,0.21361403,-1.68203147,0.35619833,-1.17319066,0.87157516,0.37831594,0.33543348,0.53275233,-0.73919663,0.35905562,0.12810174,0.17604535,0.21772005,0.87157516,1.19977805,1.15931870,1.09440923,0.37831594,0.51789176,0.84372464,0.33543348,0.84469005,0.53275233,1.26893396,1.83500828,2.04330770,1.80395120,1.34308554
612,0.04830186,0.03753775,0.03574747,0.04508519,0.04808692,-0.68377001,-1.10294148,-0.33289662,-1.68669567,-0.02186770,-1.89735058,0.22192816,-1.66339971,0.37442233,-1.20061218,0.88719340,0.37734644,0.35779622,0.49174882,-0.80590247,0.34542791,0.12810039,0.16994617,0.21281779,0.88719340,1.19763203,1.17096353,1.14279264,0.37734644,0.56132958,0.87094561,0.35779622,0.82238895,0.49174882,1.30628490,1.86316316,2.04171619,1.79465206,1.38071844
613,0.05141652,0.03192352,0.03137131,0.04382353,0.04884656,-0.76236037,-1.17408690,-0.38911811,-1.75938286,-0.04496701,-1.94719107,0.22635678,-1.74003331,0.40560238,-1.25837603,0.87852510,0.39238205,0.35711036,0.51536357,-0.73132031,0.31110871,0.12696734,0.15649438,0.20152220,0.87852510,1.19147286,1.22468801,1.24103885,0.39238205,0.62217725,0.94806469,0.35711036,0.83547157,0.51536357,1.40671649,1.92485766,2.06725542,1.85057237,1.43177385
614,0.05565072,0.03435938,0.03341436,0.04710679,0.04982175,-0.84822592,-1.23909961,-0.42903968,-1.79487745,-0.07011641,-1.99562178,0.22081945,-1.77066321,0.41765838,-1.32219731,0.89888234,0.41124832,0.38899076,0.49105762,-0.73277867,0.27285962,0.12576244,0.14664582,0.19318693,0.89888234,1.22568075,1.27341817,1.33238193,0.41124832,0.66235671,0.98304205,0.38899076,0.84722704,0.49105762,1.50734121,1.97370808,2.11628834,1.87447592,1.48749360
615,0.05460885,0.04331514,0.03984562,0.05614355,0.05437279,-0.86926029,-1.19755876,-0.45863523,-1.70923440,-0.09717339,-1.93435558,0.20762190,-1.73498871,0.42122155,-1.31438960,0.86958882,0.42698659,0.38457004,0.47262507,-0.75944447,0.26159313,0.12629653,0.14361157,0.19124617,0.86958882,1.19579892,1.27337877,1.35226878,0.42698659,0.68449699,0.98177290,0.38457004,0.82241540,0.47262507,1.48788190,1.91274156,2.05752057,1.83827788,1.48278556
616,0.05643005,0.05186971,0.04447286,0.06299016,0.06247754,-0.91199521,-1.23990568,-0.48074437,-1.68474562,-0.11139854,-1.91788513,0.20356623,-1.72372828,0.46260072,-1.28663831,0.84863691,0.43934634,0.39010820,0.50855419,-0.76884602,0.30744913,0.12793851,0.13646818,0.18706102,0.84863691,1.17648384,1.28284619,1.42876940,0.43934634,0.70645700,1.04194803,0.39010820,0.86552605,0.50855419,1.54818369,1.90443391,2.04436552,1.82861688,1.47507343
617,0.06331496,0.06481740,0.05143931,0.07088249,0.07157998,-0.95211406,-1.23688052,-0.49980811,-1.60335909,-0.14743768,-1.79443516,0.18233295,-1.64081581,0.43683899,-1.22645669,0.85516493,0.40254716,0.38824987,0.48756179,-0.83196455,0.37372850,0.12766790,0.13392963,0.18503037,0.85516493,1.14271619,1.28689016,1.45066036,0.40254716,0.70463829,1.03083110,0.38824987,0.83259043,0.48756179,1.57066528,1.86084041,1.95600573,1.76658649,1.43077856
618,0.05261404,0.06044646,0.05150394,0.07344980,0.07516053,-0.96879746,-1.17757288,-0.52667528,-1.51261994,-0.16597811,-1.68996964,0.18034026,-1.55926074,0.44782868,-1.19183191,0.83694070,0.40480684,0.39145311,0.45677296,-0.88173181,0.41679913,0.12765685,0.13213819,0.18373016,0.83694070,1.11437933,1.29222218,1.47360775,0.40480684,0.72994690,1.04950339,0.39145311,0.80922039,0.45677296,1.54025046,1.81034807,1.87527318,1.70601829,1.41728984
619,0.06157190,0.05963358,0.05598935,0.08503864,0.08224342,-1.01577092,-1.15287960,-0.52869796,-1.46934708,-0.16642017,-1.56014702,0.18593270,-1.44180996,0.49131479,-1.15094043,0.80229635,0.37867161,0.38316649,0.42174432,-0.80337130,0.44275571,0.12709845,0.12149506,0.17582680,0.80229635,1.06221886,1.29842171,1.55816206,0.37867161,0.73187760,1.08013731,0.38316649,0.78047771,0.42174432,1.54657198,1.72351974,1.70485942,1.56291673,1.37579899
620,0.07911654,0.04727429,0.05120499,0.08432579,0.08763957,-1.02021544,-1.09610780,-0.54473253,-1.28874776,-0.17041449,-1.48318582,0.17544590,-1.38711979,0.48150339,-1.09752440,0.68924566,0.42408025,0.36754697,0.42139200,-0.74522132,0.44782405,0.12662741,0.11166716,0.16883144,0.68924566,1.02244890,1.27598715,1.53788138,0.42408025,0.73717827,1.05180945,0.36754697,0.76219262,0.42139200,1.50825097,1.53884132,1.60780377,1.49096355,1.30324348
621,0.07756616,0.05535631,0.04649366,0.08184129,0.09669224,-1.02836910,-1.07631439,-0.56543644,-1.12138765,-0.18602944,-1.30679335,0.17944494,-1.29788602,0.52190892,-1.06238177,0.64416368,0.42248959,0.36909370,0.41563184,-0.77256716,0.45518329,0.12379864,0.10196890,0.16038628,0.64416368,0.97454152,1.28593539,1.59723264,0.42248959,0.76817044,1.09067895,0.36909370,0.75050010,0.41563184,1.49254663,1.37256913,1.42641433,1.39882466,1.28197124
622,0.06043312,0.05835851,0.04803949,0.08488835,0.10978579,-1.05580415,-1.04192873,-0.59120014,-1.04267365,-0.16901282,-1.23555791,0.16299061,-1.20015775,0.54267240,-0.97993124,0.65328212,0.46768792,0.33701888,0.43900804,-0.78188185,0.37101816,0.12042356,0.09240521,0.15179116,0.65328212,0.99269714,1.27956925,1.64067170,0.46768792,0.77733454,1.13955703,0.33701888,0.75712978,0.43900804,1.48540665,1.31354883,1.33625587,1.28663917,1.20440601
623,0.05148857,0.06117389,0.04974362,0.09027334,0.10786555,-1.04725315,-1.04103902,-0.67503578,-0.94262664,-0.22406338,-1.10503766,0.12196306,-1.09082738,0.49976193,-0.93667403,0.57600851,0.48176827,0.34724699,0.40808843,-0.78495033,0.43464008,0.12347270,0.08805555,0.15165516,0.57600851,0.90891466,1.22282000,1.59200150,0.48176827,0.81401566,1.17674650,0.34724699,0.74339077,0.40808843,1.47742863,1.25343814,1.20598269,1.16909551,1.13767996
624,0.03540807,0.06059118,0.06386363,0.09983054,0.11046328,-1.08605072,-1.09860686,-0.69909605,-0.88326288,-0.25235350,-1.00275605,0.12357871,-1.02699780,0.48807723,-0.93242097,0.62471085,0.46525018,0.37772907,0.37667870,-0.89654286,0.43741718,0.12052100,0.08397027,0.14688880,0.62471085,0.92523387,1.26465063,1.62578612,0.46525018,0.83883484,1.19022581,0.37772907,0.74399595,0.37667870,1.54540584,1.22582313,1.12082487,1.11079279,1.13090536
625,0.04432449,0.07631317,0.07858312,0.11542830,0.11232570,-1.18102922,-1.14911194,-0.75546246,-0.83784196,-0.30903337,-0.96095424,0.09803861,-0.98898230,0.47936229,-0.96859034,0.70562345,0.46426022,0.40876389,0.38203723,-0.95217247,0.47907273,0.11575752,0.08621367,0.14433503,0.70562345,0.99293505,1.35318973,1.72291313,0.46426022,0.86867059,1.24257667,0.40876389,0.78854039,0.38203723,1.64940202,1.25129266,1.13023682,1.10543854,1.18885271
626,0.02287503,0.13564232,0.11938516,0.15512680,0.14077364,-1.14301297,-1.31868810,-0.78793138,-0.80988926,-0.35764925,-0.87806994,0.03313084,-0.86807921,0.46619041,-0.92963534,0.87668525,0.43627427,0.39555237,0.43759240,-1.00333871,0.43308603,0.11116444,0.09162024,0.14405486,0.87668525,1.07991316,1.36866328,1.73622970,0.43627427,0.82737236,1.26350117,0.39555237,0.82867198,0.43759240,1.74546762,1.30584822,1.13904095,1.03947168,1.18035311
627,0.04283763,0.11659564,0.11730833,0.15599209,0.14424264,-1.25037215,-1.12790378,-0.82215577,-0.66167924,-0.41769993,-0.71034070,-0.05150623,-0.74061667,0.39638408,-0.84831250,0.89485786,0.40740966,0.37128397,0.46154463,-1.04357264,0.30202451,0.11394115,0.09416944,0.14781905,0.89485786,1.12286277,1.38435239,1.75701821,0.40740966,0.77690695,1.23584265,0.37128397,0.82974396,0.46154463,1.68577519,1.27277846,1.08511648,0.98854065,1.12527934
628,0.06585581,0.16946693,0.14959907,0.18774834,0.17118031,-1.20314085,-1.01017309,-0.87116667,-0.41816556,-0.46193524,-0.47082497,-0.09171090,-0.58003353,0.33089466,-0.72960994,0.91990465,0.41297447,0.39391134,0.44897161,-0.97402629,0.31635053,0.11933967,0.09905767,0.15509474,0.91990465,1.09747900,1.30223505,1.63775576,0.41297447,0.80185594,1.24760078,0.39391134,0.84035759,0.44897161,1.57263775,1.18912223,0.94413799,0.83737956,0.98456595
629,0.05784640,0.20337977,0.17775040,0.20445720,0.22462187,-1.03391802,-0.73558520,-0.93248144,-0.22187572,-0.54313133,-0.22348683,-0.14179106,-0.31150565,0.28390776,-0.41643297,0.80523374,0.39272412,0.41668807,0.43917675,-0.83458135,0.36804198,0.11665285,0.12408456,0.17030815,0.80523374,0.97097039,1.15250055,1.47020034,0.39272412,0.79595765,1.23261566,0.41668807,0.85451962,0.43917675,1.27029219,1.17031552,0.93135072,0.73769037,0.80527606
630,0.12080846,0.19947347,0.14820642,0.15976593,0.18655942,-1.16710726,-0.24581449,-0.93288037,-0.13149873,-0.60717924,-0.08947126,-0.22733630,-0.22710793,0.28009415,-0.35876503,0.62865175,0.33568179,0.41039530,0.52688811,-0.88647288,0.48578804,0.11294029,0.11674591,0.16243496,0.62865175,0.86580924,1.09902220,1.54080816,0.33568179,0.71199734,1.23532506,0.41039530,0.93562013,0.52688811,1.20416506,1.19659588,1.01409372,0.80233875,0.82021597
631,0.09413671,0.16380210,0.12523935,0.15131356,0.19855562,-1.18609277,-0.24814393,-0.87742972,-0.05711778,-0.58825274,0.05186413,-0.22330635,-0.13028823,0.26504602,-0.26935841,0.65972716,0.31413491,0.41658563,0.50977771,-0.87142032,0.47609262,0.11266340,0.12136153,0.16559488,0.65972716,0.90344238,1.10177733,1.52777789,0.31413491,0.65881247,1.16434803,0.41658563,0.92097123,0.50977771,1.22504252,1.14327932,0.98400739,0.74845419,0.75806918
632,0.05278331,0.19952914,0.12263161,0.14286614,0.25095395,-1.11517473,-0.27754608,-0.66398439,0.10685908,-0.74584487,0.22373844,-0.41745686,0.10985462,0.17365602,-0.09636879,0.75258161,0.15003262,0.35240013,0.62666861,-0.63259434,0.12400081,0.09991351,0.12430146,0.15947904,0.75258161,0.80489760,0.91714164,1.36888328,0.15003262,0.24682663,0.86284784,0.35240013,0.97740815,0.62666861,1.15822806,0.90668848,1.01717568,0.73617181,0.60225262
633,0.08604964,0.09556077,0.07972635,0.11742410,0.23454049,-1.15044615,-0.25022745,-0.96741544,0.09766211,-0.81190378,0.33462439,-0.34607576,0.19740592,0.15987674,-0.06973657,0.56634499,0.29752893,0.48596104,0.57258755,-0.61532199,0.38318148,0.11431135,0.13396730,0.17610884,0.56634499,0.83955702,1.03813232,1.39957885,0.29752893,0.63342622,1.14074061,0.48596104,1.05333831,0.57258755,1.18371749,1.10757337,1.07546443,0.72239731,0.60581018
634,0.07000009,0.11839060,0.05372156,0.08915103,0.23480124,-1.22490034,0.02308543,-0.84925634,0.34497419,-0.91594977,0.47856957,-0.68471012,0.30686408,0.01456362,0.06969240,0.63393503,0.15452406,0.29190453,0.74176974,-0.59287297,0.10035413,0.10270617,0.12205232,0.15951591,0.63393503,0.70227175,0.72349387,1.28048030,0.15452406,0.16907727,0.91000003,0.29190453,1.02322206,0.74176974,1.24747699,1.11314981,1.23234415,0.97580043,0.55778889
635,0.08791573,0.08034664,0.06252263,0.08086504,0.23319183,-1.26596963,-0.23368793,-1.13500100,0.25218053,-0.99924874,0.53238870,-0.61394372,0.38702457,0.11218564,0.03953183,0.68151788,0.33911638,0.41194111,0.80614793,-0.73185682,0.38985129,0.11891823,0.12489106,0.17245093,0.68151788,1.00539957,1.08420564,1.51287518,0.33911638,0.55730951,1.26924888,0.41194111,1.21625478,0.80614793,1.29405895,1.30432784,1.34473038,1.03345868,0.70276410
636,0.09399176,0.06618377,0.08842660,0.09133698,0.19411511,-1.20929342,0.26746537,-1.31354245,0.02558551,-1.09207703,0.53540779,-0.64929700,0.48435684,0.07044365,0.08398668,0.47852640,0.58230771,0.44810245,0.82481756,-0.90908446,0.61805736,0.11459226,0.12707171,0.17110993,0.47852640,0.64337281,0.86263098,1.45337248,0.58230771,0.83665058,1.41024152,0.44810245,1.25040247,0.82481756,1.24147193,1.40048890,1.38314874,1.07377977,0.75755766
637,0.10958845,0.06021852,0.09505569,0.07959764,0.12896175,-1.20793029,0.47545102,-1.31362223,0.14785397,-0.92901768,0.56430974,-0.50149964,0.53971624,0.05927668,0.19339365,0.74307374,0.57937968,0.43391654,0.66013920,-1.35786509,1.04834889,0.11178292,0.12349662,0.16657382,0.74307374,0.83145392,1.00233710,1.46141810,0.57937968,0.90308518,1.37371144,0.43391654,1.06102766,0.66013920,1.32041863,1.59926632,1.49046725,1.20199940,0.93481468
638,0.12591151,0.06343039,0.04288438,0.06434181,0.09740877,-0.82592633,0.30798372,-1.09251197,0.09567273,-0.83192243,0.60703105,-0.36670618,0.46940056,0.10207512,0.34188624,0.87740664,0.60641083,0.49440346,0.49041652,-1.53134544,1.40034450,0.10094752,0.14325851,0.17525240,0.87740664,1.04791591,1.03121697,1.25356701,0.60641083,0.82254752,1.22015808,0.49440346,0.98436604,0.49041652,0.88355419,1.39925611,1.48135694,1.13795161,0.97053786
639,0.12428283,0.07922389,0.04810792,0.09577298,0.11646384,-0.93160974,0.23252660,-1.12682014,0.17433940,-0.83983888,0.62686829,-0.38890593,0.49585252,0.15655182,0.33526787,0.83166816,0.55349004,0.48388295,0.57262480,-1.51009211,1.24335756,0.10180473,0.13331226,0.16773897,0.83166816,1.02802584,1.02455798,1.33150468,0.55349004,0.80521076,1.29423685,0.48388295,1.05445196,0.57262480,0.96273325,1.43803984,1.45885201,1.09712470,0.90906964
640,0.10198958,0.07782668,0.04518191,0.07934201,0.11451024,-0.92006806,0.18204433,-1.12343895,0.19994265,-0.92002927,0.67620366,-0.46633367,0.51331722,0.11669040,0.36586628,0.87363514,0.54822694,0.48571216,0.60349071,-1.53402918,1.41640754,0.10767084,0.13521538,0.17284735,0.87363514,1.14178886,1.12075225,1.39781154,0.54822694,0.73788261,1.25313172,0.48571216,1.08774421,0.60349071,0.93822643,1.40801981,1.52092927,1.17234295,0.97371854
641,0.10567192,0.06618033,0.04167175,0.08165906,0.10170609,-0.96374205,0.28313820,-1.17676410,0.18856061,-0.92198289,0.61806293,-0.45998732,0.47683109,0.10148858,0.37490208,0.85479893,0.53632597,0.48679694,0.57159796,-1.51811600,1.35744886,0.10389682,0.13258874,0.16844679,0.85479893,1.07250400,1.09968724,1.41395960,0.53632597,0.78440465,1.29585321,0.48679694,1.05603974,0.57159796,1.00493111,1.43097956,1.48578166,1.14007112,0.97558688
642,0.09774860,0.05960417,0.04822710,0.07925978,0.10913352,-0.95712638,0.09785232,-1.17724711,0.15484003,-0.96691596,0.55655243,-0.49034890,0.46865514,0.08321180,0.34978114,0.86324704,0.50271204,0.48869124,0.58825381,-1.44994930,1.13864073,0.10593161,0.13322421,0.17020633,0.86324704,1.14568467,1.15283807,1.41963784,0.50271204,0.77072596,1.27933998,0.48869124,1.07669763,0.58825381,0.96290338,1.42829596,1.50549349,1.16550141,0.96319706
643,0.09222581,0.05359822,0.05263792,0.09202741,0.11890016,-0.95652772,-0.01588975,-1.20652850,0.07938112,-1.07773460,0.52513120,-0.56711167,0.44149938,0.00400301,0.29924595,0.86605689,0.52089025,0.52023333,0.59064870,-1.43804149,1.13073236,0.10796102,0.13589322,0.17355849,0.86605689,1.19662931,1.17210390,1.39196634,0.52089025,0.75722425,1.23752479,0.52023333,1.10991089,0.59064870,0.95951603,1.42270401,1.55253652,1.17731419,0.93225195
644,0.09921380,0.06049801,0.04919342,0.07392761,0.09510308,-0.89722339,0.02382195,-1.12878725,0.11513017,-0.96837022,0.39045830,-0.52814785,0.32811269,-0.02595524,0.27373236,0.88703000,0.39609202,0.44572219,0.50639834,-1.52495466,1.43121370,0.10878708,0.14902496,0.18450764,0.88703000,1.14904362,1.15861304,1.36410328,0.39609202,0.66909850,1.12677729,0.44572219,0.95199346,0.50639834,0.90089386,1.37333846,1.45198137,1.15856957,0.98106871
645,0.08154384,0.07127953,0.04381010,0.06302171,0.10253783,-0.91333001,-0.03900153,-1.15021572,0.08058379,-1.00286526,0.38955353,-0.55143981,0.33213055,-0.04308191,0.28428241,0.84501791,0.42399487,0.45571985,0.51237985,-1.49506027,1.39026160,0.10982622,0.14383778,0.18097266,0.84501791,1.13989498,1.15130426,1.35382578,0.42399487,0.68757888,1.14051390,0.45571985,0.96786612,0.51237985,0.91621911,1.37056374,1.46280153,1.16138240,0.96773772
646,0.09451652,0.06685213,0.04199360,0.06474082,0.10193648,-1.06372992,0.20632259,-1.24442069,0.06126633,-1.02965744,0.29140862,-0.59386014,0.28187197,-0.05032329,0.24444291,0.80708779,0.39111873,0.43771077,0.54510644,-1.55402464,1.52307788,0.11024904,0.13839515,0.17694086,0.80708779,1.00941220,1.07640652,1.38817965,0.39111873,0.71337550,1.22065093,0.43771077,0.98213256,0.54510644,1.08396331,1.45082587,1.44798653,1.14354419,0.95148924
647,0.04708261,0.03809574,0.04096597,0.06189481,0.10475278,-1.09590823,0.15863722,-1.22898903,-0.05975383,-1.01344632,0.13168138,-0.65612763,0.20163608,-0.11648434,0.17346779,0.85222781,0.35280252,0.36416751,0.54051629,-1.56156669,1.54795461,0.10879654,0.14369675,0.18023718,0.85222781,1.02002598,1.11456887,1.40770175,0.35280252,0.66386323,1.15381338,0.36416751,0.89795058,0.54051629,1.11049058,1.43030177,1.38353827,1.16355092,0.95053800
648,0.05609300,0.06632608,0.05939360,0.08449163,0.11387469,-1.06830961,0.11802943,-1.28386900,-0.04129938,-1.12987569,0.22441664,-0.70326142,0.12408136,-0.12765554,0.14581632,0.79964951,0.34625190,0.43857057,0.57685757,-1.41450722,1.21445438,0.10595613,0.13872128,0.17455742,0.79964951,0.92152931,0.96812611,1.32151387,0.34625190,0.62046713,1.18417046,0.43857057,1.00540210,0.57685757,1.08975337,1.40675752,1.36562196,1.01181378,0.77264125
649,0.07212779,0.05769616,0.03742455,0.06396204,0.08710426,-1.19909173,0.10670675,-1.22464881,-0.13143101,-0.95654058,0.05053955,-0.66848756,0.11317814,-0.09737825,0.10393467,0.79375499,0.33988819,0.29504168,0.57198959,-1.36746705,1.08986421,0.11201451,0.14193343,0.18081025,0.79375499,0.89470654,1.02049001,1.42387509,0.33988819,0.61834832,1.16070524,0.29504168,0.86187592,0.57198959,1.20630240,1.40671744,1.23666016,1.04445798,0.83703685
650,0.06065935,0.04456381,0.03846325,0.06301910,0.07983823,-1.16360271,0.11065755,-1.17263877,-0.10742993,-0.95830970,0.06062207,-0.69057974,0.11070012,-0.17382660,0.08754689,0.78863078,0.28803646,0.27389246,0.51741315,-1.32397442,0.99925657,0.11433513,0.15261551,0.19069352,0.78863078,0.87738341,0.94903583,1.29505647,0.28803646,0.53308281,1.02057607,0.27389246,0.78512276,0.51741315,1.16961941,1.37787113,1.25573000,1.04794346,0.81605626
651,0.05907603,0.05984279,0.03737770,0.05267870,0.07564669,-1.05695052,-0.03460751,-1.16158607,-0.06849654,-0.97314459,-0.01374513,-0.67589726,0.02016431,-0.14768498,0.02717311,0.81251146,0.28865808,0.29930467,0.52883184,-1.32979030,0.81610747,0.11288730,0.16354548,0.19872259,0.81251146,1.02039108,1.07894469,1.34070543,0.28865808,0.53378000,1.03389217,0.29930467,0.82714832,0.52883184,1.06210066,1.36127360,1.33799080,1.13321648,0.89740038
652,0.06802367,0.07274358,0.05345170,0.05596931,0.07786402,-0.91054092,0.04533082,-1.17401722,-0.04402804,-1.04970853,-0.01093148,-0.69440659,-0.00251679,-0.16404860,-0.00729594,0.88072543,0.29771676,0.35567809,0.53050081,-1.41615466,1.12494434,0.11753640,0.17121280,0.20767433,0.88072543,1.11427508,1.13984258,1.33604675,0.29771676,0.55817853,1.04638390,0.35567809,0.88567145,0.53050081,0.93056553,1.34220540,1.39423121,1.16189892,0.93475293
653,0.07867763,0.04130421,0.04885476,0.05951244,0.07329693,-0.78450600,-0.08803179,-1.23400879,-0.01046751,-0.92042085,-0.11416947,-0.68015267,-0.08661224,-0.16709908,-0.06322797,1.05005018,0.41582037,0.24512562,0.51381292,-1.44980747,1.05394938,0.12132172,0.18012966,0.21717655,1.05005018,1.20638158,1.24278519,1.39766278,0.41582037,0.63100485,1.11169062,0.24512562,0.75706028,0.51381292,0.83018012,1.41331658,1.32161012,1.19726123,1.01263767
654,0.09344184,0.03726255,0.04165069,0.05316641,0.07989066,-0.79248395,-0.25692403,-1.23733378,-0.10367162,-0.92480653,-0.15977677,-0.64851354,-0.15417089,-0.14808717,-0.12498155,1.04929765,0.42608709,0.27676661,0.50131547,-1.44164958,0.95513942,0.12543650,0.18401697,0.22270285,1.04929765,1.23300040,1.24978664,1.39570568,0.42608709,0.66245513,1.12819199,0.27676661,0.77755004,0.50131547,0.86369087,1.43034610,1.36717003,1.20959304,1.02167375
655,0.10920471,0.03816279,0.04303336,0.05106634,0.07359759,-0.67394471,-0.26914020,-1.14710921,-0.14285632,-0.85991068,-0.20879778,-0.57513624,-0.17831002,-0.12040878,-0.12688100,1.15209025,0.45960066,0.30035266,0.45929007,-1.45234541,1.03566604,0.14073673,0.20307341,0.24707416,1.15209025,1.40915772,1.49205258,1.62863362,0.45960066,0.72444423,1.13442562,0.30035266,0.75521633,0.45929007,0.81406936,1.33808416,1.35537999,1.26907307,1.16933897
656,0.09665215,0.04499168,0.04646330,0.04750274,0.08431976,-0.72043550,-0.36533305,-1.21171066,-0.26571709,-0.94418900,-0.29115754,-0.62150082,-0.30951656,-0.14708790,-0.22848677,1.10054969,0.43079527,0.32686755,0.48139654,-1.43437207,0.88492556,0.13363920,0.19838107,0.23919549,1.10054969,1.33740494,1.36994574,1.49664348,0.43079527,0.70629286,1.13646639,0.32686755,0.80175038,0.48139654,0.86073742,1.41585156,1.41951187,1.27380700,1.11210999
657,0.09243709,0.04707553,0.04594313,0.04439133,0.09087743,-0.69535902,-0.50099296,-1.22210385,-0.37808072,-0.98519475,-0.41007374,-0.65097909,-0.43262058,-0.18872883,-0.29807704,1.09389646,0.42613335,0.33611255,0.48144374,-1.42175853,0.73386512,0.12930490,0.20010667,0.23824868,1.09389646,1.33849576,1.33369098,1.43568673,0.42613335,0.68836906,1.10293641,0.33611255,0.80466988,0.48144374,0.89520945,1.45451645,1.49355405,1.32716519,1.12599365
658,0.09834343,0.04907620,0.04543368,0.04140087,0.08348297,-0.67022013,-0.55838420,-1.19009686,-0.44123347,-0.98794505,-0.44835707,-0.65248608,-0.42201322,-0.20298756,-0.32072134,1.11817425,0.41011671,0.33972533,0.46138946,-1.40679428,0.69347597,0.13445239,0.20329815,0.24373671,1.11817425,1.38132476,1.39334112,1.50470224,0.41011671,0.67247755,1.08240466,0.33972533,0.79839982,0.46138946,0.92248912,1.44136406,1.50273159,1.33581611,1.17351949
659,0.09689130,0.04976540,0.04946065,0.04107858,0.07367355,-0.66291095,-0.51862497,-1.18954377,-0.44738592,-1.02704130,-0.45032607,-0.63089233,-0.41893619,-0.18644454,-0.30974922,1.13453272,0.40660397,0.40247853,0.45786342,-1.41480270,0.82880373,0.13469328,0.20860566,0.24831150,1.13453272,1.42411270,1.44267689,1.54277186,0.40660397,0.70953107,1.10801057,0.40247853,0.85577156,0.45786342,0.90206583,1.44037428,1.53665997,1.34735271,1.18443606
660,0.09077104,0.03964738,0.04195326,0.03969270,0.08606966,-0.71156479,-0.58691114,-1.27872428,-0.57807166,-1.03818886,-0.59840175,-0.72694711,-0.57427840,-0.24752103,-0.42579953,1.07578685,0.39782732,0.31363468,0.50189177,-1.36469349,0.51086868,0.12526815,0.19251949,0.22968645,1.07578685,1.27298598,1.26069512,1.35292557,0.39782732,0.65153304,1.09846860,0.31363468,0.80985449,0.50189177,0.95348924,1.55614971,1.55356173,1.37715582,1.13181714
661,0.08306872,0.05638260,0.03666920,0.03365445,0.07591836,-0.72104115,-0.68168399,-1.20729059,-0.68043751,-1.01541890,-0.69375425,-0.73027513,-0.67790736,-0.27790319,-0.48161449,1.00641236,0.38125747,0.28608884,0.49675305,-1.36251737,0.66801855,0.10431880,0.19715522,0.22305289,1.00641236,1.24568224,1.22737155,1.26459874,0.38125747,0.58939907,0.99258629,0.28608884,0.76862011,0.49675305,1.00430410,1.56454497,1.62051042,1.46379518,1.15502027
662,0.09840962,0.03713985,0.04704141,0.04983845,0.07693125,-0.61203462,-0.45220483,-1.07972707,-0.46684026,-0.90679653,-0.48385733,-0.58954522,-0.42645506,-0.15495252,-0.29606720,1.14700191,0.40378483,0.34797261,0.45680301,-1.38465212,1.12958531,0.15737401,0.22216180,0.27225438,1.14700191,1.44249154,1.54300391,1.66702317,0.40378483,0.69809644,1.08857737,0.34797261,0.79644343,0.45680301,0.86715979,1.33507909,1.43115740,1.34132768,1.22612702
663,0.05950710,0.03808313,0.04758929,0.05784583,0.09041255,-0.86478024,-0.73807665,-1.43177892,-0.74484833,-1.05630626,-0.82985793,-0.75811946,-0.81377687,-0.20023638,-0.59658195,0.95127308,0.44577259,0.29862481,0.59869840,-1.27187752,0.77560060,0.13080470,0.17801267,0.22090355,0.95127308,1.01109233,0.99548830,1.19343652,0.44577259,0.71296867,1.25933358,0.29862481,0.88731499,0.59869840,1.14703306,1.72602772,1.58251528,1.39071315,1.04096424
664,0.06372604,0.03728779,0.04401106,0.05048939,0.08711648,-0.80975174,-0.76639723,-1.29270058,-0.76514827,-0.97842353,-0.85931914,-0.66647555,-0.82812396,-0.15826965,-0.58292401,0.92023781,0.44142935,0.31401334,0.56433713,-1.29592052,0.92125333,0.14224257,0.19103754,0.23817702,0.92023781,1.09571249,1.10757953,1.28098925,0.44142935,0.70301232,1.18857656,0.31401334,0.86552086,0.56433713,1.13187504,1.61322362,1.57364213,1.39373645,1.07764265
665,0.06895863,0.03986620,0.03658167,0.04852109,0.07140778,-0.73112707,-0.71818042,-1.11996381,-0.69646543,-0.84754504,-0.83097362,-0.55618048,-0.78423698,-0.12001540,-0.57371661,0.94389662,0.41938121,0.29586802,0.48437935,-1.29970094,0.92421358,0.15072971,0.21419808,0.26191652,0.94389662,1.16028524,1.18520602,1.32110898,0.41938121,0.64961244,1.05189319,0.29586802,0.77179053,0.48437935,1.04432249,1.47438586,1.51919385,1.36550733,1.12618092
666,0.05905332,0.02432830,0.03112229,0.03954954,0.06819396,-0.82071790,-0.83793384,-1.16987853,-0.96096759,-1.01927901,-1.08953450,-0.69096128,-1.06684751,-0.16503013,-0.76612912,0.80947500,0.34868919,0.32988728,0.60583595,-1.19392059,0.73010134,0.13568968,0.18000413,0.22541778,0.80947500,1.05665367,1.06272917,1.22158805,0.34868919,0.58011593,1.06899739,0.32988728,0.91366687,0.60583595,1.18435925,1.61267405,1.71345640,1.53765876,1.16640678
667,0.04695682,0.04688317,0.03576099,0.03609009,0.06028012,-0.82680544,-0.89299788,-1.16284202,-1.03361771,-0.99037765,-1.18572442,-0.64934490,-1.17206148,-0.13242932,-0.83458312,0.78828934,0.33077439,0.34165559,0.61752925,-1.17617858,0.85101366,0.13590572,0.18372469,0.22852817,0.78828934,0.99504266,1.00807266,1.19277665,0.33077439,0.58903316,1.08338344,0.34165559,0.92755083,0.61752925,1.22545573,1.65192472,1.73655966,1.56491521,1.18042936
668,0.04737768,0.03687042,0.03009983,0.03191267,0.05604420,-0.79078315,-0.95973993,-1.08504842,-1.17918448,-0.93557937,-1.32081469,-0.60899890,-1.24811334,-0.12465313,-0.87478115,0.77999278,0.30255985,0.33556437,0.61169243,-1.12734404,0.80567833,0.13808985,0.18757527,0.23292336,0.77999278,0.98957181,0.99581246,1.16320269,0.30255985,0.54092258,1.04088401,0.33556437,0.92635764,0.61169243,1.24970557,1.69893388,1.79939294,1.60865524,1.20956223
669,0.04201485,0.02736733,0.02472505,0.03096952,0.05184267,-0.77222334,-0.97472180,-1.04769764,-1.30668592,-0.87426544,-1.45885807,-0.55258704,-1.35176093,-0.07569554,-0.97587754,0.80502719,0.28804024,0.33948457,0.60788588,-1.07620696,0.79018981,0.13783802,0.18847230,0.23349760,0.80502719,0.98534966,0.97287188,1.13647809,0.28804024,0.53216921,1.04970786,0.33948457,0.93439292,0.60788588,1.24898156,1.76703819,1.85308657,1.64312179,1.25260728
670,0.07064825,0.02457727,0.02379496,0.02864937,0.04818645,-0.77355023,-0.90820151,-0.97752646,-1.49495733,-0.83735702,-1.63292407,-0.51517905,-1.48722613,-0.03975346,-1.05361642,0.93486552,0.26182399,0.35373820,0.64493182,-1.02511193,0.73602572,0.14072972,0.19259814,0.23853490,0.93486552,1.13522434,1.08598322,1.18974403,0.26182399,0.49731952,1.06089931,0.35373820,0.98724398,0.64493182,1.20300843,1.86708584,1.97001192,1.73358604,1.30569318
671,0.06514771,0.02210367,0.02456732,0.03047281,0.04705312,-0.75688351,-0.95021573,-0.90852895,-1.62826368,-0.75792610,-1.75842362,-0.46103859,-1.63217013,-0.00855784,-1.10948987,0.96107421,0.26302093,0.32343376,0.69231704,-0.99507694,0.75817087,0.14352731,0.19704161,0.24377343,0.96107421,1.16275310,1.13591235,1.17813739,0.26302093,0.48810115,1.06435287,0.32343376,0.99310820,0.69231704,1.22424079,1.93371073,2.03342655,1.83760955,1.33605057
672,0.05827753,0.02096268,0.02232276,0.02884435,0.04044502,-0.71441030,-1.00690150,-0.88345199,-1.71202602,-0.71050427,-1.85119642,-0.40672372,-1.70287894,0.01440362,-1.18616480,0.94578849,0.26835783,0.33856242,0.66716713,-0.92495032,0.73703679,0.14386364,0.19979790,0.24620307,0.94578849,1.13465997,1.08725095,1.10010846,0.26835783,0.50598992,1.05901655,0.33856242,0.98483591,0.66716713,1.24164587,1.98425641,2.07930807,1.86562436,1.36347706
673,0.06941168,0.02003134,0.01941358,0.02606252,0.03785178,-0.69085623,-0.99214912,-0.85512921,-1.71646874,-0.65738152,-1.91887406,-0.40021091,-1.71400782,0.00483543,-1.16761247,0.97320715,0.34067413,0.32904167,0.68015891,-0.94897222,0.74780571,0.15150058,0.21242563,0.26091584,0.97320715,1.23694738,1.13869335,1.09992114,0.34067413,0.49792259,1.04054171,0.32904167,1.00157543,0.68015891,1.21611106,1.98114695,2.14158176,1.89413909,1.36252294
674,0.07149912,0.02354562,0.02270391,0.02514859,0.03871826,-0.60447886,-0.88989000,-0.74927083,-1.55948956,-0.57436305,-1.76328507,-0.34054998,-1.54109532,-0.00053164,-1.05253252,0.99969485,0.36181209,0.32295065,0.59524430,-0.98990402,0.78398665,0.15704116,0.24011506,0.28690968,0.99969485,1.30598813,1.21127253,1.16555701,0.36181209,0.48400115,0.93961739,0.32295065,0.91357603,0.59524430,1.09227897,1.81213699,2.01236070,1.76831834,1.31866138
675,0.07107996,0.02547866,0.02232179,0.02555247,0.03694480,-0.58475945,-0.88758416,-0.72889915,-1.56582447,-0.56221670,-1.78022718,-0.32837306,-1.57998775,0.00854490,-1.07530953,0.98483241,0.36647092,0.30845448,0.60692718,-0.95043120,0.78479699,0.15759676,0.24420679,0.29064359,0.98483241,1.30044581,1.21470615,1.13770853,0.36647092,0.48056758,0.92112614,0.30845448,0.90704285,0.60692718,1.07956462,1.80099945,2.01433018,1.79044940,1.31880130
676,0.07479463,0.02443290,0.02627875,0.02837447,0.03770487,-0.57060974,-0.83298785,-0.68765776,-1.50990211,-0.53480112,-1.59210670,-0.28213105,-1.47458245,0.01135419,-1.05850540,1.01137773,0.33994391,0.28077269,0.50957590,-0.93110828,0.73975801,0.15720035,0.25516758,0.29970393,1.01137773,1.28370087,1.27962498,1.22026123,0.33994391,0.52191227,0.88667524,0.28077269,0.76368306,0.50957590,1.03946578,1.73145685,1.85500374,1.71157258,1.32778924
677,0.08463148,0.03638965,0.04447006,0.05532608,0.06193237,-0.47045779,-0.67606286,-0.59085358,-1.37528029,-0.46651114,-1.44526781,-0.20903625,-1.24185778,0.00995269,-0.85723474,1.08981234,0.38064367,0.32988564,0.44259592,-0.96448655,0.90742298,0.17593321,0.28542390,0.33528987,1.08981234,1.40866777,1.36473679,1.31789833,0.38064367,0.55969992,0.88247468,0.32988564,0.75758424,0.44259592,0.89018607,1.57484433,1.73668809,1.53427175,1.22574624
678,0.07989626,0.02791102,0.03346683,0.03902205,0.04447672,-0.50197119,-0.78945339,-0.61482281,-1.41575332,-0.48241933,-1.51907712,-0.24345625,-1.36603771,0.01541595,-0.99101806,1.01644269,0.35577170,0.28618012,0.45576766,-0.92424740,0.77387672,0.16431834,0.27315052,0.31876594,1.01644269,1.32530182,1.30628247,1.26348883,0.35577170,0.51320878,0.83355670,0.28618012,0.72630015,0.45576766,0.97922257,1.62348307,1.79101708,1.62932578,1.30289887
679,0.07911765,0.03120185,0.03905278,0.04744286,0.05196670,-0.48507404,-0.75606483,-0.57990408,-1.44840949,-0.45150301,-1.49475847,-0.21040977,-1.30530105,0.03183369,-0.94682188,1.06670987,0.36775430,0.30782985,0.43343998,-0.94182899,0.82203949,0.16565693,0.27732976,0.32303872,1.06670987,1.36505017,1.32544228,1.27383427,0.36775430,0.54122199,0.86207181,0.30782985,0.73065043,0.43343998,0.94784264,1.63941481,1.77542418,1.58390038,1.27015881
680,0.07880187,0.02723709,0.03280849,0.03562337,0.04415254,-0.48500419,-0.77009311,-0.60681455,-1.48897786,-0.47704203,-1.57349803,-0.21970006,-1.32744568,0.04173476,-0.91799201,1.08644727,0.29415759,0.35610341,0.48638242,-0.95291624,0.79038559,0.16180639,0.27654080,0.32039994,1.08644727,1.32652329,1.22843539,1.17359413,0.29415759,0.49174871,0.89490136,0.35610341,0.83613128,0.48638242,0.93946621,1.70671631,1.83844888,1.58039145,1.22179442
681,0.06669838,0.02483541,0.02270642,0.02585220,0.03374225,-0.57232109,-0.89199509,-0.69118283,-1.59679375,-0.56262272,-1.74506112,-0.27872861,-1.55471584,0.04493852,-1.06493548,0.98857295,0.27569196,0.34219763,0.58709810,-0.90562158,0.73646649,0.15251000,0.24890035,0.29190869,0.98857295,1.22319357,1.15020407,1.09424973,0.27569196,0.46480492,0.93076222,0.34219763,0.91203434,0.58709810,1.07221589,1.81610381,1.96762264,1.74023295,1.28864549
682,0.07977924,0.02805479,0.02927452,0.03108578,0.04557106,-0.52784984,-0.78443293,-0.65361852,-1.44755846,-0.47406909,-1.79827003,-0.24135814,-1.35571512,0.04717327,-0.89892520,1.01671126,0.47894823,0.50015344,0.54095403,-0.98655965,0.85672490,0.16138742,0.26741047,0.31233677,1.01671126,1.44816258,1.20424170,1.15382847,0.47894823,0.49613722,0.92009947,0.50015344,1.04020624,0.54095403,0.96508544,1.68641969,2.04029071,1.60638542,1.20447575
683,0.06136743,0.02274768,0.02215002,0.02431412,0.03674082,-0.62243418,-0.92042431,-0.76482251,-1.63041472,-0.57718018,-1.86783788,-0.31720902,-1.59190686,0.02513949,-1.04571127,0.97748276,0.36432307,0.37913680,0.64463404,-0.94454933,0.77842681,0.15417137,0.23671060,0.28249021,0.97748276,1.27995907,1.13611132,1.09072131,0.36432307,0.49488142,1.00543752,0.37913680,1.01919897,0.64463404,1.12016914,1.87295874,2.08246040,1.77656757,1.27364622
684,0.06084229,0.02443328,0.02193551,0.02516143,0.03387999,-0.66008340,-0.97565556,-0.79943798,-1.61424794,-0.62266620,-1.86235742,-0.33740601,-1.60972315,0.02531183,-1.09826347,0.90192028,0.36897153,0.38104795,0.62702543,-0.93590805,0.75127694,0.15516024,0.22667968,0.27469688,0.90192028,1.21489006,1.09268898,1.08469219,0.36897153,0.50665504,0.99531504,0.38104795,1.00185796,0.62702543,1.18447203,1.86880974,2.08665267,1.78959435,1.30682105
685,0.06018603,0.02687257,0.02285175,0.02765667,0.03733925,-0.65752705,-0.95634521,-0.80298717,-1.54845668,-0.62091209,-1.76617961,-0.34119206,-1.52781869,0.02555792,-1.02994306,0.89236111,0.35914097,0.36754181,0.61845055,-0.97296837,0.78051663,0.15408421,0.22802077,0.27520068,0.89236111,1.19034861,1.08501151,1.09808658,0.35914097,0.50972258,0.99868891,0.36754181,0.97989479,0.61845055,1.16594841,1.82588991,2.02046786,1.73782362,1.27129099
686,0.06823723,0.03033863,0.02436683,0.03094286,0.03905186,-0.68243859,-0.94247773,-0.81861162,-1.48752014,-0.62899494,-1.71342726,-0.34273787,-1.47397025,0.02864430,-0.99683123,0.88716020,0.37499851,0.37321869,0.60519355,-1.01109762,0.79493589,0.15374523,0.22767399,0.27472357,0.88716020,1.20013493,1.11652655,1.14464900,0.37499851,0.53075978,1.00109111,0.37321869,0.97289377,0.60519355,1.16983031,1.78978912,1.99194148,1.71211196,1.26288991
687,0.06557447,0.02644081,0.02537779,0.03296789,0.04186478,-0.73964645,-0.99372651,-0.86753685,-1.53621632,-0.67801877,-1.74539786,-0.36931063,-1.51043666,0.02804604,-1.01859415,0.87252664,0.35059160,0.38795363,0.63240981,-1.01027406,0.76925135,0.15470703,0.21521070,0.26504700,0.87252664,1.15839849,1.08558770,1.15913376,0.35059160,0.54077568,1.05296469,0.38795363,1.01335836,0.63240981,1.24369837,1.85123009,2.02411854,1.73489598,1.26974667
688,0.07278511,0.03012580,0.02751124,0.03629620,0.04765720,-0.74673043,-0.95464157,-0.90060472,-1.45308522,-0.69767508,-1.65582364,-0.37827885,-1.46101166,0.03635712,-0.99529617,0.84667388,0.34343847,0.37416901,0.62354986,-1.02065579,0.80892692,0.15680891,0.21039452,0.26240215,0.84667388,1.10740816,1.06530524,1.16461993,0.34343847,0.55756763,1.06074555,0.37416901,0.98748587,0.62354986,1.21768713,1.79564088,1.94253558,1.68273113,1.24289712
689,0.04405585,0.03677265,0.03153097,0.03812998,0.05376526,-0.79513388,-0.95530409,-0.95911555,-1.37143304,-0.76266352,-1.53593542,-0.43459484,-1.38135661,0.00545315,-0.94679779,0.76916522,0.30188864,0.36269960,0.61899682,-1.03946177,0.84367649,0.15465468,0.20354981,0.25563762,0.76916522,0.97724620,0.95924316,1.13614055,0.30188864,0.54686466,1.06922202,0.36269960,0.96825401,0.61899682,1.24576686,1.75897582,1.85267214,1.60665967,1.19062452
690,0.04402427,0.04034371,0.03700549,0.04766633,0.06166022,-0.79019914,-1.01230276,-1.03723803,-1.23914362,-0.83884804,-1.35067892,-0.48908734,-1.24531141,-0.00541973,-0.87103594,0.75619890,0.30561284,0.36546954,0.61158754,-1.12102133,0.92506526,0.15902894,0.19981971,0.25537839,0.75619890,0.94566905,0.97101270,1.20095731,0.30561284,0.58902245,1.11744115,0.36546954,0.96173092,0.61158754,1.28937254,1.71102826,1.76501811,1.54761544,1.17102357
691,0.04334489,0.04177305,0.04204092,0.04878302,0.06743705,-0.80699298,-1.02039512,-1.12050798,-1.14282443,-0.92365944,-1.27676072,-0.57395346,-1.20239873,-0.05981670,-0.85084099,0.77602342,0.31455504,0.35752905,0.62295147,-1.13230614,0.84433869,0.15422607,0.19262905,0.24676230,0.77602342,0.94762787,0.95023168,1.19330081,0.31455504,0.58635545,1.12107465,0.35752905,0.96318889,0.62295147,1.30658051,1.70165211,1.75987776,1.54478386,1.16501422
692,0.04269380,0.04530623,0.04799608,0.05022204,0.07515428,-0.88634925,-0.94432546,-1.16068250,-1.05069163,-0.92774645,-1.15205971,-0.56353873,-1.12469993,-0.05595651,-0.77503326,0.79474355,0.33274918,0.36530423,0.61650772,-1.18563005,0.84624734,0.15283385,0.19276355,0.24599994,0.79474355,0.97643573,1.01572170,1.27999423,0.33274918,0.63656601,1.15984545,0.36530423,0.94984395,0.61650772,1.30078377,1.68285427,1.69713469,1.50431466,1.14291791
693,0.04232286,0.03028701,0.05203883,0.05709943,0.08805516,-0.88918654,-0.99633979,-1.22564597,-1.00711020,-0.97355266,-1.11822172,-0.64082527,-1.08980679,-0.08626743,-0.73425257,0.80253928,0.36025659,0.33396496,0.65884283,-1.22152669,0.76135782,0.14637622,0.18078827,0.23261641,0.80253928,0.97203169,0.99258907,1.28425723,0.36025659,0.63309395,1.19570779,0.33396496,0.96682644,0.65884283,1.33848299,1.70983894,1.71912777,1.53238813,1.14699267
694,0.04601738,0.03275109,0.04767418,0.05216140,0.08945028,-0.82376791,-0.84615125,-1.28017850,-0.90781961,-0.94727034,-0.94340458,-0.60168162,-0.88999791,-0.07083934,-0.60438597,0.91594949,0.40241363,0.35158937,0.60343109,-1.24127208,0.69631211,0.13929095,0.19584712,0.24032908,0.91594949,1.02709394,1.00435072,1.23676544,0.40241363,0.70395882,1.25694468,0.35158937,0.94189759,0.60343109,1.18299875,1.72733568,1.63709145,1.40685307,1.07053799
695,0.04067964,0.04294053,0.06146397,0.07091466,0.10557421,-0.94257491,-0.76590149,-1.45884487,-0.84671919,-1.05594883,-0.91606212,-0.64529627,-0.87048065,-0.04769000,-0.63474908,0.88730302,0.43185526,0.41767403,0.64392153,-1.20623641,0.72946087,0.14329599,0.17361289,0.22511147,0.88730302,0.87669350,0.85529589,1.23372435,0.43185526,0.81762616,1.43218966,0.41767403,1.04690889,0.64392153,1.21879978,1.79538798,1.58839302,1.28625480,0.97383262
696,0.04398202,0.05129414,0.07871125,0.08432943,0.12599818,-0.87940574,-0.57013175,-1.40545589,-0.78699233,-1.12793929,-0.79303635,-0.68192121,-0.71269888,-0.05301626,-0.53957043,0.90467848,0.32207118,0.45675383,0.65238486,-1.13048699,0.55182527,0.13618401,0.17940494,0.22523813,0.90467848,0.92875019,0.84560884,1.16480270,0.32207118,0.73508480,1.37985260,0.45675383,1.10537497,0.65238486,1.05342569,1.71787991,1.57458274,1.21153565,0.89652170
697,0.03473557,0.02158479,0.04852201,0.07637159,0.12178801,-1.03981895,-0.58348012,-1.32658918,-0.72336842,-1.11322734,-0.74187968,-0.76698550,-0.70991178,-0.14560271,-0.53813733,0.74012938,0.26991084,0.34833438,0.64502338,-1.09235832,0.15515240,0.13196381,0.16549065,0.21166389,0.74012938,0.85021295,0.86525637,1.22232868,0.26991084,0.57786687,1.20666095,0.34833438,0.98884193,0.64502338,1.19530975,1.61978153,1.53263799,1.27315421,0.93280966
698,0.09430772,0.04643313,0.04844864,0.04681601,0.07501976,-0.75434943,-0.38345063,-1.19888896,-0.40057652,-1.00459285,-0.37294921,-0.58482037,-0.29824221,-0.08611404,-0.24453188,1.01617817,0.35703771,0.42641072,0.50305138,-1.44537751,0.88969424,0.14866869,0.21305505,0.25979768,1.01617817,1.23750007,1.22072154,1.35242865,0.35703771,0.68772764,1.15200165,0.42641072,0.92847091,0.50305138,0.86429658,1.46358261,1.49051254,1.22142976,1.02502733
699,0.10203997,0.05267807,0.05118728,0.05635925,0.08394751,-0.73829261,-0.36627153,-1.08094845,-0.34466905,-0.90651954,-0.26829812,-0.54076137,-0.26378007,-0.08345136,-0.21074710,1.09292850,0.40426468,0.36804048,0.46068893,-1.44284334,0.69256662,0.15563355,0.22798090,0.27603821,1.09292850,1.40773740,1.45203934,1.56951397,0.40426468,0.67541159,1.07589256,0.36804048,0.82541705,0.46068893,0.87433053,1.35767067,1.45216600,1.29164595,1.14853409
700,0.05790719,0.04380802,0.07780130,0.09783191,0.14970517,-0.87012173,-0.47962394,-1.44604833,-0.39280845,-0.97809841,-0.43976967,-0.59829192,-0.46992732,-0.05594545,-0.35520636,0.93573293,0.51323082,0.38260445,0.55442382,-1.33064886,0.76146859,0.13958369,0.17996431,0.22775153,0.93573293,0.94489078,0.94295552,1.21530317,0.51323082,0.86816420,1.39993169,0.38260445,0.92707693,0.55442382,0.99834558,1.62732207,1.36233393,1.10774895,0.87341106
701,0.05344808,0.10359266,0.09698980,0.07965759,0.10043851,-1.08431223,-0.74568896,-1.31221584,-0.71752432,-1.04047409,-0.75510521,-0.64081406,-0.84142425,-0.06449052,-0.68759463,0.62392239,0.31439260,0.41492269,0.59861435,-1.18277477,0.61025174,0.12842598,0.14885582,0.19659931,0.62392239,0.73507446,0.92343565,1.33179340,0.31439260,0.71859573,1.27789871,0.41492269,0.98575144,0.59861435,1.32286190,1.56046202,1.41824709,1.25172396,0.99747227
702,0.04892202,0.03857612,0.07981146,0.06694913,0.07524876,-0.97137677,-0.83269831,-1.20474196,-0.88445478,-1.05467872,-0.92763965,-0.66253739,-1.03771289,-0.10530758,-0.75672851,0.70407107,0.31246867,0.42037632,0.62417869,-1.34109743,0.99822074,0.10839075,0.14040983,0.17737946,0.70407107,0.94141610,1.10121610,1.36233079,0.31246867,0.67666228,1.17240439,0.42037632,0.97157644,0.62417869,1.28865942,1.57863552,1.60615005,1.51511988,1.17672483
703,0.04311018,0.04633669,0.06045916,0.06743836,0.06893539,-0.82611647,-1.00085043,-1.07057728,-1.01701234,-0.90628515,-1.17976079,-0.61294332,-1.17574339,-0.13174096,-0.82358415,0.71836170,0.26002679,0.29560045,0.59701170,-1.33069676,1.10153554,0.05487799,0.11753562,0.12971590,0.71836170,0.81802456,0.87501480,1.07498737,0.26002679,0.50861868,0.96679656,0.29560045,0.85254358,0.59701170,1.29971005,1.59540627,1.65403305,1.52788610,1.10840617
704,0.04658175,0.06410435,0.06826657,0.06538752,0.08824804,-0.95504312,-0.63957160,-1.23386887,-0.79933975,-0.99024007,-1.01451192,-0.57646614,-1.05696701,-0.05279424,-0.81656369,0.79229145,0.35842352,0.41622543,0.57635420,-1.10076031,0.31739911,0.09013389,0.11792581,0.14842714,0.79229145,0.95281384,1.05379640,1.28875197,0.35842352,0.72539647,1.19466491,0.41622543,0.95852073,0.57635420,1.15685358,1.58533910,1.60117186,1.42350064,1.12502720
705,0.04433366,0.08857818,0.06836041,0.07498446,0.09159773,-1.03551714,-0.79516841,-1.22427486,-0.84035371,-0.93548484,-1.02444542,-0.57035570,-1.03358672,-0.08517869,-0.85496722,0.74518309,0.36250448,0.36536171,0.51716799,-1.06224643,0.24466199,0.09115903,0.11001162,0.14287241,0.74518309,0.87481744,0.99579790,1.28327296,0.36250448,0.69380384,1.14785944,0.36536171,0.86731001,0.51716799,1.30952062,1.60847911,1.57092936,1.39663449,1.14643359
706,0.03685511,0.06560557,0.05217193,0.07523645,0.09106467,-1.03499906,-0.79800699,-1.18644646,-0.85471995,-0.89897034,-0.98183452,-0.53342060,-1.01942392,-0.06343960,-0.83268838,0.72133643,0.33286820,0.36748040,0.50571977,-1.03210169,0.09985065,0.08541135,0.10494326,0.13530775,0.72133643,0.84409031,0.97895471,1.26576739,0.33286820,0.68208720,1.12836529,0.36748040,0.84874022,0.50571977,1.30850241,1.59563422,1.52706077,1.37159700,1.11993619
707,0.03664583,0.04851921,0.05179734,0.07036230,0.09833544,-0.98605593,-0.89431389,-1.13089611,-0.88930563,-0.85899542,-0.91669578,-0.47178822,-0.95096907,-0.03446358,-0.79939487,0.73493544,0.30893509,0.38920978,0.46305259,-1.08620317,0.12395075,0.08016729,0.10173209,0.12952302,0.73493544,0.87416305,0.99088900,1.26712362,0.30893509,0.67360791,1.10567834,0.38920978,0.83349881,0.46305259,1.33190772,1.59009481,1.50090906,1.33033928,1.12302046
708,0.03789031,0.04438930,0.04775380,0.07429414,0.08632997,-1.27999019,-1.05671639,-1.21730669,-1.10029322,-0.85025630,-1.18998575,-0.47034345,-1.23534699,0.03506957,-1.02508933,0.66903814,0.38329894,0.38281267,0.54879393,-0.96874378,0.17157009,0.07921588,0.08437584,0.11573434,0.66903814,0.85672177,1.11230989,1.52957481,0.38329894,0.76295089,1.25996997,0.38281267,0.90202016,0.54879393,1.66061310,1.75184009,1.61202953,1.49128467,1.25860749
709,0.02612967,0.03978624,0.05185294,0.07643750,0.08439597,-1.35741101,-1.39174186,-0.95768889,-1.45481118,-0.69081469,-1.54570083,-0.43958333,-1.58758951,0.04538337,-1.28897645,0.83374950,0.30199283,0.25581259,0.56960727,-1.07620508,0.14610528,0.06991553,0.07516484,0.10265444,0.83374950,1.08118716,1.24190593,1.62956457,0.30199283,0.54146842,1.02101474,0.25581259,0.77980828,0.56960727,1.94410123,1.88642484,1.88678102,1.83522918,1.52753060
710,0.03662896,0.03334301,0.04658381,0.08317812,0.08762302,-1.12493409,-1.25554323,-0.97826305,-1.38240157,-0.69458804,-1.54242096,-0.30095241,-1.48352258,0.10666022,-1.21852617,0.66549607,0.33472921,0.40525760,0.48635256,-0.96660874,0.15898727,0.08042598,0.07858787,0.11244728,0.66549607,0.88152466,1.06651164,1.39334175,0.33472921,0.68481831,1.09731838,0.40525760,0.86655353,0.48635256,1.68582087,1.81321808,1.84045897,1.64693893,1.39073711
711,0.05971974,0.03141857,0.05128485,0.08513783,0.08584315,-0.99448165,-1.04604049,-0.84805892,-1.24951330,-0.57281308,-1.41383214,-0.24733004,-1.34713314,0.14921445,-1.09724648,0.73248039,0.32247984,0.33875519,0.46877583,-0.99861206,0.35731672,0.08310306,0.08690435,0.12024344,0.73248039,0.91450244,1.03966089,1.31626382,0.32247984,0.60939690,1.00957348,0.33875519,0.79183348,0.46877583,1.44446831,1.68418319,1.71365232,1.54488995,1.31375666
712,0.04567797,0.03876705,0.05179551,0.08509351,0.07724243,-1.13805763,-1.13045599,-0.93689078,-1.30883505,-0.62454470,-1.47641104,-0.28290771,-1.42238888,0.12703902,-1.16763855,0.72146662,0.35496171,0.34975451,0.48341503,-0.91192090,0.25714441,0.07894265,0.07687782,0.11019139,0.72146662,0.89816384,1.08396405,1.41193017,0.35496171,0.66753056,1.07414512,0.34975451,0.81291591,0.48341503,1.60488554,1.76330105,1.74969923,1.58894270,1.35535769
713,0.04624981,0.03611027,0.05083701,0.08188457,0.07313408,-0.95358423,-1.11592858,-0.94898420,-1.23842199,-0.65698614,-1.42391302,-0.33008980,-1.36349600,0.06210436,-1.10540723,0.67722658,0.34611126,0.33518347,0.46950486,-0.93300169,0.28082151,0.07901265,0.08268801,0.11436916,0.67722658,0.80083991,0.92323011,1.19908846,0.34611126,0.63220419,1.02020698,0.33518347,0.78748263,0.46950486,1.46916384,1.72164312,1.73356177,1.56609634,1.30938349
714,0.03723237,0.03403276,0.05055721,0.08233686,0.07789257,-1.00906326,-1.09020240,-0.97345797,-1.25473561,-0.67517907,-1.44094006,-0.32490481,-1.37466745,0.06864462,-1.09511891,0.68662252,0.35398457,0.36048321,0.48286400,-0.93396696,0.27304402,0.07684330,0.08058407,0.11134938,0.68662252,0.85647893,0.98757534,1.26600034,0.35398457,0.65967202,1.05425671,0.36048321,0.82136651,0.48286400,1.48610535,1.73858907,1.75848078,1.57420310,1.30489801
715,0.04895290,0.03395785,0.05322845,0.07932465,0.07469734,-0.93775314,-1.15193174,-0.88220881,-1.34462369,-0.57740166,-1.53128684,-0.26523857,-1.45038440,0.12187664,-1.17076051,0.71171486,0.35779360,0.32510678,0.47761903,-0.95192810,0.37253975,0.07817081,0.08317655,0.11414470,0.71171486,0.87327853,0.98701132,1.25190530,0.35779360,0.62646721,1.01916010,0.32510678,0.78742839,0.47761903,1.48549305,1.75469989,1.78718997,1.62240612,1.36211169
716,0.04687928,0.03410142,0.04487635,0.07152636,0.06805528,-0.98469958,-1.13528245,-0.91259919,-1.26092068,-0.57148464,-1.50512919,-0.24688710,-1.40178883,0.12200669,-1.13047835,0.70531484,0.42034013,0.34269310,0.45794865,-0.95770743,0.35429767,0.07875641,0.08259373,0.11412404,0.70531484,0.90605894,1.03762201,1.30111496,0.42034013,0.68054385,1.04281443,0.34269310,0.78888585,0.45794865,1.50364770,1.72340678,1.78294903,1.59906757,1.35322797
717,0.04479934,0.03597642,0.04822014,0.07279566,0.06819894,-0.96981544,-1.17796602,-0.91929087,-1.27364829,-0.60558789,-1.49462992,-0.26770233,-1.39687189,0.10390786,-1.14052881,0.70311105,0.38420252,0.35501988,0.45144963,-0.98602798,0.31198802,0.07788830,0.08195133,0.11306020,0.70311105,0.86177722,0.99207153,1.26347701,0.38420252,0.66376764,1.03225319,0.35501988,0.79446689,0.45144963,1.52773419,1.74980368,1.79588151,1.60427729,1.36419170
718,0.03992417,0.03900431,0.04963939,0.07259335,0.06873995,-0.99545984,-1.16644190,-0.91441400,-1.31883487,-0.60426015,-1.52880855,-0.28460408,-1.44196092,0.08900246,-1.15801189,0.72191576,0.37466902,0.33163532,0.46928132,-0.98067294,0.31912616,0.07719100,0.08235755,0.11287700,0.72191576,0.88842257,1.03128140,1.28997188,0.37466902,0.64176528,1.01622575,0.33163532,0.78628850,0.46928132,1.53391537,1.76637970,1.80590537,1.64174716,1.37472754
719,0.03546263,0.03593019,0.04816949,0.06854303,0.06381782,-0.93379885,-1.19109664,-0.91740380,-1.36860413,-0.60051406,-1.54572234,-0.26429564,-1.45572303,0.11501173,-1.21644485,0.71583064,0.36783151,0.34934361,0.44886872,-0.96451029,0.40154136,0.07771952,0.08513132,0.11527213,0.71583064,0.89617609,1.01997334,1.26327246,0.36783151,0.65954302,1.04362021,0.34934361,0.78916631,0.44886872,1.51357179,1.79319574,1.82704280,1.65291207,1.41728121
720,0.06081851,0.04088318,0.04474707,0.06584847,0.05962513,-0.96482237,-1.22847776,-0.81380950,-1.51689622,-0.54267782,-1.63233227,-0.22510218,-1.49599808,0.16015717,-1.24176534,0.75992748,0.30138632,0.34672431,0.46181570,-0.94323967,0.49006995,0.08301408,0.08575844,0.11935597,0.75992748,0.95058457,1.06772935,1.32894871,0.30138632,0.59013771,1.01229263,0.34672431,0.80518772,0.46181570,1.56212962,1.84800140,1.87078476,1.67012013,1.43098970
721,0.05416794,0.03680062,0.03922539,0.05706434,0.05835193,-0.92474472,-1.31586422,-0.78352162,-1.61394496,-0.53400463,-1.72265457,-0.21445970,-1.56386301,0.17046247,-1.23409505,0.69865311,0.27445552,0.35685323,0.50711669,-0.80335806,0.43491492,0.08280745,0.08652930,0.11976808,0.69865311,0.86154730,0.99801573,1.28740263,0.27445552,0.57265145,1.02834398,0.35685323,0.85754587,0.50711669,1.60863938,1.88648763,1.90664279,1.69701826,1.40015243
722,0.05643346,0.03440495,0.03733509,0.05028714,0.05523808,-0.88419997,-1.27215496,-0.75032451,-1.66667133,-0.50252277,-1.76903130,-0.19305920,-1.60503879,0.14599660,-1.26058540,0.69351217,0.27824047,0.35023905,0.48372798,-0.72435697,0.38505194,0.08288104,0.09159471,0.12352675,0.69351217,0.88768477,0.99035191,1.21603414,0.27824047,0.56525664,0.98827123,0.35023905,0.82425067,0.48372798,1.54944693,1.90306505,1.93578570,1.72502087,1.41304498
723,0.05257212,0.03050068,0.03110028,0.04546323,0.05172970,-0.85431726,-1.26263525,-0.70595042,-1.72437707,-0.45932707,-1.81825710,-0.18333180,-1.64202009,0.14642950,-1.26762353,0.71092592,0.27375495,0.32803938,0.49891451,-0.69511224,0.36528404,0.08462741,0.09654736,0.12838688,0.71092592,0.90330377,0.96059530,1.15361609,0.27375495,0.53175818,0.96855400,0.32803938,0.81883530,0.49891451,1.52451316,1.93286240,1.96502550,1.74691675,1.39674743
724,0.05286666,0.02800158,0.03075764,0.04067792,0.04395907,-0.78928703,-1.28343149,-0.65142319,-1.78674348,-0.42089682,-1.90914390,-0.15213991,-1.73714091,0.16368970,-1.31487341,0.72066952,0.27356445,0.32083171,0.52751426,-0.64093336,0.37603273,0.08704733,0.10079091,0.13317675,0.72066952,0.92866723,0.95363018,1.09134798,0.27356445,0.50408007,0.94245418,0.32083171,0.83498845,0.52751426,1.50673378,1.96347523,2.03645387,1.82454245,1.42421094
725,0.04347872,0.03071648,0.02988416,0.03864979,0.04584326,-0.68785048,-1.26763805,-0.58025279,-1.76337398,-0.36291465,-1.87645920,-0.12142361,-1.70468531,0.17577749,-1.28998517,0.72533895,0.25510654,0.29742977,0.51026555,-0.64401065,0.42886916,0.08901019,0.10824901,0.14014515,0.72533895,0.90763971,0.91116303,1.02742542,0.25510654,0.46482887,0.89280281,0.29742977,0.79703162,0.51026555,1.44242157,1.92132964,1.99339415,1.79261982,1.40677228
726,0.04965427,0.02596362,0.02919008,0.03867142,0.04078567,-0.69325773,-1.23982979,-0.56855088,-1.80488515,-0.36088304,-1.92530280,-0.12670103,-1.72213499,0.16193062,-1.29330593,0.76526923,0.25176006,0.31135332,0.51736266,-0.64373508,0.41804557,0.08877672,0.11167872,0.14266549,0.76526923,0.95545542,0.92406651,1.00569241,0.25176006,0.45200238,0.89217574,0.31135332,0.82174843,0.51736266,1.42048750,1.95765117,2.04216265,1.81187909,1.40600500
727,0.05109979,0.02532902,0.02668865,0.03581424,0.03829495,-0.67455380,-1.21748632,-0.54335249,-1.83071891,-0.33774205,-1.95685766,-0.10538659,-1.75149096,0.16905181,-1.31603013,0.79989256,0.24999771,0.31152813,0.51514393,-0.63413688,0.40883477,0.09017266,0.11395969,0.14532006,0.79989256,0.98802764,0.94479038,0.99157849,0.24999771,0.44652105,0.87900755,0.31152813,0.81856632,0.51514393,1.39188569,1.97494210,2.06578056,1.83573527,1.42465693
728,0.05426920,0.02259423,0.02410976,0.03369792,0.03662574,-0.62995043,-1.14391696,-0.50982192,-1.75952629,-0.32516264,-1.94861087,-0.09172366,-1.68902500,0.16241398,-1.26105886,0.80039109,0.28370463,0.35184456,0.49991183,-0.63699936,0.38339014,0.09054775,0.12114063,0.15124136,0.80039109,1.04921007,0.94689169,0.94954891,0.28370463,0.42813575,0.83697903,0.35184456,0.84771725,0.49991183,1.30601905,1.89369658,2.05977151,1.77537132,1.36356107
729,0.05809592,0.01996854,0.02096554,0.02870797,0.03311204,-0.60807469,-1.12728370,-0.48254128,-1.78979306,-0.28834060,-1.94343219,-0.08087837,-1.69662440,0.16416842,-1.22850342,0.82824713,0.26301550,0.32295666,0.52957306,-0.64344821,0.44060267,0.09164337,0.12494603,0.15495167,0.82824713,1.04535762,0.95166941,0.93397152,0.26301550,0.41823274,0.85701234,0.32295666,0.84783184,0.52957306,1.28085312,1.91312514,2.04344098,1.78328203,1.33934901
730,0.04634435,0.02080249,0.02434954,0.03243808,0.03655004,-0.58871683,-1.12537362,-0.47152239,-1.75113187,-0.27847226,-1.86474524,-0.07977900,-1.66269747,0.16075062,-1.22446700,0.80722609,0.24107752,0.28417071,0.50034109,-0.61799486,0.46696859,0.09304787,0.12732908,0.15770416,0.80722609,0.99278765,0.93060993,0.93089893,0.24107752,0.40729891,0.82422335,0.28417071,0.77759616,0.50034109,1.27047386,1.87189238,1.96484826,1.74748557,1.33643219
731,0.05369116,0.01995298,0.02152546,0.02928545,0.03176794,-0.59083446,-1.12241651,-0.46434945,-1.77239291,-0.28277853,-1.90980310,-0.09064139,-1.69368498,0.15449190,-1.24349413,0.78923014,0.24067061,0.28969965,0.51361903,-0.56296202,0.40660223,0.09159819,0.12769370,0.15714932,0.78923014,0.98605058,0.90367229,0.88298207,0.24067061,0.38667605,0.81455332,0.28969965,0.79852367,0.51361903,1.26851492,1.87849149,1.99241197,1.76135297,1.32894653
732,0.05783947,0.01969886,0.02113414,0.02757847,0.03125429,-0.58243804,-1.12082221,-0.45411973,-1.78993386,-0.26904083,-1.93161177,-0.08873307,-1.71795745,0.15206974,-1.23694844,0.81849610,0.24559331,0.27976249,0.53856501,-0.57811329,0.43880126,0.09128770,0.12982460,0.15870687,0.81849610,1.01860503,0.93345887,0.89287903,0.24559331,0.37838706,0.82152743,0.27976249,0.81316937,0.53856501,1.26336551,1.89577134,2.01487607,1.79026741,1.33172757
733,0.05021133,0.01890119,0.02044022,0.02618050,0.03160963,-0.56080102,-1.12347197,-0.44903247,-1.77341233,-0.27485908,-1.90498815,-0.08409049,-1.70326987,0.16076801,-1.21623493,0.78059499,0.23217599,0.27780379,0.54522948,-0.55711252,0.45985269,0.09160361,0.13076235,0.15965592,0.78059499,0.96916038,0.90541844,0.88023798,0.23217599,0.38205948,0.82968199,0.27780379,0.81495607,0.54522948,1.25590077,1.87114416,1.98180216,1.77210739,1.31413678
734,0.04968822,0.01842606,0.02101768,0.02643392,0.03196105,-0.54837204,-1.10975703,-0.45452793,-1.74628188,-0.29681777,-1.89027707,-0.10763577,-1.69348333,0.13610720,-1.20135346,0.77228674,0.22779697,0.27321756,0.54936893,-0.55233311,0.44329443,0.09169482,0.13321441,0.16172205,0.77228674,0.96382319,0.89617951,0.85467791,0.22779697,0.36241658,0.80723941,0.27321756,0.81366330,0.54936893,1.23853961,1.84525222,1.96915305,1.76253578,1.29438633
735,0.05755887,0.01647950,0.01885726,0.02382150,0.02882343,-0.54632804,-1.11545375,-0.48400782,-1.75096809,-0.32498467,-1.89047910,-0.14312450,-1.67940887,0.12071323,-1.18699147,0.76025326,0.22473935,0.27939873,0.55871068,-0.52566447,0.43987063,0.09005135,0.13299909,0.16061757,0.76025326,0.94246490,0.86030822,0.83724400,0.22473935,0.36152539,0.83160095,0.27939873,0.83288466,0.55871068,1.24313523,1.85212885,1.96729986,1.74653974,1.27487515
736,0.05437389,0.01820381,0.02065239,0.02509704,0.02762263,-0.56030297,-1.13994211,-0.50483539,-1.77997653,-0.34956963,-1.93262855,-0.15395659,-1.72747755,0.10741942,-1.25402614,0.77443968,0.23412064,0.28374007,0.54112528,-0.55312869,0.40914869,0.08966630,0.13332542,0.16067269,0.77443968,0.97036945,0.89012592,0.84944244,0.23412064,0.36822249,0.81110286,0.28374007,0.81815406,0.54112528,1.27119468,1.88924493,2.01903221,1.79972566,1.34081660
737,0.05935220,0.02080158,0.02136618,0.02507983,0.02478392,-0.57253893,-1.17581883,-0.52933177,-1.80412104,-0.36084890,-1.95650208,-0.16476757,-1.74984783,0.10576505,-1.28736965,0.76178172,0.23948971,0.28510052,0.53616391,-0.55051628,0.40588980,0.08940726,0.13268388,0.15999584,0.76178172,0.95325740,0.87279369,0.84755412,0.23948971,0.37874600,0.82152128,0.28510052,0.81580693,0.53616391,1.30924093,1.91570335,2.03824108,1.81537916,1.36281505
738,0.06034302,0.02172863,0.02175760,0.02609932,0.02556192,-0.58050497,-1.14610802,-0.53491709,-1.77830683,-0.36833091,-1.94852522,-0.17700216,-1.73508056,0.08939182,-1.29494600,0.76896469,0.24804005,0.28664621,0.51481053,-0.54500414,0.36971997,0.08805554,0.13408204,0.16041126,0.76896469,0.97137108,0.87379047,0.84043615,0.24804005,0.36694993,0.79112679,0.28664621,0.79815675,0.51481053,1.28667352,1.89251175,2.02998740,1.79708706,1.36264426
739,0.06470061,0.02192709,0.02145279,0.02577985,0.02653400,-0.56461629,-1.11516319,-0.51302706,-1.73326559,-0.34691900,-1.89025440,-0.16759931,-1.67502555,0.09669899,-1.23300088,0.76199232,0.23793571,0.28021400,0.51610694,-0.54225249,0.36716691,0.08823981,0.13814294,0.16391991,0.76199232,0.95237385,0.85056516,0.81915361,0.23793571,0.35536358,0.78912384,0.28021400,0.79396235,0.51610694,1.25133282,1.84790629,1.97381056,1.74086199,1.30299042
740,0.06389195,0.02115111,0.02098791,0.02449526,0.02511232,-0.57086995,-1.13398975,-0.50463879,-1.73358984,-0.34545112,-1.89097503,-0.15673798,-1.70200802,0.09973867,-1.25971972,0.72395895,0.22945622,0.26715706,0.51195495,-0.49667735,0.32547284,0.08822850,0.13641422,0.16245956,0.72395895,0.90935657,0.83114939,0.79964901,0.22945622,0.35199246,0.76818370,0.26715706,0.77318028,0.51195495,1.27058627,1.83908426,1.96344995,1.75377002,1.31570705
741,0.06399717,0.02098537,0.02104970,0.02451480,0.02696562,-0.55864568,-1.11623718,-0.49040948,-1.72631098,-0.32829791,-1.87516534,-0.14746635,-1.67227340,0.10856254,-1.22396036,0.73634562,0.22620441,0.27200295,0.51657368,-0.50913442,0.36929620,0.08915400,0.13851558,0.16472705,0.73634562,0.91630791,0.82394296,0.80116932,0.22620441,0.34962020,0.78209983,0.27200295,0.78468889,0.51657368,1.24865994,1.83312542,1.95077300,1.72930800,1.29141537
742,0.06063157,0.01981025,0.02013780,0.02332561,0.02398684,-0.57739882,-1.15681412,-0.50372774,-1.74802799,-0.34572811,-1.91732242,-0.15661088,-1.71334937,0.10448158,-1.26783462,0.71456151,0.23651023,0.27818361,0.51670883,-0.49032057,0.34172366,0.08697888,0.13457855,0.16023955,0.71456151,0.90991050,0.82838390,0.81282963,0.23651023,0.35270848,0.77565672,0.27818361,0.79039787,0.51670883,1.29393766,1.85119003,1.98708428,1.76523834,1.32671219
743,0.05947153,0.01942720,0.02080316,0.02538889,0.02639491,-0.58485543,-1.15376725,-0.49834845,-1.75451588,-0.34059565,-1.91834498,-0.15034741,-1.72089938,0.11518986,-1.28705319,0.72552606,0.23293259,0.27419713,0.50894841,-0.49444469,0.34248134,0.08817719,0.13238949,0.15906663,0.72552606,0.91911928,0.84201840,0.83147613,0.23293259,0.35291418,0.77194902,0.27419713,0.77887535,0.50894841,1.29417521,1.85849354,1.99043036,1.77427733,1.34911092
744,0.06735340,0.01840338,0.02048849,0.02670970,0.03003775,-0.59471011,-1.15419416,-0.51722510,-1.77825898,-0.35423109,-1.92148010,-0.15217492,-1.74938973,0.12132190,-1.29977408,0.74355999,0.22501153,0.26540895,0.52630414,-0.51687451,0.39954202,0.08855141,0.12940863,0.15680544,0.74355999,0.92456194,0.87101816,0.86509230,0.22501153,0.37106318,0.80068388,0.26540895,0.78276111,0.52630414,1.29879210,1.88755467,1.99943431,1.80665214,1.37481053
745,0.06250566,0.01770104,0.02052092,0.02715621,0.03178064,-0.62589840,-1.19536253,-0.56560304,-1.77143422,-0.39802873,-1.90428502,-0.17086370,-1.70535194,0.12352877,-1.24936090,0.71300096,0.23071260,0.30197678,0.54284532,-0.56473091,0.41477018,0.08874210,0.12468288,0.15303915,0.71300096,0.89826231,0.84623051,0.90712353,0.23071260,0.40878374,0.86948999,0.30197678,0.83724688,0.54284532,1.34944266,1.90143293,2.00462697,1.77986801,1.34747108
746,0.06081489,0.01737772,0.02190995,0.03012946,0.03581600,-0.67668383,-1.26446357,-0.62656194,-1.78476010,-0.44743675,-1.87747000,-0.19205199,-1.72498465,0.12593870,-1.29261357,0.67769197,0.21699467,0.29748313,0.53704701,-0.59307124,0.40974893,0.08758638,0.11727295,0.14637048,0.67769197,0.83055780,0.83878208,0.95973592,0.21699467,0.44500811,0.90405971,0.29748313,0.81915494,0.53704701,1.43418960,1.93759214,1.99374713,1.80488579,1.39675528
747,0.05798464,0.01884445,0.02290135,0.03081157,0.03773122,-0.71838907,-1.29874576,-0.67922556,-1.78156740,-0.48978066,-1.86749243,-0.21736775,-1.74526899,0.12255423,-1.28348039,0.65028526,0.21895636,0.29874004,0.57401668,-0.60536382,0.41880328,0.08760701,0.11216837,0.14232615,0.65028526,0.79241159,0.84418026,0.99871931,0.21895636,0.46984306,0.94968525,0.29874004,0.84696287,0.57401668,1.48425820,1.95230873,1.99138796,1.82789477,1.39189390
748,0.06212072,0.02254389,0.02506746,0.03490932,0.03747382,-0.78053146,-1.32537772,-0.72567393,-1.76970443,-0.54965464,-1.84900241,-0.27336763,-1.71987367,0.10112396,-1.29028791,0.64924667,0.20479004,0.30506758,0.57022763,-0.66283948,0.41281063,0.08575186,0.10761506,0.13760227,0.64924667,0.78580595,0.84324932,1.04795169,0.20479004,0.46133021,0.96046591,0.30506758,0.85813528,0.57022763,1.53814865,1.96805048,2.00092226,1.82306763,1.40965109
749,0.05525463,0.02483000,0.02695796,0.03812998,0.03808914,-0.78236629,-1.35956715,-0.79898637,-1.64372158,-0.61282877,-1.79868845,-0.30541122,-1.67419731,0.09193084,-1.30853743,0.59178467,0.25518418,0.33194934,0.54017752,-0.71398921,0.40612454,0.08490384,0.10318155,0.13362296,0.59178467,0.76193415,0.83786309,1.07714452,0.25518418,0.50336531,0.95801930,0.33194934,0.85890342,0.54017752,1.56880225,1.89318729,1.98508943,1.80050982,1.44337712
750,0.03772303,0.02610106,0.03148750,0.04224691,0.04220793,-0.74716139,-1.50283742,-0.86113422,-1.54081407,-0.64693978,-1.71798337,-0.31044345,-1.65127231,0.09566312,-1.28208138,0.59943718,0.29538643,0.34374101,0.54937503,-0.84863349,0.51431351,0.08788518,0.10179358,0.13448322,0.59943718,0.72703272,0.84588302,1.13878775,0.29538643,0.57471048,1.00186388,0.34374101,0.86232023,0.54937503,1.67936882,1.84241249,1.94018926,1.80148284,1.45164174
751,0.04011189,0.02742428,0.02695836,0.04318559,0.04296454,-0.75548801,-1.34851429,-0.90312220,-1.41094021,-0.71407588,-1.56181511,-0.34989082,-1.53336321,0.06420490,-1.21112153,0.59286243,0.25974908,0.36602999,0.52499116,-0.84342945,0.50070437,0.08522624,0.10227117,0.13312740,0.59286243,0.70005556,0.82033163,1.09051621,0.25974908,0.57874833,0.99696341,0.36602999,0.85460497,0.52499116,1.54672359,1.75262846,1.82236690,1.69537439,1.37617614
752,0.03615025,0.02867824,0.03348990,0.04650842,0.04679857,-0.84343927,-1.29727398,-0.93820878,-1.45614943,-0.72127981,-1.49520071,-0.41038186,-1.44184625,0.03877578,-1.18404621,0.63341834,0.22830174,0.31642989,0.51835984,-0.92097249,0.46654225,0.08515637,0.09839250,0.13012568,0.63341834,0.70477315,0.82758619,1.13962450,0.22830174,0.53473265,1.01976371,0.31642989,0.82263495,0.51835984,1.54743273,1.83006333,1.78274189,1.64399311,1.37452661
753,0.03890910,0.02468625,0.02739433,0.04186372,0.05004672,-0.91710370,-1.19310952,-1.08217834,-1.30945458,-0.85858409,-1.39856135,-0.49883685,-1.37120165,0.00484916,-1.12091312,0.61617818,0.25419488,0.36294354,0.56608994,-0.91128396,0.49549477,0.08335269,0.09277818,0.12472154,0.61617818,0.69740114,0.83751061,1.20179606,0.25419488,0.59900035,1.11872504,0.36294354,0.91287986,0.56608994,1.50650163,1.77416200,1.74509131,1.59050231,1.32001792
754,0.04409884,0.03626227,0.03799220,0.04192231,0.05891284,-0.83291286,-1.05566990,-1.14347983,-1.15918735,-0.88511403,-1.27462352,-0.55583471,-1.24459378,-0.02023380,-0.97858286,0.68976673,0.30939124,0.33290102,0.59914598,-0.98973492,0.47829337,0.07865211,0.09275223,0.12161057,0.68976673,0.76602791,0.84068028,1.14829189,0.30939124,0.61598619,1.15519628,0.33290102,0.91724494,0.59914598,1.34615849,1.71680542,1.68997997,1.53596334,1.22985370
755,0.04524528,0.05435154,0.09018434,0.06286239,0.07192687,-0.86400586,-0.83237072,-1.22543122,-1.02738823,-0.93233425,-1.11860691,-0.60838817,-1.10847043,-0.05474233,-0.88538287,0.70757369,0.31829936,0.32437268,0.59830128,-0.97331521,0.47280858,0.06524856,0.08632148,0.10820708,0.70757369,0.72298462,0.74862475,1.06357713,0.31829936,0.62638500,1.18456755,0.32437268,0.90847626,0.59830128,1.20140239,1.67933281,1.57381986,1.39271530,1.08495948
756,0.06583278,0.04756220,0.09204214,0.08750931,0.10589976,-0.98235979,-0.69011740,-1.33858734,-0.79449890,-1.17561739,-0.88405393,-0.79655248,-0.83559427,-0.22202068,-0.65856591,0.70699630,0.21039742,0.38263394,0.60139624,-0.92599922,0.29154944,0.06177719,0.08526745,0.10529463,0.70699630,0.75176155,0.72062625,1.03178393,0.21039742,0.54932784,1.12881934,0.38263394,0.97989945,0.60139624,1.20165247,1.65091481,1.60749966,1.31474731,0.94818813
757,0.06884084,0.07323173,0.07992125,0.06339054,0.11503747,-0.90497987,0.08597716,-1.35665504,-0.19973176,-1.22382102,0.00295390,-0.75081822,0.13169045,-0.15568976,0.19535210,0.77729040,0.24236709,0.49021143,0.60029739,-1.48859464,1.47803872,0.07717169,0.09152063,0.11971422,0.77729040,0.65692093,0.59215550,0.97615354,0.24236709,0.69058621,1.26533547,0.49021143,1.08636829,0.60029739,0.90951624,1.47210275,1.33740493,0.93471073,0.63798790
758,0.16495578,0.02558511,0.01632708,0.43881257,0.42647169,-0.55623928,0.27108515,-1.19690403,-0.20293650,-1.25741514,0.46566781,-0.26529514,0.45829623,-0.22006490,0.63504743,0.84944006,0.67155120,1.00572621,0.18398294,-0.29407682,0.31095840,0.06472797,0.09397237,0.11410747,0.84944006,0.79130890,0.37559154,0.52378875,0.67155120,1.15193438,1.29298591,1.00572621,1.06050021,0.18398294,0.62465452,1.23175684,1.35969179,0.53301509,0.67738230
759,0.14027594,0.04831183,0.05868180,0.07331866,0.07988593,0.84947850,0.20396173,1.33317809,0.38121265,1.28966081,0.63785124,1.02323284,0.73543365,0.56548595,0.90324795,0.63011664,0.26306024,0.28373697,0.48769671,0.48905782,0.39608420,0.09872219,0.10357502,0.14308688,0.63011664,0.73668231,0.68758926,0.86015809,0.26306024,0.47215468,0.92970116,0.28373697,0.77136383,0.48769671,0.87502827,1.42155354,1.48103141,1.30795923,1.12578036
760,0.04309339,0.02513663,0.02105067,0.05375666,0.08178513,0.87350394,0.57208174,1.48387533,0.36633488,1.39349104,0.61062071,1.05599153,0.77444216,0.67318337,0.82150656,0.76828144,0.26048775,0.38774287,0.38587017,0.68325198,0.55984081,0.08554819,0.11203005,0.14095824,0.76828144,0.66688947,0.41861957,0.44270404,0.26048775,0.59986137,0.93654524,0.38774287,0.75852703,0.38587017,1.04432467,1.58963517,1.58206117,1.35192337,1.11044843
761,0.06184139,0.03646702,0.04376962,0.04609290,0.09933034,0.85515207,0.41575495,1.30733107,0.34403339,1.16711383,0.48094977,0.82880419,0.51498644,0.19620448,0.40766027,0.63157874,0.19817593,0.34545499,0.64164256,1.24811696,1.14202039,0.08860797,0.12320491,0.15175909,0.63157874,0.56332585,0.41631316,0.77372178,0.19817593,0.50912883,1.11334152,0.34545499,0.97546249,0.64164256,0.95133248,1.41124135,1.33503443,1.04481694,0.58793930
762,0.09412444,0.03870271,0.04461567,0.05115404,0.06731998,0.62427242,0.43221931,1.34825282,0.39153474,1.32863819,0.35308347,1.15048003,0.26386045,0.80576126,0.11822362,0.80550360,0.07349574,0.23321378,0.37677779,1.22830532,0.79409580,0.02252116,0.11905963,0.12117095,0.80550360,0.76631301,0.57807246,0.38402287,0.07349574,0.29674716,0.64760778,0.23321378,0.59648072,0.37677779,0.77333936,1.48948433,1.44283769,1.22212353,0.85891929
763,0.06392250,0.04190641,0.06398837,0.06796433,0.09516290,0.89965072,0.17093185,1.47681642,0.16638142,1.44491993,0.17217535,1.07920677,0.19220753,0.44015309,0.12396780,0.79160060,0.04356106,0.37460413,0.64293160,1.17847922,0.71377182,0.05641812,0.12074355,0.13327419,0.79160060,0.78941957,0.52438472,0.66217721,0.04356106,0.40151317,1.03970870,0.37460413,1.01052743,0.64293160,0.91683375,1.59767021,1.57996533,1.22060784,0.69182297
764,0.13318047,0.05034059,0.05289622,0.06957519,0.07534412,-0.17529446,-0.29602802,0.78488013,-0.23382230,1.18666987,-0.26456384,1.23366653,-0.21120124,1.06664655,-0.16394804,1.00668454,0.48957804,0.29710616,0.26347722,-1.22245763,-0.66284216,0.08049871,0.13452836,0.15677347,1.00668454,1.36244594,1.43720213,1.33401084,0.48957804,0.72308853,0.81798054,0.29710616,0.51127204,0.26347722,0.86178594,1.36028467,1.45985532,1.35518824,1.12601307
765,0.05404076,0.05373488,0.05537886,0.08777484,0.07573660,1.09663673,-0.38385510,1.35532271,-0.28610408,1.10618147,-0.43697695,0.67359389,-0.41982936,-0.01595712,-0.48294045,0.81770598,0.29397657,0.43684187,0.69251372,1.09605095,0.05690610,0.08829772,0.14401673,0.16892988,0.81770598,0.81117574,0.86272945,1.34013693,0.29397657,0.69496676,1.38563979,0.43684187,1.12519203,0.69251372,1.16461289,1.62483558,1.48499331,1.14901803,0.95199701
766,0.06134597,0.04961655,0.06295846,0.09753462,0.08051769,1.07168303,-0.40511925,1.37340774,-0.37494831,1.14181510,-0.52775497,0.68573378,-0.47131954,-0.03645821,-0.51199544,0.80888884,0.27754106,0.46226653,0.72339162,1.00836025,0.02865827,0.08935976,0.14351690,0.16906291,0.80888884,0.76961395,0.80783714,1.31382253,0.27754106,0.69574371,1.41747420,0.46226653,1.17984862,0.72339162,1.14788632,1.64330042,1.50559046,1.13874767,0.92414623
767,0.14528027,0.04524822,0.06431331,0.08015282,0.05918535,0.28895301,-0.43323236,1.04647268,-0.55653751,0.99806025,-0.60925066,0.84069649,-0.59461091,0.54938141,-0.46051506,0.92357619,0.10997561,0.26224489,0.35127086,-1.41023707,-1.45660532,0.03324303,0.15175830,0.15535662,0.92357619,0.84790468,0.61587441,0.27312600,0.10997561,0.35987302,0.66821353,0.26224489,0.58971763,0.35127086,0.66144963,1.50139513,1.43865366,1.20654844,0.86579354
768,0.08126617,0.05056404,0.05290726,0.05839193,0.05138189,0.73085658,-0.79349851,1.05123291,-0.76252812,1.11740412,-0.93498111,1.01245518,-0.92239463,0.64549599,-0.63494485,0.76895351,0.18558757,0.23178298,0.48348804,-1.06168652,-1.40926710,0.01541783,0.13415980,0.13504281,0.76895351,0.82619223,0.59672883,0.42206121,0.18558757,0.25001752,0.53023874,0.23178298,0.65168736,0.48348804,1.09365339,1.56763520,1.71045591,1.53350618,1.06536134
769,0.13096036,0.05131796,0.05172483,0.04587998,0.03724106,0.20901336,-1.04521398,0.76779307,-1.00240268,1.04795437,-1.16030540,1.09385143,-1.14469352,0.98785089,-0.86566431,0.78407200,0.33876283,0.21822190,0.35700492,-0.98400180,-0.14654834,0.06851280,0.12536086,0.14286129,0.78407200,0.95516164,0.91941863,0.79995786,0.33876283,0.47799207,0.57658293,0.21822190,0.50734501,0.35700492,1.13928121,1.58049865,1.77681810,1.70454066,1.38379739
770,0.11262781,0.05139804,0.05523948,0.04287049,0.02342668,0.04714085,-0.92454996,0.60844689,-0.91528387,0.85319671,-1.00243467,0.90230559,-1.01990009,0.83680096,-0.82191302,0.85354211,0.28062648,0.22094417,0.33145041,-1.07854686,-0.37849030,0.08921466,0.14298282,0.16853291,0.85354211,0.97160594,0.91879518,0.79891319,0.28062648,0.44744175,0.62882914,0.22094417,0.50591866,0.33145041,0.98453822,1.47124360,1.57897704,1.51207057,1.23915122
771,0.18238911,0.04857755,0.02807891,0.01283166,0.00829341,0.08207111,-1.22385060,0.18758329,-1.48095456,1.02362028,-1.73208244,1.30073926,-1.70289522,1.27378156,-1.34347279,0.60466319,0.87661661,0.28619943,0.40308247,-0.87161744,0.04060909,0.08249848,0.09897070,0.12884564,0.60466319,1.16339290,1.36671683,1.21615239,0.87661661,1.14435362,1.14235610,0.28619943,0.52344149,0.40308247,1.24342487,1.66652568,2.11763663,2.22401446,1.89725921
772,0.15861288,0.04834006,0.02904579,0.02574029,0.00635553,-0.14680774,-0.80768477,0.10733693,-1.07267687,0.74956834,-1.33249680,0.94029279,-1.35850271,0.93656600,-1.06799268,0.71423468,0.69279693,0.27949714,0.36300515,-0.99030330,-0.39678421,0.09146580,0.13802441,0.16557998,0.71423468,1.20595326,1.28581990,1.13070163,0.69279693,0.90363179,0.92963374,0.27949714,0.53062672,0.36300515,0.86729213,1.39949891,1.77030056,1.79041353,1.49691721
773,0.14351204,0.03752804,0.03133177,0.04185445,0.01714419,-0.17860007,-0.88231572,0.04390002,-1.05781788,0.57086205,-1.28112896,0.86265559,-1.33246486,0.94288865,-1.14398015,0.64944469,0.57252034,0.35815545,0.26749829,-1.02025830,-0.63809316,0.10829277,0.14732253,0.18284215,0.64944469,1.02225142,1.19265028,1.16819900,0.57252034,0.89023436,0.98300068,0.35815545,0.54455119,0.26749829,0.96181296,1.40460057,1.67088135,1.73761640,1.57600712
774,0.12629306,0.05030554,0.05173620,0.05675126,0.02798356,-0.40706932,-1.20538381,0.02167203,-1.24228439,0.67843553,-1.53414797,0.98676439,-1.60771196,1.12695543,-1.36957677,0.71710266,0.72348743,0.34251390,0.32044413,-0.98151252,-0.58097185,0.11144596,0.12905740,0.17051690,0.71710266,1.23571660,1.49491582,1.55550391,0.72348743,1.05369086,1.17413030,0.34251390,0.55992728,0.32044413,1.32318751,1.55629552,1.88236185,2.02065311,1.86055576
775,0.13121098,0.05107559,0.04992570,0.06168304,0.03393540,-0.38804423,-0.98669954,-0.01037145,-1.05392560,0.53977660,-1.33040318,0.80099842,-1.38216049,0.99028966,-1.18493881,0.66594233,0.61936001,0.31390135,0.31863658,-1.02711026,-0.73125846,0.12397625,0.14971724,0.19438457,0.66594233,1.09851934,1.29111085,1.40029037,0.61936001,0.90580807,1.08448426,0.31390135,0.57702338,0.31863658,1.15107588,1.44772114,1.70811262,1.76870856,1.65509605
776,0.12665327,0.06634391,0.05037345,0.05167539,0.02385255,-0.28469863,-1.16384635,0.01544076,-1.01082279,0.56986747,-1.39340538,0.77824911,-1.42542278,0.92383949,-1.27574527,0.66358163,0.67546861,0.26259198,0.27712894,-1.05126076,-0.83841328,0.12349854,0.14460977,0.19016802,0.66358163,1.02720839,1.15395919,1.22741856,0.67546861,0.89242843,1.02298527,0.26259198,0.50388048,0.27712894,1.27584488,1.42908676,1.78552980,1.81196001,1.69324312
777,0.12199974,0.05694634,0.04435088,0.05108183,0.02246257,-0.22719608,-0.86408844,0.00047592,-1.02993574,0.49238957,-1.31652416,0.72700419,-1.36732648,0.86510172,-1.15952117,0.65073859,0.57112624,0.30895242,0.30454827,-1.12556865,-0.77381439,0.12425760,0.17080468,0.21122071,0.65073859,1.00760862,1.13308188,1.14453781,0.57112624,0.83623389,0.96762998,0.30895242,0.54755327,0.30454827,0.99257640,1.44882646,1.70976394,1.73346408,1.56783503
778,0.11461728,0.06219323,0.03863858,0.04286059,0.01862979,-0.17137205,-1.09279293,0.05053795,-1.04413832,0.52083548,-1.37397745,0.64571560,-1.44378693,0.76771078,-1.25617365,0.65990872,0.57565039,0.21236609,0.27847238,-1.09420567,-0.80694712,0.11242405,0.16452020,0.19926381,0.65990872,0.94716604,0.98571646,0.98787861,0.57565039,0.74278506,0.83003325,0.21236609,0.42301357,0.27847238,1.17052391,1.44830716,1.75792249,1.77606642,1.60621595
779,0.12528053,0.04981862,0.03677753,0.03759341,0.01856168,-0.08271080,-1.15100475,0.02225208,-1.24180517,0.57482209,-1.61789062,0.82212804,-1.67051094,0.95171080,-1.36038211,0.59938102,0.67042171,0.30213865,0.38170194,-1.01240884,-0.46836578,0.10587150,0.15107739,0.18448077,0.59938102,0.96567032,1.10563822,1.07147474,0.67042171,0.93316776,1.01808823,0.30213865,0.57295941,0.38170194,1.20767449,1.55714543,1.93270751,1.99691977,1.74617002
780,0.10948511,0.05372029,0.03101369,0.03200886,0.00964752,-0.11276930,-0.85458836,0.06747788,-1.01899827,0.45660344,-1.29644899,0.62731448,-1.39597861,0.70821812,-1.13952751,0.66370820,0.47943082,0.28057038,0.33384875,-1.10203136,-0.78672706,0.11083007,0.18049892,0.21180926,0.66370820,0.97415669,1.02419301,0.90662709,0.47943082,0.69387106,0.74421469,0.28057038,0.49554014,0.33384875,0.92614195,1.39881733,1.69630800,1.72457252,1.46852806
781,0.11869483,0.04260186,0.02391591,0.01923379,0.01972702,-0.07881652,-1.09112600,0.01096987,-1.23568598,0.46300730,-1.50955186,0.72012146,-1.64911010,0.86314443,-1.30350851,0.62083507,0.52865577,0.33598897,0.42029833,-1.03268680,-0.46737438,0.10277611,0.15736684,0.18795544,0.62083507,0.90072872,1.06120577,0.99225517,0.52865577,0.83971334,0.93096617,0.33598897,0.57443954,0.42029833,1.13972551,1.53866116,1.81996442,1.94563196,1.65667739
782,0.10506052,0.05519736,0.03295490,0.03442768,0.01180411,-0.06235636,-0.86606180,0.07899717,-1.00273523,0.42916963,-1.25663983,0.60560775,-1.35180515,0.66490987,-1.08082122,0.67566603,0.43768413,0.27923580,0.34288031,-1.12208150,-0.81013558,0.10862539,0.18694181,0.21620989,0.67566603,0.95027233,0.97542137,0.82206868,0.43768413,0.64452653,0.67648431,0.27923580,0.49319549,0.34288031,0.91684911,1.37725638,1.66698979,1.68987305,1.40875432
783,0.10648995,0.04843709,0.02490079,0.02490548,0.01909167,0.04164785,-1.07196701,0.01786015,-1.10743414,0.41198331,-1.32366698,0.65598512,-1.43447263,0.71652407,-1.09910617,0.63866351,0.46017996,0.33284828,0.40214202,-1.04882054,-0.48813296,0.09848108,0.17290275,0.19898212,0.63866351,0.86116716,0.89356730,0.74940882,0.46017996,0.72385675,0.76543370,0.33284828,0.55859241,0.40214202,1.09794551,1.40901853,1.69158322,1.75610415,1.42593219
784,0.06964802,0.05884266,0.03102974,0.03168635,0.01849267,0.35865003,-1.12388571,0.37004770,-1.11387284,0.62645380,-1.41709016,0.58972880,-1.50378146,0.32730662,-1.15385205,0.71548143,0.40480013,0.17117968,0.47621643,-1.02421154,-0.96840190,0.03758378,0.16984525,0.17395387,0.71548143,0.88769428,0.78833181,0.46466333,0.40480013,0.45214025,0.25937400,0.17117968,0.51820325,0.47621643,1.18626052,1.44315946,1.80106351,1.79171921,1.33531509
785,0.12530036,0.04797446,0.02758176,0.01828230,0.02456510,0.06865611,-1.39061694,0.03344552,-1.52933775,0.60687955,-1.99538988,0.79871667,-2.03203114,0.87899298,-1.51141957,0.67735817,0.74016956,0.23275208,0.55171426,-0.88570775,0.00411456,0.08688777,0.13144289,0.15756497,0.67735817,1.01936202,1.08961057,0.88279319,0.74016956,0.93112396,0.90904488,0.23275208,0.62669518,0.55171426,1.39526853,1.70493499,2.20324317,2.26001982,1.79806916
786,0.06814439,0.05066162,0.02930579,0.03095671,0.02592123,0.46596067,-1.29777736,0.38152646,-1.38859952,0.67902717,-1.64425624,0.62689371,-1.72840374,0.30936154,-1.31747871,0.73736281,0.39694977,0.16939734,0.55272442,-1.02385698,-0.72783681,0.02934091,0.15176508,0.15457532,0.73736281,0.88652383,0.79633553,0.48725402,0.39694977,0.42607830,0.28452930,0.16939734,0.59176334,0.55272442,1.38173166,1.65487979,1.98303775,1.98145173,1.46062151
787,0.12286603,0.04455149,0.02719925,0.02164928,0.02708197,0.04298047,-1.37873483,0.01500988,-1.55439600,0.54760402,-2.00891502,0.75261343,-2.00666714,0.86181581,-1.48286160,0.67377512,0.70090087,0.24354500,0.55754005,-0.84001171,0.10177177,0.09413297,0.13291109,0.16286919,0.67377512,1.01668799,1.06516284,0.88888278,0.70090087,0.88050820,0.90809309,0.24354500,0.67712011,0.55754005,1.38099451,1.71149059,2.19174792,2.21329698,1.76024771
788,0.05710230,0.04655423,0.02739577,0.03402469,0.02191029,0.56419376,-1.22702143,0.44870416,-1.44935977,0.65739797,-1.70648642,0.58872512,-1.69404960,0.24123288,-1.24234399,0.77616685,0.34688749,0.15073893,0.59389495,0.96510739,1.09735327,0.01167535,0.15689511,0.15732892,0.77616685,0.96985622,0.84540956,0.62697147,0.34688749,0.28354854,0.35338961,0.15073893,0.69213290,0.59389495,1.35175538,1.71171878,2.03632072,1.94864825,1.39844991
789,0.08581243,0.04905420,0.03227184,0.02857776,0.02770721,0.37338817,-1.37410738,0.29184608,-1.59736184,0.62383448,-1.93367536,0.61593960,-1.96094141,0.39041678,-1.45817308,0.72028812,0.47257175,0.12666777,0.57668177,-0.95179023,-0.33987504,0.04839321,0.14337788,0.15132455,0.72028812,0.91624763,0.84498354,0.39679406,0.47257175,0.50221740,0.33862086,0.12666777,0.60559112,0.57668177,1.42621743,1.79311451,2.16986104,2.15218653,1.58043908
790,0.09906236,0.04561918,0.02619138,0.02571994,0.03290061,0.15816719,-1.37821992,0.01651966,-1.49984517,0.44313870,-1.93219553,0.59821826,-1.92251762,0.64412497,-1.43382544,0.67751101,0.60793631,0.22297951,0.52831437,-0.92946019,0.01617342,0.07619665,0.14121898,0.16046411,0.67751101,0.91993361,0.87014716,0.58535264,0.60793631,0.73148203,0.71201968,0.22297951,0.64423503,0.52831437,1.39051583,1.67533835,2.12734199,2.10438893,1.62612159
791,0.04180679,0.04260296,0.02574643,0.02901896,0.02100360,0.75807680,-1.17414209,0.43123740,-1.56706792,0.58553052,-1.81225239,0.44370767,-1.78794285,0.09853853,-1.27127321,0.83958839,0.29435901,0.21370877,0.64916794,0.95740323,-0.21155102,0.03294166,0.14787556,0.15150028,0.83958839,0.97617888,0.88854714,0.76358437,0.29435901,0.24522546,0.53336761,0.21370877,0.80592525,0.64916794,1.40204318,1.80176419,2.07742840,1.96085410,1.36380242
792,0.04686755,0.04087671,0.03908640,0.04169378,0.02755847,0.75450398,-0.98920020,0.59878764,-1.45745258,0.48383555,-1.53488277,0.27219990,-1.46142255,0.00784744,-1.18577151,0.87369981,0.14681717,0.26468722,0.40162633,0.98402966,0.08826077,0.08365567,0.15862895,0.17933604,0.87369981,0.98135742,0.92226743,0.92215375,0.14681717,0.33946824,0.68557862,0.26468722,0.64713695,0.40162633,1.24471255,1.74934866,1.80095190,1.62950024,1.30427282
793,0.08182375,0.04624390,0.05018309,0.05276416,0.04684146,0.52817835,-0.80800384,0.75207158,-1.15371298,0.56024881,-1.34999101,0.30318441,-1.30669284,-0.00362381,-0.98832762,0.99881871,0.36408653,0.26538791,0.44219216,1.03969235,0.53594881,0.12807681,0.19082689,0.22982291,0.99881871,1.27098786,1.31785272,1.31776318,0.36408653,0.55535003,0.82344183,0.26538791,0.67126498,0.44219216,1.01089721,1.50617130,1.69034725,1.61468971,1.33134797
794,0.08415868,0.04613949,0.05337655,0.05271214,0.06578672,0.54914010,-0.70800797,0.69006980,-1.02490311,0.54388383,-1.22499014,0.27382343,-1.08227597,-0.01520647,-0.77553690,0.96272748,0.40758702,0.30899345,0.42149708,1.09492078,0.72743516,0.13380933,0.21553428,0.25369266,0.96272748,1.32658839,1.35077600,1.38466855,0.40758702,0.56004437,0.83216401,0.30899345,0.71851700,0.42149708,0.94717298,1.36963352,1.62262317,1.47320078,1.23075485
795,0.08481332,0.04444414,0.04995450,0.05236216,0.06789573,0.53007904,-0.71557296,0.69542481,-1.08140296,0.53837360,-1.27185868,0.27267701,-1.09949799,-0.02787788,-0.75561570,0.97671603,0.42094211,0.31864899,0.45672096,1.09282128,0.81843161,0.14119656,0.22042314,0.26176866,0.97671603,1.35120619,1.34820075,1.38672132,0.42094211,0.56611728,0.87895449,0.31864899,0.76717420,0.45672096,0.94076641,1.41339517,1.66393794,1.48691255,1.22638578
796,0.08146911,0.04339496,0.05121642,0.05495847,0.06897710,0.56638647,-0.68202194,0.71044879,-1.13496031,0.54767952,-1.30806555,0.25964826,-1.10727162,-0.03094269,-0.75868722,1.00549098,0.41436799,0.35188924,0.45382183,1.08925951,0.85072279,0.14361198,0.22275253,0.26503413,1.00549098,1.37630452,1.35449968,1.38675600,0.41436799,0.57934220,0.90724126,0.35188924,0.79823469,0.45382183,0.93028994,1.46895596,1.70333567,1.49280535,1.22966732
797,0.07501527,0.04077307,0.04733085,0.05313113,0.06704934,0.55549593,-0.71393558,0.70887817,-1.17076836,0.55129205,-1.30935363,0.26232619,-1.12038498,-0.02426535,-0.78389725,1.00338594,0.39115010,0.34657065,0.44206075,1.07112669,0.85635971,0.14445249,0.22244627,0.26523360,1.00338594,1.34873222,1.33762167,1.37775577,0.39115010,0.57586565,0.90688132,0.34657065,0.78025098,0.44206075,0.94839273,1.49246696,1.69542670,1.49554724,1.24193480
798,0.08387266,0.04104845,0.04692808,0.04725387,0.06646045,0.58014278,-0.67504008,0.71570766,-1.16089567,0.53896507,-1.30274461,0.24831004,-1.11542938,-0.02944865,-0.76854417,1.00268088,0.40526046,0.34671130,0.44467881,1.07316870,0.88973711,0.14726857,0.22736138,0.27088970,1.00268088,1.35713075,1.34599485,1.38847002,0.40526046,0.59250604,0.92284610,0.34671130,0.78114172,0.44467881,0.93284648,1.48489171,1.68527775,1.48518810,1.23382494
799,0.08785039,0.04092564,0.04799775,0.04925586,0.06606857,0.57467695,-0.65544504,0.69996153,-1.16662583,0.54335213,-1.29699688,0.25614520,-1.11974197,-0.02861855,-0.77411411,1.02050025,0.40878451,0.34004476,0.44794972,1.07743276,0.88413621,0.14818255,0.22705646,0.27113227,1.02050025,1.38644797,1.38940197,1.42063296,0.40878451,0.59657207,0.92197259,0.34004476,0.77669855,0.44794972,0.92168555,1.47698341,1.68552586,1.50395313,1.25019283
800,0.08769747,0.03912929,0.04879380,0.04931906,0.06544939,0.56637657,-0.65688893,0.68637678,-1.16906023,0.52566250,-1.30615698,0.24783192,-1.13324202,-0.02997510,-0.78392339,1.02105685,0.40240512,0.32964606,0.44649387,1.07487803,0.89604676,0.14768743,0.22767841,0.27138356,1.02105685,1.38050905,1.38176300,1.40864362,0.40240512,0.58282941,0.90404440,0.32964606,0.76432219,0.44649387,0.91710900,1.47339241,1.68168663,1.50531710,1.24896637
801,0.08488596,0.03893295,0.04757556,0.04825657,0.06629550,0.55785545,-0.65703758,0.67224841,-1.17925195,0.52167051,-1.31685501,0.24450597,-1.11731122,-0.03357026,-0.77587765,1.02305386,0.39916258,0.34424418,0.44082911,1.06667361,0.90430800,0.14839428,0.22947950,0.27327954,1.02305386,1.38340043,1.37624115,1.41433749,0.39916258,0.57968315,0.90912926,0.34424418,0.77783506,0.44082911,0.91456421,1.47085392,1.68330904,1.48858959,1.24525030
802,0.08567399,0.04161971,0.04973095,0.05147491,0.07281461,0.54435356,-0.62932855,0.67310478,-1.15492567,0.52341802,-1.29624848,0.23625611,-1.10179336,-0.03459538,-0.76199652,1.04470873,0.40727190,0.35053119,0.43460402,1.05088261,0.88897206,0.14924461,0.23251053,0.27628808,1.04470873,1.41257697,1.41343691,1.43257757,0.40727190,0.59629562,0.90738147,0.35053119,0.77475000,0.43460402,0.89376234,1.45219037,1.67285134,1.48668106,1.23981859
803,0.08217761,0.04065237,0.04795582,0.04921143,0.06526494,0.54522169,-0.64629862,0.66908642,-1.19294165,0.51367238,-1.34579493,0.23562439,-1.13262553,-0.03771807,-0.78650913,1.04917784,0.40767861,0.35239317,0.44126435,1.05629012,0.89917030,0.14849663,0.23226108,0.27567455,1.04917784,1.41657344,1.39401783,1.41655921,0.40767861,0.58110867,0.90662951,0.35239317,0.78710614,0.44126435,0.90915084,1.47527878,1.69714458,1.48758580,1.23342087
804,0.08928429,0.03993650,0.04678663,0.04755944,0.06504175,0.54963025,-0.64415114,0.66642383,-1.18568250,0.51194196,-1.36296813,0.24287999,-1.14966070,-0.03174104,-0.78837493,1.04175838,0.41689847,0.34844523,0.45455693,1.05548644,0.93318709,0.15179115,0.23413715,0.27903541,1.04175838,1.42211937,1.41527012,1.44214456,0.41689847,0.58614240,0.91096468,0.34844523,0.79563521,0.45455693,0.91471876,1.46204408,1.70150658,1.50468199,1.24720455
805,0.09294043,0.03970731,0.04635060,0.04628635,0.06353649,0.55591167,-0.65022017,0.66207428,-1.21264332,0.50121225,-1.37981082,0.23257571,-1.16946483,-0.03708198,-0.79609600,1.05322455,0.40215481,0.34675222,0.46164320,1.05035990,0.93560716,0.15315495,0.23558360,0.28099123,1.05322455,1.41624658,1.41366953,1.44174050,0.40215481,0.58198308,0.91669054,0.34675222,0.79950404,0.46164320,0.92365932,1.48187338,1.70356269,1.50980931,1.24593325
806,0.09439606,0.03860847,0.04436412,0.04327857,0.06023921,0.56928510,-0.66369840,0.66193466,-1.25043796,0.50298310,-1.43134779,0.23863157,-1.21072898,-0.03227424,-0.83320644,1.05715053,0.41460728,0.34833328,0.46617452,1.04956314,0.92453350,0.15103306,0.23251584,0.27726269,1.05715053,1.43616850,1.41707378,1.44442493,0.41460728,0.57710457,0.91594799,0.34833328,0.80772219,0.46617452,0.93954552,1.51110186,1.74801955,1.53980486,1.27040260
807,0.09149547,0.03305303,0.03875629,0.03787324,0.05278219,0.58687925,-0.72126822,0.66982076,-1.33455064,0.50610144,-1.49015835,0.24776359,-1.28701966,-0.03236070,-0.86621149,1.05320903,0.39102238,0.33086326,0.50668377,1.03093854,0.93026226,0.15173465,0.22938819,0.27503154,1.05320903,1.40352395,1.37783413,1.39716950,0.39102238,0.55514618,0.93055268,0.33086326,0.82736180,0.50668377,0.98206723,1.58659866,1.79124466,1.58639405,1.26995076
808,0.09475952,0.03505388,0.04269745,0.04314521,0.05621688,0.56957949,-0.68972953,0.64653376,-1.29464266,0.49130807,-1.44480035,0.23819369,-1.23636974,-0.03602104,-0.86158830,1.06170719,0.38782997,0.33208937,0.46559327,1.03028005,0.92326916,0.15235679,0.23314076,0.27850890,1.06170719,1.41257107,1.39855953,1.42410986,0.38782997,0.55732188,0.90560524,0.33208937,0.79097151,0.46559327,0.95727296,1.54049057,1.74697306,1.54943922,1.27305571
809,0.08805886,0.03422076,0.04000257,0.04121138,0.05527555,0.56817248,-0.72377601,0.63347524,-1.33487194,0.47467060,-1.50119154,0.22985480,-1.28224426,-0.04013719,-0.88706387,1.05648555,0.39221844,0.33260788,0.47922553,1.02409877,0.88565108,0.14848306,0.23006420,0.27381883,1.05648555,1.41372188,1.39217968,1.40322654,0.39221844,0.55022260,0.89999451,0.33260788,0.80503880,0.47922553,0.97827611,1.56877458,1.78681376,1.58185049,1.27987975
810,0.08784228,0.03519765,0.03976321,0.04126810,0.05411442,0.59261395,-0.73751255,0.63272435,-1.35324600,0.46676694,-1.51219895,0.22120017,-1.30989269,-0.04936164,-0.90480190,1.05345652,0.37783734,0.32031257,0.48745169,1.02372092,0.86652923,0.14708668,0.22849557,0.27174385,1.05345652,1.39539649,1.37239874,1.37842579,0.37783734,0.53362030,0.88992939,0.32031257,0.79893216,0.48745169,0.99334278,1.59229052,1.79692868,1.59794860,1.28110012
811,0.09082705,0.03633100,0.04062648,0.04049656,0.05432657,0.58790762,-0.72720680,0.64280754,-1.33819947,0.48373262,-1.50561924,0.22891908,-1.29023034,-0.04401438,-0.90227320,1.05099663,0.38734231,0.33669161,0.47504481,1.02189896,0.85917345,0.14546275,0.22796582,0.27042157,1.05099663,1.40445514,1.38158400,1.39852942,0.38734231,0.54811171,0.89866412,0.33669161,0.80471969,0.47504481,0.98653634,1.57942576,1.79540062,1.58697215,1.29004700
812,0.09244550,0.03920541,0.04301543,0.04415715,0.05693544,0.57680465,-0.68757350,0.63967067,-1.31615864,0.48736470,-1.52220840,0.22641885,-1.28667560,-0.03600039,-0.88833081,1.07859698,0.40545251,0.35536496,0.47794838,1.02488052,0.88679610,0.14825744,0.22868698,0.27253991,1.07859698,1.45501648,1.42152662,1.42473965,0.40545251,0.55303808,0.89249670,0.35536496,0.82609512,0.47794838,0.96184421,1.55580916,1.80678607,1.58340186,1.28262516
813,0.08927093,0.03549333,0.04230588,0.04583075,0.05890813,0.55457592,-0.68373528,0.63005943,-1.33407130,0.48554964,-1.51953946,0.22500008,-1.27300871,-0.04409531,-0.86793847,1.11078001,0.39116006,0.36439082,0.48656982,1.02410177,0.90890215,0.14870526,0.22978859,0.27370796,1.11078001,1.47216912,1.44194359,1.43411970,0.39116006,0.55656173,0.90886482,0.36439082,0.84352467,0.48656982,0.95520782,1.56656374,1.80254814,1.57715638,1.26517652
814,0.08876616,0.03387414,0.04075735,0.04564834,0.05852466,0.54600686,-0.69367388,0.61536000,-1.30936863,0.45172276,-1.50217367,0.20316065,-1.26637919,-0.05021353,-0.86909752,1.08398728,0.39346565,0.34863634,0.47141103,1.00966042,0.93718382,0.15169752,0.23332421,0.27830257,1.08398728,1.44249658,1.42184771,1.41344325,0.39346565,0.55289604,0.88387741,0.34863634,0.81172666,0.47141103,0.95379156,1.54021151,1.77457037,1.56357917,1.25815473
815,0.09028584,0.03270727,0.04001217,0.04092323,0.05518533,0.56979780,-0.72879652,0.61774576,-1.35348868,0.44902051,-1.49143328,0.20001395,-1.29678850,-0.04326783,-0.90424421,1.08489528,0.35217131,0.32042161,0.46256152,1.02220555,0.89848822,0.14673156,0.22997308,0.27279620,1.08489528,1.39542827,1.39129550,1.39546398,0.35217131,0.53496626,0.87474225,0.32042161,0.77030244,0.46256152,0.98053577,1.58993783,1.76835789,1.58550458,1.28802237
816,0.08669489,0.03398419,0.03927495,0.04223605,0.05623245,0.56900787,-0.72606729,0.61531773,-1.34537573,0.46443199,-1.51259750,0.21079058,-1.28957278,-0.04509522,-0.88814273,1.07969020,0.36130171,0.34133125,0.47623449,1.01005090,0.89247179,0.14614712,0.23030426,0.27276186,1.07969020,1.41011931,1.38641997,1.38277848,0.36130171,0.52618256,0.87423728,0.34133125,0.80837981,0.47623449,0.97818793,1.58106111,1.79156458,1.58076343,1.26726874
817,0.08586719,0.03354487,0.03819892,0.03863902,0.05432920,0.57188265,-0.72204128,0.62785250,-1.33975028,0.45593761,-1.52120543,0.21571422,-1.29503409,-0.03557901,-0.89594071,1.05897015,0.39381638,0.33470017,0.47251224,1.01020257,0.88350663,0.14511513,0.22778791,0.27008468,1.05897015,1.41557355,1.39315002,1.39878756,0.39381638,0.54942180,0.88820559,0.33470017,0.79988750,0.47251224,0.97899338,1.57049270,1.79231390,1.58452644,1.28196944
818,0.07960018,0.03153936,0.03852627,0.03920824,0.05407656,0.55785478,-0.71799727,0.62115529,-1.28920505,0.44948007,-1.46615825,0.20480092,-1.26880256,-0.04318735,-0.87470776,1.03299622,0.38826688,0.31788305,0.46563021,1.00169829,0.85125725,0.14620526,0.22942143,0.27204811,1.03299622,1.38317634,1.37164550,1.35473507,0.38826688,0.54250368,0.85591263,0.31788305,0.77111462,0.46563021,0.95915156,1.53417489,1.75475519,1.56912428,1.25476273
819,0.07874585,0.03198014,0.03765106,0.04077523,0.05778765,0.56512810,-0.76668561,0.62667812,-1.26531704,0.46131232,-1.42602404,0.21021363,-1.25728326,-0.05201196,-0.87064212,0.98832572,0.37967843,0.30263501,0.46756175,1.03341992,0.82784291,0.14584137,0.23040698,0.27268495,0.98832572,1.33202618,1.30917504,1.30201762,0.37967843,0.51901681,0.83717660,0.30263501,0.75635415,0.46756175,0.98027933,1.54180908,1.75906503,1.57724397,1.26038344
820,0.07791418,0.03159450,0.03514334,0.03938056,0.05195924,0.60923135,-0.80419540,0.66471090,-1.28791177,0.49304418,-1.46060597,0.23021683,-1.28429130,-0.04595101,-0.87828710,0.97635012,0.38933604,0.31658854,0.49126749,1.03687609,0.79201912,0.14270583,0.22084625,0.26294110,0.97635012,1.32930607,1.30964796,1.31926820,0.38933604,0.53477338,0.87217054,0.31658854,0.79351485,0.49126749,1.03605115,1.57273351,1.79240818,1.59789710,1.26344208
821,0.07280870,0.03020661,0.03249779,0.04039525,0.05292529,0.63633813,-0.80073732,0.69185586,-1.27489393,0.50365778,-1.43349736,0.23944941,-1.27491688,-0.05089933,-0.87210809,0.95321010,0.38940870,0.30937261,0.49733468,1.06214635,0.72986026,0.13775438,0.21558827,0.25584091,0.95321010,1.29911811,1.26127449,1.27477101,0.38940870,0.52903942,0.88008800,0.30937261,0.79105965,0.49733468,1.03810340,1.58844856,1.79152021,1.59129319,1.24971358
822,0.07495651,0.03364291,0.04259249,0.04951823,0.06056349,0.65367265,-0.75590134,0.72122966,-1.17618764,0.51868478,-1.33879250,0.24999876,-1.19938112,-0.05434676,-0.82431204,0.94135601,0.40859366,0.30461763,0.48401665,1.08931163,0.65469669,0.13674683,0.21406657,0.25401612,0.94135601,1.30079179,1.27123846,1.30137339,0.40859366,0.54929125,0.88764595,0.30461763,0.77286023,0.48401665,1.01359468,1.53387103,1.74150280,1.55124227,1.23673379
823,0.06382717,0.03381133,0.04350024,0.05070625,0.06043917,0.72015128,-0.82405333,0.79818662,-1.19596714,0.55833624,-1.37262256,0.27390209,-1.23358317,-0.07117288,-0.86064365,0.89851182,0.41701321,0.32755319,0.51001961,1.10746849,0.54063456,0.13332932,0.19978297,0.24018731,0.89851182,1.24515226,1.18801696,1.25838945,0.41701321,0.56522704,0.94603414,0.32755319,0.82149653,0.51001961,1.09944983,1.60307107,1.78804150,1.56107540,1.22751386
824,0.04989234,0.02781623,0.03431287,0.04612018,0.04951885,0.94530671,-1.05957822,1.02433449,-1.53431769,0.71392675,-1.74106914,0.38416011,-1.54285016,-0.07425754,-1.14177202,0.82342954,0.42826572,0.39309184,0.60912585,0.93069269,0.36090597,0.12538287,0.15576913,0.19996221,0.82342954,1.13577581,1.08877657,1.30041916,0.42826572,0.65329218,1.17438736,0.39309184,0.99303204,0.60912585,1.42390748,1.92862050,2.03426796,1.73413408,1.33985227
825,0.05769620,0.02605393,0.03743746,0.05622936,0.05620780,0.95471994,-0.97021480,1.05521657,-1.38913251,0.72070686,-1.55726318,0.38338261,-1.40878445,-0.06557412,-1.05910116,0.79197889,0.42987488,0.38268859,0.56908742,0.90116822,0.37105336,0.12403606,0.15880872,0.20150720,0.79197889,1.08001602,1.05638454,1.28031116,0.42987488,0.68077703,1.17296892,0.38268859,0.93699545,0.56908742,1.36471538,1.83410634,1.88392785,1.60832817,1.25501126
826,0.05566442,0.02838379,0.03957325,0.06294668,0.06415877,0.90887943,-0.93396507,1.04781735,-1.27883349,0.70446913,-1.46108629,0.34933638,-1.28211750,-0.07329259,-0.96521609,0.79103939,0.45222441,0.41673573,0.52870001,0.93597951,0.38210959,0.12418828,0.16675308,0.20791661,0.79103939,1.08777326,1.04013795,1.25633433,0.45222441,0.70656313,1.16721622,0.41673573,0.93395495,0.52870001,1.30519145,1.76793262,1.83471125,1.51752213,1.20097161
827,0.04572970,0.02619432,0.03134406,0.05432656,0.05368152,1.00014252,-1.03128601,1.14718501,-1.39107980,0.78235778,-1.57624472,0.40963524,-1.39536091,-0.06786158,-1.07293976,0.76459875,0.44519298,0.42630393,0.57619187,0.87753004,0.34284533,0.12062531,0.15282957,0.19469808,0.76459875,1.01976212,1.00959003,1.29981765,0.44519298,0.74137211,1.25863233,0.42630393,0.99250958,0.57619187,1.43953333,1.89004118,1.90984347,1.58954731,1.25524098
828,0.04451598,0.02446826,0.02747634,0.05083828,0.05179131,1.01087893,-1.02866379,1.05234415,-1.36442736,0.76527700,-1.55250001,0.39946340,-1.37471313,-0.07743674,-1.07189669,0.71412871,0.38885168,0.41865857,0.56509709,0.83218475,0.30882001,0.11984014,0.14988120,0.19190111,0.71412871,0.99681516,1.00061967,1.30938015,0.38885168,0.65829133,1.17113358,0.41865857,0.97384158,0.56509709,1.44524291,1.80443423,1.87405458,1.55975669,1.24749710
829,0.02243999,0.03732677,0.03094383,0.04918531,0.04961120,1.03893904,-1.14190944,1.11086801,-1.27532530,0.81590108,-1.50684091,0.43815415,-1.37179623,-0.08717261,-1.09653107,0.64164152,0.39870087,0.40948192,0.59348800,0.78673568,0.21595969,0.11921940,0.14225768,0.18560850,0.64164152,0.87118269,0.93375743,1.32616713,0.39870087,0.68168734,1.21365738,0.40948192,0.99372971,0.59348800,1.54671833,1.77200246,1.83776905,1.55324836,1.25498369
830,0.01965316,0.03328700,0.03801601,0.06416630,0.05780086,0.95353799,-1.17345804,1.06526347,-1.23608104,0.78077627,-1.32932626,0.42802221,-1.19327044,-0.05743371,-0.97866143,0.69397185,0.32027722,0.41012254,0.53079835,0.86808360,0.09511831,0.11649692,0.15029322,0.19015673,0.69397185,0.82916541,0.82598011,1.20817460,0.32027722,0.64026927,1.15290889,0.41012254,0.92322398,0.53079835,1.51211411,1.77474515,1.74228059,1.42590243,1.17516804
831,0.01581603,0.03300158,0.03782795,0.06650142,0.05430629,0.98112384,-1.03334186,1.11595965,-1.12433709,0.83284411,-1.23317118,0.43518760,-1.09659235,-0.09134672,-0.91887605,0.69534612,0.33100172,0.44567093,0.55638523,0.86662458,0.03289488,0.11529597,0.14906133,0.18844745,0.69534612,0.84599899,0.85947803,1.25086714,0.33100172,0.68150788,1.22540202,0.44567093,0.99173978,0.55638523,1.42495500,1.72626307,1.69829043,1.35709117,1.12545568
832,0.02477107,0.03165398,0.04252743,0.07817742,0.05772599,0.94959227,-0.97327657,1.14631974,-0.99509062,0.84520579,-1.10291078,0.40004818,-0.95527026,-0.10722900,-0.86541993,0.70137530,0.35256970,0.49078246,0.51595273,0.84764822,0.08868383,0.11605154,0.14866147,0.18859531,0.70137530,0.83792278,0.87187653,1.24450058,0.35256970,0.74734273,1.26047731,0.49078246,0.99671543,0.51595273,1.35977711,1.66001531,1.61355080,1.23655356,1.08601260
833,0.02108775,0.03523706,0.04117887,0.06863720,0.05338125,0.84585467,-0.79310669,0.99477280,-0.77319515,0.74407575,-0.87359875,0.37271954,-0.75656818,-0.07241617,-0.67111323,0.79168675,0.32910433,0.41819445,0.46070392,1.05597522,-0.13792252,0.11325333,0.17292088,0.20670740,0.79168675,0.97407650,0.94118892,1.17961864,0.32910433,0.62328727,1.07308818,0.41819445,0.87344733,0.46070392,1.16228796,1.52401891,1.55241733,1.22828591,1.05477031
834,0.05608209,0.04639184,0.04911781,0.07040730,0.04627471,0.63072142,-0.46194005,0.86260086,-0.36153582,0.62138368,-0.53463506,0.29949130,-0.48933794,-0.06201979,-0.41970447,0.94747882,0.36913269,0.34283738,0.37645967,1.24855638,-0.56250692,0.11034317,0.22075646,0.24679755,0.94747882,1.13487196,1.07615824,1.17240979,0.36913269,0.58788671,0.92699263,0.34283738,0.71793963,0.37645967,0.78194729,1.29630358,1.38543056,1.15978534,1.02157985
835,0.05555704,0.03773538,0.04169018,0.05989749,0.07446538,0.72103493,-0.57126536,0.92598146,-0.47237109,0.73318745,-0.66456948,0.40208275,-0.54900121,-0.02387757,-0.50305675,0.94348353,0.34086672,0.36887918,0.43365580,1.21293469,-0.45435693,0.10580770,0.18232786,0.21080493,0.94348353,1.12470760,1.05594163,1.20073096,0.34086672,0.53719302,0.95064827,0.36887918,0.79509630,0.43365580,0.91995762,1.37913153,1.48814079,1.20715393,1.05756985
836,0.08398999,0.04918482,0.04325359,0.06124035,0.07232775,0.64050586,-0.34387216,0.94796190,-0.31119237,0.70715476,-0.39487982,0.36809894,-0.41196796,-0.03199552,-0.34265738,1.01506840,0.36064803,0.34534983,0.40664894,1.33605766,0.05394645,0.11702370,0.19592144,0.22820990,1.01506840,1.22481087,1.19210335,1.32062241,0.36064803,0.61899675,0.99504574,0.34534983,0.74589379,0.40664894,0.73886857,1.30091325,1.35790001,1.16575802,1.06185657
837,0.06544619,0.02739122,0.03564805,0.05308520,0.07296666,0.82389071,-0.45708169,1.00456603,-0.38127077,0.70160349,-0.46397098,0.39700997,-0.45943901,-0.04458814,-0.38928425,0.97043499,0.36922510,0.30792178,0.44815018,1.40905713,0.32357929,0.11252719,0.17618498,0.20905386,0.97043499,1.15115228,1.17964465,1.37942543,0.36922510,0.63048313,1.05592451,0.30792178,0.75366668,0.44815018,0.94560621,1.38262150,1.35655569,1.18651731,1.06401453
838,0.08592203,0.03640222,0.04184218,0.06313274,0.07014751,0.73896017,-0.37166877,1.00086819,-0.30588352,0.75613611,-0.43578982,0.40873927,-0.40979078,0.00864588,-0.33641904,1.05268676,0.33140179,0.35748944,0.40691312,1.40010202,-0.46405246,0.11196168,0.18176425,0.21347988,1.05268676,1.20111406,1.16736871,1.32756877,0.33140179,0.60969810,0.99681949,0.35748944,0.75956149,0.40691312,0.83662368,1.37512644,1.38374401,1.14987136,1.03865183
839,0.08599053,0.03655701,0.06108155,0.06993280,0.08126334,0.70978120,-0.36744200,1.02466636,-0.19706335,0.76048950,-0.32581810,0.41698660,-0.35465138,0.01981393,-0.31482407,1.13100321,0.38826786,0.34665104,0.39920600,1.41599101,-0.45832596,0.11788908,0.18031511,0.21543299,1.13100321,1.32820314,1.32283139,1.46890687,0.38826786,0.66426539,1.03598587,0.34665104,0.74140021,0.39920600,0.83153994,1.34166010,1.37410341,1.19343749,1.11192527
840,0.08902477,0.03669067,0.05250606,0.06142912,0.07849118,0.71443014,-0.33754661,1.02799322,-0.21877806,0.81513920,-0.36122606,0.40538620,-0.35249507,-0.02018692,-0.29524462,1.07603077,0.39023586,0.41241928,0.42941573,1.38990889,0.04283457,0.12104091,0.18155173,0.21820158,1.07603077,1.32093708,1.30800186,1.47094746,0.39023586,0.68354585,1.08057280,0.41241928,0.83904133,0.42941573,0.81761033,1.32837052,1.42123734,1.18906000,1.10398158
841,0.09186675,0.04012836,0.04218976,0.06496905,0.07541594,0.74229257,-0.31720510,1.00388436,-0.27538190,0.71687327,-0.41262296,0.34850782,-0.39256508,-0.07680687,-0.34461303,0.99330591,0.42236697,0.37775355,0.42882637,1.31388139,0.07078978,0.12184605,0.17995608,0.21732614,0.99330591,1.23908802,1.22156186,1.39383704,0.42236697,0.69418141,1.09618537,0.37775355,0.80383812,0.42882637,0.81880253,1.32523610,1.37465694,1.14422694,1.05130684
842,0.09046676,0.05600003,0.05548347,0.07495543,0.07409595,0.70690461,-0.28981759,0.98411782,-0.28838501,0.66749138,-0.41885907,0.29263477,-0.37798264,-0.10712989,-0.36514890,0.93718375,0.42983263,0.38980286,0.40096292,1.23644027,0.17058089,0.12448899,0.19064214,0.22768824,0.93718375,1.16286923,1.13798973,1.31346711,0.42983263,0.71560713,1.10197506,0.38980286,0.78679428,0.40096292,0.76860907,1.30759922,1.32970584,1.08341793,1.01787744
843,0.06534201,0.03311376,0.03817421,0.07537355,0.05506222,0.64626506,-0.36216868,0.86146137,-0.33567030,0.61021646,-0.46984397,0.26354475,-0.39754617,-0.08488419,-0.39524664,0.92743530,0.36182488,0.36302060,0.34902970,1.20894463,-0.12806160,0.11576510,0.19432528,0.22619433,0.92743530,1.13058900,1.11346417,1.25922650,0.36182488,0.61795225,0.95615688,0.36302060,0.70623462,0.34902970,0.74284526,1.25388257,1.31846175,1.09918127,1.05083487
844,0.05947063,0.04815313,0.04300404,0.07161063,0.07725522,0.86957993,-0.49230147,0.92981466,-0.49925827,0.63270702,-0.70734789,0.22771552,-0.60015464,-0.19314461,-0.58393406,0.79314752,0.41338679,0.43296387,0.42701014,1.11144710,-0.17109687,0.10882745,0.16122070,0.19451357,0.79314752,1.03955874,1.09437523,1.33901162,0.41338679,0.71486940,1.12630080,0.43296387,0.85413467,0.42701014,1.00081560,1.35292715,1.41147629,1.13453784,1.06147033
845,0.03622530,0.03162212,0.05269574,0.09413320,0.10200802,0.93312133,-0.83278844,1.19631259,-0.81172304,0.77497260,-1.03241718,0.27845217,-0.91925984,-0.21486240,-0.88630073,0.78027936,0.49234402,0.53244787,0.49578669,0.90727795,-0.15358982,0.11092412,0.13033265,0.17114543,0.78027936,0.89826891,0.96667015,1.32982088,0.49234402,0.92457131,1.41464529,0.53244787,1.01887501,0.49578669,1.25089690,1.63162905,1.56434029,1.20529477,1.14434850
846,0.03473327,0.02695336,0.04100689,0.07545432,0.08756054,1.21241775,-0.91064007,1.29959873,-1.02329282,0.78192679,-1.32855935,0.21449159,-1.17437229,-0.30212445,-1.11389243,0.73535007,0.60417387,0.60103242,0.52028847,0.92470734,0.03353684,0.11306775,0.11055616,0.15813595,0.73535007,0.98684159,1.22465696,1.66907893,0.60417387,1.09734688,1.60506549,0.60103242,1.11078051,0.52028847,1.51691605,1.78799462,1.71039829,1.34358844,1.31429327
847,0.03152389,0.03280795,0.04489262,0.05945169,0.07597511,0.99331521,-1.03415963,1.09951292,-1.11328805,0.58740847,-1.35915727,0.12721328,-1.26726237,-0.34923208,-1.12236556,0.63477663,0.56809059,0.47135703,0.49855149,0.94894019,0.32319702,0.12050276,0.10865931,0.16225831,0.63477663,0.80603505,1.06362313,1.47126239,0.56809059,0.98564071,1.44899771,0.47135703,0.96632748,0.49855149,1.43428088,1.67196602,1.59176221,1.38340107,1.30361380
848,0.05845873,0.05455724,0.05489778,0.05564906,0.06032781,1.19293410,-1.06364185,0.90087480,-1.31211638,0.45621779,-1.47108586,0.04534986,-1.39073879,-0.38516758,-1.18122341,0.73179305,0.47299660,0.41999981,0.47999622,0.99750920,0.41701519,0.12206675,0.10621289,0.16180689,0.73179305,1.03159680,1.31923911,1.69117145,0.47299660,0.86127487,1.29296347,0.41999981,0.88991556,0.47999622,1.59845517,1.71863547,1.66081152,1.51049794,1.38928989
849,0.12079847,0.06732279,0.05338318,0.04911883,0.05589091,1.16558559,-1.05006791,0.80590973,-1.37854711,0.35701577,-1.56196302,-0.01926708,-1.48165885,-0.39437150,-1.24361438,0.76268213,0.48659763,0.38561371,0.44559177,0.96610753,0.44964681,0.12639834,0.10573688,0.16479329,0.76268213,1.10203520,1.36432364,1.66708604,0.48659763,0.83421480,1.20825695,0.38561371,0.81609096,0.44559177,1.56939205,1.71618419,1.70688275,1.58504295,1.43481198
850,0.09602128,0.06391337,0.04657317,0.04546198,0.04870934,1.13523931,-1.12968867,0.75623288,-1.50532396,0.31091010,-1.69710631,-0.03491757,-1.58453156,-0.39919490,-1.32352268,0.79601865,0.48497973,0.36481660,0.45062393,1.00013798,0.43339284,0.12878710,0.11523916,0.17281834,0.79601865,1.15670321,1.37120515,1.65847163,0.48497973,0.79607448,1.16967081,0.36481660,0.80259687,0.45062393,1.60166825,1.79167034,1.82652690,1.68457312,1.51431355
851,0.07981150,0.06160875,0.04433500,0.04509223,0.04622998,1.16514153,-1.21677610,0.75575895,-1.61331245,0.30194564,-1.86543392,-0.06367612,-1.70749399,-0.42461401,-1.37540094,0.83985270,0.51926052,0.40171063,0.49226611,1.00271520,0.52461491,0.12722959,0.11880008,0.17407133,0.83985270,1.24899988,1.44286882,1.71279137,0.51926052,0.82587157,1.20411067,0.40171063,0.87643009,0.49226611,1.68467344,1.88699623,1.99287514,1.80458627,1.56827570
852,0.06794250,0.04889317,0.03159953,0.03978082,0.04317607,1.17228453,-1.27074296,0.76458961,-1.78936883,0.29797502,-2.02136861,-0.07072658,-1.87407719,-0.43831649,-1.38457506,0.88449806,0.52386110,0.40142336,0.61238800,0.94545165,0.46702927,0.12707132,0.12300046,0.17685087,0.88449806,1.31950456,1.49990456,1.72266857,0.52386110,0.83961871,1.26923945,0.40142336,0.97438385,0.61238800,1.72903880,2.03995522,2.14901645,1.97113295,1.58054324
853,0.06925170,0.04662482,0.03283292,0.03455337,0.03826478,1.13694169,-1.36219793,0.73806150,-1.96860464,0.27701000,-2.18029313,-0.07520422,-1.98679261,-0.44031215,-1.51966818,0.95035612,0.51251763,0.40948317,0.59300873,0.98631966,0.48029969,0.12760227,0.12533549,0.17886119,0.95035612,1.37101001,1.49285511,1.70199184,0.51251763,0.81349010,1.26101130,0.40948317,0.97743458,0.59300873,1.77442037,2.19538591,2.30808833,2.08451926,1.70616328
854,0.07097318,0.04129514,0.03200256,0.03543788,0.03987785,1.08953805,-1.33182704,0.70966259,-1.99755792,0.28201494,-2.25939621,-0.06527341,-1.99534878,-0.41527053,-1.46637984,0.98199463,0.51166678,0.44311198,0.63428000,0.97443600,0.51749831,0.12999792,0.13259775,0.18569228,0.98199463,1.42289017,1.47681231,1.63915585,0.51166678,0.77531734,1.24422980,0.44311198,1.05898608,0.63428000,1.72091944,2.21450383,2.39485161,2.10415004,1.66178375
855,0.06989409,0.03701912,0.02836537,0.03495265,0.03950420,0.99548833,-1.29270901,0.66601341,-1.98845328,0.28939100,-2.22948647,-0.03522510,-1.99168711,-0.38854446,-1.44305918,1.00284143,0.46909112,0.41119848,0.65302259,1.03462133,0.59549460,0.13187397,0.14037483,0.19260279,1.00284143,1.41123011,1.42855903,1.54725370,0.46909112,0.70357296,1.18768683,0.41119848,1.04404027,0.65302259,1.63182675,2.20157084,2.39038952,2.12070227,1.65146613
856,0.06191991,0.03958318,0.03036262,0.04107763,0.04286237,0.84004839,-1.12715368,0.56212950,-1.78095788,0.23636683,-1.96854382,-0.05126852,-1.77750101,-0.35074402,-1.27733538,0.96481594,0.42970984,0.36155570,0.58685041,1.07841381,0.60134422,0.13201813,0.16037170,0.20772065,0.96481594,1.34673436,1.33627111,1.38264235,0.42970984,0.62166522,1.04312134,0.36155570,0.92355327,0.58685041,1.40646019,1.99347622,2.17964026,1.94918186,1.51285373
857,0.06559623,0.04266887,0.03780389,0.04624783,0.04943621,0.71308553,-0.97112445,0.48756157,-1.55720425,0.20478075,-1.71617532,-0.04295334,-1.55794838,-0.29278502,-1.11915946,0.93520341,0.40078333,0.31478142,0.51453355,1.10689777,0.54071292,0.13093184,0.18595149,0.22742274,0.93520341,1.29434134,1.25754141,1.24397816,0.40078333,0.54453093,0.89520385,0.31478142,0.80545558,0.51453355,1.20506211,1.78253647,1.97361536,1.77062139,1.37396476
858,0.06999150,0.03835435,0.03321793,0.03975499,0.04443604,0.72253585,-1.03708850,0.48059436,-1.68418518,0.19680916,-1.86836400,-0.04920827,-1.65877208,-0.30967063,-1.16899497,0.96359835,0.40718326,0.33991191,0.56018071,1.09413963,0.53894764,0.13271315,0.18184355,0.22512187,0.96359835,1.33207535,1.26925336,1.26260760,0.40718326,0.54410392,0.94436025,0.33991191,0.88273800,0.56018071,1.26424545,1.88549853,2.09403386,1.85086964,1.41861818
859,0.06774229,0.03519653,0.03144861,0.03845236,0.04141770,0.72426446,-1.05265436,0.49216306,-1.74264583,0.21248400,-1.95884151,-0.04229362,-1.72156442,-0.30417531,-1.21894048,0.98823692,0.41583667,0.36566764,0.57084246,1.07273879,0.54589273,0.13407150,0.18182440,0.22590989,0.98823692,1.36763503,1.27924500,1.25922905,0.41583667,0.54550698,0.95390982,0.36566764,0.92020921,0.57084246,1.27784171,1.93561480,2.16730888,1.89505068,1.44940552
860,0.06602609,0.03700008,0.03267811,0.04171573,0.04290672,0.72114925,-1.04151871,0.48777493,-1.73235622,0.21926127,-1.95382850,-0.02309297,-1.71986684,-0.27322017,-1.20536820,0.99166496,0.40914779,0.35362949,0.57449863,1.04745106,0.56662793,0.13448508,0.18469640,0.22847100,0.99166496,1.36792121,1.27346350,1.24253940,0.40914779,0.52219538,0.92726957,0.35362949,0.91017977,0.57449863,1.26702600,1.91312299,2.14754177,1.87896985,1.42221217
861,0.06795246,0.03767267,0.03555381,0.04338734,0.04293067,0.71742472,-1.00813824,0.48661625,-1.70425378,0.22784265,-1.90227428,-0.00666717,-1.67352591,-0.25628783,-1.17953226,1.01022012,0.39559192,0.34346064,0.55543525,1.01079500,0.56592185,0.13372928,0.18870066,0.23128220,1.01022012,1.37254261,1.27779141,1.25274868,0.39559192,0.50886952,0.91257943,0.34346064,0.88269986,0.55543525,1.23924776,1.87975124,2.09619157,1.83284694,1.39575814
862,0.06919724,0.03864985,0.03723777,0.04380786,0.04407465,0.69777481,-0.99054587,0.48153224,-1.67291665,0.23090770,-1.86055132,0.00266270,-1.63284954,-0.24359278,-1.16015727,0.98767272,0.38498174,0.33718241,0.53401896,1.00609806,0.63480608,0.13715472,0.19212649,0.23605933,0.98767272,1.33906399,1.24301379,1.22964159,0.38498174,0.49661056,0.89287579,0.33718241,0.85620438,0.53401896,1.21394334,1.84322532,2.05025455,1.78904160,1.37566240
863,0.07212918,0.04380807,0.04124317,0.04759550,0.04929262,0.65225459,-0.91419349,0.46665946,-1.53769208,0.23121034,-1.70687899,0.01324067,-1.49047678,-0.21544233,-1.04287601,0.96455405,0.37552239,0.31946196,0.50528986,1.01593893,0.67358456,0.13828058,0.20406712,0.24650539,0.96455405,1.30754527,1.21867562,1.19481665,0.37552239,0.48017114,0.84848423,0.31946196,0.81232750,0.50528986,1.12749458,1.71949096,1.92101092,1.67433167,1.28041855
864,0.07072752,0.04083195,0.03811523,0.04543507,0.04782139,0.66185704,-0.94935363,0.47611200,-1.59321443,0.22960357,-1.78150700,0.01131199,-1.54129194,-0.22882208,-1.07650146,0.98778903,0.38858563,0.33710874,0.52616317,1.02784506,0.69694431,0.13760958,0.20017940,0.24291601,0.98778903,1.34181810,1.23624092,1.21233568,0.38858563,0.48906738,0.87833284,0.33710874,0.85372818,0.52616317,1.16091781,1.77961681,1.99501401,1.72613252,1.31564608
865,0.06700102,0.04167734,0.04175603,0.05045421,0.04840229,0.62796245,-0.91545001,0.45376545,-1.55089976,0.22124699,-1.72583029,-0.00192681,-1.49556236,-0.23045114,-1.04069247,0.97036723,0.38019731,0.32997699,0.51250089,1.00921475,0.67170404,0.13604813,0.20411726,0.24530176,0.97036723,1.31838627,1.22735746,1.19363413,0.38019731,0.48843946,0.86024537,0.32997699,0.83202756,0.51250089,1.11441174,1.72890772,1.94065266,1.68751314,1.28756372
866,0.07376242,0.04623769,0.04621063,0.05454833,0.05086700,0.60087187,-0.83795983,0.42377689,-1.46564100,0.20155021,-1.64458718,-0.00512770,-1.42567589,-0.22229367,-0.98657519,0.98422392,0.36266827,0.30896355,0.49446232,0.99017478,0.64807762,0.13316134,0.21069509,0.24924760,0.98422392,1.31667407,1.22782167,1.17439145,0.36266827,0.45761423,0.80902096,0.30896355,0.79454691,0.49446232,1.03773113,1.64693201,1.85952209,1.62256495,1.23418471
867,0.07985129,0.05233678,0.05498681,0.06407682,0.05752044,0.57449217,-0.77145936,0.40412601,-1.39627798,0.18700538,-1.56677542,-0.01183405,-1.33696722,-0.21617060,-0.93235788,1.01485929,0.34522393,0.31382955,0.45938488,0.99934260,0.66509622,0.13257393,0.21815890,0.25528249,1.01485929,1.32668460,1.22155578,1.16160542,0.34522393,0.43950388,0.77648977,0.31382955,0.76710331,0.45938488,0.97377927,1.58404556,1.78605684,1.53716057,1.17626590
868,0.08026230,0.04967206,0.05381148,0.06169309,0.05737772,0.57086817,-0.78126560,0.38753386,-1.43113540,0.16805887,-1.58525649,-0.02485983,-1.35759035,-0.23059057,-0.94804038,1.04373440,0.33204042,0.30842186,0.46579927,0.98530075,0.63041052,0.13034414,0.21674800,0.25292151,1.04373440,1.33867704,1.23366795,1.16619836,0.33204042,0.43515849,0.78527849,0.30842186,0.76870869,0.46579927,0.97874056,1.61837372,1.80399826,1.55924249,1.19120557
869,0.06825330,0.04019248,0.04024221,0.04497009,0.04206162,0.61246664,-0.91809899,0.38372229,-1.60627086,0.13750214,-1.77412505,-0.07118665,-1.57075654,-0.27142937,-1.10653982,1.02332340,0.35338239,0.30387650,0.51152738,0.96339984,0.57311419,0.13036140,0.20027265,0.23896281,1.02332340,1.33791683,1.25506850,1.17306281,0.35338239,0.46793794,0.82439278,0.30387650,0.79988751,0.51152738,1.10587744,1.77540086,1.96844560,1.74442576,1.32558488
870,0.06613373,0.03571504,0.03724670,0.03897483,0.03550765,0.64272177,-0.98653958,0.36401742,-1.72697633,0.09946696,-1.90925395,-0.10065820,-1.69669720,-0.30089321,-1.20294844,1.01648832,0.37951138,0.30570227,0.53678007,0.93044181,0.56110931,0.13140860,0.18667340,0.22828749,1.01648832,1.36108482,1.27231755,1.18558193,0.37951138,0.47878886,0.84784499,0.30570227,0.82671341,0.53678007,1.17772406,1.86805268,2.07796841,1.84723835,1.40389181
871,0.06318912,0.03243285,0.03166918,0.03391436,0.03080107,0.65105743,-1.00792093,0.34180040,-1.78928465,0.06612917,-1.99092367,-0.15956682,-1.76356059,-0.33025457,-1.25274914,1.05566807,0.37974364,0.33375949,0.54300443,0.87364785,0.53559507,0.12903595,0.18267498,0.22365246,1.05566807,1.39870410,1.31685313,1.19801072,0.37974364,0.50721749,0.85996409,0.33375949,0.85354237,0.54300443,1.20056383,1.91768617,2.13396529,1.89387234,1.42877590
872,0.06029950,0.03301703,0.03375992,0.03467095,0.03024392,0.64395702,-0.98122435,0.32396030,-1.79876302,0.04058872,-1.98383371,-0.15469585,-1.77050126,-0.33392976,-1.26301914,1.05671194,0.36506318,0.31032059,0.54396194,0.86598361,0.48063952,0.12634875,0.18363038,0.22289936,1.05671194,1.37651946,1.27902333,1.14904467,0.36506318,0.48010722,0.85018936,0.31032059,0.83455396,0.54396194,1.17366821,1.92119060,2.11386841,1.88108838,1.41263418
873,0.06894297,0.03451730,0.03354690,0.03387756,0.03106379,0.63531341,-0.94555856,0.33530221,-1.75943284,0.07288897,-1.99623003,-0.12755669,-1.78083852,-0.31043975,-1.25806674,1.05566748,0.37433794,0.31500602,0.55908870,0.85065007,0.36237460,0.12323042,0.18712279,0.22405507,1.05566748,1.39492058,1.28637919,1.13111659,0.37433794,0.46347867,0.82016103,0.31500602,0.85295169,0.55908870,1.13916899,1.88989737,2.12551175,1.88797214,1.40281310
874,0.07103987,0.03307807,0.03050225,0.03045063,0.02996960,0.62272283,-0.92800548,0.32996872,-1.76368966,0.06430783,-2.01127431,-0.13262699,-1.81779760,-0.30986127,-1.27485373,1.04979505,0.38489910,0.29359681,0.57569180,0.80558657,0.35577131,0.12176164,0.18676321,0.22294931,1.04979505,1.40122885,1.30852381,1.12236349,0.38489910,0.46656966,0.80643184,0.29359681,0.84377723,0.57569180,1.11772583,1.88637094,2.13379435,1.92194091,1.41782898
875,0.07221581,0.02829236,0.02702264,0.02637508,0.02595343,0.61867107,-0.97754017,0.31026397,-1.86316801,0.04055358,-2.09848878,-0.14774706,-1.91175891,-0.32224538,-1.34232512,1.06677575,0.37884676,0.27782888,0.59874337,0.73998686,0.34696593,0.12112495,0.18062362,0.21747677,1.06677575,1.41100484,1.32755212,1.12104089,0.37884676,0.46242669,0.81960777,0.27782888,0.85103401,0.59874337,1.15702331,1.96111990,2.19772612,2.00005837,1.47072056
876,0.07447194,0.02755207,0.02592563,0.02613896,0.02517197,0.60202915,-1.01138538,0.31462716,-1.88502206,0.05010028,-2.13454108,-0.14871571,-1.94529412,-0.31407258,-1.37770120,1.05796511,0.38686133,0.28960091,0.59643293,0.73644272,0.29943803,0.11787147,0.18107741,0.21606182,1.05796511,1.41246117,1.32375221,1.09880781,0.38686133,0.46892792,0.80881251,0.28960091,0.85717937,0.59643293,1.17701269,1.98019242,2.23203268,2.02925285,1.49211632
877,0.07336092,0.02392360,0.02221963,0.02185177,0.02269154,0.61775657,-1.08042107,0.31276688,-2.01220318,0.02627881,-2.23128709,-0.16583049,-2.06515788,-0.33302475,-1.46816528,1.09027195,0.37536426,0.25913242,0.62299252,0.66715002,0.32458873,0.11853422,0.17276101,0.20951546,1.09027195,1.41840127,1.36533112,1.12850346,0.37536426,0.48438438,0.84445283,0.25913242,0.85098520,0.62299252,1.24484061,2.08561385,2.29932891,2.13203185,1.56895172
878,0.07081808,0.02576133,0.02516616,0.02749888,0.02590930,0.58891633,-0.99427777,0.31827743,-1.89228370,0.05903605,-2.06978523,-0.13535507,-1.91907919,-0.31466061,-1.36016665,1.06484926,0.33103218,0.25277552,0.58930791,0.66612156,0.32558778,0.11950359,0.18325617,0.21877828,1.06484926,1.34452236,1.29713603,1.09457901,0.33103218,0.45674425,0.82692247,0.25277552,0.80960761,0.58930791,1.15602815,1.97624303,2.14952082,1.99255643,1.47190439
879,0.07265411,0.02706283,0.02616528,0.02916688,0.02879660,0.57958347,-0.91040827,0.29605223,-1.81677668,0.05197928,-1.94764374,-0.14439397,-1.80043387,-0.30577204,-1.26332309,1.09221535,0.28733815,0.25354673,0.56359986,0.68025558,0.36676795,0.12091150,0.18948026,0.22477180,1.09221535,1.31672446,1.27335860,1.07471811,0.28733815,0.44093877,0.81874405,0.25354673,0.78137849,0.56359986,1.07981472,1.90856395,2.03308041,1.87880441,1.37926357
880,0.07393832,0.02764030,0.02333087,0.02499794,0.02558978,0.58444145,-0.92346765,0.30491882,-1.81482621,0.05683715,-2.01800441,-0.15012923,-1.82255798,-0.32252832,-1.30028903,1.06382998,0.32957039,0.29264304,0.55149806,0.66576966,0.34417002,0.11804510,0.18628729,0.22053933,1.06382998,1.34859769,1.27101826,1.09159816,0.32957039,0.45518819,0.81209506,0.29264304,0.81904776,0.55149806,1.09287929,1.90814701,2.10061667,1.89923280,1.42036806
881,0.07678879,0.02579305,0.02022404,0.02180278,0.02356584,0.62880287,-0.92298133,0.29704655,-1.86675621,0.03129795,-2.08518962,-0.17398823,-1.86738981,-0.35783935,-1.33642725,1.09032387,0.34845766,0.30446380,0.56304368,0.64669954,0.32241496,0.11859112,0.17662222,0.21274225,1.09032387,1.39536656,1.31307526,1.14117688,0.34845766,0.47103529,0.84346942,0.30446380,0.84882760,0.56304368,1.11908578,1.95648605,2.15939838,1.94215116,1.46068343
882,0.07791001,0.02403549,0.01890014,0.02103333,0.02489295,0.65461091,-0.95683092,0.29008596,-1.94785115,0.00471831,-2.15351147,-0.20684060,-1.94321944,-0.40095985,-1.37241537,1.13093993,0.35332038,0.30180026,0.60357344,0.65309795,0.33953699,0.12262940,0.16902213,0.20882158,1.13093993,1.43054306,1.36711926,1.19141985,0.35332038,0.49710863,0.90019254,0.30180026,0.88328211,0.60357344,1.16427509,2.03485669,2.22152000,2.01704550,1.50545589
883,0.08730639,0.02663897,0.02292703,0.02432067,0.02728255,0.66855751,-0.95423422,0.32439211,-1.88223593,0.03781752,-2.13117736,-0.19696287,-1.92159396,-0.40887056,-1.37088782,1.07722167,0.38117502,0.31812841,0.59058714,0.65588197,0.23780958,0.12081510,0.16661017,0.20580388,1.07722167,1.41224002,1.36225521,1.21879353,0.38117502,0.52297286,0.89470036,0.31812841,0.88466779,0.59058714,1.17051588,1.98412301,2.20690610,2.00185412,1.51566621
884,0.08530411,0.02869770,0.02291100,0.02588872,0.02712230,0.70331339,-0.98177813,0.31449995,-1.89218091,-0.00543284,-2.15027888,-0.24239525,-1.92951881,-0.46155891,-1.40347283,1.07482578,0.41233021,0.32748419,0.57019974,0.64964649,0.26421225,0.12299745,0.15645985,0.19901773,1.07482578,1.43911833,1.39802463,1.29673711,0.41233021,0.55838215,0.91780379,0.32748419,0.87770787,0.57019974,1.21477370,1.99530421,2.22761668,2.01647629,1.56428509
885,0.08725201,0.03137695,0.02012789,0.02324699,0.02629471,0.75415729,-1.08653449,0.29345744,-1.94032880,-0.05995345,-2.22415191,-0.32224481,-2.00104664,-0.54335582,-1.44716485,1.05154054,0.45476822,0.34690629,0.59650658,0.64850184,0.32785215,0.12226056,0.14562919,0.19014601,1.05154054,1.46722429,1.46809304,1.40157763,0.45476822,0.61871087,0.97147567,0.34690629,0.91668781,0.59650658,1.32949268,2.03551610,2.29869672,2.09636532,1.63202004
886,0.08660804,0.03767055,0.02550547,0.02919588,0.03033023,0.79154033,-1.07652139,0.23005936,-1.82576688,-0.16287830,-2.14528229,-0.44834478,-1.96702753,-0.63419704,-1.44513661,1.02344499,0.50645359,0.34375718,0.55437241,0.75402033,0.29107872,0.11810225,0.13875190,0.18220930,1.02344499,1.49192936,1.56515531,1.50807661,0.50645359,0.69625974,0.94847039,0.34375718,0.84883906,0.55437241,1.35378966,1.94531924,2.24266465,2.09457262,1.66884880
887,0.08501433,0.03231990,0.01927893,0.02388741,0.02741676,0.83763034,-1.00447466,0.15036984,-1.83682265,-0.28075934,-2.19164848,-0.54862723,-1.96421318,-0.72148256,-1.38059755,1.14277961,0.55856923,0.35712071,0.60943931,0.70252029,0.36275191,0.11771321,0.13331168,0.17784376,1.14277961,1.67031109,1.71194241,1.62575597,0.55856923,0.71485685,0.99004746,0.35712071,0.92785238,0.60943931,1.32939659,1.94235835,2.28914090,2.10831497,1.63730617
888,0.09306114,0.03121474,0.02212089,0.02854874,0.03496255,0.81419207,-0.93426251,0.08446356,-1.73340543,-0.38374609,-2.02475295,-0.65997285,-1.82341965,-0.79229333,-1.29616489,1.13418286,0.55275342,0.35456343,0.54582688,0.68948830,0.27707279,0.11512634,0.13484083,0.17730235,1.13418286,1.64778557,1.73400470,1.65432520,0.55275342,0.76140197,0.99636549,0.35456343,0.84753946,0.54582688,1.27472065,1.84903982,2.14642393,2.00410569,1.58632279
889,0.08446969,0.04124112,0.03420679,0.03693764,0.03684731,0.84826234,-0.83982867,0.04819348,-1.54301077,-0.38578362,-1.79975464,-0.64992605,-1.64944767,-0.79581447,-1.16318257,1.12146959,0.50982536,0.32932391,0.51422610,0.80150477,0.21654750,0.11700792,0.14077107,0.18305012,1.12146959,1.58753885,1.70943745,1.67691021,0.50982536,0.73454714,0.96811153,0.32932391,0.78541972,0.51422610,1.26123337,1.71987284,1.96321556,1.85801131,1.48700029
890,0.07095188,0.04808995,0.03916187,0.03771935,0.03220119,0.84125724,-0.87287112,-0.00192039,-1.41346783,-0.44318610,-1.60822040,-0.72121374,-1.48143559,-0.84901767,-1.06098340,1.08548631,0.49341207,0.34063111,0.45647305,0.88750579,0.21760197,0.11752483,0.13949016,0.18239954,1.08548631,1.51308157,1.68479725,1.70119082,0.49341207,0.76600985,0.99232312,0.34063111,0.73434123,0.45647305,1.29234950,1.65780108,1.83408369,1.75757139,1.44392300
891,0.10205658,0.05261579,0.02719252,0.02227919,0.01289127,0.90584773,-0.85099337,-0.02213043,-1.37954818,-0.54041423,-1.58240175,-0.86447507,-1.39348826,-0.97892649,-1.02904252,1.16060325,0.56165031,0.41005352,0.41472168,0.88720526,0.25082700,0.11149091,0.12702897,0.16901651,1.16060325,1.66441806,1.86383198,1.89387652,0.56165031,0.87626401,1.09559601,0.41005352,0.77814575,0.41472168,1.30964143,1.62963392,1.85014434,1.75534168,1.49438061
892,0.11403054,0.06377925,0.03710497,0.03111476,0.02783468,0.82864673,-0.77644483,-0.06112476,-1.25501117,-0.61357530,-1.40155554,-0.91049250,-1.23444781,-1.00456485,-0.91272054,1.12777279,0.59144292,0.39755071,0.37823731,0.90953924,0.26887730,0.11233443,0.12597542,0.16878635,1.12777279,1.61016131,1.80420991,1.83853120,0.59144292,0.92154397,1.13597084,0.39755071,0.73231804,0.37823731,1.22600790,1.58326215,1.73173279,1.64940560,1.42410979
893,0.05825621,0.06223697,0.02170998,0.02226173,0.02634243,0.96587424,-0.84985786,-0.15880979,-1.16840028,-0.73836733,-1.27380308,-1.01673630,-1.07512289,-1.07384710,-0.74541851,1.24983076,0.61169188,0.40170992,0.38971721,0.86400950,0.24879508,0.10522994,0.11742086,0.15767371,1.24983076,1.77797540,1.99648493,2.04671764,0.61169188,0.94116313,1.16070313,0.40170992,0.74850407,0.38971721,1.38828470,1.52308930,1.67527033,1.59247402,1.36378060
894,0.08989597,0.06782387,0.02238172,0.01574375,0.02045094,0.81959361,-0.64068554,-0.18716222,-0.93330144,-0.69495302,-1.03529815,-0.99044796,-0.85865848,-1.05198394,-0.57600037,1.14133302,0.53221396,0.43564887,0.39721550,1.07726416,0.36698976,0.10693435,0.12289296,0.16290376,1.14133302,1.59923444,1.82416058,1.88449660,0.53221396,0.89582022,1.14601255,0.43564887,0.79318094,0.39721550,1.22707685,1.45606632,1.58555375,1.49191483,1.27758504
895,0.07366733,0.10699304,0.04645067,0.05077028,0.03241679,0.86524167,-0.48269197,-0.15306331,-0.51826707,-0.78063798,-0.58983788,-0.89116914,-0.38946836,-0.89805206,-0.29216662,1.08675554,0.65606909,0.36865650,0.29543812,1.10047525,0.59172495,0.10711159,0.13944849,0.17583735,1.08675554,1.66151400,1.76110643,1.81119875,0.65606909,0.88255865,1.07774950,0.36865650,0.65185374,0.29543812,1.23613118,1.24094703,1.35662609,1.17016881,1.01495102
896,0.17829167,0.05974525,0.02859525,0.02928241,0.01783989,0.69499819,-0.66464506,-0.11268354,-1.23681486,-0.63090556,-1.42052155,-0.89699111,-1.22938555,-0.95589272,-0.99601473,1.14386425,0.56374399,0.43095456,0.33974541,1.11457326,0.25057841,0.11332702,0.12549419,0.16909111,1.14386425,1.59084670,1.69760522,1.68531353,0.56374399,0.88250280,1.08815537,0.43095456,0.74563595,0.33974541,1.08392680,1.64155068,1.82109294,1.66236910,1.44566866
897,0.14682689,0.05858688,0.03785837,0.03019355,0.02220139,0.57712841,-0.63952238,-0.10252502,-1.20835833,-0.51320973,-1.30108108,-0.73208382,-1.14886763,-0.79987621,-0.87678738,1.02309769,0.44394644,0.35328938,0.37069593,1.09884756,0.04464771,0.11565687,0.15315278,0.19191739,1.02309769,1.32800964,1.41161025,1.40116105,0.44394644,0.73398743,0.98721244,0.35328938,0.69796165,0.37069593,1.02148165,1.61070694,1.67368274,1.52591191,1.26749723
898,0.09811841,0.06478195,0.05009260,0.04633246,0.03655991,0.50036460,-0.55939878,-0.09190078,-1.05087488,-0.40377104,-1.12901846,-0.57051141,-0.99858090,-0.64499995,-0.76014164,0.93132494,0.35086062,0.30009759,0.37238198,1.12786573,-0.20152046,0.12243660,0.18179573,0.21918122,0.93132494,1.13549857,1.17003731,1.16754525,0.35086062,0.59710815,0.88685790,0.30009759,0.65821854,0.37238198,0.94291378,1.52062607,1.53272958,1.36867852,1.10040325
899,0.07889146,0.05492407,0.03832467,0.02970787,0.02311817,0.57958286,-0.69081429,-0.08546186,-1.24467165,-0.41241820,-1.33683809,-0.61168789,-1.19931400,-0.67964610,-0.87737893,0.99685965,0.36618673,0.33189495,0.40398010,1.06102096,-0.03305345,0.11719966,0.16943260,0.20601740,0.99685965,1.23673716,1.30185845,1.27717357,0.36618673,0.64131409,0.91963570,0.33189495,0.70384923,0.40398010,1.05391567,1.62434368,1.66536358,1.50667871,1.19461926
900,0.08859764,0.05173760,0.03689104,0.03080151,0.02223705,0.57126552,-0.72423691,-0.09612172,-1.34553520,-0.42697085,-1.45096603,-0.63555383,-1.31040185,-0.69663411,-0.95175330,1.02115304,0.36289333,0.33399087,0.43290912,1.01981517,-0.01709493,0.11726172,0.16454438,0.20205238,1.02115304,1.28457389,1.34837148,1.29203298,0.36289333,0.63083540,0.91052070,0.33399087,0.72689808,0.43290912,1.06748296,1.67740129,1.75569800,1.60387620,1.25788166
901,0.07848233,0.05033256,0.04143872,0.03432615,0.02511284,0.57816599,-0.74074779,-0.08434130,-1.33146906,-0.40320596,-1.39994814,-0.60126034,-1.25872887,-0.66637626,-0.93063449,1.01579588,0.35485995,0.33379680,0.41039279,1.03980599,-0.13051692,0.11945047,0.17072418,0.20836305,1.01579588,1.23410076,1.29425579,1.26394244,0.35485995,0.63894544,0.93109563,0.33379680,0.71204336,0.41039279,1.06562318,1.66521334,1.69004659,1.52982354,1.20931972
902,0.07680938,0.04798887,0.04035481,0.03514089,0.02739001,0.58362664,-0.78786131,-0.08764232,-1.39065503,-0.41198425,-1.47191611,-0.59176360,-1.33529597,-0.67570008,-0.99267920,1.01803865,0.36117872,0.32659880,0.41420152,1.05310883,-0.19578128,0.11897184,0.16798223,0.20584540,1.01803865,1.25357366,1.30040338,1.28131812,0.36117872,0.62927051,0.92296103,0.32659880,0.71026951,0.41420152,1.10405031,1.70304392,1.74534864,1.58151848,1.26242583
903,0.08056227,0.04913852,0.03748330,0.03184735,0.02351430,0.52724644,-0.69073312,-0.06380412,-1.33016088,-0.34842360,-1.43012288,-0.52916987,-1.31115563,-0.61582760,-0.93391440,0.99038189,0.31161777,0.30798993,0.45605236,1.02412288,-0.19263877,0.11899993,0.17900295,0.21494893,0.99038189,1.21182159,1.23750058,1.17055265,0.31161777,0.55255428,0.86700416,0.30798993,0.72776436,0.45605236,0.98762175,1.63072970,1.70632756,1.55363040,1.18896477
904,0.08245351,0.04602722,0.03648339,0.03296559,0.02675966,0.58700040,-0.72984062,-0.06526695,-1.45262653,-0.38202234,-1.57866518,-0.57076021,-1.41123893,-0.65223874,-1.03916221,1.05408770,0.35722428,0.34192676,0.41724372,0.93795174,-0.04374108,0.11846043,0.16897653,0.20636361,1.05408770,1.32207871,1.34504170,1.28147248,0.35722428,0.60921671,0.87942256,0.34192676,0.72454930,0.41724372,1.05748926,1.70744673,1.80540238,1.62115500,1.28652871
905,0.07435205,0.04733147,0.03746718,0.03670640,0.02701340,0.57661644,-0.73321225,-0.04271114,-1.44354299,-0.34625404,-1.58665558,-0.53259144,-1.41707755,-0.61224964,-1.03165664,1.03808919,0.34393090,0.34972239,0.43689694,0.97419699,-0.03094680,0.11989872,0.17160629,0.20934283,1.03808919,1.30754211,1.30836288,1.22787941,0.34393090,0.58455361,0.86695582,0.34972239,0.75206901,0.43689694,1.05257350,1.71392315,1.83192299,1.63032557,1.26955217
906,0.07210372,0.04667421,0.03487124,0.03437172,0.02308247,0.57043412,-0.73154452,-0.03446505,-1.40499954,-0.34183227,-1.54114165,-0.50733004,-1.35941790,-0.60743652,-1.00577341,1.02189396,0.33738917,0.34410635,0.41880204,0.98117780,-0.00654915,0.12074640,0.17372467,0.21156548,1.02189396,1.29851100,1.26399569,1.20937828,0.33738917,0.54617568,0.84192116,0.34410635,0.74308260,0.41880204,1.02531609,1.67478246,1.80837992,1.58642993,1.25486586
907,0.09614705,0.04398580,0.03022288,0.03035079,0.02266341,0.62635405,-0.81740573,-0.04679501,-1.52724053,-0.39197859,-1.71644764,-0.61383970,-1.56805361,-0.69962465,-1.15476812,1.07370646,0.39691517,0.33353415,0.45188810,0.90868581,0.08584418,0.11439259,0.15153423,0.18986386,1.07370646,1.41374289,1.46228637,1.36855758,0.39691517,0.62141580,0.85725583,0.33353415,0.73533570,0.45188810,1.11696846,1.76083773,1.94402651,1.79590702,1.42731492
908,0.08654723,0.04626619,0.03340220,0.03657489,0.02794621,0.66016191,-0.87959210,-0.05985117,-1.46777819,-0.41457512,-1.63783639,-0.64530875,-1.47563405,-0.73402293,-1.09847020,1.00578373,0.39719020,0.33716697,0.41084178,0.80443350,0.09381140,0.11104882,0.14456049,0.18228981,1.00578373,1.35577096,1.44231549,1.41128106,0.39719020,0.63264831,0.85584301,0.33716697,0.70445111,0.41084178,1.18855708,1.68944988,1.86067177,1.71689183,1.39833951
909,0.10878081,0.04412864,0.03061827,0.03558885,0.03073291,0.68034735,-0.95581669,-0.09673362,-1.54429134,-0.50506864,-1.71549824,-0.76573291,-1.58102020,-0.85116545,-1.10833112,1.04310547,0.44375422,0.32853388,0.49313604,0.76212455,0.27270560,0.10900580,0.12764036,0.16785210,1.04310547,1.44886809,1.58733176,1.54128778,0.44375422,0.69311271,0.91802936,0.32853388,0.74553053,0.49313604,1.23774109,1.72643456,1.93394561,1.85257955,1.47652660
910,0.10583780,0.04191213,0.02758927,0.03466395,0.04005945,0.69535973,-1.10187852,-0.05644290,-1.63590163,-0.51418292,-1.78709679,-0.78601319,-1.62145319,-0.86873000,-1.12671444,0.98878580,0.48275961,0.33433199,0.50557677,0.62360670,0.34888190,0.11463045,0.12007606,0.16600723,0.98878580,1.42899039,1.58641740,1.57301151,0.48275961,0.74087535,0.97759950,0.33433199,0.76758374,0.50557677,1.33479448,1.75997902,1.96046828,1.87504894,1.49381149
911,0.08872727,0.04524372,0.03234151,0.04006375,0.03332070,0.65910014,-1.07430440,-0.05190712,-1.49522687,-0.47736035,-1.59293779,-0.72791117,-1.42463692,-0.81577679,-0.96879738,0.89838459,0.43784582,0.33202861,0.47161754,0.58351471,0.23843654,0.10445084,0.12696414,0.16440764,0.89838459,1.28923635,1.44190113,1.48184111,0.43784582,0.70117451,0.96222036,0.33202861,0.74373321,0.47161754,1.29494427,1.63118728,1.77334422,1.66960071,1.32652605
912,0.08467282,0.04064952,0.03468667,0.04180313,0.03897465,0.68330514,-1.09415861,0.00112612,-1.53345766,-0.41711217,-1.60030536,-0.67140923,-1.45193388,-0.78882287,-1.07046784,0.87368432,0.42394337,0.31671818,0.40202977,0.50646012,0.25818489,0.10966936,0.12385487,0.16543094,0.87368432,1.24921238,1.41384003,1.47902546,0.42394337,0.69079371,0.93379808,0.31671818,0.66791584,0.40202977,1.31359096,1.63661412,1.74394389,1.65821349,1.38532008
913,0.08819304,0.03973987,0.03364197,0.03871452,0.03404268,0.71544326,-1.14624839,0.03414507,-1.62736768,-0.36971239,-1.72047324,-0.63091474,-1.56707946,-0.76762233,-1.19281708,0.90128715,0.41463435,0.32330809,0.40096984,0.52740014,0.26332106,0.10824522,0.12172450,0.16289224,0.90128715,1.27110103,1.42707192,1.49365598,0.41463435,0.67944920,0.92771091,0.32330809,0.67947622,0.40096984,1.37103196,1.72594296,1.84718607,1.74785910,1.47479319
914,0.09457044,0.03901754,0.03166737,0.03526786,0.03459232,0.73418286,-1.11786968,0.06934066,-1.66902980,-0.33804076,-1.80755459,-0.59605422,-1.66555809,-0.74366268,-1.22734541,0.94167714,0.43028931,0.31070528,0.46411298,0.56000574,0.28301866,0.10964910,0.12218939,0.16417421,0.94167714,1.32912798,1.46496531,1.50073387,0.43028931,0.67267388,0.93552978,0.31070528,0.72141179,0.46411298,1.35162838,1.76536606,1.92562032,1.83098466,1.49885078
915,0.09646817,0.03458908,0.02878435,0.03423819,0.03160568,0.74348175,-1.11843103,0.10698321,-1.67973737,-0.27383259,-1.81126062,-0.54314756,-1.65287392,-0.68986434,-1.18844674,0.92704146,0.40332098,0.32509803,0.48798551,0.52376939,0.30190765,0.11166149,0.12559968,0.16805823,0.92704146,1.29167984,1.42555707,1.46055887,0.40332098,0.65456590,0.94159752,0.32509803,0.75854304,0.48798551,1.35440425,1.77025496,1.91763509,1.80411654,1.44507589
916,0.10307054,0.03533902,0.02943958,0.03385829,0.02969570,0.75436269,-1.15884110,0.11908639,-1.68802571,-0.26162267,-1.83354400,-0.53222238,-1.69394670,-0.68658239,-1.24587000,0.90934659,0.40760045,0.31688875,0.47489315,0.54170903,0.27990459,0.11141098,0.12484191,0.16732576,0.90934659,1.27844307,1.42443064,1.46772514,0.40760045,0.65659961,0.92598936,0.31688875,0.73479149,0.47489315,1.39367811,1.78022415,1.93423389,1.83669528,1.48885380
917,0.10172662,0.03476216,0.03176379,0.03634211,0.03229849,0.75404181,-1.16775827,0.15244445,-1.75287235,-0.21406086,-1.90075922,-0.47881284,-1.75337786,-0.65020807,-1.28723780,0.92509362,0.39567236,0.31832399,0.49821424,0.57122452,0.27999789,0.11124435,0.12657680,0.16851407,0.92509362,1.28107913,1.39978725,1.43519061,0.39567236,0.63612882,0.93540953,0.31832399,0.76511099,0.49821424,1.40184144,1.84972875,2.00160394,1.88302452,1.51151754
918,0.10288586,0.03744036,0.03439240,0.03852612,0.03343770,0.73256051,-1.17247289,0.14690505,-1.75695558,-0.21484627,-1.91067521,-0.47265489,-1.76607680,-0.64168677,-1.31383470,0.93114716,0.39310173,0.31308026,0.48441097,0.64363380,0.27612168,0.11337277,0.12916852,0.17186591,0.93114716,1.27673404,1.38337380,1.41168686,0.39310173,0.62721092,0.91483767,0.31308026,0.74750541,0.48441097,1.39562914,1.86826415,2.02142187,1.90095520,1.53933606
919,0.10201749,0.03812706,0.03376843,0.03676708,0.03278079,0.73853527,-1.15285051,0.17431977,-1.74072974,-0.17775134,-1.89761562,-0.44588734,-1.77034373,-0.61371786,-1.31533285,0.92176750,0.38602070,0.31424163,0.48653195,0.64498628,0.28006706,0.11449831,0.13216116,0.17486119,0.92176750,1.26435413,1.38051866,1.39680195,0.38602070,0.62632109,0.90366293,0.31424163,0.74115390,0.48653195,1.38042233,1.85181660,2.00681165,1.89964275,1.53073362
920,0.09233602,0.03755981,0.03277754,0.03627508,0.03314922,0.73985704,-1.15687101,0.19109034,-1.75831728,-0.15183429,-1.92729818,-0.41269766,-1.79372554,-0.58959595,-1.32460425,0.93213578,0.38255321,0.31153763,0.50281045,0.68374095,0.26568465,0.11362594,0.13271310,0.17471010,0.93213578,1.26788827,1.36569961,1.37862687,0.38255321,0.61173632,0.90245262,0.31153763,0.75864262,0.50281045,1.38433562,1.87716379,2.03736247,1.91739159,1.53341052
921,0.09284372,0.03691973,0.03171120,0.03656996,0.03353647,0.72838231,-1.13674463,0.19654826,-1.78251156,-0.13686402,-1.92497661,-0.39970055,-1.78731599,-0.57056105,-1.31753306,0.94184426,0.36362112,0.31451635,0.50178263,0.65821445,0.29662585,0.11429565,0.13515311,0.17700243,0.94184426,1.25769231,1.34999426,1.34814932,0.36362112,0.60118966,0.90506230,0.31451635,0.76088907,0.50178263,1.36269120,1.89668453,2.03482658,1.90964966,1.51944964
922,0.08824744,0.03464465,0.02763344,0.02905167,0.02803309,0.72556318,-1.16273122,0.20031383,-1.86250859,-0.13482714,-1.97800541,-0.39113716,-1.84750434,-0.56336341,-1.37326460,0.97986380,0.35490624,0.29983989,0.50602402,0.67004136,0.33056152,0.11512730,0.13522447,0.17759491,0.97986380,1.27085272,1.36218926,1.34828789,0.35490624,0.59547049,0.91313599,0.29983989,0.75138582,0.50602402,1.37788668,1.96192363,2.07153247,1.95761353,1.55911365
923,0.08375101,0.03473887,0.02871200,0.03007170,0.02903834,0.71442335,-1.15202400,0.19921903,-1.85088473,-0.12624826,-1.97489772,-0.38482660,-1.84773180,-0.55701794,-1.36673725,0.97144031,0.34923656,0.29995324,0.51204047,0.65867850,0.35349786,0.11633704,0.13707681,0.17978976,0.97144031,1.26361239,1.35473395,1.33447211,0.34923656,0.58689180,0.90263816,0.29995324,0.75449429,0.51204047,1.36289955,1.94892105,2.06863381,1.95751050,1.55350895
924,0.08227415,0.03533110,0.02989712,0.03071372,0.02872273,0.75235528,-1.18590125,0.24855691,-1.82908757,-0.08960206,-1.98244432,-0.35510397,-1.87449251,-0.55077343,-1.38811791,0.93905639,0.37163543,0.30049419,0.52515505,0.69703242,0.30973352,0.11415080,0.13408142,0.17609155,0.93905639,1.25394516,1.36064970,1.36634558,0.37163543,0.60995698,0.91895945,0.30049419,0.76192862,0.52515505,1.41138796,1.94189645,2.07864896,1.97963027,1.57412370
925,0.08828899,0.03339837,0.02817522,0.02853801,0.02779134,0.77656193,-1.22538418,0.27588410,-1.87316484,-0.05570972,-2.02902234,-0.33734252,-1.92765023,-0.53234980,-1.42776971,0.93998696,0.36789421,0.31036996,0.53777785,0.69303933,0.30846970,0.11475982,0.13276912,0.17549204,0.93998696,1.25838125,1.38002116,1.37705014,0.36789421,0.61758185,0.92673049,0.31036996,0.77629511,0.53777785,1.45602801,1.98196102,2.12210146,2.02929233,1.60403748
926,0.09041368,0.03023604,0.02582478,0.02689659,0.02752834,0.76604820,-1.20536872,0.30109068,-1.89669880,-0.02557740,-2.01270586,-0.30634825,-1.91490994,-0.51342948,-1.42002553,0.93307659,0.34812860,0.30383908,0.53721363,0.62971715,0.29764244,0.11338366,0.13231992,0.17425388,0.93307659,1.21773711,1.34357553,1.34668191,0.34812860,0.60848313,0.94559083,0.30383908,0.77301424,0.53721363,1.43232845,1.99193622,2.08954424,2.00223889,1.58140510
927,0.09331187,0.02953193,0.02488471,0.02502256,0.02583318,0.77429087,-1.27592223,0.29085851,-2.00491540,-0.04728010,-2.12104056,-0.31986574,-2.00848936,-0.53879669,-1.49292654,0.97371422,0.35809987,0.30027181,0.56075189,0.65744685,0.31435584,0.11405697,0.12910027,0.17226687,0.97371422,1.26094371,1.37374172,1.38003895,0.35809987,0.61180576,0.97693441,0.30027181,0.80188506,0.56075189,1.49642331,2.09568494,2.19336794,2.09438573,1.65630704
928,0.09255078,0.02699930,0.02155214,0.02393949,0.02679914,0.72443937,-1.22854603,0.24553726,-1.98947830,-0.09628528,-2.14186703,-0.32916185,-1.98220959,-0.53675727,-1.42602221,0.97862661,0.37726378,0.28434858,0.59402152,0.58651594,0.32695846,0.11565223,0.13095452,0.17471269,0.97862661,1.30235161,1.35587050,1.33187821,0.37726378,0.57491371,0.96411155,0.28434858,0.84224941,0.59402152,1.42975318,2.06281886,2.20960314,2.07078725,1.59755240
929,0.09121861,0.03084943,0.02557702,0.02805979,0.03089451,0.66973764,-1.20104649,0.20778843,-1.92411264,-0.11125255,-2.06653977,-0.33847590,-1.90287397,-0.53050218,-1.33741007,0.95648368,0.35254665,0.28605375,0.59803295,0.66684315,0.37252398,0.11664021,0.13745774,0.18027637,0.95648368,1.25685216,1.29547674,1.26614415,0.35254665,0.54679411,0.94401454,0.28605375,0.84590766,0.59803295,1.38127001,2.01260642,2.15462240,2.00706798,1.52623119
930,0.08490720,0.03411987,0.02930208,0.02930617,0.03143103,0.60797574,-1.10775416,0.18982724,-1.83543217,-0.11152620,-1.96376068,-0.33319941,-1.79655224,-0.50355022,-1.25179932,0.95851756,0.33748448,0.29981876,0.57537408,0.79177362,0.47531686,0.11757361,0.14969565,0.19034794,0.95851756,1.24368281,1.24347184,1.17678194,0.33748448,0.52543199,0.91230985,0.29981876,0.83371681,0.57537408,1.27290368,1.94546126,2.08701744,1.91844231,1.44314884
931,0.08116211,0.03474917,0.02997268,0.02891930,0.03073582,0.61296612,-1.10611741,0.20525341,-1.84029844,-0.09756000,-1.98344251,-0.31264992,-1.82475676,-0.47938900,-1.25405539,0.97217204,0.34629603,0.28863579,0.59891400,0.80480459,0.46367315,0.11582489,0.15149794,0.19070142,0.97217204,1.26818578,1.26212591,1.17153455,0.34629603,0.51856116,0.90613322,0.28863579,0.84295008,0.59891400,1.27174828,1.95414202,2.10973102,1.94719519,1.44386897
932,0.08135518,0.03428192,0.03027833,0.03114089,0.03157458,0.63063302,-1.14294701,0.18869656,-1.84440943,-0.09926338,-1.95750427,-0.34209280,-1.83019144,-0.50007539,-1.26713581,0.96076308,0.31591835,0.29043594,0.58715383,0.80725912,0.45697811,0.11609334,0.14903897,0.18891871,0.96076308,1.22399956,1.27448733,1.20616666,0.31591835,0.53193274,0.90264491,0.29043594,0.81194950,0.58715383,1.31372210,1.95920844,2.08034734,1.95662352,1.46868163
933,0.07749801,0.03229773,0.02681272,0.02978353,0.03130256,0.62693521,-1.11188766,0.14541118,-1.82561699,-0.14121986,-1.95852053,-0.36369507,-1.80913085,-0.51232374,-1.24244231,0.97552880,0.32234089,0.27915116,0.58760070,0.73619933,0.47955978,0.11815674,0.14761656,0.18908111,0.97552880,1.25695284,1.29033946,1.21419103,0.32234089,0.50957344,0.88105245,0.27915116,0.81591913,0.58760070,1.28484486,1.92882047,2.07448876,1.93764417,1.45049393
934,0.07794164,0.03238834,0.02877582,0.02997590,0.03215922,0.62510558,-1.09557893,0.18459444,-1.81240493,-0.10926493,-1.90781780,-0.34409314,-1.78459345,-0.49341364,-1.20542898,0.96009553,0.32096734,0.28421648,0.60094368,0.74750413,0.49885705,0.11921648,0.15258809,0.19363805,0.96009553,1.22512455,1.27047130,1.18927404,0.32096734,0.52963851,0.91298086,0.28421648,0.81652115,0.60094368,1.26852886,1.91713088,2.02968618,1.90832022,1.40375582
935,0.08203340,0.03552247,0.03118118,0.03106277,0.03462584,0.61506605,-1.05265376,0.18328034,-1.77812913,-0.11118915,-1.91519994,-0.32680444,-1.75911123,-0.47481198,-1.18539828,0.96455900,0.33474531,0.28644206,0.59610319,0.76714536,0.49802053,0.11839637,0.15664793,0.19635751,0.96455900,1.25345035,1.25747863,1.16058751,0.33474531,0.51104387,0.89026599,0.28644206,0.83316750,0.59610319,1.22776271,1.88923877,2.03955832,1.88291945,1.37920407
936,0.07552589,0.03676650,0.03558706,0.03489183,0.03794072,0.57851011,-0.98535757,0.18196524,-1.64354791,-0.09033276,-1.74289881,-0.28896991,-1.61223109,-0.44042240,-1.07138872,0.93267367,0.30849580,0.26889276,0.56616190,0.80819908,0.50923333,0.11804134,0.16735151,0.20479327,0.93267367,1.19307920,1.18498287,1.11212739,0.30849580,0.47239805,0.85033769,0.26889276,0.78247931,0.56616190,1.14681503,1.76828812,1.89256788,1.74660738,1.27602202
937,0.07982283,0.03300293,0.03028570,0.03132294,0.03250033,0.60714446,-1.10436968,0.17146456,-1.77779291,-0.10968448,-1.91384191,-0.33953776,-1.74831080,-0.49298962,-1.18366437,0.93746317,0.31617836,0.30342293,0.58780278,0.76292569,0.45474966,0.11684040,0.15373578,0.19309679,0.93746317,1.20611770,1.22149922,1.16327842,0.31617836,0.51531469,0.89881394,0.30342293,0.84097708,0.58780278,1.26958065,1.89686233,2.03670341,1.87279792,1.38485757
938,0.08368830,0.02734001,0.02272008,0.02571315,0.02943160,0.67166907,-1.21506338,0.19142791,-1.97559039,-0.13589859,-2.15377178,-0.37418227,-1.92538152,-0.54529807,-1.31252486,0.98816675,0.37452591,0.33355631,0.63675214,0.63528391,0.41677167,0.11718520,0.13631588,0.17976204,0.98816675,1.31626076,1.32547973,1.27689407,0.37452591,0.56794132,0.99179269,0.33355631,0.93836046,0.63675214,1.39474767,2.05767842,2.23457155,2.03216679,1.50919011
939,0.08741902,0.02922846,0.01918641,0.02241751,0.02614505,0.68754120,-1.23275340,0.12603899,-1.93382465,-0.22073537,-2.11072447,-0.45631309,-1.86785725,-0.60920633,-1.30127791,0.97326810,0.39165803,0.34080748,0.58703104,0.55175715,0.41891828,0.11942166,0.13179135,0.17784963,0.97326810,1.33054694,1.36156263,1.34813029,0.39165803,0.58608049,0.96997882,0.34080748,0.89955658,0.58703104,1.41540387,1.99637849,2.18562290,1.98221029,1.51080376
940,0.08481537,0.03198750,0.02339705,0.02606284,0.02655740,0.74054864,-1.40244950,0.15334791,-2.05162168,-0.24434158,-2.20016106,-0.52460091,-1.99177673,-0.70808689,-1.39948552,0.97573964,0.42463131,0.35532762,0.62036505,0.68366385,0.43919226,0.11347709,0.11946138,0.16476672,0.97573964,1.34182741,1.44521194,1.49167496,0.42463131,0.68288125,1.08306571,0.35532762,0.92916553,0.62036505,1.59391731,2.14031005,2.29347192,2.12784666,1.65073795
941,0.08588067,0.03315357,0.02518983,0.02956033,0.02997595,0.76356990,-1.38474110,0.15190821,-1.94394845,-0.26589487,-2.10372796,-0.54951559,-1.95710206,-0.73592024,-1.34313762,0.92531707,0.44750976,0.32706497,0.64230033,0.65537381,0.41021500,0.11247360,0.11764269,0.16275784,0.92531707,1.32559676,1.47547336,1.53480959,0.44750976,0.70391302,1.07552433,0.32706497,0.89968972,0.64230033,1.58991054,2.03336361,2.20100157,2.09799655,1.60796337
942,0.09093611,0.03812528,0.02771856,0.03330721,0.03390427,0.78341407,-1.38558979,0.18701411,-1.82254548,-0.25611449,-1.99672939,-0.54460503,-1.87980266,-0.72176911,-1.28293266,0.86240833,0.47627605,0.31795294,0.62296972,0.69397394,0.42251608,0.11323332,0.11736219,0.16308179,0.86240833,1.28907860,1.46991931,1.55330521,0.47627605,0.73577585,1.05952574,0.31795294,0.85658328,0.62296972,1.59892890,1.92648615,2.10267616,2.03088887,1.56158595
943,0.09070618,0.03741650,0.02608898,0.03253752,0.03725098,0.81966629,-1.35728113,0.22918554,-1.75733618,-0.23305452,-1.93483541,-0.54383883,-1.83750424,-0.74397567,-1.25752489,0.82784523,0.49579417,0.32816640,0.61355003,0.67257180,0.40845397,0.11245901,0.10869340,0.15640104,0.82784523,1.28074586,1.50130070,1.61746134,0.49579417,0.77731714,1.09416795,0.32816640,0.84954413,0.61355003,1.58921017,1.84908792,2.02573628,1.98364184,1.54721116
944,0.07916718,0.03809430,0.02908798,0.03843589,0.04296908,0.88062815,-1.32985686,0.32892064,-1.67915244,-0.11031757,-1.89023389,-0.45250819,-1.79671950,-0.67176121,-1.23384556,0.80452458,0.48781700,0.35629237,0.60406891,0.68595389,0.39710272,0.11210004,0.10816316,0.15577448,0.80452458,1.24013567,1.48511245,1.62171995,0.48781700,0.79030469,1.09534416,0.35629237,0.86436893,0.60406891,1.59593893,1.78970830,1.97077030,1.92263165,1.49590918
945,0.08670683,0.04051631,0.02991600,0.04347198,0.05087404,0.93360573,-1.25611389,0.41352024,-1.54984926,-0.01587447,-1.78994691,-0.35619131,-1.65023966,-0.60034494,-1.17223549,0.75003452,0.49212596,0.36977048,0.53686146,0.65096683,0.29720623,0.11071554,0.10315050,0.15132071,0.75003452,1.18488625,1.41524530,1.59800377,0.49212596,0.77662266,1.08198954,0.36977048,0.85080428,0.53686146,1.56624602,1.68450956,1.86599225,1.75782081,1.40898041
946,0.08591447,0.04645364,0.03526617,0.05016517,0.05926705,0.97002174,-1.23634073,0.44143898,-1.49781393,0.01016817,-1.72649607,-0.29864112,-1.59461825,-0.57563081,-1.11801754,0.75395664,0.48815096,0.33850988,0.55177087,0.67474427,0.31563735,0.11025505,0.10216372,0.15031168,0.75395664,1.17523354,1.38534023,1.61413209,0.48815096,0.74767876,1.08585097,0.33850988,0.84484209,0.55177087,1.57244644,1.64756699,1.80439627,1.69229723,1.35534310
947,0.08116155,0.04865098,0.03588544,0.05191737,0.06476628,1.00435236,-1.20204579,0.50437254,-1.45251597,0.10584435,-1.67618771,-0.24045909,-1.56000679,-0.55312940,-1.10210966,0.74410662,0.45701931,0.36847146,0.55463659,0.75029218,0.29175572,0.10977008,0.09869577,0.14761546,0.74410662,1.12988640,1.36990579,1.62700584,0.45701931,0.75388375,1.11447847,0.36847146,0.87465162,0.55463659,1.56782533,1.63554939,1.77077681,1.65959720,1.34078820
948,0.09109337,0.04558335,0.04023176,0.05796936,0.07428497,1.05210870,-1.21861297,0.56642730,-1.44688973,0.15679728,-1.64879393,-0.18756333,-1.54086978,-0.52059936,-1.08365864,0.72926149,0.45793836,0.36712226,0.56572296,0.77042465,0.23819055,0.10885548,0.09914100,0.14723605,0.72926149,1.12473717,1.36103689,1.64161178,0.45793836,0.76056698,1.14691210,0.36712226,0.88551654,0.56572296,1.61256790,1.66049011,1.76827243,1.64746817,1.31901309
949,0.08788764,0.04807113,0.04385734,0.06500732,0.07895866,1.09701228,-1.23686652,0.62043299,-1.40869708,0.23369082,-1.63967114,-0.12909776,-1.50034442,-0.49650674,-1.07402579,0.73979490,0.45194847,0.39689340,0.56284770,0.86804585,0.22863632,0.10806606,0.09772621,0.14570067,0.73979490,1.11310852,1.34829195,1.67430478,0.45194847,0.75639452,1.16715131,0.39689340,0.92787694,0.56284770,1.65627291,1.66661563,1.78870722,1.61914711,1.32090333
950,0.08171592,0.04604880,0.03758917,0.05620221,0.08021572,1.14142427,-1.16592018,0.69901893,-1.37810079,0.32298017,-1.57891517,-0.06573885,-1.46535782,-0.47148477,-1.03883703,0.72430944,0.43048067,0.40634862,0.58897342,0.84430766,0.12241579,0.10623322,0.09058742,0.13961224,0.72430944,1.09162979,1.36366178,1.70587619,0.43048067,0.77017090,1.21870489,0.40634862,0.96205782,0.58897342,1.63179117,1.64212294,1.72515643,1.57808945,1.27244963
951,0.05120288,0.04162023,0.04711742,0.06032514,0.07873119,1.20167878,-1.17749844,0.80253362,-1.31686164,0.40020389,-1.41333859,-0.02094625,-1.36742453,-0.48291949,-1.05551552,0.69663235,0.41453631,0.42917265,0.55761138,0.91048588,0.17889885,0.10380234,0.08445094,0.13381662,0.69663235,1.01672201,1.33857231,1.76894176,0.41453631,0.82614538,1.31204873,0.42917265,0.95437252,0.55761138,1.68255327,1.63146428,1.57139093,1.45256188,1.26564128
952,0.04103406,0.05978874,0.05274097,0.06499242,0.09809251,1.20520008,-1.13581623,0.86483477,-1.26246990,0.43258661,-1.40504004,0.02164198,-1.35810718,-0.43445132,-1.05709578,0.74055322,0.45541141,0.42852763,0.54731077,0.97970594,0.13803389,0.10379568,0.08832789,0.13629145,0.74055322,1.03266478,1.31093561,1.71244772,0.45541141,0.85810706,1.32483894,0.42852763,0.94503769,0.54731077,1.65608474,1.66298116,1.60165208,1.45569354,1.24477980
953,0.04134794,0.05365317,0.05507417,0.07559237,0.11686019,1.09292405,-1.14037507,0.91257797,-1.14400668,0.46176581,-1.30605552,0.08769676,-1.26150462,-0.38500496,-1.00276690,0.67232003,0.47906450,0.38428685,0.53914558,1.01247356,0.09980566,0.10619045,0.09192820,0.14045357,0.67232003,0.92177287,1.16443883,1.58581616,0.47906450,0.83636010,1.30830903,0.38428685,0.90422432,0.53914558,1.58018539,1.61916279,1.55042905,1.40852559,1.23204673
954,0.04295994,0.05150835,0.04989086,0.06316777,0.11147585,1.07447312,-1.09538198,0.96888963,-1.10997133,0.53100785,-1.21791590,0.14523529,-1.18925541,-0.35363808,-0.90309074,0.75173272,0.45235982,0.39299463,0.57512882,1.11306525,0.11272166,0.10203500,0.10627995,0.14733150,0.75173272,0.95796128,1.17320169,1.60769539,0.45235982,0.82816514,1.33897565,0.39299463,0.94134219,0.57512882,1.54050259,1.71678442,1.61402482,1.46730841,1.28961039
955,0.05264774,0.06595167,0.04762235,0.08072163,0.11608260,0.84112570,-0.92796844,0.90976552,-0.97301751,0.52767074,-1.03791047,0.15164628,-0.99703422,-0.32641958,-0.80582915,0.72471631,0.39824456,0.39812510,0.51830842,1.12799248,0.04095112,0.10509701,0.11264387,0.15405850,0.72471631,0.87699700,0.97605067,1.33130526,0.39824456,0.75920185,1.25083656,0.39812510,0.90392880,0.51830842,1.26694428,1.61390303,1.53664140,1.33749423,1.19447203
956,0.05849138,0.03319741,0.06430854,0.08386547,0.09488387,0.64264561,-0.78550081,0.89880798,-0.76212427,0.50777023,-0.77294033,0.20470334,-0.85528001,-0.20394579,-0.69258346,0.74860799,0.41128992,0.34066961,0.44713336,1.20559000,-0.35986386,0.10454234,0.13301863,0.16918350,0.74860799,0.84101986,0.82698771,1.05205474,0.41128992,0.70034579,1.10823931,0.34066961,0.74707031,0.44713336,1.03964715,1.50029958,1.40338245,1.27528841,1.11003494
957,0.05327840,0.04682202,0.05141974,0.08498974,0.08950455,0.74761464,-0.57026208,0.94644206,-0.63116379,0.50218733,-0.71477173,0.15774639,-0.70017638,-0.22317431,-0.59569817,0.80352156,0.46037862,0.38437440,0.40117450,1.21855597,-0.17726464,0.10072010,0.13482702,0.16829398,0.80352156,0.90907023,0.91952535,1.15386180,0.46037862,0.79602929,1.18011350,0.38437440,0.77330464,0.40117450,0.96132199,1.49901660,1.37614477,1.14596121,1.04033569
958,0.05471064,0.04775743,0.04560865,0.09832085,0.11027874,0.65743547,-0.42438510,0.82850966,-0.47338744,0.47594970,-0.48432076,0.17885292,-0.51054431,-0.18574142,-0.39479370,0.76916592,0.38058418,0.32827996,0.39306853,1.24151750,0.10096387,0.09940652,0.15114165,0.18090178,0.76916592,0.91148128,0.89725339,1.07342228,0.38058418,0.65074393,1.02080839,0.32827996,0.70543864,0.39306853,0.81070104,1.35371706,1.29538317,1.10714077,0.97824748
959,0.05128656,0.03659441,0.03793873,0.09181431,0.11023013,0.62392762,-0.41885091,0.86851307,-0.45309220,0.60599423,-0.43496502,0.24690459,-0.48984124,-0.14379672,-0.41125097,0.79968071,0.33243415,0.39290296,0.40766633,1.25599605,-0.07833713,0.10160766,0.14916962,0.18048737,0.79968071,0.96403453,0.89989096,1.05815884,0.33243415,0.62498145,1.01369242,0.39290296,0.78627952,0.40766633,0.77687754,1.36989843,1.37977227,1.15025872,1.02264101
960,0.05241660,0.03538523,0.03930220,0.08239046,0.09633104,0.61142899,-0.41845621,0.82390995,-0.41694272,0.50452974,-0.45189717,0.18749281,-0.48987042,-0.16623178,-0.38810301,0.79454720,0.36929128,0.35523982,0.38232343,1.27235948,-0.10645840,0.10277891,0.15299990,0.18431623,0.79454720,0.95427654,0.90114513,1.03914111,0.36929128,0.64112481,0.99355234,0.35523982,0.72189047,0.38232343,0.76275543,1.32256296,1.31651170,1.10556654,0.96686175
961,0.05809037,0.03750207,0.04738130,0.09405442,0.09339957,0.63211353,-0.48601928,0.85307163,-0.47522260,0.52031515,-0.50549995,0.19589950,-0.50380978,-0.16354214,-0.43414740,0.81736628,0.36294040,0.36469065,0.37494569,1.22994700,-0.21698013,0.10157325,0.15389897,0.18439636,0.81736628,0.93548023,0.87819185,1.04868220,0.36294040,0.65826375,1.02291921,0.36469065,0.73072947,0.37494569,0.81613986,1.37002308,1.31988131,1.08092994,0.97296066
962,0.04744871,0.03724483,0.06295136,0.09163023,0.09644501,0.85258145,-0.83886847,1.14616275,-0.75498036,0.70493346,-0.80106373,0.37095410,-0.95528170,-0.14154276,-0.84337057,0.83411969,0.44363347,0.39249902,0.52499608,1.17931723,-0.31581096,0.09845993,0.10901239,0.14689472,0.83411969,0.79293506,0.81041474,1.17174390,0.44363347,0.81195850,1.30012867,0.39249902,0.86212045,0.52499608,1.20438818,1.65090095,1.40852953,1.28940424,1.14506566
963,0.05590114,0.05138391,0.04323360,0.08543876,0.08680944,0.81347271,-0.78458326,1.12142201,-0.83269175,0.71717215,-1.00388851,0.31484918,-0.90887289,-0.18147538,-0.76535969,0.82101134,0.45703208,0.42859474,0.51672191,1.09445013,0.05150528,0.10006963,0.11550359,0.15282347,0.82101134,0.91842033,0.92863641,1.25536784,0.45703208,0.81028253,1.30464865,0.42859474,0.93765164,0.51672191,1.13159246,1.61768462,1.55294750,1.27046308,1.13755979
964,0.05782055,0.03223323,0.03456146,0.04895254,0.07308144,0.91558398,-1.22638523,1.31083014,-1.09228300,0.88076129,-1.41421888,0.38584157,-1.44920092,-0.21052180,-1.07871103,0.82019135,0.54047028,0.49615970,0.70207764,1.05710070,-0.06206291,0.09650859,0.09146976,0.13296851,0.82019135,0.78874997,0.95884829,1.37022237,0.54047028,0.99336539,1.52261449,0.49615970,1.14169433,0.70207764,1.53097798,1.83175825,1.81718240,1.66696026,1.31764444
965,0.06757557,0.02255409,0.02709091,0.04758485,0.06991487,0.89212273,-1.34257654,1.23550536,-1.31938478,0.77606760,-1.58283435,0.32033981,-1.55301978,-0.25860202,-1.12449927,0.69465591,0.53618226,0.45673765,0.72047041,1.03447088,0.10464558,0.09772983,0.08645560,0.13048253,0.69465591,0.73707595,0.92259645,1.36927100,0.53618226,0.94873787,1.51048392,0.45673765,1.13186038,0.72047041,1.61262286,1.89141384,1.87564889,1.71237991,1.33071714
966,0.06150740,0.02855636,0.03177806,0.04257756,0.06367589,1.18619146,-1.14753984,1.02858208,-1.44059201,0.67800337,-1.71938934,0.24577330,-1.71844423,-0.26501743,-1.21373885,0.71208181,0.45002532,0.43325234,0.71818578,1.09021909,0.06951088,0.09989689,0.08400392,0.13052221,0.71208181,1.01893410,1.30544221,1.61924968,0.45002532,0.83387604,1.31613270,0.43325234,1.07086583,0.71818578,1.65117010,1.86268088,1.95053463,1.85472415,1.40940442
967,0.04413892,0.02889525,0.02075161,0.03428110,0.04507928,1.21902169,-1.28914811,0.96038279,-1.52009680,0.60833615,-1.88377821,0.21695693,-1.75433222,-0.24806468,-1.29056965,0.69107887,0.51159833,0.41233418,0.65787544,1.01668496,0.32097571,0.10197291,0.08696288,0.13401872,0.69107887,1.08551178,1.29802227,1.63418854,0.51159833,0.78392681,1.23609583,0.41233418,1.04287820,0.65787544,1.77445141,1.88631012,2.08186968,1.88474070,1.48538737
968,0.05124801,0.02984126,0.02716868,0.03149592,0.04147408,1.20998022,-1.31610273,0.94025204,-1.78166016,0.58921019,-2.02012038,0.22651186,-1.89234496,-0.24122238,-1.36641211,0.78768412,0.42978173,0.38457781,0.70678375,0.93530889,0.35435970,0.10602198,0.09892281,0.14500477,0.78768412,1.13787413,1.31121329,1.61750562,0.42978173,0.72593153,1.25982939,0.38457781,1.05913348,0.70678375,1.78823808,2.08439159,2.18899589,2.00044732,1.54187657
969,0.05260222,0.03023815,0.02252422,0.03393003,0.04345663,1.22284426,-1.35386934,0.94322945,-1.90148691,0.59465127,-2.19557821,0.23021683,-2.03502895,-0.26533575,-1.46888207,0.85649776,0.46990653,0.39837030,0.75359120,0.91476043,0.32096244,0.10478010,0.10324864,0.14710252,0.85649776,1.26745200,1.39205808,1.66662601,0.46990653,0.73264449,1.29184210,0.39837030,1.12636038,0.75359120,1.82507321,2.19153834,2.36811960,2.14812258,1.64468370
970,0.05344685,0.03087310,0.02268212,0.03758642,0.04454190,1.14894799,-1.35708921,0.89939067,-1.93184193,0.56888506,-2.23147392,0.21001588,-2.04350143,-0.25163935,-1.48317653,0.88057966,0.47048802,0.40637546,0.72672507,0.96547610,0.41041449,0.10715989,0.11083679,0.15416885,0.88057966,1.30043971,1.37652556,1.60253918,0.47048802,0.70818206,1.24443055,0.40637546,1.11049961,0.72672507,1.77876152,2.20627175,2.41310147,2.16677477,1.66839027
971,0.05409449,0.03456493,0.02889950,0.04219194,0.04935459,0.99616376,-1.22197653,0.80526722,-1.72915518,0.52723717,-1.98703213,0.19495124,-1.82426074,-0.20326988,-1.31441396,0.86432369,0.44498246,0.38087087,0.64715858,1.07571238,0.42610543,0.10881558,0.12722372,0.16741178,0.86432369,1.27527874,1.29240925,1.44405732,0.44498246,0.63391195,1.09768098,0.38087087,0.99878837,0.64715858,1.57676466,2.01468581,2.23673340,1.99790477,1.53883792
972,0.05562900,0.03314347,0.02749640,0.04173755,0.04718874,0.95640045,-1.20118582,0.76791873,-1.73220547,0.49745241,-1.97759974,0.18491779,-1.81993455,-0.20497325,-1.30414685,0.87280280,0.42439107,0.36100179,0.64689337,1.04019131,0.36287794,0.11057021,0.13167105,0.17193905,0.87280280,1.26200784,1.26856275,1.39946310,0.42439107,0.60328897,1.06831861,0.36100179,0.97916209,0.64689337,1.53552960,2.00291017,2.21521888,1.98752665,1.52161804
973,0.06029799,0.03470925,0.03037604,0.04121597,0.04809428,0.84210342,-1.06267625,0.68873618,-1.61160980,0.46160428,-1.81530833,0.16711685,-1.66965883,-0.18191593,-1.17861315,0.88668752,0.39651291,0.34452904,0.60373736,1.02180186,0.41798769,0.11413094,0.14775782,0.18670363,0.88668752,1.25729391,1.22917131,1.29815153,0.39651291,0.54571988,0.97859851,0.34452904,0.91650332,0.60373736,1.35648521,1.86540688,2.07466636,1.85395948,1.40825906
974,0.06059732,0.03414852,0.03315195,0.04616778,0.04651617,0.87014310,-1.11146706,0.67358362,-1.69714967,0.44410199,-1.92830956,0.15745881,-1.75152141,-0.18974959,-1.24064118,0.89661581,0.40591503,0.34819088,0.61807015,0.95100467,0.37390699,0.11499289,0.14419323,0.18443170,0.89661581,1.28236857,1.25035263,1.32359275,0.40591503,0.54128982,0.98553047,0.34819088,0.94165759,0.61807015,1.41268629,1.91995873,2.14801898,1.91076750,1.44985039
975,0.06848668,0.03834343,0.04095362,0.04849154,0.05115783,0.75924548,-0.93849106,0.60814376,-1.50239310,0.40182549,-1.70858165,0.14588752,-1.53018002,-0.14691466,-1.05521491,0.91396319,0.38468389,0.32696502,0.55976580,1.01829871,0.43652499,0.11729526,0.16815774,0.20502489,0.91396319,1.27708017,1.20802392,1.22186724,0.38468389,0.48769512,0.88417423,0.32696502,0.86508456,0.55976580,1.20893122,1.74173855,1.96725775,1.72853152,1.30046964
976,0.07514888,0.03355181,0.03874605,0.04470715,0.04736642,0.73950601,-0.93741068,0.61409984,-1.52689997,0.40412626,-1.71592229,0.13998324,-1.53695552,-0.15076891,-1.07258916,0.91541355,0.38864608,0.33710450,0.54924509,0.97875538,0.42266493,0.11832766,0.16887865,0.20620726,0.91541355,1.27762525,1.19852762,1.21012007,0.38864608,0.49987644,0.89759406,0.33710450,0.86228915,0.54924509,1.19612944,1.75779238,1.97226344,1.72723230,1.31002286
977,0.08038507,0.03890985,0.04108524,0.04347000,0.04560681,0.71979157,-0.89782459,0.57740493,-1.47153634,0.38265134,-1.66459520,0.14353001,-1.50069758,-0.13257233,-1.05202140,0.91686348,0.36956691,0.30346101,0.52709559,0.97795465,0.41857438,0.12051916,0.17437503,0.21197056,0.91686348,1.26549501,1.19719004,1.20798174,0.36956691,0.46268251,0.83664240,0.30346101,0.80751178,0.52709559,1.15656483,1.68549776,1.90015048,1.68066364,1.28505968
978,0.07929565,0.03861072,0.04428419,0.04474971,0.04770431,0.68464143,-0.84980045,0.57154522,-1.41495920,0.38151511,-1.58823491,0.15353770,-1.42001474,-0.10722485,-0.99937737,0.92501169,0.36462656,0.29280214,0.49512426,0.96143675,0.44616489,0.12145950,0.18392365,0.22040943,0.92501169,1.26549300,1.19659450,1.20317312,0.36462656,0.45697767,0.81382444,0.29280214,0.77036632,0.49512426,1.10131589,1.63082574,1.83385642,1.61779049,1.25116387
979,0.08268479,0.04121098,0.04794709,0.04955372,0.05002040,0.66745692,-0.82653184,0.55426353,-1.39776011,0.36352715,-1.57918916,0.15152701,-1.40632984,-0.10046033,-1.00009689,0.92852239,0.35969349,0.28233117,0.47819465,0.96489675,0.44141970,0.12107020,0.18878662,0.22427301,0.92852239,1.26353994,1.18723348,1.18546811,0.35969349,0.43928362,0.78319442,0.28233117,0.74656738,0.47819465,1.07516570,1.60380737,1.80854458,1.59316848,1.23697191
980,0.08628607,0.04076662,0.04682650,0.04968610,0.05053571,0.66374825,-0.80036961,0.55460051,-1.40290031,0.37865474,-1.59552554,0.15886106,-1.40887878,-0.09376428,-0.99597892,0.94679313,0.35470549,0.29414050,0.48415151,0.92983283,0.42584586,0.11915365,0.19104299,0.22515553,0.94679313,1.28056636,1.20128419,1.18839184,0.35470549,0.43572982,0.78465717,0.29414050,0.76632108,0.48415151,1.05826403,1.59736340,1.80973466,1.58451684,1.21961309
981,0.08225577,0.03497892,0.03994610,0.04239478,0.04621963,0.67828356,-0.83484208,0.56813382,-1.48521233,0.39088907,-1.69268648,0.17511901,-1.49312451,-0.09302617,-1.04189207,0.98040719,0.35537524,0.29923862,0.52552354,0.89927335,0.39482941,0.11882931,0.18756162,0.22203551,0.98040719,1.31402505,1.22092817,1.18171277,0.35537524,0.42884930,0.80925380,0.29923862,0.81512356,0.52552354,1.09116677,1.67998981,1.90008422,1.66404068,1.25182911
982,0.06827447,0.02976182,0.03499377,0.03526737,0.04132517,0.69266354,-0.89010115,0.59509857,-1.59626027,0.40393849,-1.79786379,0.17318380,-1.63549443,-0.10098300,-1.12866541,0.99274552,0.37336887,0.28618620,0.57654052,0.89522332,0.42904749,0.12023989,0.18383455,0.21966514,0.99274552,1.33852727,1.27357871,1.20416067,0.37336887,0.46923593,0.85822851,0.28618620,0.84096669,0.57654052,1.14087633,1.78090072,1.99651161,1.79558821,1.33287379
983,0.07559465,0.03930216,0.04262616,0.04534777,0.04756804,0.61009222,-0.77836340,0.52843829,-1.42669895,0.37169065,-1.61851561,0.15219622,-1.42977944,-0.08342144,-0.99214614,0.99028534,0.35101985,0.29012262,0.49721332,0.93720239,0.55311653,0.12258448,0.20072257,0.23519462,0.99028534,1.32223569,1.25765827,1.20342706,0.35101985,0.44067874,0.78091143,0.29012262,0.77494602,0.49721332,1.01189194,1.61106733,1.83412205,1.62604654,1.24401508
984,0.08040531,0.04327906,0.05135060,0.05551051,0.05539382,0.57833155,-0.71613370,0.51022758,-1.37546312,0.34959707,-1.53538350,0.14074226,-1.34470702,-0.07833505,-0.94491132,1.02060738,0.31428914,0.28280412,0.45588571,0.93456086,0.61058986,0.12702729,0.20727641,0.24310377,1.02060738,1.30809225,1.25512270,1.21383743,0.31428914,0.43024854,0.76136228,0.28280412,0.72923560,0.45588571,0.95536203,1.55659168,1.73906289,1.54065009,1.20223684
985,0.08397070,0.04272827,0.05261992,0.05761715,0.05741154,0.56988305,-0.68219454,0.50753743,-1.35901673,0.34472504,-1.51613270,0.12947148,-1.29930902,-0.08321622,-0.89449267,1.06071618,0.32205433,0.30596130,0.45761774,0.93293052,0.64647406,0.12796760,0.21090531,0.24669162,1.06071618,1.35465320,1.27670438,1.22123305,0.32205433,0.43797084,0.77653002,0.30596130,0.75544931,0.45761774,0.92816504,1.55048540,1.73791460,1.51088478,1.16565228
986,0.08284024,0.04487137,0.05293541,0.06042159,0.06260469,0.58882636,-0.63668577,0.51935949,-1.31748410,0.35670351,-1.52924024,0.14054268,-1.29170325,-0.07533201,-0.87750572,1.10734429,0.35925141,0.32189858,0.46804346,0.92417945,0.67115910,0.12610150,0.20622229,0.24172137,1.10734429,1.44383783,1.34776580,1.27318465,0.35925141,0.43816223,0.76342490,0.32189858,0.78363726,0.46804346,0.92253086,1.52138013,1.76065879,1.51271977,1.15330170
987,0.08687709,0.04255971,0.05166114,0.05830834,0.06254687,0.59622331,-0.64018329,0.52738714,-1.32173377,0.36152497,-1.51146531,0.14750698,-1.27875885,-0.07742126,-0.86405077,1.09981379,0.34909132,0.31627746,0.47201129,0.94521114,0.71135477,0.12662143,0.20550288,0.24138024,1.09981379,1.42429729,1.34330404,1.29116319,0.34909132,0.44765113,0.78919360,0.31627746,0.78254145,0.47201129,0.92367475,1.53076387,1.75048769,1.51394986,1.16801698
988,0.07329833,0.03823188,0.04256319,0.04680236,0.05274750,0.59936499,-0.73800120,0.51745383,-1.37415234,0.35179213,-1.55924492,0.13694324,-1.34574534,-0.09390322,-0.91972391,1.01803287,0.34445813,0.30304944,0.48473648,0.91631210,0.64588729,0.12139354,0.20110298,0.23490168,1.01803287,1.33977375,1.27368996,1.23498621,0.34445813,0.44490827,0.79156185,0.30304944,0.77985974,0.48473648,0.97659260,1.57412777,1.79012105,1.56956959,1.21119674
989,0.07711935,0.03906149,0.04377207,0.04557427,0.04795360,0.60859710,-0.77782343,0.52643158,-1.42724389,0.35117465,-1.60913698,0.13679832,-1.38335636,-0.09387571,-0.95879916,1.01438380,0.34816971,0.31190020,0.48353051,0.91705881,0.60336013,0.12139394,0.19719498,0.23156501,1.01438380,1.33664730,1.25740123,1.21716826,0.34816971,0.45008247,0.80325554,0.31190020,0.78891648,0.48353051,1.01239186,1.61840288,1.82752578,1.59072604,1.22386731
990,0.08577039,0.04503091,0.05328961,0.05926578,0.05993675,0.57586768,-0.68648318,0.50362831,-1.32593239,0.33745606,-1.49409360,0.12644476,-1.25109253,-0.08755969,-0.85614928,1.04070563,0.34095842,0.32183876,0.44969875,0.95333409,0.72442581,0.12588913,0.20409571,0.23979811,1.04070563,1.35656935,1.28712195,1.24901114,0.34095842,0.45751724,0.78840093,0.32183876,0.76679407,0.44969875,0.93449343,1.52219501,1.72725567,1.49063035,1.16097901
991,0.08668101,0.04359176,0.05174284,0.05808316,0.05903919,0.57815098,-0.68248985,0.50620920,-1.33255304,0.34138555,-1.50691044,0.13397043,-1.26844426,-0.08184381,-0.87082097,1.04501361,0.34746672,0.31618822,0.45292898,0.91377589,0.69237834,0.12359105,0.20404682,0.23855786,1.04501361,1.36853029,1.28758925,1.24225891,0.34746672,0.44856909,0.77947388,0.31618822,0.76464983,0.45292898,0.93462624,1.52573254,1.73776820,1.49819698,1.16159651
992,0.08753405,0.04447522,0.05124560,0.05645288,0.05670349,0.58897219,-0.71472783,0.50254056,-1.37525471,0.34066197,-1.56716528,0.14305661,-1.33113825,-0.07972164,-0.91320328,1.04267127,0.34097713,0.30792017,0.47382264,0.91271195,0.68682471,0.12316650,0.20284093,0.23730661,1.04267127,1.36200733,1.27665925,1.22809980,0.34097713,0.42537524,0.77205017,0.30792017,0.77773715,0.47382264,0.96678389,1.55538138,1.77278199,1.53350083,1.17394997
993,0.08316244,0.04344442,0.05030208,0.05583486,0.05918949,0.58007833,-0.68908323,0.49322659,-1.33948777,0.33177718,-1.52751474,0.12845857,-1.29157522,-0.08265966,-0.87005183,1.07294562,0.34153922,0.31145781,0.47169052,0.88490364,0.71990982,0.12571493,0.20569196,0.24106727,1.07294562,1.39265699,1.31997969,1.27046185,0.34153922,0.43668339,0.77480348,0.31145781,0.77733334,0.47169052,0.95504199,1.52313477,1.74092982,1.50747896,1.15246569
994,0.07021002,0.03719103,0.04011609,0.04249708,0.04675730,0.61059017,-0.79765913,0.52927605,-1.45053307,0.35795242,-1.65283917,0.15008773,-1.42962986,-0.07371203,-0.97593476,1.03012370,0.34266481,0.30506069,0.50667170,0.85310397,0.58155087,0.11663594,0.19641562,0.22843607,1.03012370,1.34714254,1.27267787,1.20525255,0.34266481,0.43467186,0.78895849,0.30506069,0.80353839,0.50667170,1.03721646,1.63391359,1.85058348,1.61943301,1.21364243
995,0.07403618,0.04230059,0.04709022,0.05094431,0.05502009,0.59517883,-0.70439373,0.51812774,-1.34216886,0.34563736,-1.53736993,0.14394480,-1.30735366,-0.07220237,-0.87336127,1.06036426,0.33702944,0.30592436,0.48568175,0.87163633,0.64162482,0.11719606,0.20265292,0.23410067,1.06036426,1.36906748,1.29947547,1.23921833,0.33702944,0.43314451,0.77663300,0.30592436,0.78500328,0.48568175,0.96912889,1.53869005,1.74921631,1.51954146,1.14209444
996,0.07917274,0.04203918,0.04588148,0.04973607,0.05524813,0.59164685,-0.70691119,0.51326196,-1.32466393,0.34439610,-1.52036144,0.13759609,-1.29646199,-0.08226876,-0.86961944,1.06075194,0.33806844,0.30544456,0.48041501,0.88828847,0.65003668,0.11923492,0.20236179,0.23487712,1.06075194,1.37184858,1.32524953,1.28368749,0.33806844,0.44553688,0.78156669,0.30544456,0.77815300,0.48041501,0.97442672,1.52083541,1.73463288,1.51966784,1.16084706
997,0.07237259,0.03770579,0.03806311,0.03809921,0.04545767,0.62338047,-0.80050217,0.53557438,-1.40870752,0.36958704,-1.61203378,0.14356291,-1.39856457,-0.09254958,-0.94764485,1.01109817,0.34453458,0.31100433,0.50909940,0.87948782,0.56300525,0.11579785,0.19404515,0.22597049,1.01109817,1.33262969,1.28754090,1.25818194,0.34453458,0.45533110,0.80996435,0.31100433,0.80931260,0.50909940,1.04438971,1.60611466,1.82789840,1.61103506,1.22859991
998,0.07975359,0.04133964,0.04179236,0.04291094,0.04873139,0.62811726,-0.76540878,0.54120704,-1.36318883,0.37718858,-1.56212078,0.14854019,-1.35510868,-0.09159942,-0.93189496,1.01417517,0.32519682,0.30844427,0.48696655,0.89989249,0.52660612,0.11528852,0.19558517,0.22703524,1.01417517,1.31284092,1.26787770,1.23990325,0.32519682,0.44079821,0.78694293,0.30844427,0.78564396,0.48696655,1.01680505,1.57843599,1.78696773,1.57231804,1.20882915
999,0.08337819,0.04007774,0.04116753,0.04206493,0.04757412,0.63763199,-0.76550244,0.54612993,-1.36933058,0.37332989,-1.56801685,0.14291382,-1.35322635,-0.08899544,-0.94228109,1.00801373,0.35068546,0.31501225,0.47188990,0.91946252,0.52202704,0.11655042,0.19332184,0.22573731,1.00801373,1.33496023,1.28579234,1.26990036,0.35068546,0.46404778,0.79756988,0.31501225,0.77803712,0.47188990,1.02295280,1.58052518,1.80011197,1.57797800,1.23558912
1000,0.08892231,0.04513363,0.04803420,0.05008694,0.05825490,0.62611057,-0.72061088,0.54706426,-1.29910777,0.38238717,-1.49447118,0.14631860,-1.28560340,-0.09429272,-0.88685292,1.04182113,0.32225444,0.31524712,0.46583724,0.97112670,0.56435065,0.11869120,0.19752114,0.23043915,1.04182113,1.33423514,1.28857831,1.27897459,0.32225444,0.44423176,0.78356800,0.31524712,0.77244186,0.46583724,0.98585944,1.53856239,1.74373566,1.52537573,1.19635195
1001,0.09110437,0.04636601,0.05227739,0.05750434,0.06632067,0.62101601,-0.70228591,0.55492164,-1.24630047,0.38179243,-1.42194381,0.15284035,-1.23462130,-0.09075668,-0.86735804,1.00570484,0.32564632,0.29641425,0.44111390,0.99462254,0.54586356,0.12009695,0.19907484,0.23249531,1.00570484,1.30005019,1.25628801,1.25322799,0.32564632,0.44653448,0.76882460,0.29641425,0.72958384,0.44111390,0.96455523,1.49702441,1.68965216,1.48462211,1.17755182
1002,0.08822605,0.04676153,0.04866974,0.05401471,0.06547554,0.63652225,-0.71705691,0.57526876,-1.23627657,0.41056883,-1.44719428,0.16505191,-1.24295784,-0.08778341,-0.86594855,0.98422904,0.34278289,0.32122370,0.45489618,0.99656650,0.48721867,0.11859895,0.19802503,0.23082379,0.98422904,1.29717756,1.23537187,1.23093181,0.34278289,0.44788657,0.77416930,0.32122370,0.76831026,0.45489618,0.97739423,1.50809478,1.73201315,1.50033186,1.17842297
1003,0.08928700,0.04828919,0.04822961,0.05480914,0.06404156,0.63541552,-0.71633411,0.56938009,-1.22785629,0.38917132,-1.43753397,0.15616126,-1.24477107,-0.10649296,-0.85733214,0.97778782,0.35077494,0.30346733,0.46939192,1.01352180,0.50725164,0.12094408,0.19734528,0.23145762,0.97778782,1.29463455,1.24574564,1.24208855,0.35077494,0.45535410,0.78629277,0.30346733,0.76548617,0.46939192,0.97566242,1.49865222,1.71946022,1.50650057,1.17674430
1004,0.07384972,0.04118444,0.04453901,0.05058493,0.06118648,0.66659040,-0.78650858,0.59230305,-1.30240208,0.40736623,-1.49655867,0.16252898,-1.31485281,-0.10660015,-0.92593516,0.94211923,0.32804666,0.30925911,0.47463162,0.96273435,0.39471861,0.11813105,0.18944187,0.22325583,0.94211923,1.23273924,1.17617118,1.18132309,0.32804666,0.45132322,0.79979774,0.30925911,0.77341065,0.47463162,1.03853360,1.57558924,1.76809693,1.54615504,1.20088595
1005,0.07017541,0.04061787,0.04301426,0.05004865,0.05777305,0.69615820,-0.82879625,0.63758586,-1.35546243,0.43489692,-1.56536188,0.17827628,-1.40026283,-0.11296772,-0.98652763,0.92857024,0.37205003,0.31583703,0.50728664,0.97320611,0.39545767,0.11858962,0.18205199,0.21727040,0.92857024,1.26393037,1.19425641,1.20234007,0.37205003,0.48504905,0.84389057,0.31583703,0.80569954,0.50728664,1.08728588,1.63660917,1.85252343,1.62678465,1.25779521
1006,0.08976220,0.05316819,0.05818014,0.06598699,0.07471160,0.63706447,-0.67260629,0.58949846,-1.13436588,0.40415700,-1.32611789,0.16672826,-1.17071518,-0.10044922,-0.80117357,0.94935801,0.35064220,0.28542396,0.45827865,1.06101337,0.47000096,0.12495294,0.19918420,0.23513311,0.94935801,1.26333470,1.23291218,1.23284142,0.35064220,0.46780047,0.78100046,0.28542396,0.73212865,0.45827865,0.93652163,1.45316319,1.66305370,1.47874046,1.16681871
1007,0.06151404,0.03369246,0.03414301,0.04685760,0.05341140,0.83518650,-1.03606035,0.77076451,-1.49093191,0.50420526,-1.73169360,0.20822831,-1.57222936,-0.14688643,-1.10381370,0.82843323,0.41238086,0.35175269,0.58947543,1.04192740,0.35084895,0.11971255,0.15769113,0.19798380,0.82843323,1.17857618,1.14119293,1.23407453,0.41238086,0.57696246,0.99747315,0.35175269,0.91650210,0.58947543,1.33080510,1.81795806,2.01620286,1.77528272,1.34448667
1008,0.05162704,0.03860086,0.03529740,0.04613619,0.05576115,0.81874023,-0.97737623,0.75786105,-1.37663685,0.51062795,-1.60166226,0.20126453,-1.46287838,-0.14453116,-1.03631687,0.79307591,0.41164403,0.35897049,0.55211102,1.05458421,0.31055579,0.11837747,0.16245226,0.20100737,0.79307591,1.15589083,1.12462356,1.22066425,0.41164403,0.57636721,0.96661320,0.35897049,0.88293575,0.55211102,1.27553433,1.72846189,1.93587728,1.69990240,1.30789025
1009,0.05840669,0.03379215,0.03119003,0.04690685,0.05405345,1.03904192,-1.17753838,0.92165599,-1.64238778,0.62478819,-1.93222532,0.25974290,-1.75195059,-0.17582009,-1.28733719,0.81074354,0.44121337,0.41742552,0.63706954,0.93378577,0.21164371,0.11630506,0.13272356,0.17647213,0.81074354,1.17788477,1.20161512,1.40397930,0.44121337,0.67342050,1.15422012,0.41742552,1.03377175,0.63706954,1.57042362,1.99523622,2.18592477,1.91066635,1.47594713
1010,0.04868844,0.03439527,0.02986486,0.04198815,0.05095195,1.06473577,-1.24277741,0.94398865,-1.71884028,0.63090738,-1.97634733,0.25750771,-1.76904961,-0.19326868,-1.31920678,0.79783726,0.43964756,0.43809065,0.63693867,0.91895460,0.22732033,0.11313479,0.12753378,0.17048268,0.79783726,1.16816900,1.19182876,1.43675067,0.43964756,0.69213147,1.20697519,0.43809065,1.05972028,0.63693867,1.63650811,2.05905156,2.22279182,1.92000705,1.50074000
1011,0.04906490,0.03311012,0.02684904,0.03962462,0.04760217,1.17373172,-1.28318523,1.03440546,-1.74800783,0.67283358,-1.99843917,0.29097803,-1.82337991,-0.20972038,-1.38340820,0.80376855,0.46640257,0.42634106,0.66654797,0.89469760,0.21430114,0.11550705,0.11936693,0.16610341,0.80376855,1.18152791,1.26250638,1.56585656,0.46640257,0.75176031,1.29928738,0.42634106,1.07794947,0.66654797,1.73947913,2.11820246,2.24016590,1.96885370,1.55871429
1012,0.04073554,0.02923503,0.02441541,0.03694166,0.04413534,1.18392667,-1.31853578,1.07379954,-1.70280194,0.71484025,-1.95774867,0.31509128,-1.81753619,-0.21051712,-1.34837444,0.72426665,0.46153178,0.42659875,0.70479896,0.82088512,0.24319367,0.11272008,0.11670269,0.16225084,0.72426665,1.08617714,1.21774384,1.56562600,0.46153178,0.77238116,1.33663376,0.42659875,1.10842025,0.70479896,1.77353007,2.08219182,2.18932554,1.94607613,1.50697344
1013,0.04846592,0.02280584,0.02268725,0.04090037,0.04037738,1.16406745,-1.16146433,1.10643392,-1.44783218,0.73117092,-1.68422419,0.32899062,-1.59309559,-0.19751508,-1.14915149,0.68315191,0.44868354,0.41319213,0.68934252,0.79515706,0.29024113,0.11381324,0.12349496,0.16794183,0.68315191,0.96465006,1.14830543,1.52625049,0.44868354,0.79200992,1.33965180,0.41319213,1.07180994,0.68934252,1.64556612,1.90502669,1.93907861,1.73299817,1.32415193
1014,0.04475227,0.06565980,0.04655475,0.06858729,0.06058072,1.05389155,-0.87736755,1.05706112,-0.94096814,0.73094430,-1.09655417,0.34954813,-0.98238128,-0.11173819,-0.70040801,0.56337131,0.36334189,0.40719463,0.54064292,0.64576263,0.25627599,0.10780452,0.14169748,0.17804491,0.56337131,0.71405707,0.87734622,1.28589273,0.36334189,0.71030109,1.19420115,0.40719463,0.93498912,0.54064292,1.37130955,1.52386142,1.44937279,1.16420849,0.87868917
1015,0.04956241,0.07842107,0.06093701,0.08179844,0.07333060,0.97417350,-0.62481297,1.00335228,-0.68353318,0.74483257,-0.76739059,0.35365285,-0.66797522,-0.10513543,-0.45708433,0.57672239,0.27670748,0.41066828,0.50537332,0.73994471,0.32753824,0.10108428,0.15960123,0.18891952,0.57672239,0.68081667,0.82976559,1.21327226,0.27670748,0.65032133,1.13226770,0.41066828,0.91000050,0.50537332,1.16039733,1.38059177,1.28328160,0.98622451,0.77149376
1016,0.06496491,0.04979679,0.04872457,0.09257496,0.09712540,0.77432543,-0.59440971,1.02055740,-0.60802974,0.86010871,-0.63787347,0.46584538,-0.56261811,-0.09069276,-0.43185537,0.64518153,0.17349863,0.41589364,0.57516938,0.83027678,0.13288549,0.08703898,0.16205687,0.18395166,0.64518153,0.66209602,0.62806921,1.00399229,0.17349863,0.55881110,1.13080467,0.41589364,0.98796033,0.57516938,0.99323928,1.42089397,1.36001678,1.03235928,0.79925282
1017,0.09606785,0.06070852,0.05681191,0.09925444,0.09345144,0.54028822,-0.34884833,0.87680779,-0.38474494,0.77115827,-0.46742410,0.47520512,-0.42410785,0.03020543,-0.31277481,0.71596387,0.17729469,0.34076542,0.48778249,0.82038535,-0.70464609,0.05835092,0.18968354,0.19845573,0.71596387,0.79065309,0.59199386,0.66027523,0.17729469,0.40629631,0.87600187,0.34076542,0.82538339,0.48778249,0.72241968,1.35587869,1.40383162,1.11292155,0.81018881
1018,0.06715347,0.05583579,0.06234728,0.09165995,0.06354816,0.64938252,-0.28515291,0.92102106,-0.39705352,0.83220671,-0.44381576,0.45147751,-0.37636464,0.00646448,-0.30711586,0.86041361,0.23487045,0.40212175,0.45963146,1.11709040,-0.42041435,0.09521540,0.19648705,0.21834179,0.86041361,1.04934990,0.93631534,1.04127333,0.23487045,0.48091875,0.91902357,0.40212175,0.86107094,0.45963146,0.71480238,1.34607616,1.45667058,1.15966447,0.95842105
1019,0.06914732,0.04967442,0.05745494,0.08171183,0.06783226,0.81753433,-0.23643827,1.17488568,-0.37418988,1.02014366,-0.44170393,0.60753308,-0.41462060,0.03881670,-0.34787257,0.88056409,0.24839363,0.42969861,0.57542631,1.11846824,-0.15744261,0.09251015,0.16153557,0.18615012,0.88056409,1.01687479,0.90134614,1.12302569,0.24839363,0.57253004,1.13640601,0.42969861,1.00097783,0.57542631,0.85399407,1.50556314,1.52648100,1.18510998,0.94007126
1020,0.10120182,0.04610174,0.06374735,0.09711146,0.09919018,0.63908206,-0.11606544,1.16039940,-0.33967974,1.02852824,-0.38280041,0.74532178,-0.35688583,0.34936816,-0.22779410,0.85426662,0.13964390,0.38054795,0.43231238,0.59201647,-0.66425693,0.03429322,0.15262398,0.15642923,0.85426662,0.80703381,0.48027738,0.42198619,0.13964390,0.47829194,0.89156823,0.38054795,0.78824218,0.43231238,0.71935368,1.53636339,1.46054695,1.09005343,0.72653702
1021,0.07022567,0.04795984,0.04292377,0.06455164,0.12909949,0.98955275,0.12481903,1.46480673,-0.06337598,1.33257153,-0.06168778,0.98012506,-0.05933712,0.23899509,0.04830912,0.76288805,0.14187739,0.35590427,0.74891989,1.53550616,1.50162825,0.07551879,0.11894768,0.14089584,0.76288805,0.73075251,0.59743358,0.94185738,0.14187739,0.48470241,1.23089151,0.35590427,1.10041384,0.74891989,0.99769926,1.56302251,1.45986904,1.12233863,0.59171746
1022,0.04454112,0.03576739,0.01744800,0.06369846,0.07319291,0.98482871,0.28590837,1.40479247,0.33560524,1.27836775,0.46803243,0.93366153,0.56306615,0.30411288,0.45316172,0.61325129,0.18886778,0.35838840,0.63946254,0.98474644,0.71720998,0.09178864,0.11703516,0.14873595,0.61325129,0.59993068,0.54480141,0.85446645,0.18886778,0.52363355,1.10783448,0.35838840,0.97437012,0.63946254,1.02956332,1.48674833,1.41862092,1.15291122,0.67495878
1023,0.10794108,0.01752336,0.01819765,0.05243565,0.06340267,0.80640091,0.09088208,1.36564027,0.29528621,1.21272172,0.59700098,0.85088004,0.85678270,0.32444274,0.99451144,0.72802465,0.34200188,0.44610176,0.54417184,0.67654466,0.47881678,0.10002229,0.11283830,0.15078773,0.72802465,0.80099685,0.88695894,1.11834322,0.34200188,0.76219553,1.25456401,0.44610176,0.97337495,0.54417184,0.81449301,1.44018221,1.40956618,1.26451774,1.11283941
1024,0.09582150,0.15803875,0.14907393,0.18409425,0.18514044,-1.19050484,0.16712779,-1.12420305,0.07392277,-0.70302902,0.24102582,-0.15899021,0.40408196,0.48406722,0.55963235,0.51059849,0.47030751,0.57115552,0.66199710,-1.13768942,0.82716435,0.10358499,0.08331304,0.13293198,0.51059849,0.79498979,1.26020771,1.84268458,0.47030751,1.03701702,1.68796240,0.57115552,1.22968365,0.66199710,1.20231121,1.23895624,0.98175644,0.82538437,1.00432794
1025,0.07391888,0.19671332,0.21021416,0.16943380,0.12735218,-0.94046581,-0.42137077,-0.99523254,-0.45171465,-0.62579126,-0.52710934,-0.19259500,-0.48751474,0.30251177,-0.22874814,0.57415007,0.37832877,0.43515604,0.56116725,-0.96235108,0.82015536,0.10397343,0.11715114,0.15663609,0.57415007,0.68722879,0.95497059,1.41274628,0.37832877,0.80367043,1.31875410,0.43515604,0.97595522,0.56116725,1.03101948,1.21887188,0.99749431,0.76630390,0.72004151
1026,0.04968843,0.11462670,0.05592522,0.05185196,0.06907102,-0.84875868,-1.01911770,-1.04539845,-1.06950674,-0.64401028,-1.27848475,-0.19588637,-1.21795652,0.36352904,-0.81716856,0.71825043,0.46393653,0.45221908,0.68831574,-1.05325356,0.89021183,0.10768267,0.11770219,0.15952856,0.71825043,0.85743943,1.04122935,1.46675058,0.46393653,0.86786831,1.43569110,0.45221908,1.10816786,0.68831574,1.32772050,1.62164604,1.60653377,1.43053772,1.15989474
1027,0.05568863,0.03066990,0.03392834,0.04798102,0.06985806,-0.86757713,-1.08081275,-0.95965099,-1.32027268,-0.62092019,-1.58485207,-0.22204950,-1.53816408,0.25201224,-1.10694765,0.66112657,0.43508189,0.40233845,0.64151865,-0.86556679,0.46057944,0.09236749,0.11399161,0.14671687,0.66112657,0.87918781,1.05719901,1.33717929,0.43508189,0.77458985,1.23626958,0.40233845,0.99664673,0.64151865,1.38711969,1.72309326,1.81146445,1.68234543,1.32008040
1028,0.07594953,0.04306234,0.03482776,0.05304239,0.06527646,-1.02669917,-1.14493814,-1.04427752,-1.40916825,-0.68335048,-1.67977617,-0.25728113,-1.62193673,0.20993226,-1.19639485,0.69716746,0.45521055,0.42998328,0.63330342,-0.91265414,0.57490722,0.10368684,0.10898873,0.15043106,0.69716746,0.94986381,1.14936287,1.44688869,0.45521055,0.81770090,1.27641261,0.42998328,1.01661317,0.63330342,1.53914767,1.84791380,1.92401134,1.76436742,1.39514494
1029,0.05713720,0.03324091,0.03839759,0.05982434,0.06632230,-0.91798271,-1.21288202,-0.98595576,-1.48263493,-0.67549974,-1.71181673,-0.27079461,-1.64327446,0.13868140,-1.21414843,0.69407683,0.40398992,0.41052519,0.59322451,-0.92747900,0.61783658,0.10685043,0.11526431,0.15717148,0.69407683,0.93727055,1.07914742,1.30066976,0.40398992,0.74160249,1.16271556,0.41052519,0.95423966,0.59322451,1.52194638,1.87431276,1.97070260,1.80586519,1.41230415
1030,0.04395739,0.03883575,0.03411324,0.05153726,0.05918181,-0.80223974,-1.27959281,-0.97171241,-1.40890018,-0.66453946,-1.71578314,-0.26170488,-1.60489502,0.13897910,-1.19597804,0.65697818,0.44729582,0.41829638,0.57346762,-0.91562780,0.67490690,0.10838557,0.12029173,0.16191829,0.65697818,0.86050245,0.97918065,1.22660360,0.44729582,0.74750451,1.14227126,0.41829638,0.95847432,0.57346762,1.51175818,1.79911303,1.95545652,1.76333325,1.40045716
1031,0.04040699,0.04666279,0.03398123,0.05233664,0.05567060,-0.77270268,-1.20412032,-0.94064527,-1.31045339,-0.67986377,-1.60134379,-0.30454041,-1.49806739,0.10428170,-1.15690772,0.69242165,0.42285276,0.38942581,0.53278925,-0.95535161,0.60241554,0.10649592,0.12750979,0.16613286,0.69242165,0.92041436,0.98410837,1.18514938,0.42285276,0.68014707,1.06442605,0.38942581,0.90181300,0.53278925,1.43087713,1.73632680,1.91659167,1.72230758,1.39636311
1032,0.04815501,0.05905639,0.03440964,0.05315341,0.05912505,-0.82362265,-1.18319683,-0.95557564,-1.24946666,-0.69103332,-1.57709734,-0.30774118,-1.47855200,0.12450874,-1.13087347,0.68963039,0.44725354,0.39583681,0.55476908,-0.93518971,0.62504629,0.10777227,0.12691944,0.16650348,0.68963039,0.92318636,1.00990500,1.24776663,0.44725354,0.70182351,1.09503213,0.39583681,0.92975582,0.55476908,1.44215234,1.69631700,1.89263308,1.69874488,1.37423415
1033,0.05405989,0.07093557,0.04227955,0.05220587,0.05781355,-0.87900400,-1.20015848,-0.99382026,-1.28656857,-0.74947268,-1.61739682,-0.33942742,-1.54609523,0.11045447,-1.18810428,0.66382203,0.43277250,0.41642061,0.57493862,-0.91577268,0.61065758,0.10793560,0.12286643,0.16354281,0.66382203,0.89642846,1.02226062,1.27130728,0.43277250,0.71942531,1.11876688,0.41642061,0.96125109,0.57493862,1.48798189,1.73832559,1.93402458,1.75755172,1.41770568
1034,0.06614115,0.06757279,0.03845564,0.05148729,0.05592673,-0.93848933,-1.24379346,-0.97024359,-1.38650820,-0.67926357,-1.65795911,-0.27947467,-1.56295113,0.13210438,-1.21676877,0.65910044,0.41185345,0.41162391,0.53796385,-0.91484181,0.62875690,0.10725723,0.11743075,0.15904117,0.65910044,0.89413695,1.06463597,1.32824806,0.41185345,0.72473200,1.12447338,0.41162391,0.92429806,0.53796385,1.55875714,1.79503447,1.92534699,1.74702008,1.43110280
1035,0.06680792,0.05401962,0.03880724,0.05591691,0.05646309,-0.94822127,-1.32439222,-0.97204132,-1.45133546,-0.64050433,-1.71047552,-0.24996565,-1.62504232,0.17140170,-1.27191648,0.66430880,0.43296394,0.40002928,0.55065036,-0.91396012,0.62229885,0.10706969,0.11465737,0.15687649,0.66430880,0.90088212,1.08052167,1.37645184,0.43296394,0.75171222,1.16677064,0.40002928,0.92389714,0.55065036,1.62995610,1.84420297,1.95365571,1.78998935,1.48086429
1036,0.06907596,0.03672826,0.03694601,0.05636450,0.06021495,-0.93327861,-1.30685056,-0.87388958,-1.52947012,-0.54571942,-1.72569467,-0.18059725,-1.63244363,0.20948891,-1.23621156,0.66352359,0.38363763,0.37828491,0.55737223,-0.87646751,0.62441490,0.11006170,0.11536582,0.15944544,0.66352359,0.86758754,1.06950789,1.35529735,0.38363763,0.70383950,1.12708137,0.37828491,0.90281426,0.55737223,1.60615192,1.85864797,1.91455219,1.76902945,1.43402719
1037,0.06496301,0.03970734,0.04034939,0.05906854,0.06137965,-0.85333821,-1.30466168,-0.83035015,-1.44469592,-0.48368251,-1.69157075,-0.12935684,-1.58648681,0.23028011,-1.22363464,0.63479588,0.42720743,0.37001892,0.51137056,-0.83545920,0.59435331,0.11065146,0.11818158,0.16189698,0.63479588,0.84648166,1.02845676,1.29056678,0.42720743,0.71731482,1.08619261,0.37001892,0.85459715,0.51137056,1.55896234,1.77542377,1.87557448,1.72622135,1.42366815
1038,0.06677892,0.03697941,0.03899443,0.05599668,0.05470193,-0.82158869,-1.28202347,-0.75759322,-1.54699053,-0.42326376,-1.72120990,-0.10118002,-1.57247920,0.24307741,-1.25050437,0.65079744,0.37837001,0.35479188,0.47158585,-0.76510574,0.54373541,0.10951359,0.11929969,0.16194333,0.65079744,0.86014325,0.99313015,1.23923563,0.37837001,0.65749893,1.04453195,0.35479188,0.81589193,0.47158585,1.52285729,1.82848290,1.88638409,1.70121130,1.43280693
1039,0.06399051,0.03460923,0.04014025,0.05758194,0.05414372,-0.80396124,-1.23606048,-0.67621549,-1.63926651,-0.38034755,-1.71428257,-0.07632060,-1.58292388,0.23622040,-1.22686860,0.71899981,0.30635473,0.33216289,0.47382138,-0.73244612,0.49996564,0.10977691,0.12222613,0.16428693,0.71899981,0.88170330,0.99439307,1.18868120,0.30635473,0.60253554,1.00132395,0.33216289,0.78662555,0.47382138,1.47507005,1.87913422,1.87174276,1.70270365,1.39284721
1040,0.08022583,0.03423378,0.03728210,0.05460786,0.05277370,-0.84390721,-1.23581532,-0.61854617,-1.71983254,-0.33643808,-1.79255011,-0.04683382,-1.64069514,0.25311335,-1.24616144,0.76777088,0.29266199,0.32961047,0.49560655,-0.66871057,0.44060451,0.10689842,0.12083254,0.16133126,0.76777088,0.95050078,1.04353546,1.22162792,0.29266199,0.57732105,0.99214905,0.32961047,0.80491853,0.49560655,1.49725569,1.92373298,1.92899482,1.74309806,1.40011481
1041,0.07195036,0.02665502,0.03199830,0.04846117,0.04908909,-0.81624556,-1.21324549,-0.55639263,-1.76117870,-0.29854333,-1.80358176,-0.03204718,-1.62479085,0.24110432,-1.24514025,0.80499608,0.26540025,0.32658047,0.46778662,-0.63300704,0.41426212,0.10643306,0.12513611,0.16427734,0.80499608,0.97368310,1.02459836,1.17279519,0.26540025,0.54197831,0.95017156,0.32658047,0.77967476,0.46778662,1.46286859,1.93334135,1.92968895,1.71798400,1.38175177
1042,0.06586078,0.03012863,0.03345902,0.04883586,0.05046988,-0.79217402,-1.21998588,-0.53129692,-1.73179829,-0.25959414,-1.79037135,-0.01030410,-1.62040425,0.25413401,-1.21872408,0.79481653,0.28052585,0.30649172,0.48136341,-0.66691815,0.45667798,0.10695661,0.12869941,0.16734174,0.79481653,0.97665647,1.02769365,1.16508190,0.28052585,0.53300590,0.93888280,0.30649172,0.77219620,0.48136341,1.45591610,1.91167820,1.92191456,1.72619355,1.37090662
1043,0.06057797,0.02710071,0.03118807,0.04635829,0.04669507,-0.77532454,-1.24769189,-0.50996504,-1.78584521,-0.23542840,-1.83051702,0.00654666,-1.65204889,0.27116733,-1.25848112,0.79623565,0.28115828,0.30622356,0.47480074,-0.63636005,0.40606543,0.10580605,0.12879724,0.16668428,0.79623565,0.97456792,1.01551517,1.15291536,0.28115828,0.53383078,0.94332354,0.30622356,0.76836708,0.47480074,1.47016559,1.94651954,1.94816966,1.74625215,1.39721362
1044,0.05569562,0.03037220,0.03394803,0.04690599,0.04718007,-0.70183136,-1.15566585,-0.44958085,-1.67568803,-0.20035021,-1.73386241,0.01623757,-1.54175604,0.26131042,-1.15321667,0.82921789,0.26259819,0.29733327,0.46401032,-0.74476228,0.45556128,0.10716324,0.13980114,0.17614857,0.82921789,1.00634391,1.00382267,1.09464902,0.26259819,0.48477304,0.88536886,0.29733327,0.75367271,0.46401032,1.35355255,1.85540821,1.88671760,1.67273852,1.31846796
1045,0.06060163,0.02753844,0.03287933,0.04376953,0.04557295,-0.73794124,-1.27609847,-0.44297822,-1.80022024,-0.19581429,-1.90427600,0.03758088,-1.72176116,0.27345989,-1.24465590,0.82455301,0.27394104,0.30845199,0.53453178,-0.70725557,0.42018068,0.10704942,0.13309860,0.17080637,0.82455301,1.03580503,1.04183966,1.12196671,0.27394104,0.48783688,0.91007868,0.30845199,0.82075096,0.53453178,1.47510728,1.95435579,2.02962495,1.81997499,1.38365549
1046,0.06338624,0.02514655,0.03174633,0.04121822,0.04457259,-0.71071315,-1.25114341,-0.43923219,-1.83922755,-0.18653846,-1.96474132,0.05016285,-1.75238540,0.27294623,-1.27626560,0.84797070,0.29072324,0.32834674,0.52778828,-0.68608583,0.40411242,0.10800169,0.13554366,0.17331027,0.84797070,1.07940550,1.05688992,1.09846358,0.29072324,0.49717798,0.90972857,0.32834674,0.83772919,0.52778828,1.43937200,1.97895410,2.07901361,1.84402512,1.40660593
1047,0.06106246,0.02560664,0.02932392,0.03779734,0.04203447,-0.69682866,-1.22192577,-0.40897292,-1.81149496,-0.16047982,-1.95748591,0.05533649,-1.73636430,0.26404489,-1.28108398,0.84855480,0.29271136,0.31950292,0.50439570,-0.68567743,0.39203929,0.10984641,0.14072855,0.17852383,0.84855480,1.08443334,1.04329255,1.06191346,0.29271136,0.47131347,0.86161347,0.31950292,0.81095672,0.50439570,1.40753161,1.94791024,2.06539557,1.82457514,1.39957964
1048,0.06629054,0.02488810,0.02818135,0.03602521,0.03942909,-0.69544813,-1.25323586,-0.40765397,-1.88652629,-0.15883467,-2.03424326,0.05637530,-1.82696071,0.27806470,-1.31639196,0.88061728,0.29409739,0.30395044,0.55986528,-0.70933817,0.42916511,0.11163509,0.13915420,0.17839922,0.88061728,1.11760989,1.08747243,1.08577815,0.29409739,0.46784744,0.89402270,0.30395044,0.84830745,0.55986528,1.43381647,2.01526630,2.13616708,1.91662206,1.44114468
1049,0.06539504,0.02701895,0.02988317,0.03690530,0.03943509,-0.67236540,-1.21593816,-0.39453326,-1.84955259,-0.16209809,-1.99080657,0.04438839,-1.79400476,0.26007562,-1.30274096,0.89079940,0.28078217,0.29254535,0.54046486,-0.74725664,0.45498896,0.11213802,0.14460081,0.18298724,0.89079940,1.12194235,1.08081412,1.06196729,0.28078217,0.44244853,0.85507671,0.29254535,0.81766590,0.54046486,1.38972242,1.98060568,2.10304339,1.89007390,1.42958016
1050,0.05908291,0.02307618,0.02711950,0.03483388,0.03931957,-0.65386290,-1.18175546,-0.39122986,-1.82412724,-0.17148825,-1.95429887,0.03787391,-1.76423523,0.24247100,-1.24603749,0.87464209,0.26407984,0.28850245,0.56192877,-0.71737001,0.44641950,0.11137660,0.14938430,0.18633415,0.87464209,1.09035491,1.05441529,1.01361944,0.26407984,0.43337620,0.86010883,0.28850245,0.83068782,0.56192877,1.35103503,1.94991677,2.06180190,1.85659679,1.36570666
1051,0.06929376,0.02497624,0.02814250,0.03595247,0.04018308,-0.60673209,-1.10536469,-0.36679477,-1.75970461,-0.15747689,-1.88857189,0.02867596,-1.71945302,0.22443695,-1.21555966,0.89488231,0.25758547,0.26130644,0.54661481,-0.72695123,0.39071126,0.11126861,0.15702133,0.19244844,0.89488231,1.10575972,1.05015209,0.96933968,0.25758547,0.39756072,0.80700343,0.26130644,0.78858726,0.54661481,1.26094794,1.88489732,2.00163116,1.81274378,1.33055031
1052,0.06299580,0.02561588,0.02717212,0.03452152,0.03841306,-0.60422809,-1.11734647,-0.37053907,-1.76865578,-0.16187222,-1.91594865,0.02520613,-1.70818086,0.22497770,-1.23139552,0.88885181,0.27042658,0.28859394,0.52254855,-0.71258061,0.40933246,0.11191083,0.15692380,0.19274105,0.88885181,1.11879978,1.03735356,0.97439893,0.27042658,0.40071223,0.80422214,0.28859394,0.80008294,0.52254855,1.27026977,1.89285102,2.03039709,1.80436620,1.34957784
1053,0.06535542,0.02381618,0.02688407,0.03399810,0.03854450,-0.60579813,-1.09885381,-0.37809610,-1.77941514,-0.16992692,-1.89788293,0.02037115,-1.71263275,0.21986114,-1.22417816,0.92004421,0.25787859,0.27623639,0.53252021,-0.71351488,0.39352927,0.11140412,0.15711214,0.19260088,0.92004421,1.13096023,1.05980879,0.98549090,0.25787859,0.40449830,0.81767798,0.27623639,0.79229779,0.53252021,1.25483710,1.90447369,2.01629567,1.80934033,1.34471725
1054,0.06759030,0.02184822,0.02551197,0.03250984,0.03735830,-0.60909502,-1.11363637,-0.38016467,-1.79807709,-0.17446589,-1.91051107,0.02292390,-1.73134290,0.22473266,-1.23638943,0.91572546,0.25248006,0.27571518,0.53844620,-0.70353918,0.40172803,0.11161341,0.15595197,0.19177740,0.91572546,1.12075579,1.06094062,0.99140673,0.25248006,0.40924371,0.82651197,0.27571518,0.79505777,0.53844620,1.26932382,1.92246114,2.02813516,1.82845521,1.36096944
1055,0.06504216,0.02126966,0.02481069,0.03231278,0.03773651,-0.62646456,-1.14790054,-0.38175543,-1.85253826,-0.16685042,-1.95919125,0.03705596,-1.78241922,0.23900452,-1.27808787,0.91153597,0.25427446,0.27794068,0.54549707,-0.65522372,0.40174317,0.11164510,0.15126288,0.18800289,0.91153597,1.11324179,1.06595378,1.00417184,0.25427446,0.42501023,0.84636604,0.27794068,0.80127512,0.54549707,1.30775920,1.96538752,2.06117465,1.86621084,1.39391000
1056,0.06232479,0.02155973,0.02473755,0.03247514,0.03851761,-0.64265757,-1.16468802,-0.37656143,-1.86778745,-0.15413076,-1.97778252,0.05340399,-1.80148007,0.25539958,-1.28145703,0.90576225,0.25935521,0.27802425,0.55929430,-0.63531815,0.43120781,0.11305257,0.14894243,0.18698858,0.90576225,1.11218097,1.07944249,1.02720986,0.25935521,0.43547892,0.86230833,0.27802425,0.81349604,0.55929430,1.33033122,1.97552121,2.07172633,1.88175988,1.39953886
1057,0.06640485,0.02092249,0.02497290,0.03144382,0.03675104,-0.63770057,-1.15759367,-0.37363285,-1.85481835,-0.15097111,-1.95629247,0.04946161,-1.78373682,0.25253174,-1.27446071,0.90442067,0.25340037,0.27172069,0.55005474,-0.63125595,0.38868794,0.11168435,0.15012953,0.18711566,0.90442067,1.09941546,1.06301557,1.01401905,0.25340037,0.42903847,0.85472634,0.27172069,0.79941960,0.55005474,1.32168243,1.96345619,2.04902633,1.86093864,1.38641329
1058,0.06461839,0.02287071,0.02653288,0.03310086,0.03827698,-0.62454985,-1.11562715,-0.35873476,-1.79006405,-0.14568830,-1.90636958,0.05160847,-1.72519591,0.24383260,-1.23565827,0.89435891,0.25350258,0.27711439,0.52815732,-0.65066962,0.38976036,0.11209021,0.15451526,0.19089049,0.89435891,1.10040570,1.05135277,0.99820163,0.25350258,0.41544426,0.82012507,0.27711439,0.78477042,0.52815732,1.27868156,1.90447734,2.00851610,1.80977345,1.35357476
1059,0.06647242,0.02238745,0.02525304,0.03204360,0.03766808,-0.61432560,-1.12762915,-0.34670448,-1.81985918,-0.13282534,-1.92864593,0.06195064,-1.74814785,0.25386030,-1.24602752,0.90679487,0.24978543,0.27384293,0.53973427,-0.63947934,0.40578675,0.11343640,0.15336149,0.19075525,0.90679487,1.10546757,1.05663719,0.99667340,0.24978543,0.41490697,0.83191514,0.27384293,0.79298282,0.53973427,1.28414840,1.92710758,2.02421036,1.82870860,1.36084888
1060,0.06458521,0.02150027,0.02476357,0.03221592,0.03746513,-0.63187612,-1.17058792,-0.35406263,-1.86284525,-0.13220466,-1.97655796,0.07104193,-1.77621580,0.26726328,-1.27559193,0.90401021,0.25660714,0.29309091,0.53919238,-0.62617428,0.41104462,0.11367716,0.15026239,0.18841784,0.90401021,1.10719658,1.05624737,1.01757596,0.25660714,0.43388258,0.85616961,0.29309091,0.81383541,0.53919238,1.33035532,1.96835781,2.06665003,1.85272981,1.38960286
1061,0.06596892,0.02191121,0.02402083,0.03111564,0.03615608,-0.63101226,-1.18247107,-0.34494889,-1.89166892,-0.11546352,-1.99434517,0.08175982,-1.80083841,0.27573710,-1.29332107,0.91521983,0.25663861,0.28352114,0.54506007,-0.61566439,0.40767861,0.11384739,0.14875190,0.18731887,0.91521983,1.11007322,1.06362745,1.01714560,0.25663861,0.43643464,0.86391616,0.28352114,0.80989615,0.54506007,1.34035352,1.99047142,2.07629696,1.87137624,1.39974072
1062,0.06318375,0.02182027,0.02462592,0.03192592,0.03734597,-0.62170716,-1.16502530,-0.34975512,-1.85561768,-0.12682381,-1.97271072,0.07379498,-1.76450781,0.26514467,-1.27167596,0.89531130,0.26021205,0.29552660,0.53045507,-0.60938614,0.41699787,0.11351343,0.15079127,0.18874138,0.89531130,1.10360720,1.04798175,1.00551976,0.26021205,0.43326126,0.84888707,0.29552660,0.80995237,0.53045507,1.32056396,1.95593783,2.05886093,1.83943450,1.38176371
1063,0.06215034,0.02331863,0.02741050,0.03498853,0.03853212,-0.58694606,-1.10796944,-0.34103641,-1.75398094,-0.13282198,-1.87069284,0.06505198,-1.66611337,0.25335322,-1.20118644,0.87520185,0.25140304,0.29306726,0.50363914,-0.65943898,0.44152444,0.11202631,0.15674921,0.19266606,0.87520185,1.08033014,1.01715476,0.98260990,0.25140304,0.41558447,0.81251667,0.29306726,0.78140763,0.50363914,1.25387078,1.86847666,1.97687692,1.75743824,1.32941947
1064,0.06420744,0.02328199,0.02709477,0.03456764,0.03837028,-0.59699798,-1.10918636,-0.34354413,-1.78012196,-0.13696315,-1.90283951,0.05782447,-1.68988419,0.25644746,-1.22041651,0.88809882,0.25106404,0.29692407,0.51170017,-0.63269841,0.40862921,0.11083400,0.15448315,0.19012948,0.88809882,1.09425166,1.02150287,0.98653098,0.25106404,0.41139827,0.82157696,0.29692407,0.79595978,0.51170017,1.25964974,1.88824062,2.00007183,1.77223362,1.33851263
1065,0.06400932,0.02325854,0.02741198,0.03515829,0.03867639,-0.57911189,-1.07362943,-0.33624409,-1.74759887,-0.13103054,-1.86745479,0.05497085,-1.64996038,0.24466520,-1.18995613,0.89962066,0.25120534,0.29552588,0.50054027,-0.64442069,0.42176560,0.10978385,0.15789889,0.19231368,0.89962066,1.10555308,1.01918088,0.96934697,0.25120534,0.40328817,0.80659678,0.29552588,0.78520811,0.50054027,1.21985689,1.86089178,1.97369599,1.74056202,1.31264521
1066,0.06392839,0.02219363,0.02614374,0.03312680,0.03812843,-0.56685615,-1.06249393,-0.33065781,-1.74180335,-0.13125980,-1.85471498,0.05060766,-1.64080298,0.24534772,-1.17649331,0.89681968,0.24195768,0.28802657,0.50614176,-0.63420124,0.42808426,0.10983048,0.15807316,0.19248339,0.89681968,1.09255114,1.00863175,0.95926837,0.24195768,0.39464607,0.80797272,0.28802657,0.78438243,0.50614176,1.20426025,1.85069624,1.95642062,1.72948797,1.29886723
1067,0.06436107,0.02416760,0.02690386,0.03370895,0.03796690,-0.55596959,-1.02866064,-0.31086893,-1.70420963,-0.12308120,-1.81812596,0.05116563,-1.61459551,0.23457259,-1.15615179,0.90857239,0.23370946,0.27868766,0.49831295,-0.66269387,0.41240419,0.10918733,0.16299285,0.19618497,0.90857239,1.10222181,1.01219968,0.93981961,0.23370946,0.37297434,0.77586293,0.27868766,0.76603483,0.49831295,1.16929351,1.81887452,1.92950743,1.70892175,1.27758830
1068,0.06335645,0.02421932,0.02611085,0.03211204,0.03752976,-0.54496247,-1.02114874,-0.31320641,-1.69616545,-0.12709550,-1.82856016,0.04380821,-1.62300091,0.22611872,-1.15779631,0.91076155,0.24430725,0.27925892,0.50410621,-0.68507083,0.43024588,0.10840058,0.16427227,0.19681480,0.91076155,1.11906524,1.01773299,0.93174820,0.24430725,0.36448314,0.76447534,0.27925892,0.77231998,0.50410621,1.15748366,1.81331838,1.94355221,1.71924389,1.28071239
1069,0.06850703,0.02059049,0.02097694,0.02598621,0.03299375,-0.56050768,-1.09338337,-0.32345556,-1.81859128,-0.13161853,-1.98617044,0.04657827,-1.74582440,0.23894372,-1.25627772,0.91177718,0.26615537,0.30483754,0.52876631,-0.64371777,0.39711538,0.10758089,0.15679163,0.19015063,0.91177718,1.14596282,1.03081611,0.93852351,0.26615537,0.37758944,0.79607747,0.30483754,0.82626882,0.52876631,1.22875312,1.91692994,2.07604860,1.82549415,1.36493902
1070,0.07375305,0.02271586,0.02177149,0.02599728,0.03283385,-0.53256669,-1.03706865,-0.29467407,-1.74991001,-0.10421106,-1.91793404,0.05261740,-1.67797282,0.23947112,-1.20111294,0.91043221,0.25928814,0.29043507,0.51613316,-0.64622572,0.40776616,0.10857450,0.16287168,0.19574373,0.91043221,1.13133361,1.01146475,0.91132021,0.25928814,0.35470673,0.76804771,0.29043507,0.80260303,0.51613316,1.16584526,1.84539889,2.00034443,1.75512642,1.30413814
1071,0.07114458,0.02234631,0.02071832,0.02525628,0.03038036,-0.51892520,-1.02421368,-0.27682429,-1.75140265,-0.09519506,-1.89256567,0.05659381,-1.66263935,0.23844215,-1.18917221,0.91300995,0.23642091,0.27815619,0.51152569,-0.59946112,0.40740552,0.10741463,0.16417042,0.19618825,0.91300995,1.11215520,1.00071161,0.89427103,0.23642091,0.34541619,0.76427712,0.27815619,0.78552399,0.51152569,1.14834520,1.83596714,1.96788044,1.73496305,1.28547931
1072,0.06448906,0.02066018,0.02081300,0.02478514,0.03129879,-0.50503351,-1.01970378,-0.26796299,-1.73159782,-0.09049135,-1.84614568,0.06119186,-1.63288350,0.22836402,-1.14722158,0.89765126,0.21916809,0.26336793,0.51583486,-0.57764286,0.43679910,0.10891778,0.16722564,0.19956828,0.89765126,1.07640985,0.98422013,0.88248005,0.21916809,0.34485094,0.76693440,0.26336793,0.77209298,0.51583486,1.13821863,1.81324978,1.92146877,1.70747899,1.25249633
1073,0.06467153,0.01845934,0.02035368,0.02419788,0.03078614,-0.50593821,-1.00806943,-0.28114538,-1.72229458,-0.09808536,-1.83392536,0.05664040,-1.62663919,0.21805693,-1.14235663,0.88735302,0.22294678,0.26072296,0.51305305,-0.55940927,0.43217730,0.10716156,0.16811644,0.19936584,0.88735302,1.06632415,0.97658936,0.86464250,0.22294678,0.35221580,0.76554442,0.26072296,0.76503550,0.51305305,1.12798726,1.80542688,1.90982138,1.70014356,1.24339189
1074,0.06017646,0.01799278,0.01945502,0.02366616,0.02959562,-0.55133300,-1.09101990,-0.32926133,-1.83424532,-0.12557679,-1.99227964,0.05526253,-1.76801151,0.23281595,-1.24578468,0.87403573,0.26111290,0.28924935,0.55223467,-0.48430288,0.39234573,0.10657535,0.15590065,0.18884734,0.87403573,1.09127499,1.00067704,0.89007222,0.26111290,0.39049966,0.81384331,0.28924935,0.82973822,0.55223467,1.22242102,1.90564116,2.04408304,1.81664968,1.32515340
1075,0.05943632,0.01943327,0.02080486,0.02563255,0.03016089,-0.57195781,-1.09921595,-0.35434666,-1.84667950,-0.15254490,-1.98336401,0.03509525,-1.77698125,0.23220330,-1.25611309,0.87816375,0.24953841,0.27909109,0.55752869,-0.51127600,0.41251928,0.10935715,0.15364337,0.18858757,0.87816375,1.08124282,1.01525606,0.92265820,0.24953841,0.39807580,0.83254487,0.27909109,0.82352343,0.55752869,1.23914566,1.92201643,2.03980644,1.83146520,1.34338710
1076,0.06056044,0.02093180,0.02156540,0.02756096,0.03088048,-0.61454209,-1.09574342,-0.39769780,-1.87307970,-0.19079525,-2.01487705,0.01023672,-1.80387437,0.22192187,-1.30276444,0.90331759,0.25444886,0.29222669,0.54496986,-0.50841152,0.36573114,0.10922563,0.14967193,0.18528876,0.90331759,1.10707749,1.03646428,0.94768672,0.25444886,0.41431152,0.84221028,0.29222669,0.82484829,0.54496986,1.25631059,1.95754095,2.07319101,1.85397643,1.37937385
1077,0.06730552,0.01786695,0.01762128,0.02321408,0.02895442,-0.61759458,-1.03890007,-0.42925775,-1.85480048,-0.22466060,-1.97891447,-0.01186085,-1.80088790,0.21143130,-1.28566729,0.91916806,0.24551873,0.27746770,0.56200682,-0.48221436,0.37585499,0.10943464,0.14954565,0.18531012,0.91916806,1.10741890,1.06442785,0.95612266,0.24551873,0.42401258,0.85743689,0.27746770,0.81943516,0.56200682,1.20869832,1.93838737,2.03529091,1.84834668,1.36084445
1078,0.06672095,0.02072987,0.02134674,0.02774046,0.03023291,-0.63962993,-1.08059063,-0.46909436,-1.91287342,-0.26652374,-2.05280628,-0.04948731,-1.86381928,0.19242785,-1.34278288,0.95004783,0.25304155,0.28796492,0.57479891,-0.55470281,0.38186848,0.10943308,0.14649172,0.18285356,0.95004783,1.14818556,1.08900186,0.98332005,0.25304155,0.42521511,0.87374278,0.28796492,0.84597058,0.57479891,1.25578616,2.01202092,2.12264218,1.92026244,1.42598369
1079,0.06828411,0.02077994,0.02146016,0.02737609,0.03021805,-0.62158600,-1.07089207,-0.50520048,-1.84327905,-0.30131004,-2.00010786,-0.09026245,-1.81807472,0.16828074,-1.30499035,0.90445503,0.26686959,0.27894336,0.57471713,-0.60479170,0.46083634,0.10789449,0.14994969,0.18473259,0.90445503,1.11526096,1.06331063,0.97658348,0.26686959,0.42382635,0.86488011,0.27894336,0.83887470,0.57471713,1.23875670,1.95672773,2.08129083,1.88825533,1.40331695
1080,0.07095726,0.01989220,0.01962283,0.02432774,0.02857132,-0.62307127,-1.04718624,-0.54024157,-1.81643915,-0.34324464,-1.98636633,-0.13044005,-1.81228560,0.14092625,-1.29255344,0.88633549,0.27180885,0.27618121,0.58660734,-0.59443979,0.45627903,0.10566614,0.15053448,0.18391835,0.88633549,1.10526867,1.05677972,0.95548256,0.27180885,0.42303887,0.86365011,0.27618121,0.84608217,0.58660734,1.21948061,1.93364613,2.06829471,1.88167785,1.38274878
1081,0.06905695,0.02147917,0.02241445,0.02689625,0.02763413,-0.59781856,-1.01262557,-0.54409725,-1.74876199,-0.35852555,-1.89363744,-0.15089470,-1.72372595,0.11427557,-1.24096917,0.90144646,0.25573050,0.26982438,0.55177124,-0.68162027,0.52140739,0.10626546,0.15689108,0.18949185,0.90144646,1.10208814,1.05964341,0.96707457,0.25573050,0.41444870,0.83693713,0.26982438,0.80593686,0.55177124,1.17879451,1.88247164,2.00020125,1.81988032,1.35462583
1082,0.07174145,0.02043741,0.02034766,0.02536774,0.02829975,-0.60974204,-1.02724765,-0.57644161,-1.75995768,-0.39808877,-1.90968324,-0.19150647,-1.72273076,0.09279896,-1.22831363,0.90397863,0.26429673,0.27912801,0.57145189,-0.66524463,0.52224500,0.10574996,0.15776323,0.18992707,0.90397863,1.11822185,1.05256516,0.96777922,0.26429673,0.41193627,0.86127143,0.27912801,0.83999526,0.57145189,1.19989549,1.89801195,2.02425329,1.82078257,1.33773645
1083,0.06436970,0.02065123,0.02011683,0.02530444,0.02784398,-0.61748851,-1.04462837,-0.59273713,-1.77374879,-0.41897888,-1.92711053,-0.21233390,-1.73569680,0.07991713,-1.23926557,0.88658811,0.25971359,0.28227013,0.57664472,-0.67013864,0.53462390,0.10586825,0.15767622,0.18992071,0.88658811,1.09719383,1.02491419,0.94904448,0.25971359,0.40561088,0.86612892,0.28227013,0.84975512,0.57664472,1.21793319,1.91241724,2.03876777,1.82873354,1.34230031
1084,0.06049752,0.02117556,0.01984502,0.02522971,0.02707813,-0.60447338,-1.03542730,-0.59727778,-1.74839621,-0.42766645,-1.90767781,-0.22160770,-1.70045506,0.07481711,-1.21545667,0.89323360,0.26538517,0.29311939,0.56902088,-0.71101678,0.54926579,0.10643457,0.16030206,0.19241899,0.89323360,1.11139916,1.03091150,0.96550907,0.26538517,0.40748198,0.86667385,0.29311939,0.85537870,0.56902088,1.20359351,1.89754708,2.03368691,1.81118985,1.33890793
1085,0.06780230,0.02646878,0.02481160,0.02867042,0.03173370,-0.56013791,-0.93380193,-0.57989466,-1.57864953,-0.41979339,-1.74371228,-0.23234432,-1.53641546,0.04926962,-1.09395846,0.93269141,0.30092075,0.28212626,0.52590751,-0.79318059,0.56308657,0.10537943,0.17309615,0.20265019,0.93269141,1.19519939,1.13658497,1.07213539,0.30092075,0.42035868,0.81753169,0.28212626,0.80137394,0.52590751,1.10790329,1.74605051,1.91230572,1.70509471,1.28024146
1086,0.06079789,0.02269569,0.02156975,0.02698863,0.03145951,-0.57767211,-1.03865972,-0.58582568,-1.67201429,-0.43132082,-1.84274301,-0.22883016,-1.64481114,0.05923600,-1.17223078,0.87041462,0.29435734,0.28343376,0.55416778,-0.75809299,0.57541455,0.10650062,0.16800594,0.19891802,0.87041462,1.13002813,1.05721538,1.00417811,0.29435734,0.40808843,0.83308717,0.28343376,0.83094898,0.55416778,1.19721437,1.82861358,1.99660313,1.78282276,1.32766940
1087,0.07068914,0.02017638,0.02195673,0.02508024,0.03065106,-0.57598033,-0.98096527,-0.58073428,-1.65905970,-0.42682298,-1.80573636,-0.22216942,-1.63093501,0.05426969,-1.16182479,0.89742572,0.28154072,0.27230621,0.54499215,-0.76023755,0.60848121,0.10741234,0.16795184,0.19936206,0.89742572,1.13976933,1.09993282,1.02716961,0.28154072,0.42474403,0.83163508,0.27230621,0.80399405,0.54499215,1.14921035,1.80832172,1.95293455,1.76989376,1.32154450
1088,0.06865464,0.01990187,0.02289963,0.02590028,0.03061729,-0.55555800,-0.97789146,-0.56226944,-1.67352582,-0.39743602,-1.80091190,-0.20561319,-1.63248230,0.04666248,-1.17469155,0.92357470,0.26815480,0.26085291,0.52343424,-0.75942707,0.60826502,0.10932944,0.17221237,0.20398536,0.92357470,1.14239156,1.11348288,1.02228062,0.26815480,0.42237360,0.81091303,0.26085291,0.76814634,0.52343424,1.13884433,1.81670399,1.93856028,1.76947405,1.33061183
1089,0.07721200,0.02106210,0.02274124,0.02619763,0.03092656,-0.54001526,-0.92797738,-0.53018761,-1.60435423,-0.37937680,-1.74378014,-0.18232630,-1.57157299,0.06199915,-1.11879236,0.93625234,0.29337095,0.26521461,0.51582150,-0.78303277,0.61973000,0.11024601,0.17845035,0.20975870,0.93625234,1.19390155,1.16269827,1.06928920,0.29337095,0.43111769,0.79556920,0.26521461,0.76515334,0.51582150,1.09280946,1.74695953,1.90033285,1.72851426,1.30004282
1090,0.08224835,0.02656065,0.03140073,0.03630214,0.04228031,-0.49368083,-0.81927640,-0.49581690,-1.47949241,-0.35405095,-1.60466264,-0.16760821,-1.44471677,0.05569367,-1.03068403,0.97485253,0.31379887,0.24931381,0.47126636,-0.79363483,0.63698756,0.11314607,0.19020688,0.22131582,0.97485253,1.25407010,1.23211167,1.14480532,0.31379887,0.44133638,0.75869486,0.24931381,0.70536808,0.47126636,0.99944364,1.61786636,1.77759938,1.62308992,1.24275897
1091,0.07375011,0.02307592,0.02562157,0.02935831,0.03446133,-0.51916116,-0.91923858,-0.49600091,-1.58813797,-0.35132244,-1.73188102,-0.16354250,-1.54904952,0.06227274,-1.10404923,0.94145106,0.29703934,0.26435368,0.50043231,-0.76526162,0.57447477,0.10972389,0.18352867,0.21382728,0.94145106,1.20811163,1.16446682,1.06669598,0.29703934,0.41810892,0.76898601,0.26435368,0.75182649,0.50043231,1.07959856,1.72003287,1.88367094,1.70233627,1.28226493
1092,0.06450393,0.02096649,0.02056569,0.02387924,0.02813512,-0.55207113,-1.04369094,-0.51999088,-1.74958372,-0.36293421,-1.90515693,-0.16765102,-1.70413099,0.07893311,-1.20373944,0.89548121,0.27341585,0.28123390,0.55876314,-0.70180768,0.53201455,0.10736097,0.17282241,0.20345506,0.89548121,1.13285425,1.05980165,0.95765299,0.27341585,0.40019649,0.82453079,0.28123390,0.82903985,0.55876314,1.18970302,1.86940959,2.02002653,1.81059899,1.32843763
1093,0.06555183,0.02059867,0.01927033,0.02298231,0.02713857,-0.54236845,-1.03723286,-0.51352015,-1.74935964,-0.35625143,-1.90813389,-0.16635845,-1.69318921,0.07754503,-1.19855858,0.89556953,0.28296211,0.28755738,0.55280127,-0.69066157,0.54098917,0.10740435,0.17407961,0.20454683,0.89556953,1.14261511,1.05555462,0.94782604,0.28296211,0.40176749,0.82290519,0.28755738,0.83184987,0.55280127,1.17976419,1.86537836,2.02253589,1.80035565,1.32136673
1094,0.05927110,0.02030842,0.02212650,0.02531380,0.02924952,-0.53475561,-1.04551932,-0.52657591,-1.78190336,-0.36543193,-1.93777680,-0.17491229,-1.71880376,0.07917644,-1.21633855,0.91683924,0.26997905,0.29109355,0.56322866,-0.68808098,0.59529397,0.10955738,0.17167380,0.20365341,0.91683924,1.14454329,1.04845811,0.95011787,0.26997905,0.39675095,0.84377035,0.29109355,0.84747654,0.56322866,1.18671709,1.89558134,2.04077913,1.81241930,1.33066235
1095,0.06156820,0.02187338,0.02288567,0.02626117,0.02966832,-0.54107725,-1.01422288,-0.52450343,-1.73884331,-0.38340954,-1.89860692,-0.19454254,-1.67853814,0.08064242,-1.16343901,0.92728027,0.26096475,0.29055437,0.58400420,-0.72396409,0.58281849,0.10929630,0.17400938,0.20548709,0.92728027,1.15686165,1.05790791,0.98112864,0.26096475,0.37536155,0.85134607,0.29055437,0.86951073,0.58400420,1.16260492,1.86071911,2.01488904,1.78426678,1.29820319
1096,0.05858696,0.02225111,0.02184440,0.02510308,0.02933244,-0.55598357,-1.02221435,-0.54662353,-1.73109663,-0.40878665,-1.89041002,-0.20926569,-1.66341213,0.08172207,-1.15875575,0.93108224,0.25910325,0.30235102,0.58254103,-0.74661354,0.57938627,0.10909540,0.17191512,0.20360897,0.93108224,1.15956667,1.05548272,1.00510179,0.25910325,0.37936192,0.86509126,0.30235102,0.88092241,0.58254103,1.17523289,1.86764404,2.02200767,1.78019243,1.30747434
1097,0.05775319,0.02283162,0.02235527,0.02570243,0.02859885,-0.55478046,-1.00756469,-0.55692202,-1.66964287,-0.41588416,-1.82375270,-0.20920226,-1.59519317,0.07832537,-1.14197061,0.88801604,0.27755742,0.30820038,0.53683788,-0.75390778,0.61672368,0.10966873,0.17370861,0.20543104,0.88801604,1.13374146,1.03597623,1.00548380,0.27755742,0.40236926,0.84472000,0.30820038,0.84207804,0.53683788,1.16003216,1.81450951,1.97185894,1.72758047,1.30120882
1098,0.05628520,0.02151266,0.02032609,0.02553318,0.02806835,-0.59197653,-1.05439255,-0.58794426,-1.71605495,-0.43616725,-1.85516536,-0.21338423,-1.62715882,0.08732276,-1.17018242,0.85025781,0.25843973,0.31877868,0.54705564,-0.71136463,0.59578065,0.10921792,0.16846939,0.20077473,0.85025781,1.06858329,0.97297910,0.97178039,0.25843973,0.41516387,0.88138149,0.31877868,0.86213006,0.54705564,1.21481414,1.86137819,1.99019876,1.73819078,1.30394427
1099,0.05620149,0.02445255,0.02360425,0.02968397,0.03223819,-0.59594511,-1.06257341,-0.59970870,-1.73176673,-0.44586779,-1.86872998,-0.22135646,-1.65740467,0.09152460,-1.15459689,0.85793681,0.25168529,0.30850828,0.59222078,-0.73474452,0.63968382,0.11257334,0.16632189,0.20083756,0.85793681,1.06623265,0.98652152,0.98264202,0.25168529,0.41568856,0.91447958,0.30850828,0.89386170,0.59222078,1.22441040,1.87896049,2.00090079,1.76654409,1.29252596
1100,0.05130999,0.02262442,0.02166173,0.02619895,0.03243324,-0.59829400,-1.08290388,-0.61915426,-1.68352572,-0.46015932,-1.81062690,-0.23172822,-1.60579347,0.08913490,-1.09917968,0.82568374,0.24631585,0.30712658,0.59972071,-0.79447408,0.69211344,0.11504665,0.16861884,0.20412752,0.82568374,1.02251228,0.96137193,0.99995847,0.24631585,0.42353730,0.93202827,0.30712658,0.89907032,0.59972071,1.24109250,1.85377435,1.96417881,1.73695976,1.26889405
1101,0.05106518,0.02299232,0.02379340,0.03050299,0.03566574,-0.66108966,-1.15381815,-0.67915287,-1.76854647,-0.51177576,-1.88734167,-0.25785804,-1.67839560,0.08947982,-1.15934600,0.81128391,0.23037443,0.32965821,0.62485320,-0.77608097,0.65430678,0.11488828,0.15893558,0.19611180,0.81128391,0.98080136,0.93243931,1.01056147,0.23037443,0.44941512,0.99180959,0.32965821,0.94515994,0.62485320,1.33204823,1.94753750,2.03305085,1.79422965,1.30804629
1102,0.04796314,0.02587578,0.02433851,0.03169340,0.03682263,-0.68869408,-1.15408608,-0.69781617,-1.74804563,-0.53843252,-1.86960988,-0.27556514,-1.66581130,0.08116524,-1.15267026,0.78765904,0.22019612,0.33297820,0.62520195,-0.78218310,0.64216730,0.11320720,0.15641971,0.19308805,0.78765904,0.95114103,0.90653151,1.00205970,0.22019612,0.44321192,0.98828566,0.33297820,0.94815448,0.62520195,1.34504210,1.93833223,2.02301666,1.78201395,1.29623626
1103,0.05748672,0.02652417,0.02560680,0.03284190,0.03644872,-0.71619500,-1.17677473,-0.73558282,-1.72944750,-0.57143242,-1.84667360,-0.29793963,-1.64935323,0.07316399,-1.16858656,0.78633286,0.23256239,0.33754196,0.60735760,-0.81908748,0.61125954,0.11182230,0.15461368,0.19081304,0.78633286,0.96178276,0.93429343,1.05128923,0.23256239,0.46349445,0.99344811,0.33754196,0.93578219,0.60735760,1.37914145,1.94308385,2.02678966,1.78822382,1.32901200
1104,0.05594212,0.02687795,0.02706481,0.03579092,0.04005214,-0.72793945,-1.17997188,-0.75172687,-1.69478577,-0.59228019,-1.83425160,-0.31495485,-1.64121328,0.07688115,-1.17241670,0.79850452,0.26037647,0.33791099,0.61130567,-0.85911273,0.58627678,0.11039159,0.15269237,0.18841779,0.79850452,1.01296756,0.98382318,1.09664579,0.26037647,0.46643617,0.98877287,0.33791099,0.94131450,0.61130567,1.38808527,1.93175020,2.04859009,1.81073830,1.35622962
1105,0.04090448,0.02465949,0.02616024,0.03595032,0.04223349,-0.62261658,-1.20228675,-0.73234658,-1.63603565,-0.57691373,-1.77625917,-0.28412472,-1.61195057,0.07870923,-1.15445611,0.75607086,0.26896393,0.33596218,0.58433762,-0.88257314,0.61279229,0.11075990,0.15387278,0.18959059,0.75607086,0.96817947,0.93244705,1.02343054,0.26896393,0.47544003,0.95277345,0.33596218,0.90425297,0.58433762,1.35460090,1.88002891,2.00737135,1.78968561,1.35311990
1106,0.04444560,0.02485121,0.02731331,0.03832345,0.04453919,-0.65417016,-1.25338959,-0.75594618,-1.67739926,-0.58268555,-1.82828036,-0.28940451,-1.67763337,0.08271429,-1.20690809,0.74268607,0.28712824,0.32979595,0.60032710,-0.85966780,0.57792662,0.11025374,0.14817777,0.18469580,0.74268607,0.96632273,0.94846032,1.05065680,0.28712824,0.49474660,0.97268204,0.32979595,0.91078716,0.60032710,1.41490964,1.91918095,2.04889905,1.84479495,1.39382124
1107,0.04307148,0.02444764,0.02662399,0.03723424,0.04468439,-0.65041111,-1.19405513,-0.71999694,-1.62874071,-0.53617278,-1.76125497,-0.25810647,-1.61416682,0.09373478,-1.14736687,0.78812844,0.28587814,0.31480687,0.58537240,-0.90023514,0.60501547,0.11247071,0.15406570,0.19075089,0.78812844,1.01012896,0.99800897,1.08249690,0.28587814,0.48973809,0.95449152,0.31480687,0.88063123,0.58537240,1.36103607,1.87710702,1.99477261,1.80090610,1.36026723
1108,0.05314932,0.02614185,0.02701900,0.03570956,0.04283006,-0.68088907,-1.16764794,-0.71601465,-1.64030513,-0.57840049,-1.75813957,-0.30395923,-1.60997232,0.07859720,-1.12956339,0.83003118,0.25836843,0.31188392,0.61516493,-0.91954844,0.64242639,0.11203409,0.15587144,0.19195713,0.83003118,1.05283718,1.04277153,1.12565962,0.25836843,0.45245862,0.95620852,0.31188392,0.90995861,0.61516493,1.35460904,1.88520622,2.00709699,1.81316429,1.35308673
1109,0.05470649,0.02548781,0.02678445,0.03311489,0.04205162,-0.66208323,-1.14325274,-0.70201715,-1.64293025,-0.56568728,-1.74597574,-0.29485852,-1.59164601,0.06940405,-1.10656607,0.85709906,0.26952085,0.31200354,0.60749065,-0.94322798,0.68627883,0.11271500,0.16013239,0.19582404,0.85709906,1.09047960,1.08486806,1.14844445,0.26952085,0.46650110,0.95845456,0.31200354,0.90141488,0.60749065,1.32540623,1.88116235,2.00100950,1.81038015,1.35458195
1110,0.06119995,0.02275187,0.02507389,0.03250723,0.04092967,-0.65697039,-1.13807788,-0.68425343,-1.68531998,-0.53268193,-1.78694176,-0.28525740,-1.60059707,0.07302272,-1.12221722,0.88150450,0.27164094,0.31024782,0.59823395,-0.93393640,0.71205174,0.11502363,0.16126963,0.19808667,0.88150450,1.10981225,1.08583686,1.14613083,0.27164094,0.46288776,0.96320708,0.31024782,0.89933628,0.59823395,1.31929940,1.90716897,2.01914351,1.80856864,1.36086048
