step,thumb_curl,index_curl,middle_curl,ring_curl,pinky_curl,thumb_dx,thumb_dy,index_dx,index_dy,middle_dx,middle_dy,ring_dx,ring_dy,pinky_dx,pinky_dy,thumb_index_spread,index_middle_spread,middle_ring_spread,ring_pinky_spread,palm_pitch,palm_roll,palm_width,palm_height,palm_diagonal,thumb_index_distance,thumb_middle_distance,thumb_ring_distance,thumb_pinky_distance,index_middle_distance,index_ring_distance,index_pinky_distance,middle_ring_distance,middle_pinky_distance,ring_pinky_distance,palm_thumb_distance,palm_index_distance,palm_middle_distance,palm_ring_distance,palm_pinky_distance
0,0.07155115,0.01452974,0.01579299,0.00907645,0.01912950,-0.18108980,2.28541754,0.79101681,-0.88937497,0.90244154,-1.32536780,0.84910344,-1.43035922,0.71129901,-1.45393547,3.32077223,0.50010238,0.30527615,0.25751943,-0.51588858,-1.00263385,0.05413569,0.06159366,0.08200276,3.32077223,3.77987220,3.89591418,3.92128882,0.50010238,0.73881893,0.91534362,0.30527615,0.54861793,0.25751943,2.43282628,1.41071496,1.69162813,1.68320367,1.61912608
1,0.05195248,0.43185237,0.42177166,0.42240762,0.43763138,-0.48252168,-1.38924159,-0.20504265,-0.50883143,-0.18817147,-0.04001238,-0.11928980,0.14867175,-0.05802448,0.01648644,0.92310259,0.47054065,0.23952347,0.16221072,-0.31843090,-0.10189283,0.04068030,0.13521568,0.14120257,0.92310259,1.38148176,1.58916323,1.48784573,0.47054065,0.68377471,0.59528165,0.23952347,0.24668192,0.16221072,1.52429658,0.67864553,0.41083117,0.30066786,0.17212510
2,0.05693840,0.47163370,0.46477023,0.47851687,0.46786487,-0.53897109,-1.02070867,-0.15554253,-0.45199423,-0.22675123,-0.38620796,-0.13527309,-0.33562292,-0.08698768,-0.32681306,0.68680378,0.17653756,0.20761337,0.08731456,-0.71033933,-0.94752340,0.04368782,0.17298470,0.17841618,0.68680378,0.71600988,0.84696815,0.90451784,0.17653756,0.34759995,0.42387776,0.20761337,0.29386962,0.08731456,1.19578879,0.59107036,0.49053512,0.36245307,0.34208451
3,0.17193167,0.01491745,0.04224346,0.31794343,0.30994564,0.27127984,-0.19686365,-0.19827604,-1.23129580,-0.00801469,-1.34989141,0.25101411,0.27565643,0.29418209,0.31770901,1.14111836,0.23129064,1.64714332,0.12484912,-0.19253430,-0.38958105,0.11756472,0.23373652,0.26163758,1.14111836,1.19774038,0.48442715,0.51510206,0.23129064,1.57250615,1.62927843,1.64714332,1.70318297,0.12484912,0.44887747,1.31168938,1.42717381,0.54927505,0.52338910
4,0.15841349,0.01007078,0.02714755,0.36660458,0.33282518,0.19893288,-0.16678087,-0.26298708,-1.16184294,0.03632810,-1.25419226,0.20765806,0.19261386,0.22487403,0.28125556,1.09805796,0.31811184,1.45735897,0.09241633,-0.05773117,-0.30737502,0.10050470,0.26013729,0.27887740,1.09805796,1.10427013,0.36560856,0.45699460,0.31811184,1.43402955,1.52383631,1.45735897,1.54706654,0.09241633,0.36899054,1.21051542,1.26484285,0.34425580,0.40081274
5,0.12051355,0.01274610,0.03034811,0.38412609,0.37642390,0.17633923,-0.24939482,-0.23414711,-1.12860298,0.06224646,-1.21162026,0.14282241,0.18415648,0.19048626,0.26709953,0.97364251,0.30915465,1.39818305,0.10543610,-0.03728243,-0.15878348,0.09824188,0.26376492,0.28146652,0.97364251,0.97511837,0.44492658,0.53493161,0.30915465,1.36588126,1.46002362,1.39818305,1.48455620,0.10543610,0.38695841,1.16329529,1.21997409,0.27363377,0.34269746
6,0.11308357,0.01675623,0.03089985,0.40344895,0.42910084,0.20835457,-0.34996403,-0.22900214,-1.15742170,0.07914209,-1.21273267,0.08137933,0.13344409,0.11491812,0.22964295,0.92005086,0.31539152,1.34647619,0.11125889,-0.03362921,-0.03122787,0.11405530,0.25627015,0.28050490,0.92005086,0.87754725,0.50423521,0.59756583,0.31539152,1.32769316,1.43010917,1.34647619,1.44291255,0.11125889,0.44879138,1.18718648,1.21890327,0.19815478,0.26811228
7,0.11117914,0.01543979,0.02984534,0.39642626,0.42853921,0.17968989,-0.32021375,-0.24151726,-1.13714955,0.06166351,-1.19086463,0.08654501,0.12421936,0.11852455,0.21812070,0.92225801,0.30930269,1.31558275,0.11304032,-0.03187057,-0.03553519,0.10682723,0.25324695,0.27485646,0.92225801,0.88490124,0.46090470,0.55792510,0.30930269,1.30333642,1.40344869,1.31558275,1.41040776,0.11304032,0.42214055,1.17002694,1.19689819,0.19909640,0.25935401
8,0.11349875,0.01492145,0.02698024,0.39398866,0.43418644,0.17461316,-0.30811327,-0.26524534,-1.11610800,0.01539839,-1.19662953,0.09263128,0.13976726,0.13318447,0.19656084,0.92321191,0.29313391,1.33903924,0.08673160,-0.02546487,-0.03157489,0.10107314,0.24835909,0.26813806,0.92321191,0.90858533,0.46071443,0.52081057,0.29313391,1.30589006,1.37252199,1.33903924,1.39827982,0.08673160,0.40663734,1.15370822,1.20059725,0.21188828,0.24992957
9,0.10535576,0.01467208,0.02541373,0.39906327,0.44025850,0.16830752,-0.32637282,-0.25145637,-1.13623582,0.01892334,-1.21420728,0.08718092,0.13276094,0.13501047,0.19276051,0.91531932,0.28277410,1.34886121,0.09629267,-0.02258000,-0.04109058,0.09931856,0.24472652,0.26411218,0.91531932,0.90625064,0.47348631,0.53888258,0.28277410,1.31342077,1.38557169,1.34886121,1.41223628,0.09629267,0.42056815,1.17089104,1.21858546,0.20059710,0.24397835
10,0.10368805,0.01519036,0.02541128,0.40373787,0.45280189,0.16692711,-0.33797278,-0.26368232,-1.12365554,-0.00185607,-1.20750754,0.07583952,0.12163600,0.12034439,0.17526936,0.89850318,0.27621424,1.33158379,0.09077923,-0.01422362,-0.03626631,0.09754774,0.24058626,0.25960992,0.89850318,0.89077722,0.47420198,0.53178492,0.27621424,1.29075716,1.35599015,1.33158379,1.38865395,0.09077923,0.42292415,1.16082628,1.21143063,0.18614607,0.22107263
11,0.10655296,0.01489587,0.02538541,0.41332214,0.45841732,0.16373171,-0.33925982,-0.26941175,-1.13703164,-0.01500992,-1.22708674,0.07838611,0.09895268,0.12330694,0.15054454,0.91048444,0.27129349,1.32948625,0.09064007,-0.01670857,-0.05123354,0.09358109,0.23134988,0.24955999,0.91048444,0.91092263,0.45307309,0.51011957,0.27129349,1.28400531,1.34777533,1.32948625,1.38509881,0.09064007,0.42383214,1.17507776,1.23095001,0.17213920,0.20293345
12,0.11144140,0.01278591,0.02309918,0.42555356,0.46209309,0.18259486,-0.34816897,-0.26793298,-1.14369656,-0.01580845,-1.21314662,0.07474511,0.05944299,0.11591551,0.14249397,0.91560722,0.26429941,1.27619113,0.10338103,-0.00254551,-0.07909097,0.09939466,0.22551390,0.24644638,0.91560722,0.89181587,0.42546552,0.50571299,0.26429941,1.25100823,1.34328223,1.27619113,1.36210211,0.10338103,0.42679827,1.18038948,1.21574669,0.14505225,0.19432225
13,0.11185990,0.01237118,0.02369298,0.41877405,0.45229369,0.17370282,-0.33990536,-0.26789346,-1.15571800,-0.01864373,-1.21408557,0.07226157,0.05856658,0.11409770,0.15738379,0.92850626,0.25881015,1.27634064,0.11816505,-0.00655377,-0.07249552,0.09548522,0.21887925,0.23880024,0.92850626,0.89845405,0.41352111,0.50948326,0.25881015,1.26103584,1.36859441,1.27634064,1.37796815,0.11816505,0.41438864,1.19258600,1.21710411,0.14974171,0.20589970
14,0.11104718,0.01087203,0.02355921,0.43192152,0.45724821,0.17547639,-0.35470164,-0.27000247,-1.15387638,-0.01635439,-1.21425966,0.06710605,0.03035742,0.10811350,0.12441924,0.91635173,0.26273663,1.24785483,0.10963962,-0.00085974,-0.07473553,0.09390158,0.21466129,0.23430104,0.91635173,0.88461006,0.40310751,0.49184825,0.26273663,1.23128088,1.33358025,1.24785483,1.34446365,0.10963962,0.42605011,1.18988005,1.21667119,0.13074885,0.17884693
15,0.11227497,0.01273228,0.02332581,0.42996123,0.45935324,0.18082980,-0.35899810,-0.28395476,-1.15822458,-0.02905633,-1.21512955,0.07134778,0.04523148,0.11158955,0.13906688,0.92595734,0.26320573,1.26490622,0.11154416,0.00949064,-0.08395666,0.09226908,0.20873001,0.22821437,0.92595734,0.88545121,0.42135100,0.51107114,0.26320573,1.25481821,1.35684774,1.26490622,1.36150144,0.11154416,0.43020847,1.19689710,1.21746618,0.13628340,0.18878274
16,0.12003017,0.01235198,0.02098127,0.43425696,0.44915926,0.17530520,-0.35785072,-0.28945242,-1.14189616,-0.02698079,-1.21636413,0.06546043,0.01722334,0.11067841,0.10994154,0.91173397,0.27999225,1.23845626,0.11191397,0.04667046,-0.21687331,0.09283520,0.20830658,0.22805702,0.91173397,0.88620426,0.39175270,0.47743946,0.27999225,1.21224415,1.31507933,1.23845626,1.33352268,0.11191397,0.41877983,1.18274599,1.21741624,0.12232434,0.16660768
17,0.10860036,0.01230671,0.02659461,0.42455705,0.44812418,0.17542403,-0.38045119,-0.29762948,-1.14265859,-0.02715313,-1.22040328,0.07399399,0.01943412,0.11065424,0.12030180,0.89757455,0.28382898,1.24447882,0.12054709,0.03392398,-0.16930554,0.08870232,0.20604759,0.22432947,0.89757455,0.86661720,0.41369593,0.51214293,0.28382898,1.22006724,1.32848207,1.24447882,1.34790054,0.12054709,0.44257620,1.18614798,1.22305845,0.13554243,0.17310468
18,0.10614054,0.01089761,0.02459163,0.42856381,0.44891517,0.17697673,-0.39270704,-0.29344061,-1.14126581,-0.02468975,-1.21460193,0.07426817,0.03442598,0.11037176,0.12800859,0.88616926,0.28073579,1.25321388,0.10995861,0.03499767,-0.17988817,0.08707965,0.20463988,0.22239683,0.88616926,0.85162043,0.44471943,0.53723967,0.28073579,1.23188294,1.33304342,1.25321388,1.34951974,0.10995861,0.46147207,1.18306032,1.21688566,0.12647917,0.17665320
19,0.10819086,0.01067509,0.02479778,0.42548149,0.43896067,0.17690770,-0.39360903,-0.29737234,-1.15319150,-0.02154949,-1.23292338,0.07550752,0.04288753,0.11564216,0.14460141,0.89681483,0.28919266,1.27996693,0.11825098,0.04466646,-0.20411382,0.08705199,0.20197299,0.21993439,0.89681483,0.86646924,0.45074847,0.54971858,0.28919266,1.25285452,1.36266941,1.27996693,1.38437829,0.11825098,0.45748159,1.19537838,1.23501806,0.13492101,0.19409989
20,0.10621978,0.00984451,0.02471922,0.42223865,0.43814517,0.17931312,-0.38924851,-0.29414854,-1.15188742,-0.01835607,-1.23095813,0.08095582,0.04454357,0.11711064,0.14881907,0.89958395,0.28897023,1.27993829,0.11966998,0.04242096,-0.19607741,0.08454092,0.20005858,0.21718794,0.89958395,0.86963687,0.44818822,0.55103220,0.28897023,1.25386029,1.36483187,1.27993829,1.38643363,0.11966998,0.45595635,1.19278366,1.23266902,0.13665005,0.19703421
21,0.10718273,0.01000900,0.02720733,0.42706842,0.44492490,0.17795164,-0.38625638,-0.28821033,-1.13464281,-0.01834820,-1.19996105,0.07926343,0.03788431,0.11582020,0.15379894,0.88295559,0.27968423,1.24225464,0.12853873,0.06084397,-0.21853953,0.08807685,0.20335524,0.22160975,0.88295559,0.84093511,0.43761302,0.55023467,0.27968423,1.22876844,1.35083780,1.24225464,1.36039916,0.12853873,0.44783173,1.17437880,1.20157863,0.13092988,0.20030301
22,0.10717175,0.00989822,0.02719985,0.42436330,0.44759094,0.18747714,-0.38397877,-0.28746082,-1.14121689,-0.02237531,-1.20092110,0.08062504,0.04573762,0.11473271,0.16194967,0.89499407,0.27279439,1.25119595,0.12848700,0.04582851,-0.16284428,0.08932307,0.20107762,0.22002459,0.89499407,0.84630475,0.44482365,0.55731416,0.27279439,1.24272121,1.36440882,1.25119595,1.36984340,0.12848700,0.45034223,1.18085896,1.20334130,0.13623473,0.20647832
23,0.10328371,0.01021344,0.02818026,0.42450134,0.45189907,0.17792578,-0.39541915,-0.29150292,-1.14493285,-0.01978384,-1.20864775,0.08333288,0.05239118,0.12146675,0.17013416,0.88562480,0.27952529,1.26537535,0.13165878,0.03766149,-0.12277577,0.08937570,0.19987959,0.21895174,0.88562480,0.83924587,0.45985218,0.57535652,0.27952529,1.25462834,1.37904163,1.26537535,1.38626019,0.13165878,0.45728480,1.18554695,1.21163956,0.14083364,0.21636859
24,0.10547029,0.01012943,0.02802726,0.43349984,0.45343586,0.18608857,-0.38887142,-0.28440615,-1.12629666,-0.01648976,-1.18693253,0.08073901,0.04151955,0.11719669,0.16620988,0.87620504,0.27549900,1.23266404,0.13413105,0.06398518,-0.15060327,0.09249354,0.20190188,0.22207977,0.87620504,0.82649557,0.44504457,0.56434214,0.27549900,1.22360504,1.35367848,1.23266404,1.35973398,0.13413105,0.45038618,1.16437695,1.18849135,0.12698612,0.21078522
25,0.10597784,0.01102018,0.02832807,0.43397593,0.45223528,0.18314662,-0.38956359,-0.28382414,-1.12619695,-0.01669360,-1.19060432,0.07776802,0.03710750,0.11492789,0.15673210,0.87334112,0.27611657,1.23173461,0.12964910,0.06501898,-0.15818093,0.09173026,0.20223144,0.22206304,0.87334112,0.82874169,0.44140220,0.55555129,0.27611657,1.21821294,1.34379017,1.23173461,1.35375213,0.12964910,0.44974654,1.16452933,1.19213717,0.12405234,0.20220697
26,0.10622976,0.01059461,0.02879532,0.43160928,0.45083057,0.18335051,-0.38700211,-0.28439342,-1.13542328,-0.01377001,-1.19589603,0.07821704,0.04070569,0.11416843,0.16317103,0.88391467,0.27825087,1.24039475,0.13230617,0.06136533,-0.15383067,0.09171910,0.20122382,0.22114117,0.88391467,0.83566161,0.44237234,0.55971141,0.27825087,1.23078130,1.35865538,1.24039475,1.36508240,0.13230617,0.44894665,1.17364769,1.19762893,0.12849750,0.20759421
27,0.10417600,0.01081022,0.02872029,0.42945577,0.44475893,0.17783103,-0.39416122,-0.28107880,-1.13642790,-0.01395957,-1.19409547,0.07384499,0.05420117,0.11291357,0.18435935,0.87387692,0.27422646,1.25165437,0.13953686,0.06011038,-0.15795731,0.09204417,0.20227258,0.22223034,0.87387692,0.82546861,0.46222451,0.58686234,0.27422646,1.24240874,1.37859089,1.25165437,1.38429218,0.13953686,0.45352119,1.17419388,1.19611303,0.13138642,0.22504749
28,0.10574946,0.01196263,0.02819555,0.42703841,0.44588368,0.17608419,-0.38569648,-0.27937061,-1.13506234,-0.01643220,-1.20097041,0.06974577,0.05756209,0.11145765,0.19117241,0.87747254,0.27195366,1.26160018,0.14350359,0.03909053,-0.09781081,0.09224762,0.20178495,0.22187111,0.87747254,0.83937143,0.45722100,0.58435637,0.27195366,1.24268052,1.38309319,1.26160018,1.39807697,0.14350359,0.44472119,1.17347154,1.20382366,0.13381410,0.23120645
29,0.10454753,0.01096754,0.02640745,0.42535683,0.44084758,0.17381419,-0.39117680,-0.27934748,-1.14601723,-0.01728179,-1.21227026,0.06958077,0.06664695,0.11319095,0.20667493,0.88129446,0.27094846,1.28203789,0.14974969,0.02832901,-0.08181538,0.09234927,0.20091647,0.22112399,0.88129446,0.84501837,0.47097049,0.60463466,0.27094846,1.26186841,1.40876878,1.28203789,1.42496024,0.14974969,0.45071934,1.18396380,1.21525187,0.14209542,0.24704330
30,0.10389999,0.01080481,0.02424774,0.43223763,0.44304257,0.16335844,-0.39870768,-0.28298710,-1.14340397,-0.01962673,-1.21740837,0.06127420,0.04422684,0.10025871,0.17156448,0.86944413,0.27541174,1.26484504,0.13827698,0.03630500,-0.15773223,0.08849417,0.20203606,0.22056697,0.86944413,0.84252819,0.45617732,0.57873399,0.27541174,1.23654426,1.36999731,1.26484504,1.39413898,0.13827698,0.45259850,1.18151443,1.21906554,0.12533429,0.20838774
31,0.10291851,0.01074353,0.02283717,0.42787515,0.45232192,0.16479838,-0.40741300,-0.28197059,-1.14834286,-0.01867865,-1.21941717,0.06381748,0.04444884,0.10002979,0.14867156,0.86728421,0.27383231,1.26734489,0.12136696,0.04244949,-0.16885340,0.08752583,0.20142980,0.21962408,0.86728421,0.83677441,0.46473187,0.56711967,0.27383231,1.24206380,1.35244333,1.26734489,1.37324162,0.12136696,0.46431704,1.18585967,1.22129679,0.13457573,0.18873796
32,0.10822877,0.01240201,0.02205269,0.43178528,0.44721303,0.15921914,-0.40935832,-0.28264460,-1.15937963,-0.01804889,-1.22725392,0.05727534,0.04849522,0.09674871,0.15589631,0.87197927,0.27608614,1.27889492,0.12467424,0.04422134,-0.21098284,0.08853593,0.19914131,0.21793548,0.87197927,0.84179567,0.47095839,0.57603960,0.27608614,1.25482272,1.36951394,1.27889492,1.38790629,0.12467424,0.46324066,1.19722900,1.22868211,0.12907436,0.19169108
33,0.10798932,0.01153819,0.02214216,0.42826856,0.45128477,0.16859287,-0.41131824,-0.28750782,-1.15693221,-0.01617884,-1.23280678,0.05827731,0.04507310,0.09890912,0.14176962,0.87571449,0.28365317,1.28106649,0.11860884,0.04418753,-0.19191686,0.08741053,0.19667190,0.21522183,0.87571449,0.84647704,0.47089231,0.56485739,0.28365317,1.25088567,1.35548058,1.28106649,1.37939257,0.11860884,0.46761986,1.19560485,1.23429048,0.13188864,0.18110513
34,0.10811702,0.01305781,0.02470489,0.43399200,0.45625645,0.17196092,-0.42437566,-0.28788252,-1.16103931,-0.01829771,-1.22980194,0.05955031,0.03227412,0.10584110,0.13758070,0.86963323,0.28051930,1.26565958,0.13066591,0.05728690,-0.21384700,0.08975093,0.19577006,0.21536282,0.86963323,0.83165043,0.47107370,0.57283265,0.28051930,1.24300563,1.35767802,1.26565958,1.37302511,0.13066591,0.47728866,1.19946703,1.23106356,0.12695994,0.17942226
35,0.11123539,0.01261913,0.02224756,0.43177720,0.45779818,0.16632467,-0.42514377,-0.29005459,-1.17123505,-0.01532480,-1.24207573,0.06190375,0.03524046,0.11205825,0.11443676,0.87511396,0.28706073,1.28091011,0.11536525,0.05411410,-0.23810894,0.08728499,0.19393600,0.21267308,0.87511396,0.84010763,0.47237292,0.54876042,0.28706073,1.25683351,1.34817431,1.28091011,1.36252009,0.11536525,0.47398699,1.21056124,1.24334158,0.13171157,0.16597889
36,0.10669973,0.01344931,0.02369299,0.43355468,0.45991539,0.17388332,-0.42318141,-0.28427298,-1.16319904,-0.01203123,-1.23854645,0.06239251,0.03425040,0.10881588,0.12685898,0.87161438,0.28478061,1.27585368,0.12433252,0.05428237,-0.22999959,0.08793236,0.19572197,0.21456744,0.87161438,0.84038373,0.47214970,0.56357848,0.28478061,1.24667149,1.34984058,1.27585368,1.37090834,0.12433252,0.47958630,1.20136645,1.24010584,0.12971996,0.17178434
37,0.10845880,0.01364196,0.02390238,0.43270825,0.46387291,0.18581673,-0.42071643,-0.27926422,-1.16751303,-0.00163260,-1.24592970,0.07104798,0.03877073,0.11889796,0.11206226,0.88154295,0.29053580,1.28773808,0.11289538,0.05126789,-0.21742026,0.08501081,0.19458529,0.21234470,0.88154295,0.85102664,0.47527815,0.54835113,0.29053580,1.25622165,1.34123543,1.28773808,1.36349192,0.11289538,0.48298309,1.20394242,1.24724653,0.13463585,0.16736638
38,0.10350847,0.01185556,0.02406976,0.43451148,0.45781833,0.18666656,-0.43015738,-0.27125390,-1.17771404,0.00573529,-1.24925349,0.07506188,0.04067903,0.11977953,0.13197797,0.87925556,0.28766389,1.29271753,0.11814627,0.04870977,-0.21464570,0.08721877,0.19602322,0.21455120,0.87925556,0.84450863,0.48633952,0.57650208,0.28766389,1.26679347,1.36745117,1.29271753,1.38597802,0.11814627,0.49303758,1.21152124,1.25046194,0.13417976,0.18341727
39,0.09940182,0.01175947,0.02425369,0.43021759,0.45849970,0.17601784,-0.41952844,-0.26513813,-1.16716423,0.00877693,-1.23410989,0.07083694,0.06211642,0.11643948,0.15142606,0.86979301,0.28439620,1.29812504,0.11569892,0.02740094,-0.19022740,0.08746988,0.19822144,0.21666268,0.86979301,0.83658436,0.49647310,0.58573040,0.28439620,1.27437361,1.37408837,1.29812504,1.38993619,0.11569892,0.48177839,1.20141728,1.23596210,0.13728029,0.19561083
40,0.09740630,0.01134670,0.02558541,0.42926962,0.45745028,0.18050910,-0.41419314,-0.26117814,-1.16864862,0.01291088,-1.23111179,0.07307583,0.05229363,0.11673691,0.13640835,0.87615227,0.28254326,1.28517077,0.11084530,0.03280914,-0.19423899,0.08587939,0.19896071,0.21670402,0.87615227,0.83838266,0.48196416,0.56578459,0.28254326,1.26587094,1.35981089,1.28517077,1.37172652,0.11084530,0.47846029,1.20160755,1.23323510,0.13549959,0.18483597
41,0.09438274,0.01174127,0.02729283,0.43058563,0.45734932,0.18183755,-0.40586732,-0.25830278,-1.15941956,0.01652353,-1.21295047,0.07326394,0.04467454,0.11492462,0.15180837,0.87445754,0.28102075,1.25920805,0.12709625,0.04120694,-0.17901985,0.08799231,0.19989263,0.21840263,0.87445754,0.82769694,0.46636556,0.57166153,0.28102075,1.24891641,1.36424997,1.25920805,1.36855960,0.12709625,0.47026761,1.19180263,1.21525877,0.13228331,0.19598774
42,0.09645249,0.01156004,0.02671961,0.42825113,0.46063367,0.17491624,-0.40558202,-0.26271825,-1.15647408,0.00937561,-1.21894299,0.07084006,0.04269061,0.11188547,0.12758491,0.87124693,0.28004093,1.26351010,0.11197781,0.04278760,-0.18574238,0.08535897,0.19837426,0.21595949,0.87124693,0.83416857,0.46311736,0.54850512,0.28004093,1.24472381,1.33857418,1.26351010,1.35074424,0.11197781,0.46825180,1.18970379,1.22113481,0.13250429,0.17508948
43,0.09708699,0.01127599,0.02705080,0.42871154,0.45780836,0.17879535,-0.39668082,-0.26202029,-1.14902276,0.01515165,-1.20869859,0.07040338,0.04039680,0.11159464,0.14314217,0.87368603,0.28430153,1.25072119,0.12335314,0.03547512,-0.14675852,0.08623094,0.19768488,0.21567357,0.87368603,0.83179535,0.45245232,0.55280572,0.28430153,1.23504681,1.34580215,1.25072119,1.35546548,0.12335314,0.45948357,1.18218067,1.21093286,0.13173038,0.18808404
44,0.09570184,0.01058569,0.02751374,0.43249110,0.45998705,0.17728058,-0.40506370,-0.26479504,-1.14715295,0.01405624,-1.20743501,0.07246753,0.03505970,0.11670280,0.13507000,0.86549335,0.28571101,1.24416879,0.12112266,0.04142478,-0.13572323,0.08619063,0.19596853,0.21408524,0.86549335,0.82177326,0.45441188,0.55166595,0.28571101,1.22943711,1.33837451,1.24416879,1.34664943,0.12112266,0.46464671,1.18063694,1.20972250,0.12870660,0.18493472
45,0.09324600,0.01099447,0.02640053,0.42896551,0.45649098,0.17123327,-0.40753994,-0.26764433,-1.14875988,0.01254524,-1.20526353,0.07156154,0.04317621,0.11311571,0.15349405,0.86286609,0.28620291,1.25015115,0.12739580,0.03086400,-0.09479484,0.08644595,0.19392015,0.21231563,0.86286609,0.81592939,0.46305503,0.57039191,0.28620291,1.23933698,1.35722155,1.25015115,1.36262323,0.12739580,0.46494314,1.18325969,1.20793567,0.13615102,0.19964413
46,0.09441826,0.01114502,0.02538591,0.42983961,0.46111244,0.16980383,-0.40251390,-0.27139577,-1.14967776,0.00957093,-1.21551554,0.07271314,0.03829614,0.11440624,0.14674187,0.86955044,0.28874935,1.25567165,0.12790336,0.02569226,-0.08674883,0.08492054,0.19209884,0.21003205,0.86955044,0.83131291,0.45318960,0.55998641,0.28874935,1.23691266,1.35312332,1.25567165,1.36655996,0.12790336,0.46148971,1.18486190,1.21832529,0.13589427,0.19395621
47,0.09617617,0.01076722,0.02426005,0.42388797,0.45673459,0.16895655,-0.40940335,-0.27313338,-1.14735565,0.00853675,-1.20943263,0.07094591,0.05408919,0.11366681,0.15119596,0.86244344,0.28875759,1.26543623,0.11873490,0.02419255,-0.10070331,0.08440727,0.19087592,0.20870602,0.86244344,0.81942469,0.47583382,0.57176141,0.28875759,1.24985978,1.35542224,1.26543623,1.36487041,0.11873490,0.46972744,1.18323028,1.21218184,0.14311997,0.19802338
48,0.09680772,0.01167617,0.02564082,0.42861256,0.45661404,0.17159106,-0.40569383,-0.27158217,-1.14049696,0.00947880,-1.19748876,0.07148497,0.04456887,0.11524730,0.15238819,0.86041170,0.28708582,1.24416245,0.12558617,0.03610601,-0.09464408,0.08658860,0.18972772,0.20855261,0.86041170,0.81180748,0.46290042,0.56750635,0.28708582,1.23395855,1.34971392,1.24416245,1.35405110,0.12558617,0.46443989,1.17540697,1.19962824,0.13716120,0.20056271
49,0.09694924,0.01143007,0.02574012,0.43138819,0.45774891,0.16931993,-0.41745573,-0.27600124,-1.15231964,0.00831024,-1.20451971,0.06602594,0.03153518,0.10913572,0.13633095,0.86144878,0.28929981,1.23825331,0.12477378,0.04419899,-0.11332485,0.08478536,0.18681748,0.20515684,0.86144878,0.80667279,0.46151406,0.56266338,0.28929981,1.23274766,1.34509280,1.23825331,1.34465092,0.12477378,0.47118556,1.18739974,1.20630806,0.13298982,0.18427365
50,0.09694240,0.00973498,0.02555163,0.42754685,0.44888427,0.15881112,-0.42662437,-0.27288296,-1.14623634,0.01203139,-1.19487390,0.07002098,0.03660285,0.11499696,0.14497689,0.84208483,0.28930364,1.23395329,0.12693176,0.05680365,-0.16752277,0.08488798,0.18684372,0.20522316,0.84208483,0.78648267,0.47262006,0.57863078,0.28930364,1.23218756,1.34824122,1.23395329,1.34380717,0.12693176,0.47730407,1.18055830,1.19649091,0.13819639,0.19612113
51,0.09693706,0.00966426,0.02523334,0.43075818,0.44807872,0.15767324,-0.43218812,-0.26890937,-1.15080509,0.01074878,-1.19316886,0.07275106,0.02092221,0.11575309,0.13693147,0.83990458,0.28329573,1.21699124,0.13432395,0.07019302,-0.22178073,0.08459971,0.18588563,0.20423168,0.83990458,0.78144808,0.46302774,0.57861233,0.28329573,1.22120203,1.34401076,1.21699124,1.33424565,0.13432395,0.48502339,1.18385452,1.19442551,0.13380664,0.18845874
52,0.09867661,0.00935676,0.02467333,0.42416712,0.44775741,0.15531640,-0.42364188,-0.27243190,-1.14679395,0.00824828,-1.19782004,0.07952723,0.03427518,0.12749148,0.13196637,0.84428194,0.28540498,1.23566783,0.12288044,0.06515155,-0.19508365,0.08358653,0.18374774,0.20186614,0.84428194,0.79331290,0.46513698,0.56312745,0.28540498,1.23352191,1.33984540,1.23566783,1.33512822,0.12288044,0.47569260,1.18064565,1.19930882,0.14821725,0.19408061
53,0.09615374,0.00999774,0.02690469,0.43004685,0.45082609,0.14929745,-0.43612862,-0.27387174,-1.15812757,0.00667045,-1.21022811,0.07779917,0.02436206,0.12742715,0.13470582,0.84031421,0.28538158,1.23764858,0.13278167,0.06205015,-0.15895106,0.08263247,0.18176853,0.19966954,0.84031421,0.79127655,0.46703087,0.57762977,0.28538158,1.23449889,1.35371758,1.23764858,1.35035232,0.13278167,0.48389207,1.19219556,1.21205809,0.14199685,0.19537913
54,0.09822917,0.01005872,0.02560722,0.42421678,0.45304649,0.14995054,-0.43382600,-0.27854330,-1.15046281,0.00665980,-1.21605001,0.07610793,0.03609199,0.12752935,0.12184287,0.83869498,0.29269053,1.25543669,0.11575752,0.06304720,-0.13809825,0.08051162,0.17876726,0.19606084,0.83869498,0.79866912,0.47593009,0.56097293,0.29269053,1.24005767,1.33554678,1.25543669,1.34334169,0.11575752,0.47849564,1.18503580,1.21760867,0.14650416,0.18680565
55,0.09721092,0.00950867,0.02400731,0.42116834,0.44599500,0.15096428,-0.43645046,-0.28197185,-1.16417575,0.00746355,-1.22142664,0.07225685,0.04621223,0.11958003,0.13516360,0.84930160,0.29504373,1.27028964,0.11365364,0.04323694,-0.11251629,0.07910819,0.17641764,0.19334242,0.84930160,0.80071573,0.48929251,0.57654286,0.29504373,1.26213825,1.35997598,1.27028964,1.36121727,0.11365364,0.48243296,1.20011857,1.22365493,0.15054875,0.19398336
56,0.09588656,0.00980607,0.02546975,0.42344988,0.44826428,0.14606608,-0.43374169,-0.27988959,-1.17514576,0.01040834,-1.22942074,0.07138387,0.03122199,0.11618783,0.12750025,0.85716676,0.29537901,1.26272375,0.11757856,0.02993376,-0.07100842,0.08002557,0.17553477,0.19291591,0.85716676,0.80900869,0.47117812,0.56589544,0.29537901,1.25726252,1.36154251,1.26272375,1.36108488,0.11757856,0.47954359,1.21086680,1.23264649,0.14956079,0.18898106
57,0.09535363,0.00906244,0.02422588,0.42806236,0.45199445,0.13544266,-0.44144674,-0.27686269,-1.17193791,0.01022981,-1.22573534,0.07839604,0.03137805,0.12528553,0.12382840,0.84074749,0.29209014,1.25939062,0.11255017,0.01535105,-0.04133379,0.07800883,0.17550196,0.19205810,0.84074749,0.79621596,0.47682846,0.56935128,0.29209014,1.25511088,1.35677540,1.25939062,1.35450332,0.11255017,0.48313347,1.20720558,1.22877653,0.14568368,0.19140623
58,0.09650049,0.00941356,0.02469004,0.41814356,0.44427334,0.14362618,-0.44107002,-0.28025034,-1.18098962,0.01438130,-1.23625401,0.07712172,0.05092541,0.12403776,0.14181023,0.85498926,0.29983635,1.28908678,0.11462249,0.00273718,-0.05453053,0.07654739,0.17331781,0.18946917,0.85498926,0.80851728,0.49785662,0.58994215,0.29983635,1.28294658,1.38346162,1.28908678,1.38257182,0.11462249,0.49401343,1.21856835,1.24050010,0.16179483,0.20510092
59,0.09480801,0.00925507,0.02550465,0.42136536,0.43296501,0.13517220,-0.44070337,-0.27891477,-1.18528868,0.02026073,-1.23492555,0.07554056,0.03877268,0.11747645,0.14432954,0.85314391,0.30339237,1.27515951,0.11840038,-0.00329385,0.00458709,0.07665617,0.17167225,0.18800939,0.85314391,0.80328603,0.48327029,0.58689843,0.30339237,1.27481955,1.38744804,1.27515951,1.38269767,0.11840038,0.48270659,1.22165971,1.23976323,0.15811619,0.21123847
60,0.09664523,0.00776232,0.02708233,0.41425621,0.43315878,0.13593666,-0.42849352,-0.28037273,-1.19481612,0.02583235,-1.25303642,0.07796203,0.04277256,0.12039468,0.13657996,0.87328641,0.31194248,1.29748840,0.11243467,0.00429322,-0.02252508,0.07577330,0.16856681,0.18481440,0.87328641,0.83251277,0.47487872,0.56653813,0.31194248,1.28951085,1.39042841,1.29748840,1.39283808,0.11243467,0.46912098,1.23047070,1.25738228,0.16727012,0.20605890
61,0.09786705,0.00872850,0.02818653,0.42633790,0.44148332,0.14643931,-0.43061718,-0.27469270,-1.20781085,0.03419145,-1.25811881,0.06963693,0.01893148,0.11064148,0.14558507,0.88501240,0.31301714,1.27817198,0.13894769,0.00513938,0.00719903,0.07965721,0.16628871,0.18438331,0.88501240,0.83589501,0.45607340,0.57847100,0.31301714,1.27499516,1.40719812,1.27817198,1.40578423,0.13894769,0.47336478,1.24177299,1.26210658,0.15251436,0.20586056
62,0.09613411,0.00841972,0.02866705,0.42742625,0.44118980,0.14367751,-0.43934765,-0.26114405,-1.22589859,0.04816397,-1.27082152,0.07646857,0.02277969,0.12039846,0.15508746,0.88533668,0.31292810,1.29432695,0.14464527,0.00019135,0.02834740,0.08024957,0.16578352,0.18418515,0.88533668,0.83719136,0.46715304,0.59546670,0.31292810,1.29440962,1.43275564,1.29432695,1.42774901,0.14464527,0.47942781,1.25673686,1.27620780,0.16078066,0.22080199
63,0.09579186,0.00700281,0.02685749,0.42557362,0.42801209,0.13494904,-0.43578597,-0.24273838,-1.21257227,0.06291716,-1.25799027,0.08188469,0.02538531,0.11769893,0.16562519,0.86470936,0.30970701,1.28433542,0.14712434,0.02783639,-0.01667071,0.08103157,0.16814972,0.18665595,0.86470936,0.82560104,0.46492308,0.60165892,0.30970701,1.28154504,1.42511862,1.28433542,1.42480257,0.14712434,0.46944582,1.23859601,1.26281010,0.16109041,0.23105525
64,0.09292254,0.00752329,0.02504666,0.42770054,0.43166243,0.13043971,-0.42892626,-0.23511436,-1.20602133,0.07316307,-1.24906567,0.07069076,0.01249419,0.10254704,0.15564588,0.85946878,0.31186153,1.26202609,0.15014148,0.00513123,0.01531588,0.08027804,0.17018498,0.18816878,0.85946878,0.82227605,0.44585471,0.58538345,0.31186153,1.25743906,1.40306989,1.26202609,1.40502032,0.15014148,0.46257234,1.23129991,1.25510231,0.15115835,0.21192490
65,0.09173386,0.00935092,0.02195150,0.43385655,0.44822920,0.13737301,-0.43447114,-0.22793586,-1.20116193,0.07708920,-1.25833104,0.06016526,0.02843140,0.09544617,0.15988309,0.85024442,0.31089514,1.28709122,0.14259521,0.00485523,0.04307378,0.08058390,0.17344367,0.19124976,0.85024442,0.82635514,0.46930011,0.59723079,0.31089514,1.26360229,1.39893514,1.28709122,1.41845849,0.14259521,0.47089196,1.22509155,1.26439836,0.13758789,0.20184070
66,0.09138038,0.00965939,0.02212262,0.43289208,0.45368041,0.12900570,-0.41365360,-0.22723570,-1.18856541,0.08341636,-1.24810403,0.06767774,0.04058403,0.09943757,0.15125893,0.85379860,0.31705806,1.28891308,0.12349792,0.00276303,0.07404937,0.08041164,0.17505767,0.19264273,0.85379860,0.83588596,0.45835911,0.56741767,0.31705806,1.26466855,1.37908153,1.28891308,1.39970414,0.12349792,0.44914451,1.21263836,1.25490800,0.14244607,0.19553355
67,0.09538994,0.00985473,0.02292032,0.42873351,0.44153707,0.13725455,-0.41562587,-0.22415607,-1.20286527,0.08704885,-1.25742972,0.06544595,0.03118948,0.09780923,0.16690395,0.86691603,0.31654347,1.28913628,0.14690361,0.00114805,0.05023008,0.08116391,0.17557274,0.19342535,0.86691603,0.84343326,0.45277852,0.58471651,0.31654347,1.26851842,1.40710238,1.28913628,1.42447053,0.14690361,0.45233177,1.22616964,1.26432867,0.14756444,0.21032447
68,0.09656171,0.00955472,0.02289568,0.43149854,0.44193383,0.13844075,-0.40767796,-0.21721974,-1.19643199,0.08991144,-1.24865228,0.05961529,0.00934421,0.09316417,0.15440219,0.86573071,0.31210967,1.25892107,0.15514370,0.00917478,0.03941376,0.08323756,0.17725294,0.19582414,0.86573071,0.84243881,0.42526710,0.56414428,0.31210967,1.23843268,1.38609335,1.25892107,1.40307139,0.15514370,0.44228251,1.21811238,1.25516842,0.14175134,0.19921211
69,0.10533813,0.00991984,0.02269132,0.43216476,0.43678506,0.15377215,-0.40761443,-0.21047090,-1.20223190,0.09397950,-1.25083164,0.05487639,-0.00545850,0.08786991,0.15811588,0.87466587,0.30880151,1.24664993,0.17211263,0.00789569,0.03403387,0.08560877,0.17850398,0.19797104,0.87466587,0.84543953,0.41503806,0.56974899,0.30880151,1.22721558,1.39277033,1.24664993,1.40896157,0.17211263,0.44776758,1.22267422,1.25759020,0.14192343,0.20142828
70,0.11126946,0.01066240,0.02071923,0.42848366,0.42823112,0.15983249,-0.39753859,-0.20610886,-1.20893824,0.10261745,-1.26437465,0.05100733,0.01056871,0.08373707,0.17070874,0.89044918,0.31438313,1.27654026,0.16786928,-0.00477588,0.08386897,0.08420204,0.17957115,0.19833251,0.89044918,0.86872967,0.42373140,0.57333583,0.31438313,1.24770385,1.40991445,1.27654026,1.43520775,0.16786928,0.44078568,1.22890048,1.27245879,0.14699010,0.21445651
71,0.11062102,0.01171087,0.02101948,0.41978848,0.41896802,0.15800692,-0.38078076,-0.20601737,-1.20298514,0.10919740,-1.27056477,0.04410500,0.02792263,0.07737777,0.20265592,0.89920842,0.32294147,1.30058460,0.18255235,-0.02530513,0.14020228,0.08485653,0.18142165,0.20028591,0.89920842,0.89121067,0.42692107,0.58901603,0.32294147,1.25721988,1.43398209,1.30058460,1.47357745,0.18255235,0.42445768,1.22415378,1.28029882,0.15735527,0.24204649
72,0.11467599,0.01007107,0.02209110,0.41835666,0.42358875,0.16503841,-0.40282245,-0.20277692,-1.21494467,0.11583836,-1.28736345,0.03600187,0.05115258,0.07614199,0.21579668,0.89163859,0.32826701,1.34144883,0.17443659,-0.00302680,0.13325262,0.08813186,0.18321021,0.20330569,0.89163859,0.88608843,0.47531735,0.62515552,0.32826701,1.29032531,1.45795980,1.34144883,1.50368680,0.17443659,0.44513137,1.23429420,1.29730577,0.16192862,0.25304818
73,0.11828053,0.00937172,0.01964407,0.42464332,0.43255260,0.16653110,-0.41151749,-0.20116707,-1.21564476,0.11355589,-1.30008737,0.02929583,0.05870801,0.06932567,0.21564923,0.88442247,0.32703206,1.36196184,0.16658792,-0.01033792,0.15846143,0.08900245,0.18529632,0.20556303,0.88442247,0.89018561,0.49210639,0.63470774,0.32703206,1.29673869,1.45689238,1.36196184,1.51638180,0.16658792,0.45390401,1.23446337,1.30908175,0.15620091,0.24874704
74,0.11225186,0.00930033,0.01893893,0.42255111,0.43241237,0.15774446,-0.39922814,-0.19870738,-1.19690531,0.10711394,-1.27913063,0.02940968,0.06507445,0.06762145,0.21969687,0.87374843,0.31730461,1.34683812,0.16384154,-0.02030958,0.17829910,0.08724080,0.18750961,0.20681105,0.87374843,0.88141931,0.48360706,0.62546723,0.31730461,1.28349458,1.44148659,1.34683812,1.49935990,0.16384154,0.43911116,1.21612435,1.28772372,0.15294125,0.24942995
75,0.11296623,0.00812771,0.01931646,0.42608906,0.43155532,0.15650928,-0.40924786,-0.19525950,-1.19564295,0.10505400,-1.28529684,0.02736015,0.05893796,0.06396209,0.23485878,0.86163687,0.31462516,1.34690153,0.18318882,-0.02087237,0.19389907,0.08938473,0.18810781,0.20826468,0.86163687,0.87763430,0.48777810,0.65079274,0.31462516,1.27565723,1.45402682,1.34690153,1.52071207,0.18318882,0.44751809,1.21379852,1.29365633,0.15103774,0.26342201
76,0.11032908,0.00766937,0.02114010,0.43504333,0.43853089,0.14498585,-0.43114025,-0.20320571,-1.20783182,0.10094742,-1.31610171,0.01785909,0.02719926,0.05671518,0.23127745,0.85170585,0.32524642,1.34604969,0.21168539,-0.01713287,0.21148987,0.09317257,0.18729031,0.20918601,0.85170585,0.88610384,0.47666926,0.66833914,0.32524642,1.25616731,1.46254219,1.34604969,1.54812240,0.21168539,0.46813887,1.22744384,1.32539663,0.14562783,0.25877661
77,0.11267381,0.00650423,0.02040639,0.43318121,0.42284696,0.13791768,-0.43234823,-0.21315324,-1.22848873,0.09670862,-1.34454551,0.01023618,0.02141109,0.04460910,0.25634215,0.87029187,0.33412313,1.36875208,0.24051934,-0.03423256,0.24022686,0.09171334,0.18544539,0.20688482,0.87029187,0.91357547,0.47320774,0.69498972,0.33412313,1.27109226,1.50718375,1.36875208,1.60193777,0.24051934,0.46736658,1.25037590,1.35530450,0.15510270,0.28442079
78,0.11410794,0.00639697,0.02037186,0.43457580,0.41739078,0.13329125,-0.43069945,-0.21652924,-1.23370073,0.08977279,-1.34507780,0.01389089,0.00947352,0.03860365,0.26612702,0.87599535,0.32923917,1.35675260,0.26117426,-0.03821696,0.23151557,0.09074362,0.18520965,0.20624505,0.87599535,0.91601178,0.45855750,0.70325598,0.32923917,1.26582399,1.52149825,1.35675260,1.61224484,0.26117426,0.46292869,1.25589873,1.35513055,0.15357358,0.29094127
79,0.11421338,0.00731360,0.02129722,0.43680435,0.42184288,0.12243174,-0.43365333,-0.22112055,-1.22248589,0.08439494,-1.35300738,0.00521290,0.00340725,0.03725344,0.25006112,0.86048969,0.33526622,1.35874652,0.25194193,-0.03729738,0.22957251,0.09118431,0.18588371,0.20704428,0.86048969,0.92071369,0.45430063,0.68899989,0.33526622,1.24773299,1.49509687,1.35874652,1.60408616,0.25194193,0.46361804,1.24606689,1.36300739,0.14953709,0.27542883
80,0.11262074,0.00627983,0.01890251,0.43207852,0.39838365,0.11584253,-0.43611681,-0.22915705,-1.22279338,0.07269122,-1.34444864,0.00460218,-0.01797742,0.03080273,0.27567703,0.85902945,0.32907029,1.32830056,0.29696187,-0.05723904,0.25384428,0.08999269,0.18544842,0.20613054,0.85902945,0.91032044,0.43638687,0.71716738,0.32907029,1.22892920,1.52111004,1.32830056,1.62079992,0.29696187,0.46327460,1.24793958,1.35439118,0.16270338,0.30468772
81,0.11213205,0.00612395,0.01821461,0.43934937,0.41134687,0.10334006,-0.44455571,-0.23453611,-1.21697603,0.06272161,-1.35005099,0.00322190,-0.00999775,0.03397003,0.26127391,0.84311355,0.32930582,1.34138987,0.27474160,-0.05744523,0.27399459,0.09129834,0.18560173,0.20684146,0.84311355,0.90737101,0.44856781,0.70945005,0.32930582,1.23141614,1.50263742,1.34138987,1.61176284,0.27474160,0.46880402,1.24341661,1.35968814,0.15590878,0.29151243
82,0.11187547,0.00601805,0.01889377,0.44100345,0.40509828,0.09377118,-0.44626158,-0.24013390,-1.20853454,0.05833714,-1.34393435,0.00559082,-0.00325221,0.02700947,0.25915162,0.83226353,0.33119161,1.34173133,0.26469022,-0.05285095,0.28119077,0.09084137,0.18577944,0.20679980,0.83226353,0.89913999,0.45372643,0.70873517,0.33119161,1.23123059,1.49202683,1.34173133,1.60353816,0.26469022,0.46961840,1.23635568,1.35347118,0.15521231,0.29019141
83,0.11314181,0.00657364,0.01911091,0.44157775,0.40954626,0.09301028,-0.45851477,-0.24683638,-1.21194925,0.05207657,-1.34523419,-0.00021746,-0.00617968,0.02541445,0.25861377,0.82669157,0.33026304,1.34008806,0.26757351,-0.04789048,0.27513714,0.09062501,0.18479551,0.20582097,0.82669157,0.88811014,0.46309371,0.72032699,0.33026304,1.23175265,1.49570588,1.34008806,1.60423193,0.26757351,0.48236540,1.24097296,1.35409083,0.15157523,0.28739730
84,0.11557312,0.00611155,0.01945139,0.44467236,0.41191926,0.08219117,-0.42919080,-0.25511062,-1.20380825,0.04679575,-1.34666342,0.00812505,-0.04387887,0.02809181,0.23607951,0.84488197,0.33790179,1.30336823,0.28206837,-0.06068609,0.31085460,0.09045784,0.18327598,0.20438372,0.84488197,0.91933923,0.39575959,0.66788553,0.33790179,1.19075476,1.46774556,1.30336823,1.58302034,0.28206837,0.44999230,1.23483150,1.35625201,0.16524735,0.27147188
85,0.11741457,0.00540191,0.01946964,0.44362103,0.40417677,0.08854686,-0.43440424,-0.26409065,-1.20489387,0.04308688,-1.35677040,0.01172171,-0.05762036,0.02547670,0.24662808,0.84735432,0.34624159,1.29960222,0.30584746,-0.07036611,0.31385703,0.08827283,0.18066011,0.20107254,0.84735432,0.92489018,0.38995508,0.68493264,0.34624159,1.18166442,1.48054607,1.29960222,1.60355814,0.30584746,0.45498364,1.23784354,1.36607606,0.17711448,0.28425858
86,0.12043839,0.00389243,0.01706425,0.44177317,0.38914980,0.08035967,-0.43005938,-0.27537267,-1.20663163,0.02719606,-1.36217269,0.02278266,-0.10505167,0.02097141,0.26019086,0.85426424,0.34442931,1.25740117,0.36610223,-0.08171931,0.30744155,0.08541432,0.17875696,0.19811527,0.85426424,0.93598022,0.34278063,0.69607854,0.34442931,1.14401265,1.49746623,1.25740117,1.62237591,0.36610223,0.44673720,1.24192613,1.37142306,0.21210380,0.30504419
87,0.12266862,0.00413923,0.01676053,0.44782463,0.40080288,0.07401577,-0.43186217,-0.28183418,-1.20653530,0.01935803,-1.36998711,0.01314642,-0.07026252,0.02529497,0.24253880,0.85256491,0.34800119,1.29977608,0.31400281,-0.08095202,0.31583287,0.08404475,0.17795218,0.19680065,0.85256491,0.94243317,0.37558625,0.67852902,0.34800119,1.17604380,1.48197058,1.29977608,1.61260519,0.31400281,0.44619209,1.24266745,1.37895373,0.18033327,0.28166089
88,0.12315419,0.00444344,0.01645625,0.44516025,0.39137920,0.07910296,-0.43139108,-0.29198292,-1.19466185,0.00972321,-1.35481842,0.00778707,-0.03473031,0.01959143,0.25780839,0.84873441,0.34670738,1.32015733,0.29368446,-0.07587325,0.29856648,0.08196167,0.17673811,0.19481806,0.84873441,0.92847605,0.41102708,0.69416288,0.34670738,1.20025052,1.48634452,1.32015733,1.61268613,0.29368446,0.44678524,1.23334883,1.36341622,0.16971981,0.29540116
89,0.12133523,0.00395795,0.01819615,0.44849825,0.40264448,0.06681169,-0.41825452,-0.28862809,-1.19552120,0.00874794,-1.35481369,0.00371965,-0.03306258,0.02470802,0.25421225,0.85487271,0.34435320,1.32176076,0.28905568,-0.07229398,0.30394951,0.08318872,0.17563862,0.19434322,0.85487271,0.94239575,0.40004207,0.67676285,0.34435320,1.20067362,1.48390181,1.32176076,1.60927988,0.28905568,0.42959942,1.23314759,1.36413399,0.16286988,0.28900135
90,0.11434235,0.00474681,0.02104377,0.44364892,0.39781620,0.08370326,-0.47152105,-0.29256414,-1.19215104,0.00631498,-1.35359347,0.00127830,-0.04300779,0.01978124,0.24847937,0.81311008,0.34615968,1.31076774,0.29308509,-0.05067375,0.28826188,0.08242118,0.17474275,0.19320528,0.81311008,0.88932496,0.44860723,0.72721801,0.34615968,1.18936568,1.47546961,1.31076774,1.60213237,0.29308509,0.48312436,1.23013102,1.36152551,0.17330106,0.28764488
91,0.10965222,0.00744719,0.02129271,0.44542245,0.40496518,0.08571814,-0.46958515,-0.29231587,-1.17268642,0.00139038,-1.34744185,-0.00007374,-0.06351728,0.01785070,0.22441672,0.79831569,0.34610476,1.28409921,0.28993232,-0.04761415,0.28683742,0.08260788,0.17444347,0.19301447,0.79831569,0.88403844,0.42317384,0.69938030,0.34610476,1.14952273,1.43188686,1.28409921,1.57196382,0.28993232,0.48346510,1.21145331,1.35450824,0.17149405,0.26017865
92,0.11320809,0.00951518,0.02394448,0.44475740,0.40864595,0.07229099,-0.44860150,-0.29587418,-1.17705953,0.00201158,-1.36009674,-0.00439739,-0.07033212,0.01780645,0.21737954,0.81654317,0.35439931,1.28993701,0.28982382,-0.03096122,0.26665098,0.08020606,0.17313226,0.19080826,0.81654317,0.91781171,0.39906927,0.67234266,0.35439931,1.14712577,1.43019823,1.28993701,1.57757030,0.28982382,0.45823782,1.21648643,1.36734652,0.17546676,0.25584328
93,0.11418133,0.00895308,0.02272624,0.44248437,0.41963653,0.08507751,-0.44429279,-0.29486279,-1.16238018,0.00243635,-1.34409838,-0.00225336,-0.06496575,0.03454474,0.21281203,0.81240685,0.35266451,1.27940834,0.28294446,-0.03302356,0.27491651,0.08205282,0.17302920,0.19149874,0.81240685,0.90528372,0.39768052,0.66039273,0.35266451,1.13860994,1.41469748,1.27940834,1.55729688,0.28294446,0.45878770,1.20168914,1.35054769,0.17080133,0.24609786
94,0.11366523,0.01089088,0.02230070,0.45199280,0.43408130,0.09373283,-0.45455503,-0.29690601,-1.16014384,0.00237166,-1.35393886,-0.00437877,-0.05804986,0.04208995,0.19159359,0.80660273,0.36048421,1.29593666,0.25663471,-0.04505570,0.28510588,0.08336670,0.17265685,0.19173000,0.80660273,0.90638564,0.41238264,0.64850443,0.36048421,1.14111695,1.39361537,1.29593666,1.54672631,0.25663471,0.47082954,1.20103243,1.36165771,0.14787241,0.21962980
95,0.11115386,0.00900097,0.02098885,0.44720151,0.42246846,0.09694502,-0.47808236,-0.29359576,-1.15938977,0.00625934,-1.35544859,-0.00864906,-0.04286513,0.03334068,0.20644563,0.78531541,0.36299421,1.31274978,0.25506393,-0.04150613,0.29483170,0.08250840,0.17056915,0.18947684,0.78531541,0.88426682,0.45447478,0.68885826,0.36299421,1.15462533,1.40496959,1.31274978,1.56224576,0.25506393,0.49255605,1.19818075,1.36176927,0.15197202,0.23713063
96,0.11018135,0.00786050,0.01825425,0.44874731,0.41971257,0.08499493,-0.46969261,-0.29525791,-1.17350509,0.00538523,-1.35952520,-0.00318350,-0.07341724,0.03273087,0.19785452,0.80005321,0.35798974,1.28628098,0.27525492,-0.04802553,0.29483176,0.08030076,0.16880286,0.18692944,0.80005321,0.89598186,0.41527393,0.67206624,0.35798974,1.14070549,1.41077945,1.28628098,1.55765520,0.27525492,0.48104833,1.21219778,1.36554002,0.16451589,0.23238386
97,0.11175237,0.00787799,0.01721289,0.45003571,0.43124243,0.09492718,-0.48150868,-0.28752575,-1.16663444,0.00375842,-1.35025283,-0.00866203,-0.06950238,0.04191000,0.17442398,0.78468643,0.34768082,1.28091070,0.25117172,-0.04435701,0.27538793,0.08052097,0.17019820,0.18828451,0.78468643,0.87532348,0.43092890,0.65929607,0.34768082,1.13383494,1.38130189,1.28091070,1.52523884,0.25117172,0.49506152,1.20376338,1.35568972,0.15408064,0.20793613
98,0.10099199,0.01033775,0.02001259,0.44633369,0.42591542,0.08945719,-0.47731457,-0.28090999,-1.16755014,0.01087074,-1.34247199,-0.00789479,-0.07477038,0.03629087,0.16574240,0.78346898,0.34353380,1.26787466,0.24745617,-0.04213396,0.25729153,0.08128025,0.17002009,0.18844976,0.78346898,0.87098792,0.42038328,0.64615884,0.34353380,1.12781319,1.37063979,1.26787466,1.50869940,0.24745617,0.49063255,1.20387048,1.34906243,0.16071963,0.19908858
99,0.10404610,0.01045656,0.02027024,0.44412085,0.42434568,0.09513923,-0.44497939,-0.26989905,-1.16210037,0.01452745,-1.31077915,0.00243296,-0.07809665,0.03786685,0.16821286,0.80470505,0.32372012,1.23290497,0.25142035,-0.03549944,0.24594672,0.08213235,0.17132056,0.18999068,0.80470505,0.87088019,0.38452374,0.61671170,0.32372012,1.11942817,1.36570658,1.23290497,1.47926092,0.25142035,0.46204711,1.19613238,1.31713309,0.16776218,0.20591261
100,0.10235323,0.01356894,0.02106891,0.44626364,0.44138339,0.09375754,-0.42973280,-0.25623552,-1.17184166,0.03394619,-1.31667742,-0.00250111,-0.02390416,0.05602025,0.16440186,0.82062068,0.32638957,1.29328755,0.20236701,-0.03881891,0.25948570,0.08379417,0.17045086,0.18993409,0.82062068,0.89040722,0.42031981,0.59536783,0.32638957,1.17625801,1.37226343,1.29328755,1.48190377,0.20236701,0.44759843,1.20344640,1.32388654,0.13711090,0.19539129
101,0.10120898,0.01211107,0.02113285,0.44421471,0.43760986,0.09853637,-0.43618022,-0.24950053,-1.16831166,0.04708980,-1.30210559,0.00075247,-0.00413688,0.05549518,0.18988407,0.81064773,0.32865113,1.29886954,0.20533323,-0.02353571,0.27319740,0.08385650,0.16900578,0.18866602,0.81064773,0.86879095,0.44729881,0.62796616,0.32865113,1.19228801,1.39218050,1.29886954,1.49222503,0.20533323,0.45342234,1.19712995,1.30877198,0.13716584,0.22081655
102,0.10302521,0.01067291,0.01957077,0.44433141,0.43961916,0.09563614,-0.44090753,-0.23607064,-1.18455280,0.06264742,-1.30775176,0.00846928,0.00400198,0.05884238,0.19288427,0.81430338,0.32601451,1.31314698,0.19958750,-0.01815712,0.25648276,0.08304826,0.16739273,0.18686182,0.81430338,0.86822123,0.45771539,0.63526357,0.32601451,1.21547761,1.40897155,1.31314698,1.50070066,0.19958750,0.45678761,1.20955454,1.31366120,0.13473995,0.22255550
103,0.09957479,0.01068638,0.02084016,0.44540222,0.44594980,0.10878350,-0.46259923,-0.22827269,-1.20079859,0.07568414,-1.30876230,0.01213409,0.00583040,0.06023323,0.19615369,0.81168191,0.32482308,1.31638859,0.20138093,-0.01016136,0.23569684,0.08482240,0.16621194,0.18660452,0.81168191,0.84708209,0.48066491,0.66054526,0.32482308,1.23203256,1.42656694,1.31638859,1.50511176,0.20138093,0.48230683,1.22406177,1.31505576,0.13074252,0.22215093
104,0.10428189,0.01069739,0.02152763,0.44189739,0.43883646,0.10386526,-0.43795492,-0.22707976,-1.20204179,0.08054357,-1.31193320,0.01780508,-0.00266316,0.05716817,0.20764373,0.83267871,0.32957194,1.31101570,0.21802850,-0.01645791,0.25565204,0.08385268,0.16426635,0.18443076,0.83267871,0.87541511,0.44914922,0.64787821,0.32957194,1.22606388,1.43831174,1.31101570,1.51984812,0.21802850,0.45602787,1.22553633,1.31965845,0.14404252,0.23786978
105,0.10335920,0.01203316,0.02261999,0.44646449,0.45193647,0.10585163,-0.43321432,-0.21911143,-1.22397924,0.08990577,-1.32594785,0.01327920,0.00749242,0.06237720,0.20004343,0.85513986,0.32753608,1.33564630,0.20515094,-0.01710994,0.24961033,0.08439384,0.16305631,0.18360197,0.85513986,0.89463706,0.45432557,0.63481452,0.32753608,1.25388894,1.45160926,1.33564630,1.52696116,0.20515094,0.45135221,1.24657393,1.33492130,0.13062363,0.22384756
106,0.10509629,0.01210480,0.02341257,0.44598892,0.45076860,0.11911651,-0.43735560,-0.20665568,-1.22519083,0.10175745,-1.32573407,0.01956022,-0.00914405,0.06443630,0.18131328,0.85310443,0.32654798,1.31918618,0.20289124,-0.01021502,0.21137536,0.08306022,0.16324175,0.18315804,0.85310443,0.89120197,0.44650284,0.62155929,0.32654798,1.23779376,1.43240758,1.31918618,1.50816125,0.20289124,0.45642724,1.24537955,1.33523520,0.13324048,0.20757135
107,0.10929737,0.01253860,0.02334524,0.44253563,0.44435431,0.13139063,-0.42981175,-0.20211953,-1.21701630,0.10951118,-1.31590443,0.02205764,-0.00442573,0.06051910,0.19466213,0.85500090,0.32861210,1.31465653,0.20808321,-0.00466750,0.20821227,0.08369819,0.16230413,0.18261439,0.85500090,0.88742395,0.44472223,0.62890572,0.32861210,1.23457208,1.43595874,1.31465653,1.51149743,0.20808321,0.45450474,1.23614567,1.32511138,0.13924459,0.22311508
108,0.10812728,0.01237478,0.02353544,0.44126924,0.44621256,0.13211070,-0.43636185,-0.19867108,-1.23343126,0.11949363,-1.32152831,0.02376805,-0.00712400,0.05704277,0.19279892,0.86329893,0.33241233,1.31802900,0.20892964,-0.00454285,0.22524715,0.08464986,0.16139513,0.18224705,0.86329893,0.88744310,0.45017798,0.63437951,0.33241233,1.24768021,1.44899239,1.31802900,1.51593747,0.20892964,0.45943327,1.25189534,1.33224084,0.14061170,0.21933839
109,0.10345654,0.01032311,0.02333863,0.43787771,0.43992063,0.12168924,-0.43647589,-0.19189991,-1.23552908,0.12563259,-1.32073730,0.02557395,0.00004202,0.05449860,0.20329729,0.85843297,0.33286872,1.32474354,0.21079417,-0.00495736,0.23767856,0.08375597,0.16041826,0.18096707,0.85843297,0.88638611,0.45461873,0.64425513,0.33286872,1.25673916,1.46000521,1.32474354,1.52591512,0.21079417,0.45758118,1.25246274,1.33256874,0.14895726,0.23257276
110,0.10758869,0.00913263,0.02359812,0.43488018,0.43265129,0.12612940,-0.43008991,-0.18529837,-1.23486635,0.13425130,-1.30822572,0.02910584,0.01226209,0.05160731,0.21200918,0.86293954,0.33163809,1.32515616,0.20518640,-0.00034905,0.22487818,0.08298595,0.15999224,0.18023369,0.86293954,0.87979575,0.46160611,0.64820435,0.33163809,1.26833587,1.46682369,1.32515616,1.52248848,0.20518640,0.45252222,1.25042794,1.32018276,0.15501885,0.24462127
111,0.10527530,0.00849936,0.02368241,0.44095055,0.43923557,0.12645690,-0.44252530,-0.17420453,-1.24354810,0.14406017,-1.30382576,0.03035512,0.01172089,0.05543820,0.19053462,0.85559290,0.32865984,1.32069307,0.18394548,0.01740120,0.20704841,0.08431710,0.16199635,0.18262582,0.85559290,0.86314012,0.47093486,0.63852561,0.32865984,1.27439569,1.45307368,1.32069307,1.49701824,0.18394548,0.46403943,1.25699139,1.31659863,0.14181918,0.22354280
112,0.10408340,0.01268543,0.02390204,0.45450262,0.45735208,0.12732631,-0.43391555,-0.16514234,-1.23123787,0.15398445,-1.30535242,0.03274774,-0.00206675,0.06795144,0.16454037,0.84965229,0.33121937,1.30893142,0.17536301,0.01627649,0.22565941,0.08079858,0.16414780,0.18295603,0.84965229,0.87499267,0.44715015,0.60192290,0.33121937,1.24569558,1.41510765,1.30893142,1.47322124,0.17536301,0.45467845,1.24439284,1.32000354,0.11903480,0.19222809
113,0.10082892,0.01467536,0.02463561,0.45366716,0.45811904,0.12516070,-0.42703917,-0.16483409,-1.23353368,0.15461865,-1.30874837,0.03618978,0.00077333,0.06487724,0.17132131,0.85739177,0.33098724,1.31494963,0.17894103,0.01423281,0.20516049,0.08101400,0.16392414,0.18285074,0.85739177,0.88476082,0.44009884,0.60142444,0.33098724,1.25088578,1.42362293,1.31494963,1.48403270,0.17894103,0.44889649,1.24728222,1.32388349,0.11714565,0.19454302
114,0.10450077,0.01216423,0.02340444,0.44724153,0.45121577,0.13474944,-0.42999786,-0.15062902,-1.22538003,0.16548923,-1.28687662,0.03858756,0.01617272,0.07095505,0.18275024,0.84526110,0.32374735,1.30924836,0.17437577,0.02850204,0.14802355,0.08083456,0.16646950,0.18505762,0.84526110,0.85906512,0.46066799,0.61646379,0.32374735,1.25661196,1.42546013,1.30924836,1.47298354,0.17437577,0.45372214,1.23674831,1.30179415,0.12278837,0.21000583
115,0.09863449,0.01112873,0.02315476,0.43786135,0.44167644,0.13648329,-0.44088441,-0.15208419,-1.21570913,0.15809844,-1.27171791,0.04357413,0.02249955,0.06820057,0.20247283,0.82701941,0.31719934,1.29989193,0.18623845,0.03081784,0.13481473,0.08413102,0.16888006,0.18867566,0.82701941,0.83129308,0.47606475,0.64717333,0.31719934,1.25585107,1.43560386,1.29989193,1.47692959,0.18623845,0.46822292,1.22668078,1.28510788,0.14474407,0.23385979
116,0.10994546,0.01310605,0.02537062,0.43700030,0.44563354,0.15327986,-0.41943061,-0.14929521,-1.20831495,0.15038932,-1.24031702,0.03145399,0.00958257,0.06136580,0.17744635,0.84550163,0.30275410,1.25642405,0.17751225,0.04166386,0.08008549,0.08902916,0.17465639,0.19603838,0.84550163,0.82089570,0.44817503,0.60393336,0.30275410,1.23356203,1.40192925,1.25642405,1.42055759,0.17751225,0.45640049,1.21912737,1.25275689,0.14245618,0.20788511
117,0.11004473,0.01321427,0.02551825,0.43163563,0.44261932,0.16461116,-0.40688265,-0.14533190,-1.19877340,0.14624264,-1.22344639,0.03487495,0.02847853,0.05426074,0.21012452,0.85127171,0.29354109,1.25808235,0.18896997,0.04796048,0.04760137,0.09164354,0.17759524,0.19984646,0.85127171,0.81691837,0.45601167,0.62685733,0.29354109,1.24289517,1.42328520,1.25808235,1.43653532,0.18896997,0.44939057,1.20892445,1.23480829,0.14339338,0.23409883
118,0.11506990,0.01574900,0.02579182,0.42609389,0.44955664,0.17726425,-0.42024214,-0.14968904,-1.20838084,0.14351381,-1.23982267,0.02726806,0.04369201,0.04994939,0.20579457,0.85450981,0.29679045,1.28954312,0.17377390,0.04032948,0.12362040,0.09157716,0.17767602,0.19988783,0.85450981,0.82037072,0.48864044,0.63938736,0.29679045,1.26693713,1.42833641,1.28954312,1.44870630,0.17377390,0.46954258,1.21937448,1.25202388,0.15268463,0.22833249
119,0.11289098,0.01544773,0.02434488,0.42256741,0.45234594,0.17406605,-0.41036346,-0.15423437,-1.22318314,0.14017700,-1.25023130,0.02984877,0.06312765,0.05661928,0.21861590,0.87787637,0.29775313,1.31832452,0.17019003,0.02469059,0.14322651,0.09077560,0.17619659,0.19820557,0.87787637,0.84063262,0.49530277,0.64147169,0.29775313,1.30105284,1.45713616,1.31832452,1.47161205,0.17019003,0.46309976,1.23536824,1.26320726,0.15984627,0.23957343
120,0.11128319,0.01744746,0.02419645,0.42782894,0.46257082,0.17928624,-0.41013300,-0.15781711,-1.23261169,0.12907298,-1.26176624,0.02761091,0.04929316,0.06261392,0.19308339,0.89002698,0.28977892,1.31503639,0.16505054,0.00553402,0.17266462,0.09204106,0.17733753,0.19980029,0.89002698,0.85327341,0.48383552,0.61925722,0.28977892,1.29588856,1.44299662,1.31503639,1.45763784,0.16505054,0.47063381,1.24671180,1.27487651,0.15194374,0.21405909
121,0.10978403,0.01797286,0.02428820,0.43163400,0.46770268,0.18406412,-0.40692713,-0.16224772,-1.23925615,0.11940869,-1.25832795,0.03132855,0.04670779,0.06338118,0.19087659,0.90298356,0.28307780,1.30814638,0.16567986,0.00859430,0.14331406,0.09374151,0.17788994,0.20107785,0.90298356,0.85440675,0.47879606,0.61598324,0.28307780,1.30107309,1.44824201,1.30814638,1.45136159,0.16567986,0.46987798,1.25338233,1.26922183,0.14576047,0.20970923
122,0.11043090,0.01843761,0.02569746,0.42226566,0.46645957,0.19272573,-0.39943630,-0.15610708,-1.23927728,0.12061467,-1.24913543,0.03894027,0.05436224,0.06510091,0.19939617,0.91105672,0.27756589,1.30620425,0.16700610,0.01225437,0.12801110,0.09324138,0.17761112,0.20059826,0.91105672,0.85349563,0.47940765,0.61950485,0.27756589,1.30884420,1.45611600,1.30620425,1.45078480,0.16700610,0.46917533,1.25292811,1.26043335,0.15272795,0.21782676
123,0.10868168,0.01690238,0.02389442,0.42054443,0.45806973,0.18560818,-0.39807596,-0.16397766,-1.22633316,0.11633549,-1.24424831,0.03425198,0.05564581,0.05732029,0.21486198,0.90027445,0.28167944,1.30273656,0.17461960,0.00540042,0.16598852,0.09260001,0.17942134,0.20190785,0.90027445,0.84941802,0.47830208,0.62998193,0.28167944,1.29805946,1.45823865,1.30273656,1.46091303,0.17461960,0.46089165,1.24066193,1.25478440,0.15342284,0.23341000
124,0.11090110,0.01614136,0.02251485,0.42146711,0.45176262,0.17604154,-0.40007047,-0.17810258,-1.21116606,0.10370902,-1.23820137,0.03080266,0.05072676,0.05277307,0.22420311,0.88613580,0.28370973,1.29118212,0.18530985,-0.00386342,0.18440173,0.09354274,0.18280677,0.20534985,0.88613580,0.84163476,0.47362720,0.63959258,0.28370973,1.27972085,1.45396260,1.29118212,1.46381030,0.18530985,0.45928297,1.22802571,1.24789161,0.15007641,0.24270221
125,0.11135808,0.01643884,0.02228456,0.42676068,0.44950037,0.17605049,-0.40567879,-0.17988929,-1.21942967,0.09690541,-1.25501187,0.02602526,0.04431515,0.04693144,0.22039867,0.88931629,0.27956651,1.30153814,0.18603741,-0.00394267,0.19588694,0.09513284,0.18516167,0.20817085,0.88931629,0.85347555,0.47434526,0.64182739,0.27956651,1.28115201,1.45764013,1.30153814,1.47654777,0.18603741,0.46263793,1.23599355,1.26335347,0.14420808,0.23860862
126,0.11287455,0.01562788,0.02404434,0.43338068,0.44825453,0.16410179,-0.40688427,-0.19232762,-1.21154876,0.08628776,-1.26813065,0.02406501,0.03105488,0.04485340,0.21944214,0.88110039,0.28502681,1.30099491,0.19616754,-0.00346155,0.21705461,0.09774529,0.18623092,0.21032379,0.88110039,0.86504076,0.45983116,0.63909277,0.28502681,1.26226262,1.45051434,1.30099491,1.48830840,0.19616754,0.45719214,1.22973392,1.27550492,0.14081156,0.23943294
127,0.10914260,0.01565658,0.02362527,0.43349758,0.44370811,0.14748990,-0.41976444,-0.19970042,-1.20724958,0.07537893,-1.27505367,0.02033271,0.04086852,0.04702327,0.23821763,0.86134532,0.28391467,1.31723963,0.20473081,-0.01659088,0.21686795,0.09711494,0.18893534,0.21243322,0.86134532,0.85848735,0.47787995,0.66701498,0.28391467,1.26797799,1.46639458,1.31723963,1.51376965,0.20473081,0.46355782,1.22732782,1.28230017,0.14185388,0.25786763
128,0.10978496,0.01416003,0.02374454,0.43071364,0.43050388,0.13169513,-0.43982492,-0.21268469,-1.21970761,0.05806567,-1.28517948,0.01398977,0.04576516,0.03738313,0.25686331,0.85299537,0.27886923,1.33184725,0.21617582,-0.03026083,0.21309820,0.09762299,0.18973163,0.21337370,0.85299537,0.84868393,0.49969674,0.70384541,0.27886923,1.28608253,1.49760692,1.33184725,1.54229622,0.21617582,0.47858185,1.24273129,1.29210348,0.14963100,0.27870650
129,0.11177088,0.01212437,0.02373426,0.43242671,0.42872226,0.12394452,-0.42661731,-0.22732170,-1.20969094,0.04050998,-1.27560704,0.00896039,0.03820563,0.03761851,0.26390347,0.85857061,0.27648419,1.31439455,0.22979057,-0.02974686,0.24448057,0.09923065,0.19187466,0.21601529,0.85857061,0.85309089,0.47919980,0.69602813,0.27648419,1.27077001,1.49725483,1.31439455,1.53954063,0.22979057,0.46086024,1.23484813,1.28171271,0.14666258,0.28800311
130,0.11056316,0.01073317,0.02329527,0.43419958,0.42877086,0.12190562,-0.41716512,-0.22930834,-1.19681805,0.02668877,-1.25721346,0.01298542,0.03974627,0.03983197,0.27295071,0.85550027,0.26326011,1.29724455,0.23608888,-0.02045428,0.20640252,0.09960777,0.19334592,0.21749563,0.85550027,0.84555647,0.46979499,0.69517391,0.26326011,1.26055336,1.49423756,1.29724455,1.53022154,0.23608888,0.45128554,1.22233468,1.26202057,0.13678438,0.29517834
131,0.11291360,0.01006626,0.02219793,0.42829161,0.40903611,0.10353506,-0.40136840,-0.25109556,-1.20043530,0.01501807,-1.27383504,0.00447809,0.04457237,0.03574098,0.28083981,0.87425196,0.27645143,1.31857688,0.23958133,-0.04638417,0.22262809,0.09486256,0.19248268,0.21458911,0.87425196,0.87698302,0.45757489,0.68557124,0.27645143,1.27140259,1.50881649,1.31857688,1.55482516,0.23958133,0.43076456,1.23137999,1.28007534,0.15049290,0.30717033
132,0.11473729,0.01103302,0.02334473,0.41899280,0.38633238,0.09970155,-0.35000633,-0.26618966,-1.18263269,0.00754769,-1.25320591,0.02093764,0.06209416,0.04210948,0.28245940,0.90961022,0.28281393,1.31549741,0.22306391,-0.06156833,0.17431012,0.08904972,0.19275651,0.21233211,0.90961022,0.90791812,0.42034928,0.63508450,0.28281393,1.27745340,1.49727892,1.31549741,1.53608010,0.22306391,0.38227870,1.21946723,1.25938044,0.15708246,0.30801724
133,0.11387115,0.01116636,0.02182034,0.42590610,0.37403414,0.08773146,-0.31594121,-0.26632459,-1.16299433,0.00480735,-1.22778015,0.02225130,0.06765859,0.03878034,0.28503397,0.91807345,0.27895078,1.29557749,0.21889854,-0.07905285,0.20412313,0.08620789,0.19361995,0.21194453,0.91807345,0.91563803,0.38914903,0.60331371,0.27895078,1.26403729,1.47999425,1.29557749,1.51324594,0.21889854,0.35326196,1.20054338,1.23396542,0.14887587,0.30831578
134,0.11780936,0.01095665,0.02238148,0.42995731,0.35065580,0.08856135,-0.29205919,-0.26062276,-1.16316733,0.01785734,-1.20771271,0.03260763,0.03869243,0.04042467,0.27568690,0.93849064,0.28242740,1.24650513,0.23763881,-0.07910932,0.17033601,0.08290443,0.19410115,0.21106492,0.93849064,0.91846787,0.33552688,0.57023800,0.28242740,1.23715065,1.47022605,1.24650513,1.48360504,0.23763881,0.33448947,1.20011936,1.21420737,0.13928608,0.30110173
135,0.12229721,0.01119724,0.02338349,0.42592203,0.36683623,0.10218546,-0.28275444,-0.25124020,-1.16832403,0.02960983,-1.20762982,0.03439919,0.04389273,0.04290839,0.26627112,0.95349159,0.28411984,1.25156082,0.22376376,-0.07226582,0.17296506,0.08415521,0.19455625,0.21197696,0.95349159,0.92791560,0.33377455,0.55325874,0.28411984,1.24544681,1.46479500,1.25156082,1.47403548,0.22376376,0.33076934,1.20276521,1.21381819,0.13899041,0.28904611
136,0.11963000,0.01131603,0.02451082,0.41907568,0.37295186,0.10631309,-0.27752410,-0.23760785,-1.16371830,0.04256886,-1.19665022,0.03229212,0.07028838,0.04764261,0.26175466,0.95062992,0.28311721,1.26698083,0.19383083,-0.06809044,0.14830526,0.08305468,0.19647937,0.21331250,0.95062992,0.92191050,0.35698732,0.54549040,0.28311721,1.26338250,1.45454973,1.26698083,1.45862471,0.19383083,0.33186647,1.19583457,1.20292561,0.13965060,0.28095601
137,0.11705673,0.01070956,0.02461247,0.42148997,0.38929984,0.11443134,-0.28037972,-0.22965163,-1.17597456,0.05091719,-1.18470199,0.03563098,0.06315300,0.05349768,0.26089118,0.95950992,0.28163361,1.24798552,0.19996489,-0.06205224,0.16221244,0.08758932,0.19725870,0.21583069,0.95950992,0.90726953,0.35345161,0.54701003,0.28163361,1.26727573,1.46496756,1.24798552,1.44566522,0.19996489,0.33502480,1.20522334,1.19062878,0.13745080,0.28208099
138,0.11866191,0.01120748,0.02606064,0.40912434,0.37587438,0.12839384,-0.27862496,-0.21730890,-1.17248448,0.06804290,-1.18282151,0.03498712,0.07904774,0.05197994,0.26019873,0.95860741,0.28639977,1.26235920,0.18420999,-0.05794427,0.14704768,0.08567251,0.19672584,0.21457128,0.95860741,0.90722780,0.37096521,0.54748898,0.28639977,1.27674975,1.45829244,1.26235920,1.44320729,0.18420999,0.33984308,1.19902797,1.18926410,0.14403727,0.27905951
139,0.11411401,0.01232419,0.02700656,0.40586753,0.40894609,0.14299575,-0.31552307,-0.20828440,-1.17662905,0.07850562,-1.16657644,0.03191373,0.10103647,0.05528542,0.27208102,0.93052426,0.28813056,1.26864312,0.17566911,-0.03640002,0.10813038,0.09240276,0.19831330,0.21878399,0.93052426,0.85540045,0.43262180,0.59805895,0.28813056,1.30005687,1.47296508,1.26864312,1.43889070,0.17566911,0.37625225,1.20050376,1.17265500,0.15329457,0.28846183
140,0.11851505,0.01292854,0.02735581,0.40429845,0.41240571,0.15481691,-0.30148717,-0.20532183,-1.16779592,0.07828295,-1.16326027,0.04289482,0.10726593,0.06381894,0.27220465,0.93887693,0.28528478,1.27119026,0.16985904,-0.03295108,0.07392582,0.09245726,0.19907217,0.21949504,0.93887693,0.86772639,0.42626187,0.58642006,0.28528478,1.29903370,1.46561172,1.27119026,1.43560518,0.16985904,0.37104853,1.19127219,1.16894371,0.15630625,0.28834010
141,0.11413113,0.01220122,0.02798202,0.39103714,0.39820021,0.16231657,-0.30484183,-0.21382331,-1.15655587,0.06270056,-1.15969345,0.04639904,0.11657078,0.06617103,0.28866879,0.93160995,0.27875655,1.27656570,0.17681840,-0.02786400,0.05555927,0.09227954,0.19874655,0.21912486,0.93160995,0.86321531,0.43929704,0.60650358,0.27875655,1.29951009,1.47288199,1.27656570,1.44842470,0.17681840,0.37732560,1.18229963,1.16451597,0.16538560,0.30485621
142,0.11052605,0.01222726,0.02592200,0.40053220,0.41521643,0.15106530,-0.31010405,-0.22036233,-1.14247004,0.04599439,-1.14831610,0.04381263,0.10152829,0.06440109,0.26968374,0.91163163,0.26814193,1.25000730,0.17169308,-0.02654994,0.09495039,0.09479091,0.20066175,0.22192443,0.91163163,0.84608282,0.42623283,0.58879602,0.26814193,1.27178053,1.44108479,1.25000730,1.41814096,0.17169308,0.37030328,1.16948923,1.15257058,0.15433265,0.28851144
143,0.11000969,0.01354755,0.02860025,0.41529997,0.43133821,0.15451699,-0.32212224,-0.22848382,-1.16145255,0.04536520,-1.16623762,0.05234065,0.07181259,0.07641039,0.23439209,0.92286129,0.27727549,1.23819778,0.16645057,-0.02309545,0.05521854,0.09236988,0.20019897,0.22048089,0.92286129,0.85367751,0.40978307,0.56685693,0.27727549,1.26508899,1.42969235,1.23819778,1.40099983,0.16645057,0.38785966,1.19066190,1.17022939,0.13607619,0.25818916
144,0.10427551,0.01264148,0.02671734,0.41624094,0.43268825,0.15790968,-0.31466700,-0.22049512,-1.15000670,0.05872255,-1.14482154,0.05479221,0.07047465,0.07913383,0.22315140,0.91773091,0.28258053,1.21549439,0.15653437,-0.01946316,0.02123793,0.09147653,0.20520120,0.22466750,0.91773091,0.83973377,0.40274373,0.54961530,0.28258053,1.25132836,1.40622271,1.21549439,1.36812829,0.15653437,0.38474577,1.17707197,1.14888962,0.13277989,0.24800010
145,0.10443388,0.01295747,0.02804771,0.41536900,0.43147936,0.16128824,-0.31246714,-0.21469946,-1.14621891,0.06514414,-1.13611902,0.05033735,0.07066145,0.07384663,0.21639623,0.91585353,0.28483852,1.20714575,0.15014540,-0.01461823,-0.02604062,0.09129387,0.20798120,0.22713597,0.91585353,0.83523749,0.40570196,0.54558071,0.28483852,1.24568828,1.39387101,1.20714575,1.35254430,0.15014540,0.39012368,1.17243677,1.14007996,0.12852130,0.23837418
146,0.10207216,0.01355042,0.03028920,0.41320402,0.43207524,0.15122872,-0.28990891,-0.20883090,-1.14620667,0.08018970,-1.13347514,0.06430110,0.07359835,0.09110616,0.20046021,0.93034876,0.29369777,1.20741224,0.13359921,-0.01567454,-0.05293756,0.08936289,0.21097179,0.22911749,0.93034876,0.85269952,0.38189609,0.50627358,0.29369777,1.25029850,1.38092720,1.20741224,1.33400654,0.13359921,0.36945297,1.17128052,1.13844860,0.13529314,0.22858326
147,0.10621479,0.01309070,0.02872958,0.41022316,0.42349321,0.17372062,-0.27785147,-0.20018391,-1.14720323,0.09210587,-1.12584345,0.06495424,0.08512975,0.09237993,0.21749801,0.94743642,0.29839334,1.21167288,0.13722462,-0.01447586,-0.07134181,0.09414049,0.21400406,0.23379515,0.94743642,0.85793436,0.38543648,0.51073482,0.29839334,1.26078395,1.39656060,1.21167288,1.34336158,0.13722462,0.36544259,1.17034016,1.13121183,0.14067089,0.24578931
148,0.10370739,0.01497132,0.03127481,0.40482429,0.42596483,0.19085141,-0.28291853,-0.19187514,-1.14995868,0.10517394,-1.12720555,0.06832155,0.09513360,0.09924897,0.21378904,0.94917777,0.30347294,1.22321803,0.12611204,-0.01623288,-0.08753216,0.09517972,0.21562381,0.23569643,0.94917777,0.85569128,0.40570916,0.51715808,0.30347294,1.27233526,1.39572853,1.22321803,1.34100834,0.12611204,0.38330539,1.17227990,1.13395228,0.14948797,0.24408562
149,0.10261983,0.01286123,0.03252767,0.39888440,0.42540450,0.20078186,-0.27194011,-0.17813280,-1.14601432,0.12189742,-1.11177005,0.07559250,0.11154831,0.10278536,0.23169430,0.95395479,0.30660271,1.22433045,0.12613438,-0.01906065,-0.08170344,0.09772273,0.21652464,0.23755558,0.95395479,0.84973439,0.41211404,0.52503259,0.30660271,1.28337499,1.40741959,1.22433045,1.34362954,0.12613438,0.38228313,1.16693505,1.12101269,0.16444664,0.26221273
150,0.11223571,0.01159871,0.03135965,0.38464111,0.39346998,0.20602681,-0.21011105,-0.16445206,-1.15020531,0.14072259,-1.12543913,0.07549864,0.12491598,0.10676482,0.22924141,1.01157919,0.31102312,1.25208146,0.11233249,-0.03822061,-0.07427955,0.09470813,0.21606702,0.23591224,1.01157919,0.92333167,0.37166877,0.46655884,0.31102312,1.29833700,1.40780684,1.25208146,1.35524491,0.11233249,0.35263499,1.17113507,1.13793462,0.17704379,0.26312237
151,0.11874492,0.01152180,0.03209129,0.37988482,0.39693583,0.22507005,-0.20047963,-0.15518677,-1.15842700,0.14734880,-1.12531118,0.07837426,0.13502859,0.11222150,0.23449982,1.03127469,0.31140595,1.26223876,0.10861700,-0.04124919,-0.09745968,0.09589489,0.21815316,0.23829946,1.03127469,0.93363324,0.37851069,0.46600402,0.31140595,1.31575219,1.42107354,1.26223876,1.36043911,0.10861700,0.35819263,1.17939386,1.13863637,0.18417032,0.26927197
152,0.11685926,0.01252447,0.03421658,0.36319035,0.37878523,0.22639737,-0.18854373,-0.14774498,-1.15962861,0.15814487,-1.12672949,0.08331102,0.17215509,0.11736339,0.26363365,1.04134515,0.31451309,1.30105702,0.10016043,-0.04813322,-0.09646378,0.09503742,0.21945058,0.23914571,1.04134515,0.94627599,0.39973123,0.47997304,0.31451309,1.35293899,1.44999778,1.30105702,1.39104765,0.10016043,0.35802385,1.18070797,1.14220529,0.21937361,0.30083546
153,0.11740259,0.01181161,0.03430406,0.35568363,0.37493070,0.23842019,-0.18002388,-0.14035306,-1.16374641,0.17455110,-1.13400186,0.08525454,0.17465939,0.11680645,0.27118267,1.05468162,0.32209688,1.31170536,0.10444020,-0.05458679,-0.04638089,0.09956569,0.22072790,0.24214486,1.05468162,0.96082846,0.39827096,0.48275696,0.32209688,1.35872466,1.46037707,1.31170536,1.40661231,0.10444020,0.36489697,1.18520777,1.15305096,0.22470270,0.30820866
154,0.12163505,0.01585666,0.03818367,0.35096808,0.36322744,0.24291797,-0.15642385,-0.13562941,-1.16525183,0.18991236,-1.12527108,0.09320601,0.19515964,0.12216196,0.29786058,1.07804002,0.33407923,1.32396795,0.11041953,-0.05823973,-0.04991108,0.10057861,0.22318224,0.24479863,1.07804002,0.97515688,0.39463742,0.48690360,0.33407923,1.38104560,1.48857134,1.32396795,1.42505328,0.11041953,0.35887667,1.18671672,1.14702737,0.24462645,0.33320498
155,0.12419042,0.01564262,0.04180788,0.33728978,0.35293325,0.23856818,-0.12307013,-0.13040170,-1.17721845,0.21405840,-1.13182450,0.09679341,0.21940082,0.13222985,0.30075573,1.11748500,0.35170733,1.35636818,0.09757158,-0.07307824,-0.02526236,0.09851473,0.22374680,0.24447450,1.11748500,1.01324825,0.38532349,0.46066640,0.35170733,1.41660207,1.50503468,1.35636818,1.43592163,0.09757158,0.35317358,1.19988217,1.16005234,0.27005901,0.33901805
156,0.13217183,0.01254217,0.04241978,0.34931660,0.35003433,0.22774190,-0.09574737,-0.13464599,-1.15684696,0.22213897,-1.12197148,0.09719354,0.20939381,0.12918112,0.31550916,1.12220710,0.36177897,1.33756898,0.11563362,-0.08365871,-0.00444789,0.09870092,0.22517690,0.24585871,1.12220710,1.03057550,0.35472155,0.45151291,0.36177897,1.38804805,1.50002648,1.33756898,1.44189235,0.11563362,0.35160653,1.18246597,1.15430641,0.26251784,0.35313002
157,0.13342770,0.01387912,0.04726645,0.34517585,0.35775062,0.24156539,-0.09255821,-0.13864990,-1.16367603,0.22875868,-1.12677375,0.09587321,0.23449995,0.12829413,0.31891078,1.13740155,0.37285772,1.36846853,0.09670327,-0.09817466,0.03230934,0.09972893,0.22285111,0.24414847,1.13740155,1.03859515,0.38404986,0.46058517,0.37285772,1.42096891,1.51206799,1.36846853,1.45131168,0.09670327,0.36695837,1.19192705,1.16166082,0.28089925,0.35460120
158,0.14556642,0.01352094,0.04730446,0.34534824,0.35917904,0.23416302,-0.10224624,-0.15092006,-1.17830879,0.23238085,-1.14638627,0.08847788,0.25059039,0.11961992,0.33746910,1.14344206,0.38687325,1.40519878,0.09652236,-0.10891867,0.08013583,0.10215563,0.21933229,0.24195542,1.14344206,1.04698566,0.40180207,0.47967126,0.38687325,1.45160182,1.54426009,1.40519878,1.49010133,0.09652236,0.36026421,1.20785790,1.18299643,0.29521799,0.37182703
159,0.15120688,0.01387138,0.04712278,0.35126082,0.36306362,0.24338338,-0.07754089,-0.14927537,-1.19352399,0.24619253,-1.16177749,0.08844390,0.24775307,0.11811848,0.33814741,1.18349139,0.39861639,1.41941157,0.09785382,-0.11580493,0.11899864,0.10495343,0.21578693,0.23995671,1.18349139,1.08656739,0.38185909,0.45912273,0.39861639,1.46377257,1.55922532,1.41941157,1.50741653,0.09785382,0.36550841,1.22442597,1.20273617,0.29566915,0.37531131
160,0.14482045,0.01651211,0.04439252,0.34135138,0.33936818,0.25710441,-0.06367449,-0.15417014,-1.21767915,0.25732558,-1.18817611,0.09292787,0.26167230,0.11930874,0.37487621,1.22579835,0.41441647,1.46021571,0.12108968,-0.12733221,0.12141894,0.10442036,0.20885337,0.23350233,1.22579835,1.12738615,0.38920369,0.49032248,0.41441647,1.50287242,1.62102817,1.46021571,1.57171266,0.12108968,0.38433462,1.25010229,1.23172269,0.31180815,0.40793181
161,0.15310787,0.01514008,0.04016609,0.33723592,0.33445817,0.25295728,-0.07126163,-0.15527438,-1.22096292,0.24131821,-1.19567059,0.08833712,0.25966973,0.11275391,0.37713155,1.22061578,0.39888023,1.46428350,0.12317726,-0.12799309,0.12421493,0.10607172,0.20750123,0.23304070,1.22061578,1.12678833,0.38995297,0.49384143,0.39888023,1.50302430,1.62444126,1.46428350,1.58007181,0.12317726,0.38095488,1.25357526,1.23664437,0.31334424,0.41257199
162,0.15427695,0.01290065,0.03720395,0.32954684,0.29421836,0.24552389,-0.06336110,-0.17003930,-1.21422052,0.21843430,-1.19703481,0.07853790,0.26683171,0.10485167,0.39235998,1.22377738,0.39076292,1.47201756,0.12898917,-0.13691055,0.11366970,0.10495385,0.20758970,0.23261297,1.22377738,1.13558620,0.39090549,0.49700681,0.39076292,1.50540669,1.63421828,1.47201756,1.59544274,0.12898917,0.36987664,1.25086197,1.23465910,0.31284914,0.42626779
163,0.15787588,0.01279200,0.03414075,0.32430687,0.28801259,0.23827851,-0.05861743,-0.17828859,-1.21472537,0.20712029,-1.20248267,0.07572204,0.26269817,0.10620723,0.38487315,1.22907694,0.38660070,1.47218322,0.12653337,-0.13277845,0.10966521,0.10255642,0.20741150,0.23138139,1.22907694,1.14540233,0.37592743,0.47814127,0.38660070,1.50152090,1.62763347,1.47218322,1.59209576,0.12653337,0.35081631,1.24872954,1.23651107,0.30842653,0.41999307
164,0.15882571,0.01232615,0.03393385,0.33946905,0.28856058,0.23141116,-0.06411434,-0.19546231,-1.21007915,0.19222301,-1.21247767,0.07361355,0.24422342,0.09673684,0.38161367,1.22295550,0.38883742,1.46279754,0.13965803,-0.13694831,0.13249249,0.10155896,0.20693173,0.23051023,1.22295550,1.14982172,0.36155782,0.47923101,0.38883742,1.48177561,1.62141291,1.46279754,1.59851512,0.13965803,0.33925638,1.24657891,1.24333255,0.28904926,0.41344324
165,0.14797339,0.00998869,0.03271006,0.35578570,0.30748212,0.21504294,-0.08900242,-0.20539406,-1.19506202,0.16271830,-1.20573430,0.08462458,0.22240368,0.11261707,0.38199691,1.18352521,0.36908337,1.43083719,0.16257601,-0.11484548,0.13076727,0.10119419,0.21121891,0.23420865,1.18352521,1.11902880,0.34919643,0.49278808,0.36908337,1.44827969,1.61069633,1.43083719,1.58942375,0.16257601,0.32385683,1.22909373,1.22936326,0.27408857,0.41672348
166,0.14840216,0.01281264,0.03459238,0.33792716,0.29588067,0.20954211,-0.10983289,-0.22372821,-1.18110737,0.13999477,-1.21008559,0.07916224,0.25470786,0.10527167,0.40109949,1.15609201,0.36604389,1.46643348,0.14977742,-0.11406419,0.10460263,0.10014363,0.21275515,0.23514570,1.15609201,1.10429395,0.39914116,0.53399358,0.36604389,1.46874539,1.61804975,1.46643348,1.61237186,0.14977742,0.33587481,1.21926708,1.23060568,0.30185653,0.43265895
167,0.14620806,0.01343844,0.03430295,0.33663845,0.28624099,0.20283706,-0.10130293,-0.24137250,-1.17116472,0.12850052,-1.22480493,0.07565043,0.25431157,0.10935457,0.38895329,1.15883289,0.37444369,1.48063165,0.14056112,-0.12247222,0.12323083,0.09670000,0.20964107,0.23086851,1.15883289,1.12725312,0.38947230,0.51269748,0.37444369,1.46170670,1.60137903,1.48063165,1.61511392,0.14056112,0.32063184,1.21167334,1.24357830,0.29616002,0.41857621
168,0.14195756,0.01269078,0.03530271,0.35581866,0.32191099,0.20348119,-0.12376360,-0.26142930,-1.19427737,0.11706314,-1.25070837,0.07527576,0.25895957,0.10778930,0.39844742,1.16746890,0.38367203,1.51093043,0.14481571,-0.12820004,0.14678821,0.09697377,0.20543856,0.22717596,1.16746890,1.13167196,0.41634236,0.54508252,0.38367203,1.49352291,1.63768808,1.51093043,1.65053657,0.14481571,0.33381667,1.23960545,1.26861962,0.30015882,0.42727846
169,0.14174700,0.01193422,0.03411274,0.37065851,0.35068251,0.19894095,-0.13088566,-0.26989514,-1.18315529,0.10349281,-1.23875567,0.07099045,0.21398327,0.10737048,0.34002697,1.15216453,0.37919919,1.45401811,0.13337713,-0.12849037,0.12616498,0.09583934,0.20646652,0.22762602,1.15216453,1.11337909,0.38322874,0.49744826,0.37919919,1.44077679,1.57316145,1.45401811,1.58059901,0.13337713,0.33058443,1.23144594,1.25510454,0.25624364,0.36972599
170,0.14285797,0.01288441,0.03237237,0.36565757,0.36471836,0.17603086,-0.13923445,-0.29138579,-1.17837008,0.07559962,-1.25233215,0.06716959,0.22314317,0.10744324,0.32982516,1.13970166,0.37555780,1.47624670,0.11702427,-0.13090767,0.14696473,0.09482289,0.20493882,0.22581254,1.13970166,1.11898110,0.39192335,0.49114325,0.37555780,1.44869330,1.56344620,1.47624670,1.58417286,0.11702427,0.31440586,1.22941027,1.26541390,0.26121618,0.35880601
171,0.13934046,0.01329980,0.03078531,0.38425769,0.37916998,0.18390994,-0.15914391,-0.30436414,-1.18357186,0.05769403,-1.27382044,0.06978570,0.20914620,0.10665202,0.32660771,1.13539103,0.37410720,1.48362684,0.12531286,-0.12146613,0.13845842,0.09384207,0.20321441,0.22383572,1.13539103,1.12352629,0.39956590,0.50829635,0.37410720,1.44377362,1.56786644,1.48362684,1.60253480,0.12531286,0.33177985,1.23681373,1.28555390,0.25142251,0.35713198
172,0.14174278,0.01360736,0.03306318,0.38104158,0.38809871,0.17570336,-0.16154868,-0.31336537,-1.19053478,0.04457780,-1.28306357,0.06613042,0.20650769,0.10986440,0.30378223,1.13973884,0.37147478,1.49042252,0.11031398,-0.12440324,0.11064671,0.09118332,0.20372905,0.22320377,1.13973884,1.13119171,0.40040893,0.49082369,0.37147478,1.44997208,1.55697780,1.49042252,1.58989749,0.11031398,0.33446525,1.24764743,1.29458174,0.24827434,0.33608661
173,0.13552083,0.01336550,0.03130253,0.38890965,0.41151836,0.17297896,-0.18100597,-0.31826014,-1.17052816,0.03686567,-1.26849308,0.06982136,0.19602040,0.11461291,0.27009837,1.10594251,0.37023254,1.46521915,0.09226636,-0.11372788,0.07816300,0.08990132,0.20521440,0.22404285,1.10594251,1.09952002,0.40876698,0.47943362,0.37023254,1.42222196,1.50758475,1.46521915,1.54185250,0.09226636,0.34972866,1.22825190,1.27857217,0.24253692,0.30769751
174,0.13821911,0.01190362,0.02946994,0.40189643,0.42978781,0.16225217,-0.18287274,-0.32572007,-1.17358946,0.02631129,-1.27595014,0.06711968,0.16929403,0.11234303,0.24438121,1.10507428,0.36839730,1.44636192,0.09406389,-0.12610670,0.11519583,0.08973736,0.20511467,0.22388573,1.10507428,1.10409191,0.38255320,0.45534770,0.36839730,1.40121627,1.48816254,1.44636192,1.52454657,0.09406389,0.33913871,1.23356471,1.28613869,0.21800057,0.28228967
175,0.14000571,0.01151120,0.02795436,0.40861218,0.43746736,0.15771692,-0.18859711,-0.32184573,-1.14928747,0.01786822,-1.26859680,0.06589279,0.16133640,0.11489735,0.23097856,1.07473836,0.36185734,1.43109702,0.09232980,-0.11449882,0.09830626,0.08818117,0.20752285,0.22548093,1.07473836,1.09213679,0.37946330,0.44769235,0.36185734,1.36846889,1.45142681,1.43109702,1.50423422,0.09232980,0.33926566,1.20811756,1.27771146,0.21119772,0.27119124
176,0.13817878,0.01102551,0.02537545,0.41451866,0.43403910,0.15541304,-0.20347308,-0.32334070,-1.14180211,0.00975454,-1.26555786,0.06336097,0.14152282,0.10667684,0.22532498,1.05430406,0.35713728,1.40849100,0.10008484,-0.10772493,0.10308985,0.08727889,0.20890035,0.22640001,1.05430406,1.07495128,0.37432949,0.45552373,0.35713728,1.34209042,1.43680957,1.40849100,1.49551186,0.10008484,0.34470207,1.20139376,1.27463657,0.19510851,0.26338989
177,0.13663446,0.01164383,0.02382234,0.41343636,0.43223819,0.14293490,-0.20002956,-0.33085664,-1.14241510,-0.00028139,-1.27270894,0.05939771,0.14195252,0.10725242,0.23169814,1.05565803,0.35634441,1.41624713,0.10802519,-0.11914724,0.14358263,0.08816090,0.20784340,0.22576807,1.05565803,1.08445129,0.36605439,0.45426529,0.35634441,1.34357377,1.44530992,1.41624713,1.50972632,0.10802519,0.33340182,1.20324228,1.28215184,0.19817033,0.27021100
178,0.13919433,0.01250591,0.02227443,0.41322238,0.43301580,0.14599336,-0.20232325,-0.33624884,-1.13485107,-0.00911468,-1.28025203,0.06072456,0.12327057,0.10726610,0.21126872,1.05053546,0.35902755,1.40554226,0.10561234,-0.11677372,0.13502966,0.08639401,0.20698417,0.22429082,1.05053546,1.09099608,0.34936248,0.43495010,0.35902755,1.32042943,1.42020304,1.40554226,1.49740068,0.10561234,0.33333824,1.19765904,1.28970614,0.18738459,0.25421892
179,0.14278879,0.01171730,0.02128085,0.40452828,0.41604700,0.14362917,-0.19612133,-0.34130693,-1.11560287,-0.01126749,-1.26674387,0.05446628,0.13461989,0.10389694,0.22220505,1.03996247,0.36364444,1.40325440,0.10471956,-0.12135777,0.14758047,0.08517312,0.20774649,0.22452854,1.03996247,1.08301082,0.35249987,0.43496850,0.36364444,1.31243958,1.41233253,1.40325440,1.49462154,0.10471956,0.31858502,1.17980283,1.27613071,0.19015310,0.26253698
180,0.14453798,0.01108134,0.01982842,0.40902038,0.42032597,0.13685986,-0.19570334,-0.34990997,-1.11869392,-0.02269883,-1.27028586,0.05292188,0.13206311,0.10215584,0.22561216,1.04398619,0.36139655,1.40467847,0.10913054,-0.12465801,0.14955739,0.08582110,0.20694330,0.22403302,1.04398619,1.08781060,0.34879098,0.43728143,0.36139655,1.31506779,1.42050264,1.40467847,1.50213391,0.10913054,0.31736365,1.18537022,1.27966049,0.18891798,0.26605314
181,0.14253057,0.01062448,0.01993042,0.40401188,0.40744168,0.13470495,-0.19709929,-0.35524876,-1.10475709,-0.03052570,-1.25199147,0.05367377,0.13508969,0.09323151,0.24537423,1.03200889,0.35758106,1.38983265,0.12000693,-0.11823277,0.13606532,0.08411828,0.20889789,0.22519816,1.03200889,1.06949866,0.35222489,0.45794529,0.35758106,1.30652525,1.42473391,1.38983265,1.50328449,0.12000693,0.31641606,1.17341653,1.26091522,0.19050103,0.27989526
182,0.14468548,0.00844777,0.01665791,0.41437536,0.40751068,0.12539402,-0.18462614,-0.35599935,-1.10376728,-0.03424655,-1.25295909,0.04750757,0.11839833,0.09212087,0.23328920,1.03795413,0.35545050,1.37402535,0.12546621,-0.12494422,0.15210342,0.08482594,0.20929690,0.22583320,1.03795413,1.08143551,0.32223479,0.43113626,0.35545050,1.28798662,1.41201578,1.37402535,1.49240875,0.12546621,0.30130875,1.17278841,1.26244611,0.17883148,0.27070461
183,0.14529720,0.00896331,0.01657581,0.41232445,0.40404987,0.12046108,-0.20223829,-0.35873910,-1.10528916,-0.03957645,-1.25391989,0.03848014,0.12495923,0.07684715,0.25353586,1.02292345,0.35262262,1.38119411,0.13638487,-0.11442303,0.15596807,0.08539416,0.21159044,0.22817248,1.02292345,1.06520241,0.34492873,0.46791898,0.35262262,1.29331177,1.42825118,1.38119411,1.51251860,0.13638487,0.30927515,1.17376157,1.26298071,0.18333159,0.28463756
184,0.14485283,0.01068165,0.01670959,0.41320806,0.41305081,0.11885755,-0.20824304,-0.35864499,-1.11879398,-0.04569263,-1.27130856,0.03308264,0.13234968,0.07678556,0.25703291,1.02887664,0.34866171,1.40592761,0.13535234,-0.11603348,0.16410454,0.08765855,0.21065355,0.22816428,1.02887664,1.07726206,0.35824801,0.47775203,0.34866171,1.31142880,1.44439939,1.40592761,1.53382891,0.13535234,0.31401489,1.18631268,1.28039413,0.18995944,0.28727546
185,0.14550323,0.01049013,0.01665667,0.40654964,0.39869378,0.10695664,-0.18838210,-0.35834701,-1.11025201,-0.04876852,-1.26910615,0.02922869,0.13758704,0.07349977,0.26404098,1.03323369,0.34839194,1.40892330,0.13661200,-0.12467363,0.18027902,0.08597319,0.21051355,0.22739249,1.03323369,1.09314022,0.34161121,0.46309829,0.34839194,1.30702087,1.44171701,1.40892330,1.53855259,0.13661200,0.29539832,1.17838630,1.27869245,0.19460886,0.29451879
186,0.14704510,0.01065413,0.01801362,0.39499895,0.37233434,0.10660749,-0.18611452,-0.36054647,-1.11231037,-0.03879063,-1.27332190,0.02856766,0.16162170,0.06617051,0.28973673,1.03783354,0.36006666,1.43657804,0.13561004,-0.12387564,0.18171282,0.08414023,0.21012057,0.22634097,1.03783354,1.09785344,0.36116466,0.48460242,0.36006666,1.33229717,1.46640614,1.43657804,1.56699741,0.13561004,0.28748741,1.18009809,1.28217986,0.21116843,0.31660635
187,0.14861283,0.01056335,0.01886719,0.39421909,0.34932943,0.10527569,-0.18151848,-0.35808518,-1.10573659,-0.03791597,-1.26571272,0.03366531,0.17025358,0.07404797,0.31510059,1.03433300,0.35801270,1.43779900,0.15198902,-0.12408688,0.19291550,0.08316642,0.21100398,0.22680241,1.03433300,1.09432339,0.36265982,0.50301386,0.35801270,1.33492998,1.48570874,1.43779900,1.58513959,0.15198902,0.27852633,1.17218701,1.27439933,0.21784526,0.34172044
188,0.14560888,0.01110856,0.01771235,0.40198487,0.35501671,0.09982389,-0.19598509,-0.36484273,-1.11247690,-0.04578830,-1.28153717,0.03015014,0.15267083,0.07072877,0.32316462,1.02809688,0.36112356,1.43625744,0.17682271,-0.12658227,0.18409673,0.08413593,0.20858365,0.22491330,1.02809688,1.09597165,0.35902881,0.52511214,0.36112356,1.32547783,1.50079662,1.43625744,1.60929115,0.17682271,0.29111027,1.18130584,1.29128784,0.20989346,0.35101554
189,0.15031260,0.01114890,0.01774531,0.40111393,0.34217448,0.10219048,-0.18313834,-0.36616274,-1.10895060,-0.05357349,-1.28578122,0.02616010,0.15070202,0.05556742,0.31084155,1.03802224,0.35929501,1.43871764,0.16457779,-0.12832102,0.17936288,0.08254281,0.20779206,0.22358635,1.03802224,1.11439387,0.34609120,0.50173660,0.35929501,1.31946718,1.48172017,1.43871764,1.60067239,0.16457779,0.28489013,1.17889578,1.29566874,0.20893505,0.33721028
190,0.14736761,0.00995629,0.01661190,0.40839217,0.36025472,0.09053493,-0.17005062,-0.36391463,-1.10711921,-0.05092264,-1.29266592,0.02754164,0.14440610,0.06587236,0.30107547,1.04170976,0.36399047,1.43937587,0.16263974,-0.14107966,0.21141479,0.08284344,0.20696557,0.22293000,1.04170976,1.13197521,0.32534203,0.47779742,0.36399047,1.31169721,1.47325554,1.43937587,1.59858277,0.16263974,0.27071874,1.17730271,1.30317783,0.19990188,0.32879701
191,0.14886357,0.01115909,0.01705407,0.40592320,0.36979597,0.09717350,-0.18022923,-0.36483857,-1.12736878,-0.05179231,-1.31190994,0.02436203,0.14614795,0.05951554,0.30527234,1.05418301,0.36347237,1.46010990,0.16514030,-0.13855270,0.21198773,0.08350351,0.20410394,0.22052495,1.05418301,1.14199408,0.33800173,0.49284696,0.36347237,1.33183331,1.49494296,1.46010990,1.62151352,0.16514030,0.28305122,1.19673064,1.32263967,0.20816574,0.33318006
192,0.15253828,0.01013805,0.01717805,0.40919182,0.38696253,0.09663394,-0.17670664,-0.37099214,-1.13435816,-0.05427623,-1.33023870,0.01891228,0.14143103,0.06326844,0.28549609,1.06595723,0.37246384,1.47365391,0.15323878,-0.14578249,0.22341743,0.08385565,0.20160771,0.21835165,1.06595723,1.16373258,0.33151271,0.47009605,0.37246384,1.33436053,1.48586487,1.47365391,1.62076536,0.15323878,0.28270962,1.20641535,1.34203067,0.20481700,0.31584728
193,0.15782518,0.01139947,0.01926023,0.40321386,0.38653547,0.09057886,-0.18271276,-0.37390878,-1.12845805,-0.05002500,-1.32557604,0.01491851,0.15511405,0.05666679,0.27563918,1.05379547,0.37920761,1.48232449,0.13085752,-0.14505622,0.21893084,0.08318775,0.20217586,0.21862132,1.05379547,1.15172735,0.34962880,0.46619445,0.37920761,1.34154246,1.46988860,1.48232449,1.60568197,0.13085752,0.28273968,1.20211243,1.33761977,0.21419922,0.30503944
194,0.15936306,0.01073638,0.01683281,0.40905397,0.36270290,0.08597136,-0.19267166,-0.37735984,-1.14004548,-0.05292642,-1.33593830,0.00470667,0.14065486,0.03807039,0.29454259,1.05473909,0.37899060,1.47780228,0.15898969,-0.14461816,0.22456913,0.08298751,0.20196857,0.21835345,1.05473909,1.15177219,0.34448105,0.49241424,0.37899060,1.33655093,1.49396472,1.47780228,1.63345588,0.15898969,0.27967276,1.21240577,1.34756075,0.20762804,0.32446942
195,0.16235841,0.01194030,0.01866092,0.39820799,0.32781112,0.08325583,-0.18576707,-0.37681795,-1.13257542,-0.05318580,-1.32648884,0.00195090,0.16686803,0.03711611,0.34466808,1.05273468,0.37728256,1.49443071,0.18238801,-0.14462879,0.21724757,0.08245255,0.20221390,0.21837785,1.05273468,1.14889871,0.36263339,0.53422461,0.37728256,1.35357056,1.53447458,1.49443071,1.67392754,0.18238801,0.26991508,1.20504323,1.33801158,0.22706449,0.37150842
196,0.16489026,0.01199180,0.01817064,0.40207634,0.31613633,0.08394495,-0.18133650,-0.37974258,-1.13390235,-0.05220008,-1.32730917,0.00140210,0.15726715,0.03615530,0.34517256,1.05946272,0.38040573,1.48560776,0.19211459,-0.14174689,0.21382547,0.08407341,0.20135767,0.21820460,1.05946272,1.15403956,0.34898895,0.53002963,0.38040573,1.34628404,1.53671514,1.48560776,1.67515079,0.19211459,0.26192800,1.20655986,1.33854893,0.21819627,0.37112051
197,0.16621096,0.01171349,0.01802445,0.39658291,0.31508441,0.08549946,-0.17553403,-0.38014108,-1.11907792,-0.04829400,-1.30886156,-0.00028334,0.17256460,0.03735120,0.33627330,1.05222307,0.38231556,1.48232516,0.16955492,-0.13235023,0.20912609,0.08318909,0.20316822,0.21953986,1.05222307,1.14120394,0.35923426,0.51610529,0.38231556,1.34641281,1.51450273,1.48232516,1.64789856,0.16955492,0.25504087,1.19204005,1.31952328,0.22305091,0.35841406
198,0.16990135,0.01157432,0.01857804,0.38730739,0.27125045,0.07451236,-0.16054193,-0.38494554,-1.11567256,-0.04988478,-1.29912836,-0.00252870,0.18796987,0.03423135,0.36765994,1.05991172,0.38205741,1.48794775,0.18438736,-0.13495813,0.20698278,0.08202311,0.20334467,0.21926433,1.05991172,1.14536206,0.35729047,0.53089647,0.38205741,1.35861249,1.54169619,1.48794775,1.66929378,0.18438736,0.23912183,1.19031461,1.31008065,0.23719416,0.39005922
199,0.17417253,0.01173889,0.01789564,0.39119642,0.24442948,0.07691216,-0.15979899,-0.39103720,-1.11984753,-0.05583249,-1.31110639,-0.00693589,0.18431153,0.02490484,0.38158028,1.06802168,0.38605300,1.49628436,0.20058501,-0.13509463,0.20834211,0.08120328,0.20159351,0.21733365,1.06802168,1.15897004,0.35421610,0.54434209,0.38605300,1.35955305,1.55813165,1.49628436,1.69490690,0.20058501,0.23146456,1.19536031,1.32174584,0.23374878,0.40265223
200,0.17885928,0.01120855,0.01659832,0.38791012,0.24131217,0.07578844,-0.14587887,-0.39483729,-1.11811365,-0.05819726,-1.30886983,-0.00954981,0.18381903,0.02754759,0.38008802,1.08016451,0.38706733,1.49359966,0.20044001,-0.13797760,0.21039685,0.08260668,0.20083349,0.21715883,1.08016451,1.17078568,0.34057961,0.52855403,0.38706733,1.35777276,1.55680765,1.49359966,1.69150523,0.20044001,0.21908615,1.19522435,1.31993111,0.23216194,0.40099963
201,0.17858227,0.01011942,0.01598053,0.39033692,0.24053928,0.06201605,-0.13812061,-0.39496750,-1.11041843,-0.05791688,-1.29729752,-0.01477075,0.18712478,0.02956757,0.36847447,1.07438199,0.38570074,1.48520970,0.18718621,-0.13558936,0.22407353,0.08320423,0.20218219,0.21863344,1.07438199,1.16564184,0.33420591,0.50773217,0.38570074,1.35211276,1.53875095,1.48520970,1.66844410,0.18718621,0.20170171,1.18724428,1.30824890,0.23229559,0.38966224
202,0.18084353,0.01031924,0.01565938,0.38171177,0.20075725,0.06133948,-0.13463677,-0.39656212,-1.10102532,-0.06311982,-1.28811218,-0.01979121,0.19636036,0.02242056,0.38402454,1.06942693,0.38278786,1.48519852,0.19282285,-0.13106184,0.22397117,0.08347479,0.20349454,0.21995015,1.06942693,1.16051149,0.34098706,0.52012334,0.38278786,1.35098820,1.54306699,1.48519852,1.67459455,0.19282285,0.19362021,1.17797397,1.29870479,0.23986860,0.40382940
203,0.18014248,0.01076842,0.01652587,0.38829583,0.21690065,0.05822546,-0.13676876,-0.39464504,-1.10443133,-0.06364013,-1.28997030,-0.01665060,0.19461854,0.02760098,0.38337994,1.06839626,0.37977916,1.48542633,0.19446617,-0.12742661,0.21147464,0.08345390,0.20435248,0.22073625,1.06839626,1.15976925,0.33974536,0.52122129,0.37977916,1.35292705,1.54665351,1.48542633,1.67613785,0.19446617,0.20064183,1.18086685,1.30059295,0.23828689,0.40308212
204,0.18193186,0.01076358,0.01609195,0.38814694,0.19946238,0.05854206,-0.12878278,-0.39585340,-1.09427005,-0.06583605,-1.28202402,-0.01673990,0.18799490,0.02343148,0.39536492,1.06707251,0.38001563,1.47088869,0.21148812,-0.12763222,0.21714749,0.08361359,0.20528549,0.22166047,1.06707251,1.16006038,0.32564355,0.52534835,0.38001563,1.33714010,1.54753350,1.47088869,1.67991579,0.21148812,0.19448792,1.17149149,1.29255503,0.23427056,0.41630228
205,0.18290846,0.01092126,0.01596671,0.39363377,0.20153635,0.05659047,-0.12880881,-0.39850915,-1.10260916,-0.06657150,-1.28576129,-0.01655586,0.17986958,0.02592418,0.39978671,1.07493073,0.37938369,1.46650863,0.22424251,-0.12931618,0.21884045,0.08365408,0.20444318,0.22089595,1.07493073,1.16371422,0.31755202,0.52949638,0.37938369,1.33816061,1.56120526,1.46650863,1.68819422,0.22424251,0.18804792,1.17997189,1.29592079,0.22800860,0.42068255
206,0.18251153,0.01080625,0.01570816,0.39550852,0.18087616,0.05396654,-0.12885577,-0.40317019,-1.10253575,-0.07780792,-1.27868203,-0.02447374,0.16626210,0.01579583,0.42538195,1.07572188,0.37023669,1.44593756,0.26248132,-0.12980818,0.21693471,0.08385727,0.20506614,0.22154946,1.07572188,1.15764369,0.30606724,0.55562764,0.37023669,1.32413381,1.58432137,1.44593756,1.70671464,0.26248132,0.18739843,1.18192749,1.28990047,0.22237889,0.44631661
207,0.18008314,0.01119824,0.01473160,0.39136149,0.15503305,0.04957193,-0.11599345,-0.40578039,-1.09457645,-0.09354086,-1.27451862,-0.02534998,0.14696274,0.01174812,0.44362562,1.07942855,0.36090968,1.42312665,0.29920211,-0.13273095,0.23274417,0.08271541,0.20483840,0.22090860,1.07942855,1.16781331,0.27619662,0.56156277,0.36090968,1.29875917,1.59391799,1.42312665,1.72137845,0.29920211,0.17396385,1.17501198,1.28711518,0.21788772,0.46754393
208,0.18019302,0.01101360,0.01414981,0.39865369,0.16052839,0.04760570,-0.12754850,-0.40847046,-1.10519947,-0.10465220,-1.28979792,-0.03014641,0.14269405,0.00146942,0.42865953,1.07893759,0.35608357,1.43443090,0.28779886,-0.13624292,0.23915182,0.08344234,0.20516165,0.22148121,1.07893759,1.17278415,0.28335902,0.55880187,0.35608357,1.30409964,1.58772819,1.43443090,1.72176011,0.28779886,0.18031673,1.18603731,1.30339025,0.21144999,0.45280054
209,0.17892829,0.01101572,0.01357788,0.40792555,0.17675825,0.04929089,-0.14304215,-0.39902571,-1.10670968,-0.10099385,-1.29146686,-0.02506617,0.14627949,0.00886380,0.42116658,1.06313575,0.35110582,1.43975421,0.27698119,-0.13588878,0.23880607,0.08338031,0.20716720,0.22331709,1.06313575,1.15899944,0.30126597,0.56686081,0.35110582,1.30768151,1.58143210,1.43975421,1.71616257,0.27698119,0.18650371,1.18403691,1.30425690,0.20967170,0.44584462
210,0.17868153,0.01103643,0.01471851,0.40321188,0.17100746,0.04706714,-0.16168805,-0.39184936,-1.10508905,-0.09953498,-1.28210562,-0.02872813,0.15327609,0.01539506,0.42210465,1.04062005,0.34203596,1.43713539,0.27243291,-0.12897678,0.21907217,0.08300573,0.20931579,0.22517338,1.04062005,1.13035950,0.32490830,0.58509761,0.34203596,1.30974405,1.58057718,1.43713539,1.70809517,0.27243291,0.20785662,1.18050917,1.29486758,0.21410583,0.44648192
211,0.16788315,0.01118335,0.01306406,0.41181577,0.17188453,0.06098778,-0.18777914,-0.38198465,-1.10352789,-0.09572627,-1.28109885,-0.01768260,0.12214263,0.02374321,0.40827771,1.01735689,0.33745211,1.40541127,0.28912253,-0.12212130,0.23668206,0.08257930,0.21027903,0.22591284,1.01735689,1.10501483,0.32174356,0.59819704,0.33745211,1.27885085,1.56543306,1.40541127,1.69359564,0.28912253,0.22455281,1.17401428,1.29237324,0.18868737,0.43264413
212,0.16252676,0.01113550,0.01304427,0.41504827,0.21098834,0.06105341,-0.20137357,-0.37384481,-1.09763288,-0.09306472,-1.27677373,-0.01352665,0.12136019,0.03224512,0.40114167,0.99621883,0.33370349,1.40042122,0.28350103,-0.11305134,0.23908476,0.08398259,0.21260731,0.22859340,0.99621883,1.08671337,0.33311042,0.60425186,0.33370349,1.27146989,1.55309862,1.40042122,1.68261198,0.28350103,0.23809343,1.16546789,1.28757846,0.19084047,0.42843488
213,0.16211097,0.01036528,0.01444321,0.41714331,0.24916955,0.06655220,-0.20953631,-0.36634898,-1.09877891,-0.08522053,-1.27444489,-0.00331060,0.12599540,0.04618423,0.38538577,0.98904693,0.33165035,1.40287613,0.26408231,-0.10541715,0.21587827,0.08495830,0.21307935,0.22939207,0.98904693,1.07567234,0.34298625,0.59536843,0.33165035,1.27761769,1.54054121,1.40287613,1.66504520,0.26408231,0.25536208,1.16468074,1.28412436,0.19077986,0.41285617
214,0.15533144,0.00914822,0.01406222,0.41845545,0.26225709,0.06023388,-0.23544233,-0.35979315,-1.09222016,-0.08353253,-1.27160787,-0.00595323,0.11615346,0.04182889,0.37400631,0.95425273,0.32980351,1.38995105,0.26224295,-0.10021631,0.22604606,0.08433393,0.21511110,0.23105193,0.95425273,1.04610939,0.35804831,0.60989780,0.32980351,1.25935172,1.52043942,1.38995105,1.65040344,0.26224295,0.27507079,1.15604351,1.28147291,0.18427323,0.40269976
215,0.14526134,0.00732122,0.01360313,0.42960900,0.28599935,0.05846422,-0.26417157,-0.35810548,-1.09801257,-0.08427006,-1.27756570,0.00221780,0.05621667,0.04411321,0.34918094,0.93215869,0.32785355,1.33662964,0.29594526,-0.10321635,0.24808109,0.08580116,0.21481082,0.23131262,0.93215869,1.02341591,0.32575174,0.61378234,0.32785355,1.20947257,1.50230670,1.33662964,1.63184642,0.29594526,0.30011410,1.16114304,1.28755914,0.15761895,0.38172699
216,0.14185975,0.00655855,0.01311964,0.43779238,0.29632942,0.05865782,-0.28110234,-0.35235099,-1.10635023,-0.08287280,-1.27627155,0.01009457,0.00581046,0.04869236,0.33887747,0.92203521,0.31909545,1.28567648,0.33529603,-0.09775393,0.24535498,0.08558218,0.21374739,0.23024391,0.92203521,1.00519302,0.29240897,0.62072631,0.31909545,1.17049796,1.50043925,1.28567648,1.62067998,0.33529603,0.31216152,1.16618598,1.28524202,0.15159791,0.37424794
217,0.13566068,0.00796165,0.01458284,0.43030511,0.29690184,0.06362045,-0.31538949,-0.34794214,-1.11198218,-0.07579085,-1.28096088,0.00709251,0.03084632,0.04809748,0.33623564,0.89671578,0.32099502,1.31456889,0.30814948,-0.09486912,0.23999281,0.08643304,0.21325703,0.23010700,0.89671578,0.97561625,0.35190018,0.65225461,0.32099502,1.19737562,1.50183825,1.31456889,1.62201496,0.30814948,0.34443913,1.17037468,1.28986350,0.15380777,0.37012095
218,0.13715254,0.00825362,0.01508186,0.43040772,0.32460193,0.05788418,-0.32861740,-0.34716544,-1.11300295,-0.07696764,-1.27651558,0.01036241,0.02131092,0.04711171,0.31477853,0.88298529,0.31654141,1.30106097,0.29590240,-0.08134610,0.21820822,0.08686531,0.21338218,0.23038562,0.88298529,0.95744703,0.35448923,0.64385201,0.31654141,1.19034458,1.48176233,1.30106097,1.59623413,0.29590240,0.35445795,1.17027584,1.28469329,0.15233336,0.34823456
219,0.13538241,0.00726655,0.01587046,0.43695191,0.35643910,0.06124639,-0.33485902,-0.34794589,-1.10492618,-0.07684328,-1.27565802,0.02198230,-0.02340282,0.05057525,0.28908511,0.87213048,0.32131462,1.25667165,0.31398798,-0.08258506,0.24966779,0.08787980,0.21254293,0.22999425,0.87213048,0.95094772,0.31751777,0.62510776,0.32131462,1.14464945,1.45070668,1.25667165,1.57012464,0.31398798,0.35595646,1.16198533,1.28317362,0.15505004,0.32543253
220,0.13199146,0.00792104,0.01624588,0.43404269,0.35811706,0.06292215,-0.34482793,-0.34395289,-1.10439562,-0.07623677,-1.26930213,0.01680641,0.01128337,0.05097907,0.29105090,0.86182881,0.31586445,1.28436741,0.28210117,-0.07801021,0.26163509,0.08816279,0.21236054,0.22993407,0.86182881,0.93499388,0.36205672,0.63691621,0.31586445,1.17421346,1.45113131,1.28436741,1.56566235,0.28210117,0.36535136,1.15998045,1.27696332,0.15069454,0.32584547
221,0.12995906,0.00810263,0.01639184,0.43595762,0.38556536,0.06459907,-0.35733654,-0.34478837,-1.10873340,-0.07264935,-1.28357178,0.01190265,0.02417315,0.05512249,0.27253888,0.85590011,0.32476024,1.31069702,0.25274657,-0.08086153,0.27650384,0.08998511,0.21045263,0.22888344,0.85590011,0.93639969,0.38661875,0.63014437,0.32476024,1.18891781,1.43842533,1.31069702,1.56135906,0.25274657,0.37862844,1.16443644,1.29093886,0.14364864,0.30405013
222,0.12485920,0.00802188,0.01693146,0.43638360,0.38074704,0.06573163,-0.37337480,-0.34269173,-1.10536500,-0.07261863,-1.27473260,0.00873137,0.01525089,0.05817235,0.27207850,0.83850353,0.31977042,1.29274430,0.26197710,-0.07198163,0.24417310,0.08970085,0.21069416,0.22899405,0.83850353,0.91192013,0.39364664,0.64559094,0.31977042,1.17539526,1.43495907,1.29274430,1.55234923,0.26197710,0.39558553,1.16086397,1.28209110,0.14011233,0.30458211
223,0.12463533,0.00805336,0.01714389,0.44573999,0.40742956,0.07179404,-0.37855143,-0.34083075,-1.11503328,-0.07131518,-1.28151363,0.01501091,-0.01009352,0.06531084,0.24693953,0.84442755,0.31756576,1.27444986,0.26258300,-0.07433881,0.25280674,0.08978055,0.20903722,0.22750189,0.84442755,0.91423557,0.37326891,0.62552461,0.31756576,1.16145946,1.42137395,1.27444986,1.53454968,0.26258300,0.40078538,1.16946822,1.28843687,0.13014649,0.27813862
224,0.12101220,0.00814902,0.01738832,0.44745640,0.41969057,0.07430863,-0.39685354,-0.34096642,-1.12147526,-0.06667446,-1.28607299,0.00996283,0.01165173,0.07176080,0.24442403,0.83563986,0.32074132,1.30015727,0.24166001,-0.05745485,0.23314705,0.09117189,0.20746088,0.22661053,0.83563986,0.90033640,0.41388553,0.64129002,0.32074132,1.18705875,1.42710470,1.30015727,1.53674553,0.24166001,0.41762701,1.17482974,1.29187269,0.12456870,0.27503179
225,0.11893484,0.00980695,0.01935016,0.44554339,0.42503189,0.08066467,-0.40293134,-0.34264371,-1.12134571,-0.06410922,-1.27418527,0.00983228,0.02777968,0.07452799,0.24362541,0.83466760,0.31809659,1.30418205,0.22698033,-0.04519016,0.18689525,0.09288051,0.20685472,0.22675023,0.83466760,0.88345639,0.43651170,0.64732561,0.31809659,1.20242837,1.42730999,1.30418205,1.52415979,0.22698033,0.42944202,1.17581402,1.27998618,0.12463331,0.27148950
226,0.12076198,0.01063671,0.02007117,0.44741637,0.43385885,0.08696915,-0.40757003,-0.33950180,-1.11470053,-0.06359650,-1.26812861,0.01141611,0.01869246,0.07755647,0.22321323,0.82643933,0.31596037,1.28904327,0.21665657,-0.04516988,0.18029375,0.09296020,0.20657484,0.22652762,0.82643933,0.87386229,0.43302766,0.63196054,0.31596037,1.18669377,1.40141708,1.28904327,1.49810661,0.21665657,0.43530554,1.16893818,1.27411000,0.11756547,0.25228409
227,0.11592277,0.01149961,0.02294566,0.45009852,0.44299074,0.08066173,-0.40751262,-0.34008326,-1.11188999,-0.06279279,-1.26215350,0.00586573,0.01269974,0.07428574,0.19706193,0.82056602,0.31551048,1.27670151,0.19881029,-0.04729484,0.18584415,0.09384474,0.20641048,0.22674241,0.82056602,0.86660450,0.42682287,0.60542563,0.31551048,1.17664241,1.37310531,1.27670151,1.46590400,0.19881029,0.43047297,1.16706347,1.26842571,0.11151279,0.22578055
228,0.11240703,0.01156154,0.02632486,0.45043095,0.43797552,0.07469440,-0.41210682,-0.33758106,-1.11144446,-0.06096743,-1.25257851,0.00541525,-0.00736695,0.06951977,0.18303935,0.81181593,0.31058954,1.24697985,0.20316886,-0.03829967,0.13794814,0.09248345,0.20619519,0.22598594,0.81181593,0.85136292,0.41065927,0.59569448,0.31058954,1.15614514,1.35720245,1.24697985,1.44184208,0.20316886,0.43266726,1.16655560,1.25916663,0.11415012,0.21288066
229,0.11088144,0.01204811,0.02641422,0.45183587,0.44344253,0.07363438,-0.40435674,-0.33451683,-1.09954765,-0.05830503,-1.24740708,0.00193853,-0.01054562,0.06847723,0.16664679,0.80617393,0.31355232,1.23833065,0.19177816,-0.04112213,0.17926935,0.09138981,0.20662809,0.22593642,0.80617393,0.85352045,0.40061021,0.57121690,0.31355232,1.13983620,1.32894369,1.23833065,1.42012321,0.19177816,0.42196684,1.15380318,1.25399788,0.11221941,0.19746184
230,0.11175666,0.01590070,0.02986035,0.45335465,0.44697759,0.07435928,-0.41031540,-0.33630677,-1.11657315,-0.06028217,-1.26028502,0.00018871,-0.01932342,0.06726947,0.15074072,0.81754897,0.31125608,1.24248449,0.18700293,-0.03944774,0.14839405,0.09305361,0.20479669,0.22494590,0.81754897,0.86135376,0.39878728,0.56126940,0.31125608,1.14769846,1.33076299,1.24248449,1.41768038,0.18700293,0.42535126,1.17173194,1.26748318,0.11117007,0.17934818
231,0.10647464,0.01302724,0.02706041,0.45002704,0.44462677,0.07905549,-0.42422034,-0.33625580,-1.09883759,-0.05836682,-1.24408000,0.01076895,0.00532862,0.07188346,0.15793442,0.79222259,0.31365149,1.25132350,0.16915016,-0.02512978,0.10458674,0.08865571,0.20424419,0.22265562,0.79222259,0.83130157,0.43494300,0.58357709,0.31365149,1.15742460,1.32184952,1.25132350,1.40870292,0.16915016,0.44539335,1.15395071,1.25056696,0.11070832,0.18718639
232,0.10987487,0.01594854,0.02824697,0.45033265,0.44900056,0.08740447,-0.42925802,-0.33083574,-1.10761962,-0.05755359,-1.24670445,0.01228882,-0.00519168,0.07310123,0.14869204,0.79709430,0.30670446,1.24347586,0.17252475,-0.01872068,0.05190966,0.08901684,0.20305159,0.22170689,0.79709430,0.83025760,0.43079221,0.57940703,0.30670446,1.15460602,1.32078273,1.24347586,1.40233195,0.17252475,0.44902946,1.16165367,1.25273318,0.10979024,0.17626171
233,0.10752746,0.01345630,0.02629154,0.44849557,0.44332895,0.08329914,-0.43310407,-0.33502251,-1.11040981,-0.05987492,-1.24743578,0.01595676,-0.00398425,0.07371703,0.15615220,0.79608348,0.30745505,1.24576173,0.17648380,-0.02704280,0.08537490,0.08693079,0.20049606,0.21853062,0.79608348,0.82688744,0.43450588,0.59041757,0.30745505,1.16078248,1.33146330,1.24576173,1.41068593,0.17648380,0.45322996,1.16486505,1.25413612,0.11636449,0.18582379
234,0.11025931,0.01702144,0.02735984,0.45660978,0.45466919,0.08777093,-0.43759928,-0.33310548,-1.11677978,-0.05929252,-1.26328504,0.01497468,-0.01351958,0.07520495,0.13944744,0.79964405,0.31059195,1.25200005,0.17140255,-0.03272625,0.10690456,0.08813156,0.19920114,0.21782622,0.79964405,0.83909135,0.43064259,0.57800944,0.31059195,1.15695398,1.32240187,1.25200005,1.41032410,0.17140255,0.45412816,1.17112088,1.26946262,0.10347532,0.16706070
235,0.10792673,0.01397247,0.02593238,0.45089539,0.44843457,0.09107681,-0.43920177,-0.33167280,-1.10355278,-0.05113454,-1.25373076,0.01600678,-0.00245916,0.07427498,0.15789873,0.78745581,0.31854613,1.25307656,0.17611926,-0.02658862,0.14525874,0.08763325,0.19691517,0.21553462,0.78745581,0.82693803,0.44341998,0.59799916,0.31854613,1.15482475,1.32540630,1.25307656,1.41775862,0.17611926,0.45939197,1.15635626,1.25969752,0.11591847,0.18842472
236,0.10958222,0.01413185,0.02480410,0.45228543,0.44764542,0.08805718,-0.45182732,-0.33959681,-1.13462348,-0.05582526,-1.27786872,0.01375786,-0.06386564,0.06987718,0.14291009,0.80684129,0.31813412,1.21600803,0.21969853,-0.05124385,0.18179668,0.08822544,0.19409873,0.21320893,0.80684129,0.84036830,0.39982090,0.59516214,0.31813412,1.12770419,1.34189383,1.21600803,1.42697970,0.21969853,0.46483322,1.18927645,1.28478698,0.14226977,0.17707743
237,0.10532754,0.01145195,0.02382778,0.45337422,0.45031005,0.08149598,-0.46470765,-0.33734970,-1.10921713,-0.05324047,-1.24641467,0.01856840,-0.04670904,0.07394866,0.14150791,0.76865934,0.31645477,1.20188665,0.20159072,-0.03928959,0.17847161,0.08725063,0.19494869,0.21358292,0.76865934,0.79373318,0.42434039,0.60633161,0.31645477,1.12103873,1.31667851,1.20188665,1.39423735,0.20159072,0.47956113,1.16283482,1.25275663,0.13297274,0.17716644
238,0.10751102,0.01260771,0.02337754,0.45073646,0.44759587,0.09272379,-0.46063751,-0.33565099,-1.10916995,-0.05324300,-1.23622001,0.02109997,-0.04885937,0.06922461,0.13857633,0.77727131,0.30976671,1.18987611,0.19902257,-0.02821002,0.13666169,0.08640464,0.19417078,0.21252777,0.77727131,0.78933889,0.41952224,0.59976347,0.30976671,1.11909354,1.31190754,1.18987611,1.38047055,0.19902257,0.47783144,1.16264965,1.24153853,0.13400689,0.17276023
239,0.11013119,0.01331737,0.02380769,0.44813038,0.44672241,0.09669132,-0.45505311,-0.33313956,-1.10740705,-0.05020230,-1.24026741,0.01861340,-0.03398312,0.06891608,0.13500575,0.78130413,0.31276818,1.20842532,0.18260617,-0.02771891,0.14198747,0.08557676,0.19224611,0.21043276,0.78130413,0.79912959,0.43035091,0.59073352,0.31276818,1.13003358,1.30594311,1.20842532,1.38067983,0.18260617,0.47212030,1.16002400,1.24547670,0.12892264,0.16931832
240,0.10731008,0.01249788,0.02308914,0.44499181,0.44114382,0.09222066,-0.46186615,-0.33544358,-1.11576985,-0.04902257,-1.24937059,0.01952024,-0.02290779,0.06904353,0.14410904,0.78149750,0.31634079,1.22854225,0.17978231,-0.03023424,0.13527941,0.08432130,0.18998440,0.20785609,0.78149750,0.80061333,0.44769944,0.60644067,0.31634079,1.14956007,1.32326037,1.22854225,1.39868286,0.17978231,0.47717050,1.16876554,1.25482308,0.12978105,0.17951859
241,0.10524788,0.01000175,0.02002056,0.44370600,0.43974217,0.08732040,-0.48079622,-0.33092241,-1.12886331,-0.04634002,-1.25675215,0.01828927,-0.02461625,0.06833842,0.15132163,0.77134134,0.31298369,1.23418878,0.18755706,-0.03897334,0.18192503,0.08523597,0.18892197,0.20725993,0.77134134,0.78758438,0.46381795,0.63243221,0.31298369,1.15943535,1.34106494,1.23418878,1.41278431,0.18755706,0.49621340,1.17903196,1.26190175,0.13726928,0.18998886
242,0.10656345,0.01068316,0.02176043,0.44918071,0.45020668,0.09233873,-0.47024389,-0.32806949,-1.13945533,-0.03936988,-1.26982267,0.02324189,-0.03435996,0.07883129,0.14762553,0.79032377,0.31767003,1.23725523,0.19579022,-0.03670472,0.17704751,0.08567540,0.18925296,0.20774252,0.79032377,0.81086765,0.44432036,0.61804060,0.31767003,1.16052594,1.34986873,1.23725523,1.42256163,0.19579022,0.48526089,1.18852529,1.27477817,0.13436030,0.18623236
243,0.10925739,0.01006254,0.02141098,0.44704155,0.44562857,0.09635572,-0.45682685,-0.31882019,-1.14083685,-0.02866417,-1.27862964,0.02009968,-0.02874323,0.07398309,0.15873337,0.80020341,0.32227307,1.25092568,0.19988752,-0.04489366,0.18937664,0.08542826,0.19089093,0.20913473,0.80020341,0.83143010,0.43598277,0.61608062,0.32227307,1.16331401,1.35763917,1.25092568,1.44131067,0.19988752,0.47732394,1.18797045,1.28422150,0.13570991,0.19575379
244,0.11135319,0.00965901,0.02200580,0.44677471,0.44712605,0.10193260,-0.44965203,-0.31268795,-1.14088910,-0.01856029,-1.28621580,0.02324349,-0.00322898,0.07498991,0.17783479,0.80634697,0.32916591,1.28373287,0.19257883,-0.04277076,0.20173764,0.08760859,0.19216485,0.21119327,0.80634697,0.84521143,0.45365937,0.62846373,0.32916591,1.18688708,1.37452796,1.28373287,1.46729174,0.19257883,0.47416895,1.18629810,1.29154336,0.13076815,0.21225453
245,0.10802982,0.00954615,0.02176261,0.45201567,0.44512682,0.09301490,-0.45003763,-0.31727059,-1.15214319,-0.01568819,-1.31088764,0.02015798,-0.02276731,0.06786040,0.17058129,0.81321332,0.34168862,1.28862128,0.20186293,-0.04900678,0.21971483,0.08990732,0.19382146,0.21365880,0.81321332,0.86789517,0.43396930,0.62123546,0.34168862,1.17901315,1.37766582,1.28862128,1.48413802,0.20186293,0.47118574,1.19909298,1.31675016,0.12917717,0.20558873
246,0.11024425,0.00914744,0.02046857,0.44993278,0.43922294,0.08759149,-0.45138448,-0.31472287,-1.15566252,-0.01355167,-1.32166559,0.01440584,-0.01292011,0.06512740,0.18055923,0.81119596,0.34477057,1.30904407,0.20226368,-0.05292133,0.21339921,0.09064244,0.19652949,0.21642526,0.81119596,0.87621293,0.44467395,0.63262101,0.34477057,1.18944812,1.38917442,1.30904407,1.50458609,0.20226368,0.47483736,1.20237248,1.32810633,0.13127161,0.21632975
247,0.11258920,0.01056944,0.02125752,0.45184132,0.44660182,0.09320715,-0.45441009,-0.31363352,-1.16690706,-0.00925138,-1.34017231,0.00219366,0.00030973,0.05985288,0.16578884,0.82048016,0.35145713,1.34061573,0.17815385,-0.05297125,0.23930642,0.09264823,0.19804081,0.21864093,0.82048016,0.89202295,0.46384796,0.62148609,0.35145713,1.20927302,1.38415822,1.34061573,1.50828418,0.17815385,0.47669572,1.21294142,1.34698438,0.11991861,0.19691510
248,0.11254095,0.01075512,0.02074609,0.44662625,0.44411700,0.09364999,-0.44626804,-0.30717550,-1.16972076,-0.00708862,-1.33288121,0.00515907,-0.00808747,0.06168299,0.16869758,0.82708356,0.34218785,1.32486110,0.18869754,-0.05971994,0.22133294,0.09388177,0.19945289,0.22044329,0.82708356,0.89245683,0.44714798,0.61624903,0.34218785,1.20298542,1.38844433,1.32486110,1.50366848,0.18869754,0.47122497,1.21475538,1.33967973,0.12962890,0.20330449
249,0.11407858,0.00982163,0.01718903,0.43948128,0.43730834,0.09077062,-0.44861973,-0.30498838,-1.16255357,-0.00692093,-1.33474542,0.00426170,-0.00568111,0.05791600,0.16960095,0.81638989,0.34446389,1.32912233,0.18590680,-0.07100381,0.23000969,0.09306756,0.19972456,0.22034398,0.81638989,0.89149448,0.45133767,0.61962796,0.34446389,1.19762974,1.38076095,1.32912233,1.50595988,0.18590680,0.47709396,1.20804316,1.34151575,0.14001284,0.20969304
250,0.11592237,0.00868730,0.01730554,0.44225727,0.43623244,0.09566091,-0.45289127,-0.30463571,-1.16843758,-0.00065561,-1.34388695,0.00516733,-0.00606713,0.05648291,0.18398987,0.81998008,0.35165863,1.33784441,0.19930182,-0.07385754,0.26152554,0.09301792,0.19795743,0.21872238,0.81998008,0.89625081,0.45619018,0.63825425,0.35165863,1.20326187,1.39981410,1.33784441,1.52915643,0.19930182,0.47898261,1.21268276,1.35053904,0.13975324,0.22091188
251,0.11239563,0.00927628,0.01957243,0.44338647,0.43418136,0.09342340,-0.44039058,-0.30584734,-1.15880792,-0.00135857,-1.33024490,0.01460247,-0.00844397,0.06302438,0.18470743,0.82209776,0.34968601,1.32191838,0.20146304,-0.05856944,0.20254158,0.09233349,0.20001727,0.22030067,0.82209776,0.89489758,0.43909170,0.62643095,0.34968601,1.19434315,1.39326832,1.32191838,1.51649597,0.20146304,0.46973162,1.20415202,1.33657407,0.13840916,0.22247321
252,0.11076366,0.01042941,0.02143156,0.44536434,0.44188504,0.10031462,-0.42888092,-0.30154735,-1.15189202,-0.00297706,-1.31152778,0.01557754,-0.00118883,0.06826070,0.19128444,0.82731603,0.33921687,1.31047108,0.20283207,-0.05179912,0.21602086,0.09360578,0.20079382,0.22154051,0.82731603,0.88869294,0.43607519,0.62164836,0.33921687,1.19381245,1.39322453,1.31047108,1.50490438,0.20283207,0.45732315,1.19563557,1.31790110,0.13177444,0.22401708
253,0.11086501,0.01175256,0.02227919,0.44591083,0.44312782,0.10120144,-0.42988585,-0.30188046,-1.15932341,-0.00694572,-1.31660976,0.01901225,-0.01838325,0.06495677,0.17655957,0.83343085,0.33451539,1.29850275,0.20418500,-0.04618006,0.18847438,0.09337640,0.20039150,0.22107896,0.83343085,0.89331442,0.41981806,0.60813448,0.33451539,1.18537322,1.38547781,1.29850275,1.49526653,0.20418500,0.45735637,1.20317040,1.32253329,0.13406926,0.20929347
254,0.11004720,0.01035342,0.02177179,0.44188621,0.43774424,0.09805624,-0.44207223,-0.29727401,-1.15938622,-0.00290903,-1.31541498,0.01664625,-0.02611253,0.06174375,0.17905585,0.81918932,0.33367512,1.28964258,0.21361171,-0.04233527,0.18970200,0.09321688,0.20026020,0.22089259,0.81918932,0.87916419,0.42459384,0.62233856,0.33367512,1.17665531,1.38575792,1.28964258,1.49595980,0.21361171,0.46712657,1.20098333,1.32066358,0.14322111,0.21468504
255,0.11190179,0.00908643,0.02052495,0.43773704,0.43996533,0.10244962,-0.43666313,-0.29454953,-1.16031710,0.00579281,-1.31672505,0.01959593,0.00657746,0.06805605,0.18788249,0.82579294,0.33928550,1.32358306,0.19228602,-0.04193844,0.18871734,0.09164880,0.19933682,0.21939615,0.82579294,0.88536481,0.45132228,0.62590660,0.33928550,1.20926428,1.39611331,1.32358306,1.50600749,0.19228602,0.46454115,1.20091793,1.32188594,0.14156388,0.22263864
256,0.11157739,0.00905942,0.02088310,0.44087352,0.44476732,0.10706712,-0.43924360,-0.29540274,-1.16955792,0.01271918,-1.32748302,0.02275469,0.01724468,0.07339026,0.19120389,0.83419527,0.34694222,1.34487000,0.18533370,-0.04136672,0.20588074,0.09237921,0.19871367,0.21913704,0.83419527,0.89323685,0.46447330,0.63177836,0.34694222,1.22932464,1.40985140,1.34487000,1.52006088,0.18533370,0.46784695,1.21018790,1.33288579,0.13896991,0.22660671
257,0.11108852,0.00873540,0.02089536,0.43711049,0.44002810,0.10625835,-0.44168895,-0.29553033,-1.17070032,0.01430123,-1.32549886,0.02182107,0.02094366,0.07186802,0.19147860,0.83278828,0.34709190,1.34660117,0.18175497,-0.04288209,0.20220060,0.09152152,0.19815795,0.21827222,0.83278828,0.88858505,0.47056611,0.63446531,0.34709190,1.23389064,1.41086074,1.34660117,1.51818575,0.18175497,0.47072401,1.21138869,1.33104974,0.14307565,0.22845169
258,0.11108941,0.00890479,0.02085325,0.43988753,0.44056607,0.10479221,-0.44574706,-0.29648615,-1.17854227,0.01350766,-1.33594110,0.02183763,0.00975239,0.07100873,0.18395382,0.83577541,0.34839058,1.34579180,0.18513461,-0.04567574,0.19329229,0.09122743,0.19760488,0.21764681,0.83577541,0.89486217,0.46320107,0.63109950,0.34839058,1.23073277,1.41118884,1.34579180,1.52118600,0.18513461,0.47470008,1.21959111,1.34185638,0.14114313,0.22119605
259,0.11162951,0.00809615,0.02076497,0.43890249,0.43682717,0.10257358,-0.44645704,-0.29532711,-1.17753397,0.01441835,-1.33381382,0.02302627,0.00707605,0.07141947,0.19278214,0.83272897,0.34796838,1.34104223,0.19531033,-0.04459782,0.19708288,0.09109576,0.19753220,0.21752565,0.83272897,0.89172619,0.46088075,0.64021114,0.34796838,1.22746882,1.41857181,1.34104223,1.52776588,0.19531033,0.47418141,1.21788884,1.33964016,0.14428534,0.23128749
260,0.11308188,0.00842755,0.02180689,0.43855316,0.44013098,0.11107030,-0.44803378,-0.29018442,-1.18345580,0.02131791,-1.33419973,0.02522943,0.00957068,0.07289098,0.18738372,0.83796961,0.34746209,1.34387772,0.18827709,-0.03850487,0.19019907,0.09134954,0.19776195,0.21784060,0.83796961,0.89078984,0.46650182,0.63664635,0.34746209,1.23493905,1.41812989,1.34387772,1.52263032,0.18827709,0.47490780,1.22206902,1.34015072,0.14342875,0.22517535
261,0.11118763,0.00896749,0.02265789,0.44078963,0.44719684,0.11706923,-0.44902188,-0.28528002,-1.18599973,0.02693701,-1.32937086,0.02884216,0.01916966,0.07779570,0.18734942,0.83996239,0.34493368,1.34857569,0.18034314,-0.03285709,0.19351955,0.09240973,0.19747744,0.21802957,0.83996239,0.88498733,0.47675602,0.63808577,0.34493368,1.24608537,1.42053470,1.34857569,1.51793972,0.18034314,0.47837113,1.22340909,1.33543857,0.13823195,0.22229274
262,0.11073262,0.00907530,0.02316941,0.44506200,0.45259614,0.12047019,-0.45065720,-0.28000218,-1.19231352,0.03177777,-1.33643450,0.03080303,0.01038763,0.08288802,0.18645069,0.84296934,0.34543029,1.34682916,0.18865114,-0.02961958,0.20625415,0.09293594,0.19604479,0.21695771,0.84296934,0.89052517,0.47052106,0.63839817,0.34543029,1.24288523,1.42572295,1.34682916,1.52424403,0.18865114,0.47723321,1.22789897,1.34260171,0.13283213,0.22121663
263,0.11249619,0.00922104,0.02347419,0.44485114,0.45321533,0.12306216,-0.45624100,-0.28106496,-1.20213334,0.03505386,-1.34331478,0.03091204,0.01392148,0.08500788,0.18502557,0.84841141,0.34842057,1.35724333,0.18466372,-0.03022959,0.19885579,0.09246260,0.19478113,0.21561313,0.84841141,0.89186393,0.48000161,0.64255352,0.34842057,1.25609152,1.43465258,1.35724333,1.52973707,0.18466372,0.48319346,1.23779834,1.34992403,0.13449498,0.22126562
264,0.11595850,0.00791557,0.02109287,0.44284220,0.45269466,0.12795922,-0.46101936,-0.27928637,-1.19913065,0.04008297,-1.34818382,0.03039133,0.02519621,0.08339847,0.18501652,0.84320261,0.35359691,1.37349194,0.17321220,-0.03336204,0.19819000,0.09158080,0.19356871,0.21413988,0.84320261,0.89156585,0.49653494,0.64776078,0.35359691,1.26362275,1.43087745,1.37349194,1.53403264,0.17321220,0.48997191,1.23432203,1.35375585,0.13641589,0.22198776
265,0.11844548,0.00721195,0.02000585,0.43868140,0.44503480,0.12482513,-0.46723594,-0.27978633,-1.20482661,0.03611769,-1.35771255,0.02358618,0.00807436,0.07661824,0.18256531,0.84154923,0.35184775,1.36593122,0.18721826,-0.04686184,0.21138592,0.09162333,0.19162998,0.21240736,0.84154923,0.89489187,0.48634862,0.65199975,0.35184775,1.25091955,1.43243990,1.36593122,1.54104541,0.18721826,0.49929909,1.24115159,1.36419763,0.14541067,0.22223496
266,0.11740189,0.00824853,0.02177615,0.43942842,0.44078008,0.12716486,-0.45513367,-0.28127532,-1.19527664,0.03405157,-1.33941770,0.02227538,-0.00673219,0.06875964,0.18030026,0.84564188,0.34742070,1.33278294,0.19770037,-0.04665172,0.20089219,0.09291958,0.19307933,0.21427477,0.84564188,0.88917293,0.46064736,0.63894821,0.34742070,1.22714469,1.41945569,1.33278294,1.52047426,0.19770037,0.49083254,1.23292031,1.34644292,0.14594327,0.21733437
267,0.11544141,0.00866123,0.02174812,0.44308062,0.44550765,0.12522875,-0.46364383,-0.28419058,-1.19277919,0.02592758,-1.33635150,0.02173743,-0.01786659,0.07200477,0.16503661,0.83640789,0.34225605,1.31849850,0.19497462,-0.04797463,0.19739362,0.09212843,0.19333108,0.21416011,0.83640789,0.87833959,0.45766349,0.63218411,0.34225605,1.21430782,1.40393193,1.31849850,1.50264984,0.19497462,0.49805106,1.23147121,1.34319954,0.14008821,0.20225942
268,0.11017981,0.00898487,0.02179913,0.44599705,0.45219489,0.11025424,-0.46832316,-0.28937673,-1.19107293,0.02164655,-1.34187919,0.01746189,-0.01770001,0.07158058,0.15125545,0.82619435,0.34693307,1.32419762,0.18470607,-0.04547466,0.21230935,0.08943933,0.19264485,0.21239452,0.82619435,0.87806497,0.46007952,0.62280796,0.34693307,1.21306920,1.39027995,1.32419762,1.49505609,0.18470607,0.49832019,1.23037083,1.34898772,0.13334117,0.18530833
269,0.10926749,0.00937355,0.02244899,0.44523367,0.45151643,0.11093788,-0.47230349,-0.29103208,-1.18743134,0.02368068,-1.34179468,0.01313669,-0.01319025,0.06859700,0.14571297,0.82066844,0.35212046,1.32867702,0.17612474,-0.05167340,0.23241535,0.09067457,0.19264682,0.21291941,0.82066844,0.87392596,0.46941809,0.62148670,0.35212046,1.21324154,1.38107366,1.32867702,1.48943289,0.17612474,0.50329910,1.22763663,1.34978925,0.13699795,0.18156113
270,0.10946705,0.00904631,0.02271411,0.44887481,0.44767878,0.10588314,-0.48006956,-0.30006548,-1.18377795,0.01370298,-1.35123428,0.00931224,-0.02754178,0.06442873,0.14210914,0.81254962,0.35749890,1.32375800,0.18376925,-0.05369011,0.24647350,0.09050104,0.19261682,0.21281842,0.81254962,0.87627590,0.46279402,0.62458247,0.35749890,1.19714836,1.37522618,1.32375800,1.49527613,0.18376925,0.50752616,1.22622493,1.35927089,0.13764425,0.18030741
271,0.11135182,0.00871846,0.02157594,0.44617934,0.43672870,0.10003924,-0.47625372,-0.30545865,-1.17322997,0.00709104,-1.33667547,0.00760194,-0.03563536,0.05416951,0.15044412,0.80652152,0.35480154,1.30105790,0.19644555,-0.06428065,0.25998189,0.08989119,0.19354794,0.21340392,0.80652152,0.86570703,0.45046692,0.62896186,0.35480154,1.18031110,1.37169947,1.30105790,1.48867699,0.19644555,0.50408468,1.21777762,1.34547120,0.15110398,0.19088555
272,0.11113610,0.00997176,0.02304758,0.44531363,0.43565466,0.10075216,-0.48783962,-0.31239367,-1.18203444,-0.00306479,-1.35447973,0.00026830,-0.04577871,0.04452582,0.14038322,0.80790242,0.35596067,1.30871264,0.19627141,-0.06257161,0.26600064,0.09078066,0.19198862,0.21236939,0.80790242,0.87320446,0.45382187,0.63114276,0.35596067,1.17890836,1.36979156,1.30871264,1.49639258,0.19627141,0.51370751,1.22801654,1.36286120,0.15347569,0.17961286
273,0.10939737,0.01042432,0.02119908,0.44612202,0.43470911,0.09231949,-0.51054448,-0.32559020,-1.19183381,-0.00750732,-1.37277675,-0.00757572,-0.03013415,0.04143961,0.13197193,0.79928681,0.36743686,1.34267422,0.17437418,-0.06731181,0.26409878,0.09011922,0.19084426,0.21105213,0.79928681,0.86836902,0.49095957,0.64501882,0.36743686,1.20467745,1.37385796,1.34267422,1.50639979,0.17437418,0.53353702,1.24103086,1.38097031,0.14419474,0.17025877
274,0.11012794,0.00897658,0.02193805,0.44780218,0.43137694,0.08527253,-0.49776559,-0.32668442,-1.17392450,-0.01645031,-1.36156207,-0.00932886,-0.04511768,0.03640741,0.14367503,0.79177910,0.36554207,1.31650309,0.19737681,-0.07629502,0.29997273,0.09046073,0.19259579,0.21278224,0.79177910,0.87081405,0.46357088,0.64330383,0.36554207,1.17313354,1.36671363,1.31650309,1.50684183,0.19737681,0.51761474,1.22345730,1.37059418,0.15313179,0.18521111
275,0.10858885,0.00970885,0.02195092,0.44878036,0.42797587,0.07308079,-0.50826440,-0.33362022,-1.17995865,-0.02223724,-1.36643477,-0.00879979,-0.03887539,0.03233099,0.14820609,0.78522677,0.36547453,1.32774433,0.19463744,-0.08019119,0.27829444,0.08866145,0.19212389,0.21159499,0.78522677,0.86458694,0.47722734,0.65778010,0.36547453,1.18668337,1.37768931,1.32774433,1.51652060,0.19463744,0.52692585,1.23204546,1.37625426,0.15035347,0.18763686
276,0.10942282,0.00992272,0.02314991,0.44898004,0.42488746,0.06717571,-0.50980103,-0.33992571,-1.18234096,-0.02744718,-1.37826021,-0.01213650,-0.02977521,0.03049022,0.15583049,0.78615829,0.37157826,1.34880857,0.19330091,-0.08134201,0.26187069,0.08763235,0.19159832,0.21068779,0.78615829,0.87486355,0.48702024,0.66673894,0.37157826,1.19843692,1.38855512,1.34880857,1.53629523,0.19330091,0.52835027,1.23639401,1.38878743,0.14675213,0.19318756
277,0.11063079,0.01092303,0.02305915,0.45119162,0.42187148,0.06003632,-0.49742601,-0.35001881,-1.18524605,-0.03574069,-1.38728379,-0.02084290,-0.03120714,0.02630132,0.15155501,0.80100916,0.37685358,1.35672649,0.19056234,-0.09703171,0.28428372,0.08712264,0.19139923,0.21029508,0.80100916,0.89762413,0.47409271,0.64986467,0.37685358,1.20010962,1.38885468,1.35672649,1.54148172,0.19056234,0.51366384,1.24293508,1.39960417,0.14742031,0.19284184
278,0.11246618,0.00889029,0.01955812,0.44779974,0.41758719,0.05489978,-0.50040019,-0.35445650,-1.18453504,-0.04129443,-1.38430694,-0.02480370,-0.02770115,0.02108295,0.16329830,0.79738800,0.37422044,1.35694331,0.19816798,-0.10865444,0.30552432,0.08787584,0.19136969,0.21058139,0.79738800,0.89115143,0.48062415,0.66461408,0.37422044,1.20305313,1.39918625,1.35694331,1.54971885,0.19816798,0.51626335,1.24315951,1.39588137,0.15375569,0.20554437
279,0.11472366,0.00814559,0.02041641,0.44886339,0.41456272,0.04266024,-0.51814650,-0.35686456,-1.19012105,-0.04388993,-1.38912735,-0.02618623,-0.02815249,0.01940462,0.17535109,0.78177891,0.37474566,1.36117083,0.20997600,-0.08860428,0.29704125,0.08767450,0.19026069,0.20948973,0.78177891,0.87709503,0.49656185,0.69410209,0.37474566,1.20872883,1.41643883,1.36117083,1.56625093,0.20997600,0.53119314,1.24749789,1.39963910,0.15549006,0.21692040
280,0.11715374,0.00970590,0.02106477,0.44676107,0.41432243,0.03611748,-0.50811148,-0.36087019,-1.19104452,-0.05036689,-1.38659761,-0.03220641,-0.01838277,0.01935156,0.17786112,0.78993705,0.36981666,1.36840614,0.20448260,-0.08267465,0.27502883,0.08719435,0.19075280,0.20973671,0.78993705,0.88403133,0.49563779,0.68623153,0.36981666,1.21826978,1.42074475,1.36840614,1.56650398,0.20448260,0.52212964,1.24996102,1.39699707,0.15315404,0.21724587
281,0.11814812,0.00822995,0.01755720,0.44769970,0.39799328,0.02531097,-0.50769610,-0.37259422,-1.18292101,-0.06007232,-1.38626127,-0.03482295,-0.04254329,0.00657852,0.18588599,0.78403048,0.37694986,1.34401423,0.23259680,-0.10406882,0.30396093,0.08419620,0.19003852,0.20785485,0.78403048,0.88601972,0.47336704,0.69560427,0.37694986,1.19012037,1.42063855,1.34401423,1.57379098,0.23259680,0.51673527,1.24543904,1.39786657,0.16617603,0.23426650
282,0.11964297,0.00923375,0.01944141,0.45337989,0.40806864,0.02158484,-0.50057458,-0.37509800,-1.19359363,-0.06794149,-1.40038477,-0.03985098,-0.03771853,0.00428947,0.16604225,0.79944793,0.37468319,1.36368201,0.20886444,-0.10781789,0.29667115,0.08360133,0.19014148,0.20770885,0.79944793,0.90931308,0.46972479,0.66796582,0.37468319,1.20357836,1.41157522,1.36368201,1.56912897,0.20886444,0.50859688,1.25746139,1.41394343,0.14910887,0.20853873
283,0.11854421,0.01167750,0.02148265,0.45915813,0.40489142,0.01804755,-0.51237770,-0.37396324,-1.18104937,-0.07448867,-1.38770321,-0.04098796,-0.03261116,0.00212972,0.16198149,0.77588187,0.36820857,1.35678062,0.19931258,-0.10696641,0.28266235,0.08273710,0.19158838,0.20869005,0.77588187,0.88490185,0.48446125,0.67530612,0.36820857,1.19573758,1.39469875,1.35678062,1.55270119,0.19931258,0.52120916,1.24548091,1.40194618,0.13654063,0.20512450
284,0.11562367,0.01375161,0.02377458,0.45923026,0.40164694,0.01290737,-0.51784070,-0.37143460,-1.18224380,-0.07523366,-1.39174260,-0.04749648,-0.02880232,-0.00119368,0.14881310,0.76839113,0.36804970,1.36555097,0.18355518,-0.10772196,0.25893335,0.08115455,0.19179434,0.20825736,0.76839113,0.88374564,0.49308061,0.66707561,0.36804970,1.19819831,1.38169006,1.36555097,1.54433361,0.18355518,0.52756761,1.24662828,1.40771869,0.13036210,0.19059698
285,0.11284764,0.01328834,0.02470096,0.45670444,0.40536896,0.00769559,-0.54022111,-0.36811892,-1.16666231,-0.07094983,-1.37691060,-0.05740033,-0.02048217,-0.00179648,0.15564391,0.73092413,0.37195467,1.35842704,0.18469723,-0.10067329,0.28977387,0.08330219,0.19354410,0.21070969,0.73092413,0.84637536,0.52455702,0.69653857,0.37195467,1.18755669,1.37211887,1.35842704,1.53577765,0.18469723,0.54890686,1.22934458,1.39281678,0.13918762,0.20030647
286,0.10903040,0.01260738,0.02471513,0.45533464,0.40914698,0.00370573,-0.54510412,-0.36497415,-1.16682764,-0.06691509,-1.36815764,-0.05777830,-0.01462505,-0.00038159,0.15418373,0.72307899,0.36786755,1.35502477,0.17840826,-0.08880650,0.29639315,0.08531425,0.19371791,0.21167227,0.72307899,0.83170754,0.53509214,0.69983918,0.36786755,1.19253639,1.37042444,1.35502477,1.52536219,0.17840826,0.55274184,1.22759979,1.38264800,0.13865210,0.19474521
287,0.11333205,0.01329903,0.02380823,0.45817092,0.40628058,0.00457377,-0.53738644,-0.37063110,-1.17767729,-0.07064902,-1.39246520,-0.05779682,-0.00995670,-0.00401295,0.15502612,0.74251045,0.37517539,1.38480643,0.17353116,-0.09580644,0.27674460,0.08196542,0.19132843,0.20814634,0.74251045,0.86329288,0.53127015,0.69261281,0.37517539,1.20894570,1.38224448,1.38480643,1.55087245,0.17353116,0.54669174,1.24085552,1.40745404,0.12783754,0.19282904
288,0.11848383,0.01180950,0.02242715,0.45941780,0.40850543,0.00748381,-0.52584214,-0.37533288,-1.19023947,-0.07664774,-1.40483059,-0.05188623,-0.04948726,-0.00146269,0.15487801,0.76715516,0.37501452,1.35715314,0.21049732,-0.10334178,0.28517020,0.08185001,0.18983018,0.20672427,0.76715516,0.88830168,0.48106052,0.68144483,0.37501452,1.18574601,1.39612432,1.35715314,1.56294518,0.21049732,0.53423736,1.25354390,1.41981169,0.14441067,0.19850607
289,0.12079456,0.01151654,0.02190656,0.46003586,0.40766873,0.00856836,-0.50328467,-0.37460615,-1.18178224,-0.07441834,-1.39479555,-0.04781000,-0.03208205,0.00222934,0.16617233,0.77944104,0.37422836,1.36459416,0.20447532,-0.09919706,0.28668489,0.08249611,0.19029426,0.20740664,0.77944104,0.89949936,0.47497012,0.66981143,0.37422836,1.19524362,1.39963976,1.36459416,1.56421209,0.20447532,0.51346839,1.24552898,1.40931305,0.13404220,0.20630256
290,0.12259181,0.01254189,0.02239400,0.46037478,0.40668585,0.00954187,-0.50359874,-0.37723891,-1.17907317,-0.07529517,-1.39766702,-0.05118477,-0.03280696,-0.00245318,0.15830148,0.77900158,0.37884018,1.36761961,0.19726115,-0.10642322,0.28876796,0.08214263,0.19125088,0.20814493,0.77900158,0.90350863,0.47494299,0.66228946,0.37884018,1.19184251,1.38894902,1.36761961,1.55970410,0.19726115,0.51355482,1.24491123,1.41377411,0.13062392,0.19833001
291,0.12379869,0.01006809,0.02076870,0.45575935,0.39255241,0.00851350,-0.50249890,-0.37385191,-1.16746290,-0.07597852,-1.38847094,-0.05306401,-0.04512571,-0.00670866,0.18533164,0.76721422,0.37805511,1.34419449,0.23508802,-0.10679547,0.31524836,0.08419361,0.19104845,0.20877757,0.76721422,0.89438742,0.46385080,0.68976178,0.37805511,1.16769927,1.40213946,1.34419449,1.57581594,0.23508802,0.51129755,1.23073847,1.40248928,0.15700252,0.23439335
292,0.12738024,0.01067665,0.01892151,0.45870194,0.39489099,0.00901256,-0.48973699,-0.38615259,-1.18605720,-0.08965024,-1.41469001,-0.04920848,-0.04773419,-0.00759452,0.16978678,0.80116839,0.37970513,1.36890079,0.22149551,-0.11610195,0.28875728,0.08068423,0.18915691,0.20564601,0.80116839,0.93477575,0.44694397,0.66067629,0.37970513,1.18714642,1.40771307,1.36890079,1.58762652,0.22149551,0.49908191,1.25357487,1.42995064,0.14464839,0.21458337
293,0.12545720,0.00950284,0.02039678,0.45365821,0.38591877,0.01150151,-0.50102383,-0.37962358,-1.16136272,-0.08219448,-1.39045514,-0.04961143,-0.03344391,-0.00772519,0.19914002,0.76764547,0.38179745,1.35764147,0.23632551,-0.10476884,0.32550949,0.08472082,0.19102802,0.20897206,0.76764547,0.89841661,0.47534278,0.70297635,0.38179745,1.17602778,1.41109974,1.35764147,1.59154365,0.23632551,0.50875998,1.22621353,1.40358334,0.15918022,0.24790014
294,0.13259131,0.00941058,0.02014066,0.45438176,0.38060925,0.01315226,-0.49815887,-0.38230607,-1.17387115,-0.08788398,-1.40604230,-0.05710738,-0.04930502,-0.00848596,0.19963906,0.78313498,0.38270019,1.35753965,0.25385412,-0.10348439,0.31507542,0.08110311,0.18973140,0.20633885,0.78313498,0.91838195,0.45821235,0.70161747,0.38270019,1.17137920,1.42441316,1.35753965,1.60783521,0.25385412,0.50594962,1.23905837,1.42051241,0.16528839,0.25430375
295,0.12864849,0.01130233,0.02113458,0.45012567,0.37347121,0.01889034,-0.53337495,-0.37732368,-1.16135326,-0.08632638,-1.39248630,-0.06504618,-0.04377703,-0.01679267,0.21535353,0.74252431,0.37973949,1.34892173,0.26365995,-0.09100348,0.31102736,0.08282763,0.19085072,0.20804907,0.74252431,0.86906553,0.50128444,0.75318553,0.37973949,1.16232573,1.42502459,1.34892173,1.60934949,0.26365995,0.54106343,1.22435892,1.40514413,0.17481304,0.27032446
296,0.13509233,0.00895807,0.02245970,0.45011162,0.37133919,0.01864462,-0.52064309,-0.37243065,-1.14672442,-0.08350261,-1.37862076,-0.06271463,-0.01185173,-0.00828560,0.23752887,0.73818650,0.37912648,1.36694779,0.25531948,-0.07615768,0.30843937,0.08307905,0.19257694,0.20973318,0.73818650,0.86766306,0.52022339,0.76261118,0.37912648,1.17863800,1.43352108,1.36694779,1.61789982,0.25531948,0.52749832,1.20843348,1.39060784,0.16708501,0.28668789
297,0.13111139,0.00855987,0.02188801,0.44524661,0.36685331,0.01841111,-0.51742822,-0.36993707,-1.15229040,-0.08615649,-1.37805193,-0.06421075,-0.02636950,-0.00481768,0.24031366,0.74428035,0.37135095,1.35187086,0.27322816,-0.06634484,0.27692250,0.08207274,0.19199953,0.20880554,0.74428035,0.86982139,0.50222514,0.76112311,0.37135095,1.16908177,1.44174265,1.35187086,1.62041074,0.27322816,0.52729139,1.21358890,1.39121844,0.17912978,0.29303663
298,0.13231750,0.00900768,0.02158068,0.44855586,0.38326306,0.02684247,-0.51658183,-0.36982583,-1.17656306,-0.07775557,-1.40463734,-0.05814419,-0.03692898,-0.00224309,0.21615385,0.77001481,0.37994251,1.36792280,0.25919043,-0.07413371,0.30392603,0.08302322,0.18994635,0.20729802,0.77001481,0.89799278,0.49188810,0.73667019,0.37994251,1.18353823,1.44218769,1.36792280,1.62259558,0.25919043,0.52618944,1.23697615,1.41812190,0.17854370,0.27296402
299,0.12442490,0.00977768,0.02201945,0.44787987,0.38652596,0.03183159,-0.53116212,-0.36528592,-1.16844456,-0.07170267,-1.39973902,-0.06310638,-0.03663047,-0.00650655,0.21052999,0.75088927,0.38095925,1.36317848,0.25356108,-0.08089106,0.30904197,0.08396557,0.18977712,0.20752246,0.75088927,0.87798925,0.50771759,0.74540446,0.38095925,1.17314960,1.42622251,1.36317848,1.61163285,0.25356108,0.54056144,1.22805324,1.41194496,0.17586278,0.26380403
300,0.12168052,0.01226468,0.02326198,0.45276258,0.40501924,0.03232365,-0.51397301,-0.36161153,-1.17367759,-0.07090245,-1.41198163,-0.06223494,-0.04835381,0.00012328,0.17904781,0.76857118,0.38252610,1.36425575,0.23580452,-0.08280484,0.30357517,0.08301476,0.18991636,0.20726716,0.76857118,0.90823454,0.47753537,0.69529199,0.38252610,1.16486284,1.40054629,1.36425575,1.59317829,0.23580452,0.52310176,1.23297400,1.42519557,0.16040221,0.22592103
301,0.11765417,0.01341661,0.02409314,0.45554296,0.40868722,0.03493524,-0.51821502,-0.36267773,-1.17666681,-0.06602779,-1.40928371,-0.05816075,-0.03266518,0.00469269,0.17318193,0.76947602,0.38304209,1.37792990,0.21524644,-0.08392806,0.28846474,0.08430263,0.19142046,0.20916196,0.76947602,0.90115947,0.49525854,0.69256607,0.38304209,1.18386627,1.39895811,1.37792990,1.58527023,0.21524644,0.52816682,1.23682132,1.42287010,0.14179873,0.21212284
302,0.11690971,0.01384224,0.02333850,0.45690036,0.40817646,0.03693036,-0.51404907,-0.35496107,-1.18185070,-0.06676800,-1.41137258,-0.05632880,-0.03976930,0.00874015,0.17024488,0.77552664,0.37418014,1.37385497,0.21987229,-0.10158819,0.29686104,0.08340984,0.19239960,0.20970171,0.77552664,0.90985018,0.48436038,0.68567193,0.37418014,1.18054586,1.40019739,1.37385497,1.58523950,0.21987229,0.52349414,1.24141959,1.42715675,0.14095129,0.21133371
303,0.12015156,0.01190862,0.02104456,0.45720704,0.40444872,0.04363962,-0.52939366,-0.35471469,-1.18301870,-0.06556270,-1.40877786,-0.05534972,-0.01543680,0.00688439,0.17177454,0.76571677,0.37174494,1.39478718,0.19732487,-0.09817166,0.27731526,0.08242832,0.19192234,0.20887463,0.76571677,0.88977928,0.52370330,0.70246703,0.37174494,1.20535191,1.40221995,1.39478718,1.58329962,0.19732487,0.54169070,1.24150434,1.42258762,0.13656002,0.21425596
304,0.11998431,0.00856930,0.01898078,0.45267137,0.40481943,0.05121808,-0.53861300,-0.35586198,-1.18334757,-0.06195774,-1.40000266,-0.04598191,-0.00972547,0.01555687,0.19746630,0.76249725,0.36813409,1.39068863,0.21621244,-0.09442279,0.26738316,0.08389912,0.19180312,0.20935018,0.76249725,0.87018629,0.53809540,0.73707038,0.36813409,1.21396369,1.42994046,1.39068863,1.59974254,0.21621244,0.55505577,1.24212734,1.41203076,0.15085354,0.24121367
305,0.12041329,0.00642498,0.01669850,0.44914678,0.39410748,0.05481830,-0.53403216,-0.34869370,-1.17452200,-0.05928575,-1.38606030,-0.03679765,-0.00797126,0.01409831,0.22287738,0.75702076,0.36155872,1.37837370,0.23645924,-0.10056707,0.27314157,0.08334486,0.19244460,0.20971717,0.75702076,0.86124860,0.53519111,0.75861300,0.36155872,1.20790909,1.44393836,1.37837370,1.61076489,0.23645924,0.55073300,1.23191185,1.39840049,0.16332741,0.27088658
306,0.12311437,0.00637562,0.01738844,0.45077222,0.38582359,0.04927282,-0.49811728,-0.34365651,-1.16973203,-0.05978977,-1.37734671,-0.03736337,-0.01127879,0.01366233,0.23652993,0.77815674,0.35539533,1.36638934,0.25300748,-0.10205982,0.28823927,0.08433977,0.19219007,0.20988145,0.77815674,0.88796039,0.49610875,0.73660097,0.35539533,1.19868363,1.45129684,1.36638934,1.61566343,0.25300748,0.51277271,1.22501619,1.38917765,0.15632753,0.28115509
307,0.12790110,0.00452426,0.01453577,0.44632656,0.38147277,0.05375919,-0.49936726,-0.33714228,-1.17589867,-0.05430396,-1.38644569,-0.02650580,-0.03454766,0.02158222,0.25130084,0.78148277,0.35590557,1.35220018,0.28990246,-0.11130712,0.27226409,0.08364213,0.19131784,0.20880259,0.78148277,0.89586151,0.47506431,0.75314081,0.35590557,1.18360407,1.47205868,1.35220018,1.63954268,0.28990246,0.51552794,1.23026503,1.39905113,0.17809164,0.30307498
308,0.12769660,0.00518270,0.01471810,0.44373822,0.37621515,0.05038424,-0.48771231,-0.33067134,-1.18018176,-0.05421055,-1.38191616,-0.02463058,-0.06344544,0.01777840,0.26512284,0.79085986,0.34568037,1.31882346,0.33130780,-0.10885718,0.27428847,0.08506960,0.19083781,0.20893996,0.79085986,0.90349383,0.43883300,0.75780725,0.34568037,1.15927031,1.48766188,1.31882346,1.64861738,0.33130780,0.50003490,1.23202869,1.39388774,0.19382527,0.32007735
309,0.12422388,0.00431433,0.01672116,0.44199762,0.37769987,0.04552845,-0.49998251,-0.32253830,-1.18956179,-0.04661450,-1.38269788,-0.02194728,-0.05036085,0.01827770,0.28093982,0.78182007,0.34134299,1.33274918,0.33392206,-0.08692849,0.27497918,0.08548057,0.18952880,0.20791367,0.78182007,0.89037111,0.46415831,0.78571163,0.34134299,1.18074547,1.51094055,1.33274918,1.66493864,0.33392206,0.50957183,1.23681200,1.39253615,0.18882841,0.32859299
310,0.12212754,0.00454551,0.01693254,0.44919911,0.39951086,0.04844706,-0.48502801,-0.32212902,-1.19685409,-0.04179758,-1.40529486,-0.03373094,-0.02241952,0.02037689,0.24855999,0.80314486,0.35571422,1.38299328,0.27670269,-0.09482189,0.30548736,0.08438826,0.18821325,0.20626587,0.80314486,0.92996501,0.47709669,0.73730929,0.35571422,1.21039769,1.48588930,1.38299328,1.65530490,0.27670269,0.49180302,1.24325703,1.41548941,0.15362119,0.28302105
311,0.12043829,0.00687096,0.01860055,0.44794224,0.40507125,0.05369723,-0.49344762,-0.31619004,-1.19313581,-0.03688198,-1.39667591,-0.03366637,0.00752332,0.02295314,0.25115192,0.79165539,0.35308031,1.40427003,0.25057784,-0.07601668,0.30919346,0.08590356,0.18767730,0.20640298,0.79165539,0.91227530,0.51431844,0.74779343,0.35308031,1.23484003,1.48420728,1.40427003,1.64916617,0.25057784,0.50159753,1.23764776,1.40663396,0.15316352,0.28563849
312,0.11543258,0.00530337,0.01838863,0.44946614,0.40782161,0.05109520,-0.52296384,-0.31438182,-1.20489859,-0.03027581,-1.40494795,-0.03181479,-0.00931078,0.02379874,0.24627935,0.77392307,0.35549222,1.39568417,0.26218737,-0.07257999,0.29855962,0.08512199,0.18513029,0.20376206,0.77392307,0.89067836,0.52678719,0.77241964,0.35549222,1.23017776,1.49076430,1.39568417,1.65237269,0.26218737,0.52968983,1.24817081,1.41442277,0.15289912,0.28010125
313,0.11719686,0.00616314,0.01812626,0.44697374,0.40316541,0.05539794,-0.50228198,-0.30578088,-1.20398637,-0.02826314,-1.39686561,-0.03094470,-0.02077060,0.01985397,0.24844084,0.78979409,0.34670334,1.37609912,0.27469785,-0.07382015,0.31958794,0.08726525,0.18466658,0.20424732,0.78979409,0.90494842,0.50052576,0.75644823,0.34670334,1.21704919,1.48950800,1.37609912,1.64615857,0.27469785,0.50780087,1.24482461,1.40605738,0.16036094,0.28386696
314,0.11378769,0.00457296,0.01917561,0.44411234,0.39484780,0.05474130,-0.51935084,-0.29751280,-1.19856282,-0.02148312,-1.38212634,-0.03297958,-0.02793207,0.01923599,0.26548017,0.76533000,0.34113569,1.35429210,0.29837346,-0.05334684,0.28962439,0.08656757,0.18351959,0.20291226,0.76533000,0.87170427,0.51113999,0.79140714,0.34113569,1.20367304,1.49992361,1.35429210,1.64811225,0.29837346,0.52488016,1.23694870,1.39052392,0.16823989,0.30461308
315,0.11608197,0.00425558,0.01812425,0.44394801,0.39956122,0.07216300,-0.52884244,-0.29281312,-1.20259490,-0.01988141,-1.37435968,-0.02657228,-0.03181675,0.01800255,0.25813403,0.76629516,0.32954098,1.34280725,0.29380604,-0.04686609,0.27979142,0.08612323,0.18224716,0.20157192,0.76629516,0.85385509,0.51675721,0.79340745,0.32954098,1.20431393,1.49543472,1.34280725,1.63296116,0.29380604,0.53706844,1.23955817,1.38113185,0.16619046,0.29647208
316,0.11201864,0.00427071,0.01854077,0.44337939,0.39909750,0.06412345,-0.53563001,-0.29821754,-1.20855373,-0.01574988,-1.38767608,-0.01680417,-0.06028120,0.02828806,0.25725991,0.76437745,0.34179372,1.32764768,0.32117507,-0.05061685,0.27509485,0.08583217,0.17972510,0.19916895,0.76437745,0.85978078,0.49429229,0.79898501,0.34179372,1.18616444,1.50382872,1.32764768,1.64554956,0.32117507,0.54293509,1.24699222,1.39523784,0.18123977,0.30071835
317,0.11718686,0.00515375,0.01895568,0.44430683,0.40092258,0.06864595,-0.52318363,-0.29242899,-1.20246696,-0.01405762,-1.38986234,-0.02246338,-0.03766474,0.02235578,0.24442417,0.76943614,0.34400272,1.35232424,0.28586516,-0.04522133,0.29290625,0.08496895,0.17881198,0.19797335,0.76943614,0.87534804,0.50553045,0.77493717,0.34400272,1.19922637,1.48292538,1.35232424,1.63469925,0.28586516,0.53097473,1.23974671,1.39801087,0.17222938,0.29023154
318,0.11322815,0.00411984,0.01895476,0.44651636,0.40329371,0.08336685,-0.54318794,-0.29122019,-1.20002093,-0.01400525,-1.37625318,-0.00968266,-0.07062717,0.02845017,0.24537813,0.75616575,0.33575621,1.30591067,0.31884723,-0.04177665,0.27163159,0.08488420,0.17721729,0.19649757,0.75616575,0.84216581,0.49249222,0.79494057,0.33575621,1.16794053,1.48236364,1.30591067,1.62220775,0.31884723,0.55297286,1.23671729,1.38316288,0.17909042,0.28672866
319,0.11609812,0.00540256,0.02013311,0.44797548,0.41255211,0.07606416,-0.51900318,-0.29082434,-1.20305122,-0.01004857,-1.38548984,-0.01684710,-0.07608209,0.02923781,0.22595109,0.77659964,0.34344165,1.30949464,0.30616112,-0.04064342,0.29387262,0.08593315,0.17653795,0.19634193,0.77659964,0.87652648,0.46667094,0.75234766,0.34344165,1.16326896,1.46608734,1.30949464,1.61193167,0.30616112,0.52642647,1.23959705,1.39307823,0.17646281,0.26671132
320,0.11237881,0.00636800,0.01992533,0.45060420,0.41355075,0.06839210,-0.50852392,-0.29310250,-1.20103261,-0.01071477,-1.37649877,-0.01517979,-0.08920209,0.02705656,0.20202409,0.78202794,0.34374681,1.28730513,0.29481726,-0.04765831,0.31194669,0.08470178,0.17699760,0.19622065,0.78202794,0.88030673,0.44473118,0.71937246,0.34374681,1.14926308,1.44073173,1.28730513,1.57909205,0.29481726,0.51407461,1.23814592,1.38527334,0.17857786,0.24506238
321,0.11070884,0.00724280,0.01996930,0.44967645,0.42023352,0.08135341,-0.50776388,-0.28692169,-1.19347833,-0.00866792,-1.35196048,-0.01063905,-0.04679342,0.03661202,0.21488587,0.77843084,0.32832827,1.30523258,0.26702533,-0.03880263,0.29367974,0.08682641,0.17807699,0.19811673,0.77843084,0.85309211,0.47987546,0.72762373,0.32832827,1.18258959,1.44633792,1.30523258,1.56754223,0.26702533,0.51715043,1.22925146,1.35905604,0.15877742,0.25227222
322,0.11526307,0.00932148,0.02213162,0.44986331,0.41879508,0.09298935,-0.48768455,-0.28687044,-1.18265478,-0.00674775,-1.35137530,-0.01168237,-0.05244956,0.03606269,0.21704949,0.79204590,0.33590395,1.29903683,0.27472736,-0.02390784,0.28074322,0.08727257,0.17682250,0.19718696,0.79204590,0.87352789,0.45884557,0.71120771,0.33590395,1.16694008,1.43814262,1.29903683,1.56902701,0.27472736,0.49883765,1.21824958,1.35792554,0.15867661,0.25330797
323,0.11242804,0.01073561,0.02278534,0.44940860,0.42206903,0.09049042,-0.50748429,-0.28485517,-1.19249200,-0.00183978,-1.35949745,-0.01768659,-0.05159768,0.03472285,0.19963362,0.78134178,0.33901337,1.30800468,0.25794444,-0.02955478,0.29185133,0.08654634,0.17523908,0.19544565,0.78134178,0.86313100,0.48072162,0.71399162,0.33901337,1.17506938,1.42969107,1.30800468,1.55970225,0.25794444,0.51702175,1.22746828,1.36694303,0.15706788,0.23620460
324,0.11391057,0.01013412,0.02406097,0.44649840,0.41489990,0.10002404,-0.50966110,-0.28352449,-1.18631087,0.00305026,-1.35337636,-0.00468619,-0.04490842,0.03902360,0.22606358,0.77784450,0.33959000,1.30901161,0.27545055,-0.00829415,0.25420010,0.08694302,0.17375702,0.19429512,0.77784450,0.85166950,0.48695142,0.74232091,0.33959000,1.18007092,1.45131445,1.30901161,1.57990944,0.27545055,0.52291309,1.22082226,1.35909797,0.16765678,0.26786864
325,0.11389142,0.00670259,0.02157546,0.44778509,0.41332070,0.10613298,-0.51757062,-0.27812309,-1.19720493,0.00898764,-1.35288423,-0.00183304,-0.07181529,0.04275232,0.21225261,0.78074160,0.33447479,1.28158140,0.28843276,-0.01455833,0.25671669,0.08436918,0.17282065,0.19231520,0.78074160,0.84391475,0.47058567,0.73722716,0.33447479,1.16371359,1.44796700,1.28158140,1.56554684,0.28843276,0.53093205,1.23014372,1.35850733,0.17332367,0.25522295
326,0.11629818,0.00688958,0.02161817,0.44859486,0.41313315,0.11220641,-0.50973920,-0.27380940,-1.18579360,0.01499258,-1.34380931,0.00579921,-0.05989125,0.04694219,0.22104654,0.77850609,0.33679469,1.28446211,0.28468921,-0.01364550,0.25449843,0.08316328,0.17304959,0.19199556,0.77850609,0.84241366,0.47372677,0.73836013,0.33679469,1.16505676,1.44553903,1.28446211,1.56525888,0.28468921,0.52463218,1.21799417,1.34927660,0.16780427,0.26370781
327,0.11313234,0.00702546,0.02063821,0.45049216,0.41716486,0.10487589,-0.52582830,-0.27385543,-1.18650355,0.01374015,-1.34026832,0.00029858,-0.08215378,0.04350578,0.20401806,0.76153142,0.33388078,1.25854161,0.28991692,-0.02336397,0.26940026,0.08419296,0.17367581,0.19300710,0.76153142,0.82272464,0.46719530,0.73737966,0.33388078,1.14238537,1.42877395,1.25854161,1.54462670,0.28991692,0.53855478,1.21878241,1.34596843,0.17355365,0.24892920
328,0.11132637,0.01095259,0.02202344,0.45328315,0.42243315,0.10317602,-0.50594793,-0.27267985,-1.18843106,0.01494640,-1.34109996,0.00165251,-0.07472374,0.04050062,0.19615441,0.77932378,0.33404439,1.26659659,0.27433988,-0.01803245,0.27514240,0.08506517,0.17347099,0.19320525,0.77932378,0.84478675,0.45675427,0.71083926,0.33404439,1.15084426,1.42152043,1.26659659,1.53746676,0.27433988,0.51738943,1.22032788,1.34692777,0.16206121,0.23575297
329,0.11354426,0.01189433,0.02332395,0.44843374,0.41680234,0.10600188,-0.49492410,-0.27387851,-1.18645090,0.01504437,-1.33603604,-0.00279650,-0.07732970,0.03613880,0.20985908,0.78926497,0.33411907,1.25907136,0.29058985,-0.02085125,0.28554773,0.08587131,0.17217014,0.19239656,0.78926497,0.85150848,0.44819695,0.71524547,0.33411907,1.14618818,1.43251225,1.25907136,1.54604259,0.29058985,0.50726282,1.21885353,1.34244628,0.17295274,0.25132652
330,0.11110679,0.01247420,0.02233172,0.45405924,0.42559325,0.10828585,-0.51060813,-0.27065801,-1.19792331,0.02101083,-1.34986530,-0.00109570,-0.05931766,0.03832424,0.19519607,0.78549690,0.33647327,1.29074459,0.25873823,-0.03698957,0.29071915,0.08536060,0.17149743,0.19156670,0.78549690,0.85002344,0.47466333,0.71307071,0.33647327,1.17197809,1.42758771,1.29074459,1.54543466,0.25873823,0.52355720,1.23025762,1.35764715,0.15130517,0.22947421
331,0.11440806,0.01084539,0.02173077,0.44893915,0.41467864,0.11127174,-0.49410000,-0.26437396,-1.19396460,0.02790167,-1.33667899,0.00477878,-0.06803626,0.03967110,0.22040215,0.79459306,0.33176826,1.26909827,0.29120132,-0.02987667,0.27062964,0.08515240,0.17123112,0.19123553,0.79459306,0.85113161,0.45316133,0.72396755,0.33176826,1.16117082,1.44840609,1.26909827,1.55713474,0.29120132,0.50828793,1.22457323,1.34324702,0.16900571,0.26150642
332,0.11210159,0.01014948,0.02218652,0.45181253,0.42020305,0.11071521,-0.49960843,-0.25915095,-1.19860820,0.03338100,-1.33593072,0.00473206,-0.04904919,0.04183891,0.20435740,0.79098052,0.33035533,1.28726025,0.25701124,-0.03001095,0.26409204,0.08415559,0.17143052,0.19097273,0.79098052,0.84411396,0.47286047,0.71131725,0.33035533,1.18223479,1.43612122,1.28726025,1.54033824,0.25701124,0.51404092,1.22799692,1.34295346,0.15357195,0.24263620
333,0.11233982,0.01453227,0.02341741,0.45616163,0.42799735,0.11330354,-0.49141134,-0.25793204,-1.21054709,0.03654608,-1.34036893,0.00813423,-0.05323217,0.04024355,0.20382422,0.80960334,0.33020620,1.28748468,0.25991167,-0.01557560,0.27901406,0.08553308,0.17081147,0.19103001,0.80960334,0.85780472,0.46277869,0.70412495,0.33020620,1.19042590,1.44679939,1.28748468,1.54424181,0.25991167,0.50529019,1.23888029,1.34691614,0.14712726,0.23786216
334,0.11760156,0.00860612,0.02077631,0.45350171,0.42894261,0.12451722,-0.50826278,-0.25543589,-1.22163159,0.04754171,-1.34174388,0.00758652,-0.01374710,0.04972925,0.22518976,0.80827124,0.33353052,1.32895073,0.24353500,-0.00300276,0.24757107,0.08538608,0.16947896,0.18977329,0.80827124,0.83949404,0.51694276,0.74094940,0.33353052,1.24034854,1.48084086,1.32895073,1.56696454,0.24353500,0.52507320,1.24858885,1.34688263,0.13901768,0.25863924
335,0.11271557,0.00867163,0.02308522,0.44954983,0.42854692,0.12662341,-0.51229603,-0.24468799,-1.20833256,0.05277761,-1.32257405,0.01260649,-0.01784733,0.05924399,0.23453748,0.78949886,0.32550687,1.30579374,0.25782450,0.02118576,0.17302236,0.08570445,0.17245247,0.19257494,0.78949886,0.81440280,0.51217012,0.75121949,0.32550687,1.22212748,1.47650076,1.30579374,1.55715535,0.25782450,0.53301620,1.23363859,1.32821733,0.14620760,0.27006124
336,0.11419155,0.00704549,0.02168392,0.45013465,0.42364928,0.12833844,-0.52334640,-0.24593117,-1.20333833,0.05162420,-1.32479098,0.01852014,-0.05132050,0.05384887,0.22102655,0.77662229,0.32856614,1.27457039,0.27560068,0.01269894,0.18671224,0.08419614,0.17324096,0.19261729,0.77662229,0.80621911,0.49179523,0.75053373,0.32856614,1.18705347,1.45813748,1.27457039,1.54592614,0.27560068,0.54282946,1.22885038,1.33018026,0.15887902,0.26010008
337,0.11336933,0.00864729,0.02202081,0.45274385,0.43367017,0.13358370,-0.51617423,-0.24341986,-1.20608885,0.05178128,-1.32833700,0.01614428,-0.00077513,0.06161380,0.21795931,0.78655028,0.32473418,1.32834864,0.22573435,0.00660427,0.19261291,0.08306814,0.17335476,0.19222952,0.78655028,0.81700507,0.53237804,0.73830074,0.32473418,1.23598513,1.45736390,1.32834864,1.54633195,0.22573435,0.53749497,1.23121506,1.33329748,0.13219616,0.24715006
338,0.10961567,0.01056068,0.02172598,0.45624507,0.43892484,0.12253190,-0.51051449,-0.24496576,-1.20174047,0.04628922,-1.33054972,0.01028190,-0.02161801,0.05810462,0.19954879,0.78284764,0.32304317,1.30943101,0.22944121,-0.01827815,0.22367595,0.08259469,0.17558440,0.19404062,0.78284764,0.82524940,0.50472019,0.71320518,0.32304317,1.20877758,1.43382134,1.30943101,1.53053704,0.22944121,0.52951175,1.22829782,1.33688408,0.12703024,0.22522850
339,0.10740047,0.01041525,0.01919965,0.45697724,0.43470785,0.12106352,-0.52683968,-0.25398534,-1.19876644,0.03585667,-1.33252024,0.01280815,-0.02304034,0.05876783,0.19844629,0.76962719,0.32348421,1.30968488,0.22859679,-0.02823132,0.23240488,0.08189939,0.17703325,0.19505968,0.76962719,0.81111219,0.51695813,0.72800487,0.32348421,1.20685909,1.43195393,1.30968488,1.53144381,0.22859679,0.54679889,1.22731420,1.33851055,0.12645897,0.22596620
340,0.10477365,0.00864844,0.01764056,0.45780256,0.42552939,0.10588146,-0.54130209,-0.26587193,-1.21140709,0.02807403,-1.35185966,0.01627047,-0.04434542,0.05925975,0.21253374,0.76644161,0.32990889,1.30756861,0.26301842,-0.04127785,0.21869723,0.08183789,0.17574031,0.19386102,0.76644161,0.81517943,0.50654485,0.75528308,0.32990889,1.20188367,1.46068807,1.30756861,1.56509495,0.26301842,0.55886895,1.24258166,1.35822405,0.13829889,0.23956614
341,0.10556083,0.00845362,0.02063151,0.45099528,0.42647521,0.10335716,-0.53675773,-0.27450957,-1.21297555,0.02417273,-1.34702446,0.01056265,-0.05345585,0.05774809,0.21793476,0.77479072,0.33188126,1.29373614,0.27826261,-0.02604562,0.23030730,0.08477046,0.17748589,0.19669080,0.77479072,0.81504793,0.49513761,0.75622048,0.33188126,1.19611082,1.46930248,1.29373614,1.56549761,0.27826261,0.55445427,1.24604223,1.35365609,0.15713238,0.24998990
342,0.10883504,0.00891230,0.01928176,0.44973215,0.41801721,0.09410543,-0.51866168,-0.28415567,-1.21875442,0.01279207,-1.36908679,0.00018201,-0.06859190,0.04559355,0.21392664,0.79580326,0.33613757,1.30055791,0.28773665,-0.06135509,0.25763560,0.08563921,0.17794817,0.19748323,0.79580326,0.85617553,0.46351024,0.73474868,0.33613757,1.18581009,1.47026219,1.30055791,1.58360095,0.28773665,0.53590512,1.25593583,1.37768755,0.16984948,0.25200875
343,0.11386749,0.01110577,0.01931795,0.44850613,0.41485625,0.07786114,-0.49213934,-0.29566548,-1.21177609,0.00290878,-1.36435329,-0.00233546,-0.11043632,0.03873851,0.21472855,0.81105122,0.33780626,1.25395116,0.32922433,-0.07770425,0.27382488,0.08651828,0.17869220,0.19853543,0.81105122,0.87756446,0.39606191,0.70895205,0.33780626,1.14077316,1.46528154,1.25395116,1.57966317,0.32922433,0.50702308,1.25252157,1.37313798,0.19663524,0.25477882
344,0.11411255,0.01033805,0.01769751,0.45056685,0.40175527,0.06284224,-0.49951608,-0.30753067,-1.21080905,-0.00932284,-1.36627435,-0.00443827,-0.10400199,0.03134623,0.23726553,0.80235024,0.33936552,1.26229142,0.34390285,-0.08505838,0.28625792,0.08541726,0.17939108,0.19868887,0.80235024,0.87265458,0.40832635,0.73936091,0.33936552,1.14866486,1.48745255,1.26229142,1.60415642,0.34390285,0.51046266,1.25407259,1.37510980,0.19111465,0.27594505
345,0.11474481,0.01124739,0.01978573,0.45262516,0.41021001,0.04865972,-0.48527920,-0.31520507,-1.22116994,-0.01708374,-1.38146889,-0.01250574,-0.10418810,0.02336096,0.19270549,0.82264435,0.34129842,1.27734834,0.30050672,-0.08808285,0.28250244,0.08583448,0.17992057,0.19934636,0.82264435,0.90379141,0.39509670,0.68067472,0.34129842,1.15769706,1.45384809,1.27734834,1.57524971,0.30050672,0.49239653,1.26696345,1.39133396,0.18486233,0.22962368
346,0.11919049,0.01213338,0.02021658,0.45519162,0.40863385,0.04486399,-0.48952322,-0.32399857,-1.22677489,-0.02596974,-1.39691130,-0.02709151,-0.06040337,0.01926446,0.20069204,0.82634678,0.34556277,1.33678171,0.26597563,-0.08774111,0.27406864,0.08467630,0.17996742,0.19889280,0.82634678,0.91536409,0.44079248,0.69249504,0.34556277,1.20364434,1.46817602,1.33678171,1.59895242,0.26597563,0.49644486,1.27511611,1.40709101,0.15478284,0.23428508
347,0.11995929,0.01144957,0.01966789,0.45562658,0.40737786,0.04480813,-0.48333789,-0.33063117,-1.22162305,-0.03597106,-1.40453542,-0.02099619,-0.08275521,0.01947994,0.19430008,0.83068830,0.34938670,1.32203896,0.28064963,-0.09203231,0.28840874,0.08470595,0.18012102,0.19904441,0.83068830,0.93075760,0.41460988,0.68123376,0.34938670,1.18039352,1.45856747,1.32203896,1.60031144,0.28064963,0.48923087,1.27167919,1.41485712,0.16853574,0.23248962
348,0.11887084,0.01021817,0.02092396,0.45633182,0.41121469,0.03244031,-0.51483235,-0.34453617,-1.22552611,-0.04470357,-1.41890102,-0.03305642,-0.06281662,0.02274235,0.19580308,0.80590686,0.36154666,1.35659840,0.26539160,-0.07994231,0.28365624,0.08269194,0.17986579,0.19796378,0.80590686,0.91356488,0.46220164,0.71245898,0.36154666,1.20392821,1.46801732,1.35659840,1.61709367,0.26539160,0.51981277,1.27794225,1.42979316,0.15243940,0.22773362
349,0.12047452,0.01068286,0.01964982,0.46087587,0.40923181,0.02493792,-0.54528480,-0.35091911,-1.24462478,-0.05626703,-1.45178678,-0.03850256,-0.06546771,0.01832543,0.19040752,0.79694069,0.36497717,1.38771392,0.26234835,-0.10119816,0.27997546,0.07878466,0.17829583,0.19492671,0.79694069,0.91908717,0.48879885,0.73794148,0.36497717,1.21984261,1.48182326,1.38771392,1.64541138,0.26234835,0.54848471,1.29895831,1.46418668,0.14372915,0.22107887
350,0.12667686,0.01147449,0.01878792,0.46477697,0.40640464,0.02508306,-0.54262335,-0.35042358,-1.25006908,-0.05896939,-1.47392932,-0.03783363,-0.05710537,0.01948152,0.19773450,0.80447461,0.37426385,1.41956029,0.26127748,-0.10411200,0.25517765,0.07515024,0.17664726,0.19196826,0.80447461,0.94646307,0.49333241,0.74239136,0.37426385,1.23332532,1.49445617,1.41956029,1.67601150,0.26127748,0.54482265,1.30355770,1.48707297,0.12347606,0.22093248
351,0.12284643,0.00775675,0.01915902,0.45384549,0.40298707,0.03352111,-0.55732768,-0.34930934,-1.22379504,-0.05949455,-1.44262063,-0.04287278,-0.04727253,0.01908130,0.23218065,0.76972977,0.37358418,1.39577755,0.28665312,-0.08083088,0.31240139,0.08078743,0.17805269,0.19552332,0.76972977,0.89953152,0.52517823,0.79406193,0.37358418,1.21712490,1.50244204,1.39577755,1.67726856,0.28665312,0.56006687,1.27555972,1.45423128,0.15669265,0.26566410
352,0.12362680,0.00653255,0.01858096,0.45394102,0.40788720,0.03684619,-0.56183370,-0.34916378,-1.21528228,-0.06593517,-1.45907385,-0.03638941,-0.04090684,0.02311531,0.24096719,0.75957277,0.38309104,1.41870327,0.28875061,-0.07281524,0.29206581,0.08177616,0.17772596,0.19563706,0.75957277,0.91041963,0.53364071,0.80597393,0.38309104,1.21673618,1.50359423,1.41870327,1.70296736,0.28875061,0.56583074,1.26743496,1.47057090,0.15575139,0.27301171
353,0.12970813,0.00608712,0.01690954,0.44561096,0.39471816,0.04286858,-0.59868855,-0.35471996,-1.22524459,-0.06507777,-1.48737919,-0.05257246,-0.02293284,0.01282677,0.26491320,0.74237521,0.39887444,1.46450085,0.29546805,-0.07311062,0.29379568,0.08063844,0.17518229,0.19285070,0.74237521,0.90104930,0.59282456,0.86891335,0.39887444,1.24243036,1.53638364,1.46450085,1.75405907,0.29546805,0.60409099,1.27872919,1.49854145,0.18166068,0.30942236
354,0.12479207,0.00923920,0.01986539,0.45658124,0.42403663,0.03538267,-0.56365888,-0.34627741,-1.21767813,-0.06407654,-1.49431953,-0.04976021,-0.00538867,0.02430709,0.20910628,0.75816516,0.40526319,1.49071144,0.22765706,-0.07992972,0.33067907,0.08173479,0.17665732,0.19464939,0.75816516,0.94458692,0.56749054,0.77376274,0.40526319,1.24816160,1.47412572,1.49071144,1.70807336,0.22765706,0.56977201,1.27097985,1.50936741,0.14051313,0.23893928
355,0.12355597,0.01030216,0.02020164,0.44871190,0.41537785,0.03910076,-0.57342815,-0.33620979,-1.19874471,-0.05376699,-1.45906153,-0.04825017,0.00345606,0.02215054,0.22934638,0.72930593,0.39458847,1.46273283,0.23763223,-0.04723807,0.30482864,0.08207568,0.17669128,0.19482358,0.72930593,0.89535582,0.58749624,0.80430999,0.39458847,1.23796007,1.47301913,1.46273283,1.69075428,0.23763223,0.58150779,1.24833761,1.47129704,0.16435980,0.26706256
356,0.12441309,0.01307677,0.02131394,0.45565979,0.42908894,0.04173461,-0.57116030,-0.33665195,-1.20565959,-0.05366404,-1.46951515,-0.04834255,0.01564644,0.02458844,0.19571953,0.73885709,0.39580543,1.48632188,0.19499938,-0.05147494,0.32307874,0.08150901,0.17572874,0.19371192,0.73885709,0.90843225,0.59482906,0.76733834,0.39580543,1.25512280,1.44721312,1.48632188,1.66876728,0.19499938,0.57918442,1.25565114,1.48171071,0.13353581,0.22430128
357,0.13044864,0.00997952,0.01928533,0.45078645,0.41527573,0.03756081,-0.59614593,-0.34030223,-1.20774159,-0.05517478,-1.46858622,-0.05209727,-0.01358921,0.02166008,0.22990475,0.71893796,0.39547255,1.45504472,0.25483204,-0.03912996,0.28953865,0.07966903,0.17281927,0.19029886,0.71893796,0.88077518,0.59311826,0.82781848,0.39547255,1.23058555,1.48365328,1.45504472,1.70042466,0.25483204,0.60420890,1.25760706,1.47924704,0.16606567,0.27140764
358,0.12963549,0.01178400,0.01957451,0.45425904,0.42588286,0.04545280,-0.59767596,-0.34725493,-1.21674187,-0.05715647,-1.47307589,-0.04932691,0.01693740,0.02481189,0.21104190,0.73312194,0.39424991,1.49035235,0.20864209,-0.04486193,0.30434178,0.07964102,0.17102083,0.18865529,0.73312194,0.88434621,0.62325509,0.80929324,0.39424991,1.26989975,1.47567591,1.49035235,1.68684490,0.20864209,0.60634480,1.26845680,1.48324631,0.14276524,0.24112793
359,0.13628935,0.01165782,0.01866195,0.45344262,0.42557979,0.05146248,-0.60251705,-0.34973843,-1.22679637,-0.05913519,-1.50266840,-0.04603225,0.03006296,0.02903831,0.22402975,0.74213446,0.40879723,1.53296181,0.20897718,-0.04415866,0.29127808,0.07734235,0.16842493,0.18533429,0.74213446,0.90979219,0.64192999,0.82735199,0.40879723,1.29432653,1.49992605,1.53296181,1.72949366,0.20897718,0.61164185,1.27837599,1.51275308,0.15126943,0.25608367
360,0.13698614,0.01371058,0.02000961,0.45196252,0.42813511,0.04949150,-0.59508793,-0.34426735,-1.21279580,-0.05066748,-1.44906162,-0.04660057,0.01961934,0.02519965,0.20231347,0.73267387,0.38729325,1.46881759,0.19700081,-0.03591148,0.29796015,0.07734789,0.16855860,0.18545807,0.73267387,0.86309935,0.62464015,0.79871559,0.38729325,1.26976677,1.46350713,1.46881759,1.65351446,0.19700081,0.60391425,1.26299870,1.45933570,0.15417887,0.24126714
361,0.13781664,0.01536953,0.02080132,0.46020772,0.42847505,0.04084007,-0.56676742,-0.33516439,-1.19729543,-0.05560488,-1.43581627,-0.04122499,-0.03314291,0.02181181,0.18650596,0.73415828,0.37886826,1.40346571,0.22851677,-0.04536033,0.35195714,0.07920234,0.16999059,0.18753616,0.73415828,0.87856195,0.54142763,0.75456749,0.37886826,1.20161777,1.42985896,1.40346571,1.62481150,0.22851677,0.57420948,1.24564405,1.44670148,0.13414302,0.22418467
362,0.12837690,0.01409311,0.02105619,0.45276036,0.42818941,0.05000599,-0.59561665,-0.32639576,-1.17980010,-0.04331577,-1.41680389,-0.04002480,0.02583372,0.02603063,0.20209793,0.69552004,0.37883648,1.44273285,0.18959782,-0.02496572,0.30273514,0.07800707,0.16943381,0.18652860,0.69552004,0.82841193,0.62923624,0.79827121,0.37883648,1.24107922,1.42687106,1.44273285,1.62085419,0.18959782,0.60636290,1.22633864,1.42632302,0.15021331,0.23635844
363,0.13726941,0.01393375,0.01983875,0.45273998,0.42729889,0.05234217,-0.61370580,-0.33244888,-1.19791021,-0.04214758,-1.43101469,-0.03893803,-0.00085322,0.02316296,0.20115218,0.70062729,0.38149631,1.43016814,0.21246284,-0.01917275,0.28355596,0.07620977,0.16684236,0.18342384,0.70062729,0.82394161,0.62140884,0.81577424,0.38149631,1.23552535,1.44498240,1.43016814,1.63358231,0.21246284,0.62471212,1.24490367,1.43932712,0.15649069,0.24046460
364,0.13620213,0.01582907,0.01811160,0.45431923,0.42350815,0.02964537,-0.63309811,-0.34248500,-1.24270881,-0.05068725,-1.55320604,-0.06178876,-0.06253625,0.02071514,0.22144736,0.71422019,0.43354520,1.49071534,0.29604987,-0.03646771,0.29981879,0.07514663,0.16144220,0.17807471,0.71422019,0.92689425,0.58356405,0.85726700,0.43354520,1.21597048,1.51014240,1.49071534,1.77611917,0.29604987,0.63812832,1.29105953,1.56147296,0.17888348,0.26384446
365,0.13066705,0.01278797,0.01702785,0.45363272,0.42843679,0.03320377,-0.65121068,-0.34287364,-1.23892037,-0.05823096,-1.48785563,-0.06864677,-0.03422676,0.01021476,0.19164836,0.69773730,0.38409731,1.45367070,0.24079143,-0.04002588,0.25682861,0.07243196,0.16110022,0.17663428,0.69773730,0.84426766,0.62851026,0.84393516,0.38409731,1.23715501,1.47395128,1.45367070,1.68118135,0.24079143,0.65638780,1.28765487,1.49575128,0.15822389,0.22178358
366,0.14186284,0.01392590,0.01806877,0.45598245,0.42728844,0.03614022,-0.65425228,-0.35662538,-1.25440682,-0.06476866,-1.53536065,-0.07351534,-0.00933758,0.01666942,0.22360090,0.71725658,0.41152195,1.52605658,0.25088418,-0.04644118,0.25882887,0.07360276,0.15945351,0.17562115,0.71725658,0.89002888,0.65789140,0.87929597,0.41152195,1.27862226,1.52505011,1.52605658,1.76107661,0.25088418,0.65828197,1.30576993,1.54291507,0.15223526,0.24955015
367,0.14187744,0.01378035,0.01938086,0.45208404,0.42441996,0.03814989,-0.63909293,-0.34438823,-1.23485577,-0.07146111,-1.49250584,-0.08378210,-0.06572704,0.00356153,0.21025679,0.70801762,0.38158835,1.42685346,0.29021237,-0.04117672,0.25775015,0.07325138,0.16076957,0.17667094,0.70801762,0.86354135,0.59177699,0.85220203,0.38158835,1.20027196,1.48746534,1.42685346,1.70446295,0.29021237,0.64297243,1.28356672,1.50009067,0.17626135,0.24201231
368,0.13915506,0.01422069,0.02020970,0.45632342,0.42876652,0.03400680,-0.62178282,-0.34946092,-1.22828983,-0.06735762,-1.47422009,-0.07452673,-0.02568862,0.00944596,0.21012040,0.71756431,0.38088099,1.44855177,0.25121646,-0.03801318,0.26653082,0.07365058,0.16240734,0.17832709,0.71756431,0.86131025,0.60964269,0.83354876,0.38088099,1.23550275,1.48324813,1.44855177,1.68626134,0.25121646,0.62532585,1.27828807,1.48124166,0.14745581,0.23435059
369,0.13778963,0.01341763,0.01863265,0.45456089,0.42420931,0.02972969,-0.63692634,-0.35244902,-1.24242491,-0.07461478,-1.47677024,-0.07573174,-0.01344770,0.00248057,0.21986449,0.71605740,0.36950348,1.46332446,0.24705450,-0.04807812,0.26625367,0.07455594,0.16249082,0.17877878,0.71605740,0.84948811,0.63683869,0.85889804,0.36950348,1.26161115,1.50546869,1.46332446,1.69850221,0.24705450,0.63947848,1.29265063,1.48369787,0.14619338,0.24251972
370,0.13882425,0.01231142,0.02055043,0.45612903,0.42343074,0.02021768,-0.63151288,-0.35068276,-1.24151133,-0.07535059,-1.48762796,-0.08230193,-0.04169213,-0.00152783,0.21916510,0.71403232,0.37677465,1.44595998,0.27342485,-0.05486300,0.28432335,0.07477799,0.16300236,0.17933632,0.71403232,0.86591449,0.60443805,0.85379375,0.37677465,1.23146285,1.50288034,1.44595998,1.70848824,0.27342485,0.63334997,1.29134994,1.49535002,0.15705973,0.24673039
371,0.14082789,0.01046067,0.02059270,0.45719392,0.42037738,0.01468608,-0.62015052,-0.35887762,-1.25282107,-0.08491898,-1.49628404,-0.08124977,-0.06143882,-0.00419227,0.21854969,0.73495470,0.37397247,1.43488410,0.29072722,-0.06097863,0.27286494,0.07361876,0.16270522,0.17858530,0.73495470,0.88663603,0.57290185,0.84174326,0.37397247,1.22499874,1.51436349,1.43488410,1.71689669,0.29072722,0.62206718,1.30482292,1.50514494,0.16462167,0.24723062
372,0.14132983,0.00967161,0.02058295,0.45427774,0.41140446,0.00280314,-0.59016643,-0.35604977,-1.23224445,-0.08564316,-1.46666690,-0.08115654,-0.07143483,-0.01006873,0.22800059,0.73579418,0.36650245,1.39525186,0.30794529,-0.05802927,0.27698291,0.07489815,0.16523881,0.18142105,0.73579418,0.88637043,0.53346444,0.82228752,0.36650245,1.19515450,1.50196949,1.39525186,1.69643358,0.30794529,0.59168060,1.28410286,1.47582732,0.17229325,0.25945362
373,0.14920822,0.00882620,0.01855311,0.45409560,0.40409531,0.01118005,-0.56520760,-0.35336077,-1.21689654,-0.08596212,-1.46211170,-0.07689475,-0.04435240,-0.01247155,0.23809474,0.74701663,0.37187130,1.41784310,0.28972076,-0.06457684,0.28105192,0.07556853,0.16728995,0.18356615,0.74701663,0.90797471,0.53589833,0.80832946,0.37187130,1.20667738,1.49583666,1.41784310,1.70186771,0.28972076,0.56705661,1.26885288,1.47200044,0.16122688,0.27214382
374,0.14679309,0.00823244,0.01755440,0.45010957,0.39612641,0.00565628,-0.55934977,-0.35414749,-1.21892530,-0.08688522,-1.46198160,-0.07946261,-0.07644831,-0.01727081,0.24397242,0.75165385,0.36875677,1.38555824,0.32643923,-0.06552443,0.27198914,0.07553327,0.16726002,0.18352435,0.75165385,0.91242978,0.50039233,0.80921394,0.36875677,1.17760350,1.50294488,1.38555824,1.70737428,0.32643923,0.56135114,1.27120650,1.47152983,0.18358992,0.28269408
375,0.15151201,0.00862538,0.01803460,0.45296150,0.38953303,0.00408965,-0.56232867,-0.35737151,-1.22321361,-0.09504392,-1.44932098,-0.07308194,-0.03591892,-0.01458681,0.26221910,0.75367441,0.35357353,1.41357532,0.30382376,-0.06918553,0.26145409,0.07467410,0.16766502,0.18354231,0.75367441,0.89763821,0.54010951,0.83009827,0.35357353,1.22277608,1.52605253,1.41357532,1.71343104,0.30382376,0.56416271,1.27625968,1.45926564,0.16049714,0.29726506
376,0.14770434,0.00847874,0.01834147,0.45007336,0.38617574,0.00348203,-0.56190498,-0.35777712,-1.22369267,-0.10067186,-1.44201171,-0.07675421,-0.07086890,-0.02636486,0.25812278,0.75430017,0.34370872,1.37144331,0.33283050,-0.07145011,0.26944545,0.07554003,0.16812060,0.18431178,0.75430017,0.89064693,0.50835992,0.82701592,0.34370872,1.18941035,1.52056905,1.37144331,1.70182054,0.33283050,0.56381499,1.27676418,1.45177907,0.18322450,0.29934781
377,0.15140795,0.00740624,0.01941573,0.45193855,0.39645292,0.01670626,-0.55256861,-0.35099338,-1.20996549,-0.09593008,-1.42910792,-0.07399145,-0.03801421,-0.01642119,0.24640794,0.75329076,0.34240438,1.39132700,0.29025440,-0.05742789,0.26265473,0.07582925,0.16944643,0.18563989,0.75329076,0.88676139,0.52951923,0.80364522,0.34240438,1.20673062,1.49601204,1.39132700,1.67741525,0.29025440,0.55522644,1.26128318,1.43774074,0.16082415,0.27979761
378,0.14855068,0.00867789,0.02133230,0.45317356,0.40504990,0.02066510,-0.55960310,-0.35207346,-1.21600600,-0.09403339,-1.43226528,-0.06246127,0.02478246,0.00034056,0.26253322,0.75485170,0.34393599,1.45739600,0.24625490,-0.05006539,0.26451749,0.07643997,0.16920771,0.18567261,0.75485170,0.88284979,0.59476879,0.82456727,0.34393599,1.27631815,1.52119936,1.45739600,1.69744712,0.24625490,0.56262247,1.26705375,1.44062502,0.14407896,0.28634981
379,0.14582165,0.00628304,0.01897952,0.45295060,0.40825983,0.02677702,-0.56061600,-0.34975285,-1.21318757,-0.09126500,-1.42723136,-0.06226245,0.00286312,-0.00152620,0.24300639,0.75340969,0.34294903,1.43044756,0.24818320,-0.04440196,0.26047775,0.07534784,0.16935478,0.18536003,0.75340969,0.87735591,0.57637038,0.80689499,0.34294903,1.25236444,1.49880345,1.43044756,1.67264850,0.24818320,0.56327689,1.26344751,1.43491972,0.14411325,0.26865016
380,0.14252526,0.00727489,0.01958077,0.45213073,0.40722899,0.02418757,-0.58461880,-0.35116861,-1.21707583,-0.08436772,-1.43316140,-0.06456887,0.01896805,0.00270579,0.25939455,0.73546238,0.35025747,1.45232897,0.25017374,-0.03898492,0.24844466,0.07560087,0.16830258,0.18450271,0.73546238,0.85800306,0.61526516,0.84668807,0.35025747,1.27154800,1.51976365,1.45232897,1.69479579,0.25017374,0.58711043,1.26752559,1.44018939,0.14465167,0.28257001
381,0.13671251,0.00734166,0.01928607,0.45372385,0.40470546,0.01971621,-0.59549902,-0.35015850,-1.22845828,-0.08183399,-1.44104812,-0.06724003,-0.02836228,0.00119016,0.24940899,0.73312472,0.35007045,1.41282104,0.28629964,-0.05110144,0.27223099,0.07592414,0.16756238,0.18396094,0.73312472,0.85522641,0.58099876,0.84889766,0.35007045,1.23600253,1.52090261,1.41282104,1.69249552,0.28629964,0.59747189,1.27834835,1.44857799,0.15410240,0.27872187
382,0.13699539,0.00692694,0.01787981,0.45065540,0.40620212,0.02751714,-0.60348848,-0.34730289,-1.23670343,-0.07555324,-1.45234196,-0.06938595,0.01143813,-0.00590020,0.24904968,0.73584741,0.35532114,1.46384579,0.24653394,-0.04549656,0.27702558,0.07640006,0.16692766,0.18358053,0.73584741,0.85894792,0.62953641,0.85663820,0.35532114,1.28182065,1.52618469,1.46384579,1.70282297,0.24653394,0.60535500,1.28527110,1.45925287,0.14998716,0.27458001
383,0.13332494,0.00694555,0.01756152,0.45108186,0.39950763,0.02618439,-0.58791619,-0.34208407,-1.22802264,-0.06012468,-1.42580790,-0.07171740,-0.00672967,-0.00576610,0.25813016,0.73853835,0.35249609,1.41913818,0.27321959,-0.04707804,0.28168254,0.07718073,0.16800044,0.18488107,0.73853835,0.84650859,0.59621179,0.85022026,0.35249609,1.25348370,1.52528663,1.41913818,1.68482664,0.27321959,0.58987949,1.27573297,1.43248565,0.14894285,0.28395336
384,0.13496049,0.00598640,0.01578613,0.44964261,0.40086908,0.04114596,-0.58074905,-0.33613729,-1.24296047,-0.06176625,-1.44445218,-0.06451602,-0.03926973,-0.00444880,0.25087607,0.76218304,0.34774546,1.40527542,0.29699190,-0.04668581,0.25649868,0.07734651,0.16630039,0.18340748,0.76218304,0.87335324,0.55972544,0.83617303,0.34774546,1.23701870,1.53167003,1.40527542,1.69630250,0.29699190,0.58381177,1.28861131,1.45089767,0.15711991,0.27706034
385,0.13932740,0.00547866,0.01626422,0.45060748,0.39222750,0.03301141,-0.56641112,-0.33394824,-1.25053380,-0.05791301,-1.44838968,-0.06032920,-0.08684089,-0.00877797,0.25567129,0.77662256,0.34871585,1.36177355,0.34654155,-0.04709751,0.25326328,0.07605501,0.16631785,0.18288245,0.77662256,0.89233672,0.50435056,0.83103789,0.34871585,1.19992145,1.54369964,1.36177355,1.70482439,0.34654155,0.56775094,1.29504212,1.45461240,0.18019591,0.28925943
386,0.13363287,0.00604194,0.01665097,0.44780171,0.40181042,0.02934407,-0.55764069,-0.31713989,-1.27131433,-0.04635268,-1.46750390,-0.06975554,-0.09086873,-0.00725783,0.25234189,0.79387817,0.34394574,1.37696272,0.34919753,-0.05435595,0.29178447,0.07875640,0.16695922,0.18460214,0.79387817,0.91959285,0.49422315,0.81867470,0.34394574,1.21017290,1.55710889,1.37696272,1.72029333,0.34919753,0.55883686,1.31127118,1.47412571,0.18911102,0.28627280
387,0.13184399,0.00574577,0.01636601,0.45025328,0.39974911,0.03410536,-0.53247268,-0.31156455,-1.27337303,-0.03630317,-1.45219573,-0.05716901,-0.08848634,-0.00730815,0.25858726,0.81808844,0.33631022,1.36399409,0.35101295,-0.05620197,0.29953435,0.08015350,0.16804610,0.18618291,0.81808844,0.92807116,0.46908876,0.79901182,0.33631022,1.21535067,1.56370186,1.36399409,1.71103013,0.35101295,0.53435155,1.31222299,1.45857291,0.18312673,0.29112762
388,0.13460964,0.00534388,0.01518320,0.44620649,0.38991729,0.02601902,-0.50124450,-0.29935479,-1.27603627,-0.03124873,-1.45216912,-0.05961363,-0.12748222,-0.01584791,0.26262037,0.84116043,0.32892283,1.32527786,0.39278354,-0.06264806,0.32501692,0.08202787,0.16819224,0.18712884,0.84116043,0.95896156,0.40733992,0.77498187,0.32892283,1.17758775,1.56696122,1.32527786,1.71491620,0.39278354,0.50238570,1.31199803,1.45844618,0.21241002,0.30067726
389,0.12984935,0.00560188,0.01388119,0.43716812,0.37490238,0.01471987,-0.48825819,-0.28346587,-1.28313297,-0.02015312,-1.43602700,-0.04309029,-0.20524032,-0.02020719,0.26266426,0.84992030,0.31159457,1.23193730,0.46867816,-0.06938844,0.32391529,0.08310939,0.16864943,0.18801543,0.84992030,0.95436950,0.32759502,0.76472369,0.31159457,1.11026149,1.57124303,1.23193730,1.69902875,0.46867816,0.48922207,1.31578998,1.44235256,0.27732185,0.31206552
390,0.12735982,0.00547885,0.01457557,0.44019274,0.37841431,0.00934309,-0.47182709,-0.27054486,-1.28359540,-0.00400327,-1.43361687,-0.03510115,-0.20566304,-0.01696788,0.25243568,0.85975817,0.31422732,1.22894849,0.45871005,-0.06850997,0.34775147,0.08488642,0.16940374,0.18948174,0.85975817,0.96877718,0.31060286,0.73787142,0.31422732,1.10886082,1.55973156,1.22894849,1.68626211,0.45871005,0.47265470,1.31364745,1.44061090,0.27565383,0.30201831
391,0.13270498,0.00522020,0.01317368,0.43469464,0.37519971,0.02915693,-0.47103277,-0.25996343,-1.28060829,0.00602693,-1.41607139,-0.02742807,-0.22986240,-0.01634504,0.24514245,0.86077040,0.30555421,1.18768301,0.47540540,-0.06862681,0.33886941,0.08432843,0.17078940,0.19047389,0.86077040,0.95160024,0.29377364,0.73150639,0.30555421,1.08219761,1.54818337,1.18768301,1.66168679,0.47540540,0.47273919,1.30867858,1.42266772,0.29664164,0.29844587
392,0.13094624,0.00484324,0.01348900,0.43296072,0.37100466,0.04145664,-0.47057826,-0.25183596,-1.27372067,0.01741707,-1.40278357,-0.02788048,-0.20688754,-0.01833733,0.24604081,0.85590275,0.30614269,1.19768901,0.45332530,-0.06251854,0.33940378,0.08564376,0.17239041,0.19249236,0.85590275,0.93857346,0.31303865,0.73211881,0.30614269,1.09612754,1.54074805,1.19768901,1.64950211,0.45332530,0.47347952,1.30030793,1.40970302,0.27942432,0.29924966
393,0.13138000,0.00450848,0.01401198,0.44001069,0.38315474,0.05700284,-0.48481975,-0.24282271,-1.28921069,0.02904724,-1.41177372,-0.02603126,-0.16240440,-0.00848975,0.24700200,0.85916588,0.30549965,1.25105284,0.41010579,-0.05730251,0.33100877,0.08692396,0.17157796,0.19234025,0.85916588,0.93289250,0.35949023,0.74436966,0.30549965,1.15187175,1.55626693,1.25105284,1.65929800,0.41010579,0.48958433,1.31387216,1.41886164,0.23865458,0.29260190
394,0.13556714,0.00458466,0.01403715,0.43945034,0.38418291,0.07130272,-0.46668026,-0.23786254,-1.27689699,0.03942069,-1.38750450,-0.01174486,-0.16098858,-0.00221610,0.24826688,0.86756438,0.30377113,1.22839848,0.40995683,-0.05110109,0.31570601,0.08779089,0.17327622,0.19424697,0.86756438,0.92496105,0.34095544,0.72622074,0.30377113,1.14305348,1.54527917,1.22839848,1.63645958,0.40995683,0.47430001,1.30079340,1.39386497,0.23572850,0.28996678
395,0.13166630,0.00701310,0.01681515,0.43884296,0.38288533,0.11351154,-0.43358473,-0.21761859,-1.24719500,0.05759640,-1.33354452,-0.01240766,-0.07091881,-0.00531895,0.26918452,0.87842429,0.29133734,1.26523133,0.34102392,-0.02963106,0.27923423,0.08922617,0.17778694,0.19892085,0.87842429,0.90284133,0.39353721,0.71548209,0.29133734,1.19685637,1.53226725,1.26523133,1.60405402,0.34102392,0.45507176,1.26877704,1.34056110,0.18033748,0.30407516
396,0.13353045,0.00584661,0.01397688,0.42972883,0.35797841,0.11568247,-0.39433669,-0.20635856,-1.24947893,0.06516985,-1.31544066,0.00074463,-0.16827522,-0.01681436,0.28014895,0.91388439,0.28207859,1.15073369,0.44939914,-0.03840547,0.29363708,0.09108819,0.17864772,0.20052946,0.91388439,0.92400635,0.27911565,0.69360811,0.28207859,1.10559652,1.54332024,1.15073369,1.59819057,0.44939914,0.41563563,1.26871674,1.32207838,0.24552071,0.32059625
397,0.12926705,0.00651063,0.01383228,0.44112602,0.38760004,0.11539248,-0.39075747,-0.18584174,-1.26075328,0.09884401,-1.30157859,0.00113929,-0.10681792,0.00275079,0.26309983,0.92090937,0.29009562,1.19950915,0.37055455,-0.04492305,0.33529552,0.09543920,0.17820377,0.20215149,0.92090937,0.91287638,0.32249963,0.66829262,0.29009562,1.17176703,1.53661297,1.19950915,1.56776758,0.37055455,0.41217170,1.27709226,1.31094311,0.19565433,0.29911203
398,0.11551227,0.00937158,0.01749106,0.44667391,0.39687690,0.10533739,-0.39732123,-0.15535105,-1.24639152,0.13447609,-1.27564335,0.02613146,-0.10116519,0.01378610,0.24848904,0.88841428,0.29399748,1.17976509,0.35025219,-0.04395533,0.33537398,0.09823409,0.17913693,0.20430364,0.88841428,0.88083525,0.31850115,0.65601950,0.29399748,1.16141355,1.50525045,1.17976509,1.52893809,0.35025219,0.41747705,1.25947505,1.28956303,0.19056195,0.28705453
399,0.11264260,0.00971732,0.02185417,0.45186726,0.41997451,0.14094969,-0.40611718,-0.11739561,-1.24673262,0.16515270,-1.23385489,0.04226405,-0.08462626,0.02831473,0.24088275,0.87942598,0.28483703,1.15613457,0.32629631,-0.01604707,0.31537299,0.10096889,0.18041213,0.20674442,0.87942598,0.82893215,0.34270064,0.65848962,0.28483703,1.17467472,1.49539452,1.15613457,1.48111165,0.32629631,0.43695570,1.25492789,1.25021762,0.17250062,0.27350312
400,0.10309133,0.00766124,0.01963987,0.44716641,0.41232185,0.12583782,-0.42262044,-0.10544728,-1.26733645,0.18472184,-1.26375351,0.02402792,-0.04361009,0.02386635,0.24743792,0.87581484,0.29330212,1.23089992,0.29180378,-0.01648305,0.28682299,0.09993186,0.17781884,0.20397528,0.87581484,0.84446226,0.39856868,0.67951356,0.29330212,1.23231949,1.52094691,1.23089992,1.51973001,0.29180378,0.44762294,1.27427135,1.28311741,0.15477990,0.27849899
401,0.10674918,0.00767729,0.02196654,0.44242152,0.41655041,0.14651685,-0.40924624,-0.11177385,-1.27889267,0.19451215,-1.26082649,0.00443134,0.02415937,0.02246981,0.25850318,0.90721515,0.30831794,1.29899355,0.23634391,-0.01550176,0.22324267,0.10222236,0.17852845,0.20572268,0.90721515,0.85326987,0.45722809,0.67921248,0.30831794,1.30878754,1.54330569,1.29899355,1.52913122,0.23634391,0.44672709,1.28740315,1.28205328,0.13732067,0.28194286
402,0.12057941,0.00852564,0.02140329,0.43276772,0.42125154,0.16839156,-0.39235077,-0.10343658,-1.28857355,0.20444427,-1.27867846,0.00017438,0.07267219,0.02555800,0.27070269,0.93653967,0.30975466,1.36673372,0.20150627,-0.00490270,0.24948007,0.10279811,0.17808630,0.20562632,0.93653967,0.88762630,0.49620790,0.67840163,0.30975466,1.36582419,1.56467053,1.36673372,1.55977754,0.20150627,0.43774732,1.29625713,1.30125631,0.15557238,0.29341632
403,0.11245153,0.00777683,0.02227427,0.43426914,0.42404817,0.16853276,-0.38174462,-0.10347406,-1.28624423,0.20676322,-1.24468874,0.01688145,0.06856926,0.04128928,0.27582893,0.94452770,0.31428377,1.32694453,0.21018977,-0.01550554,0.23039370,0.10389582,0.18263939,0.21012255,0.94452770,0.86410359,0.47625413,0.66980976,0.31428377,1.36065858,1.56881406,1.32694453,1.52957993,0.21018977,0.43017478,1.29422677,1.26819568,0.15385918,0.30041913
404,0.10752694,0.00917312,0.02584606,0.43587531,0.42587066,0.17082718,-0.38098837,-0.09089832,-1.28945410,0.21732503,-1.23489457,0.03965560,0.03918978,0.03751290,0.25476011,0.94542445,0.31408025,1.28651045,0.21728924,-0.02365257,0.26223656,0.10321679,0.18228841,0.20948215,0.94542445,0.85544658,0.44177736,0.64965878,0.31408025,1.33569420,1.54961216,1.28651045,1.50051048,0.21728924,0.42998807,1.29640882,1.26003213,0.15098271,0.28125750
405,0.10791353,0.01295416,0.02664826,0.42856264,0.43846040,0.21176462,-0.37838101,-0.08489060,-1.30101799,0.22666075,-1.21945757,0.03676706,0.08806016,0.05601825,0.27514352,0.96946172,0.32217652,1.32129218,0.19179705,-0.02305467,0.19836038,0.10246805,0.18301368,0.20974678,0.96946172,0.84134806,0.49819754,0.67305651,0.32217652,1.39455812,1.58253177,1.32129218,1.50452433,0.19179705,0.45202288,1.30787501,1.24542388,0.15698991,0.29396830
406,0.10086953,0.01427490,0.02962434,0.43007030,0.43618674,0.20062338,-0.35842593,-0.07065651,-1.28564771,0.23380902,-1.20033713,0.05213144,0.04690216,0.05753233,0.23807592,0.96628744,0.31644179,1.26057564,0.19429146,-0.01488583,0.17593555,0.10206610,0.18539495,0.21163359,0.96628744,0.84259302,0.43190105,0.61375622,0.31644179,1.33861473,1.52910648,1.26057564,1.44923518,0.19429146,0.42672701,1.29117704,1.22772569,0.14746407,0.26288131
407,0.10507587,0.01245836,0.02921386,0.41759005,0.43642502,0.21631501,-0.34175560,-0.05841226,-1.27769691,0.24430735,-1.17976560,0.04131779,0.07400363,0.06162049,0.22481413,0.97569649,0.31818465,1.27035851,0.15573961,-0.01310940,0.06663799,0.10427413,0.18929441,0.21611448,0.97569649,0.83888935,0.45108752,0.58826784,0.31818465,1.35556021,1.50733613,1.27035851,1.41642926,0.15573961,0.42402180,1.28328868,1.20902300,0.15257870,0.25124217
408,0.11886888,0.00933231,0.03049870,0.40375201,0.40721878,0.19972334,-0.32237257,-0.07468237,-1.25036845,0.21881753,-1.17602945,0.04298289,0.09968147,0.05703300,0.24887107,0.96780275,0.30283874,1.28820038,0.15164592,-0.00558956,0.06953544,0.10161852,0.19316846,0.21826676,0.96780275,0.85409255,0.45042890,0.58887225,0.30283874,1.35543052,1.50501819,1.28820038,1.43409026,0.15164592,0.39758160,1.25711362,1.20037980,0.17179570,0.27796352
409,0.11262708,0.01455389,0.02728885,0.41354842,0.42431033,0.19660402,-0.33454085,-0.10985891,-1.24613751,0.17941792,-1.20414545,0.04213414,0.11231016,0.04841800,0.29279506,0.96197784,0.29230955,1.32365433,0.18280989,0.00070288,0.11443959,0.10249653,0.19482905,0.22014517,0.96197784,0.87006365,0.47289915,0.64573207,0.29230955,1.36697622,1.54713799,1.32365433,1.50274448,0.18280989,0.40899583,1.25558096,1.22211621,0.16925926,0.31042125
410,0.11439603,0.01492198,0.02633918,0.42269779,0.43703078,0.17068066,-0.35205727,-0.16845872,-1.21912843,0.11286159,-1.20436932,0.02991669,0.08295129,0.04447452,0.26079818,0.93128243,0.28175367,1.29001400,0.18207216,-0.00986674,0.13281250,0.10100222,0.19751083,0.22183773,0.93128243,0.85468321,0.45759776,0.62811515,0.28175367,1.31710743,1.49554028,1.29001400,1.46703581,0.18207216,0.41331559,1.23578134,1.21434265,0.14457377,0.27593221
411,0.11280987,0.01509924,0.02676103,0.42151197,0.42084538,0.14168376,-0.36029826,-0.21783628,-1.18280836,0.05545613,-1.19658251,0.01855318,0.09312982,0.04082132,0.29257602,0.89779586,0.27368546,1.29024052,0.20268608,-0.03354877,0.19137409,0.09939246,0.20253624,0.22560981,0.89779586,0.84098381,0.47036719,0.66254519,0.27368546,1.29766468,1.49828009,1.29024052,1.48951925,0.20268608,0.41263136,1.20934747,1.20402264,0.15355492,0.30948315
412,0.12470171,0.01082998,0.02124152,0.43271917,0.40796895,0.08649016,-0.34232712,-0.27392051,-1.17599000,-0.00474183,-1.22678800,0.00432404,0.10110595,0.04065207,0.30115791,0.90823630,0.27393906,1.32794433,0.20367407,-0.07403763,0.25463293,0.09523076,0.20409587,0.22521994,0.90823630,0.88915379,0.45103288,0.64538833,0.27393906,1.30706487,1.51036653,1.32794433,1.52873971,0.20367407,0.37625349,1.21424854,1.23370353,0.15941454,0.32360661
413,0.13373544,0.01171800,0.02047929,0.43212594,0.38994436,0.06850608,-0.29444597,-0.29505043,-1.17025368,-0.02172174,-1.24710203,-0.00555892,0.10883718,0.03422251,0.31895802,0.94827946,0.28407072,1.35610793,0.21410970,-0.09575854,0.26218223,0.09127013,0.20345010,0.22298471,0.94827946,0.95692954,0.41014018,0.61468888,0.28407072,1.31145086,1.52525745,1.35610793,1.56725023,0.21410970,0.33465546,1.21484268,1.25603591,0.17267612,0.34373055
414,0.14235727,0.00789894,0.01717872,0.43640682,0.38340980,0.06512087,-0.28499211,-0.32445325,-1.17027548,-0.05024467,-1.26101376,-0.00333619,0.09820014,0.03580362,0.31855982,0.96723193,0.28936774,1.36005742,0.22380894,-0.11006324,0.28018029,0.08868211,0.20200799,0.22061674,0.96723193,0.98311298,0.38952897,0.60442899,0.28936774,1.30851428,1.53182020,1.36005742,1.58194733,0.22380894,0.31872461,1.22173907,1.27103245,0.17225075,0.35025374
415,0.15011468,0.00742895,0.01461715,0.42922841,0.35931869,0.07432002,-0.27859667,-0.32483125,-1.15418276,-0.06976526,-1.23825050,-0.00953894,0.08544217,0.02624453,0.33806394,0.96230515,0.26911199,1.32508556,0.25514387,-0.09569292,0.24812793,0.08905234,0.20598756,0.22441300,0.96230515,0.97072779,0.37500267,0.61937422,0.26911199,1.27933881,1.53318686,1.32508556,1.57925325,0.25514387,0.31203762,1.20572115,1.24855863,0.17462727,0.37141724
416,0.13913722,0.01223428,0.01781163,0.43043469,0.37463924,0.07728896,-0.25943675,-0.32203491,-1.12476975,-0.05878421,-1.21036088,0.00384946,0.10272015,0.03843989,0.31650710,0.95302799,0.27683726,1.31457699,0.21679825,-0.08487616,0.23617717,0.08761503,0.20984402,0.22740032,0.95302799,0.96062223,0.36953308,0.57737597,0.27683726,1.27001281,1.48571027,1.31457699,1.52997718,0.21679825,0.30072991,1.17713315,1.21834633,0.16499123,0.34033457
417,0.14051462,0.01083038,0.02077589,0.41482022,0.34161346,0.07933579,-0.22949992,-0.31377017,-1.11022652,-0.04858881,-1.17575385,0.01143770,0.14071213,0.03991309,0.32395681,0.96458482,0.27345929,1.31788027,0.18592877,-0.08280573,0.19140144,0.08275129,0.21061136,0.22628504,0.96458482,0.95525531,0.37674156,0.55565657,0.27345929,1.29252110,1.47722865,1.31788027,1.50232159,0.18592877,0.28146433,1.16076594,1.18235514,0.18921797,0.34527208
418,0.14270975,0.01158165,0.01930034,0.40422884,0.35075288,0.09951692,-0.22037941,-0.30588304,-1.10358715,-0.03676485,-1.16712951,0.01865616,0.18059495,0.05287511,0.31395368,0.97228159,0.27753514,1.34886823,0.13881057,-0.07093383,0.14244318,0.08359517,0.21282404,0.22865306,0.97228159,0.95804151,0.41216415,0.54069463,0.27753514,1.32470974,1.46272422,1.34886823,1.48386047,0.13881057,0.29414343,1.15336453,1.17319254,0.21592484,0.33346911
419,0.14477545,0.01090204,0.01849782,0.38902129,0.33291372,0.10423468,-0.19491418,-0.30087268,-1.08820756,-0.02443341,-1.14413162,0.01294136,0.18955804,0.04401402,0.31304919,0.98154907,0.28300754,1.33424595,0.12852226,-0.06778521,0.13556928,0.08435154,0.21666079,0.23250178,0.98154907,0.95978693,0.39841933,0.51605083,0.28300754,1.31581212,1.44341805,1.33424595,1.45880970,0.12852226,0.27964133,1.13701900,1.14977438,0.22496666,0.33250602
420,0.14045981,0.01105558,0.01881810,0.38831708,0.33298524,0.11327195,-0.18176486,-0.30444456,-1.09030666,-0.01718574,-1.14394400,0.01568105,0.18318516,0.04999797,0.31462615,1.00062730,0.29389395,1.32753608,0.13710281,-0.08214150,0.11925670,0.08431435,0.21628425,0.23213743,1.00062730,0.97333451,0.38378830,0.50777717,0.29389395,1.31348581,1.44981126,1.32753608,1.46023482,0.13710281,0.28807935,1.14275859,1.15088689,0.22231474,0.33589466
421,0.15371851,0.01299480,0.02006871,0.37417440,0.33465583,0.11231036,-0.13448536,-0.31760594,-1.10241737,-0.02561005,-1.15303974,0.01814869,0.20098061,0.05672641,0.33501449,1.05983930,0.29707780,1.35472773,0.14231348,-0.09252730,0.13107100,0.08806809,0.21268277,0.23019546,1.05983930,1.02959886,0.35336772,0.48074297,0.29707780,1.34609174,1.48614633,1.35472773,1.49057776,0.14231348,0.26261763,1.15786717,1.16127204,0.24377360,0.35667924
422,0.16039491,0.01203610,0.01681986,0.39919585,0.37862522,0.12092288,-0.12911198,-0.32036239,-1.10004945,-0.02605922,-1.15452018,0.01897758,0.16070190,0.05114891,0.26117407,1.06681049,0.30019482,1.31606592,0.10785891,-0.09970525,0.16179902,0.08947646,0.21310972,0.23113154,1.06681049,1.03701370,0.31344401,0.40539832,0.30019482,1.30614493,1.41226207,1.31606592,1.41826284,0.10785891,0.25920181,1.15747061,1.16341062,0.20589495,0.28604888
423,0.14733795,0.00906646,0.02172377,0.39977316,0.38254194,0.13242082,-0.15132657,-0.31136187,-1.11252490,-0.00358200,-1.18314550,0.03689862,0.18540485,0.08142213,0.29027113,1.05910837,0.31711354,1.36929830,0.11509446,-0.11119837,0.16843421,0.08598411,0.21064939,0.22752238,1.05910837,1.04238572,0.35875969,0.45458490,0.31711354,1.34474439,1.45822714,1.36929830,1.47631987,0.11509446,0.27929143,1.16691434,1.19086626,0.22133057,0.31723809
424,0.15076350,0.01006327,0.02110432,0.41591929,0.40752392,0.13762387,-0.17776968,-0.29978962,-1.14291413,0.00817354,-1.20208263,0.03209933,0.16445276,0.07091159,0.26379998,1.06013596,0.31499744,1.36691622,0.10813073,-0.10563729,0.14005198,0.09040397,0.21194889,0.23042398,1.06013596,1.03432914,0.36779476,0.45798548,0.31499744,1.34981229,1.45637895,1.36691622,1.46775406,0.10813073,0.30398499,1.19405204,1.21052234,0.20657019,0.29195170
425,0.14411329,0.01065083,0.02383467,0.41680532,0.40979015,0.15489374,-0.20779612,-0.28356503,-1.16173511,0.03143273,-1.20956231,0.04924779,0.17141234,0.09774797,0.27564658,1.05006717,0.32010071,1.38145942,0.11676091,-0.10743923,0.14954729,0.09222814,0.21309380,0.23219603,1.05006717,1.01062103,0.40224848,0.49761142,0.32010071,1.37549835,1.48942765,1.38145942,1.48761050,0.11676091,0.32490025,1.20873078,1.21864804,0.21124083,0.30683665
426,0.13410835,0.01131033,0.02623205,0.41444541,0.41386360,0.17312560,-0.22911865,-0.25747465,-1.15712928,0.05409349,-1.20392835,0.05669039,0.17052897,0.10777262,0.26664718,1.02323796,0.31669886,1.37494679,0.11094361,-0.09598622,0.14200871,0.09278140,0.21724289,0.23622629,1.02323796,0.98342781,0.42559402,0.51202863,0.31669886,1.36605306,1.47264387,1.37494679,1.47269940,0.11094361,0.34602598,1.19800826,1.21336439,0.20783828,0.29932931
427,0.12635169,0.01171289,0.02699970,0.40895074,0.39559655,0.17745164,-0.22313592,-0.24824224,-1.15279682,0.06766647,-1.18748222,0.05978339,0.15670514,0.10253632,0.26319116,1.02282432,0.32194927,1.34449008,0.11708369,-0.08892573,0.03573417,0.09252917,0.21748699,0.23635194,1.02282432,0.97367646,0.41129575,0.50852422,0.32194927,1.34755326,1.46236301,1.34449008,1.45197746,0.11708369,0.35714915,1.19426404,1.19732672,0.20060466,0.29549034
428,0.12083730,0.01224388,0.02650016,0.40210808,0.39762211,0.18400303,-0.24469059,-0.23666068,-1.14268805,0.07744329,-1.18366738,0.06290733,0.16942013,0.09920044,0.27339295,0.99194729,0.32086493,1.35354003,0.11316664,-0.08532392,0.01642525,0.09344773,0.21916338,0.23825420,0.99194729,0.94802792,0.44464296,0.54170059,0.32086493,1.34842547,1.45944291,1.35354003,1.45837244,0.11316664,0.37807760,1.18349996,1.19517099,0.21385620,0.30393740
429,0.12472343,0.01138588,0.03026552,0.38901473,0.38584440,0.19271684,-0.25184710,-0.22996190,-1.14819917,0.08547765,-1.18556934,0.07027815,0.19174901,0.10667264,0.28809713,0.99187987,0.32317666,1.37765880,0.10700659,-0.08165206,-0.05985614,0.09332946,0.21876413,0.23784057,0.99187987,0.94527426,0.47754963,0.56875390,0.32317666,1.37587154,1.47970633,1.37765880,1.47486804,0.10700659,0.40660609,1.19021449,1.19851188,0.24042244,0.32241490
430,0.12054989,0.01244837,0.03338771,0.38693584,0.38957080,0.19714373,-0.24665757,-0.22709137,-1.14505228,0.09317829,-1.17321582,0.07860994,0.17877073,0.11617374,0.27561175,0.99404313,0.32560299,1.35253169,0.10891282,-0.08246971,-0.01816366,0.09445832,0.21939621,0.23886622,0.99404313,0.93611652,0.45742679,0.54990898,0.32560299,1.36144513,1.46644552,1.35253169,1.45061786,0.10891282,0.39832869,1.18621169,1.18762616,0.23114688,0.31260384
431,0.12085143,0.01240804,0.03429248,0.37930590,0.38067506,0.19694103,-0.22994381,-0.21419759,-1.13638647,0.10771349,-1.15952510,0.07903903,0.18025409,0.11378732,0.27304396,0.99587890,0.32754698,1.34048745,0.10417054,-0.08199266,-0.04053847,0.09439165,0.22081048,0.24013965,0.99587890,0.93809376,0.44387088,0.53258152,0.32754698,1.35181310,1.45212808,1.34048745,1.43405405,0.10417054,0.39074051,1.17600082,1.17517752,0.23322708,0.31007010
432,0.11716476,0.01427101,0.03682379,0.39067922,0.39289796,0.20475532,-0.22211850,-0.20169150,-1.14543872,0.12037210,-1.14997615,0.07546570,0.15883197,0.11141764,0.26814251,1.00958315,0.32675156,1.30987004,0.11976261,-0.06936860,-0.02690532,0.09544859,0.22227772,0.24190456,1.00958315,0.93643612,0.42033726,0.52259168,0.32675156,1.33594998,1.45246658,1.30987004,1.41945127,0.11976261,0.38656278,1.18046390,1.16556462,0.21252325,0.30288067
433,0.11965459,0.01382693,0.03445888,0.38944010,0.38739166,0.20886584,-0.21072654,-0.20250875,-1.16731468,0.12667815,-1.16675804,0.07476079,0.14630035,0.11451173,0.25696957,1.04277472,0.33296875,1.31418197,0.12444294,-0.07052083,-0.04522500,0.09615330,0.21908349,0.23925516,1.04277472,0.96535303,0.40030914,0.50398601,0.33296875,1.34418229,1.46304089,1.31418197,1.42490961,0.12444294,0.38859326,1.20075025,1.18257839,0.20908000,0.29494832
434,0.12521227,0.01335475,0.02959870,0.39218668,0.39505675,0.18629519,-0.22127057,-0.21415678,-1.15977912,0.10744582,-1.17090973,0.06829611,0.17028058,0.10502576,0.29494933,1.02088663,0.32296582,1.34216805,0.13354400,-0.07179783,0.09934621,0.09770772,0.22055709,0.24123065,1.02088663,0.95478585,0.41936388,0.53699597,0.32296582,1.36106538,1.49212287,1.34216805,1.46724583,0.13354400,0.35744654,1.19268414,1.18537532,0.21765479,0.32479390
435,0.12644536,0.01074986,0.02307440,0.41179272,0.41928445,0.15940104,-0.22579627,-0.22518304,-1.18447797,0.08884586,-1.18943422,0.03849570,0.15445775,0.06581816,0.30557008,1.03372685,0.31423128,1.34496519,0.15664007,-0.07376765,0.17338783,0.10499305,0.21787763,0.24185575,1.03372685,0.96752707,0.40494297,0.54872307,0.31423128,1.36495706,1.51937319,1.34496519,1.49600482,0.15664007,0.34059855,1.21611069,1.20198261,0.20551322,0.32790819
436,0.14579336,0.00967024,0.01718217,0.41055023,0.38206392,0.13195440,-0.23019874,-0.25089418,-1.20037928,0.05299449,-1.20998928,0.00345418,0.12895226,0.02511028,0.32063789,1.04321696,0.30417605,1.33985821,0.19393597,-0.07851530,0.22931488,0.10308612,0.21553188,0.23891576,1.04321696,0.98305027,0.38170202,0.56212757,0.30417605,1.35346892,1.54590327,1.33985821,1.53102694,0.19393597,0.30760133,1.23359030,1.21954074,0.19159336,0.34387138
437,0.15282818,0.00828588,0.01698974,0.40386430,0.33337875,0.10902802,-0.22392150,-0.25485406,-1.18456700,0.03599273,-1.18138428,-0.01835667,0.11733313,-0.00182512,0.34352246,1.02725634,0.29115133,1.29988884,0.22711347,-0.07387432,0.25830511,0.10342660,0.22048039,0.24353370,1.02725634,0.96036628,0.36509826,0.57831069,0.29115133,1.32339632,1.54893134,1.29988884,1.52537779,0.22711347,0.27474455,1.21744140,1.18920398,0.18420114,0.36685739
438,0.16856645,0.00629882,0.01510464,0.40365691,0.30174696,0.09964995,-0.21954665,-0.25606556,-1.17700189,0.01961563,-1.16784532,-0.04099422,0.10597084,-0.01259049,0.36418038,1.02140120,0.27752379,1.27551175,0.25985042,-0.06366191,0.27771564,0.10357548,0.22220169,0.24515601,1.02140120,0.95224571,0.35940834,0.59669040,0.27752379,1.30208205,1.56108020,1.27551175,1.53248069,0.25985042,0.25837635,1.20830671,1.17478555,0.18934790,0.39214549
439,0.17265728,0.00606335,0.01525193,0.40323525,0.29462295,0.08552866,-0.22314526,-0.26026008,-1.17399025,0.00144533,-1.16087284,-0.04895929,0.12384524,-0.02583101,0.37814333,1.01179050,0.26471745,1.28601789,0.25540883,-0.05678790,0.27697347,0.10334396,0.22170305,0.24460625,1.01179050,0.94252807,0.37914337,0.61516644,0.26471745,1.31657408,1.57089548,1.28601789,1.53942538,0.25540883,0.25148632,1.20549066,1.16732586,0.20123196,0.40591153
440,0.17381360,0.00554286,0.01422950,0.40222638,0.22274397,0.07469235,-0.19414876,-0.27141251,-1.17063624,-0.00455504,-1.15136598,-0.04583662,0.10089723,-0.03589893,0.39720503,1.03615319,0.26960104,1.25321204,0.29649916,-0.06933254,0.27709688,0.10139459,0.21738547,0.23986935,1.03615319,0.96181392,0.32773329,0.60596125,0.26960104,1.29274000,1.58639510,1.25321204,1.54904602,0.29649916,0.22005748,1.20498049,1.15784061,0.18500014,0.42412718
441,0.18360410,0.00477933,0.01482716,0.37743313,0.15310959,0.07185828,-0.18611422,-0.26729310,-1.14726294,-0.00837392,-1.12157658,-0.05719417,0.11538431,-0.05550390,0.42876675,1.01966944,0.26344749,1.23841765,0.31345470,-0.06201433,0.28507205,0.09939106,0.22011361,0.24151311,1.01966944,0.94159402,0.34471908,0.63796635,0.26344749,1.28227767,1.59234945,1.23841765,1.55161410,0.31345470,0.20515945,1.18055237,1.12790888,0.20076681,0.46118704
442,0.18459718,0.00485555,0.01428289,0.36961072,0.16799809,0.06998852,-0.17565691,-0.26183486,-1.14668604,0.00383668,-1.12619875,-0.06453853,0.12646510,-0.05227852,0.40987635,1.02650638,0.26907299,1.25490215,0.28367978,-0.06056430,0.27847064,0.09951728,0.21955974,0.24106050,1.02650638,0.95499261,0.34400772,0.60583212,0.26907299,1.29014224,1.57213892,1.25490215,1.53743330,0.28367978,0.19622509,1.17885743,1.13221656,0.20446841,0.43908517
443,0.18503116,0.00573939,0.01391788,0.36087392,0.18055104,0.07059178,-0.16586241,-0.25018554,-1.14071350,0.01381144,-1.11940093,-0.06382022,0.13847547,-0.04934514,0.39674954,1.02645681,0.26709952,1.26068667,0.25868671,-0.05951845,0.28122281,0.09861523,0.21968559,0.24080433,1.02645681,0.95675625,0.34375532,0.58143229,0.26709952,1.29442701,1.55188826,1.26068667,1.51777127,0.25868671,0.19059193,1.17066168,1.12547629,0.21275994,0.42578062
444,0.17854411,0.00534279,0.01458480,0.35454391,0.15482127,0.07273528,-0.16302921,-0.24185203,-1.13185366,0.01900476,-1.11098205,-0.06750008,0.13034860,-0.06026955,0.39543058,1.01868259,0.26361650,1.24476609,0.26518098,-0.05504041,0.27493071,0.09754703,0.21909513,0.23982931,1.01868259,0.95045352,0.33385644,0.57898250,0.26361650,1.27581020,1.53936608,1.24476609,1.50883763,0.26518098,0.19157253,1.16022347,1.11683909,0.20644284,0.42536325
445,0.16560431,0.00790466,0.01459910,0.36335186,0.19861589,0.07839635,-0.18414770,-0.23575338,-1.15515566,0.03260795,-1.12510836,-0.05521033,0.12823680,-0.04108105,0.39660229,1.02060646,0.27151269,1.25681481,0.26881925,-0.05950395,0.27589780,0.09784647,0.21562954,0.23679111,1.02060646,0.94283207,0.34676832,0.59622250,0.27151269,1.29740994,1.56482579,1.25681481,1.52369789,0.26881925,0.21461391,1.18217450,1.13146843,0.20263192,0.42265945
446,0.15649150,0.00633745,0.01511245,0.38553074,0.28637376,0.07930672,-0.20231824,-0.23373003,-1.16862995,0.05228894,-1.14981557,-0.04731113,0.11388434,-0.03218886,0.36729108,1.01578221,0.28801531,1.26791374,0.25399209,-0.05980388,0.29242314,0.10052512,0.21224264,0.23484514,1.01578221,0.94809754,0.34391256,0.58174581,0.28801531,1.29717904,1.54980703,1.26791374,1.51957658,0.25399209,0.24087702,1.19563220,1.15767628,0.19531306,0.39552813
447,0.13866194,0.00685002,0.01490906,0.39958403,0.30992805,0.08719461,-0.25061546,-0.24325895,-1.19442193,0.06497401,-1.16556114,-0.02854115,0.07429192,-0.02134180,0.35346034,1.00020475,0.31038686,1.24402133,0.27955504,-0.04982838,0.23131233,0.09960167,0.20594432,0.22876528,1.00020475,0.91521652,0.34739215,0.61441867,0.31038686,1.28826980,1.56449703,1.24402133,1.52171663,0.27955504,0.28655146,1.22205737,1.17250059,0.16950844,0.37962840
448,0.12905222,0.00584972,0.01594770,0.41799879,0.33823342,0.05860605,-0.27122666,-0.25908195,-1.18738568,0.06963646,-1.18841810,-0.01492947,0.00501490,-0.01453415,0.31911180,0.96979985,0.33082072,1.19707273,0.31444077,-0.06109147,0.29883439,0.09986465,0.20264300,0.22591399,0.96979985,0.91751612,0.29232553,0.59666190,0.33082072,1.21954695,1.52747125,1.19707273,1.51007930,0.31444077,0.29472852,1.21821340,1.19660031,0.16123425,0.35112899
449,0.12654305,0.00527556,0.01941975,0.41969532,0.35375282,0.08183932,-0.30449887,-0.27036199,-1.17248817,0.08466754,-1.20467003,-0.00145224,0.02730941,0.00662729,0.32351872,0.93705573,0.35753692,1.23546131,0.29685376,-0.05752116,0.24633170,0.09642756,0.19949543,0.22157775,0.93705573,0.90017896,0.34406908,0.63278852,0.35753692,1.23110961,1.52206594,1.23546131,1.53026875,0.29685376,0.33622685,1.20675299,1.21351146,0.15590332,0.35088218
450,0.12049912,0.00626771,0.01977592,0.42342153,0.36077451,0.07465559,-0.33686582,-0.27609798,-1.13788708,0.08028587,-1.19311798,-0.01412514,0.02503970,0.00658968,0.31225225,0.87497031,0.36234566,1.22229453,0.28817579,-0.03753380,0.23057038,0.09686426,0.20306905,0.22498827,0.87497031,0.85628509,0.37470850,0.65328457,0.36234566,1.19409444,1.47858691,1.22229453,1.50735160,0.28817579,0.36005472,1.17316100,1.20067115,0.14512613,0.33870727
451,0.10485762,0.00578691,0.02029879,0.43125840,0.38509984,0.03904126,-0.35963141,-0.29302912,-1.12314420,0.05766236,-1.19634812,-0.00056710,0.00341732,0.00886094,0.28985136,0.83363037,0.35935568,1.20166696,0.28741521,-0.04005231,0.22137590,0.09359558,0.20039035,0.22117058,0.83363037,0.83702915,0.36580705,0.65018405,0.35935568,1.16557931,1.44545794,1.20166696,1.48705314,0.28741521,0.38053588,1.16326982,1.20231569,0.13916138,0.31282861
452,0.10176513,0.00687139,0.02060219,0.43175856,0.37171926,0.04062962,-0.40145760,-0.31003293,-1.12066802,0.04182557,-1.21905116,0.00033196,-0.02153189,0.01061014,0.28779934,0.80065627,0.36723465,1.19883823,0.30988058,-0.04418419,0.23534404,0.08782552,0.19686353,0.21556570,0.80065627,0.81763795,0.38486045,0.69060895,0.36723465,1.14457817,1.44573882,1.19883823,1.50734352,0.30988058,0.41641122,1.16512622,1.22483503,0.15077112,0.31760546
453,0.09943857,0.00903763,0.01931004,0.43730727,0.40101303,0.03236218,-0.40672996,-0.31456412,-1.13444027,0.03827294,-1.25027867,-0.02408329,0.00544806,0.01105031,0.24812847,0.80627975,0.37497097,1.25730828,0.24541003,-0.04917014,0.30985193,0.09043787,0.19560129,0.21549681,0.80627975,0.84446833,0.41881231,0.65632606,0.37497097,1.17790689,1.42131936,1.25730828,1.49865453,0.24541003,0.41760597,1.17969968,1.25739003,0.13942623,0.27910903
454,0.10249247,0.00861206,0.01963112,0.43514255,0.38956690,0.03582042,-0.39892053,-0.31247331,-1.12685663,0.03606222,-1.23476877,-0.02153207,-0.00416867,0.00872876,0.26021633,0.80721106,0.36761167,1.23207177,0.26632275,-0.04552560,0.27586802,0.09031967,0.19670965,0.21645399,0.80721106,0.83622654,0.40117257,0.66047195,0.36761167,1.16145267,1.42471990,1.23207177,1.49525092,0.26632275,0.41258241,1.17206120,1.24151951,0.14337442,0.29149406
455,0.10133180,0.00832787,0.01721988,0.43365005,0.37564788,0.03255224,-0.39498426,-0.31195741,-1.12365191,0.02991688,-1.22896444,-0.01263544,-0.01169768,0.01004648,0.28198040,0.80648793,0.36017455,1.21838575,0.29477736,-0.04243751,0.24850218,0.08990491,0.19726733,0.21678859,0.80648793,0.83410183,0.38846891,0.67812936,0.36017455,1.15379508,1.44331828,1.21838575,1.51119167,0.29477736,0.40871113,1.16836949,1.23459028,0.14513220,0.31176394
456,0.11144316,0.00875382,0.01876783,0.43357913,0.38053894,0.05664192,-0.38326274,-0.31001903,-1.12263685,0.03101715,-1.22699488,-0.00792536,-0.02469188,0.01470688,0.26392610,0.82574571,0.35886099,1.20331934,0.28962978,-0.03583166,0.24456975,0.09079048,0.19885915,0.21860437,0.82574571,0.84421488,0.36687208,0.64946367,0.35886099,1.14091331,1.42541793,1.20331934,1.49117152,0.28962978,0.40080334,1.16709838,1.23278733,0.14802462,0.29782061
457,0.10539653,0.00927692,0.01815147,0.43165999,0.37444766,0.05431771,-0.37573237,-0.31069555,-1.12393668,0.03089184,-1.21730813,0.00014424,-0.00167524,0.02712778,0.28408056,0.83334095,0.35516156,1.21633847,0.28717362,-0.03730538,0.19432971,0.09020111,0.19925403,0.21871993,0.83334095,0.84196586,0.37835844,0.66042371,0.35516156,1.16580959,1.44870035,1.21633847,1.50150839,0.28717362,0.39921298,1.16924846,1.22293945,0.14085049,0.31428196
458,0.10741234,0.00845752,0.01964814,0.42742990,0.36927417,0.05752132,-0.37940737,-0.31301179,-1.14250291,0.03666496,-1.23671500,0.01319451,-0.06659509,0.02789178,0.28773356,0.84869411,0.36317271,1.17127541,0.35484068,-0.05378822,0.22709352,0.09118051,0.19579510,0.21598520,0.84869411,0.85756238,0.31953007,0.66874961,0.36317271,1.12668576,1.47159212,1.17127541,1.52485938,0.35484068,0.40134391,1.18814338,1.24295982,0.17872864,0.32716968
459,0.12735904,0.00944886,0.01848645,0.42914281,0.32882812,0.07120611,-0.30959465,-0.28982482,-1.14300576,0.02976445,-1.19297705,-0.00248577,0.00712686,-0.00566781,0.31893448,0.90826048,0.32381152,1.20107153,0.31185216,-0.06081909,0.26128523,0.08980513,0.19913543,0.21844881,0.90826048,0.88456350,0.32981295,0.63525343,0.32381152,1.18656353,1.49002379,1.20107153,1.51265724,0.31185216,0.33173645,1.18340974,1.19885790,0.15081745,0.35098761
460,0.16559474,0.01229837,0.01520796,0.38980667,0.35657919,0.07930954,-0.22574219,-0.27207091,-1.16902682,0.02085943,-1.18880882,-0.02817709,0.12645719,0.00315263,0.34106802,1.00661835,0.29361608,1.31651109,0.21854071,-0.08049015,0.29384085,0.10049837,0.20525070,0.22853396,1.00661835,0.96487559,0.37018832,0.57201172,0.29361608,1.31865121,1.53498218,1.31651109,1.52998166,0.21854071,0.27091759,1.20752834,1.19668848,0.20981696,0.36801456
461,0.22220052,0.01046069,0.02281253,0.37704715,0.30352311,0.03746091,-0.06094757,-0.31078587,-1.17550285,0.01708451,-1.13761414,-0.02935765,0.18585330,0.07083984,0.31202553,1.16800001,0.33014461,1.32455352,0.16246211,-0.14423462,0.26880569,0.09900708,0.19054630,0.21473308,1.16800001,1.07741315,0.25580273,0.37469393,0.33014461,1.39027113,1.53621880,1.32455352,1.45141911,0.16246211,0.16860315,1.22905730,1.15304224,0.24724563,0.34906996
462,0.13371050,0.40241429,0.31919901,0.12069511,0.12216470,-0.52850894,0.61194448,-0.40437569,-0.40782358,-0.05836634,0.52668393,0.12130482,1.02107688,0.25205618,1.03046725,1.03208745,1.00237808,0.52882495,0.14335616,-0.33522178,0.28824068,0.10468799,0.13368943,0.16980118,1.03208745,0.47789561,0.77048948,0.89395903,1.00237808,1.53119176,1.59633210,0.52882495,0.60231153,0.14335616,0.85918358,0.69413740,0.60004983,1.05306205,1.07425345
463,0.15007714,0.02751337,0.03939652,0.26807391,0.27890791,0.16934237,0.22876236,0.23071919,-1.57024824,-0.36471530,-1.50824976,-0.27563729,0.03422098,-0.18752072,0.42323185,1.80793147,0.59871150,1.54577720,0.41713642,0.47616738,0.49339761,0.14440386,0.18241392,0.23265278,1.80793147,1.82584685,0.50253275,0.40647222,0.59871150,1.68293465,2.04327270,1.54577720,1.94701187,0.41713642,0.40642932,1.65205964,1.62047445,0.50295456,0.55010799
464,0.20188436,0.02651063,0.06067307,0.34432414,0.27847790,-0.13502253,0.20165205,0.21758662,-1.41249339,-0.34159672,-1.43192822,-0.13034889,0.20095344,-0.16849127,0.45932324,1.65516825,0.56134285,1.65122115,0.28139305,0.30799796,0.19204497,0.11664853,0.19171177,0.22441097,1.65516825,1.64746573,0.07134821,0.31379852,0.56134285,1.65927828,1.93087967,1.65122115,1.91299288,0.28139305,0.37568856,1.48028528,1.51097748,0.32226523,0.50165164
465,0.18193575,0.02888679,0.05632203,0.31580668,0.28794024,-0.19278775,0.16279754,0.20302523,-1.34585763,-0.30653807,-1.36243972,-0.15020096,0.24914718,-0.18774910,0.40454299,1.55972216,0.50994377,1.62007754,0.18174763,0.20765337,0.15083834,0.11094002,0.19854329,0.22743599,1.55972216,1.52955275,0.11925190,0.28819878,0.50994377,1.63495665,1.79990551,1.62007754,1.77659159,0.18174763,0.39596975,1.39379157,1.42619910,0.37384910,0.47000996
466,0.17922942,0.02902368,0.05096032,0.29177274,0.30926642,-0.12195503,0.02566812,0.22244506,-1.24727463,-0.20702264,-1.30097970,-0.07604266,0.30027727,-0.14660737,0.34682660,1.31895122,0.43281261,1.60774975,0.13087823,0.15271172,0.11369859,0.10888308,0.22130992,0.24664470,1.31895122,1.32961477,0.28064620,0.34932225,0.43281261,1.57723651,1.64411040,1.60774975,1.65671351,0.13087823,0.27443809,1.29535568,1.34471193,0.37380287,0.39208876
467,0.16126118,0.02668970,0.04301520,0.32711513,0.35890977,-0.17875699,-0.02689262,0.20575669,-1.17964942,-0.18404598,-1.24160089,-0.12014923,0.19847270,-0.16287571,0.25554932,1.21519504,0.39474564,1.44176243,0.10664581,0.09804237,0.07695640,0.10517189,0.23571129,0.25811032,1.21519504,1.21473628,0.23386765,0.30037143,0.39474564,1.41629980,1.48522172,1.44176243,1.50114054,0.10664581,0.28080190,1.21658664,1.27451125,0.30191997,0.32373789
468,0.15659180,0.02117871,0.03889918,0.34234260,0.38433503,-0.17137784,-0.06243199,0.19006235,-1.15844074,-0.16888756,-1.22461660,-0.12405828,0.15390625,-0.15390289,0.20921397,1.15407345,0.36531273,1.37929370,0.09256469,0.07705077,0.09115841,0.10463740,0.24709735,0.26833950,1.15407345,1.16224687,0.22145508,0.28032479,0.36531273,1.34942409,1.41167878,1.37929370,1.43606919,0.09256469,0.26181406,1.18833236,1.25221689,0.27336549,0.28646551
469,0.15650432,0.01874663,0.03738977,0.35957228,0.36745033,-0.18552358,-0.05758456,0.17662387,-1.14798721,-0.17759551,-1.21849485,-0.15395226,0.05892679,-0.15807843,0.19529784,1.14904612,0.36238945,1.27764693,0.14592968,0.06127952,0.10799632,0.10492547,0.24886683,0.27008156,1.14904612,1.16105277,0.12243275,0.25628998,0.36238945,1.25182445,1.38447236,1.27764693,1.41473191,0.14592968,0.26088606,1.17257200,1.24602009,0.25503000,0.28900716
470,0.15077738,0.01942829,0.03544674,0.37078111,0.36744939,-0.19724069,-0.08239909,0.15930379,-1.16721686,-0.17808814,-1.23338927,-0.14687888,0.03868827,-0.14359487,0.20143301,1.14203381,0.34478284,1.27249240,0.17067622,0.06733306,0.08298248,0.10248641,0.24710303,0.26751331,1.14203381,1.15118308,0.13114313,0.29342357,0.34478284,1.24428070,1.40219381,1.27249240,1.43650528,0.17067622,0.28688634,1.19087381,1.26214732,0.24410467,0.28413292
471,0.14770138,0.01951592,0.03340583,0.37263159,0.37081602,-0.20193095,-0.11344187,0.14634356,-1.19361962,-0.17787548,-1.24475011,-0.13105148,0.07225026,-0.13986209,0.21144607,1.13500958,0.32908840,1.31787404,0.15010926,0.06762540,0.07273777,0.10203174,0.24375480,0.26424776,1.13500958,1.13161607,0.19876022,0.33532172,0.32908840,1.29597555,1.43453825,1.31787404,1.45818485,0.15010926,0.29926515,1.21545001,1.27326014,0.24178331,0.28694490
472,0.14910362,0.01983432,0.03718760,0.34145810,0.36951213,-0.19961015,-0.11849985,0.15043500,-1.20833720,-0.17584520,-1.26027253,-0.08419179,0.19451955,-0.11722428,0.25855607,1.14478123,0.33102611,1.45769354,0.10100368,0.07123101,0.09310694,0.10057428,0.23893697,0.25924132,1.14478123,1.14203021,0.33362791,0.39279936,0.33102611,1.42240581,1.49221370,1.45769354,1.52195224,0.10100368,0.30683635,1.23162964,1.28896593,0.29033156,0.31125848
473,0.14398087,0.01796982,0.03419597,0.32977913,0.36785603,-0.19045822,-0.12668260,0.14321043,-1.19920027,-0.17346741,-1.25365204,-0.07370343,0.22624964,-0.11925292,0.25234044,1.12339485,0.32214314,1.48326055,0.08970848,0.06501242,0.07298100,0.09795430,0.23914918,0.25843253,1.12339485,1.12710225,0.37175623,0.39188526,0.32214314,1.44204004,1.47592375,1.48326055,1.50872915,0.08970848,0.30210990,1.22072099,1.28139872,0.31115454,0.30694480
474,0.14715969,0.01850712,0.03199650,0.34812637,0.38251269,-0.19726144,-0.14278245,0.13605909,-1.21152255,-0.16072627,-1.26852173,-0.08521937,0.17438164,-0.12345532,0.21473165,1.11970314,0.30312409,1.44488785,0.08826880,0.06975374,0.08059533,0.09845530,0.23624115,0.25593618,1.11970314,1.12633563,0.33638232,0.37191810,0.30312409,1.40357485,1.45054993,1.44488785,1.48556546,0.08826880,0.31435025,1.23208202,1.29446681,0.27599966,0.27865380
475,0.14896607,0.01882646,0.03279812,0.34308758,0.36474866,-0.20734426,-0.15790187,0.13041911,-1.22027712,-0.15100042,-1.28009578,-0.08322654,0.19095892,-0.11167598,0.25284397,1.11496322,0.28829542,1.47261883,0.09796955,0.06621279,0.04469748,0.09633348,0.23447812,0.25349581,1.11496322,1.12360932,0.37032095,0.42849093,0.28829542,1.42739605,1.49390650,1.47261883,1.53521591,0.09796955,0.32896587,1.24039994,1.30419763,0.28560373,0.30334701
476,0.15149352,0.01918857,0.03246933,0.35608840,0.36468120,-0.20067941,-0.16979278,0.13665791,-1.19634742,-0.13337805,-1.26083462,-0.07554912,0.15413267,-0.10197977,0.24460657,1.08063329,0.27839570,1.41615428,0.11095222,0.06698838,0.08589598,0.09907624,0.23790762,0.25771329,1.08063329,1.09314561,0.34727761,0.42946055,0.27839570,1.36715176,1.46118261,1.41615428,1.50706824,0.11095222,0.32101343,1.21630768,1.28237695,0.25480072,0.29508080
477,0.14247678,0.01818627,0.03028057,0.36702506,0.37432696,-0.20317269,-0.17245534,0.13561116,-1.20143665,-0.13799583,-1.26719814,-0.07010491,0.14465381,-0.10915998,0.24701040,1.08336546,0.28243599,1.41348861,0.12040875,0.07291860,0.15862853,0.10123531,0.23541126,0.25625582,1.08336546,1.09677062,0.34404641,0.43171300,0.28243599,1.36187054,1.46928234,1.41348861,1.51543930,0.12040875,0.31802925,1.22005420,1.28841447,0.24409480,0.30135377
478,0.14219025,0.01802194,0.02886538,0.36189842,0.38151858,-0.19590875,-0.16970710,0.13129003,-1.19409661,-0.14083018,-1.26674989,-0.05692038,0.15507795,-0.10385689,0.24169989,1.07538318,0.28235374,1.42430661,0.11128846,0.07795014,0.17883007,0.10184217,0.23534568,0.25643599,1.07538318,1.09853940,0.35348306,0.42343756,0.28235374,1.36233465,1.45536046,1.42430661,1.50992347,0.11128846,0.31180805,1.21316667,1.28852253,0.24836547,0.29509725
479,0.14354807,0.01851174,0.02851501,0.36586341,0.38403339,-0.19651514,-0.16280118,0.12795588,-1.19013285,-0.14613301,-1.26432677,-0.05435160,0.14673709,-0.09858700,0.24223320,1.07738175,0.28458975,1.41404707,0.11597242,0.07827230,0.18063553,0.10364146,0.23512463,0.25695359,1.07738175,1.10273509,0.34074999,0.41856652,0.28458975,1.34935036,1.45051709,1.41404707,1.50816366,0.11597242,0.31212984,1.20928696,1.28700004,0.24537900,0.29678048
480,0.14232446,0.01794772,0.02862117,0.37047343,0.36753963,-0.18695270,-0.17481253,0.13129884,-1.18782905,-0.14282555,-1.26783066,-0.05118731,0.13185498,-0.08125411,0.26670884,1.06185239,0.28607910,1.40269031,0.14520901,0.08242999,0.17329760,0.10310743,0.23373677,0.25546824,1.06185239,1.09395983,0.33542696,0.45565563,0.28607910,1.33229973,1.47033898,1.40269031,1.53656977,0.14520901,0.31352889,1.20772881,1.29016781,0.23439873,0.31299694
481,0.14275076,0.01816069,0.03066131,0.37216380,0.35999789,-0.17358810,-0.16711339,0.13414733,-1.19952618,-0.13754521,-1.28188873,-0.04938082,0.11891464,-0.07736303,0.27475328,1.07730701,0.28468948,1.40359073,0.16491692,0.08934882,0.18278045,0.10011429,0.23030374,0.25112285,1.07730701,1.11549570,0.31202326,0.45359292,0.28468948,1.33123250,1.48970989,1.40359073,1.55869831,0.16491692,0.29757689,1.21905655,1.30348819,0.22583370,0.31765421
482,0.14474227,0.01735123,0.02815304,0.36199148,0.35465017,-0.17493709,-0.15446208,0.14221311,-1.20047660,-0.13743621,-1.29048287,-0.05220287,0.13510080,-0.07417258,0.28350060,1.09305329,0.29463234,1.42813761,0.15730924,0.08847881,0.18446351,0.09752651,0.22649314,0.24659798,1.09305329,1.13675980,0.31471702,0.45081736,0.29463234,1.34976805,1.49996547,1.42813761,1.57611865,0.15730924,0.29339261,1.22103302,1.31225182,0.23850728,0.32570286
483,0.14687482,0.01701242,0.02564932,0.36982665,0.35654813,-0.17491420,-0.15778715,0.14177066,-1.19420040,-0.13459026,-1.29266548,-0.05445950,0.10329126,-0.07598209,0.26053533,1.08373076,0.29432337,1.39826163,0.16593591,0.07771947,0.18240287,0.09798825,0.22637278,0.24667049,1.08373076,1.13573769,0.28784888,0.43126874,0.29432337,1.31238640,1.47123388,1.39826163,1.55520412,0.16593591,0.28944714,1.21353634,1.31292742,0.21608452,0.30239577
484,0.14295937,0.01812271,0.02834495,0.38037481,0.36362333,-0.17320868,-0.16719459,0.14128556,-1.20612783,-0.14105952,-1.30501332,-0.06241536,0.08137150,-0.07651753,0.26416168,1.08549847,0.29988050,1.38862042,0.18945722,0.08658912,0.17383177,0.09642049,0.22228803,0.24229916,1.08549847,1.13839271,0.27241232,0.44349203,0.29988050,1.30361735,1.48666503,1.38862042,1.57136661,0.18945722,0.29542779,1.22580272,1.32597538,0.21013534,0.30664690
485,0.14290663,0.01796759,0.02789961,0.37785726,0.37165055,-0.17575755,-0.17065133,0.14725070,-1.20501705,-0.13264258,-1.30847288,-0.06246684,0.09040761,-0.08296644,0.25173221,1.08365313,0.29911690,1.40064220,0.17066300,0.08308853,0.14848765,0.09564916,0.22028853,0.24015786,1.08365313,1.13871355,0.28477142,0.43442978,0.29911690,1.31241364,1.47521537,1.40064220,1.56194586,0.17066300,0.29948466,1.22510234,1.32817961,0.21318155,0.29561698
486,0.14091358,0.01759846,0.02827473,0.38537321,0.38460669,-0.16671644,-0.17328555,0.15272016,-1.19831376,-0.12219758,-1.30551457,-0.06250712,0.08837221,-0.08159655,0.25243080,1.07366345,0.29578830,1.39516689,0.17313467,0.08467022,0.15500427,0.09587299,0.22070149,0.24062581,1.07366345,1.13320233,0.28191101,0.43595379,0.29578830,1.30468347,1.46994261,1.39516689,1.55943158,0.17313467,0.29061670,1.21825266,1.32326646,0.20613702,0.29263169
487,0.14350082,0.01856798,0.02940060,0.37689620,0.38048654,-0.15662124,-0.16693785,0.16491629,-1.19388678,-0.11175013,-1.30826333,-0.04539868,0.11919066,-0.08127360,0.25205445,1.07612479,0.29997492,1.42899697,0.14758144,0.08811148,0.16509961,0.09444449,0.21969153,0.23913204,1.07612479,1.14228229,0.30717793,0.42782152,0.29997492,1.32991885,1.46720606,1.42899697,1.56160260,0.14758144,0.28325128,1.21592827,1.32529845,0.21874101,0.29260071
488,0.14258711,0.01778954,0.02869001,0.38093409,0.37222758,-0.15406516,-0.17549958,0.16793955,-1.20327664,-0.10808848,-1.31719680,-0.04851509,0.10756466,-0.07451595,0.26618335,1.07704811,0.29947435,1.42600640,0.16887146,0.08695885,0.16665569,0.09423858,0.21817614,0.23765887,1.07704811,1.14276823,0.30263968,0.45005797,0.29947435,1.32878247,1.48961610,1.42600640,1.58458988,0.16887146,0.28243394,1.22470943,1.33343624,0.21261462,0.30339949
489,0.14361010,0.01715978,0.02672934,0.37782403,0.38476099,-0.15218072,-0.17565634,0.18417245,-1.19806534,-0.10682838,-1.30785130,-0.04330490,0.11631583,-0.07761687,0.25678923,1.07632430,0.31192336,1.42559160,0.15455660,0.08744097,0.17862788,0.09458435,0.21844041,0.23803868,1.07632430,1.13326538,0.31193808,0.44067304,0.31192336,1.33405273,1.47865339,1.42559160,1.56604330,0.15455660,0.28276555,1.22220648,1.32452958,0.21482066,0.29419445
490,0.14056638,0.01611659,0.02584167,0.38489791,0.35956421,-0.14779417,-0.17683796,0.19991376,-1.20250547,-0.11187818,-1.31060334,-0.05502351,0.06846420,-0.06418870,0.26498589,1.08300380,0.33080688,1.38025357,0.20353327,0.09289127,0.17222063,0.09348304,0.21660788,0.23591959,1.08300380,1.13460322,0.26290117,0.45093252,0.33080688,1.29639424,1.49148718,1.38025357,1.57739603,0.20353327,0.27871844,1.22925173,1.32782673,0.19590970,0.29909046
491,0.14158229,0.01577929,0.02620023,0.38548607,0.39260538,-0.13741142,-0.18001141,0.22224117,-1.19176652,-0.11291117,-1.29501492,-0.03611512,0.10307401,-0.06126351,0.25168489,1.07377781,0.35194513,1.40022699,0.15920708,0.08468799,0.19764379,0.09698590,0.21790441,0.23851330,1.07377781,1.11568326,0.30139757,0.43940316,0.35194513,1.32052107,1.47135333,1.40022699,1.54874458,0.15920708,0.27385332,1.22213094,1.31292006,0.20629170,0.28706788
492,0.14007516,0.01626135,0.02553957,0.39381518,0.38677197,-0.13569457,-0.17358204,0.23406658,-1.18423774,-0.11797747,-1.28747341,-0.04298037,0.05625691,-0.05709587,0.24437433,1.07617817,0.36832567,1.34582872,0.19555561,0.07461261,0.19508282,0.09850712,0.21854470,0.23971950,1.07617817,1.11441958,0.24909184,0.42610899,0.36832567,1.27137152,1.45816498,1.34582872,1.53407606,0.19555561,0.26737707,1.21620282,1.30545668,0.19015030,0.28034432
493,0.14797956,0.01496067,0.02452178,0.38769377,0.37008555,-0.12978181,-0.16803975,0.25026683,-1.19834309,-0.11819157,-1.29850644,-0.03414127,0.09371647,-0.05137240,0.26860509,1.09816687,0.38344351,1.39477578,0.18215623,0.08017581,0.18926178,0.09561732,0.21564961,0.23589706,1.09816687,1.13098505,0.27981135,0.44421550,0.38344351,1.32328837,1.49777137,1.39477578,1.56950060,0.18215623,0.26168954,1.23335936,1.31695991,0.20412041,0.30286652
494,0.14917552,0.01664506,0.02136183,0.38349769,0.36630393,-0.12668763,-0.17023807,0.26070440,-1.17669763,-0.11432368,-1.28638945,-0.03310270,0.08876191,-0.04891418,0.26352714,1.07844750,0.39236962,1.37756518,0.18341920,0.07507555,0.17469877,0.09342663,0.21645463,0.23575653,1.07844750,1.11692435,0.27733002,0.44116496,0.39236962,1.29943840,1.47333469,1.37756518,1.55246741,0.18341920,0.25384500,1.21371598,1.30380155,0.19641665,0.29312747
495,0.14834443,0.01646677,0.02231409,0.37192660,0.35279964,-0.12625948,-0.17916968,0.26567956,-1.17278199,-0.11032790,-1.28220340,-0.03001571,0.10754731,-0.04927139,0.26534932,1.06812061,0.39307948,1.39208298,0.16776169,0.07329325,0.15167011,0.09188272,0.21553567,0.23430335,1.06812061,1.10367141,0.30371443,0.45187303,0.39307948,1.31432667,1.47243950,1.39208298,1.54990874,0.16776169,0.26221204,1.21107414,1.29917601,0.20482830,0.29460589
496,0.14271348,0.01603873,0.02102684,0.37868730,0.36692466,-0.12097691,-0.20031215,0.27587862,-1.17588982,-0.10514303,-1.29417901,-0.02303475,0.09905455,-0.04078513,0.24041703,1.05321458,0.40027673,1.39570798,0.15270187,0.07843922,0.16236639,0.09055183,0.21372334,0.23211485,1.05321458,1.09458292,0.31586866,0.44905656,0.40027673,1.30966592,1.45170101,1.39570798,1.53743045,0.15270187,0.27431058,1.21672899,1.31077932,0.19535064,0.26827687
497,0.14561512,0.01621225,0.01992772,0.36807444,0.38801800,-0.11664924,-0.19925981,0.28601125,-1.15554708,-0.09762138,-1.28189392,-0.02223618,0.14632657,-0.05657606,0.23987092,1.03760850,0.40524481,1.43024204,0.11676828,0.07241475,0.15309880,0.09055464,0.21604500,0.23425538,1.03760850,1.08320854,0.35880444,0.44510820,0.40524481,1.33806894,1.43735117,1.43024204,1.52395669,0.11676828,0.27211869,1.19870864,1.29728746,0.22085591,0.26713184
498,0.14136021,0.01754486,0.02071538,0.36819030,0.38238996,-0.11209912,-0.21116129,0.29422286,-1.15337357,-0.09625925,-1.27875993,-0.01833873,0.14898903,-0.05344844,0.24367187,1.02609354,0.41129802,1.42990685,0.11657382,0.07483601,0.16097690,0.08991963,0.21510348,0.23314169,1.02609354,1.06809851,0.37263125,0.46028886,0.41129802,1.33951476,1.44012869,1.42990685,1.52455009,0.11657382,0.28077034,1.19907222,1.29437290,0.22385676,0.27177021
499,0.14556521,0.01835209,0.02046989,0.36455091,0.37511102,-0.10844311,-0.20634264,0.29839233,-1.13749734,-0.09403396,-1.27271150,-0.01772793,0.15166903,-0.05790234,0.24549597,1.01615357,0.41647951,1.42651416,0.11811251,0.07508829,0.15338684,0.08911705,0.21686876,0.23446515,1.01615357,1.06695452,0.36967873,0.45671290,0.41647951,1.32748288,1.42874860,1.42651416,1.52051636,0.11811251,0.27654392,1.18511204,1.28896206,0.22477396,0.27340717
500,0.14117176,0.01919824,0.02154577,0.36016149,0.35731863,-0.10597813,-0.21182076,0.30028123,-1.13814917,-0.09722691,-1.27350624,-0.01625384,0.16211114,-0.04875831,0.25927959,1.01150147,0.42146193,1.43800134,0.11803303,0.07655762,0.15141594,0.08772827,0.21676881,0.23384817,1.01150147,1.06226391,0.38491248,0.47639998,0.42146193,1.33836722,1.44090778,1.43800134,1.53542123,0.11803303,0.27859490,1.18594626,1.28992089,0.23080152,0.28390748
501,0.14150974,0.01769275,0.02141133,0.37287904,0.36682190,-0.10276778,-0.21695870,0.30244984,-1.15381318,-0.09941182,-1.28583495,-0.01483926,0.15219807,-0.04480556,0.26366759,1.02073388,0.42470582,1.44060708,0.12904795,0.08008657,0.15889206,0.08821420,0.21445306,0.23188761,1.02073388,1.06955696,0.38011925,0.48542618,0.42470582,1.34418189,1.45983141,1.44060708,1.55221720,0.12904795,0.27832983,1.20106865,1.30201338,0.22335932,0.28735634
502,0.14396453,0.01667521,0.01992330,0.37166335,0.37103256,-0.10139856,-0.21965502,0.30647089,-1.14956685,-0.09163278,-1.28674765,-0.01630102,0.14366534,-0.04438979,0.24882569,1.01542774,0.42252159,1.43247813,0.12454294,0.07858856,0.12904592,0.08737507,0.21420418,0.23133922,1.01542774,1.06770442,0.37365646,0.47372615,0.42252159,1.33304611,1.44231998,1.43247813,1.53817525,0.12454294,0.28182804,1.19845287,1.30241451,0.21859464,0.27309434
503,0.13943760,0.01671101,0.01900120,0.37714482,0.38040198,-0.09710716,-0.23082500,0.30439298,-1.14937781,-0.09451617,-1.29198669,-0.02230714,0.13252623,-0.04293684,0.24308713,1.00247269,0.42540426,1.42642608,0.12801063,0.07598896,0.12467258,0.08697606,0.21386766,0.23087705,1.00247269,1.06176272,0.37151626,0.47875734,0.42540426,1.32308446,1.43562887,1.42642608,1.53785060,0.12801063,0.28739433,1.19696852,1.30742700,0.20982969,0.26634003
504,0.13994831,0.01774682,0.01994322,0.37555411,0.37814880,-0.08458729,-0.22761259,0.30595163,-1.15121605,-0.09126175,-1.29706212,-0.01445123,0.13825510,-0.03370078,0.22393069,1.00278230,0.42516150,1.43743620,0.10915002,0.07738157,0.11864904,0.08583597,0.21175626,0.22849185,1.00278230,1.07016309,0.37335464,0.45616057,0.42516150,1.32896984,1.41695848,1.43743620,1.52410559,0.10915002,0.28044418,1.19907866,1.31250561,0.21583987,0.24766552
505,0.13896048,0.01785878,0.02055718,0.37888696,0.38339822,-0.07832737,-0.22501073,0.30391443,-1.14634792,-0.09002212,-1.30133903,-0.01313185,0.13778291,-0.03849602,0.22746758,0.99748271,0.42528506,1.44127407,0.11205681,0.08016361,0.13496676,0.08691003,0.21252986,0.22961335,0.99748271,1.07712945,0.36931682,0.45592433,0.42528506,1.32290457,1.41636494,1.44127407,1.53172090,0.11205681,0.27888210,1.19466915,1.31747489,0.21756823,0.25374580
506,0.14321717,0.01847971,0.02030725,0.38437535,0.36226443,-0.07915445,-0.22514924,0.31325975,-1.16946121,-0.09002832,-1.31970421,-0.00810127,0.12238589,-0.03114905,0.25212421,1.02260459,0.43254809,1.44448742,0.14419987,0.08440474,0.13514470,0.08855252,0.20970962,0.22763935,1.02260459,1.09557017,0.35611640,0.48044712,0.43254809,1.33153352,1.46300997,1.44448742,1.57462353,0.14419987,0.27801826,1.21935296,1.33613331,0.21293821,0.27906308
507,0.14275993,0.01822867,0.02144801,0.37863788,0.36420829,-0.07602624,-0.22889029,0.31425055,-1.15979271,-0.08284509,-1.31392771,-0.01137100,0.14231224,-0.04068958,0.26436703,1.00940354,0.42769548,1.45810797,0.13893948,0.08637686,0.14122372,0.08826291,0.21176325,0.22942104,1.00940354,1.08572427,0.37730529,0.49612603,0.42769548,1.34235364,1.46825248,1.45810797,1.58077704,0.13893948,0.28609902,1.21136628,1.33044853,0.22474767,0.29076808
508,0.14151713,0.01869970,0.01973276,0.39067161,0.37474223,-0.07423909,-0.24033027,0.30977508,-1.16958289,-0.08445559,-1.32066455,-0.01350456,0.10897086,-0.04080401,0.25663071,1.00547378,0.42403000,1.43148230,0.16093464,0.08452948,0.13861223,0.08974178,0.21139769,0.22965751,1.00547378,1.08112024,0.35536109,0.49922827,0.42403000,1.31900303,1.46906873,1.43148230,1.57961967,0.16093464,0.29209364,1.21904473,1.33670830,0.20456984,0.28404812
509,0.14277446,0.01821609,0.01864312,0.39009758,0.36953203,-0.07773955,-0.23806045,0.30989105,-1.16740305,-0.08541261,-1.31959951,-0.00739142,0.10814213,-0.03169381,0.25241632,1.00694411,0.42565145,1.42993183,0.15719718,0.08199309,0.13812257,0.08958488,0.21083617,0.22907934,1.00694411,1.08233182,0.35435435,0.49353928,0.42565145,1.31472797,1.46061423,1.42993183,1.57451656,0.15719718,0.28852645,1.21616986,1.33509922,0.20236807,0.27852775
510,0.14222365,0.01911469,0.01986270,0.38356721,0.36564426,-0.07535273,-0.23890714,0.30957173,-1.16265226,-0.08482333,-1.31791589,-0.01016960,0.12313480,-0.03597714,0.25401752,1.00073637,0.42553416,1.44307268,0.14608637,0.08381369,0.12303681,0.08724611,0.21016394,0.22755388,1.00073637,1.07966982,0.36843335,0.49603409,0.42553416,1.32512361,1.45869502,1.44307268,1.57450896,0.14608637,0.29226729,1.21239698,1.33383333,0.21100066,0.27973620
511,0.13787783,0.01800245,0.01935002,0.37952552,0.35513152,-0.07400515,-0.24618171,0.30636834,-1.15067145,-0.08190269,-1.30433722,-0.01609399,0.12646139,-0.04049750,0.27011522,0.98122911,0.41942293,1.43235212,0.15659031,0.07792111,0.12123522,0.08645823,0.21179810,0.22876508,0.98122911,1.05874251,0.37784955,0.51848699,0.41942293,1.31752180,1.46279922,1.43235212,1.57647139,0.15659031,0.29714254,1.19943959,1.31971041,0.21454723,0.29644207
512,0.13992386,0.01814568,0.01948025,0.38100515,0.34384757,-0.07993830,-0.25006399,0.30655166,-1.15052372,-0.08093662,-1.31036444,-0.01654194,0.12270048,-0.04506895,0.28595053,0.97992778,0.42117245,1.43452632,0.17380806,0.07791529,0.13666003,0.08716775,0.20980300,0.22719049,0.97992778,1.06083353,0.37907814,0.53774837,0.42117245,1.31403118,1.47899165,1.43452632,1.59780849,0.17380806,0.30116909,1.19887547,1.32530637,0.21401015,0.31420393
513,0.13694399,0.01880339,0.01885136,0.38879421,0.34620164,-0.07420923,-0.25563420,0.30401171,-1.15429532,-0.08041415,-1.31258407,-0.02296732,0.09992605,-0.04137351,0.28610165,0.97502493,0.41794444,1.41368693,0.19457833,0.07619101,0.12802591,0.08661164,0.20947391,0.22667354,0.97502493,1.05762746,0.36067966,0.54314473,0.41794444,1.29669424,1.48131028,1.41368693,1.60023421,0.19457833,0.30042966,1.20112839,1.32685423,0.19986041,0.31226084
514,0.13811390,0.01710826,0.01838908,0.38764759,0.33730096,-0.07644206,-0.25703916,0.30756843,-1.15775056,-0.07794680,-1.31613916,-0.02109142,0.09482494,-0.04863697,0.29849862,0.97916961,0.41912926,1.41211319,0.21193394,0.07685038,0.13595979,0.08736788,0.20783960,0.22545608,0.97916961,1.05981823,0.35796533,0.55646661,0.41912926,1.29562139,1.49922017,1.41211319,1.61584346,0.21193394,0.30121603,1.20514679,1.33016216,0.19821396,0.32576615
515,0.14248306,0.01794770,0.01895280,0.38816821,0.34432358,-0.07685476,-0.26321767,0.31120997,-1.15340254,-0.07439275,-1.31774690,-0.01880356,0.09399391,-0.04720351,0.28129955,0.97109437,0.42150864,1.41283681,0.19686377,0.07567258,0.13299926,0.08667080,0.20635203,0.22381463,0.97109437,1.05542614,0.36422125,0.54546617,0.42150864,1.29099728,1.47883819,1.41283681,1.60025381,0.19686377,0.30389605,1.20170717,1.33132264,0.19697703,0.30888814
516,0.14073257,0.01786217,0.01874477,0.38368892,0.33487713,-0.07287233,-0.26333961,0.31151953,-1.15711773,-0.07621944,-1.31760341,-0.01719838,0.10638559,-0.04483946,0.29078246,0.97293231,0.42183606,1.42521380,0.19425677,0.07584073,0.12755720,0.08603331,0.20515465,0.22246384,0.97293231,1.05518356,0.37618150,0.55498453,0.42183606,1.30619157,1.49117485,1.42521380,1.60970097,0.19425677,0.30374682,1.20574312,1.33156895,0.20476081,0.31760453
517,0.14080363,0.01732202,0.01925291,0.38300284,0.34878287,-0.07562961,-0.25957698,0.31348203,-1.15294671,-0.07755552,-1.31563408,-0.01797573,0.11425956,-0.05977975,0.28409453,0.97443229,0.42555029,1.43114694,0.18289701,0.07760879,0.14761151,0.08660887,0.20471086,0.22227828,0.97443229,1.05690890,0.38000182,0.54417109,0.42555029,1.31031698,1.48483600,1.43114694,1.60093253,0.18289701,0.30240911,1.20256802,1.32986372,0.20714817,0.31352050
518,0.14342417,0.01656098,0.01868276,0.38436447,0.35949177,-0.07817712,-0.26366490,0.31903856,-1.16398168,-0.07381646,-1.32570949,-0.02162870,0.11246554,-0.05726238,0.27281446,0.98404921,0.42653079,1.43917129,0.17470065,0.07940304,0.10900692,0.08454671,0.20259137,0.21952542,0.98404921,1.06267775,0.38114313,0.53802837,0.42653079,1.32138013,1.48563451,1.43917129,1.60020545,0.17470065,0.31132809,1.21552400,1.34022528,0.20529812,0.30000818
519,0.15127825,0.01736145,0.01980653,0.38083413,0.35860204,-0.08795134,-0.26333949,0.32284216,-1.15588664,-0.07056058,-1.32520461,-0.01686304,0.11774533,-0.06196803,0.25464414,0.98254735,0.42996467,1.44399279,0.15585709,0.07704726,0.10594997,0.08267097,0.20084414,0.21719313,0.98254735,1.06278487,0.38876891,0.51949794,0.42996467,1.31842553,1.46244468,1.44399279,1.58144760,0.15585709,0.31232709,1.20895082,1.33973537,0.20946622,0.28544836
520,0.15452415,0.01669661,0.01843296,0.38516644,0.34713854,-0.09598678,-0.27382906,0.32552524,-1.16235016,-0.06651778,-1.33295923,-0.02466324,0.10874848,-0.06372617,0.27429854,0.98343857,0.42978050,1.44232054,0.17983307,0.06832605,0.09284303,0.08124792,0.19952860,0.21543650,0.98343857,1.06056912,0.39151117,0.54929803,0.42978050,1.31905292,1.48856454,1.44232054,1.60846795,0.17983307,0.31588462,1.21382976,1.34559911,0.20131352,0.30204884
521,0.15052782,0.01686518,0.01925393,0.38085767,0.34747816,-0.09809291,-0.27418614,0.32579946,-1.14903427,-0.06514687,-1.32947448,-0.02084544,0.13185737,-0.06806181,0.27775758,0.97213677,0.43270055,1.46200939,0.16242187,0.07306475,0.11721159,0.08183007,0.19935764,0.21549856,0.97213677,1.05657430,0.41490216,0.55303368,0.43270055,1.32752873,1.48023165,1.46200939,1.60827261,0.16242187,0.32372467,1.20239029,1.34342618,0.22213005,0.31170889
522,0.15157417,0.01705129,0.01836681,0.38958026,0.34858991,-0.11176425,-0.29036334,0.32559411,-1.15168138,-0.06069848,-1.32991160,-0.03276455,0.10640696,-0.06369113,0.28877284,0.96601586,0.42792943,1.43659089,0.19229489,0.06903606,0.11099582,0.08194435,0.19873207,0.21496351,0.96601586,1.04157980,0.40669993,0.58123002,0.42792943,1.30899843,1.49213795,1.43659089,1.61949489,0.19229489,0.33813088,1.20348197,1.34244497,0.20664108,0.31970552
523,0.15267713,0.01675279,0.01810967,0.38202136,0.33257678,-0.11732930,-0.28534585,0.32559183,-1.14893948,-0.06162158,-1.32604185,-0.04805356,0.11322971,-0.06970742,0.29891820,0.97056095,0.42800033,1.43933633,0.19439519,0.07413981,0.08742075,0.08015718,0.19822645,0.21381979,0.97056095,1.04293340,0.40632741,0.58640238,0.42800033,1.31698008,1.50089423,1.43933633,1.62590467,0.19439519,0.33782114,1.20164013,1.33923197,0.21435911,0.33039185
524,0.15298437,0.01638228,0.01775601,0.38625595,0.34401661,-0.12222842,-0.30047213,0.32891247,-1.16300420,-0.05992369,-1.34179102,-0.04939801,0.10257231,-0.06974214,0.28380063,0.97339123,0.43028401,1.44440300,0.18999959,0.07520782,0.08872443,0.07887839,0.19603130,0.21130563,0.97339123,1.04417132,0.41187638,0.58670740,0.43028401,1.32159695,1.50076122,1.44440300,1.62656046,0.18999959,0.34931384,1.21564486,1.35448948,0.20719327,0.31584592
525,0.15135651,0.01645307,0.01815067,0.38032544,0.34867675,-0.12968150,-0.29179812,0.33168093,-1.15838895,-0.05659165,-1.34257600,-0.04794185,0.12282670,-0.07340704,0.28109908,0.98175176,0.43162606,1.46543085,0.17095531,0.07580951,0.09703184,0.07891504,0.19523212,0.21057817,0.98175176,1.05403874,0.42415563,0.57611995,0.43162606,1.33679922,1.49556071,1.46543085,1.62495152,0.17095531,0.34847381,1.21284790,1.35557742,0.21972748,0.31296950
526,0.14947538,0.01658908,0.01971190,0.37321701,0.36063932,-0.13501108,-0.30651161,0.32631634,-1.16138688,-0.05868202,-1.34414937,-0.04582783,0.13720205,-0.07966085,0.27000537,0.97140863,0.42798851,1.48141372,0.15000063,0.07565547,0.10807415,0.07903392,0.19556700,0.21093320,0.97140863,1.04118643,0.45393735,0.57975127,0.42798851,1.35131262,1.48807897,1.48141372,1.61561461,0.15000063,0.36323065,1.21452474,1.35741032,0.22746809,0.30393119
527,0.15032573,0.01696219,0.02021396,0.37257864,0.36364370,-0.13903738,-0.30843414,0.32013885,-1.17185726,-0.06267039,-1.34667389,-0.04657358,0.13517749,-0.07860871,0.26313793,0.97793033,0.42279913,1.48194031,0.14638386,0.07444231,0.11595417,0.07766909,0.19461623,0.20954227,0.97793033,1.04175068,0.45459169,0.57540247,0.42279913,1.35805201,1.48957404,1.48194031,1.61122612,0.14638386,0.36433198,1.22204223,1.35925440,0.22321667,0.29508290
528,0.15246442,0.01713628,0.01893357,0.36060825,0.35450775,-0.14805424,-0.30626284,0.31364971,-1.17503415,-0.06555116,-1.35392177,-0.04140280,0.14285143,-0.07232756,0.25186163,0.98385401,0.42153818,1.49697096,0.13333629,0.06735297,0.09231132,0.07669356,0.19423363,0.20882674,0.98385401,1.05157890,0.46290835,0.56435921,0.42153818,1.36547930,1.47847568,1.49697096,1.60746810,0.13333629,0.36513069,1.22276690,1.36617491,0.22393128,0.27946241
529,0.15697011,0.01622823,0.01957290,0.36993518,0.37834117,-0.15421818,-0.31157672,0.30836095,-1.18891169,-0.07307690,-1.36809382,-0.03557555,0.13761118,-0.06789011,0.24884014,0.99182838,0.42419941,1.50617204,0.13561752,0.06814772,0.12033446,0.07971142,0.19388651,0.20963275,0.99182838,1.06050772,0.46664509,0.56766076,0.42419941,1.37125945,1.48632461,1.50617204,1.61845655,0.13561752,0.36990801,1.23420818,1.38049500,0.22166064,0.27647920
530,0.15500529,0.01503667,0.01944311,0.36744477,0.38095160,-0.16019386,-0.31627469,0.30423466,-1.20215931,-0.08037742,-1.37599042,-0.03483612,0.12910335,-0.06832835,0.23826620,1.00024454,0.42497751,1.50578313,0.13468495,0.06747830,0.12674506,0.08036651,0.19348643,0.20951319,1.00024454,1.06378703,0.46500895,0.56265349,0.42497751,1.37461597,1.48800551,1.50578313,1.61593669,0.13468495,0.37567583,1.24607837,1.38902067,0.21684456,0.26701274
531,0.14963384,0.01447476,0.01791243,0.36531322,0.39708790,-0.16173110,-0.31540979,0.29285093,-1.20347894,-0.09088826,-1.35949763,-0.04668610,0.13252520,-0.07438851,0.22600285,0.99765345,0.41674858,1.49269826,0.12120709,0.06839549,0.11990089,0.07964234,0.19467992,0.21034061,0.99765345,1.04744469,0.46393968,0.54953777,0.41674858,1.37899130,1.47629851,1.49269826,1.58759793,0.12120709,0.37595499,1.24483146,1.37310333,0.21457360,0.25443977
532,0.15436750,0.01451605,0.01806561,0.35041639,0.39052889,-0.17100088,-0.29669617,0.28377605,-1.19155350,-0.10181417,-1.32795875,-0.05092521,0.15158836,-0.08286536,0.22578399,1.00379891,0.41111316,1.48042774,0.11021093,0.06318853,0.10012888,0.07860148,0.19605340,0.21122293,1.00379891,1.03424412,0.46525338,0.53152825,0.41111316,1.38472287,1.46447250,1.48042774,1.55586994,0.11021093,0.36584468,1.23115989,1.34213258,0.22738379,0.25565158
533,0.14797889,0.01445807,0.01986801,0.35798504,0.39686256,-0.16714706,-0.30515235,0.28661750,-1.19725854,-0.10332066,-1.32954290,-0.05192512,0.13748742,-0.08343805,0.20863914,1.00095687,0.41389117,1.46793395,0.10919726,0.05325567,0.07513479,0.07845688,0.19574690,0.21088464,1.00095687,1.02679473,0.45813044,0.52301723,0.41389117,1.37755238,1.45428028,1.46793395,1.54038222,0.10919726,0.37691098,1.23817923,1.34488350,0.22544797,0.24371133
534,0.14611431,0.01433403,0.02073416,0.35770271,0.39408446,-0.16598062,-0.30353564,0.28799457,-1.19347996,-0.10870877,-1.32523250,-0.05995673,0.13842722,-0.08239917,0.22304255,0.99912014,0.42034143,1.46448200,0.11473050,0.05608890,0.08456176,0.07825612,0.19552593,0.21060487,0.99912014,1.02380412,0.45527590,0.53529332,0.42034143,1.37714928,1.46457808,1.46448200,1.55054969,0.11473050,0.37435923,1.23469762,1.34116877,0.22696341,0.25620609
535,0.14318931,0.01461497,0.02131694,0.35813867,0.38611046,-0.16574219,-0.31247574,0.28523737,-1.19662665,-0.11804880,-1.32206120,-0.05965251,0.13772685,-0.08447956,0.23788587,0.99261606,0.42450502,1.46096304,0.12439655,0.05374306,0.08626987,0.07912553,0.19569838,0.21108934,0.99261606,1.01113675,0.46378075,0.55745905,0.42450502,1.37902134,1.48155381,1.46096304,1.56165366,0.12439655,0.37938147,1.23635837,1.33772433,0.22765343,0.27215611
536,0.14410012,0.01335453,0.02345403,0.35480089,0.39462362,-0.16293348,-0.30511468,0.27777071,-1.18886127,-0.12790192,-1.30752968,-0.06407760,0.14086995,-0.08743760,0.22169474,0.98772614,0.42508642,1.44984284,0.11025202,0.04243847,0.06399529,0.07978778,0.19771723,0.21320926,0.98772614,1.00336064,0.45825144,0.53333643,0.42508642,1.37409827,1.45715058,1.44984284,1.53096757,0.11025202,0.37392518,1.22702927,1.32445883,0.23615220,0.26128280
537,0.14227341,0.01358400,0.02316517,0.35566665,0.39170089,-0.16226062,-0.30528511,0.27188613,-1.18000449,-0.13551782,-1.30468042,-0.07277142,0.13983560,-0.08648088,0.23104064,0.97670778,0.42832139,1.44589989,0.11544022,0.04010467,0.05441056,0.08085974,0.20009096,0.21581170,0.97670778,1.00007962,0.45526023,0.54284423,0.42832139,1.36508774,1.45594678,1.44589989,1.53773404,0.11544022,0.37491591,1.21751955,1.32274575,0.23815438,0.26973877
538,0.14484979,0.01305058,0.02182841,0.36425071,0.38616247,-0.15812314,-0.28901376,0.27286724,-1.17815541,-0.14106151,-1.30548784,-0.07502877,0.11854510,-0.08158980,0.23421305,0.98816762,0.43528400,1.42557268,0.13285224,0.05011164,0.07544136,0.08060135,0.19949667,0.21516389,0.98816762,1.01710834,0.41757087,0.52954533,0.43528400,1.34345495,1.45625514,1.42557268,1.54200866,0.13285224,0.35885628,1.21631446,1.32455079,0.22752146,0.27300427
539,0.14578616,0.01268653,0.02241890,0.36989851,0.39202532,-0.16410126,-0.29544713,0.27407443,-1.17988567,-0.14732666,-1.30932881,-0.07685952,0.12023092,-0.08337755,0.23146372,0.98712541,0.44342087,1.43129737,0.12713221,0.04752504,0.08280604,0.08111167,0.19874137,0.21465609,0.98712541,1.01459538,0.42629963,0.53363132,0.44342087,1.34758129,1.45595361,1.43129737,1.54324231,0.12713221,0.36571628,1.21784284,1.32901801,0.22677282,0.27158694
540,0.14033554,0.01368022,0.02236256,0.37332747,0.37896110,-0.16849873,-0.30173509,0.27178151,-1.17896434,-0.15184625,-1.31279011,-0.07832743,0.11159146,-0.08241716,0.24298265,0.98163192,0.44652462,1.42628130,0.14450339,0.05037601,0.08264856,0.08096108,0.19806377,0.21397185,0.98163192,1.01163519,0.42434695,0.55212985,0.44652462,1.33806810,1.46544573,1.42628130,1.55835550,0.14450339,0.37543862,1.21703693,1.33329384,0.22569880,0.28319520
541,0.13841558,0.01295851,0.02269813,0.36683834,0.37855276,-0.17124340,-0.30327774,0.27127381,-1.17494195,-0.15537466,-1.30561645,-0.07790599,0.12210217,-0.08360779,0.23947817,0.97765909,0.44856710,1.42981882,0.13167108,0.04989582,0.06883841,0.07967074,0.19803402,0.21345936,0.97765909,1.00297055,0.43666140,0.55047585,0.44856710,1.34400701,1.45832365,1.42981882,1.54790154,0.13167108,0.37602240,1.21259404,1.32624074,0.22606745,0.27816780
542,0.13892709,0.01425049,0.02306123,0.37335034,0.37880565,-0.16932720,-0.31280560,0.27355669,-1.18316526,-0.15780824,-1.31253808,-0.06635111,0.12094309,-0.08069668,0.24052253,0.97662213,0.45246577,1.43639784,0.13346079,0.05417040,0.07653049,0.08045461,0.19762239,0.21337187,0.97662213,1.00033785,0.44683801,0.56103812,0.45246577,1.34830951,1.46718988,1.43639784,1.55612980,0.13346079,0.38501694,1.22202282,1.33421684,0.22499273,0.28074902
543,0.14146421,0.01464230,0.02302093,0.37533428,0.37560767,-0.16446534,-0.29839194,0.27090232,-1.17942483,-0.16170547,-1.30845964,-0.07020337,0.11282504,-0.07656060,0.24362205,0.98280715,0.45365233,1.42423016,0.14244209,0.05877043,0.08279788,0.08097706,0.19767640,0.21361939,0.98280715,1.01059910,0.42292594,0.54972819,0.45365233,1.33716407,1.46492209,1.42423016,1.55553504,0.14244209,0.37137673,1.21771959,1.33070096,0.22169478,0.28275940
544,0.14112940,0.01636247,0.02261879,0.37150942,0.37358887,-0.16811262,-0.30353949,0.27397331,-1.18984108,-0.15900812,-1.31794763,-0.06300496,0.12039180,-0.07451415,0.24726111,0.99049551,0.45384159,1.44154253,0.14085920,0.06157522,0.09041467,0.08136993,0.19574716,0.21198588,0.99049551,1.01505827,0.43796310,0.55938599,0.45384159,1.35355200,1.47885196,1.44154253,1.56875023,0.14085920,0.37786649,1.22887267,1.34030343,0.22709983,0.28555021
545,0.14745403,0.01503061,0.02103387,0.36489500,0.38014777,-0.16521812,-0.28215957,0.27443593,-1.18495646,-0.15678762,-1.31640351,-0.06226843,0.11839956,-0.07413070,0.23177342,1.00426646,0.45315318,1.43792073,0.13227482,0.05831641,0.07650819,0.08088355,0.19661109,0.21259837,1.00426646,1.03475467,0.41443648,0.52350593,0.45315318,1.34677771,1.45920842,1.43792073,1.55204462,0.13227482,0.36085343,1.22413072,1.33842281,0.22372823,0.26797314
546,0.14668136,0.01455719,0.02156515,0.36409830,0.37732573,-0.17099916,-0.28573106,0.26559455,-1.17962188,-0.16094494,-1.30884098,-0.06968129,0.13137683,-0.08033445,0.24004328,0.99491319,0.44766356,1.44311076,0.12819173,0.05417719,0.05788301,0.08139571,0.19751821,0.21363218,0.99491319,1.02354271,0.42993606,0.53523667,0.44766356,1.35374085,1.46148363,1.44311076,1.55258961,0.12819173,0.36537182,1.21681298,1.33071073,0.22956716,0.27509715
547,0.14494260,0.01541268,0.02244830,0.36545979,0.38418730,-0.17018223,-0.29579560,0.26427235,-1.18495908,-0.16421304,-1.31462460,-0.06068031,0.13514344,-0.08106866,0.23554409,0.98968129,0.44940403,1.45349823,0.12268921,0.06014939,0.07056280,0.08138426,0.19677924,0.21294475,0.98968129,1.01926085,0.44502002,0.54098114,0.44940403,1.35981540,1.46238941,1.45349823,1.55435641,0.12268921,0.37546454,1.22284841,1.33778375,0.22937232,0.27135550
548,0.14699195,0.01441774,0.02199567,0.37076829,0.39685296,-0.17813402,-0.29111178,0.27140728,-1.19713331,-0.16427288,-1.32474510,-0.06314769,0.12606592,-0.08486616,0.21112185,1.01155191,0.45570655,1.45433238,0.11313697,0.05357947,0.05354126,0.08141645,0.19604497,0.21227875,1.01155191,1.03398208,0.43324667,0.51329185,0.45570655,1.36535712,1.45301448,1.45433238,1.53966454,0.11313697,0.37585471,1.23557002,1.34703209,0.22747496,0.25150112
549,0.15300979,0.01358683,0.02091500,0.37065749,0.40005280,-0.17617929,-0.29188114,0.26453327,-1.18596657,-0.16491991,-1.31683417,-0.06485627,0.13058534,-0.08166520,0.21113151,0.99690275,0.45092193,1.45087857,0.10903760,0.05142206,0.04281809,0.08180607,0.19784168,0.21408775,0.99690275,1.02539786,0.43757198,0.51397609,0.45092193,1.35767945,1.43973067,1.45087857,1.53207420,0.10903760,0.37345878,1.22296064,1.33933470,0.22924598,0.24969125
550,0.14594474,0.01370273,0.02294654,0.36170645,0.38252564,-0.17627193,-0.29165096,0.26224106,-1.18344025,-0.17421627,-1.30646365,-0.06220487,0.13693417,-0.08369762,0.22275312,0.99391240,0.45522724,1.44774307,0.11206779,0.05166657,0.03948884,0.07995824,0.19777044,0.21332245,0.99391240,1.01508200,0.44392328,0.52500849,0.45522724,1.36012877,1.44849172,1.44774307,1.53362286,0.11206779,0.37567276,1.22036353,1.33045244,0.23255856,0.26156301
551,0.14534646,0.01385663,0.02316654,0.35687494,0.38091479,-0.18273949,-0.30928038,0.25430233,-1.18416463,-0.17743465,-1.29967105,-0.06032612,0.14412450,-0.08322819,0.22358487,0.97815596,0.44861570,1.44853934,0.10923782,0.04277611,-0.00234019,0.07987606,0.19872387,0.21417601,0.97815596,0.99060584,0.47017527,0.54428126,0.44861570,1.36567234,1.44795760,1.44853934,1.52771999,0.10923782,0.39286458,1.21923205,1.32388336,0.23947584,0.26275789
552,0.14221397,0.01447983,0.02341708,0.35596077,0.37344416,-0.17662304,-0.29369104,0.25313209,-1.18331894,-0.17859421,-1.29025693,-0.06524710,0.13911818,-0.08093617,0.24289817,0.98823487,0.44655887,1.43386231,0.12546819,0.04728176,0.01578687,0.08096083,0.19847552,0.21435295,0.98823487,0.99672974,0.44724796,0.54746832,0.44655887,1.36079059,1.46511531,1.43386231,1.53782548,0.12546819,0.37987858,1.21838847,1.31519097,0.23763388,0.27966430
553,0.14437229,0.01465857,0.02320025,0.35081349,0.36659282,-0.17670051,-0.29859859,0.25295249,-1.18667426,-0.18164054,-1.28727028,-0.06815341,0.15601876,-0.08597753,0.25926600,0.98672286,0.44813987,1.44774852,0.12387734,0.04714154,0.02394319,0.08136840,0.19761129,0.21370783,0.98672286,0.98898480,0.46823543,0.56647422,0.44813987,1.38133871,1.48526099,1.44774852,1.55075055,0.12387734,0.37904089,1.22072394,1.31201539,0.24821530,0.29618982
554,0.14340875,0.01282362,0.02307928,0.36135109,0.38115317,-0.17143770,-0.30704098,0.25390020,-1.19487692,-0.17606950,-1.28539584,-0.06418930,0.14805006,-0.08440903,0.25207356,0.98466619,0.44197215,1.43781459,0.12273520,0.04402505,0.05135317,0.08299584,0.19688583,0.21366409,0.98466619,0.97875504,0.46870274,0.56659893,0.44197215,1.38109465,1.48600197,1.43781459,1.54124540,0.12273520,0.38277559,1.22857027,1.30965693,0.24466952,0.29248604
555,0.14278375,0.01283450,0.02301666,0.36037553,0.38317974,-0.17301802,-0.30469166,0.25401345,-1.19949604,-0.17603640,-1.28757983,-0.06325476,0.14639405,-0.08310148,0.25261788,0.99172952,0.44174191,1.43840501,0.12613802,0.04315541,0.04915110,0.08279840,0.19607464,0.21283994,0.99172952,0.98326500,0.46521090,0.56560978,0.44174191,1.38376451,1.49078730,1.43840501,1.54425222,0.12613802,0.38063484,1.23259605,1.31138784,0.23944591,0.28916168
556,0.14288612,0.01419405,0.02275858,0.35797618,0.38017387,-0.17252020,-0.29915578,0.24944902,-1.20197140,-0.17801740,-1.29277552,-0.05531448,0.14829826,-0.08000743,0.25504184,0.99679944,0.43971952,1.44629600,0.12875615,0.04957923,0.07021241,0.08192102,0.19481924,0.21134235,0.99679944,0.99400152,0.46308477,0.56369577,0.43971952,1.38493655,1.49398304,1.44629600,1.55260500,0.12875615,0.37900327,1.23491453,1.31776471,0.23850262,0.28934391
557,0.14599934,0.01391163,0.02210724,0.36856161,0.39969499,-0.17244917,-0.30233656,0.24323698,-1.19613738,-0.17908012,-1.28820610,-0.05438192,0.13854347,-0.07893137,0.23179162,0.98593384,0.43482196,1.43220339,0.11675881,0.05128490,0.09078027,0.08376311,0.19546268,0.21265445,0.98593384,0.98627759,0.45690087,0.54409929,0.43482196,1.36807027,1.46403538,1.43220339,1.52501134,0.11675881,0.38012275,1.22784634,1.31304288,0.22885939,0.26762785
558,0.14758901,0.01384043,0.02270430,0.36183937,0.39086528,-0.16981578,-0.29110311,0.24090273,-1.19012949,-0.18879859,-1.27972305,-0.05651432,0.14520293,-0.07781417,0.23494689,0.98851761,0.44100132,1.43106464,0.11338376,0.05388951,0.06697080,0.08063917,0.19548086,0.21146026,0.98851761,0.98918274,0.45129968,0.53586331,0.44100132,1.36854910,1.46057185,1.43106464,1.52042070,0.11338376,0.36805384,1.22150715,1.30540858,0.23034087,0.26834576
559,0.14483957,0.01421886,0.02245148,0.35597215,0.39004969,-0.17520160,-0.28600997,0.23218795,-1.19566330,-0.19495120,-1.27810257,-0.05572739,0.14743833,-0.08218764,0.22841783,0.99692351,0.43695055,1.43233454,0.11095591,0.05296128,0.04853312,0.07941196,0.19451123,0.21009730,0.99692351,0.99250067,0.44985691,0.52578818,0.43695055,1.37406926,1.45880663,1.43233454,1.51268318,0.11095591,0.37018991,1.22558438,1.30496552,0.23291848,0.26269643
560,0.14371085,0.01379832,0.02229174,0.36277568,0.39655353,-0.16683571,-0.28634868,0.22953568,-1.18267553,-0.19590694,-1.26075372,-0.05986196,0.13667209,-0.08872783,0.20837036,0.98026117,0.43425483,1.40404667,0.10312001,0.04624139,0.01467842,0.07906309,0.19627487,0.21160056,0.98026117,0.97501355,0.43650615,0.50398044,0.43425483,1.35109684,1.42744688,1.40404667,1.47491532,0.10312001,0.36382219,1.21175113,1.28697425,0.22044430,0.24521204
561,0.14357593,0.01431013,0.02344366,0.35865738,0.40394066,-0.17442825,-0.27157267,0.22670948,-1.18748948,-0.19924172,-1.25766458,-0.06496283,0.14619727,-0.09884217,0.19836787,1.00032612,0.43326239,1.41026910,0.09512873,0.03949075,0.00492577,0.08011735,0.19607330,0.21181012,1.00032612,0.98643574,0.43194591,0.48026958,0.43326239,1.36570570,1.42401439,1.41026910,1.46126221,0.09512873,0.36181647,1.21640355,1.28483447,0.23448583,0.24292483
562,0.14342216,0.01395024,0.02626987,0.36336492,0.40253079,-0.19422817,-0.29152832,0.22666066,-1.20860576,-0.20191767,-1.27858298,-0.05964312,0.13722036,-0.09354319,0.19615416,1.00947572,0.43600616,1.42299066,0.09869734,0.02534458,-0.00392119,0.08278273,0.19575470,0.21253913,1.00947572,0.98713207,0.44993265,0.50038887,0.43600616,1.37691544,1.44092772,1.42299066,1.47988431,0.09869734,0.38566562,1.23673489,1.30567480,0.23692318,0.24455168
563,0.13856323,0.01452234,0.02539158,0.36565215,0.40773630,-0.18722542,-0.29084763,0.22399903,-1.20601496,-0.20441880,-1.27577803,-0.05783229,0.13081089,-0.09101184,0.19214486,1.00380803,0.43564027,1.41420653,0.10155890,0.03523660,0.01112632,0.08246468,0.19689152,0.21346357,1.00380803,0.98509604,0.44110460,0.49714603,0.43564027,1.36672331,1.43366964,1.41420653,1.47412942,0.10155890,0.38683446,1.23479444,1.30435480,0.22919173,0.23723692
564,0.13903549,0.01445338,0.02466405,0.36465302,0.40669239,-0.18025489,-0.27403652,0.22792672,-1.20453965,-0.20481466,-1.27482116,-0.06113526,0.12697799,-0.09330888,0.19176782,1.01640841,0.44003735,1.40915753,0.10208548,0.04605807,0.04675362,0.08278169,0.19655645,0.21327739,1.01640841,1.00116448,0.41837835,0.47840191,0.44003735,1.36289573,1.43335768,1.40915753,1.47290879,0.10208548,0.36965747,1.23448496,1.30407401,0.22598351,0.23754543
565,0.13686016,0.01512379,0.02484729,0.36877764,0.41027036,-0.18598413,-0.28113975,0.22558272,-1.21386960,-0.21076788,-1.27826672,-0.06187129,0.12595950,-0.09919630,0.18569471,1.01987899,0.44244238,1.41211277,0.10114747,0.04441798,0.03624597,0.08359698,0.19586048,0.21295488,1.01987899,0.99745803,0.42559834,0.48029168,0.44244238,1.37061097,1.43743544,1.41211277,1.47033034,0.10114747,0.38377338,1.24440652,1.30941902,0.23127415,0.23811119
566,0.13569257,0.01452233,0.02531121,0.36077128,0.39271056,-0.18751340,-0.28434701,0.21669931,-1.20601461,-0.21483275,-1.27012514,-0.06726048,0.13382281,-0.09463280,0.21035609,1.00698921,0.43778939,1.41168948,0.10669933,0.03545732,-0.00899882,0.08298994,0.19718224,0.21393496,1.00698921,0.98615926,0.43512232,0.50836939,0.43778939,1.36997178,1.45065862,1.41168948,1.48717346,0.10669933,0.38891847,1.23491222,1.30210464,0.23847258,0.25838911
567,0.13161565,0.01441806,0.02581234,0.35901344,0.40061651,-0.17050108,-0.27751069,0.22290660,-1.21267435,-0.21429884,-1.27021176,-0.07187183,0.11900323,-0.09285710,0.19629593,1.01488882,0.44254678,1.39650030,0.10546440,0.04737842,0.02808615,0.08314017,0.19538905,0.21234210,1.01488882,0.99372581,0.40867031,0.48396621,0.44254678,1.36434211,1.44432966,1.39650030,1.47327195,0.10546440,0.37102783,1.24223583,1.30188613,0.23179498,0.24659861
568,0.12769756,0.01450222,0.02607413,0.36371347,0.40391883,-0.16855257,-0.28997260,0.22075786,-1.20687412,-0.21495731,-1.27366923,-0.07273433,0.10999987,-0.09186666,0.19037171,0.99650668,0.44197946,1.39096034,0.10828275,0.04176505,0.00114824,0.08373588,0.19640345,0.21350881,0.99650668,0.98480190,0.41134082,0.49055480,0.44197946,1.34961039,1.43224595,1.39096034,1.47078973,0.10828275,0.38222240,1.23675516,1.30529496,0.23111201,0.24296675
569,0.13080576,0.01524829,0.02534801,0.36934070,0.40938856,-0.17989821,-0.29812028,0.21957192,-1.21959503,-0.21679441,-1.29004789,-0.07312543,0.09971295,-0.09467558,0.18162203,1.00473292,0.44335049,1.39717031,0.10979148,0.04605049,0.03704903,0.08432696,0.19491069,0.21237046,1.00473292,0.99263258,0.41192435,0.49179781,0.44335049,1.35175055,1.43653824,1.39717031,1.47852359,0.10979148,0.39455204,1.24915202,1.32210922,0.22561890,0.23680469
570,0.13539733,0.01425153,0.02277600,0.37133075,0.40095857,-0.18423861,-0.28846831,0.22540043,-1.22326353,-0.21335551,-1.29623709,-0.07999297,0.10476919,-0.09625816,0.19217618,1.02080058,0.44633482,1.40733955,0.10971203,0.04953730,0.04197944,0.08429615,0.19506686,0.21250157,1.02080058,1.00834120,0.40722643,0.49080053,0.44633482,1.36322040,1.45176846,1.40733955,1.49436649,0.10971203,0.38303653,1.25313864,1.32726567,0.23133545,0.24905660
571,0.13456337,0.01548841,0.02085699,0.37086356,0.38295296,-0.18228311,-0.29079384,0.23375599,-1.21896672,-0.20957398,-1.30797725,-0.07911707,0.10304349,-0.08529440,0.22478658,1.01723117,0.45421765,1.41704220,0.13654095,0.05801802,0.06656901,0.08331893,0.19474199,0.21181710,1.01723117,1.01799532,0.40801646,0.52576091,0.45421765,1.35911252,1.47874506,1.41704220,1.53915399,0.13654095,0.37757996,1.24956466,1.33787005,0.22553734,0.26999281
572,0.14964330,0.01511102,0.01965036,0.37404362,0.37754388,-0.18603844,-0.29643851,0.24339654,-1.22335887,-0.20922916,-1.34479872,-0.06973493,0.13516603,-0.07757497,0.26208816,1.02156754,0.47132205,1.48652610,0.13990639,0.06195484,0.09480063,0.08579235,0.19439278,0.21248266,1.02156754,1.04972146,0.44933947,0.56909904,0.47132205,1.39496839,1.51976454,1.48652610,1.61341306,0.13990639,0.37770214,1.25515895,1.37420101,0.24168278,0.30244853
573,0.15314715,0.01624054,0.02045626,0.38185620,0.38402395,-0.18004006,-0.30072537,0.25536237,-1.22500947,-0.20227173,-1.34840890,-0.05322539,0.12576319,-0.06780790,0.25691980,1.02170559,0.47667526,1.48168780,0.14560590,0.06377785,0.11449792,0.08736454,0.19465764,0.21336391,1.02170559,1.04902665,0.44762816,0.56896611,0.47667526,1.38652604,1.51679142,1.48168780,1.61209589,0.14560590,0.37793818,1.25903196,1.37660963,0.23425377,0.29528670
574,0.15497519,0.01911489,0.02328279,0.38677773,0.37224456,-0.17782395,-0.30018717,0.26204178,-1.21166920,-0.19525221,-1.34414976,-0.03128198,0.11962884,-0.05957897,0.27189645,1.01206798,0.47879628,1.47294004,0.16551778,0.06609075,0.13398648,0.08902362,0.19702957,0.21620790,1.01206798,1.04536516,0.44713080,0.58428772,0.47879628,1.36402116,1.51807408,1.47294004,1.62294215,0.16551778,0.37512235,1.24736749,1.37134766,0.22230805,0.30568283
575,0.15294310,0.01672963,0.02167429,0.39695703,0.37994783,-0.15855540,-0.29311641,0.26483369,-1.20009427,-0.18641147,-1.34340989,-0.02426024,0.10138946,-0.04949631,0.27820451,1.00093347,0.47631150,1.45391272,0.18713773,0.07360478,0.14295430,0.09169491,0.19930039,0.21938232,1.00093347,1.05191272,0.41866493,0.58184956,0.47631150,1.33383305,1.51142100,1.45391272,1.62876249,0.18713773,0.36241665,1.23710289,1.37004387,0.21023547,0.30968166
576,0.14591313,0.01821374,0.02259775,0.39145182,0.36592552,-0.14021234,-0.29535782,0.26834519,-1.19287997,-0.17976223,-1.33451095,-0.01429346,0.11099684,-0.04166464,0.29278876,0.98613661,0.47244516,1.45502759,0.19186536,0.08105975,0.15161372,0.09294386,0.20096429,0.22141636,0.98613661,1.04105038,0.42673860,0.59672761,0.47244516,1.33457097,1.51782415,1.45502759,1.63465522,0.19186536,0.36125853,1.23235664,1.36170080,0.21811925,0.32398742
577,0.13862281,0.01863879,0.02205334,0.40028595,0.39152005,-0.11592372,-0.29834483,0.27721797,-1.18908489,-0.16675782,-1.33623129,-0.00676143,0.09128933,-0.04414014,0.27095501,0.97364693,0.46960396,1.43662270,0.19262371,0.07744079,0.14251952,0.09401604,0.20178733,0.22261433,0.97364693,1.03985434,0.40499788,0.57530273,0.46960396,1.31164526,1.49547726,1.43662270,1.61385290,0.19262371,0.36053248,1.23177258,1.36207050,0.20464459,0.30143429
578,0.13782465,0.01913095,0.02251705,0.40165124,0.39417534,-0.10964144,-0.30245320,0.28339248,-1.18787192,-0.15842374,-1.35576460,0.00185377,0.10900422,-0.04023852,0.26915895,0.96873660,0.47478098,1.47374151,0.17486424,0.08184907,0.17948095,0.09575317,0.20266916,0.22415053,0.96873660,1.05528028,0.42659873,0.57720570,0.47478098,1.32721993,1.49300316,1.47374151,1.63128860,0.17486424,0.36278882,1.23227117,1.38101432,0.21365295,0.30056361
579,0.13558138,0.01887387,0.02113274,0.40719879,0.39598094,-0.10385067,-0.30435946,0.29010290,-1.18972916,-0.14996662,-1.36416805,0.00769863,0.09587415,-0.04217949,0.26523424,0.96906086,0.47549067,1.46881208,0.18453522,0.08622251,0.18552792,0.09554151,0.20206355,0.22351255,0.96906086,1.06176273,0.41580250,0.57414974,0.47549067,1.31635221,1.49290077,1.46881208,1.63504387,0.18453522,0.36189572,1.23581162,1.38849885,0.20598495,0.29770858
580,0.13778117,0.01818458,0.02109675,0.41194390,0.40441686,-0.08885524,-0.30059529,0.29783746,-1.18830516,-0.14283423,-1.37210031,0.01685939,0.10656408,-0.04551712,0.26506462,0.96829875,0.47973548,1.48762999,0.17802280,0.09235752,0.22913461,0.09757444,0.20178229,0.22413582,0.96829875,1.07417894,0.42113861,0.56820113,0.47973548,1.32507330,1.49386554,1.48762999,1.64224620,0.17802280,0.35089291,1.23602023,1.39553524,0.20797045,0.29701311
581,0.13699499,0.01925829,0.02256388,0.41141225,0.40553789,-0.08896110,-0.30789406,0.30185792,-1.18259244,-0.13347091,-1.37582780,0.02008689,0.10248728,-0.04091233,0.25784953,0.95805126,0.47831265,1.48664809,0.17503847,0.09161297,0.23032122,0.09723163,0.20241998,0.22456144,0.95805126,1.06998340,0.42490270,0.56900420,0.47831265,1.31564911,1.48126893,1.48664809,1.63857138,0.17503847,0.35645535,1.23109328,1.39741058,0.20076627,0.28680783
582,0.13508152,0.01829946,0.02167729,0.41426814,0.40663897,-0.08518056,-0.31555263,0.30998137,-1.18405419,-0.12764653,-1.38449531,0.02128399,0.10486088,-0.04031538,0.25404345,0.95418332,0.48332699,1.49712862,0.16934862,0.09283207,0.22747507,0.09614849,0.20142511,0.22319635,0.95418332,1.07085936,0.43397268,0.57245964,0.48332699,1.32090210,1.48067826,1.49712862,1.64298241,0.16934862,0.36055673,1.23391692,1.40470107,0.19921138,0.28248351
583,0.13535952,0.01876774,0.02318478,0.41181453,0.40283377,-0.08402607,-0.32224306,0.31310150,-1.17856044,-0.12347570,-1.38334794,0.02224696,0.10820823,-0.03726047,0.25900202,0.94392545,0.48384303,1.49898806,0.17095895,0.09275382,0.21634062,0.09474577,0.20110300,0.22230425,0.94392545,1.06266529,0.44349926,0.58476836,0.48384303,1.31925575,1.48036199,1.49898806,1.64684563,0.17095895,0.36733880,1.22955557,1.40274451,0.19897785,0.28431920
584,0.13398073,0.01917847,0.02286938,0.41295372,0.40656346,-0.07631778,-0.32262205,0.31360889,-1.16912183,-0.11791700,-1.37850883,0.02535159,0.10249556,-0.03687710,0.24973860,0.93199468,0.48121631,1.48821439,0.16867925,0.09333519,0.21790282,0.09431156,0.20206140,0.22298762,0.93199468,1.05753804,0.43727741,0.57522464,0.48121631,1.30391231,1.46219044,1.48821439,1.63240249,0.16867925,0.36474235,1.22035465,1.39708105,0.19531846,0.27555972
585,0.13277982,0.01836041,0.02111664,0.41330181,0.41410286,-0.07394519,-0.32921740,0.31577986,-1.17044126,-0.11393880,-1.38159056,0.02830001,0.10929962,-0.03599128,0.24011437,0.92713595,0.48031902,1.49796103,0.15625253,0.09742844,0.22696296,0.09432140,0.20223289,0.22314719,0.92713595,1.05406919,0.45050893,0.57213212,0.48031902,1.31165894,1.45455140,1.49796103,1.62587040,0.15625253,0.36857666,1.22209241,1.39961436,0.19803858,0.26509061
586,0.13486634,0.01915858,0.02188736,0.41064148,0.41064021,-0.06459506,-0.32248490,0.31524296,-1.16842615,-0.11147638,-1.37979289,0.03186570,0.11271445,-0.03182828,0.24342741,0.92733365,0.47786346,1.49959474,0.15672538,0.09422903,0.22472810,0.09399080,0.20254838,0.22329379,0.92733365,1.05939944,0.44628128,0.56806275,0.47786346,1.31218323,1.45456245,1.49959474,1.62735077,0.15672538,0.35715256,1.21905332,1.39678985,0.19892323,0.26596085
587,0.13473604,0.01993532,0.02157468,0.41653925,0.41884563,-0.05942681,-0.32072423,0.31516429,-1.15373609,-0.11257386,-1.37408465,0.04206074,0.10217495,-0.02842434,0.22587200,0.91347293,0.48255875,1.48463495,0.15339804,0.09405782,0.24941552,0.09515080,0.20357351,0.22471282,0.91347293,1.05593616,0.43542731,0.54864511,0.48255875,1.28528072,1.42263383,1.48463495,1.60452243,0.15339804,0.35349323,1.20544987,1.39135481,0.19242381,0.24881977
588,0.13746773,0.02281091,0.02265850,0.41236691,0.41130466,-0.07205733,-0.32807937,0.31181452,-1.14677518,-0.11934547,-1.38054919,0.02939929,0.11533801,-0.03314613,0.24764309,0.90426225,0.49175485,1.50354107,0.15733634,0.08824867,0.23726072,0.09442771,0.20340397,0.22425380,0.90426225,1.05445175,0.45512991,0.57860511,0.49175485,1.29334252,1.43735689,1.50354107,1.63277200,0.15733634,0.36629768,1.19840641,1.39868280,0.20045676,0.27044697
589,0.13660652,0.02400149,0.02273089,0.41198231,0.41542629,-0.08264830,-0.33727888,0.30967625,-1.15249225,-0.12301247,-1.38478715,0.03321103,0.10549245,-0.03439005,0.24091078,0.90475235,0.49257609,1.49869610,0.16372505,0.08399586,0.23668575,0.09369600,0.20211692,0.22277834,0.90475235,1.04935367,0.45811241,0.58175490,0.49257609,1.28804997,1.43618640,1.49869610,1.63058829,0.16372505,0.37370486,1.20243223,1.40255015,0.19287290,0.26145051
590,0.13878085,0.02208483,0.02243492,0.40811710,0.40867554,-0.06841904,-0.33306863,0.30726075,-1.14941210,-0.12083283,-1.37220835,0.04099539,0.11170198,-0.02969154,0.24347359,0.89871287,0.48388301,1.49296891,0.16130805,0.08097042,0.23127967,0.09323169,0.20258998,0.22301312,0.89871287,1.04151035,0.45841892,0.57934000,0.48388301,1.28893742,1.43404821,1.49296891,1.62066266,0.16130805,0.36646755,1.19896773,1.38967737,0.19583240,0.26304744
591,0.13669216,0.02237196,0.02276372,0.41104722,0.41449217,-0.06494871,-0.32642741,0.29569102,-1.13467776,-0.12677648,-1.35335638,0.03558158,0.10283002,-0.03459778,0.23238428,0.88508929,0.47708893,1.46546822,0.15874476,0.07384368,0.23257479,0.09509812,0.20607507,0.22695944,0.88508929,1.02971055,0.44116358,0.56128852,0.47708893,1.26457841,1.40729704,1.46546822,1.59077729,0.15874476,0.35898037,1.18111802,1.37089679,0.18575219,0.25212163
592,0.14041208,0.02194727,0.02213929,0.41551711,0.41272929,-0.07159134,-0.32880944,0.29121746,-1.13848922,-0.13028004,-1.34632433,0.03603501,0.08646303,-0.03033576,0.23164065,0.88731481,0.47115062,1.44266022,0.16884820,0.07493721,0.23332782,0.09551078,0.20688216,0.22786518,0.88731481,1.02017030,0.42934372,0.56322748,0.47115062,1.25126717,1.40818982,1.44266022,1.58325252,0.16884820,0.36244082,1.18410444,1.36440117,0.17852788,0.25293726
593,0.13913777,0.02075404,0.01992168,0.41969343,0.41488894,-0.06947306,-0.32350247,0.28145795,-1.14356907,-0.14581683,-1.35452635,0.02829634,0.06981134,-0.03242699,0.23090645,0.89212814,0.47767963,1.43511707,0.18013189,0.07203724,0.23552529,0.09477500,0.20673099,0.22742032,0.89212814,1.03498472,0.40611602,0.55630102,0.47767963,1.23955615,1.41049182,1.43511707,1.59127592,0.18013189,0.35409328,1.18614204,1.37349884,0.16972633,0.25335718
594,0.13849889,0.02216739,0.02189604,0.41214476,0.41411860,-0.07962562,-0.33334804,0.27691859,-1.15379084,-0.15208135,-1.34973339,0.03485961,0.09200776,-0.02939226,0.23523804,0.89463775,0.47283160,1.45403144,0.16721953,0.07269503,0.23757965,0.09615516,0.20549204,0.22687617,0.89463775,1.01995535,0.44092862,0.57206598,0.47283160,1.26912418,1.42325528,1.45403144,1.59187655,0.16721953,0.36788656,1.19537921,1.36997347,0.18215792,0.25565019
595,0.14122923,0.02354506,0.02331294,0.40992372,0.40944291,-0.08250640,-0.32995204,0.27094718,-1.16264976,-0.16495332,-1.35860905,0.03985148,0.09917808,-0.02721408,0.24462725,0.90469884,0.47915975,1.47232504,0.17061770,0.07412971,0.23723708,0.09742655,0.20427318,0.22631718,0.90469884,1.03303776,0.44676155,0.57842315,0.47915975,1.28284584,1.43938225,1.47232504,1.61135127,0.17061770,0.36733236,1.20339316,1.38117297,0.19282599,0.26631693
596,0.14025806,0.02473181,0.02374338,0.40392402,0.41501290,-0.08807745,-0.32215742,0.26211662,-1.15993627,-0.17499785,-1.34960443,0.03852136,0.10448081,-0.02697476,0.23781263,0.90812784,0.47776853,1.46986881,0.16125149,0.06953493,0.25755247,0.09947378,0.20535494,0.22817907,0.90812784,1.03226159,0.44572304,0.56456057,0.47776853,1.28408418,1.42825936,1.46986881,1.59664254,0.16125149,0.36075054,1.19861204,1.37341544,0.19600940,0.25884330
597,0.13747656,0.02309687,0.02106567,0.40269042,0.41523997,-0.08440311,-0.32377483,0.25758878,-1.15577311,-0.18159152,-1.34429504,0.03655527,0.10436970,-0.02565798,0.24259700,0.89961948,0.47931960,1.46524305,0.16369136,0.06882422,0.24847446,0.09988974,0.20620492,0.22912535,0.89961948,1.02626447,0.44541034,0.57085110,0.47931960,1.27941706,1.42772209,1.46524305,1.59699527,0.16369136,0.36264403,1.19378097,1.36945990,0.19540231,0.26339038
598,0.13763463,0.02287932,0.02396346,0.39287035,0.41496813,-0.10005186,-0.31652781,0.25356943,-1.15170587,-0.18522937,-1.34066860,0.03503201,0.12079577,-0.02744900,0.24319074,0.90705970,0.47908583,1.47815345,0.15192312,0.06722140,0.25927205,0.10069943,0.20595858,0.22925818,0.90705970,1.02886027,0.45844914,0.56573821,0.47908583,1.29118979,1.42388858,1.47815345,1.59413575,0.15192312,0.36117132,1.18955682,1.36690146,0.21009133,0.26572281
599,0.13521410,0.02139520,0.02152197,0.39592938,0.42261061,-0.10175726,-0.31611420,0.25084824,-1.15460880,-0.19150441,-1.33434352,0.02843763,0.12177589,-0.03388490,0.24260667,0.90967227,0.47879813,1.47281432,0.15103887,0.06639944,0.25333535,0.10070813,0.20553777,0.22888404,0.90967227,1.02319289,0.45739893,0.56447540,0.47879813,1.29567973,1.42692029,1.47281432,1.58728686,0.15103887,0.36296890,1.19186272,1.36163355,0.21040139,0.26589598
600,0.13632469,0.02223921,0.02212201,0.40060027,0.42360758,-0.10522141,-0.31772410,0.25375232,-1.15007572,-0.19161108,-1.32335366,0.02561005,0.11649896,-0.03579322,0.24602349,0.90650258,0.47909667,1.45630630,0.15667209,0.06366695,0.24249961,0.10064276,0.20556004,0.22887528,0.90650258,1.01023833,0.45399665,0.56956553,0.47909667,1.28701785,1.42671322,1.45630630,1.57937486,0.15667209,0.36454029,1.18765361,1.35019553,0.20407943,0.26885818
601,0.13628186,0.02502234,0.02519563,0.39228657,0.41836744,-0.11417861,-0.32035691,0.24984357,-1.14748600,-0.19502054,-1.32793755,0.02712676,0.12227851,-0.03538582,0.25167789,0.90377419,0.48146370,1.46734145,0.15785842,0.06409001,0.25945561,0.10170482,0.20466026,0.22853817,0.90377419,1.01200485,0.46527245,0.57889911,0.48146370,1.28920297,1.42894317,1.46734145,1.59021696,0.15785842,0.37127721,1.18539713,1.35669589,0.21368154,0.27607008
602,0.13508496,0.02154138,0.02228116,0.40293980,0.43126622,-0.10601758,-0.31881115,0.23801992,-1.14981888,-0.20293047,-1.32205230,0.02356873,0.11664854,-0.03959342,0.23455668,0.89952617,0.47480896,1.45663664,0.14776356,0.06191977,0.25761827,0.10142044,0.20638845,0.22996151,0.89952617,1.00920982,0.45508216,0.55854540,0.47480896,1.28454772,1.41286533,1.45663664,1.56761881,0.14776356,0.36323814,1.18407247,1.35085784,0.20277402,0.25858231
603,0.13849001,0.02109640,0.02246873,0.39760702,0.43077827,-0.11486213,-0.31412465,0.22882623,-1.15131361,-0.21372356,-1.31098941,0.02263967,0.11650669,-0.03613355,0.23706663,0.90510813,0.47255299,1.44716768,0.14905119,0.05832964,0.26557733,0.10425019,0.20756824,0.23227715,0.90510813,1.00348416,0.45323781,0.55771801,0.47255299,1.28460540,1.41421319,1.44716768,1.56087137,0.14905119,0.36030211,1.18320119,1.34222473,0.20467996,0.26049363
604,0.14271393,0.02075515,0.02146816,0.39960780,0.42238024,-0.11689920,-0.31062340,0.22430176,-1.15128516,-0.22352374,-1.31194505,0.02080896,0.11194907,-0.02974173,0.24354890,0.90736020,0.47753069,1.44487890,0.15411385,0.06011049,0.23586972,0.10243064,0.20781690,0.23168923,0.90736020,1.00843297,0.44557080,0.56181865,0.47753069,1.27965370,1.41845432,1.44487890,1.56980339,0.15411385,0.35784827,1.18209823,1.34404518,0.20085601,0.26617613
605,0.13951268,0.02067776,0.02170579,0.39488173,0.42410585,-0.11870381,-0.31600489,0.21879312,-1.15345848,-0.23090930,-1.30146227,0.01564652,0.13157448,-0.03663043,0.25922757,0.90295490,0.47543195,1.45429039,0.15281845,0.05443713,0.22815033,0.10254998,0.20852553,0.23237769,0.90295490,0.99325631,0.46822620,0.58220124,0.47543195,1.30113827,1.43633500,1.45429039,1.57529576,0.15281845,0.36471104,1.18329457,1.33557118,0.21347282,0.28082856
606,0.14151993,0.01973672,0.02198396,0.39374823,0.42106432,-0.12405852,-0.31398606,0.21650879,-1.16697037,-0.24005653,-1.31296971,0.01549027,0.12766616,-0.03271051,0.25365466,0.91853549,0.48172994,1.46334810,0.15034882,0.05743259,0.23862918,0.10314286,0.20703930,0.23130871,0.91853549,1.00746681,0.46443397,0.57584563,0.48172994,1.31034093,1.44299082,1.46334810,1.58295756,0.15034882,0.36389179,1.19602583,1.34897678,0.21314214,0.27593311
607,0.13779441,0.01972418,0.01993144,0.40499601,0.42896104,-0.11151648,-0.33390944,0.21057187,-1.17974429,-0.24539744,-1.31294964,0.01305657,0.11300719,-0.03794038,0.24911844,0.90522944,0.47683331,1.44948110,0.15896047,0.06018191,0.21746420,0.10275961,0.20770086,0.23173084,0.90522944,0.98983286,0.46483495,0.58873805,0.47683331,1.30781207,1.45124304,1.44948110,1.57855002,0.15896047,0.37687504,1.20783526,1.34944538,0.19890283,0.27066968
608,0.14486116,0.01897380,0.02140752,0.40110331,0.42044316,-0.13272055,-0.31527127,0.20337463,-1.19174356,-0.26098095,-1.32221381,0.00899710,0.12568885,-0.03746758,0.26428623,0.93876449,0.48408592,1.47308982,0.15896010,0.06372402,0.21783758,0.10263965,0.20568314,0.22987051,0.93876449,1.01640150,0.46388625,0.58848135,0.48408592,1.33177891,1.47657767,1.47308982,1.60461495,0.15896010,0.36965999,1.21834883,1.36132914,0.20828207,0.28625209
609,0.14195531,0.01928453,0.02222644,0.40165295,0.42038473,-0.12602524,-0.32573206,0.19932755,-1.18590560,-0.26297833,-1.31339492,0.00324886,0.12721170,-0.04240227,0.27356265,0.91978280,0.48134257,1.46526168,0.16490625,0.06143704,0.20787334,0.10278816,0.20742261,0.23149416,0.91978280,0.99874573,0.47194626,0.60591355,0.48134257,1.32774633,1.48010121,1.46526168,1.60465366,0.16490625,0.37535811,1.21226533,1.35352625,0.20987669,0.29647981
610,0.14068677,0.01834130,0.02229686,0.39147274,0.40795186,-0.14111990,-0.31591994,0.19369887,-1.19601154,-0.27120772,-1.31931565,-0.00759130,0.14487906,-0.04519280,0.29441278,0.94176666,0.48276957,1.48796509,0.16594689,0.06203311,0.19268188,0.10116770,0.20607995,0.22957319,0.94176666,1.01343374,0.48079240,0.61854341,0.48276957,1.35600289,1.51014622,1.48796509,1.63182328,0.16594689,0.37432263,1.22197457,1.36173801,0.22683424,0.31858281
611,0.14681791,0.01859727,0.02311274,0.38776580,0.40375295,-0.14572429,-0.31172169,0.19076496,-1.21213245,-0.27729186,-1.32372321,-0.00805869,0.15073997,-0.04964635,0.29391747,0.96134635,0.48339304,1.49922013,0.16305600,0.06469201,0.17912484,0.10062588,0.20528929,0.22862472,0.96134635,1.02234905,0.48330008,0.61442085,0.48339304,1.37735640,1.52605300,1.49922013,1.63661796,0.16305600,0.37598912,1.23828859,1.36907684,0.23418057,0.31878763
612,0.14727806,0.01732969,0.02243611,0.39332427,0.39517953,-0.13234814,-0.31005120,0.18606078,-1.22772380,-0.28281559,-1.31719588,-0.00918183,0.13178810,-0.04318387,0.27883849,0.97145698,0.47893628,1.47490364,0.16416155,0.07054506,0.15762100,0.09737802,0.20472024,0.22669992,0.97145698,1.01975285,0.45930268,0.59699443,0.47893628,1.37348901,1.52491913,1.47490364,1.61670219,0.16416155,0.36927045,1.25273451,1.36267798,0.21888322,0.30282880
613,0.15498547,0.01915498,0.02327367,0.39046731,0.40708979,-0.17318303,-0.30484153,0.18094515,-1.23107644,-0.28695974,-1.31859490,-0.01503728,0.11909237,-0.05696910,0.25191639,0.99170375,0.47735505,1.46342746,0.15829185,0.06354732,0.13148773,0.09876784,0.20353773,0.22623593,0.99170375,1.02125962,0.45296692,0.57131665,0.47735505,1.36434560,1.50343169,1.46342746,1.59055464,0.15829185,0.38529310,1.25618523,1.36540268,0.21716269,0.27909456
614,0.15235693,0.01505730,0.02110713,0.37558404,0.40516530,-0.18805636,-0.30048331,0.16574903,-1.22922795,-0.28521363,-1.29707583,-0.03246297,0.14389801,-0.07336757,0.24199686,0.99398534,0.45794075,1.46305002,0.13036384,0.04976222,0.09912623,0.09638170,0.20420238,0.22580532,0.99398534,1.00298917,0.47277704,0.55543220,0.45794075,1.38761398,1.49133000,1.46305002,1.55622060,0.13036384,0.38259198,1.25064677,1.34331337,0.23800268,0.27627961
615,0.15067578,0.01560361,0.02419064,0.37493813,0.39559347,-0.21083995,-0.29848787,0.16921207,-1.26010441,-0.27786422,-1.32367821,-0.03672876,0.14340733,-0.08353867,0.24580367,1.03400277,0.45365722,1.48678179,0.13228068,0.04580673,0.10739215,0.09813612,0.20138125,0.22402032,1.03400277,1.02847205,0.47677666,0.55967351,0.45365722,1.41903902,1.52730316,1.48678179,1.58325580,0.13228068,0.39998517,1.28228100,1.36873513,0.25221064,0.29250104
616,0.14379767,0.01655518,0.02517082,0.37454983,0.39537539,-0.20476339,-0.31865587,0.16740396,-1.25426664,-0.27141905,-1.30637994,-0.03608288,0.12481519,-0.07336366,0.23392238,1.00691416,0.44355420,1.45041517,0.13463295,0.03695962,0.07283291,0.09657203,0.20472601,0.22636011,1.00691416,0.99069546,0.47588074,0.56893661,0.44355420,1.39450307,1.50789120,1.45041517,1.55459442,0.13463295,0.41142700,1.27550520,1.34896549,0.23621706,0.27645196
617,0.14060613,0.01471673,0.02536557,0.37536101,0.39910076,-0.19429473,-0.31290828,0.17344413,-1.25679751,-0.27172007,-1.31120250,-0.03983398,0.13239204,-0.07166416,0.24431092,1.01301060,0.45002350,1.46209999,0.13510407,0.03309601,0.07557468,0.09679839,0.20661963,0.22817011,1.01301060,1.00179230,0.47237949,0.57176284,0.45002350,1.40595647,1.52131484,1.46209999,1.56983438,0.13510407,0.40279728,1.27843706,1.35314085,0.23866257,0.28402332
618,0.13517288,0.01530314,0.02521573,0.37719312,0.38072950,-0.19743490,-0.30921362,0.17126551,-1.23662353,-0.25646204,-1.29065238,-0.04507076,0.11658766,-0.06481028,0.24900508,0.99815065,0.43243697,1.42306284,0.14624321,0.02688957,0.05007605,0.09762978,0.21125402,0.23272266,0.99815065,0.98335986,0.45303949,0.57464644,0.43243697,1.37108482,1.50434699,1.42306284,1.55231313,0.14624321,0.40186730,1.25710104,1.32828483,0.22819523,0.28921616
619,0.13873616,0.01602886,0.02486412,0.37327572,0.39078511,-0.20017979,-0.29742471,0.18581409,-1.25103722,-0.25578922,-1.30266061,-0.04197469,0.12539388,-0.06543922,0.22090400,1.02897079,0.44614732,1.44397338,0.11722243,0.03939574,0.06032885,0.09313536,0.20735414,0.22731022,1.02897079,1.00691108,0.45182043,0.53747789,0.44614732,1.39568859,1.49344208,1.44397338,1.53666480,0.11722243,0.39892967,1.27418044,1.34129792,0.23422357,0.26431476
620,0.14266107,0.01506329,0.02589971,0.36762037,0.38439576,-0.20097273,-0.28571109,0.19036213,-1.25276289,-0.25718137,-1.31687440,-0.03786104,0.14424442,-0.06627516,0.25898933,1.04338039,0.45410065,1.47750443,0.13583332,0.03690738,0.06249708,0.09707003,0.20735649,0.22895262,1.04338039,1.03299256,0.46095943,0.56220012,0.45410065,1.41639179,1.53347987,1.47750443,1.58851331,0.13583332,0.39071542,1.27688382,1.35655681,0.25505854,0.30177816
621,0.14481520,0.01564392,0.02651236,0.36627671,0.37314808,-0.18353058,-0.27464419,0.19152940,-1.25268437,-0.26032598,-1.31372915,-0.04068417,0.15696231,-0.06838134,0.27779762,1.04750872,0.45816091,1.48700308,0.13965055,0.04415758,0.08136687,0.09588509,0.20888234,0.22983860,1.04750872,1.04262546,0.45612401,0.56498066,0.45816091,1.42930271,1.55253580,1.48700308,1.60440935,0.13965055,0.36997196,1.27732218,1.35487360,0.26020771,0.31816290
622,0.14457734,0.01606760,0.02468612,0.36175321,0.37716274,-0.16896424,-0.26598759,0.19580457,-1.25499282,-0.25162035,-1.31876729,-0.03317265,0.15346532,-0.06456159,0.26779742,1.05423507,0.45352683,1.48835997,0.13910658,0.05060579,0.06495026,0.09614951,0.20995589,0.23092467,1.05423507,1.05626677,0.44123863,0.54668398,0.45352683,1.42732214,1.54541006,1.48835997,1.59945522,0.13910658,0.36459128,1.28129245,1.35830525,0.25507723,0.30387043
623,0.14810073,0.01541124,0.02341840,0.36182734,0.37194719,-0.15784579,-0.24515022,0.19845064,-1.24181925,-0.24563193,-1.30905033,-0.03563410,0.15648113,-0.06271555,0.28613062,1.05853934,0.45049368,1.48050866,0.15018319,0.05401128,0.06579871,0.09725448,0.21230234,0.23351813,1.05853934,1.06771054,0.42009829,0.54255982,0.45049368,1.41807453,1.55064793,1.48050866,1.60741899,0.15018319,0.34291555,1.26848824,1.34696067,0.25328751,0.31854021
624,0.14646539,0.01509171,0.02282542,0.36056367,0.37868780,-0.14951082,-0.22830141,0.20076367,-1.22721059,-0.24026919,-1.30546442,-0.03363961,0.16110274,-0.06129400,0.28364182,1.05863897,0.44935040,1.48106531,0.14289035,0.05456472,0.10995191,0.09949813,0.21456908,0.23651589,1.05863897,1.08119355,0.40656292,0.52217223,0.44935040,1.40827224,1.53389594,1.48106531,1.60088177,0.14289035,0.32639837,1.25438991,1.34245642,0.25461560,0.31643512
625,0.14413638,0.01557339,0.02351051,0.35529497,0.37852950,-0.14853764,-0.21609134,0.19646826,-1.20896552,-0.23558281,-1.28629562,-0.02365872,0.15660794,-0.06311010,0.26246655,1.05116614,0.44006898,1.45843735,0.13443085,0.06095299,0.10754711,0.09833121,0.21754010,0.23873148,1.05116614,1.07393932,0.39315071,0.49039898,0.44006898,1.38333617,1.49511312,1.45843735,1.56067397,0.13443085,0.31914893,1.23668795,1.32330776,0.24748920,0.29433403
626,0.14496089,0.01571845,0.02421451,0.35528803,0.37964821,-0.13778382,-0.20632695,0.19285440,-1.18826495,-0.23253401,-1.27643207,-0.02191890,0.17727461,-0.06285154,0.28236606,1.03612474,0.43568608,1.46894096,0.13226939,0.06405041,0.14241152,0.10114963,0.22147565,0.24348041,1.03612474,1.07464452,0.40098612,0.49739275,0.43568608,1.38247379,1.49349694,1.46894096,1.57014782,0.13226939,0.30413905,1.21581075,1.31329464,0.26120149,0.31374559
627,0.14364459,0.01523469,0.02307863,0.34767493,0.38498813,-0.13083314,-0.19416718,0.18817613,-1.18648837,-0.23227670,-1.26139279,-0.02330316,0.18151001,-0.06086352,0.28111590,1.04246691,0.42821835,1.45800754,0.12827959,0.06115725,0.14124478,0.10103422,0.22374534,0.24549927,1.04246691,1.07213958,0.39077310,0.48531119,0.42821835,1.38438068,1.48950716,1.45800754,1.55426050,0.12827959,0.29418670,1.21215461,1.29704342,0.25730207,0.30769459
628,0.14849830,0.01652887,0.02341472,0.35280750,0.37410961,-0.13043222,-0.18794624,0.18817929,-1.18362214,-0.23025409,-1.25677300,-0.02582270,0.18153074,-0.06224542,0.28661385,1.04542979,0.42623051,1.45280879,0.12958001,0.06650089,0.15924949,0.10205450,0.22569402,0.24769520,1.04542979,1.07386545,0.38437061,0.48199612,0.42623051,1.38201869,1.49204037,1.45280879,1.55448661,0.12958001,0.28126468,1.20877007,1.29210677,0.25728709,0.31466834
629,0.14892708,0.01576470,0.02447532,0.35317194,0.37598566,-0.12609577,-0.17811065,0.18697257,-1.17426944,-0.22525980,-1.24100164,-0.02102617,0.17349895,-0.05483753,0.27810041,1.04424989,0.41881834,1.42921144,0.12821451,0.06379737,0.15488674,0.10273280,0.22857266,0.25059826,1.04424989,1.06771880,0.36711521,0.46509692,0.41881834,1.36388402,1.47305256,1.42921144,1.53057144,0.12821451,0.27695679,1.19976081,1.27578125,0.25143415,0.30581112
630,0.14788582,0.01586886,0.02489017,0.34367148,0.36023738,-0.11695223,-0.17015356,0.18606161,-1.17977236,-0.23488453,-1.24470666,-0.02115014,0.19144483,-0.05012595,0.30279604,1.05414705,0.42729037,1.45203307,0.13206432,0.07071217,0.16182916,0.10123220,0.22935577,0.25070307,1.05414705,1.08130064,0.37425436,0.48060218,0.42729037,1.38693636,1.50191901,1.45203307,1.56046785,0.13206432,0.26720876,1.20512463,1.28158020,0.26446894,0.32825116
631,0.15038371,0.01593326,0.02615728,0.34117308,0.37351831,-0.12020717,-0.16419746,0.18373531,-1.19201349,-0.24019131,-1.24904725,-0.01883118,0.19113634,-0.05376478,0.28320107,1.07184457,0.42900548,1.45723186,0.12228638,0.07740872,0.16194103,0.10262583,0.22911000,0.25104473,1.07184457,1.09174760,0.36954540,0.45732151,0.42900548,1.39796443,1.49539646,1.45723186,1.54631096,0.12228638,0.27027320,1.21799444,1.28798517,0.26516780,0.30864816
632,0.15247463,0.01650696,0.02765834,0.32514324,0.36532892,-0.10934683,-0.14419086,0.18266016,-1.19111060,-0.24273220,-1.24272566,-0.02222584,0.20787549,-0.05938476,0.27830495,1.08691611,0.42965723,1.46736998,0.11065370,0.07372662,0.13119325,0.09962281,0.23111426,0.25167142,1.08691611,1.10683254,0.36271982,0.43146298,0.42965723,1.41397692,1.49055059,1.46736998,1.53494556,0.11065370,0.25423366,1.21693375,1.28208019,0.27820844,0.30392558
633,0.15361161,0.01770290,0.02806483,0.32684927,0.37381933,-0.11587340,-0.13637424,0.18492133,-1.19029276,-0.24133506,-1.23751138,-0.01822365,0.18999950,-0.05132936,0.25429036,1.09604826,0.42969581,1.44498233,0.10803144,0.07772671,0.13178423,0.10071890,0.23127203,0.25225195,1.09604826,1.10838772,0.34068659,0.40471679,0.42969581,1.39517643,1.46562975,1.44498233,1.50720467,0.10803144,0.25874996,1.21748953,1.27715890,0.26471315,0.27917650
634,0.16104216,0.01725223,0.02915262,0.31865962,0.36296251,-0.11872551,-0.12032794,0.18488673,-1.17486072,-0.24443866,-1.22625610,-0.02474606,0.21765473,-0.06446953,0.28547150,1.09738338,0.43314285,1.46065211,0.11323084,0.07241637,0.14460946,0.10115009,0.23269066,0.25372482,1.09738338,1.11322979,0.35080677,0.41725483,0.43314285,1.40822140,1.48336595,1.46065211,1.52571731,0.11323084,0.24814780,1.20229266,1.26653870,0.28521437,0.30964400
635,0.15878559,0.01868391,0.02958627,0.32149268,0.36663709,-0.13012904,-0.13335310,0.17794480,-1.18277174,-0.24885884,-1.22512286,-0.01903789,0.20385998,-0.06167467,0.27466047,1.09370853,0.42959724,1.44747218,0.11659343,0.07103882,0.15390826,0.10202602,0.23362081,0.25492743,1.09370853,1.09841533,0.35504800,0.42137347,0.42959724,1.40056354,1.47899968,1.44747218,1.51481499,0.11659343,0.25875988,1.20903373,1.26619218,0.27383074,0.29859703
636,0.15728008,0.01655942,0.02961492,0.33374722,0.38526366,-0.13251397,-0.13045436,0.17404876,-1.19377975,-0.25828007,-1.22863356,-0.02388813,0.17975463,-0.05881849,0.25708734,1.10663810,0.43459583,1.42787052,0.11667365,0.07227892,0.17046130,0.10482800,0.23349126,0.25594351,1.10663810,1.10563740,0.32875405,0.40118453,0.43459583,1.38775629,1.47112608,1.42787052,1.50224301,0.11667365,0.25492399,1.21858216,1.27120261,0.25652939,0.28254302
637,0.16217393,0.01806696,0.02816938,0.33929014,0.39345396,-0.14778505,-0.13083981,0.16930909,-1.19304337,-0.26973089,-1.22727915,-0.02386884,0.16963901,-0.06299646,0.25780037,1.10852414,0.44117938,1.41849416,0.12542544,0.06664980,0.18308838,0.10951274,0.23513656,0.25938821,1.10852414,1.10354228,0.32518884,0.40388131,0.44117938,1.37633929,1.47102646,1.41849416,1.50256112,0.12542544,0.26295911,1.21757640,1.27258168,0.25139899,0.28497040
638,0.15890291,0.01733361,0.02865275,0.33620099,0.36636758,-0.17307654,-0.13385961,0.15940028,-1.18240825,-0.28617413,-1.21731312,-0.04061295,0.13620873,-0.06578523,0.24504975,1.09999882,0.44779521,1.37575756,0.13862824,0.06715005,0.14054922,0.10585768,0.23546352,0.25816452,1.09999882,1.08973160,0.30095533,0.40043658,0.44779521,1.33372407,1.44700874,1.37575756,1.48237369,0.13862824,0.27919646,1.20586315,1.26680807,0.23167040,0.27303857
639,0.15755146,0.01543299,0.02664872,0.35506181,0.39375723,-0.16041534,-0.11844449,0.14200129,-1.19348765,-0.30204309,-1.20693788,-0.06076970,0.10351297,-0.08823745,0.21866734,1.11678575,0.44531445,1.33267946,0.14143431,0.06287219,0.16247945,0.11002290,0.23826823,0.26244388,1.11678575,1.09794721,0.24330350,0.35300734,0.44531445,1.31277713,1.43250404,1.33267946,1.44505691,0.14143431,0.26349938,1.21334005,1.25965531,0.21117155,0.25472580
640,0.16131024,0.01697870,0.03149143,0.34349499,0.38318801,-0.16225805,-0.08562493,0.14064902,-1.18086334,-0.31626269,-1.18626686,-0.08274736,0.10171544,-0.09795715,0.21348474,1.13635449,0.45791910,1.30919326,0.13786240,0.07001767,0.15895396,0.10880843,0.23942159,0.26298664,1.13635449,1.11173171,0.20357501,0.31484057,0.45791910,1.30190362,1.41650047,1.30919326,1.42040553,0.13786240,0.25792534,1.20275621,1.24551204,0.22776195,0.25809707
641,0.16838888,0.01917708,0.03116955,0.34723788,0.41380875,-0.17659558,-0.08355336,0.14049489,-1.18617675,-0.32358090,-1.18793926,-0.08224528,0.09239824,-0.11262393,0.16387731,1.14731278,0.46543422,1.30312235,0.11739208,0.06328735,0.17211092,0.11037714,0.23882360,0.26309661,1.14731278,1.11464638,0.19986368,0.26744873,0.46543422,1.29787479,1.37575953,1.30312235,1.37283188,0.11739208,0.26499105,1.20760745,1.24953416,0.22523719,0.22266630
642,0.15854002,0.01627460,0.03294452,0.34506874,0.39694825,-0.18582078,-0.09481569,0.12462524,-1.16949172,-0.33458870,-1.16860241,-0.09592488,0.09910380,-0.12023001,0.17601425,1.11861924,0.46074012,1.29014649,0.11394906,0.05800436,0.16638223,0.10959862,0.24105059,0.26479661,1.11861924,1.08475849,0.21453721,0.28548303,0.46074012,1.28773049,1.36909917,1.29014649,1.36536865,0.11394906,0.26962675,1.18873162,1.23359914,0.23418726,0.23930763
643,0.16501393,0.01834031,0.03455590,0.33484501,0.39517145,-0.16494017,-0.05819615,0.12689368,-1.15379644,-0.32268851,-1.14116864,-0.07248988,0.14248321,-0.10772017,0.20624251,1.13382608,0.45033473,1.30808266,0.11051958,0.06608783,0.14707237,0.11121001,0.24319445,0.26741579,1.13382608,1.09450905,0.22124703,0.28660707,0.45033473,1.31153009,1.38287691,1.30808266,1.36887253,0.11051958,0.26427383,1.17631795,1.20497585,0.24576613,0.25468148
644,0.16444602,0.01835434,0.03708713,0.31854036,0.38513288,-0.16248356,-0.04703873,0.11399258,-1.15632419,-0.32922499,-1.12921996,-0.04744339,0.17526796,-0.09341853,0.22814270,1.14325714,0.44438590,1.33480948,0.11097613,0.06552493,0.13461178,0.11231252,0.24450145,0.26906331,1.14325714,1.09498261,0.25087125,0.30178247,0.44438590,1.34136412,1.40304975,1.33480948,1.38216498,0.11097613,0.26423767,1.17798953,1.19505249,0.26008325,0.26609377
645,0.16390874,0.01832895,0.04100762,0.31262655,0.37955034,-0.15601488,-0.03977380,0.10402864,-1.15791586,-0.33804637,-1.11248175,-0.04386595,0.18546678,-0.09967971,0.23158951,1.14803320,0.44472294,1.33112993,0.11256602,0.06599849,0.12971627,0.11326401,0.24551472,0.27038161,1.14803320,1.08806012,0.25243114,0.29689197,0.44472294,1.35153246,1.40761462,1.33112993,1.36967573,0.11256602,0.26083022,1.17872728,1.18175061,0.26556463,0.27077890
646,0.16098363,0.01722286,0.04232479,0.33198733,0.39321014,-0.16966362,-0.04007062,0.08560129,-1.16920231,-0.34953803,-1.07986476,-0.06982772,0.13619199,-0.13066369,0.19721627,1.15766435,0.44457104,1.24815187,0.11589190,0.06004338,0.13257131,0.11509229,0.24496552,0.27065539,1.15766435,1.05527104,0.20363687,0.25978222,0.44457104,1.31466437,1.38628034,1.24815187,1.30008510,0.11589190,0.26641027,1.18796011,1.15426011,0.23677559,0.25808895
647,0.16027240,0.01858129,0.04031976,0.33187068,0.39064738,-0.17716678,-0.03262111,0.06859846,-1.18797264,-0.33757692,-1.03654802,-0.09399038,0.11220305,-0.19176364,0.14903268,1.18126903,0.43370644,1.17439534,0.12518703,0.06480240,0.09921017,0.11797006,0.24414525,0.27115279,1.18126903,1.01666236,0.16761417,0.20032502,0.43370644,1.31030324,1.36394757,1.17439534,1.19749781,0.12518703,0.27454204,1.20575422,1.10988915,0.24218941,0.27268760
648,0.16568813,0.01921968,0.03431754,0.35257430,0.39802887,-0.18504143,-0.03716653,0.06412902,-1.18961705,-0.31026155,-1.03511498,-0.07745088,0.09284350,-0.19753700,0.14419959,1.17908310,0.40505544,1.15184830,0.14418867,0.06812413,0.06954001,0.12013119,0.24251396,0.27063726,1.17908310,1.00577720,0.16930723,0.19656481,0.40505544,1.29029614,1.36113488,1.15184830,1.18721027,0.14418867,0.27695259,1.20796765,1.09993371,0.22438532,0.27600914
649,0.16025915,0.01892518,0.03942556,0.31831686,0.39131536,-0.19859759,-0.04762672,0.06015474,-1.19547567,-0.34247019,-1.06238733,-0.03877013,0.17564315,-0.16731472,0.19268992,1.17676398,0.42415841,1.27504449,0.15015892,0.07210288,0.10992583,0.12003959,0.23956159,0.26795383,1.17676398,1.02523299,0.27458935,0.25457771,0.42415841,1.37480708,1.40982975,1.27504449,1.27147974,0.15015892,0.28218156,1.21543533,1.13779232,0.26343843,0.28063367
650,0.16488943,0.02136099,0.03987857,0.30884722,0.40175811,-0.20339320,-0.02625685,0.06843008,-1.19057376,-0.35539684,-1.09297086,-0.02523877,0.22825286,-0.22377117,0.16368791,1.19577478,0.43504357,1.36209922,0.22510080,0.08503416,0.11686697,0.12224018,0.23965211,0.26902750,1.19577478,1.07788565,0.31068363,0.20749780,0.43504357,1.42200159,1.38902037,1.36209922,1.26833130,0.22510080,0.29502801,1.21469583,1.17436034,0.31476883,0.30667973
651,0.17377556,0.01964661,0.03843204,0.33499709,0.40287775,-0.22191173,-0.01278751,0.07817816,-1.20925067,-0.36640804,-1.12656358,-0.05818451,0.16764041,-0.14453120,0.20088799,1.23367421,0.45227721,1.33079993,0.12825670,0.08041267,0.11659742,0.12132543,0.23780126,0.26696311,1.23367421,1.12343764,0.24370228,0.24604048,0.45227721,1.38384953,1.43213217,1.33079993,1.35133240,0.12825670,0.30894922,1.23414492,1.20905680,0.27424606,0.27515932
652,0.17842302,0.01823661,0.03983516,0.32535535,0.37426067,-0.21102333,0.00141645,0.09843488,-1.19288693,-0.36472842,-1.13716635,-0.05485238,0.17238679,-0.11476044,0.23976979,1.23374893,0.46690768,1.34600978,0.11989394,0.06620003,0.14197180,0.12062569,0.24110323,0.26959474,1.23374893,1.14913753,0.23162052,0.27052881,0.46690768,1.37387932,1.45108492,1.34600978,1.40353611,0.11989394,0.29994672,1.21637175,1.21731714,0.27557109,0.29540218
653,0.17479354,0.01679973,0.03877116,0.33323882,0.38043914,-0.20612135,-0.01360319,0.11094075,-1.17926969,-0.35961466,-1.14115617,-0.06798563,0.16036955,-0.11603082,0.23695179,1.20802534,0.47291157,1.33388373,0.11512448,0.05172088,0.16551785,0.12284980,0.24399832,0.27317989,1.20802534,1.13819430,0.22229995,0.27360072,0.47291157,1.35159431,1.43549304,1.33388373,1.40213480,0.11512448,0.28861995,1.20079232,1.21745569,0.27275536,0.29803283
654,0.16231142,0.01553500,0.03611474,0.33727925,0.37238738,-0.20467909,-0.03083683,0.12198635,-1.16745328,-0.34900402,-1.14742711,-0.07409793,0.14821170,-0.11153828,0.24088673,1.18263665,0.47209813,1.32456170,0.11878585,0.04924808,0.16319826,0.12009724,0.24626824,0.27399159,1.18263665,1.12606854,0.22169280,0.29304671,0.47209813,1.33024111,1.42856509,1.32456170,1.41067266,0.11878585,0.28461560,1.18918924,1.21862749,0.26088551,0.29887120
655,0.16056788,0.01561960,0.03845060,0.33365762,0.37379990,-0.19815711,-0.02687137,0.13913458,-1.16668468,-0.33453220,-1.15754467,-0.07722691,0.15969396,-0.10196556,0.25618671,1.18880143,0.47427394,1.34215856,0.11831202,0.04877536,0.14877704,0.11822543,0.24590462,0.27284855,1.18880143,1.13887731,0.22235800,0.30644815,0.47427394,1.34398298,1.44401176,1.34215856,1.43453880,0.11831202,0.28398647,1.18928291,1.22244086,0.26593537,0.30669819
656,0.16095791,0.01539159,0.03678515,0.32134633,0.36228099,-0.20456376,-0.05260346,0.15204575,-1.17013133,-0.32396019,-1.17894640,-0.05662301,0.19487823,-0.09138687,0.27405307,1.17318321,0.47685318,1.39959763,0.11263915,0.04428791,0.14022265,0.11876849,0.24607075,0.27323391,1.17318321,1.13269023,0.28838989,0.35199998,0.47685318,1.38107229,1.46535592,1.39959763,1.47342478,0.11263915,0.28497491,1.19264346,1.23896568,0.28298752,0.31478958
657,0.17063679,0.01514312,0.03571373,0.31091958,0.34395554,-0.19855105,-0.02991363,0.16139321,-1.14282441,-0.28169076,-1.15891051,-0.06090476,0.18705685,-0.08363981,0.26455785,1.16987744,0.44433535,1.36401154,0.10137218,0.03786399,0.14788583,0.11682368,0.25119304,0.27703017,1.16987744,1.13207692,0.25769324,0.31883537,0.44433535,1.34897253,1.42868982,1.36401154,1.43801158,0.10137218,0.26549337,1.16409345,1.20629549,0.27577464,0.30726487
658,0.17053328,0.01538547,0.03419579,0.33841445,0.38390612,-0.18087677,-0.04153902,0.17975749,-1.13774969,-0.26868937,-1.17639054,-0.07864914,0.11806600,-0.10560217,0.21272492,1.15407085,0.45142304,1.30834226,0.11613617,0.03825380,0.19884891,0.11655096,0.25044816,0.27623976,1.15407085,1.13846420,0.19152759,0.26735710,0.45142304,1.28273640,1.38047074,1.30834226,1.39979723,0.11613617,0.24159899,1.16066335,1.21960985,0.23093908,0.26635110
659,0.17198603,0.01453747,0.03385190,0.33952122,0.35124241,-0.18135649,-0.05125343,0.18445804,-1.15013200,-0.26246670,-1.19857588,-0.08052810,0.11707235,-0.07802052,0.25904920,1.15819231,0.45100533,1.32819188,0.15419151,0.04258911,0.19902583,0.11496173,0.24726191,0.27268049,1.15819231,1.15054833,0.19962284,0.32788987,0.45100533,1.29536634,1.43350646,1.32819188,1.47017681,0.15419151,0.24135805,1.17361944,1.24006097,0.23527536,0.29905025
660,0.16793208,0.01572542,0.03527058,0.34064531,0.32109776,-0.16736849,-0.04965649,0.19514152,-1.13897191,-0.25022229,-1.18212753,-0.08708511,0.07239094,-0.07669145,0.24890867,1.14805934,0.44840297,1.26508154,0.18482049,0.04870217,0.19034458,0.11100030,0.24628495,0.27014319,1.14805934,1.13577094,0.14836292,0.31327453,0.44840297,1.24417227,1.41444723,1.26508154,1.44248535,0.18482049,0.23355696,1.16536990,1.22166088,0.21354361,0.28988533
661,0.16845455,0.01470697,0.03371387,0.36062321,0.32106770,-0.16313409,-0.07019879,0.19265672,-1.13311526,-0.24217252,-1.18512625,-0.09580127,0.04446363,-0.07272567,0.27008274,1.12088857,0.43892485,1.23828659,0.23140178,0.04634490,0.18795655,0.11377821,0.24842437,0.27324010,1.12088857,1.11802771,0.13680145,0.35235691,0.43892485,1.21292006,1.42810963,1.23828659,1.46558120,0.23140178,0.23211000,1.15859826,1.22227297,0.21007495,0.31086390
662,0.16468542,0.01634677,0.03208817,0.34335381,0.30520889,-0.15177948,-0.06820423,0.21340887,-1.11373387,-0.21346596,-1.17586238,-0.06578284,0.07316194,-0.06324138,0.26348918,1.10747452,0.43216689,1.25773267,0.19727239,0.05651024,0.20647694,0.11052119,0.24777390,0.27130580,1.10747452,1.10963292,0.16661825,0.34482110,0.43216689,1.21948532,1.40505539,1.25773267,1.44826166,0.19727239,0.22617821,1.14399756,1.20813820,0.19878753,0.29672445
663,0.16410972,0.01694481,0.03409196,0.32646201,0.28340122,-0.14392737,-0.05555283,0.22664479,-1.11259234,-0.20327265,-1.18714717,-0.04704015,0.12181684,-0.05300077,0.29236950,1.12011482,0.43716256,1.31827510,0.17840979,0.06441142,0.22866007,0.10796903,0.24606847,0.26871361,1.12011482,1.13344562,0.20295823,0.36115998,0.43716256,1.26453634,1.43288975,1.31827510,1.48831279,0.17840979,0.21815303,1.14573755,1.21782263,0.21659993,0.32074720
664,0.15968387,0.01619736,0.03187186,0.33813467,0.31501060,-0.14042735,-0.08711338,0.23853164,-1.11056375,-0.18191122,-1.19462273,-0.04631764,0.10940940,-0.04751237,0.27732983,1.09135852,0.42958584,1.31107025,0.17533099,0.06609586,0.22568017,0.10914914,0.24681591,0.26987335,1.09135852,1.10856521,0.21884996,0.37729482,0.42958584,1.25298162,1.41734632,1.31107025,1.47909359,0.17533099,0.22586907,1.14605407,1.22155794,0.21102956,0.30747649
665,0.15911319,0.01491378,0.03114000,0.33085008,0.31359133,-0.13688283,-0.09336295,0.25489466,-1.10911796,-0.15881070,-1.20229090,-0.03826863,0.13374542,-0.05866813,0.27118147,1.08872362,0.42479151,1.34148976,0.14942066,0.06733962,0.20448678,0.10546384,0.24661740,0.26822148,1.08872362,1.10926518,0.24772039,0.37580011,0.42479151,1.27707525,1.41599443,1.34148976,1.47823239,0.14942066,0.23386917,1.14875569,1.22622540,0.22195487,0.30149714
666,0.15673920,0.01476549,0.02880518,0.32861862,0.32171159,-0.13035905,-0.10424798,0.27085516,-1.10615336,-0.13159917,-1.21508047,-0.02703034,0.15829624,-0.06541917,0.27375960,1.07934722,0.41772079,1.37736278,0.13447494,0.06444011,0.20116664,0.10352835,0.24550866,0.26644441,1.07934722,1.11089126,0.28220719,0.38697022,0.41772079,1.29922056,1.42078074,1.37736278,1.49162989,0.13447494,0.23584205,1.14897844,1.23507635,0.23567671,0.30414620
667,0.15566730,0.01543208,0.02841035,0.33043425,0.30194818,-0.12532717,-0.10868341,0.28561858,-1.10984891,-0.11609663,-1.22700156,-0.02844728,0.15899101,-0.05663191,0.29869394,1.08235620,0.41943583,1.38876162,0.15230898,0.06538344,0.20856151,0.10276777,0.24286015,0.26370867,1.08235620,1.11841885,0.28495646,0.41514717,0.41943583,1.30746992,1.44972514,1.38876162,1.52776385,0.15230898,0.23521908,1.15576630,1.24535418,0.24154471,0.32904272
668,0.15293355,0.01637605,0.02737315,0.33054664,0.29261081,-0.11250848,-0.09740102,0.30254689,-1.11445274,-0.11027208,-1.23728818,-0.03780213,0.14954931,-0.05671332,0.30093998,1.09854989,0.43207201,1.38873072,0.16163954,0.06563342,0.22426474,0.10069908,0.23986836,0.26014830,1.09854989,1.14010576,0.25910893,0.40330816,0.43207201,1.30951770,1.46037871,1.38873072,1.54002796,0.16163954,0.21311106,1.16329796,1.25442563,0.23437914,0.33004291
669,0.15398344,0.01748760,0.02668982,0.33266341,0.32486667,-0.10785696,-0.08898109,0.30892858,-1.11121820,-0.10565220,-1.23682612,-0.02921586,0.15688440,-0.06084494,0.27215169,1.10397968,0.43461908,1.39580501,0.13271921,0.06729368,0.23285602,0.10181600,0.23969521,0.26042329,1.10397968,1.14813252,0.25937557,0.36561461,0.43461908,1.31287701,1.43211816,1.39580501,1.51075495,0.13271921,0.20386604,1.16167799,1.25346012,0.23586674,0.30203497
670,0.15322341,0.01803903,0.02662990,0.33406173,0.31594338,-0.10392011,-0.09571382,0.31405383,-1.10866334,-0.09565445,-1.23885591,-0.02657300,0.14932928,-0.05809652,0.27192102,1.09584515,0.43124772,1.38990303,0.13819141,0.06942340,0.22945418,0.10181322,0.23946686,0.26021204,1.09584515,1.14341839,0.25807883,0.37181194,0.43124772,1.30374601,1.43001857,1.38990303,1.51225092,0.13819141,0.20744718,1.16094523,1.25489535,0.23226348,0.30302676
671,0.16007027,0.01772222,0.02379572,0.33573186,0.34079063,-0.09626825,-0.08034756,0.31482334,-1.10885953,-0.09755836,-1.24317426,-0.02657643,0.14359558,-0.06133725,0.24916678,1.10764340,0.43532517,1.38858568,0.12710775,0.07060679,0.24865899,0.10274299,0.23965740,0.26075236,1.10764340,1.16324461,0.23674174,0.33266504,0.43532517,1.29872594,1.40934858,1.38858568,1.49400935,0.12710775,0.18656136,1.16019059,1.25843496,0.22439480,0.27868161
672,0.16121331,0.01768487,0.02267209,0.34206305,0.34268443,-0.10046981,-0.08917787,0.31429103,-1.11621368,-0.09822905,-1.24821690,-0.02745825,0.13616851,-0.06836432,0.24993972,1.10764303,0.43470640,1.38619494,0.13566005,0.06728930,0.24190532,0.10212030,0.23895618,0.25986268,1.10764303,1.15944004,0.23911621,0.34185787,0.43470640,1.29876687,1.41890669,1.38619494,1.49962759,0.13566005,0.19015788,1.16665502,1.26290039,0.21738806,0.27984380
673,0.16189306,0.01781388,0.02115831,0.34636376,0.32583236,-0.09679125,-0.09434638,0.31309273,-1.11851122,-0.09425049,-1.24640731,-0.03259350,0.11322581,-0.06323360,0.24493318,1.10314771,0.42815955,1.36103319,0.14783120,0.06845971,0.21981405,0.10060178,0.23834686,0.25870822,1.10314771,1.15240687,0.21945455,0.34215523,0.42815955,1.27980232,1.41464424,1.36103319,1.49275128,0.14783120,0.18812620,1.16840640,1.26003406,0.20008637,0.27274653
674,0.15719601,0.01784355,0.02288258,0.33142452,0.30967048,-0.09865750,-0.10302620,0.32179488,-1.11719979,-0.08978800,-1.24661160,-0.02861067,0.13074676,-0.06209285,0.25543997,1.09787462,0.43245236,1.37871634,0.14417492,0.07209454,0.22159536,0.09947014,0.23699896,0.25702688,1.09787462,1.14398265,0.24571501,0.36207431,0.43245236,1.29653808,1.42573760,1.37871634,1.50368432,0.14417492,0.19350873,1.16987999,1.25998610,0.20812790,0.27959336
675,0.16199708,0.01885321,0.02442220,0.32384143,0.32101981,-0.09002303,-0.08781995,0.33226630,-1.11067390,-0.07790959,-1.24678692,-0.03073429,0.13758421,-0.06663759,0.22622728,1.10660351,0.43322453,1.38517737,0.11714358,0.07775019,0.21510956,0.09782109,0.23434427,0.25394133,1.10660351,1.15933600,0.23429362,0.31794035,0.43322453,1.30025891,1.39572270,1.38517737,1.47473706,0.11714358,0.18871788,1.16739008,1.26037545,0.21672465,0.25499185
676,0.16313028,0.01983328,0.02292856,0.33380937,0.35704985,-0.07575676,-0.07979802,0.33652699,-1.09478855,-0.06674242,-1.23355609,-0.01638171,0.10789360,-0.04871947,0.15677091,1.09553961,0.42742588,1.34240718,0.09261711,0.07944011,0.20211559,0.09869045,0.23636472,0.25614075,1.09553961,1.15403519,0.19766535,0.24412940,0.42742588,1.25359597,1.31042793,1.34240718,1.39260254,0.09261711,0.18003322,1.15358681,1.24648002,0.19394620,0.18655598
677,0.15852867,0.02065154,0.02316979,0.33027061,0.37628572,-0.06649709,-0.07783172,0.33997947,-1.08961356,-0.06053860,-1.22916904,-0.01486703,0.12660329,-0.05288752,0.14816048,1.09041055,0.42502661,1.35657181,0.08686335,0.07670047,0.20610668,0.09805930,0.23773632,0.25716567,1.09041055,1.15151248,0.21109523,0.23554046,0.42502661,1.26705923,1.29986031,1.35657181,1.37991921,0.08686335,0.17738795,1.14955847,1.24154474,0.20065468,0.17644188
678,0.16089323,0.02119658,0.02340247,0.34532299,0.36871312,-0.06690827,-0.09019642,0.33538470,-1.08357733,-0.06015634,-1.22392777,-0.00117837,0.10446933,-0.03238304,0.11157078,1.07175349,0.42098834,1.32971931,0.07777603,0.07424651,0.21898983,0.09884969,0.23857964,0.25824699,1.07175349,1.13413947,0.20681972,0.21007977,0.42098834,1.23509130,1.25122793,1.32971931,1.33799919,0.07777603,0.16973545,1.14105909,1.23541360,0.18355349,0.14107409
679,0.16112493,0.02071380,0.02356027,0.33252909,0.34856438,-0.06610031,-0.09257229,0.33974418,-1.06885877,-0.05361459,-1.21092340,0.00586904,0.11309331,-0.02566281,0.11628643,1.05728793,0.41968714,1.32535656,0.07736726,0.06987091,0.22133303,0.09700564,0.23979159,0.25866987,1.05728793,1.11886202,0.21969012,0.21694992,0.41968714,1.22860967,1.24081059,1.32535656,1.32956304,0.07736726,0.16922461,1.12814129,1.22219809,0.19061203,0.14501074
680,0.16178614,0.01952937,0.02343212,0.33908724,0.34933223,-0.04977752,-0.08554154,0.33882478,-1.05632278,-0.04823583,-1.19886263,0.00529392,0.10001941,-0.01284973,0.08282977,1.04567785,0.41402213,1.29999448,0.07156339,0.07173013,0.21632273,0.09521450,0.24097903,0.25910749,1.04567785,1.11378253,0.19542854,0.17697660,0.41402213,1.20387459,1.19275465,1.29999448,1.28420760,0.07156339,0.15769545,1.11569788,1.20977626,0.18013830,0.11772876
681,0.15432514,0.01909492,0.02243219,0.35295308,0.34257151,-0.02540097,-0.07728754,0.35334390,-1.05564824,-0.03771119,-1.21053008,0.01237262,0.09360469,0.00537918,0.01926480,1.04911852,0.42229319,1.30510416,0.09934196,0.07706208,0.21864646,0.09577105,0.23781521,0.25637505,1.04911852,1.13382401,0.17749828,0.10752770,0.42229319,1.19922413,1.13029627,1.30510416,1.23254504,0.09934196,0.14505057,1.11930098,1.22089995,0.17695677,0.08648222
682,0.15421695,0.01991195,0.02186658,0.33222559,0.33417395,-0.01004925,-0.07313675,0.36836952,-1.04581779,-0.02434386,-1.20953793,0.02103112,0.13433527,0.01404083,0.05694875,1.04371435,0.42724933,1.34463992,0.10306116,0.08043320,0.22451118,0.09433318,0.23469527,0.25294391,1.04371435,1.13698143,0.21218706,0.13707706,0.42724933,1.23077202,1.15869095,1.34463992,1.26896035,0.10306116,0.14167903,1.11478665,1.21958495,0.20450051,0.10330839
683,0.15222724,0.02159854,0.02178987,0.34958941,0.33835979,-0.01352598,-0.07238293,0.37502358,-1.04876286,-0.01484040,-1.21477163,0.02218156,0.10478740,0.01355770,0.03092320,1.05085162,0.42548651,1.32008891,0.09911771,0.08481979,0.23589064,0.09371611,0.23149347,0.24974374,1.05085162,1.14301395,0.18362861,0.11179331,0.42548651,1.20676483,1.13904408,1.32008891,1.24802975,0.09911771,0.13900088,1.11993953,1.22479566,0.18462262,0.09131911
684,0.14965123,0.02159660,0.02253112,0.33513257,0.32073651,-0.00142329,-0.07357367,0.37683256,-1.04957309,-0.01283828,-1.21582047,0.03792719,0.12077741,0.02547230,0.06475674,1.04674297,0.42561438,1.33756170,0.08659146,0.08291359,0.25430305,0.09358394,0.23015822,0.24845676,1.04674297,1.14319451,0.20324451,0.14236995,0.42561438,1.21909790,1.16866946,1.33756170,1.28281727,0.08659146,0.12843493,1.12054039,1.22515257,0.19616134,0.10985276
685,0.15518210,0.01940114,0.02030754,0.34646485,0.33351561,-0.01957297,-0.07668183,0.38557085,-1.06251211,-0.00541436,-1.23713577,0.03715376,0.09629515,0.01435801,0.02761160,1.06584814,0.43017376,1.33411642,0.09750966,0.08014852,0.25356365,0.09356892,0.22671767,0.24526729,1.06584814,1.16147110,0.18691784,0.11204661,0.43017376,1.21061864,1.15194303,1.33411642,1.26680569,0.09750966,0.13082182,1.13560859,1.24628738,0.17927903,0.08699137
686,0.15926904,0.01979614,0.02099411,0.33281390,0.33256164,-0.02593036,-0.06936248,0.39750091,-1.06119138,0.00085851,-1.24631618,0.03730858,0.11701600,0.00372444,0.04975776,1.07844904,0.43949368,1.36383598,0.10229191,0.08512954,0.25052884,0.09350515,0.22400183,0.24273449,1.07844904,1.17812910,0.20055468,0.12656569,0.43949368,1.23247038,1.17924103,1.36383598,1.29830943,0.10229191,0.13361781,1.13922331,1.25610438,0.19369054,0.09462649
687,0.15187826,0.01930266,0.02032031,0.32187074,0.31580291,-0.01826586,-0.07892079,0.40034453,-1.05560809,0.00764186,-1.24106784,0.04591169,0.12044513,0.00792527,0.09250245,1.06262540,0.43592043,1.36209669,0.08302389,0.09020100,0.24195453,0.09337018,0.22408690,0.24276105,1.06262540,1.16319790,0.21170929,0.17740473,0.43592043,1.22858566,1.21404524,1.36209669,1.33593929,0.08302389,0.14672298,1.13607375,1.25193693,0.20024449,0.12581414
688,0.15408523,0.01804605,0.01883794,0.34361115,0.33252325,-0.00930762,-0.06765710,0.40213309,-1.05918010,0.01528770,-1.24896142,0.05775086,0.08964741,0.00912000,0.05633512,1.07352105,0.43264128,1.33935111,0.08761674,0.09104114,0.24491879,0.09433676,0.22419002,0.24322950,1.07352105,1.18244294,0.17398633,0.12955761,0.43264128,1.19960149,1.18338319,1.33935111,1.30766416,0.08761674,0.13742622,1.13993916,1.25989737,0.18514021,0.10364719
689,0.14480097,0.01830046,0.01991169,0.32866349,0.31047164,0.00513586,-0.08363940,0.40124643,-1.04047668,0.01822889,-1.22628032,0.06160313,0.10746663,0.02671307,0.03690214,1.03560908,0.42759851,1.33447084,0.10000186,0.08910139,0.25359504,0.09357991,0.22736255,0.24586771,1.03560908,1.14367787,0.20321241,0.12439322,0.42759851,1.19759231,1.14098052,1.33447084,1.26508080,0.10000186,0.13898345,1.12134646,1.23652320,0.19507197,0.10000049
690,0.14592359,0.01832978,0.02032628,0.31260945,0.29067275,0.01179378,-0.08508713,0.41354747,-1.02865976,0.02902562,-1.22394637,0.08033967,0.11161906,0.03118188,0.05762471,1.02560353,0.43297386,1.33656686,0.09768057,0.09501113,0.25214556,0.09264588,0.22719472,0.24535831,1.02560353,1.14007144,0.21272117,0.14565915,0.43297386,1.18839227,1.15208939,1.33656686,1.28356179,0.09768057,0.14155897,1.11556651,1.23498455,0.20768445,0.11192645
691,0.14974343,0.01893705,0.02039489,0.29756184,0.27707232,0.02255410,-0.06792110,0.41223979,-1.01861148,0.03660351,-1.21049718,0.08836370,0.12437168,0.03972968,0.06754975,1.02748590,0.42365013,1.33588320,0.09901043,0.09667722,0.23869697,0.09334056,0.22913964,0.24742157,1.02748590,1.14363731,0.20748422,0.13850147,0.42365013,1.18847013,1.14867938,1.33588320,1.27998532,0.09901043,0.13656907,1.10585009,1.22204081,0.21967704,0.12175219
692,0.15814519,0.01857829,0.01909156,0.30846287,0.29324966,0.01500908,-0.06852688,0.41231222,-1.01582822,0.03721287,-1.20911006,0.08859994,0.10622782,0.03074510,0.10025539,1.02725742,0.42395292,1.31634344,0.08684035,0.08867078,0.23417744,0.09417970,0.22928974,0.24787820,1.02725742,1.14173775,0.19463311,0.17075959,0.42395292,1.16845561,1.17979096,1.31634344,1.31108774,0.08684035,0.13218795,1.10257837,1.21999890,0.20844885,0.13913994
693,0.16742427,0.01912656,0.02170001,0.29381315,0.29757132,0.01811385,-0.04695519,0.41495224,-1.01615291,0.03514913,-1.20249521,0.06021205,0.14521638,-0.01971330,0.15829854,1.04729410,0.42460918,1.34798548,0.10697694,0.08848796,0.21261045,0.09380281,0.22956766,0.24799249,1.04729410,1.15623397,0.19840720,0.21332645,0.42460918,1.21461355,1.25308116,1.34798548,1.36426968,0.10697694,0.12996263,1.10412536,1.21309056,0.21425594,0.17656476
694,0.17105614,0.01869474,0.02334074,0.29994852,0.31647912,0.01331137,-0.04642244,0.42589201,-1.01660341,0.03624290,-1.21739508,0.03453626,0.14275132,-0.06219706,0.15212389,1.05426659,0.43947933,1.36028900,0.12295089,0.08974239,0.19856217,0.09254250,0.22809533,0.24615360,1.05426659,1.17167993,0.19087556,0.22108823,0.43947933,1.22368547,1.26813479,1.36028900,1.37633020,0.12295089,0.13931442,1.11017054,1.22896757,0.20616674,0.17839014
695,0.17162674,0.01990782,0.02447115,0.28193410,0.29349556,0.01568266,-0.03294518,0.41998789,-1.01066810,0.03343688,-1.20263358,0.02455635,0.15886692,-0.07548387,0.16771616,1.05801949,0.43271450,1.36164682,0.12532164,0.08513941,0.19469085,0.09220844,0.23045065,0.24821341,1.05801949,1.17022074,0.19243188,0.22904589,0.43271450,1.23464734,1.27980036,1.36164682,1.37780298,0.12532164,0.13267511,1.10179408,1.21343690,0.21329202,0.19514267
696,0.17612834,0.02031527,0.02445807,0.27137818,0.26267348,0.02589729,-0.01591622,0.42735708,-1.00599852,0.03494850,-1.19840835,0.01469390,0.15709638,-0.08356825,0.18180806,1.06837867,0.43785750,1.35585057,0.12516403,0.09174059,0.18758014,0.09197305,0.23007612,0.24777825,1.06837867,1.18282248,0.17340990,0.23659679,0.43785750,1.23413720,1.29491066,1.35585057,1.38864909,0.12516403,0.13537767,1.10090978,1.20933226,0.20791547,0.20945555
697,0.17810200,0.02192806,0.02521065,0.24867394,0.18707646,0.02416674,-0.01924889,0.43247910,-1.01867879,0.03963397,-1.20775181,0.01287488,0.15533487,-0.07089777,0.22066479,1.07962212,0.43707987,1.36348931,0.12643936,0.09610602,0.19756260,0.09072421,0.22724149,0.24468260,1.07962212,1.18906775,0.17548286,0.26383277,0.43707987,1.24679904,1.33888685,1.36348931,1.43539310,0.12643936,0.13063025,1.11418823,1.21896761,0.20991706,0.24271317
698,0.17742784,0.02253488,0.02654143,0.22290524,0.16286281,0.03066406,-0.01096313,0.43468922,-1.01326414,0.04866785,-1.19254567,0.01692969,0.19134856,-0.06241748,0.25306766,1.08067108,0.42664314,1.38440414,0.11932104,0.09857466,0.19707776,0.09051714,0.22851743,0.24579171,1.08067108,1.18202762,0.20289377,0.28578385,0.42664314,1.27503056,1.36151556,1.38440414,1.45232897,0.11932104,0.13463363,1.10998803,1.20390040,0.23624011,0.27074180
699,0.17845505,0.02440370,0.02889483,0.21679819,0.16824521,0.04515401,-0.01545020,0.43479620,-0.98762750,0.06227457,-1.18183283,0.02943048,0.21267005,-0.05049870,0.25386875,1.04736105,0.42110271,1.39503772,0.11148697,0.09967262,0.20492375,0.09014096,0.22996833,0.24700370,1.04736105,1.16697221,0.22900697,0.29073386,0.42110271,1.26692947,1.33420490,1.39503772,1.44270330,0.11148697,0.13136550,1.08646792,1.19361751,0.25359437,0.26789700
700,0.17699080,0.02654004,0.03155047,0.20865873,0.16013587,0.04756987,-0.02280557,0.43347509,-0.96895552,0.07130349,-1.18679653,0.03241754,0.25134779,-0.04516704,0.30165101,1.02182944,0.42368855,1.43875701,0.11414246,0.10083601,0.21258045,0.09037548,0.23087445,0.24793293,1.02182944,1.16471193,0.27513360,0.34103898,0.42368855,1.28459449,1.35880142,1.43875701,1.49528899,0.11414246,0.13495116,1.06916217,1.19933833,0.29039632,0.31406671
701,0.17804640,0.02561829,0.03076994,0.20632758,0.15716572,0.04691822,-0.02718395,0.44019205,-0.96970498,0.07721342,-1.18066810,0.03752015,0.27026414,-0.03239576,0.32099901,1.02128053,0.42087295,1.45161243,0.11070840,0.10653629,0.19695721,0.09129897,0.23088857,0.24828418,1.02128053,1.15421314,0.29769565,0.36236919,0.42087295,1.30374864,1.37579472,1.45161243,1.50830241,0.11070840,0.14658195,1.07336855,1.19447910,0.30846021,0.33114783
702,0.17581667,0.02503920,0.03058493,0.20491616,0.16221406,0.05050542,-0.02842466,0.44413213,-0.96312306,0.08761639,-1.17401525,0.04185183,0.27300266,-0.02915717,0.31021736,1.01420077,0.41523754,1.44787182,0.10662901,0.10885331,0.19910817,0.09123374,0.23098405,0.24834900,1.01420077,1.14656783,0.30171531,0.35308381,0.41523754,1.29997250,1.35980981,1.44787182,1.49152100,0.10662901,0.14649814,1.06913630,1.18863711,0.31170300,0.32029412
703,0.17932585,0.02481320,0.03084287,0.20643522,0.17138056,0.05902681,-0.02909460,0.44979444,-0.94161902,0.09647534,-1.17009600,0.04787535,0.28807103,-0.02365655,0.31715124,0.99267837,0.42208224,1.45917436,0.10554927,0.11056880,0.21124979,0.09257584,0.23359810,0.25127347,0.99267837,1.14220289,0.31761171,0.36089619,0.42208224,1.29374076,1.34631751,1.45917436,1.49517467,0.10554927,0.14851470,1.05240078,1.18627544,0.32636991,0.32647848
704,0.17873870,0.02726770,0.03189341,0.19952327,0.16610786,0.06331769,-0.03426414,0.44962945,-0.91848106,0.10715682,-1.16138104,0.05686865,0.30581376,-0.01777884,0.32573510,0.96492480,0.42149873,1.46816018,0.10696257,0.10599671,0.21406451,0.09202437,0.23537162,0.25272176,0.96492480,1.12864100,0.34081643,0.37273558,0.42149873,1.28590160,1.33022591,1.46816018,1.49515324,0.10696257,0.14290202,1.03028130,1.17756337,0.34315825,0.33384559
705,0.17668904,0.02570846,0.03061715,0.21011219,0.18546394,0.06254601,-0.03972519,0.45110823,-0.91030869,0.11832099,-1.16587889,0.06369528,0.30592645,-0.01013729,0.32289733,0.95336233,0.42182087,1.47287846,0.10518715,0.10626626,0.24538745,0.09263821,0.23527678,0.25285767,0.95336233,1.12843581,0.34711651,0.37211591,0.42182087,1.27679864,1.31734353,1.47287846,1.49679450,0.10518715,0.13497340,1.02240559,1.18246038,0.34434358,0.33091301
706,0.17891206,0.02647157,0.03098981,0.20082925,0.16788467,0.06208493,-0.03596288,0.44999773,-0.89835895,0.12251406,-1.15596437,0.06275702,0.31079718,-0.00041240,0.34653351,0.94565059,0.41878916,1.46799857,0.10056217,0.10761917,0.24744060,0.09328476,0.23594624,0.25371771,0.94565059,1.12271614,0.34925314,0.38857564,0.41878916,1.27011863,1.32433454,1.46799857,1.50949957,0.10056217,0.12983013,1.01136679,1.17306856,0.35069866,0.35570359
707,0.17913412,0.02683141,0.03162925,0.21246968,0.18146250,0.05976623,-0.03554115,0.45380389,-0.90134890,0.12274594,-1.15586556,0.06387187,0.29948419,-0.00439295,0.33033253,0.95131026,0.41977465,1.45656398,0.10320646,0.10792994,0.25425941,0.09425989,0.23453419,0.25276712,0.95131026,1.12334104,0.33800466,0.37239358,0.41977465,1.26302617,1.31465490,1.45656398,1.49373456,0.10320646,0.12692643,1.01582243,1.17320499,0.34132611,0.33985910
708,0.17882039,0.02570525,0.03138823,0.22596968,0.19671913,0.06239102,-0.04210098,0.45822110,-0.90761032,0.12787957,-1.17098925,0.06283256,0.29585864,-0.01013237,0.31696644,0.95179247,0.42431845,1.46834289,0.10410760,0.10811183,0.24951670,0.09445380,0.23319682,0.25159943,0.95179247,1.13190882,0.34007500,0.36783115,0.42431845,1.26704045,1.31183393,1.46834289,1.49668620,0.10410760,0.13459311,1.02408470,1.18903594,0.33736559,0.32664040
709,0.17723977,0.02790432,0.03043475,0.23808713,0.21376152,0.06227251,-0.05286805,0.46330042,-0.91982179,0.12612129,-1.18720790,0.06124892,0.27983607,-0.00643191,0.30238311,0.95530107,0.43198693,1.46857556,0.10246386,0.10886391,0.24299951,0.09313105,0.23199159,0.24998698,0.95530107,1.13726798,0.33441623,0.36401288,0.43198693,1.26540820,1.31042503,1.46857556,1.49821378,0.10246386,0.14166192,1.03792216,1.20543982,0.32313373,0.31184600
710,0.17759448,0.02651181,0.03024377,0.25173525,0.24481888,0.06484548,-0.05650385,0.45878223,-0.91954242,0.12469583,-1.19652791,0.06700386,0.26786921,-0.00853189,0.28146115,0.94875137,0.43576790,1.46564899,0.10872156,0.10723283,0.25663706,0.09333440,0.23139015,0.24950494,0.94875137,1.14268180,0.32589812,0.34883083,0.43576790,1.25055186,1.28993131,1.46564899,1.48704722,0.10872156,0.14685967,1.03575301,1.21480474,0.31445242,0.29101195
711,0.18102193,0.02632077,0.03080815,0.26034871,0.24883373,0.06626171,-0.05845322,0.46534105,-0.93027371,0.12554875,-1.20679583,0.06623736,0.24635011,-0.01005154,0.26322285,0.95893494,0.43957190,1.45447262,0.10974918,0.10742564,0.25479606,0.09309656,0.23012773,0.24824533,0.95893494,1.15099900,0.30653028,0.33359651,0.43957190,1.24259331,1.28606601,1.45447262,1.47934546,0.10974918,0.14785651,1.04869002,1.22508747,0.29646173,0.27360339
712,0.18037218,0.02493027,0.03300764,0.25431692,0.24406741,0.06957591,-0.06477721,0.46112509,-0.94533513,0.12546518,-1.20151401,0.07679686,0.27718418,-0.00514660,0.27019936,0.96374653,0.42373813,1.47959092,0.11127171,0.10511052,0.24891344,0.09340574,0.23058254,0.24878292,0.96374653,1.13904618,0.34332216,0.34618373,0.42373813,1.28164807,1.30309888,1.47959092,1.48032557,0.11127171,0.15140914,1.05963090,1.21913091,0.32324957,0.27982117
713,0.18275313,0.02845784,0.03222117,0.26951475,0.26347581,0.07768462,-0.07000690,0.47066931,-0.92043895,0.12951090,-1.20542373,0.07877960,0.24385619,-0.00720369,0.25008828,0.93692151,0.44571034,1.45031171,0.11537591,0.10325946,0.24940779,0.09181294,0.23150990,0.24905110,0.93692151,1.13747760,0.31480051,0.33528436,0.44571034,1.22853756,1.26597035,1.45031171,1.46514147,0.11537591,0.15964656,1.04230342,1.22358175,0.29438428,0.25932097
714,0.17752508,0.02839780,0.03277588,0.27813483,0.28409235,0.07957168,-0.08042980,0.46867596,-0.95406765,0.12955428,-1.20387869,0.07901814,0.24892912,-0.01375585,0.24711585,0.95640268,0.42218386,1.45383304,0.12272718,0.10680489,0.23818561,0.09274864,0.23118375,0.24909484,0.95640268,1.12515606,0.32974639,0.34660821,0.42218386,1.26455574,1.29645212,1.45383304,1.46154598,0.12272718,0.17196663,1.07180007,1.22217175,0.29895362,0.25593099
715,0.17624150,0.02728611,0.03197775,0.27806293,0.29217022,0.07253135,-0.08340363,0.46404796,-0.95024842,0.13048219,-1.20019461,0.07889595,0.24235126,-0.02174911,0.23158190,0.95121146,0.41803348,1.44356886,0.12970484,0.10769666,0.24080982,0.09405064,0.23050156,0.24895078,0.95121146,1.11907179,0.32674901,0.33360242,0.41803348,1.25333708,1.27950138,1.44356886,1.44318957,0.12970484,0.16578365,1.06589190,1.21852915,0.29483613,0.24209070
716,0.17765496,0.02737849,0.03231548,0.28686157,0.30278507,0.07463758,-0.09641568,0.46212560,-0.95502066,0.13393729,-1.19619195,0.09155256,0.24124064,-0.01806206,0.23877509,0.94201758,0.40862365,1.43812157,0.13450789,0.10281813,0.23897641,0.09386031,0.23036354,0.24875111,0.94201758,1.10210361,0.33911744,0.35155194,0.40862365,1.25249746,1.28807161,1.43812157,1.44589345,0.13450789,0.16998068,1.06833226,1.21406249,0.29595185,0.24866127
717,0.17464887,0.02859946,0.03320163,0.28765109,0.29199951,0.09143235,-0.10117553,0.47185325,-0.95077713,0.14103072,-1.19695991,0.09217296,0.25276151,-0.01651584,0.26087027,0.93092301,0.41354525,1.45066665,0.13186731,0.10699947,0.24506544,0.09279110,0.23005322,0.24806183,0.93092301,1.09762779,0.35455814,0.38153260,0.41354525,1.26206741,1.30783275,1.45066665,1.46926828,0.13186731,0.18630227,1.07004859,1.21671691,0.30701476,0.27157533
718,0.17280630,0.02484467,0.03420219,0.29153514,0.27995350,0.09438530,-0.11511764,0.46967253,-0.97443384,0.14701552,-1.18788943,0.09260714,0.27054912,-0.01813873,0.29672829,0.93770820,0.38810957,1.45957143,0.13306876,0.10956964,0.22483975,0.09266839,0.23041862,0.24835493,0.93770820,1.07468530,0.38609107,0.42997223,0.38810957,1.30088964,1.36272416,1.45957143,1.49633969,0.13306876,0.19690710,1.09005097,1.20833734,0.32148264,0.30732479
719,0.16479463,0.02299576,0.03381869,0.29254775,0.29033521,0.10372438,-0.12248578,0.45570455,-0.97800192,0.14442078,-1.19424888,0.09355319,0.27046868,-0.01825379,0.28340351,0.92509673,0.38041851,1.46570633,0.13049250,0.11161777,0.23509803,0.09255387,0.22789223,0.24596969,0.92509673,1.07310593,0.39347006,0.42660507,0.38041851,1.30002116,1.34847793,1.46570633,1.48893083,0.13049250,0.20680254,1.08710988,1.21426614,0.32209618,0.29552390
720,0.16496115,0.02316886,0.03431382,0.29266136,0.29320406,0.09645557,-0.13290942,0.44297864,-0.96543282,0.14824607,-1.20119813,0.08579715,0.27362414,-0.02105958,0.28748044,0.90176223,0.37910506,1.47620209,0.12613253,0.10756025,0.24345363,0.09206345,0.22548269,0.24355312,0.90176223,1.07017973,0.40736822,0.43850108,0.37910506,1.28970803,1.33677910,1.47620209,1.50033971,0.12613253,0.20510631,1.06944349,1.22081295,0.32209093,0.29944233
721,0.16412399,0.02780700,0.03476537,0.28918488,0.29440153,0.09591059,-0.12765040,0.44987873,-0.96467803,0.14671382,-1.20814903,0.08935688,0.28502977,-0.02215221,0.29766762,0.90885419,0.39010855,1.49440955,0.13266592,0.11192933,0.24386806,0.09218582,0.22390917,0.24214364,0.90885419,1.08250509,0.41333227,0.44405584,0.39010855,1.30072572,1.34899691,1.49440955,1.51795168,0.13266592,0.20587774,1.07363211,1.22910626,0.33526384,0.30941169
722,0.16737162,0.02867113,0.03444828,0.29263873,0.29552462,0.09635011,-0.12543604,0.44879376,-0.95894760,0.14604733,-1.22142948,0.09193288,0.28149471,-0.01735799,0.29972292,0.90503754,0.40198641,1.50399854,0.13276776,0.10969680,0.24597959,0.09153906,0.22209248,0.24021754,0.90503754,1.09799666,0.40781636,0.44256751,0.40198641,1.29084015,1.34348195,1.50399854,1.53257996,0.13276776,0.20395164,1.06803593,1.24218475,0.33435740,0.31125026
723,0.16800954,0.03073789,0.03398483,0.29869395,0.29566782,0.09547242,-0.13425198,0.45262919,-0.96232688,0.14944827,-1.23369471,0.09687024,0.28086818,-0.01425588,0.30135864,0.90193046,0.40770809,1.51556850,0.13397451,0.10953013,0.23326211,0.09071610,0.21998545,0.23795590,0.90193046,1.10150421,0.41578624,0.45182764,0.40770809,1.29312782,1.34864654,1.51556850,1.54630881,0.13397451,0.21023973,1.07331248,1.25441249,0.33469314,0.31267540
724,0.17043410,0.03040704,0.03392785,0.30226352,0.29875174,0.09749948,-0.14152949,0.44917512,-0.95510762,0.15471621,-1.22226883,0.09545217,0.27204434,-0.01736040,0.28763068,0.88644427,0.39831124,1.49560823,0.13305387,0.10597155,0.22796969,0.08901011,0.22091390,0.23817168,0.88644427,1.08291880,0.41401512,0.44704747,0.39831124,1.27712412,1.32896015,1.49560823,1.52220598,0.13305387,0.21578704,1.06531204,1.24348586,0.32475571,0.29923772
725,0.16787085,0.03084749,0.03466275,0.30716725,0.31603151,0.09157778,-0.15975412,0.45158867,-0.96031289,0.15313355,-1.23953200,0.08866030,0.28105806,-0.02486501,0.27735423,0.87786261,0.40955703,1.52208540,0.13409147,0.10994061,0.22847554,0.09072367,0.21932795,0.23735107,0.87786261,1.08220826,0.44120796,0.45542468,0.40955703,1.29335315,1.32778383,1.52208540,1.53000812,0.13409147,0.22831203,1.07130431,1.26091513,0.33225783,0.29033554
726,0.17004532,0.02988317,0.03358237,0.30714014,0.31720283,0.08785420,-0.16628430,0.45511058,-0.96924416,0.15510215,-1.25330670,0.09221853,0.29020971,-0.02377522,0.28090831,0.88302387,0.41405334,1.54489557,0.13758632,0.10763131,0.22398598,0.08951624,0.21760747,0.23530016,0.88302387,1.08975378,0.45696427,0.46396885,0.41405334,1.31072911,1.34024571,1.54489557,1.54727860,0.13758632,0.23269232,1.08088491,1.27490150,0.34273318,0.29412698
727,0.16732199,0.02956608,0.03302121,0.30177008,0.32381826,0.07587831,-0.17715100,0.45028451,-0.98410831,0.15330563,-1.26149576,0.08530906,0.29340678,-0.02431201,0.28448885,0.88963333,0.40751279,1.55644428,0.13311769,0.10752311,0.22644619,0.09049137,0.21758065,0.23564810,0.88963333,1.08783333,0.47140438,0.47485747,0.40751279,1.32874006,1.35569632,1.55644428,1.55864960,0.13311769,0.23338519,1.09137633,1.28228700,0.34410794,0.29741841
728,0.16698194,0.02637591,0.03150964,0.30899295,0.32427675,0.07101450,-0.16966449,0.44795006,-0.98319659,0.15369212,-1.25300698,0.07889068,0.28907285,-0.01931661,0.30145298,0.89661332,0.40068569,1.54390194,0.12145642,0.10442052,0.23028144,0.09101919,0.21814681,0.23637369,0.89661332,1.08700509,0.45966483,0.48155888,0.40068569,1.32503073,1.36762129,1.54390194,1.56588652,0.12145642,0.22630119,1.08835777,1.27316284,0.33966193,0.31506981
729,0.16757237,0.02601933,0.03153029,0.31175996,0.32580413,0.06715379,-0.18089980,0.45023503,-1.01048616,0.15288948,-1.27739410,0.08159135,0.29657344,-0.01351784,0.30140096,0.91376438,0.40095678,1.57558659,0.11835702,0.10365913,0.21997559,0.08976751,0.21583508,0.23375840,0.91376438,1.10036968,0.47864023,0.49064715,0.40095678,1.35836864,1.39204472,1.57558659,1.58927661,0.11835702,0.23334706,1.11409569,1.29708909,0.34733482,0.31514437
730,0.16507717,0.02346468,0.03065852,0.31859199,0.32916372,0.07504573,-0.18689673,0.44912103,-1.02128893,0.15390920,-1.28607919,0.08640799,0.28083754,-0.01314994,0.29029341,0.91441737,0.39805668,1.56842449,0.12250971,0.10745662,0.22056310,0.08852649,0.21568547,0.23314622,0.91441737,1.10267966,0.46856170,0.48738681,0.39805668,1.35186910,1.39154015,1.56842449,1.58741548,0.12250971,0.24078729,1.12394122,1.30642335,0.33332333,0.30322533
731,0.16417113,0.02292690,0.03014588,0.32947765,0.33775741,0.07536400,-0.19995718,0.45147178,-1.02929747,0.15698248,-1.29689167,0.08583218,0.27609797,-0.00379493,0.28577228,0.91064767,0.39929492,1.57462186,0.11239975,0.11110248,0.21883288,0.08844099,0.21454272,0.23205687,0.91064767,1.10060083,0.47703308,0.49363762,0.39929492,1.35585901,1.39229567,1.57462186,1.59261475,0.11239975,0.25161628,1.13226957,1.31739885,0.33119125,0.30098128
732,0.15982034,0.02156148,0.02822401,0.34647757,0.35663160,0.06978130,-0.21777969,0.45373748,-1.02989861,0.15139270,-1.31165927,0.08263564,0.26305469,-0.01081353,0.28180753,0.89830927,0.41441212,1.57622352,0.11683705,0.10778710,0.22351779,0.08977918,0.21275155,0.23091887,0.89830927,1.09733956,0.48165362,0.50783713,0.41441212,1.34539224,1.39218376,1.57622352,1.60336228,0.11683705,0.26576112,1.13350547,1.33072953,0.31896963,0.29688595
733,0.16157944,0.01995274,0.02932791,0.35587152,0.36863595,0.05838932,-0.23785666,0.46028929,-1.05582299,0.14487214,-1.33513264,0.07622543,0.26712115,-0.01872586,0.27847052,0.91142276,0.42247339,1.60372507,0.11782807,0.10446129,0.20248750,0.08994184,0.21032937,0.22875309,0.91142276,1.10088660,0.50565966,0.52440306,0.42247339,1.37787494,1.41822612,1.60372507,1.62342717,0.11782807,0.28453109,1.15966333,1.35321551,0.32262446,0.29490230
734,0.16169228,0.02067569,0.02941896,0.34769615,0.36397467,0.05478584,-0.24062167,0.45334396,-1.04301808,0.14215653,-1.32273994,0.07123393,0.28949038,-0.02623192,0.28990876,0.89599501,0.41965528,1.61378980,0.12117272,0.09800007,0.18870787,0.09058349,0.21213205,0.23066291,0.89599501,1.08584642,0.53082904,0.53899153,0.41965528,1.38660646,1.41711169,1.61378980,1.62297175,0.12117272,0.28558689,1.14501369,1.34054035,0.34116420,0.30585729
735,0.16272213,0.02076699,0.02897013,0.35590093,0.37015306,0.06070056,-0.25117880,0.45548354,-1.05449473,0.13700749,-1.33466522,0.07644459,0.27228601,-0.02223581,0.27894936,0.89509008,0.42559047,1.60809719,0.12193152,0.10183872,0.19679348,0.09010833,0.21173153,0.23010813,0.89509008,1.08660363,0.52437826,0.53843326,0.42559047,1.38020186,1.41701869,1.60809719,1.62320383,0.12193152,0.29302641,1.15646830,1.35226245,0.32732415,0.29503699
736,0.16444193,0.02149834,0.02909755,0.36071533,0.37081535,0.05646179,-0.25897795,0.45480495,-1.06985809,0.12994888,-1.34785982,0.07832823,0.27249628,-0.02190843,0.28598175,0.90344577,0.42921629,1.62117839,0.12337003,0.09982041,0.19226564,0.09067788,0.21149740,0.23011656,0.90344577,1.09189862,0.53308949,0.55170375,0.42921629,1.39467877,1.43756512,1.62117839,1.64236503,0.12337003,0.29624590,1.16966044,1.36432373,0.32932977,0.30274291
737,0.16381087,0.02285004,0.02923940,0.36360170,0.37151400,0.05969776,-0.25293330,0.45586738,-1.07540049,0.12204483,-1.34695854,0.07922054,0.26606219,-0.02380124,0.28265300,0.91291672,0.43209792,1.61359077,0.12504598,0.10475423,0.20723634,0.09167700,0.21113894,0.23018324,0.91291672,1.09636884,0.52072296,0.54295830,0.43209792,1.39395069,1.44053741,1.61359077,1.63747950,0.12504598,0.29023023,1.17474827,1.36244471,0.32387482,0.30007892
738,0.16238703,0.02209540,0.02871571,0.36367688,0.37528413,0.05868609,-0.25247098,0.45682335,-1.07341051,0.11363814,-1.35793510,0.07361667,0.27316060,-0.02341878,0.28319571,0.91242426,0.44734157,1.63159173,0.12151301,0.10157055,0.19920176,0.09257701,0.21041659,0.22988181,0.91242426,1.10721592,0.52690014,0.54333108,0.44734157,1.40064484,1.43943872,1.63159173,1.64826225,0.12151301,0.29307836,1.17366868,1.37276107,0.33012313,0.30048361
739,0.15938545,0.02409642,0.02944509,0.36850370,0.38298590,0.06399884,-0.26446033,0.45576785,-1.07884525,0.11483308,-1.36902600,0.07693566,0.25663443,-0.02145275,0.25383268,0.90374976,0.44930062,1.62611334,0.12407083,0.10576625,0.19930597,0.09047368,0.20991152,0.22857894,0.90374976,1.10614721,0.52181481,0.52779656,0.44930062,1.38853478,1.41622233,1.62611334,1.63061319,0.12407083,0.30600202,1.17862676,1.38433753,0.31421409,0.26971587
740,0.16001477,0.02208791,0.02938265,0.36810579,0.37159009,0.06103199,-0.26999017,0.45436215,-1.09617224,0.10887577,-1.38669563,0.07619521,0.25969618,-0.02275809,0.26877065,0.91506022,0.45286381,1.64673693,0.12329032,0.10802551,0.17768759,0.08909238,0.20785667,0.22614563,0.91506022,1.11811356,0.53031976,0.54770879,0.45286381,1.40789816,1.44662714,1.64673693,1.66267830,0.12329032,0.31398268,1.19497376,1.40224237,0.31919127,0.28638648
741,0.16714199,0.02083765,0.02905534,0.37708422,0.37897753,0.05591306,-0.28952849,0.46007804,-1.10993605,0.10686345,-1.40275712,0.06921129,0.25900580,-0.04077811,0.28381956,0.91457157,0.46007478,1.66221375,0.13354929,0.10913584,0.16451773,0.08931301,0.20636033,0.22485862,0.91457157,1.11477893,0.54907094,0.58369974,0.46007478,1.42387147,1.48174505,1.66221375,1.69494215,0.13354929,0.33092647,1.21027401,1.41822587,0.31771747,0.30332135
742,0.16345720,0.02143396,0.02906000,0.37417995,0.37950939,0.04766076,-0.30386989,0.46245950,-1.10476639,0.10808135,-1.40653779,0.06565336,0.26213298,-0.04726687,0.29288506,0.90194167,0.46690889,1.66922749,0.13793464,0.10771583,0.17804526,0.09091602,0.20702252,0.22610627,0.90194167,1.10485877,0.56692299,0.60602110,0.46690889,1.42362915,1.48834528,1.66922749,1.70841213,0.13793464,0.33995731,1.20609347,1.42202308,0.32010644,0.31262748
743,0.16302831,0.02213501,0.02855878,0.37824647,0.37820979,0.04735223,-0.31171160,0.45938121,-1.11772774,0.09799111,-1.42123239,0.06186357,0.26436700,-0.04518377,0.29857394,0.90522887,0.47327224,1.68599066,0.13383624,0.10046997,0.15404709,0.08979012,0.20631738,0.22500918,0.90522887,1.11134940,0.57731988,0.61841377,0.47327224,1.43847910,1.50404840,1.68599066,1.72744728,0.13383624,0.34442157,1.21672788,1.43560014,0.32225311,0.31838358
744,0.16488601,0.02134893,0.02789471,0.37408228,0.37470032,0.03236403,-0.31393144,0.45423951,-1.10910026,0.09570438,-1.40742330,0.06752216,0.25995653,-0.04491665,0.30635532,0.90015501,0.46784492,1.66761874,0.14137303,0.10028903,0.15872614,0.09121593,0.20693112,0.22614340,0.90015501,1.09602296,0.57640255,0.62586801,0.46784492,1.42313737,1.50127363,1.66761874,1.72098126,0.14137303,0.34381152,1.20654590,1.42155054,0.32171731,0.32696708
745,0.16817004,0.02102578,0.02767973,0.37603360,0.36761141,0.02482635,-0.32125880,0.44934145,-1.11196756,0.09268155,-1.40271700,0.06360518,0.25147744,-0.04460012,0.29991319,0.89747941,0.46157497,1.65445150,0.13736780,0.09729032,0.14466132,0.08986017,0.20738674,0.22601794,0.89747941,1.08440561,0.57576452,0.62553800,0.46157497,1.41748106,1.49610947,1.65445150,1.70947484,0.13736780,0.34769525,1.20708280,1.41635962,0.31295178,0.32110159
746,0.16726329,0.02111941,0.02709691,0.37380273,0.36651931,0.01826461,-0.31866391,0.44126734,-1.10931689,0.08836390,-1.39811458,0.05664214,0.24213317,-0.04964196,0.30132920,0.89672593,0.45754720,1.64055663,0.14017862,0.09714711,0.15330207,0.09083291,0.20782674,0.22680955,0.89672593,1.08265258,0.56411104,0.62409410,0.45754720,1.40569031,1.49391578,1.64055663,1.70635287,0.14017862,0.34375135,1.20146330,1.41147642,0.30413232,0.32308738
747,0.17199143,0.02152535,0.02719900,0.37303337,0.36453070,0.01530480,-0.31971129,0.44205044,-1.12027867,0.08397498,-1.40475747,0.05229710,0.24798610,-0.05116562,0.29985328,0.90724678,0.45893613,1.65304893,0.13601146,0.09664254,0.13217517,0.09019363,0.20681075,0.22562264,0.90724678,1.08824024,0.57106184,0.62350188,0.45893613,1.42328012,1.50365284,1.65304893,1.71135080,0.13601146,0.34515326,1.21221024,1.41827005,0.31015394,0.32256996
748,0.17135421,0.02067678,0.02626771,0.38046647,0.35984093,0.02265180,-0.32056046,0.43826068,-1.11749021,0.08638555,-1.40467811,0.05802991,0.22270680,-0.04376516,0.29772295,0.89889245,0.45572356,1.62763371,0.14276699,0.09879557,0.12347550,0.08940233,0.20701086,0.22549118,0.89889245,1.08717263,0.54655657,0.62210023,0.45572356,1.39352819,1.49538033,1.62763371,1.70874980,0.14276699,0.34735209,1.20911309,1.41912161,0.29226122,0.32174398
749,0.17016478,0.02001609,0.02589682,0.38570762,0.36755076,0.00982345,-0.33047462,0.44188428,-1.12899274,0.08597630,-1.40898362,0.05064589,0.21948387,-0.04995958,0.29725559,0.90793993,0.45424887,1.62885289,0.14288338,0.09583791,0.13142630,0.09076153,0.20636837,0.22544525,0.90793993,1.08203306,0.55332636,0.63088419,0.45424887,1.40461071,1.50891043,1.62885289,1.71278594,0.14288338,0.35628031,1.22040272,1.42245489,0.28711153,0.32186443
750,0.17616927,0.01888039,0.02567091,0.39322562,0.37630604,0.00644473,-0.35396824,0.44623340,-1.14760039,0.08648533,-1.43098939,0.05036287,0.21880264,-0.04956991,0.28914764,0.90738703,0.45974546,1.65019338,0.13821272,0.09594876,0.12317788,0.08955529,0.20445381,0.22320732,0.90738703,1.08113416,0.57699671,0.64563492,0.45974546,1.42330135,1.52001719,1.65019338,1.72655666,0.13821272,0.37589667,1.23874585,1.44436913,0.28806610,0.31543637
751,0.17240184,0.01920509,0.02595825,0.39174885,0.36835131,0.01177422,-0.34404134,0.44948912,-1.14286183,0.08945850,-1.42917535,0.05003011,0.20640900,-0.04613978,0.30361730,0.91093047,0.46155022,1.63606219,0.14952636,0.10007898,0.12826027,0.09024514,0.20379860,0.22288574,0.91093047,1.08892999,0.55404318,0.65032681,0.46155022,1.40775089,1.52916269,1.63606219,1.73904246,0.14952636,0.36870472,1.23618218,1.44313603,0.27976989,0.33030503
752,0.17689476,0.01867546,0.02517365,0.39533816,0.37433601,0.01211600,-0.36082104,0.45471016,-1.16056706,0.09329670,-1.45052950,0.05066478,0.20263133,-0.05129890,0.29955979,0.91414945,0.46517438,1.65371442,0.15335326,0.09863903,0.12092641,0.09020835,0.20124436,0.22053761,0.91414945,1.09409826,0.56777740,0.66342401,0.46517438,1.42252004,1.54540658,1.65371442,1.75699063,0.15335326,0.38225955,1.25422215,1.46467526,0.27835616,0.32785274
753,0.17453470,0.01819578,0.02405944,0.40042523,0.37191680,0.01938008,-0.36078771,0.46043636,-1.16637349,0.09291739,-1.45887446,0.05785577,0.18053057,-0.04763653,0.30895396,0.91859417,0.47201076,1.63978092,0.17502878,0.09939112,0.14405779,0.09173583,0.20046789,0.22046051,0.91859417,1.10242509,0.54670015,0.67318023,0.47201076,1.40661322,1.56037554,1.63978092,1.77420151,0.17502878,0.37985249,1.26121318,1.47306358,0.26375682,0.33797900
754,0.17714934,0.01865158,0.02462751,0.40100936,0.37795382,0.01686726,-0.36471054,0.45839337,-1.17177894,0.09385613,-1.46195336,0.05500779,0.20288305,-0.05435564,0.30917818,0.92010349,0.46820837,1.66529308,0.16262222,0.10536605,0.14186552,0.09172990,0.20037836,0.22037663,0.92010349,1.10174667,0.57199363,0.67764962,0.46820837,1.43326334,1.56726931,1.66529308,1.77832953,0.16262222,0.38534406,1.26603108,1.47676336,0.27865014,0.33843562
755,0.17105548,0.01873230,0.02593073,0.39821724,0.38162040,0.01755655,-0.37010561,0.45734052,-1.17175709,0.09491261,-1.46691809,0.05592176,0.21600537,-0.05017305,0.31330174,0.91442784,0.47043147,1.68337861,0.15521156,0.10494381,0.15954785,0.09237384,0.20073057,0.22096535,0.91442784,1.10141640,0.59051093,0.68676120,0.47043147,1.44550980,1.56940691,1.68337861,1.78717996,0.15521156,0.39217767,1.26557049,1.48257952,0.29266628,0.34340840
756,0.17200986,0.01878506,0.02573647,0.39801878,0.38505982,0.01820635,-0.36934386,0.45574300,-1.17167682,0.09184416,-1.46273940,0.05437967,0.20669169,-0.05239684,0.30397669,0.91396515,0.46814287,1.66985223,0.15669195,0.10724997,0.14663041,0.09120862,0.20196408,0.22160438,0.91396515,1.09737482,0.57985675,0.67703031,0.46814287,1.43626762,1.56078948,1.66985223,1.77369139,0.15669195,0.39158591,1.26510587,1.47740279,0.28238927,0.33239392
757,0.17080439,0.01765104,0.02427143,0.40025149,0.37933890,0.02308054,-0.36827336,0.45344003,-1.17769501,0.09089718,-1.47464055,0.05512308,0.19519548,-0.05030701,0.30719126,0.91680390,0.47100923,1.67022801,0.16410115,0.10762973,0.14498847,0.09067351,0.20243513,0.22181448,0.91680390,1.11005567,0.56699250,0.67944544,0.47100923,1.43011774,1.56808271,1.67022801,1.78851444,0.16410115,0.39108737,1.26994704,1.48952767,0.27382438,0.33610584
758,0.17558204,0.01815899,0.02466212,0.39872628,0.38469384,0.01785676,-0.37107887,0.44973200,-1.18301457,0.08710091,-1.48135155,0.04890541,0.20954701,-0.04918872,0.29148574,0.91978760,0.47168187,1.69134110,0.14242460,0.10628374,0.12899676,0.08896100,0.20325397,0.22186986,0.91978760,1.11406775,0.58397929,0.66600372,0.47168187,1.44960608,1.55681545,1.69134110,1.77940623,0.14242460,0.39386257,1.27409170,1.49617614,0.28379644,0.31986966
759,0.17393822,0.01787083,0.02323244,0.39525880,0.39511056,0.01645147,-0.37047669,0.44893953,-1.18426569,0.07939009,-1.47854079,0.05145274,0.21694054,-0.05080955,0.26730733,0.92161864,0.47450858,1.69571149,0.13389719,0.09890243,0.11509829,0.08920494,0.20415037,0.22278890,0.92161864,1.11115004,0.59090912,0.64153284,0.47450858,1.45717893,1.53540455,1.69571149,1.75210403,0.13389719,0.39226093,1.27388425,1.49176294,0.28755819,0.29399925
760,0.17559486,0.01685406,0.02224461,0.39986174,0.39196521,0.01426384,-0.35777461,0.44581106,-1.17322037,0.07708158,-1.46124946,0.05214157,0.19105697,-0.05158863,0.27544153,0.92266137,0.47032150,1.65249769,0.14671075,0.09549930,0.13361063,0.09115071,0.20638637,0.22561867,0.92266137,1.10681743,0.55360208,0.63663287,0.47032150,1.42085242,1.53170388,1.65249769,1.74238971,0.14671075,0.37748476,1.26182863,1.47409228,0.26855003,0.30524501
761,0.17245864,0.01741894,0.02312843,0.40258330,0.39657474,0.01322155,-0.36987015,0.44761114,-1.18650941,0.08182745,-1.47137556,0.05111959,0.18303091,-0.03788850,0.24426335,0.92506308,0.46628842,1.65469267,0.12521171,0.09758917,0.12680175,0.09033931,0.20618219,0.22510506,0.92506308,1.10537647,0.55742717,0.61626588,0.46628842,1.42657877,1.51098047,1.65469267,1.72105073,0.12521171,0.39006440,1.27533263,1.48522974,0.26388022,0.27468064
762,0.17090257,0.01754164,0.02310399,0.40296359,0.38982311,0.01205376,-0.35969260,0.44517378,-1.17488174,0.07722348,-1.46107528,0.04912102,0.17287386,-0.03937280,0.25600617,0.92316568,0.46841728,1.63419269,0.13514666,0.09739566,0.13160525,0.09091330,0.20769022,0.22671669,0.92316568,1.10475328,0.53710103,0.61784287,0.46841728,1.40558145,1.51074234,1.63419269,1.72197454,0.13514666,0.37998803,1.26334611,1.47395081,0.25499024,0.28611469
763,0.17807338,0.01810245,0.02268753,0.40165871,0.38288619,0.00594698,-0.35802463,0.43971947,-1.18041976,0.07489647,-1.46149839,0.05447438,0.16060995,-0.02561849,0.24101578,0.92990668,0.46348817,1.62223951,0.12724340,0.09752642,0.11942629,0.08992782,0.20778792,0.22641297,0.92990668,1.10768173,0.52563220,0.60000874,0.46348817,1.39635507,1.49566858,1.62223951,1.70635328,0.12724340,0.37514894,1.26606553,1.47436527,0.24896521,0.27258244
764,0.17940752,0.01745845,0.02294405,0.39987418,0.38009775,-0.00126535,-0.36606345,0.43698026,-1.18379674,0.07460629,-1.46269342,0.04730880,0.15811511,-0.02653481,0.23898929,0.92791592,0.46016130,1.62103937,0.12432182,0.09780761,0.11475592,0.08895814,0.20820087,0.22640926,0.92791592,1.10136775,0.53106125,0.60568342,0.46016130,1.39835905,1.49639482,1.62103937,1.70564050,0.12432182,0.38345325,1.26864778,1.47590948,0.24730988,0.27116505
765,0.17612726,0.01770605,0.02356301,0.39951742,0.37269106,-0.00385137,-0.35713784,0.43754200,-1.18028228,0.06818550,-1.45491743,0.04160275,0.15800232,-0.03154698,0.26188651,0.93418202,0.46307644,1.61313884,0.13876380,0.10157268,0.12694387,0.09026955,0.20829314,0.22701239,0.93418202,1.10225606,0.52157700,0.61976144,0.46307644,1.39654070,1.51654972,1.61313884,1.72061550,0.13876380,0.37602885,1.26598916,1.46832761,0.24719559,0.29394595
766,0.18256449,0.01832770,0.02323545,0.39389591,0.37096672,-0.00776230,-0.35615900,0.43207138,-1.16979700,0.06761313,-1.44457748,0.03900131,0.16707293,-0.02250307,0.24615536,0.92504189,0.45973986,1.61193273,0.11642951,0.09241685,0.10975663,0.08989974,0.20902587,0.22753852,0.92504189,1.09330537,0.53139473,0.60285418,0.45973986,1.39495368,1.48714044,1.61193273,1.69386369,0.11642951,0.37236641,1.25318488,1.45718947,0.25490150,0.27891133
767,0.18258616,0.01821284,0.02211396,0.40022439,0.36471091,-0.00974154,-0.36130614,0.43246068,-1.19271274,0.05956058,-1.46350571,0.04288346,0.14869142,-0.02308133,0.27107402,0.94191768,0.46419072,1.61229455,0.14949634,0.09847479,0.11786227,0.09013345,0.20682782,0.22561424,0.94191768,1.10700885,0.51926871,0.63311150,0.46419072,1.39818738,1.53304733,1.61229455,1.73723735,0.14949634,0.37635596,1.27489949,1.47588454,0.24289185,0.30249822
768,0.19205469,0.01817558,0.02171816,0.39827168,0.35312447,-0.00875947,-0.36152884,0.42709979,-1.19139836,0.05929671,-1.45846446,0.04402846,0.16209335,-0.01964821,0.28692386,0.93766202,0.45849296,1.62064057,0.14898805,0.09288105,0.10317375,0.08957113,0.20757832,0.22607907,0.93766202,1.10222176,0.53384103,0.64971295,0.45849296,1.40820566,1.54442820,1.62064057,1.74774376,0.14898805,0.37533163,1.27169902,1.47123276,0.25361496,0.31960950
769,0.18895930,0.01908431,0.02244539,0.39899301,0.35818917,-0.00634398,-0.35575227,0.42878791,-1.19269427,0.06010985,-1.45743681,0.04166059,0.15642184,-0.01898840,0.28046844,0.94359309,0.45762182,1.61397675,0.14705737,0.09557601,0.11735457,0.09043500,0.20783155,0.22665490,0.94359309,1.10672469,0.52194771,0.63746426,0.45762182,1.40505306,1.53977668,1.61397675,1.74026590,0.14705737,0.36932757,1.27334528,1.46985681,0.24758954,0.31260604
770,0.18710190,0.01888796,0.02218613,0.39754392,0.35736715,-0.01126404,-0.36329323,0.42859371,-1.19923360,0.05879027,-1.46338672,0.03715130,0.17117033,-0.02284717,0.28571361,0.94485857,0.45841736,1.63471726,0.14048377,0.09217484,0.11347994,0.09005307,0.20647080,0.22525485,0.94485857,1.10538113,0.54408646,0.65003815,0.45841736,1.42681495,1.55210419,1.63471726,1.75164759,0.14048377,0.37684581,1.27931026,1.47579558,0.25779676,0.31650362
771,0.18734101,0.01938669,0.02060613,0.39850125,0.34717798,-0.01166132,-0.35599843,0.42722031,-1.20845163,0.05729277,-1.46508812,0.03847600,0.15596123,-0.02626037,0.31370370,0.95903615,0.45453692,1.62117074,0.17722084,0.09626822,0.11960465,0.09096274,0.20593112,0.22512629,0.95903615,1.11438519,0.52223433,0.67116161,0.45453692,1.42037446,1.58840082,1.62117074,1.78124887,0.17722084,0.37039521,1.28763110,1.47788070,0.25007883,0.34590511
772,0.17579032,0.01920799,0.02187810,0.39490954,0.35598714,-0.00229784,-0.34475496,0.41600425,-1.18782849,0.04598631,-1.45047530,0.04232844,0.15694723,-0.02692257,0.28897787,0.94130647,0.45761731,1.60744423,0.15946363,0.09710246,0.12248756,0.09018669,0.20820826,0.22690156,0.94130647,1.10943971,0.50843500,0.63433972,0.45761731,1.39668821,1.54180546,1.60744423,1.74215961,0.15946363,0.36384143,1.26566443,1.46399932,0.24673925,0.31762603
773,0.17539327,0.01876385,0.02222749,0.39480304,0.35810687,-0.00805164,-0.34187018,0.40978668,-1.19027499,0.04095063,-1.44755663,0.04213414,0.15032738,-0.02800028,0.28184757,0.94591605,0.45358145,1.59788870,0.15966212,0.09674870,0.13455248,0.09057325,0.20782082,0.22670026,0.94591605,1.10956002,0.50039037,0.62428737,0.45358145,1.39120900,1.53584026,1.59788870,1.73185001,0.15966212,0.35940233,1.26553744,1.46044306,0.24246333,0.31093041
774,0.17408456,0.01888638,0.02301900,0.39143109,0.36564609,-0.01005294,-0.33982582,0.40791161,-1.19801252,0.03596703,-1.45124748,0.03724737,0.17041679,-0.03070978,0.27328275,0.95467961,0.45377763,1.62167162,0.13871869,0.09630792,0.12249165,0.08988855,0.20714050,0.22580332,0.95467961,1.11483206,0.51709244,0.61348288,0.45377763,1.41876833,1.53531462,1.62167162,1.72716959,0.13871869,0.35948022,1.27243079,1.46417748,0.25506254,0.30105208
775,0.17223614,0.01868337,0.02283827,0.39396716,0.37697519,-0.01148021,-0.35081328,0.40212478,-1.20409087,0.03034871,-1.45251772,0.03742389,0.16490820,-0.03060805,0.25845815,0.94833845,0.45083238,1.61745114,0.13357362,0.09252033,0.11718464,0.08990967,0.20730925,0.22596653,0.94833845,1.10481559,0.52221041,0.60957227,0.45083238,1.41769758,1.52529575,1.61745114,1.71359210,0.13357362,0.36979284,1.27613518,1.46493563,0.24864453,0.28473736
776,0.17086091,0.01922070,0.02335960,0.39093441,0.36006079,-0.02234905,-0.34569059,0.39690702,-1.21052259,0.02242299,-1.44840194,0.03591349,0.15863955,-0.03657149,0.27648613,0.96117294,0.44698414,1.60709991,0.15277852,0.08895678,0.10708581,0.08947567,0.20700255,0.22551264,0.96117294,1.10561988,0.51171106,0.62233968,0.44698414,1.41691042,1.54895450,1.60709991,1.72720461,0.15277852,0.36602809,1.28056616,1.46030153,0.24430333,0.30262874
777,0.17007669,0.02018750,0.02493921,0.38227505,0.35612393,-0.02566075,-0.33215217,0.39254473,-1.19810197,0.01764541,-1.42943948,0.03137581,0.17687400,-0.04242457,0.27908465,0.96170512,0.44331226,1.60637385,0.14356308,0.08773291,0.09105228,0.08843613,0.20857760,0.22655146,0.96170512,1.09978853,0.51546646,0.61156282,0.44331226,1.42240477,1.54004462,1.60637385,1.71105395,0.14356308,0.35565317,1.26798697,1.44142919,0.25597402,0.30431984
778,0.17019000,0.01966465,0.02431545,0.38044567,0.34115590,-0.03107924,-0.32640177,0.38376597,-1.18745898,0.00790259,-1.41205367,0.02283839,0.17973329,-0.04253999,0.29914556,0.95589598,0.44103394,1.59186197,0.14990240,0.09012426,0.10244140,0.08829634,0.21048262,0.22825244,0.95589598,1.08846113,0.51297818,0.62565314,0.44103394,1.41487631,1.54658380,1.59186197,1.71324179,0.14990240,0.34865400,1.25504470,1.42431118,0.25703899,0.32495755
779,0.16818939,0.01795878,0.02188289,0.39480999,0.35482131,-0.02499560,-0.33009715,0.38499243,-1.20149173,0.00388043,-1.42162741,0.02030482,0.14932493,-0.04399408,0.29566545,0.96318314,0.44352340,1.57106244,0.16899936,0.09564194,0.12212656,0.08933162,0.21041497,0.22859265,0.96318314,1.09429947,0.48572819,0.62611060,0.44352340,1.39993877,1.55742925,1.57106244,1.71913691,0.16899936,0.35152871,1.26893867,1.43433897,0.23611359,0.32474006
780,0.17383489,0.01840214,0.02094039,0.39550320,0.35642461,-0.03211914,-0.33043874,0.38514812,-1.20219432,0.00482312,-1.42427665,0.02173845,0.14058039,-0.04576164,0.28951161,0.96659284,0.44380427,1.56495144,0.17220536,0.09078451,0.10988841,0.08949386,0.20945620,0.22777413,0.96659284,1.09669481,0.47878463,0.62023414,0.44380427,1.39204161,1.55269936,1.56495144,1.71548434,0.17220536,0.35215637,1.26933536,1.43655985,0.23284336,0.32077181
781,0.17152215,0.01850558,0.02112034,0.39541216,0.35853301,-0.02938145,-0.33027859,0.39256960,-1.20411336,0.01405149,-1.43603907,0.01318957,0.13964039,-0.03977928,0.27940004,0.97055770,0.44693287,1.57569219,0.16176175,0.08950808,0.09905509,0.08873551,0.20877437,0.22684957,0.97055770,1.10886128,0.47620446,0.60977211,0.44693287,1.39702407,1.54531702,1.57569219,1.71763592,0.16176175,0.34945552,1.27305386,1.44745659,0.22398216,0.30390787
782,0.17303822,0.01788649,0.02206336,0.39753129,0.34535236,-0.03812216,-0.33770545,0.39410948,-1.20155619,0.02387000,-1.42819556,0.01509145,0.14380380,-0.03920381,0.29624139,0.96627682,0.43629437,1.57202660,0.17013524,0.09201729,0.10801344,0.08905558,0.20882052,0.22701742,0.96627682,1.09441397,0.48971903,0.63423735,0.43629437,1.39850740,1.55922831,1.57202660,1.72630315,0.17013524,0.35504247,1.27098277,1.43865654,0.22658633,0.32273523
783,0.16925806,0.01738616,0.02278749,0.39502071,0.36488379,-0.04502311,-0.34008654,0.40380442,-1.19349375,0.02982635,-1.42427363,0.00895249,0.15990814,-0.03926806,0.28718575,0.96440687,0.44125412,1.58432201,0.14809283,0.09402505,0.12249779,0.08933985,0.20776529,0.22615929,0.96440687,1.08831485,0.50657901,0.62730398,0.44125412,1.41047275,1.54562884,1.58432201,1.71375025,0.14809283,0.35984855,1.26632221,1.43430149,0.23326690,0.31046660
784,0.17254713,0.01758311,0.02405249,0.39595963,0.37291374,-0.03573429,-0.34557322,0.41052234,-1.18759483,0.04106264,-1.42036451,0.02162214,0.17165286,-0.03796322,0.26550889,0.95311215,0.43847021,1.59214247,0.12711494,0.09090962,0.10599154,0.08871818,0.20739210,0.22557127,0.95311215,1.07900275,0.52394194,0.61108668,0.43847021,1.41447896,1.52083987,1.59214247,1.68869067,0.12711494,0.36357355,1.26263442,1.43033456,0.24117738,0.28854164
785,0.16459145,0.01803479,0.02411417,0.38929911,0.36839189,-0.01910103,-0.34089137,0.41445774,-1.17470845,0.04646321,-1.41582944,0.01776200,0.18876238,-0.03332966,0.26780187,0.93988926,0.44154150,1.60486411,0.11458507,0.08811664,0.10071076,0.08686971,0.20756185,0.22500726,0.93988926,1.07811255,0.53403318,0.60891104,0.44154150,1.42070396,1.51055789,1.60486411,1.68652837,0.11458507,0.35820200,1.25156920,1.42545313,0.25185122,0.28794468
786,0.16799801,0.01665967,0.02325868,0.40076494,0.38243019,-0.00798832,-0.35004402,0.42033068,-1.17137324,0.05591623,-1.41826791,0.02832716,0.17255190,-0.02242953,0.25269407,0.92641935,0.44191444,1.59107383,0.11338217,0.09196532,0.11991695,0.08772636,0.20752364,0.22530419,0.92641935,1.07148453,0.52735569,0.60291280,0.44191444,1.40068551,1.49139623,1.59107383,1.67370932,0.11338217,0.36555520,1.25024648,1.42822980,0.24090379,0.27402764
787,0.17780206,0.01711974,0.02436651,0.39315108,0.36587065,-0.00718465,-0.34911054,0.42083974,-1.16236894,0.05736067,-1.41116405,0.02471966,0.18910320,-0.02188575,0.27124362,0.91917114,0.44199753,1.60066355,0.11316901,0.09060883,0.09207663,0.08492490,0.20716537,0.22389669,0.91917114,1.06535531,0.54339397,0.62055146,0.44199753,1.40924894,1.50046033,1.60066355,1.68495979,0.11316901,0.36302072,1.24164175,1.42056356,0.25348379,0.29154575
788,0.18020169,0.01849739,0.02276175,0.39371963,0.36109223,-0.00633935,-0.35277243,0.42225521,-1.15738225,0.06986156,-1.41455415,0.02945026,0.18275543,-0.02813978,0.28663030,0.91181600,0.43831261,1.59790489,0.13290216,0.08942658,0.10739465,0.08469714,0.20659843,0.22328573,0.91181600,1.06621652,0.54216916,0.64000067,0.43831261,1.39775699,1.51262307,1.59790489,1.70455327,0.13290216,0.36386504,1.23662165,1.42411422,0.24836945,0.30688019
789,0.18620515,0.01784793,0.02419347,0.39631726,0.36828456,-0.00157317,-0.36769675,0.43017028,-1.16327553,0.07094072,-1.41759716,0.03303973,0.19449840,-0.02934396,0.27055934,0.90544741,0.44214862,1.61267248,0.11584067,0.08985472,0.09735159,0.08344487,0.20474054,0.22109214,0.90544741,1.05435435,0.56959694,0.63929416,0.44214862,1.41604705,1.50566861,1.61267248,1.69161942,0.11584067,0.37787496,1.24505975,1.42740581,0.26162251,0.29378260
790,0.18067587,0.01861179,0.02587481,0.39444611,0.37171487,0.00873114,-0.36829544,0.43548865,-1.15083319,0.07719853,-1.42061547,0.03050034,0.20623719,-0.03298829,0.27176388,0.89142025,0.45028560,1.62762165,0.11091611,0.08657435,0.10447424,0.08264066,0.20431016,0.22039084,0.89142025,1.05582551,0.57918161,0.64145417,0.45028560,1.41739797,1.49775799,1.62762165,1.69656284,0.11091611,0.38223389,1.23573068,1.43101018,0.27016786,0.29457299
791,0.18283423,0.01875857,0.02359753,0.40109235,0.38616694,0.00791117,-0.38597758,0.43891495,-1.15568581,0.08834414,-1.43112192,0.03146402,0.18616076,-0.03029358,0.26281457,0.88232244,0.44813459,1.61840681,0.11608564,0.08829301,0.11523346,0.08330678,0.20348163,0.21987449,0.88232244,1.05006988,0.57847902,0.65024155,0.44813459,1.40386967,1.49409344,1.61840681,1.69859247,0.11608564,0.39593444,1.24063957,1.44166378,0.25404718,0.28592129
792,0.18501242,0.01816419,0.02291986,0.40621283,0.39227147,0.01605689,-0.39665274,0.44747280,-1.17653311,0.09240129,-1.44930009,0.03847402,0.17814544,-0.03322032,0.25980737,0.89142575,0.45004563,1.62841650,0.12381748,0.09393597,0.11035948,0.08313482,0.19989126,0.21648999,0.89142575,1.05728732,0.58061459,0.65859595,0.45004563,1.41640258,1.51464313,1.62841650,1.71426826,0.12381748,0.40779435,1.26362269,1.46062322,0.25070501,0.28518229
793,0.18679953,0.01884128,0.02422405,0.41351306,0.38328923,0.02476879,-0.38879659,0.44914099,-1.17808819,0.09397779,-1.45709120,0.04942391,0.15113544,-0.03903922,0.28516108,0.89639959,0.45402622,1.60893181,0.16887864,0.09678306,0.11798408,0.08290149,0.19722740,0.21394229,0.89639959,1.07268303,0.54709179,0.67774841,0.45402622,1.38946501,1.54257564,1.60893181,1.74768169,0.16887864,0.39908281,1.26541648,1.46826098,0.23369372,0.31144812
794,0.18791244,0.01883303,0.02353726,0.40883157,0.38804481,0.01922787,-0.39335280,0.45125565,-1.17812839,0.09830499,-1.46762518,0.05173710,0.16487001,-0.03279867,0.27027966,0.89596587,0.45877211,1.63323089,0.14737507,0.10006171,0.12273462,0.08267796,0.19598492,0.21271045,0.89596587,1.07890521,0.56435129,0.66589787,0.45877211,1.40249122,1.52715394,1.63323089,1.74338668,0.14737507,0.40540791,1.26651344,1.47929389,0.24418565,0.29504826
795,0.18551679,0.01854458,0.02349961,0.40622365,0.38910723,0.02439920,-0.39656697,0.45599062,-1.17591114,0.09979330,-1.47408963,0.05171082,0.17485776,-0.03398920,0.26642073,0.89095707,0.46651274,1.64971573,0.14052615,0.09910750,0.11200847,0.08139871,0.19434414,0.21070215,0.89095707,1.08158043,0.57639106,0.66559053,0.46651274,1.41115942,1.52329632,1.64971573,1.74631736,0.14052615,0.41049228,1.26651921,1.48595565,0.25173471,0.29029237
796,0.18312591,0.01873540,0.02171765,0.41373805,0.39530979,0.02689768,-0.39366577,0.46322785,-1.18123363,0.10572769,-1.48784078,0.05450976,0.14196110,-0.02727436,0.25868120,0.90041747,0.47316881,1.63062730,0.15511880,0.10481057,0.13104205,0.08258647,0.19216354,0.20915867,0.90041747,1.09842754,0.54014425,0.65459826,0.47316881,1.38592495,1.52118459,1.63062730,1.75238028,0.15511880,0.40904782,1.27429403,1.50053566,0.22945089,0.28264810
797,0.18664422,0.01769173,0.02280027,0.41534859,0.39864161,0.02914835,-0.39659054,0.46527001,-1.17706682,0.10445465,-1.49273675,0.05876193,0.14469063,-0.02507683,0.25322034,0.89420355,0.48178907,1.63806571,0.15045482,0.10844064,0.13756077,0.08200166,0.19227973,0.20903533,0.89420355,1.10057870,0.54603363,0.65207949,0.48178907,1.38374354,1.51205607,1.63806571,1.75178812,0.15045482,0.41195227,1.27170015,1.50616361,0.23311288,0.27769198
798,0.18771580,0.01916948,0.02309561,0.41441548,0.39461795,0.03192130,-0.39518975,0.46674575,-1.17228622,0.10667586,-1.49218027,0.06151166,0.14959104,-0.02480579,0.25899421,0.89056208,0.48409583,1.64239814,0.15085865,0.10968472,0.13697095,0.08203748,0.19184948,0.20865371,0.89056208,1.10121849,0.54946728,0.65668093,0.48409583,1.38361164,1.51334386,1.64239814,1.75691652,0.15085865,0.41114440,1.26758207,1.50558435,0.23760194,0.28497723
799,0.18801745,0.01842030,0.02311076,0.41897686,0.39808101,0.03787139,-0.39870907,0.46980979,-1.17247126,0.11010161,-1.49868314,0.07203963,0.12459145,-0.02071900,0.23710976,0.88630205,0.48835973,1.62372428,0.15747162,0.11088213,0.13624907,0.08148832,0.19136227,0.20799006,0.88630205,1.10442423,0.52835290,0.63853187,0.48835973,1.35755091,1.49253372,1.62372428,1.74184878,0.15747162,0.41470714,1.26911866,1.51292096,0.22426439,0.26328550
800,0.18409605,0.01786689,0.02238987,0.41915980,0.40313964,0.02749443,-0.40830411,0.47101970,-1.16217614,0.11263120,-1.48802653,0.06188377,0.13836431,-0.02450454,0.24015285,0.87473529,0.48678408,1.62718921,0.14557056,0.10859181,0.13696926,0.08218017,0.19312001,0.20987834,0.87473529,1.08470653,0.55048113,0.65054660,0.48678408,1.36407541,1.48737283,1.62718921,1.73474689,0.14557056,0.42441089,1.26007948,1.50216204,0.22573436,0.26497145
801,0.18410228,0.01829312,0.02273119,0.41886226,0.40099399,0.03271887,-0.40004432,0.47548939,-1.15732245,0.11466828,-1.48985276,0.06228553,0.13595977,-0.02746540,0.23951382,0.87733422,0.49351257,1.62666986,0.15000423,0.11064208,0.13808479,0.08167484,0.19294371,0.20951863,0.87733422,1.09493144,0.54018788,0.64238412,0.49351257,1.35847076,1.48470101,1.62666986,1.73651722,0.15000423,0.41623652,1.25735620,1.50471989,0.22675396,0.26475914
802,0.18278240,0.01821361,0.02296979,0.41684702,0.40065010,0.02875088,-0.39751247,0.47405653,-1.16445529,0.11594052,-1.48944055,0.05856046,0.15621806,-0.03168664,0.24785726,0.88694499,0.48694475,1.64666115,0.14164082,0.10842722,0.14179358,0.08243718,0.19370086,0.21051345,0.88694499,1.09764975,0.55860440,0.64824281,0.48694475,1.38555035,1.50014315,1.64666115,1.74466754,0.14164082,0.41215846,1.26279592,1.50418639,0.23987655,0.27424994
803,0.18301956,0.01901593,0.02224326,0.41397637,0.39916757,0.02238047,-0.38127205,0.46775614,-1.14064532,0.11464907,-1.46564073,0.05513365,0.16659235,-0.02921621,0.25111532,0.88041941,0.48319043,1.63331892,0.13208778,0.10890709,0.15880505,0.08507751,0.19625226,0.21389982,0.88041941,1.09039210,0.55277025,0.63455715,0.48319043,1.37188894,1.47783076,1.63331892,1.72376326,0.13208778,0.39654627,1.23847531,1.48042595,0.24603459,0.27814775
804,0.17718906,0.01846488,0.02137056,0.41925243,0.40716213,0.02424420,-0.40122532,0.47632194,-1.16085641,0.11944263,-1.49382694,0.05465160,0.15342324,-0.02546920,0.23402238,0.88402256,0.49112648,1.64854780,0.12872507,0.11202791,0.14881569,0.08469279,0.19395121,0.21163634,0.88402256,1.09858317,0.55816953,0.63721582,0.49112648,1.38102156,1.48246431,1.64854780,1.73530100,0.12872507,0.41825918,1.26096012,1.50927379,0.23567734,0.25979215
805,0.17551109,0.01842790,0.02175068,0.41947414,0.40583251,0.02698425,-0.39612087,0.47704087,-1.15142913,0.11811352,-1.49113308,0.05763555,0.15050219,-0.02713490,0.23396606,0.87930550,0.49743661,1.64278517,0.13297501,0.11268557,0.15496253,0.08470274,0.19378860,0.21149131,0.87930550,1.10092421,0.55049072,0.63240981,0.49743661,1.36858419,1.47434687,1.64278517,1.73263112,0.13297501,0.41288054,1.25258616,1.50679503,0.23479415,0.26052244
806,0.17508713,0.01917587,0.02232584,0.41519101,0.40607664,0.02831311,-0.39394095,0.47768948,-1.14374296,0.12010719,-1.48533723,0.06084373,0.16470900,-0.02477651,0.22999576,0.87424624,0.49782689,1.65116196,0.12344039,0.11544061,0.16319453,0.08531882,0.19480158,0.21266630,0.87424624,1.09749004,0.56249263,0.62620030,0.49782689,1.37395767,1.46283693,1.65116196,1.72300703,0.12344039,0.41118250,1.24599817,1.50155801,0.24535833,0.25658251
807,0.17494987,0.01914735,0.02265552,0.41618944,0.40857590,0.02192291,-0.40799088,0.47212876,-1.15581903,0.11593899,-1.48940444,0.05970158,0.16211927,-0.02241260,0.21936844,0.87293772,0.49124200,1.65249410,0.11770673,0.11104816,0.15553511,0.08522752,0.19532176,0.21310636,0.87293772,1.08747722,0.57440560,0.62893045,0.49124200,1.38185611,1.46145870,1.65249410,1.71573358,0.11770673,0.42365866,1.25441719,1.50444088,0.24314499,0.24605363
808,0.17544066,0.01938956,0.02194596,0.41824286,0.41175954,0.02008726,-0.41379066,0.47010701,-1.16441395,0.10969615,-1.50152390,0.05983775,0.15021538,-0.02685148,0.21682251,0.87529348,0.49724294,1.65249805,0.12536109,0.11065281,0.16552645,0.08620777,0.19521744,0.21340485,0.87529348,1.09396079,0.56971337,0.63241588,0.49724294,1.37831122,1.46792620,1.65249805,1.72502487,0.12536109,0.42730877,1.26129529,1.51616077,0.23801013,0.24611063
809,0.18036556,0.01805749,0.02166460,0.41687606,0.40396182,0.02028749,-0.41455348,0.46427112,-1.16296617,0.10433820,-1.50398349,0.06207751,0.14638038,-0.02119679,0.22589141,0.87033723,0.49894283,1.65090976,0.12758894,0.10567200,0.15212524,0.08593535,0.19553420,0.21358490,0.87033723,1.09499056,0.56750760,0.64210911,0.49894283,1.37102572,1.47126706,1.65090976,1.73517218,0.12758894,0.42823671,1.25805243,1.51792314,0.24074179,0.25942059
810,0.17711706,0.01890558,0.02168042,0.41555045,0.39886375,0.01582802,-0.40343175,0.46163125,-1.16133436,0.10049425,-1.49212805,0.06090331,0.14424898,-0.02575324,0.23309539,0.87939941,0.49306004,1.63686021,0.13416482,0.10254248,0.15513484,0.08722960,0.19610956,0.21463448,0.87939941,1.09427522,0.55456530,0.63831956,0.49306004,1.36705462,1.47718534,1.63686021,1.73048039,0.13416482,0.41720710,1.25535349,1.50581989,0.23833268,0.26751701
811,0.17562528,0.01786734,0.02222857,0.41623803,0.40375786,0.00875685,-0.40773058,0.45511113,-1.16665990,0.09159857,-1.49398307,0.05419914,0.14721840,-0.02930221,0.23690597,0.88055211,0.49204354,1.64164110,0.13426551,0.10050823,0.15438039,0.08746659,0.19671427,0.21528332,0.88055211,1.09140672,0.56153415,0.64600549,0.49204354,1.37498561,1.48481580,1.64164110,1.73577563,0.13426551,0.42191926,1.25812182,1.50688944,0.23941576,0.26991716
812,0.17841605,0.01762439,0.02113670,0.41612303,0.40273565,0.00302326,-0.40950687,0.45421800,-1.17722852,0.08473433,-1.49104141,0.04921163,0.14963419,-0.03181595,0.24264827,0.89059420,0.48776057,1.64107269,0.13581506,0.09348494,0.14053582,0.08835704,0.19690938,0.21582463,0.89059420,1.08671969,0.56590447,0.65331092,0.48776057,1.38861208,1.50076379,1.64107269,1.73833355,0.13581506,0.42312999,1.26751498,1.50355314,0.23953672,0.27418407
813,0.17762641,0.01674103,0.02063708,0.41880256,0.40824205,0.00446387,-0.39916580,0.44935878,-1.17153422,0.07905129,-1.48186167,0.05127744,0.14043219,-0.03118530,0.24276245,0.89148648,0.48622203,1.62253910,0.14201515,0.09585235,0.16133107,0.08964162,0.19793637,0.21728881,0.89148648,1.08757143,0.54689995,0.64329213,0.48622203,1.37232262,1.49371696,1.62253910,1.72883485,0.14201515,0.41212071,1.26035549,1.49404886,0.23260514,0.27454646
814,0.18031483,0.01722153,0.02096639,0.41637645,0.40169409,0.00314331,-0.39559565,0.44681946,-1.17032674,0.07617467,-1.47538466,0.05243106,0.14141728,-0.02281920,0.23404154,0.89301947,0.48312361,1.61697803,0.13076725,0.09637584,0.15322542,0.08853294,0.19867248,0.21750594,0.89301947,1.08486306,0.54481725,0.63063235,0.48312361,1.37093047,1.48081817,1.61697803,1.71305195,0.13076725,0.40781755,1.25842832,1.48758567,0.23223240,0.26543659
815,0.17612558,0.01820486,0.02115543,0.41692099,0.40800670,0.00174096,-0.41012956,0.44816293,-1.17676765,0.07707140,-1.48317014,0.05098809,0.15414672,-0.02438734,0.22887659,0.88740911,0.48432789,1.63753772,0.12114344,0.10514148,0.15412088,0.08794209,0.19874073,0.21732853,0.88740911,1.07838069,0.57069316,0.63964000,0.48432789,1.38974465,1.48298562,1.63753772,1.71627967,0.12114344,0.42278127,1.26533705,1.49590610,0.23677127,0.25683114
816,0.17627987,0.01792193,0.02092002,0.42168056,0.40678215,-0.00026952,-0.41383735,0.44616193,-1.18265456,0.07598949,-1.48623917,0.04740701,0.14500691,-0.02178292,0.22108853,0.88914442,0.48210154,1.63154227,0.11719373,0.10548363,0.13341252,0.08630096,0.19790545,0.21590374,0.88914442,1.07744306,0.56393171,0.63529493,0.48210154,1.38696819,1.47973016,1.63154227,1.71149343,0.11719373,0.42816286,1.27006811,1.49911055,0.22728109,0.24891510
817,0.17261788,0.01747371,0.02075608,0.42157454,0.40966325,-0.00203743,-0.40428522,0.44058849,-1.16989530,0.07795709,-1.47569583,0.04707331,0.15388466,-0.03492566,0.23782862,0.88439972,0.47732274,1.62991261,0.13120573,0.10344656,0.14147073,0.08715903,0.19897952,0.21723155,0.88439972,1.07620399,0.56264834,0.64300075,0.47732274,1.38166293,1.48596318,1.62991261,1.71866624,0.13120573,0.42094795,1.25649728,1.48863433,0.23286239,0.26419490
818,0.16847282,0.01863435,0.02057008,0.41584107,0.40841684,0.00646097,-0.40089115,0.44279817,-1.17306891,0.08488056,-1.48815648,0.05096644,0.16300129,-0.03351980,0.24007949,0.88704297,0.47998969,1.65157855,0.13206810,0.10949325,0.14829303,0.08582221,0.19780150,0.21561745,0.88704297,1.09226105,0.56815726,0.64234176,0.47998969,1.39289741,1.49150288,1.65157855,1.73420459,0.13206810,0.41716874,1.26050094,1.50189535,0.23996694,0.26319619
819,0.16577503,0.01709131,0.02023711,0.42072168,0.41409216,0.01105452,-0.41853964,0.45331304,-1.18557190,0.08791137,-1.51577318,0.04830758,0.15290760,-0.03704004,0.22825089,0.88562608,0.49436218,1.66925649,0.13331570,0.11172866,0.13016035,0.08449528,0.19558236,0.21305377,0.88562608,1.10172407,0.57436296,0.64906467,0.49436218,1.39862044,1.49712642,1.66925649,1.75071582,0.13331570,0.43570976,1.27705139,1.52937991,0.22994053,0.25015358
820,0.16470083,0.01675288,0.01918463,0.42271684,0.41639445,0.01915178,-0.42469481,0.45894156,-1.18986966,0.09735365,-1.52130416,0.04874735,0.14582081,-0.04204733,0.22840340,0.88280708,0.49254541,1.66803116,0.14105874,0.11602460,0.13600314,0.08435081,0.19475809,0.21223990,0.88280708,1.10136068,0.57268846,0.65661899,0.49254541,1.39738807,1.50500182,1.66803116,1.75783231,0.14105874,0.44204676,1.28320565,1.53583273,0.22279142,0.24969187
821,0.16883958,0.01593712,0.01950693,0.41790608,0.39932491,0.02427675,-0.41940331,0.47054203,-1.18301213,0.10501694,-1.52073104,0.05241971,0.15091082,-0.03367359,0.25471702,0.88480383,0.49976552,1.67261423,0.15063272,0.11975163,0.13052042,0.08366156,0.19286234,0.21022639,0.88480383,1.10655652,0.57309470,0.67685240,0.49976552,1.39812174,1.52419524,1.67261423,1.78308590,0.15063272,0.43615047,1.28107824,1.53591486,0.23043854,0.27533645
822,0.16489101,0.01778886,0.02108578,0.40866186,0.39922393,0.03616989,-0.40809885,0.47753697,-1.16870742,0.11452823,-1.51236973,0.06236924,0.17256401,-0.03264077,0.25132082,0.87967556,0.50232585,1.68596260,0.14257448,0.12234469,0.13857522,0.08323368,0.19147105,0.20877980,0.87967556,1.10937687,0.58295539,0.66354520,0.50232585,1.40423114,1.50969680,1.68596260,1.77257244,0.14257448,0.42898493,1.27132744,1.52970378,0.25128966,0.27255482
823,0.16185999,0.01829986,0.02167999,0.40943433,0.39417120,0.04711752,-0.39311435,0.47953275,-1.14784512,0.12238161,-1.49234461,0.06221100,0.17135444,-0.02981974,0.25369368,0.87003484,0.49834703,1.66508147,0.14125453,0.12170248,0.14502657,0.08321006,0.19261802,0.20982282,0.87003484,1.10371472,0.56566889,0.65230683,0.49834703,1.38371215,1.49219990,1.66508147,1.75550459,0.14125453,0.41707990,1.25300691,1.51013472,0.24569924,0.27293585
824,0.16139861,0.01891570,0.02155195,0.40626317,0.38567369,0.05735878,-0.39102956,0.48269875,-1.14272207,0.12590422,-1.48599817,0.06482993,0.17439267,-0.02383296,0.25985487,0.86392553,0.49709380,1.66172653,0.14050143,0.12093286,0.13345187,0.08224057,0.19277971,0.20958895,0.86392553,1.09901082,0.56674571,0.65659922,0.49709380,1.38192570,1.49207625,1.66172653,1.75479487,0.14050143,0.41472269,1.24904948,1.50341205,0.24780573,0.27805736
825,0.16400930,0.01889030,0.02225097,0.40830987,0.39435752,0.05836302,-0.39345710,0.48515391,-1.13278417,0.13423175,-1.48935015,0.06776111,0.18388082,-0.02583809,0.24843923,0.85381512,0.50224607,1.67484425,0.13322964,0.11763087,0.13251178,0.08200697,0.19186779,0.20865855,0.85381512,1.10015319,0.57812433,0.64867944,0.50224607,1.38130081,1.47379725,1.67484425,1.74805408,0.13322964,0.41982537,1.24139644,1.50795745,0.25486516,0.26670992
826,0.16284395,0.01935076,0.02278463,0.40810928,0.39344601,0.06026924,-0.39639040,0.48461932,-1.12981325,0.13914385,-1.48873595,0.07203662,0.18565615,-0.02103595,0.24291551,0.84744504,0.50039789,1.67605888,0.12871840,0.11578316,0.14153377,0.08099033,0.19155990,0.20797747,0.84744504,1.09686277,0.58282333,0.64571661,0.50039789,1.37872648,1.46388709,1.67605888,1.74196899,0.12871840,0.42344140,1.23843621,1.50811257,0.25789263,0.26198389
827,0.16178801,0.01954111,0.02338634,0.40698700,0.39436707,0.05944272,-0.37686895,0.47904970,-1.10139873,0.13849267,-1.45532646,0.07251124,0.19203121,-0.01974677,0.24831559,0.83739157,0.49418885,1.64915719,0.12561961,0.11059860,0.15988508,0.08259897,0.19458533,0.21139073,0.83739157,1.08355700,0.56980811,0.63113225,0.49418885,1.35589635,1.43977308,1.64915719,1.71411903,0.12561961,0.40442150,1.21023593,1.47596255,0.26243419,0.26822888
828,0.16080722,0.02065978,0.02228805,0.40887835,0.40430676,0.04814457,-0.37584628,0.47401736,-1.09157769,0.13258544,-1.45114052,0.06615235,0.18401744,-0.03059975,0.23551983,0.83294543,0.49868655,1.63694230,0.12872219,0.10760722,0.16667523,0.08349436,0.19543861,0.21252661,0.83294543,1.08060866,0.56085410,0.61767866,0.49868655,1.33930375,1.42075277,1.63694230,1.69780149,0.12872219,0.40183791,1.19902567,1.47078539,0.25380858,0.25553757
829,0.15903980,0.02274162,0.02326400,0.39893602,0.40581041,0.03907581,-0.37105545,0.47583278,-1.09068221,0.13294668,-1.44772038,0.06390837,0.19914724,-0.03386078,0.23613084,0.84182912,0.49773548,1.64865419,0.12979435,0.10757669,0.17342018,0.08486509,0.19611696,0.21369124,0.84182912,1.08238291,0.57133314,0.61367279,0.49773548,1.35413467,1.42254916,1.64865419,1.69569281,0.12979435,0.39840396,1.19903563,1.46738832,0.26680887,0.25450977
830,0.16039397,0.02033036,0.02353197,0.39936429,0.40644345,0.04052368,-0.37687036,0.47318095,-1.10056342,0.12821345,-1.46263579,0.06965135,0.19648512,-0.03463850,0.23012101,0.84327185,0.50226347,1.66041082,0.13527004,0.10992168,0.16554140,0.08486230,0.19527250,0.21291538,0.84327185,1.09095873,0.57492740,0.61353790,0.50226347,1.35848197,1.42563553,1.66041082,1.70403052,0.13527004,0.40308027,1.20740969,1.48143343,0.26776112,0.24905580
831,0.16158318,0.01825233,0.02297438,0.40397711,0.40954683,0.03912890,-0.38238366,0.47376824,-1.11317773,0.12046749,-1.47167244,0.07169117,0.17618410,-0.02638240,0.22631531,0.85051450,0.50537519,1.64874219,0.13397041,0.11198143,0.17927410,0.08590939,0.19565559,0.21368559,0.85051450,1.09428483,0.56111087,0.61315705,0.50537519,1.35078203,1.43084485,1.64874219,1.70722886,0.13397041,0.40635199,1.21930067,1.48972216,0.25784805,0.24795757
832,0.16526446,0.01748365,0.02235065,0.40576956,0.41460215,0.03237238,-0.38068603,0.46370216,-1.12436646,0.10991603,-1.46803419,0.07006386,0.16038780,-0.03285618,0.22505131,0.85993098,0.49512568,1.62894783,0.14185587,0.10775039,0.18995484,0.08757646,0.19672797,0.21534050,0.85993098,1.09191140,0.54482806,0.60962209,0.49512568,1.34409044,1.43846356,1.62894783,1.70118468,0.14185587,0.40071153,1.22428619,1.48353959,0.24564944,0.24814117
833,0.16351631,0.01703487,0.02137204,0.40859034,0.41371375,0.02295213,-0.37950435,0.45741633,-1.14741986,0.10038181,-1.47302528,0.06322898,0.14565139,-0.03139153,0.22654559,0.88250848,0.48550943,1.61915860,0.14212062,0.10960186,0.19283386,0.08908278,0.19789241,0.21701877,0.88250848,1.09826600,0.52935290,0.60868188,0.48550943,1.35224162,1.45874086,1.61915860,1.70664200,0.14212062,0.39850356,1.24298203,1.48808182,0.23433831,0.25115326
834,0.16700725,0.01664289,0.02048848,0.41403363,0.41511169,0.01506292,-0.37456134,0.44963847,-1.16328156,0.08470732,-1.48466365,0.05767089,0.13132685,-0.03456548,0.22829713,0.90070521,0.48868567,1.61623348,0.15029777,0.10359371,0.17838550,0.08943160,0.19820715,0.21744904,0.90070521,1.11428820,0.51114380,0.60496456,0.48868567,1.35327040,1.47366504,1.61623348,1.71877949,0.15029777,0.39057122,1.25370094,1.49750845,0.22170665,0.25188609
835,0.17238256,0.01672946,0.02001479,0.41097952,0.40411838,0.00138501,-0.36752729,0.44218744,-1.16703105,0.07424278,-1.47249902,0.04270236,0.13496685,-0.03905551,0.24405066,0.91326886,0.48084546,1.60778006,0.14998890,0.09748892,0.14928990,0.08895825,0.19988743,0.21878883,0.91326886,1.10981233,0.50897756,0.61295458,0.48084546,1.36269104,1.49097682,1.60778006,1.72156866,0.14998890,0.38101470,1.25412576,1.48460602,0.22131166,0.26954681
836,0.17021820,0.01721771,0.01900995,0.41118054,0.40541324,-0.00092882,-0.36852311,0.43981696,-1.17518301,0.05932251,-1.47931091,0.03632413,0.13337697,-0.04617280,0.23862235,0.91953095,0.49013635,1.61288111,0.14910238,0.09407784,0.13942676,0.08838565,0.20020536,0.21884746,0.91953095,1.11518890,0.50796361,0.60883565,0.49013635,1.37008627,1.49515280,1.61288111,1.72283152,0.14910238,0.38180495,1.26089169,1.49120394,0.21805537,0.26385227
837,0.17087015,0.01788949,0.01926074,0.41134977,0.40290055,-0.01463923,-0.36167279,0.42576833,-1.16790861,0.04664249,-1.46534353,0.02920576,0.13518619,-0.04438154,0.24187745,0.91899739,0.48466040,1.60064398,0.14375182,0.09353465,0.13640734,0.08861730,0.20298274,0.22148368,0.91899739,1.10797972,0.50342169,0.60431195,0.48466040,1.36281186,1.48622584,1.60064398,1.71107981,0.14375182,0.37696761,1.24981176,1.47724902,0.22180880,0.26990038
838,0.16605909,0.01859856,0.01995825,0.41256405,0.40471910,-0.02572295,-0.36968631,0.42194221,-1.17848758,0.03985151,-1.46812178,0.02785729,0.13941216,-0.04555359,0.24526188,0.92450345,0.48216252,1.60760507,0.14351058,0.09542356,0.13997411,0.09041282,0.20231114,0.22159484,0.92450345,1.10218988,0.51472267,0.61534162,0.48216252,1.37619318,1.49869162,1.60760507,1.71704100,0.14351058,0.38897015,1.25849374,1.47978999,0.22308866,0.27209458
839,0.16622218,0.01934859,0.02111599,0.41128217,0.40155096,-0.03078114,-0.35779206,0.40991110,-1.17550174,0.02957718,-1.45031800,0.01998784,0.13932102,-0.05380633,0.24955598,0.92907319,0.47221010,1.58973371,0.14588600,0.09611699,0.14731083,0.09000766,0.20473027,0.22364227,0.92907319,1.09647988,0.50286438,0.60780006,0.47221010,1.37196248,1.49877172,1.58973371,1.70357700,0.14588600,0.37721211,1.25203616,1.46252551,0.22207336,0.27840500
840,0.16047047,0.02034352,0.02067252,0.41266116,0.40559444,-0.03622108,-0.35776424,0.39939855,-1.17275457,0.02094973,-1.44204479,0.01956009,0.12326663,-0.05510577,0.23668311,0.92419959,0.46735787,1.56537064,0.14841928,0.09301708,0.15274676,0.09136989,0.20716935,0.22642349,0.92419959,1.08772330,0.48696743,0.59480918,0.46735787,1.35107778,1.48106659,1.56537064,1.68205483,0.14841928,0.38051251,1.24650800,1.45456838,0.21556762,0.26921296
841,0.15739806,0.02012241,0.01996181,0.41649384,0.41074854,-0.04666145,-0.36042158,0.40185268,-1.18016930,0.01740678,-1.45119325,0.01683559,0.12652292,-0.05628289,0.23961238,0.93445411,0.47326658,1.57777707,0.14758393,0.09722741,0.14922177,0.09152016,0.20656226,0.22592899,0.93445411,1.09427222,0.49318727,0.60029100,0.47326658,1.36277519,1.49202944,1.57777707,1.69403767,0.14758393,0.38555425,1.25410841,1.46345724,0.21612645,0.27126629
842,0.15935156,0.02038539,0.01921223,0.41575367,0.41004379,-0.04386324,-0.35222427,0.40077814,-1.17166595,0.01853312,-1.44238728,0.00936963,0.12352093,-0.05930906,0.23404417,0.93235675,0.47149061,1.56602548,0.14403599,0.09672275,0.13225571,0.08952969,0.20814985,0.22658757,0.93235675,1.09380920,0.48101225,0.58665849,0.47149061,1.35354407,1.47929452,1.56602548,1.68007692,0.14403599,0.37637508,1.24566441,1.45483322,0.21208865,0.26548224
843,0.15948760,0.02113677,0.02096057,0.40633283,0.39234140,-0.04353435,-0.33520175,0.40218000,-1.15679602,0.01977355,-1.43286319,0.00464871,0.14221661,-0.05978768,0.24548359,0.93477410,0.47427637,1.57527956,0.13688889,0.09710983,0.10666862,0.08759094,0.20807663,0.22576106,0.93477410,1.10117904,0.48159487,0.58131405,0.47427637,1.35880768,1.47677831,1.57527956,1.68226271,0.13688889,0.36379110,1.23334347,1.44627938,0.22595757,0.27673553
844,0.15516823,0.01901972,0.02093920,0.40723772,0.39806640,-0.04966904,-0.34376269,0.40410028,-1.15107873,0.02454051,-1.42633773,-0.00051023,0.12162600,-0.06654090,0.24372898,0.92615286,0.47151573,1.54834281,0.15481358,0.09750758,0.10174991,0.08717152,0.20881229,0.22627736,0.92615286,1.08675113,0.46937811,0.58862147,0.47151573,1.33573683,1.47266884,1.54834281,1.67507216,0.15481358,0.37357706,1.22880043,1.44010765,0.21211442,0.27369033
845,0.15125430,0.01896070,0.01959958,0.41129150,0.40572449,-0.05151055,-0.33285954,0.39255013,-1.15194837,0.01637571,-1.41580669,-0.00897043,0.10766161,-0.07266112,0.23928312,0.93171915,0.46211627,1.52384874,0.16157190,0.09426915,0.09999276,0.08750742,0.21064806,0.22810119,0.93171915,1.08628318,0.44348900,0.57394354,0.46211627,1.32232287,1.46755969,1.52384874,1.66000510,0.16157190,0.36474563,1.22525367,1.42875682,0.20015594,0.26923586
846,0.15274914,0.01929487,0.01973577,0.39856481,0.39482000,-0.05571354,-0.31604147,0.38043633,-1.14745673,0.00927204,-1.40268182,-0.01666819,0.12798415,-0.06941324,0.23418026,0.93888541,0.45300118,1.53103846,0.13988239,0.08798962,0.06844424,0.08397755,0.21236896,0.22836988,0.93888541,1.08988610,0.44686349,0.55203309,0.45300118,1.33609093,1.45381236,1.53103846,1.64155209,0.13988239,0.34846321,1.21708185,1.41540135,0.21143820,0.26145139
847,0.14805453,0.01839935,0.02037908,0.39022785,0.39130179,-0.06325621,-0.31259370,0.37033135,-1.13315784,0.00199082,-1.39600634,-0.02105901,0.13132618,-0.07420901,0.23578954,0.92808568,0.45496119,1.52764291,0.13923819,0.08656440,0.07711765,0.08426269,0.21417357,0.23015325,0.92808568,1.08660034,0.44700815,0.55025517,0.45496119,1.32394193,1.44013066,1.52764291,1.63636807,0.13923819,0.34648098,1.20030658,1.40847351,0.21314615,0.26354545
848,0.14600445,0.01786209,0.02016677,0.38614882,0.39038239,-0.06439796,-0.31171255,0.36556459,-1.13934878,-0.00768980,-1.39855536,-0.03475161,0.13739896,-0.08258419,0.25308452,0.93266694,0.45652305,1.53632839,0.14785594,0.08720495,0.06292754,0.08408555,0.21483433,0.23070364,0.93266694,1.08937556,0.45092817,0.56740271,0.45652305,1.33823696,1.46382400,1.53632839,1.65630418,0.14785594,0.34786912,1.20526616,1.41119258,0.21968805,0.28075816
849,0.14543352,0.01860870,0.02082289,0.37546874,0.38600624,-0.07194092,-0.31334339,0.35650727,-1.14154280,-0.01713591,-1.38955874,-0.04055091,0.15164401,-0.08821020,0.25425430,0.93247015,0.45057862,1.54152075,0.13936875,0.08271303,0.05326435,0.08376318,0.21536844,0.23108405,0.93247015,1.07867336,0.46683301,0.57041959,0.45057862,1.35296240,1.46610196,1.54152075,1.64851800,0.13936875,0.35263839,1.20518700,1.40297240,0.23285714,0.28396578
850,0.14420478,0.01869337,0.01998864,0.37389486,0.37103844,-0.07537438,-0.30971131,0.35059316,-1.14433495,-0.02538723,-1.38004495,-0.03914552,0.15998130,-0.08836803,0.27241917,0.93704733,0.44602395,1.54020802,0.14414741,0.08258040,0.07115305,0.08441312,0.21600494,0.23191315,0.93704733,1.07259635,0.47199358,0.58411805,0.44602395,1.36154161,1.48403904,1.54020802,1.65638109,0.14414741,0.34850020,1.20552318,1.39320809,0.23678344,0.30159113
851,0.14460936,0.01812063,0.02024360,0.37040631,0.37514906,-0.08651934,-0.31843609,0.33878156,-1.14967341,-0.03772984,-1.37334052,-0.04360142,0.16121404,-0.09177467,0.26866817,0.93372839,0.44033323,1.53463107,0.14134366,0.06917950,0.05235494,0.08523570,0.21740187,0.23351381,0.93372839,1.05688182,0.48239238,0.58924916,0.44033323,1.36588782,1.48297954,1.53463107,1.64549013,0.14134366,0.35985800,1.20670457,1.38638379,0.23958276,0.29894440
852,0.14283973,0.01795268,0.02064541,0.37733612,0.39056772,-0.09823226,-0.32245202,0.32696674,-1.15212947,-0.05189943,-1.37236029,-0.03954436,0.14833190,-0.09340447,0.25890034,0.93230861,0.44092409,1.52075663,0.14527419,0.06256279,0.07412841,0.08807600,0.21950230,0.23651351,0.93230861,1.05178299,0.47577381,0.58285578,0.44092409,1.35177838,1.47273746,1.52075663,1.63394430,0.14527419,0.36429384,1.20485552,1.38515178,0.23197255,0.29169124
853,0.14526321,0.01812893,0.02121097,0.37022413,0.38033163,-0.11143870,-0.32281718,0.31491382,-1.15822020,-0.06221650,-1.36350202,-0.04330503,0.15191153,-0.09299707,0.26792833,0.93792751,0.43206707,1.51554137,0.14734685,0.05943339,0.06107049,0.08826000,0.22083611,0.23782013,0.93792751,1.04270788,0.48100878,0.59232931,0.43206707,1.35889106,1.48371350,1.51554137,1.63375445,0.14734685,0.36822004,1.20749527,1.37674024,0.23542179,0.30023384
854,0.14701110,0.01729725,0.02077857,0.37067475,0.37290020,-0.11138123,-0.31787890,0.29974592,-1.15068066,-0.07599562,-1.34877430,-0.04247329,0.14843656,-0.09061549,0.26679152,0.92877816,0.42723556,1.49758611,0.14771713,0.05577896,0.04854227,0.08744505,0.22338896,0.23989428,0.92877816,1.03224827,0.47302683,0.58606611,0.42723556,1.34422721,1.47050796,1.49758611,1.61732172,0.14771713,0.36138702,1.19555738,1.36159050,0.22993906,0.29775244
855,0.14871992,0.01793093,0.02056834,0.37224768,0.37584309,-0.11819234,-0.31869615,0.29366572,-1.15514239,-0.08392761,-1.33332510,-0.04741446,0.14616867,-0.09163594,0.26345379,0.93236414,0.41973519,1.47994794,0.14574124,0.05870112,0.03708166,0.08683148,0.22314429,0.23944327,0.93236414,1.01589032,0.47144589,0.58415481,0.41973519,1.34585478,1.47039833,1.47994794,1.59868466,0.14574124,0.36459789,1.19853874,1.34662768,0.22608719,0.29355313
856,0.15280402,0.01774711,0.02121379,0.36352750,0.36453753,-0.12848858,-0.31908414,0.28473698,-1.16795175,-0.09454561,-1.34052127,-0.05035436,0.15974607,-0.09109220,0.27065565,0.94410649,0.41907093,1.50091810,0.13876401,0.05583285,0.03987320,0.08642108,0.22271026,0.23889006,0.94410649,1.02287250,0.48703371,0.59169153,0.41907093,1.37006968,1.48714859,1.50091810,1.61280373,0.13876401,0.36753171,1.20886007,1.35477052,0.24014245,0.30235231
857,0.15639601,0.01673277,0.02056688,0.37036231,0.37312346,-0.13808128,-0.31909723,0.27641208,-1.17490093,-0.10038809,-1.34138096,-0.04945464,0.14343753,-0.08658842,0.26165149,0.95091156,0.41466131,1.48569589,0.14326212,0.04888991,0.03651606,0.08774585,0.22284463,0.23949752,0.95091156,1.02384575,0.47315271,0.58361976,0.41466131,1.35896925,1.48185458,1.48569589,1.60455168,0.14326212,0.37012261,1.21308701,1.35571020,0.22973270,0.29339140
858,0.15850546,0.01661098,0.02066639,0.37305999,0.38521576,-0.14999885,-0.30734118,0.27026475,-1.17321860,-0.10607448,-1.33736424,-0.04876808,0.14736919,-0.08725931,0.25711006,0.96252321,0.41353884,1.48585867,0.13616750,0.04661612,0.05781372,0.08978998,0.22309797,0.24048897,0.96252321,1.03173995,0.46828700,0.56839466,0.41353884,1.35977507,1.47439939,1.48585867,1.59583626,0.13616750,0.36462757,1.20963781,1.35186951,0.23337034,0.29054594
859,0.15373615,0.01710200,0.02145830,0.37537759,0.39262759,-0.15535520,-0.31329219,0.26368075,-1.18460117,-0.11126006,-1.33556850,-0.04573548,0.14638477,-0.08831646,0.25082496,0.96696231,0.40672546,1.48340758,0.13324550,0.04770344,0.05793521,0.09262283,0.22199837,0.24054576,0.96696231,1.02365628,0.47378948,0.56928572,0.40672546,1.36738105,1.47810762,1.48340758,1.58795568,0.13324550,0.37763079,1.22020612,1.35121077,0.23386412,0.28612293
860,0.15730915,0.01461075,0.02123197,0.37467216,0.37881239,-0.15945244,-0.31978699,0.25823170,-1.19883774,-0.12160344,-1.34130705,-0.05033460,0.15108027,-0.08916830,0.26746069,0.97331807,0.40896781,1.49410276,0.13857415,0.04770599,0.06780195,0.09199626,0.22078708,0.23918664,0.97331807,1.02297352,0.48551571,0.59173002,0.40896781,1.38596698,1.50690209,1.49410276,1.61013236,0.13857415,0.38123494,1.23222029,1.35775792,0.23936949,0.30421829
861,0.15387262,0.01381943,0.02169446,0.37357689,0.39016769,-0.15667320,-0.31822083,0.25776774,-1.19000718,-0.12098360,-1.32971789,-0.05083388,0.15407103,-0.09463289,0.25551782,0.96542294,0.40653106,1.48545042,0.13034258,0.04260707,0.04378073,0.09378336,0.22212995,0.24111622,0.96542294,1.01261727,0.48527291,0.57808905,0.40653106,1.38000983,1.48796567,1.48545042,1.58681165,0.13034258,0.38231737,1.22413564,1.34652544,0.24063683,0.29331840
862,0.15379988,0.01389968,0.02134672,0.37280439,0.36558758,-0.15983867,-0.32765117,0.25437010,-1.18665463,-0.12615532,-1.32552893,-0.05027732,0.15337846,-0.09397331,0.27311159,0.95372158,0.40840436,1.48085876,0.14114849,0.04295452,0.05020988,0.09199703,0.22145088,0.23979981,0.95372158,0.99927467,0.49539169,0.60456651,0.40840436,1.37537934,1.50075961,1.48085876,1.59995832,0.14114849,0.39103521,1.22056314,1.34391635,0.24655673,0.31500916
863,0.15288978,0.01334358,0.02139454,0.37234809,0.36255094,-0.16250232,-0.32858157,0.25251836,-1.19285764,-0.12896587,-1.32259586,-0.05419224,0.15285315,-0.09374222,0.27711523,0.95883943,0.40603553,1.47735512,0.14385040,0.04328291,0.04636735,0.09244570,0.22046947,0.23906692,0.95883943,0.99528527,0.49538777,0.60982851,0.40603553,1.38136159,1.51021115,1.47735512,1.60103077,0.14385040,0.39238260,1.22593138,1.34066215,0.24492511,0.31727592
864,0.14868443,0.01338763,0.02157496,0.37621412,0.36295084,-0.15941793,-0.33175034,0.24877912,-1.18944825,-0.12965281,-1.31874666,-0.04871068,0.14186622,-0.08711880,0.27789536,0.95001965,0.40296146,1.46288457,0.15307773,0.04269915,0.05686327,0.09507666,0.22087619,0.24047009,0.95001965,0.98800150,0.48824734,0.61413004,0.40296146,1.36542092,1.50529889,1.46288457,1.59796915,0.15307773,0.39502166,1.22181405,1.33681785,0.23897984,0.31782834
865,0.14958460,0.01428886,0.02153321,0.37915373,0.38474013,-0.15986754,-0.32276328,0.24564545,-1.19623630,-0.13311089,-1.31954358,-0.04332745,0.14491164,-0.08560384,0.25991893,0.96316082,0.40143614,1.46721076,0.13741700,0.04965604,0.06813963,0.09582246,0.22050351,0.24042409,0.96316082,0.99768794,0.48341295,0.58792603,0.40143614,1.37299134,1.49337891,1.46721076,1.58124264,0.13741700,0.38802661,1.22783630,1.33805383,0.23631161,0.29855171
866,0.14846809,0.01477889,0.02057683,0.38020599,0.39275957,-0.16140416,-0.33180323,0.24718184,-1.20660106,-0.13326601,-1.32936999,-0.04406929,0.13898812,-0.08487272,0.24511086,0.96559588,0.40246753,1.47106488,0.13161365,0.05016420,0.05621685,0.09584928,0.21988391,0.23986666,0.96559588,0.99853715,0.48640877,0.58284302,0.40246753,1.37755386,1.48932760,1.47106488,1.57659658,0.13161365,0.39627920,1.23869441,1.34788913,0.23080442,0.28278239
867,0.14843089,0.01427805,0.02137078,0.38291178,0.40120142,-0.16240512,-0.32156759,0.23935801,-1.19843838,-0.13826227,-1.31749462,-0.04209600,0.14113213,-0.08651849,0.24676116,0.96471601,0.39899626,1.46179821,0.13258374,0.04552991,0.06750424,0.09686906,0.22007904,0.24045457,0.96471601,0.99667910,0.47929309,0.57430347,0.39899626,1.36984500,1.48154798,1.46179821,1.56637651,0.13258374,0.38690728,1.22819432,1.33576994,0.22882695,0.28308345
868,0.14609419,0.01492964,0.02227345,0.38246311,0.41580237,-0.15968331,-0.33273474,0.24136783,-1.20253622,-0.13785837,-1.31991547,-0.04094860,0.13663971,-0.08858957,0.22311575,0.95800318,0.39960443,1.45977701,0.12268677,0.03939106,0.05557105,0.09821571,0.22037255,0.24126829,0.95800318,0.98777555,0.48499932,0.56212676,0.39960443,1.36944695,1.46355018,1.45977701,1.54543684,0.12268677,0.39826057,1.23342650,1.33872746,0.22825855,0.26216638
869,0.14898919,0.01560985,0.02199432,0.38023604,0.39848365,-0.16838632,-0.32931175,0.23925400,-1.20095477,-0.14266979,-1.32406973,-0.04704106,0.14382859,-0.08957073,0.24897599,0.96249410,0.40434510,1.47101446,0.13053175,0.04080577,0.06838833,0.09826401,0.21896647,0.24000444,0.96249410,0.99549006,0.48948974,0.58455298,0.40434510,1.37595543,1.48679238,1.47101446,1.57512225,0.13053175,0.40012362,1.23155578,1.34395721,0.23860405,0.29048524
870,0.15109551,0.01423678,0.02240709,0.38341119,0.40166245,-0.17107798,-0.33378322,0.23816357,-1.21052939,-0.14120736,-1.33265979,-0.04782829,0.13699356,-0.08941074,0.24765505,0.96790765,0.40225393,1.47265263,0.13301549,0.03382762,0.08084462,0.10079497,0.21849231,0.24062110,0.96790765,0.99972570,0.48817315,0.58757097,0.40225393,1.37905849,1.49453038,1.47265263,1.58197680,0.13301549,0.40354180,1.23982764,1.35179182,0.23709604,0.29212673
871,0.15274243,0.01328796,0.02288719,0.38110359,0.38741983,-0.17548953,-0.33569894,0.24144625,-1.20491139,-0.14388199,-1.32711339,-0.04314979,0.14177590,-0.08803552,0.26436608,0.96444874,0.40768475,1.47243575,0.14218968,0.02993859,0.06749032,0.10092151,0.21850354,0.24068433,0.96444874,0.99222484,0.49721288,0.60658534,0.40768475,1.37819615,1.50582662,1.47243575,1.59294844,0.14218968,0.40848046,1.23517041,1.34664309,0.24443589,0.31095869
872,0.15129587,0.01363458,0.02201523,0.37967995,0.39936356,-0.16989331,-0.33207286,0.23637014,-1.20222544,-0.14587744,-1.32424095,-0.04872378,0.13932873,-0.09377189,0.24059523,0.96074569,0.40396047,1.46683377,0.12739182,0.03397770,0.03728376,0.09842313,0.21912011,0.24020977,0.96074569,0.99262453,0.48761134,0.57867115,0.40396047,1.37273656,1.48011780,1.46683377,1.56655237,0.12739182,0.40500300,1.23203367,1.34381541,0.23835331,0.28660324
873,0.15635614,0.01390061,0.02253871,0.37996778,0.39429934,-0.17429815,-0.32145803,0.23228715,-1.20825279,-0.14993304,-1.32552924,-0.05602956,0.13657838,-0.09780199,0.24931777,0.97605315,0.40292122,1.46520230,0.13479739,0.03077580,0.03626908,0.09782099,0.21641351,0.23749474,0.97605315,1.00454572,0.47431468,0.57648670,0.40292122,1.37694992,1.49448710,1.46520230,1.57636412,0.13479739,0.39818072,1.23686972,1.34561334,0.24225136,0.29819055
874,0.15819446,0.01283394,0.02167565,0.38599909,0.40703414,-0.17317746,-0.32763865,0.23291999,-1.21707451,-0.14958087,-1.33223493,-0.05342332,0.13160234,-0.09338424,0.22403744,0.97799507,0.40217854,1.46711433,0.11776425,0.02953333,0.04630467,0.09713546,0.21689754,0.23765488,0.97799507,1.00518825,0.47664219,0.55767460,0.40217854,1.38029962,1.47759904,1.46711433,1.55785600,0.11776425,0.39755152,1.24519128,1.35122459,0.23562449,0.27391681
875,0.15212068,0.01445182,0.02207489,0.38804953,0.42414799,-0.17576821,-0.32781990,0.22774303,-1.21541120,-0.15131387,-1.32876313,-0.05460353,0.12912915,-0.09858562,0.20496167,0.97526261,0.39837490,1.46115505,0.11219234,0.02667546,0.07555921,0.09700132,0.21901364,0.23953336,0.97526261,1.00153614,0.47421450,0.53933242,0.39837490,1.37516137,1.45741433,1.46115505,1.53568638,0.11219234,0.39803102,1.24231133,1.34760632,0.22739062,0.25221411
876,0.14522255,0.01572365,0.02110814,0.36977762,0.40383017,-0.16462943,-0.33256910,0.21762055,-1.20517996,-0.16182476,-1.31706266,-0.04603254,0.15691783,-0.09444783,0.22750806,0.95278558,0.39772986,1.47852897,0.11218938,0.03827061,0.06315974,0.09354879,0.21974487,0.23882878,0.95278558,0.98483533,0.50456828,0.56602381,0.39772986,1.38813538,1.46652528,1.47852897,1.54752882,0.11218938,0.39845032,1.23152585,1.33792729,0.23991690,0.26701152
877,0.15205362,0.01371565,0.02038277,0.37353378,0.40686123,-0.17032696,-0.32726016,0.21548369,-1.21330800,-0.16190008,-1.31347721,-0.04580879,0.15165752,-0.09388188,0.22234955,0.96650705,0.39275500,1.46973689,0.11257598,0.03682677,0.06108407,0.09346700,0.21940775,0.23848656,0.96650705,0.98665468,0.49597872,0.55631614,0.39275500,1.39057546,1.46882999,1.46973689,1.53882698,0.11257598,0.39298796,1.23822648,1.33348316,0.23162331,0.25964641
878,0.14514315,0.01304276,0.01981527,0.37329241,0.42008328,-0.16949579,-0.33511990,0.20303183,-1.21718744,-0.17945310,-1.30595541,-0.05198190,0.14054343,-0.09704291,0.19612014,0.95757665,0.39458086,1.45210506,0.10460511,0.03897454,0.04297349,0.09340825,0.22106663,0.23999075,0.95757665,0.97127442,0.49067065,0.53848359,0.39458086,1.38199057,1.44532419,1.45210506,1.50632632,0.10460511,0.39840668,1.23996976,1.32795763,0.21872818,0.23403794
879,0.14923589,0.01289158,0.02185119,0.37224629,0.41461072,-0.18166560,-0.31612849,0.18916596,-1.21613573,-0.19210737,-1.28968217,-0.05731687,0.14534139,-0.10098649,0.20728463,0.97369647,0.39104124,1.44135570,0.10560144,0.02853491,0.04819640,0.09697197,0.22143447,0.24173703,0.97369647,0.97387264,0.47883036,0.53143469,0.39104124,1.38462080,1.45283819,1.44135570,1.50122517,0.10560144,0.39237601,1.23673334,1.31464010,0.23409541,0.25164394
880,0.14481476,0.01311192,0.02327538,0.37369473,0.41610103,-0.18085664,-0.33193130,0.18288861,-1.22979378,-0.20049556,-1.29307126,-0.05473532,0.13435583,-0.09515240,0.19774425,0.96907016,0.39159657,1.43488139,0.10334711,0.01970533,0.04220670,0.09920818,0.22294702,0.24402384,0.96907016,0.96162770,0.48416928,0.53790174,0.39159657,1.38590925,1.45441946,1.43488139,1.49579358,0.10334711,0.40399931,1.24885736,1.31901937,0.22776677,0.24313082
881,0.14610600,0.01311392,0.02430040,0.37555015,0.41310912,-0.19169083,-0.32633360,0.17023254,-1.24838789,-0.21062876,-1.29632962,-0.05780539,0.13490129,-0.09483750,0.20652479,0.99089454,0.38719652,1.43940220,0.10399949,0.02033289,0.04418573,0.10282293,0.22403868,0.24650737,0.99089454,0.97048325,0.48149802,0.54249687,0.38719652,1.40327541,1.47887029,1.43940220,1.50833351,0.10399949,0.40617498,1.26573760,1.32450153,0.23361253,0.25518392
882,0.14549780,0.01428871,0.02439750,0.36656196,0.40733869,-0.19152645,-0.31670657,0.16609446,-1.22657794,-0.21407436,-1.28461980,-0.06060426,0.14111668,-0.09230305,0.20673592,0.97801422,0.38761238,1.43400690,0.10080530,0.02096188,0.02351856,0.10213492,0.22666470,0.24861301,0.97801422,0.96840339,0.47717679,0.53417101,0.38761238,1.38758250,1.45646340,1.43400690,1.49751094,0.10080530,0.40034044,1.24408399,1.31385337,0.23929091,0.25342115
883,0.14827918,0.01383435,0.02486885,0.36130630,0.38868431,-0.19344468,-0.31586221,0.16210394,-1.22830652,-0.21739297,-1.27488472,-0.05879044,0.16091483,-0.09156588,0.23974202,0.97970507,0.38517213,1.44462744,0.10639032,0.01539704,0.00025501,0.10377622,0.22952163,0.25189220,0.97970507,0.95947902,0.49658690,0.56564107,0.38517213,1.40808879,1.48980369,1.44462744,1.52056951,0.10639032,0.40316011,1.24575999,1.30528826,0.25816462,0.28751880
884,0.14552169,0.01355554,0.02500236,0.36856906,0.40036911,-0.19750320,-0.31329130,0.15838068,-1.23373424,-0.22104574,-1.28025244,-0.04801596,0.14185555,-0.08919816,0.21791026,0.98774514,0.38498573,1.43278385,0.11150146,0.01635377,-0.01060269,0.10652010,0.22908280,0.25263702,0.98774514,0.96725430,0.47981557,0.54387886,0.38498573,1.39269249,1.47260627,1.43278385,1.50469224,0.11150146,0.40896343,1.25077751,1.31120274,0.25006859,0.26891090
885,0.14515239,0.01536408,0.02644783,0.36696622,0.40082152,-0.19515025,-0.31329105,0.16012556,-1.23263140,-0.22426766,-1.27764388,-0.05206690,0.14942148,-0.09339951,0.22341979,0.98619254,0.38928558,1.43755834,0.11169565,0.01386827,-0.02501944,0.10604136,0.23084601,0.25403671,0.98619254,0.96482354,0.48513282,0.54810877,0.38928558,1.39962454,1.47799658,1.43755834,1.50767590,0.11169565,0.40658073,1.25044241,1.30937013,0.25377451,0.27281843
886,0.14114386,0.01549731,0.02650197,0.36189149,0.39948143,-0.19864140,-0.31499075,0.16122504,-1.24179907,-0.23088128,-1.28691511,-0.05360162,0.15669300,-0.09826683,0.21991880,0.99466625,0.39687833,1.45456174,0.11101338,0.01792604,-0.03781621,0.10278377,0.22889263,0.25091102,0.99466625,0.97253132,0.49437138,0.54652745,0.39687833,1.41614242,1.48470936,1.45456174,1.51391834,0.11101338,0.41075336,1.26042827,1.32051179,0.26198536,0.27065913
887,0.14209468,0.01520944,0.02767924,0.36262388,0.39750697,-0.20312502,-0.31362287,0.15950155,-1.24790016,-0.23419642,-1.29466779,-0.05973034,0.15814626,-0.10335174,0.23077813,1.00262830,0.39850082,1.46335841,0.11514680,0.01451361,-0.03902535,0.10405166,0.22893731,0.25147373,1.00262830,0.98159154,0.49387410,0.55572105,0.39850082,1.42421048,1.50199420,1.46335841,1.53223617,0.11514680,0.41290941,1.26647920,1.32877265,0.26471349,0.28239534
888,0.14145833,0.01508451,0.02882835,0.35966416,0.38743642,-0.19965379,-0.30874164,0.15716596,-1.24724321,-0.23673425,-1.28118397,-0.06030416,0.16382455,-0.10105402,0.24275026,1.00440053,0.39656556,1.45581966,0.11783084,0.01455671,-0.07757284,0.10221993,0.23017345,0.25185061,1.00440053,0.97315794,0.49306738,0.56322822,0.39656556,1.42847429,1.51252560,1.45581966,1.53122355,0.11783084,0.41030587,1.26667304,1.31612205,0.26665687,0.29077886
889,0.14021651,0.01613904,0.02810292,0.36363993,0.39197831,-0.19603966,-0.30951119,0.16584730,-1.25299215,-0.22952588,-1.28642693,-0.05858618,0.15948463,-0.09868867,0.24223612,1.01077803,0.39791363,1.45603646,0.12086662,0.01552349,-0.06677726,0.10289283,0.22990988,0.25188388,1.01077803,0.97751061,0.48909786,0.56339967,0.39791363,1.43083245,1.51887014,1.45603646,1.53565928,0.12086662,0.40807987,1.27353469,1.31993480,0.26155814,0.28795615
890,0.13707765,0.01626820,0.02943415,0.36060902,0.38197337,-0.19378176,-0.31239054,0.17175571,-1.23837175,-0.22456652,-1.28021147,-0.05795873,0.16660264,-0.09631163,0.26074689,0.99582485,0.39961102,1.45645422,0.12565125,0.01516201,-0.06180164,0.10244277,0.23076796,0.25248440,0.99582485,0.96832224,0.49827689,0.58386107,0.39961102,1.42432826,1.52317841,1.45645422,1.54740024,0.12565125,0.40871014,1.25966941,1.31263400,0.26559424,0.30465718
891,0.13535380,0.01789529,0.02827195,0.36471494,0.38210668,-0.18450491,-0.31491538,0.17847185,-1.22718269,-0.21366812,-1.28360833,-0.05361462,0.15416793,-0.09896767,0.25127093,0.98196085,0.39661221,1.44674751,0.13050634,0.00418562,-0.09892479,0.10359087,0.23418286,0.25607163,0.98196085,0.96913460,0.48735202,0.57534466,0.39661221,1.40114115,1.50478604,1.44674751,1.54026381,0.13050634,0.40656322,1.25074370,1.31385582,0.25626827,0.29678811
892,0.13645461,0.01725205,0.02559278,0.36865334,0.38919367,-0.17760952,-0.31481239,0.18601741,-1.23364898,-0.20170613,-1.30900983,-0.04674503,0.15126912,-0.09645631,0.25693781,0.98833930,0.39565307,1.46848976,0.13655785,0.02715538,-0.00918591,0.10366484,0.23338465,0.25537188,0.98833930,0.99450162,0.48422560,0.58058680,0.39565307,1.40464064,1.51769227,1.46848976,1.57082205,0.13655785,0.40546345,1.25853182,1.33782507,0.25081121,0.30104972
893,0.13418582,0.01850810,0.02566397,0.36765499,0.38956247,-0.17525324,-0.31407307,0.19331625,-1.23327117,-0.18990024,-1.31353184,-0.04590499,0.15695366,-0.09675488,0.25315196,0.99046270,0.39203455,1.47752166,0.13029593,0.03133574,-0.01967751,0.10268792,0.23288820,0.25452254,0.99046270,0.99957459,0.48851352,0.57627715,0.39203455,1.41083902,1.51525392,1.47752166,1.57095950,0.13029593,0.40650931,1.26035990,1.34123105,0.25557391,0.29833881
894,0.13223553,0.01760589,0.02519551,0.36485806,0.38451541,-0.17486837,-0.31317805,0.20216308,-1.23350289,-0.18729513,-1.31765954,-0.04759861,0.16799560,-0.10184114,0.26093535,0.99466284,0.39888370,1.49220889,0.12852154,0.03904795,-0.01850561,0.10077286,0.23076436,0.25180818,0.99466284,1.00456794,0.49773176,0.58259516,0.39888370,1.42368868,1.52595409,1.49220889,1.58251343,0.12852154,0.40787783,1.26284034,1.34563540,0.26363963,0.30765886
895,0.13319705,0.01795949,0.02592811,0.36565170,0.39010910,-0.17302206,-0.31121923,0.20643528,-1.22896512,-0.18180539,-1.31541761,-0.05177623,0.17135489,-0.11269090,0.24839367,0.99311965,0.39806502,1.49245300,0.12237301,0.03270275,-0.04640851,0.10088579,0.23248849,0.25343410,0.99311965,1.00428096,0.49775305,0.56600186,0.39806502,1.42406549,1.51236835,1.49245300,1.56685848,0.12237301,0.40158465,1.25900897,1.34217706,0.26772831,0.30049173
896,0.12788033,0.01808541,0.02707378,0.36911919,0.39063710,-0.16327004,-0.31226324,0.20910101,-1.22237359,-0.17529976,-1.30836848,-0.05126275,0.15794881,-0.10989664,0.24804138,0.98334999,0.39414610,1.47155839,0.12892519,0.04047523,-0.02377742,0.10052558,0.23226658,0.25308725,0.98334999,0.99622648,0.48355347,0.56580169,0.39414610,1.40477110,1.50558052,1.47155839,1.55925149,0.12892519,0.39705691,1.25297816,1.33407086,0.25717599,0.29878940
897,0.13444759,0.01799101,0.02689833,0.36632290,0.38811539,-0.16512464,-0.30457251,0.21351318,-1.22517947,-0.17136631,-1.30226278,-0.04761438,0.15704767,-0.10633320,0.24779328,0.99546330,0.39304343,1.46457728,0.12925658,0.03254828,-0.02077928,0.09968483,0.23080593,0.25141289,0.99546330,0.99778516,0.47682645,0.55767794,0.39304343,1.40698495,1.50786849,1.46457728,1.55264462,0.12925658,0.38886329,1.25502500,1.32699669,0.25722547,0.29813721
898,0.12873917,0.01835337,0.02813952,0.35927977,0.39080786,-0.15771909,-0.29493666,0.21356615,-1.22235090,-0.17459786,-1.29996232,-0.04631226,0.18512438,-0.10442230,0.26215571,0.99910029,0.39643250,1.49062359,0.12308060,0.03500182,-0.02921890,0.10040459,0.23170352,0.25252248,0.99910029,1.00518343,0.49292076,0.56355770,0.39643250,1.43150066,1.51902199,1.49062359,1.56535246,0.12308060,0.38414852,1.25288365,1.32599861,0.27571355,0.30766709
899,0.13259371,0.01713348,0.02705266,0.36036881,0.39221988,-0.15924520,-0.28723763,0.21730113,-1.22543949,-0.17381502,-1.30937331,-0.03970782,0.18195437,-0.09799413,0.26324362,1.01102450,0.40090111,1.49735357,0.12376353,0.04053103,0.02485071,0.10108243,0.23096883,0.25211953,1.01102450,1.02233369,0.48454671,0.55650821,0.40090111,1.43101528,1.52226782,1.49735357,1.57590770,0.12376353,0.37527802,1.25596508,1.33524179,0.27359199,0.30848907
900,0.13764452,0.01801968,0.02586061,0.36396835,0.39122299,-0.15558017,-0.28122158,0.21552935,-1.21367562,-0.16561935,-1.31036513,-0.03039082,0.16382554,-0.09132840,0.25861220,1.00359681,0.39373816,1.48041933,0.13351701,0.04345076,0.04146022,0.10414079,0.23161613,0.25395145,1.00359681,1.02932404,0.46312171,0.54545159,0.39373816,1.39962297,1.50447545,1.48041933,1.57191238,0.13351701,0.36308646,1.24368928,1.33373830,0.25739481,0.30122952
901,0.14279074,0.01885370,0.02627859,0.35164073,0.37684990,-0.14450665,-0.25641953,0.22135836,-1.20668199,-0.15914404,-1.30038603,-0.03023078,0.18324633,-0.09447793,0.27278351,1.01826322,0.39225281,1.48926545,0.13134267,0.04594297,0.04860472,0.10083842,0.23132777,0.25235079,1.01826322,1.04418126,0.45505322,0.53345065,0.39225281,1.41280473,1.51340855,1.48926545,1.57564644,0.13134267,0.33748547,1.23761252,1.32245299,0.26693470,0.31273405
902,0.14035593,0.01758253,0.02627388,0.34905311,0.37374257,-0.13715104,-0.25423458,0.23392542,-1.20151032,-0.15262877,-1.29981718,-0.03101463,0.18603965,-0.09364566,0.27840279,1.01736435,0.39949835,1.49083654,0.13196952,0.04943915,0.05796190,0.10064639,0.23173647,0.25264894,1.01736435,1.04591868,0.45370742,0.53615166,0.39949835,1.41290188,1.51631718,1.49083654,1.58064618,0.13196952,0.33190910,1.23479461,1.32175593,0.26823918,0.31740731
903,0.14307527,0.01773042,0.02431166,0.34411341,0.36932666,-0.12814425,-0.23625296,0.24278289,-1.19279712,-0.14563191,-1.30824451,-0.02823220,0.19445819,-0.09000731,0.27581658,1.02595818,0.40592311,1.50728258,0.12594737,0.05552931,0.06625733,0.09779488,0.23086854,0.25072719,1.02595818,1.07230116,0.44262533,0.51622719,0.40592311,1.41371402,1.50661078,1.50728258,1.58667344,0.12594737,0.31801541,1.22836561,1.32981248,0.27371666,0.31278928
904,0.14164666,0.01938646,0.02489830,0.34255565,0.36518781,-0.12883631,-0.23032008,0.24349896,-1.18614472,-0.14062880,-1.29794700,-0.02613580,0.19355421,-0.08840586,0.27677305,1.02578789,0.40127133,1.49590675,0.12639712,0.05025499,0.07991742,0.09800377,0.23063996,0.25059834,1.02578789,1.06807280,0.43760237,0.50998604,0.40127133,1.40632128,1.50047304,1.49590675,1.57691274,0.12639712,0.30460478,1.22008252,1.31797928,0.27100437,0.31283094
905,0.14294340,0.01704740,0.02345478,0.33984238,0.35836889,-0.12667383,-0.22284035,0.24919474,-1.17892934,-0.13572838,-1.29453387,-0.03260049,0.19603014,-0.08395191,0.28184592,1.02733865,0.40343328,1.49412732,0.12197617,0.05372386,0.09624285,0.09652516,0.23092273,0.25028467,1.02733865,1.07211371,0.43026729,0.50815329,0.40343328,1.40398047,1.49868296,1.49412732,1.57876831,0.12197617,0.30314457,1.21495874,1.31548985,0.27535955,0.31791794
906,0.14240070,0.01612483,0.02282714,0.33825340,0.34985539,-0.11912924,-0.22397891,0.25299727,-1.17299733,-0.13387730,-1.29693840,-0.03362748,0.21159080,-0.08405762,0.30185026,1.01938484,0.40809507,1.51186207,0.12365703,0.05961020,0.10790383,0.09598479,0.23091358,0.25006832,1.01938484,1.07357550,0.44483991,0.52841354,0.40809507,1.41437161,1.51323311,1.51186207,1.60117970,0.12365703,0.30279434,1.21055231,1.31886016,0.28934968,0.33796255
907,0.14096441,0.01681329,0.02330951,0.33569966,0.33740354,-0.11112754,-0.21128067,0.25457112,-1.16847107,-0.12690006,-1.29445455,-0.03760206,0.21006855,-0.08694318,0.29829575,1.02467842,0.40314327,1.50717627,0.12127255,0.06293678,0.08667454,0.09427086,0.23151967,0.24997670,1.02467842,1.08369143,0.42847488,0.51183596,0.40314327,1.40947244,1.50646463,1.50717627,1.59483488,0.12127255,0.29254691,1.20720874,1.31574111,0.28880205,0.33588517
908,0.14633413,0.01607072,0.02293381,0.32791346,0.32217895,-0.10691151,-0.20235039,0.26008936,-1.16845009,-0.12475822,-1.29503460,-0.03276348,0.22379425,-0.08517388,0.31196741,1.03346210,0.40675457,1.52161284,0.12302952,0.06463410,0.09978668,0.09342891,0.23083687,0.24902736,1.03346210,1.09335640,0.43378068,0.51598212,0.40675457,1.42314326,1.52050086,1.52161284,1.60897699,0.12302952,0.27940305,1.20741689,1.31544506,0.29731236,0.34671662
909,0.14738386,0.01587477,0.02287696,0.33779617,0.33215498,-0.11063756,-0.20521751,0.26396277,-1.15787010,-0.11960059,-1.28903036,-0.02882920,0.21296577,-0.07800168,0.30651008,1.02366132,0.40741260,1.50474065,0.12287835,0.06733735,0.13407098,0.09537020,0.23195551,0.25079639,1.02366132,1.08450102,0.42746647,0.51356806,0.40741260,1.40224912,1.50399420,1.50474065,1.59745673,0.12287835,0.28328549,1.19800708,1.30969623,0.29015485,0.34281678
910,0.14678498,0.01590330,0.02223677,0.33402884,0.33031119,-0.10945251,-0.21159534,0.26539367,-1.16332323,-0.11483164,-1.29006476,-0.02848358,0.21946684,-0.07500498,0.32010548,1.02289094,0.40299699,1.51199944,0.12719166,0.06824523,0.14625841,0.09548238,0.23260931,0.25144379,1.02289094,1.07918380,0.44024979,0.53336769,0.40299699,1.41427567,1.52212860,1.51199944,1.61190034,0.12719166,0.28402125,1.20278420,1.30954571,0.29345635,0.35368522
911,0.14327468,0.01583445,0.02198439,0.33681666,0.34243025,-0.10486743,-0.21730308,0.26536779,-1.15796273,-0.11426261,-1.28854504,-0.02552124,0.21461252,-0.07637547,0.30982413,1.01091552,0.40356208,1.50578130,0.12593879,0.06754251,0.14667532,0.09682914,0.23419515,0.25342307,1.01091552,1.07186031,0.44021775,0.52899953,0.40356208,1.40354040,1.50730923,1.50578130,1.60031980,0.12593879,0.28951423,1.19792648,1.30824172,0.28825561,0.34302361
912,0.14415953,0.01517023,0.02009077,0.34086543,0.33757841,-0.10312363,-0.21623643,0.26639199,-1.15467902,-0.11193846,-1.27469753,-0.03216956,0.19678155,-0.07500863,0.31684454,1.00861245,0.39874575,1.47363975,0.14152054,0.06451661,0.14181142,0.09590952,0.23453840,0.25339079,1.00861245,1.05889798,0.42011983,0.53476576,0.39874575,1.38459031,1.51077777,1.47363975,1.59313367,0.14152054,0.28536864,1.19396486,1.29278804,0.27183531,0.34816520
913,0.14693662,0.01633627,0.02159909,0.31909406,0.31316166,-0.08940576,-0.19627504,0.27280749,-1.15245089,-0.11089105,-1.27844344,-0.02556647,0.22121888,-0.07654440,0.32637721,1.02252554,0.40556961,1.50209483,0.13365596,0.06663640,0.13010490,0.09325095,0.23290165,0.25087630,1.02252554,1.08274083,0.42359706,0.52380953,0.40556961,1.40632529,1.51970614,1.50209483,1.60631745,0.13365596,0.26558404,1.19321756,1.29620720,0.29111493,0.35696176
914,0.14792021,0.01616026,0.02227381,0.30638650,0.29143854,-0.09402301,-0.17759205,0.27788425,-1.14580222,-0.11267722,-1.27145530,-0.02168291,0.22875016,-0.07274352,0.33620275,1.03728580,0.41214561,1.50297414,0.13598632,0.06788232,0.12964323,0.09232306,0.23163321,0.24935415,1.03728580,1.09429687,0.41385068,0.51545591,0.41214561,1.40754034,1.52305927,1.50297414,1.60927153,0.13598632,0.25465606,1.18750657,1.28919934,0.29615769,0.36463616
915,0.15327337,0.01630209,0.02111967,0.30764144,0.28163749,-0.09260159,-0.16448713,0.28130210,-1.14550695,-0.10949145,-1.27703633,-0.01499488,0.21321482,-0.06783082,0.32994871,1.04994296,0.41434096,1.49325496,0.14436058,0.06739197,0.13251879,0.09268116,0.23121165,0.24909561,1.04994296,1.11301594,0.38701319,0.49617894,0.41434096,1.39142756,1.51633327,1.49325496,1.60867486,0.14436058,0.24131154,1.18747670,1.29399267,0.28168169,0.35657969
916,0.15392526,0.01628973,0.02126017,0.30472501,0.30402176,-0.08798672,-0.14924222,0.28621732,-1.13179396,-0.10391927,-1.26738299,-0.00832434,0.22443584,-0.06623096,0.31388095,1.05158619,0.41493188,1.49488675,0.12848125,0.06928788,0.13954080,0.09324345,0.23154454,0.24961413,1.05158619,1.11842946,0.38287603,0.46601392,0.41493188,1.38856398,1.48826442,1.49488675,1.58312436,0.12848125,0.23464128,1.17558965,1.28403943,0.28970473,0.33952153
917,0.15865753,0.01674628,0.02174983,0.29861500,0.29731807,-0.08428242,-0.13604876,0.28556827,-1.11540455,-0.10434416,-1.24525074,-0.00963743,0.22051878,-0.06901079,0.29160964,1.04704977,0.41276057,1.46882989,0.11877223,0.06373928,0.12314875,0.09154708,0.23392422,0.25119994,1.04704977,1.10954301,0.36497416,0.43109403,0.41276057,1.36879161,1.45136842,1.46882989,1.53890274,0.11877223,0.22182299,1.15914633,1.26145368,0.28219613,0.31637860
918,0.15834246,0.01721248,0.02246267,0.31511177,0.31617330,-0.08989670,-0.14167967,0.27899098,-1.11928069,-0.10669566,-1.23962988,-0.01339526,0.19895995,-0.06992390,0.27280915,1.04502963,0.40586883,1.44161269,0.11713812,0.06414430,0.13005780,0.09171730,0.23497561,0.25224116,1.04502963,1.09828242,0.34983991,0.41783577,0.40586883,1.35086437,1.43549328,1.44161269,1.51450487,0.11713812,0.22344405,1.16083953,1.25559887,0.26198690,0.29842247
919,0.15980473,0.01722505,0.02428517,0.31792637,0.30870173,-0.10262516,-0.13497652,0.27753912,-1.12906936,-0.11130129,-1.24874858,-0.02023534,0.19107461,-0.06840977,0.27093179,1.06441698,0.40855620,1.44270120,0.11757629,0.06705751,0.12935175,0.09134322,0.23271635,0.25000097,1.06441698,1.11402240,0.33713196,0.41015700,0.40855620,1.35387550,1.44247692,1.44270120,1.52189097,0.11757629,0.22498318,1.17019975,1.26515058,0.25758190,0.29677334
920,0.15481383,0.01612382,0.02556252,0.33536267,0.36682446,-0.10107598,-0.14511343,0.27404219,-1.13235250,-0.11758460,-1.25353800,-0.02383957,0.17269818,-0.07268160,0.24126421,1.05619181,0.41162199,1.42931382,0.11276187,0.06460747,0.15352798,0.09424920,0.23292712,0.25127267,1.05619181,1.10879502,0.32793412,0.39077830,0.41162199,1.33914195,1.41719587,1.42931382,1.49733361,0.11276187,0.22861608,1.17240849,1.27024089,0.24265175,0.26885235
921,0.16741337,0.01603523,0.02381336,0.32210710,0.33336816,-0.11042823,-0.12053002,0.27181159,-1.12598758,-0.11645199,-1.24423648,-0.01859456,0.17722605,-0.07006728,0.24998574,1.07584027,0.40760152,1.42484030,0.11450382,0.06185373,0.14350912,0.09271315,0.23324308,0.25099415,1.07584027,1.12386712,0.31253379,0.37574685,0.40760152,1.33589302,1.41808988,1.42484030,1.49638573,0.11450382,0.22200004,1.16568221,1.26094668,0.24933904,0.27912562
922,0.17084446,0.01638471,0.02462283,0.34236462,0.35206375,-0.10903431,-0.10307162,0.26507335,-1.12382765,-0.12193983,-1.24231086,-0.02239604,0.15524308,-0.07013534,0.23647103,1.08731163,0.40650402,1.40111257,0.11533704,0.05924834,0.16775889,0.09489281,0.23451789,0.25298870,1.08731163,1.13947338,0.27371918,0.34412753,0.40650402,1.31174533,1.40115859,1.40111257,1.48088175,0.11533704,0.21079993,1.16189766,1.25943242,0.23450374,0.26918170
923,0.16857467,0.01552625,0.02271596,0.32850651,0.32005224,-0.10181344,-0.10284649,0.26445442,-1.11975994,-0.11603225,-1.24252181,-0.01446418,0.17933440,-0.06224132,0.26996641,1.08098099,0.40143257,1.42549762,0.12050937,0.06589843,0.16361580,0.09315512,0.23390704,0.25177446,1.08098099,1.13994296,0.29666189,0.37663356,0.40143257,1.32940755,1.42775059,1.42549762,1.51448819,0.12050937,0.20719765,1.15814808,1.25924948,0.25148392,0.29892909
924,0.16910615,0.01672646,0.02365525,0.32645328,0.31703448,-0.10687039,-0.11338215,0.26976637,-1.11223186,-0.10281666,-1.25108077,-0.01727565,0.19147070,-0.06634621,0.27941657,1.06761229,0.39940885,1.44511208,0.11871585,0.06554411,0.16356411,0.09253425,0.23333246,0.25101120,1.06761229,1.13792489,0.31926408,0.39615871,0.39940885,1.33574105,1.43175475,1.44511208,1.53188692,0.11871585,0.21652871,1.15239864,1.26712066,0.26435986,0.31071098
925,0.16210936,0.01566327,0.02149052,0.32424818,0.31233104,-0.10199294,-0.11901920,0.28388465,-1.12068704,-0.08842446,-1.27243706,-0.02592587,0.20439063,-0.07498518,0.30338237,1.07365626,0.40371264,1.47817766,0.12628603,0.06908288,0.14593553,0.09142845,0.23159240,0.24898634,1.07365626,1.15358653,0.33306058,0.42494295,0.40371264,1.36158223,1.46867258,1.47817766,1.57673624,0.12628603,0.22603358,1.16459589,1.28775264,0.27776499,0.33662945
926,0.15970249,0.01672661,0.02201904,0.33235554,0.33606108,-0.09724636,-0.13296334,0.29765309,-1.11711257,-0.07278306,-1.28041295,-0.03256099,0.19950357,-0.08087852,0.29207520,1.06063259,0.40649718,1.48047822,0.12210390,0.07472226,0.16404951,0.09182439,0.23053785,0.24815201,1.06063259,1.14781662,0.33943626,0.42732112,0.40649718,1.35808963,1.45927715,1.48047822,1.57352648,0.12210390,0.23125304,1.16467551,1.29476266,0.27376993,0.32645555
927,0.15956578,0.01594094,0.02139791,0.33512082,0.33365224,-0.09612920,-0.13729024,0.31009509,-1.11939413,-0.06296985,-1.29082706,-0.02885353,0.20645516,-0.08462881,0.30033512,1.06295619,0.41227426,1.49767867,0.12575190,0.08028834,0.17753368,0.09233808,0.22939607,0.24728300,1.06295619,1.15417478,0.35109820,0.43944146,0.41227426,1.36914279,1.47371658,1.49767867,1.59234891,0.12575190,0.23572521,1.17089262,1.30554565,0.28199505,0.33709159
928,0.16278695,0.01822819,0.02232975,0.32859554,0.32048648,-0.09734878,-0.12075168,0.31699719,-1.11491533,-0.06083004,-1.28359119,-0.02712704,0.21079842,-0.08076226,0.30148555,1.07736707,0.41590335,1.49478607,0.12395673,0.07825103,0.15941466,0.09003601,0.22842730,0.24553108,1.07736707,1.16352395,0.33969092,0.42466560,0.41590335,1.37052852,1.47128067,1.49478607,1.58627337,0.12395673,0.22589108,1.16731728,1.29761947,0.28330117,0.33511747
929,0.16042351,0.01663988,0.02382378,0.33218304,0.33643966,-0.10409733,-0.12022285,0.31376606,-1.11064108,-0.06856238,-1.27824262,-0.03580961,0.20801353,-0.08721061,0.31349132,1.07536085,0.41992547,1.48666883,0.13297457,0.06844540,0.17504015,0.09256009,0.23124239,0.24907913,1.07536085,1.15867734,0.33647889,0.43537291,0.41992547,1.36543387,1.47951236,1.48666883,1.59263299,0.13297457,0.22527052,1.16142970,1.29208154,0.28273399,0.34877553
930,0.16161862,0.01776783,0.02463774,0.33112170,0.31941493,-0.10940022,-0.09867749,0.31294191,-1.10390991,-0.07454354,-1.26285452,-0.04142798,0.18998109,-0.08712365,0.30442577,1.09054861,0.42067838,1.45324119,0.13807835,0.07164111,0.17470906,0.09175561,0.23246319,0.24991644,1.09054861,1.16484976,0.29785501,0.40518765,0.42067838,1.34242012,1.46412084,1.45324119,1.56823449,0.13807835,0.21330899,1.15514927,1.27682883,0.26638076,0.33854556
931,0.15883717,0.01731775,0.02523896,0.33889352,0.35326631,-0.12192334,-0.11677149,0.31594467,-1.11524186,-0.07702949,-1.27095534,-0.04707407,0.16430984,-0.09360442,0.26162576,1.09053962,0.42477313,1.43558701,0.12719639,0.06857583,0.18403025,0.09522487,0.23305523,0.25175884,1.09053962,1.15518639,0.29174321,0.38210661,0.42477313,1.33088352,1.43663089,1.43558701,1.53393426,0.12719639,0.23498330,1.16741805,1.28605483,0.25254895,0.30208648
932,0.15629236,0.01620797,0.02612804,0.33854165,0.35654569,-0.12392114,-0.10598977,0.31297653,-1.11043841,-0.08094468,-1.26574133,-0.04880494,0.15640894,-0.09165298,0.25335324,1.09561947,0.42492594,1.42251804,0.12567032,0.07322424,0.18585275,0.09563770,0.23277614,0.25165711,1.09561947,1.16060386,0.27335418,0.36458196,0.42492594,1.31807792,1.42283214,1.42251804,1.52047498,0.12567032,0.23766245,1.16324549,1.28165113,0.24935011,0.29511793
933,0.16167868,0.01628671,0.02588827,0.34548294,0.35364395,-0.13035846,-0.09806878,0.31102036,-1.11937479,-0.08432176,-1.27125320,-0.04980230,0.15781685,-0.09125092,0.26896962,1.11276646,0.42540047,1.42949980,0.13501622,0.07176751,0.19417537,0.09843589,0.23372482,0.25360780,1.11276646,1.17427254,0.26961439,0.37102016,0.42540047,1.32798260,1.44556543,1.42949980,1.54134506,0.13501622,0.23213603,1.17091480,1.28755388,0.25354061,0.31137868
934,0.15755415,0.01583830,0.02594127,0.33581123,0.33971035,-0.13460616,-0.11074963,0.30843878,-1.11900444,-0.08685931,-1.27607119,-0.04640557,0.17987554,-0.09155176,0.29244856,1.10147608,0.42700920,1.45654750,0.13742467,0.06547534,0.18061112,0.09777262,0.23466773,0.25422122,1.10147608,1.16643714,0.30505521,0.40708886,0.42700920,1.34733862,1.46712755,1.45654750,1.56945502,0.13742467,0.24246543,1.17025508,1.29254515,0.27085253,0.33386181
935,0.15811227,0.01572392,0.02561332,0.33834384,0.34774114,-0.13383963,-0.10897201,0.31003651,-1.11451175,-0.08237315,-1.27345417,-0.04743521,0.18047216,-0.09307184,0.28166738,1.09933282,0.42476343,1.45437648,0.12815464,0.06711523,0.19026539,0.09847725,0.23670698,0.25637465,1.09933282,1.16570765,0.30300099,0.39481743,0.42476343,1.34412763,1.45334992,1.45437648,1.55611745,0.12815464,0.24322669,1.16670569,1.28956514,0.27002170,0.32433844
936,0.15438275,0.01718845,0.02758128,0.33238893,0.33329683,-0.13249411,-0.11821555,0.31728285,-1.10987458,-0.07388853,-1.26177084,-0.03982362,0.21825862,-0.09389000,0.30895746,1.08920926,0.42095453,1.48049966,0.12102275,0.05913659,0.15496222,0.09752911,0.23839206,0.25757077,1.08920926,1.14507823,0.34971720,0.43048856,0.42095453,1.37616354,1.47724683,1.48049966,1.57146943,0.12102275,0.25134108,1.16425006,1.27740168,0.29885721,0.35238924
937,0.14689219,0.01784359,0.02765895,0.33800828,0.33681143,-0.11185281,-0.12360400,0.32882411,-1.10383732,-0.05417930,-1.25566988,-0.04602578,0.20980196,-0.09643869,0.29638450,1.07504951,0.41356752,1.46552155,0.11386914,0.06654197,0.18953275,0.09673205,0.23989100,0.25865958,1.07504951,1.13357749,0.34036320,0.42175013,0.41356752,1.36681134,1.46340533,1.46552155,1.55328778,0.11386914,0.24012125,1.16108971,1.27005544,0.28786406,0.34067763
938,0.14841564,0.01557700,0.02771046,0.34101077,0.31834657,-0.10743431,-0.14156962,0.34400276,-1.10392723,-0.03750335,-1.26368395,-0.05623807,0.20823742,-0.10539277,0.31772687,1.06321742,0.41538231,1.47205355,0.13015351,0.07340365,0.19222613,0.09410194,0.23804198,0.25596711,1.06321742,1.12440430,0.35422480,0.46016833,0.41538231,1.37257220,1.49100312,1.47205355,1.58348383,0.13015351,0.24345291,1.16520969,1.27732056,0.28646152,0.36213713
939,0.14691961,0.01395108,0.02615995,0.35323051,0.34038539,-0.10936737,-0.16386659,0.36115973,-1.09638893,-0.01573977,-1.25448111,-0.05469800,0.18688804,-0.10596693,0.30064757,1.04466994,0.41046312,1.44191927,0.13451988,0.07295414,0.17905984,0.09570780,0.23824770,0.25675270,1.04466994,1.09479758,0.35606476,0.46507641,0.41046312,1.34976507,1.47307004,1.44191927,1.55830970,0.13451988,0.25539004,1.16329267,1.26769706,0.27217893,0.34812593
940,0.14764305,0.01390587,0.02440379,0.35557457,0.34688865,-0.11007101,-0.18424361,0.37985275,-1.08571730,0.00450501,-1.25947294,-0.05267056,0.17861264,-0.10882072,0.28673084,1.02630358,0.41560800,1.43926859,0.13302947,0.06395013,0.16120468,0.09723407,0.23841152,0.25747722,1.02630358,1.08143182,0.36838819,0.47169509,0.41560800,1.33728790,1.45685174,1.43926859,1.55091496,0.13302947,0.27091250,1.15879046,1.27243510,0.26798667,0.33683595
941,0.14648817,0.01341375,0.02417478,0.35947474,0.35647324,-0.11246388,-0.20144992,0.38996849,-1.07987284,0.01495327,-1.26340470,-0.05471171,0.18004338,-0.11331659,0.28120253,1.01234736,0.42008532,1.44518643,0.12838831,0.06307390,0.17868188,0.09607234,0.23699645,0.25572878,1.01234736,1.06973000,0.38711446,0.48313976,0.42008532,1.33740499,1.45115870,1.44518643,1.55044259,0.12838831,0.28147059,1.15583757,1.27620076,0.26927829,0.33375252
942,0.14700899,0.01313806,0.02321306,0.35561116,0.34528627,-0.11080821,-0.21379672,0.40890514,-1.07798118,0.01981697,-1.26653262,-0.05153651,0.19558141,-0.11480269,0.29656305,1.00883691,0.43521097,1.46398202,0.12994374,0.05802339,0.16025783,0.09588759,0.23552838,0.25429913,1.00883691,1.06101241,0.41558847,0.51050936,0.43521097,1.35599883,1.47103288,1.46398202,1.56921785,0.12994374,0.28621394,1.15977226,1.27878342,0.28082776,0.34868152
943,0.14368964,0.01386605,0.02325841,0.35407924,0.35041951,-0.10385772,-0.21817824,0.42202031,-1.07158755,0.02343345,-1.25751671,-0.05992531,0.19853091,-0.12331297,0.29231732,1.00283839,0.44252559,1.45850825,0.12627721,0.05653010,0.14200760,0.09376946,0.23696024,0.25483890,1.00283839,1.04729648,0.42047725,0.51129641,0.44252559,1.35997890,1.46890648,1.45850825,1.55730653,0.12627721,0.28671457,1.15851510,1.26976719,0.28079909,0.34415040
944,0.14328796,0.01358338,0.02377525,0.35808661,0.37221641,-0.10613324,-0.23216251,0.43551954,-1.08337919,0.03137403,-1.27293630,-0.05389737,0.18722366,-0.12061815,0.26832986,1.00945437,0.44929414,1.46271985,0.12213528,0.05418516,0.13760377,0.09506272,0.23500880,0.25350751,1.00945437,1.04998531,0.42393327,0.50154622,0.44929414,1.36317745,1.46164857,1.46271985,1.54948046,0.12213528,0.30032558,1.17441597,1.28555843,0.27316505,0.32128323
945,0.14905446,0.01351712,0.02363310,0.35733849,0.36315039,-0.11540151,-0.22194026,0.42727170,-1.07038843,0.03526881,-1.26712565,-0.05834572,0.17287422,-0.11667175,0.26507692,1.00750410,0.44138883,1.44312764,0.12566316,0.05070123,0.12213845,0.09305921,0.23436222,0.25216198,1.00750410,1.05623897,0.40080710,0.48758368,0.44138883,1.33634258,1.44199578,1.44312764,1.54041709,0.12566316,0.29160446,1.15909143,1.27934158,0.26252012,0.31599760
946,0.15012730,0.01529193,0.02457869,0.35756972,0.36291098,-0.11335555,-0.21705354,0.42396304,-1.05438867,0.03881575,-1.26230384,-0.04951863,0.16105920,-0.11361275,0.25285666,0.99521115,0.43989060,1.42622876,0.12750294,0.04535708,0.12293653,0.09512647,0.23771158,0.25603875,0.99521115,1.05644780,0.38539062,0.47044954,0.43989060,1.30593853,1.41346465,1.42622876,1.52338630,0.12750294,0.28829620,1.14357283,1.27450475,0.25444098,0.30602519
947,0.14558957,0.01604448,0.02407676,0.35021576,0.35250297,-0.11597550,-0.22955710,0.42860169,-1.05769284,0.04014257,-1.26463882,-0.04903115,0.17460856,-0.10691464,0.25410764,0.99151592,0.44229257,1.44209877,0.11626472,0.04642505,0.10514625,0.09188391,0.23619234,0.25343535,0.99151592,1.04691906,0.41097937,0.48463445,0.44229257,1.32297913,1.41689917,1.44209877,1.52653608,0.11626472,0.30149508,1.14864752,1.27716164,0.26272165,0.30397368
948,0.14951591,0.01337322,0.02644419,0.34601981,0.35773473,-0.12188542,-0.22336138,0.42628794,-1.05238718,0.03661944,-1.25995103,-0.05407144,0.18215060,-0.11043954,0.25777240,0.99449562,0.44414873,1.44518232,0.11451520,0.03958352,0.09654299,0.09176888,0.23641091,0.25359741,0.99449562,1.04872051,0.41299161,0.48196704,0.44414873,1.32678133,1.41586792,1.44518232,1.52533157,0.11451520,0.29902756,1.14196162,1.27192424,0.27305323,0.30958942
949,0.14842377,0.01290288,0.02571966,0.34674432,0.36867314,-0.11464857,-0.23389882,0.42384612,-1.05441317,0.03118565,-1.25829986,-0.05730288,0.19372627,-0.11405399,0.25223379,0.98210659,0.44503339,1.45491250,0.10510693,0.03866039,0.08474770,0.09145004,0.23708294,0.25410909,0.98210659,1.03479621,0.43290458,0.48711653,0.44503339,1.33958615,1.41304312,1.45491250,1.51810043,0.10510693,0.30410454,1.14280335,1.26993853,0.27894761,0.30414391
950,0.14669344,0.01569068,0.02632320,0.35642120,0.37576766,-0.12020401,-0.24044458,0.42410416,-1.06381382,0.02740340,-1.25840034,-0.05948849,0.16708848,-0.11630530,0.24817714,0.98751389,0.44364501,1.42850815,0.11903793,0.02802175,0.05700991,0.09468916,0.23773669,0.25589993,0.98751389,1.02863775,0.41409086,0.48926765,0.44364501,1.32447575,1.41894456,1.42850815,1.51378482,0.11903793,0.30670279,1.15113868,1.26835959,0.25912467,0.30034463
951,0.14569081,0.01550794,0.02608927,0.35871887,0.37677019,-0.11913356,-0.25971596,0.43562635,-1.06767618,0.03411657,-1.26011590,-0.05460485,0.17154444,-0.11605844,0.24563739,0.98051015,0.44678276,1.43492079,0.11547277,0.02823622,0.05831452,0.09493167,0.23684843,0.25516505,0.98051015,1.01210177,0.43852567,0.50566055,0.44678276,1.33479795,1.42452962,1.43492079,1.51343628,0.11547277,0.32227117,1.15935724,1.27032471,0.26573774,0.30190934
952,0.14702125,0.01434519,0.02519441,0.35557325,0.36300215,-0.12042987,-0.25720846,0.43311999,-1.05831647,0.03085543,-1.24937642,-0.05441710,0.17628696,-0.11590268,0.25076598,0.97416351,0.44681081,1.42873034,0.11281955,0.02128599,0.04527714,0.09476406,0.23942208,0.25749400,0.97416351,1.00366740,0.44095059,0.50813219,0.44681081,1.32948768,1.41964625,1.42873034,1.50743407,0.11281955,0.31777126,1.14920401,1.25878995,0.26414589,0.30562240
953,0.14779496,0.01437645,0.02477790,0.35584604,0.34993763,-0.12283481,-0.23527938,0.43174870,-1.05546293,0.02417926,-1.24878997,-0.05619728,0.16061294,-0.10947159,0.25388435,0.99062951,0.45321301,1.41223713,0.12181198,0.01886542,0.05203278,0.09474885,0.23957994,0.25763519,0.99062951,1.02417496,0.40456825,0.48940230,0.45321301,1.31294036,1.41702503,1.41223713,1.50871655,0.12181198,0.29877112,1.14511243,1.25776470,0.25299821,0.30542287
954,0.14652578,0.01462932,0.02532932,0.35531734,0.35175184,-0.12857754,-0.23221515,0.43891034,-1.05879741,0.03283215,-1.25446181,-0.04747760,0.16548566,-0.10663170,0.25643975,1.00310748,0.45300071,1.42277604,0.12340508,0.02218813,0.06844572,0.09662968,0.23960644,0.25835739,1.00310748,1.03500983,0.40948494,0.48916929,0.45300071,1.32009456,1.42412996,1.42277604,1.51744230,0.12340508,0.29856961,1.15105434,1.26394204,0.25704784,0.30753379
955,0.14625384,0.01258312,0.02580330,0.35672531,0.35978462,-0.12423720,-0.22356194,0.44049910,-1.06543549,0.03656403,-1.26861654,-0.05727689,0.17200195,-0.11629158,0.26495666,1.01424866,0.45518168,1.44404601,0.12501912,0.02716207,0.08836311,0.09694212,0.23954018,0.25841299,1.01424866,1.05755042,0.40471573,0.48861908,0.45518168,1.33652637,1.44244161,1.44404601,1.54139713,0.12501912,0.29269003,1.15817407,1.27953296,0.26669695,0.31988797
956,0.14685455,0.01177402,0.02593524,0.35490864,0.34658382,-0.12454540,-0.21295775,0.43903471,-1.06238603,0.03556279,-1.27057688,-0.06289884,0.17259969,-0.12025918,0.27683363,1.01988437,0.45738163,1.44681424,0.13140104,0.03295847,0.10845395,0.09629809,0.23957498,0.25820436,1.01988437,1.06992831,0.39391989,0.48982369,0.45738163,1.33573096,1.45158997,1.44681424,1.55547365,0.13140104,0.28645548,1.15514287,1.28227523,0.26988693,0.33353487
957,0.15009729,0.01239012,0.02518162,0.35790317,0.34497521,-0.12414346,-0.20408382,0.44180263,-1.05700341,0.03719914,-1.27395304,-0.05224630,0.15603622,-0.10941913,0.26422742,1.02393181,0.46202172,1.43310861,0.13333649,0.03595286,0.10793430,0.09569004,0.23974200,0.25813332,1.02393181,1.08227933,0.37155144,0.46855622,0.46202172,1.31237912,1.43190889,1.43310861,1.54531557,0.13333649,0.27762511,1.15143738,1.28545424,0.25744579,0.32066168
958,0.15012543,0.01356559,0.02626126,0.34632146,0.34865874,-0.12505187,-0.18864370,0.43823848,-1.05160996,0.03377083,-1.26431242,-0.06195532,0.19207643,-0.12545624,0.27285291,1.03141151,0.45858026,1.45972232,0.12042669,0.03907293,0.07289295,0.09450635,0.24103817,0.25890317,1.03141151,1.08733895,0.38639793,0.46353897,0.45858026,1.34192775,1.43942859,1.45972232,1.54588732,0.12042669,0.28730930,1.14718446,1.27650287,0.28156182,0.32865606
959,0.15101683,0.01378138,0.02614744,0.34680173,0.35140236,-0.11843861,-0.17919690,0.43647920,-1.04808100,0.02998105,-1.25702330,-0.05925158,0.18757559,-0.12313553,0.26328151,1.03185679,0.45841419,1.44751066,0.11798087,0.03803489,0.06316689,0.09444241,0.24309550,0.26079646,1.03185679,1.08802344,0.37177646,0.44534263,0.45841419,1.33259626,1.42579613,1.44751066,1.52859150,0.11798087,0.28004645,1.14355373,1.26911011,0.27597427,0.31818836
960,0.15357494,0.01331631,0.02605102,0.34474490,0.33901370,-0.13057454,-0.17290379,0.43634224,-1.05277296,0.02890439,-1.26174885,-0.05876344,0.19099945,-0.12078398,0.27588038,1.04760394,0.45969614,1.45555464,0.12167130,0.03960259,0.08115055,0.09596323,0.24398311,0.26217685,1.04760394,1.10046674,0.37139036,0.45090712,0.45969614,1.34014507,1.44073265,1.45555464,1.54540149,0.12167130,0.28110232,1.14763061,1.27428388,0.28114239,0.33065110
961,0.15573136,0.01323413,0.02506254,0.34234237,0.33660454,-0.13108756,-0.17288529,0.43819358,-1.05002903,0.02829034,-1.26213716,-0.06132723,0.20188833,-0.12686557,0.28145510,1.04672663,0.46304340,1.46687599,0.12128628,0.04133586,0.07212447,0.09617989,0.24520625,0.26339452,1.04672663,1.10088882,0.38131123,0.45769627,0.46304340,1.34903104,1.44644897,1.46687599,1.55205024,0.12128628,0.28667639,1.14646583,1.27496115,0.28806941,0.33584605
962,0.15367356,0.01445632,0.02767215,0.34852077,0.35106618,-0.13861673,-0.17249480,0.44006334,-1.06334919,0.02763037,-1.26971900,-0.06225110,0.18350256,-0.12197689,0.25938706,1.06320225,0.46271838,1.45606842,0.11693086,0.04731505,0.08429667,0.09645139,0.24461509,0.26294375,1.06320225,1.10976351,0.36418984,0.43603183,0.46271838,1.34523481,1.43725998,1.45606842,1.53727572,0.11693086,0.29072846,1.15989669,1.28307327,0.27620631,0.31510890
963,0.15172144,0.01344798,0.02757324,0.34479645,0.35136015,-0.13178636,-0.16978444,0.44143632,-1.05920130,0.02985089,-1.26373541,-0.06608288,0.19469040,-0.12543385,0.26556365,1.05919889,0.46127836,1.46166158,0.11309109,0.04392507,0.08299169,0.09718594,0.24579333,0.26430941,1.05919889,1.10585859,0.37042411,0.43920358,0.46127836,1.35382293,1.44098873,1.46166158,1.53795879,0.11309109,0.28839766,1.15660788,1.27741780,0.28663888,0.32306261
964,0.14831074,0.01464849,0.02772664,0.34651502,0.34933336,-0.13273351,-0.17934873,0.44268890,-1.05196818,0.03469483,-1.25348906,-0.06516057,0.18766628,-0.12556579,0.26288835,1.04625924,0.45672172,1.44471854,0.11629966,0.04166491,0.07878919,0.09786791,0.24667259,0.26537802,1.04625924,1.08713067,0.37334798,0.44556459,0.45672172,1.34082833,1.43242067,1.44471854,1.52555574,0.11629966,0.28971780,1.14977290,1.26657000,0.27898336,0.31940351
965,0.14745160,0.01408675,0.02819188,0.35078042,0.35873545,-0.12920676,-0.18773937,0.44122744,-1.05584656,0.03468581,-1.26759294,-0.06933817,0.19056434,-0.13206156,0.26757271,1.04009655,0.46014530,1.46202177,0.11850175,0.03957512,0.07434838,0.09984144,0.24620699,0.26568063,1.04009655,1.09229279,0.38311577,0.45871631,0.46014530,1.34834604,1.44225756,1.46202177,1.54479631,0.11850175,0.29922830,1.15298833,1.28096083,0.28681458,0.32883475
966,0.14504990,0.01401107,0.02831539,0.34715704,0.35284241,-0.12750296,-0.18396128,0.42555225,-1.04020755,0.02935083,-1.23849099,-0.06702388,0.18368038,-0.13031924,0.26351476,1.02085964,0.44455832,1.42571946,0.11820489,0.03009227,0.06774198,0.09921009,0.24953812,0.26853661,1.02085964,1.06630615,0.37269824,0.45034470,0.44455832,1.32090187,1.41729055,1.42571946,1.51079433,0.11820489,0.29183625,1.13153873,1.25017293,0.27723062,0.32416347
967,0.14768851,0.01335366,0.02816195,0.34947684,0.35280184,-0.13280366,-0.18239182,0.41830293,-1.05130260,0.02513921,-1.24525310,-0.07253321,0.18241113,-0.12744229,0.26206649,1.03010752,0.44103167,1.43125730,0.11201755,0.03346677,0.10112030,0.09818834,0.24879167,0.26746634,1.03010752,1.07453282,0.37067609,0.44551882,0.44103167,1.32989491,1.42236644,1.43125730,1.51530781,0.11201755,0.28313426,1.13803462,1.25708315,0.27829990,0.32364742
968,0.14097819,0.01435519,0.02837563,0.34495183,0.35278244,-0.12183179,-0.19851205,0.41471080,-1.05776960,0.02216544,-1.24619609,-0.07390982,0.19555614,-0.13032418,0.27260972,1.01404812,0.43765072,1.44511442,0.11228548,0.03875053,0.09800256,0.09812960,0.24794766,0.26665982,1.01404812,1.05753481,0.39748177,0.47280323,0.43765072,1.34681670,1.43771302,1.44511442,1.52689611,0.11228548,0.29353825,1.14390820,1.25889450,0.28847868,0.33290087
969,0.14184035,0.01409759,0.02956226,0.35382515,0.36851360,-0.13707867,-0.21608045,0.41403718,-1.07426691,0.01826514,-1.25754180,-0.07490588,0.18253287,-0.12927847,0.26535510,1.02097519,0.43858970,1.44339945,0.11657556,0.02858345,0.08099367,0.10033556,0.24654011,0.26617522,1.02097519,1.05298322,0.40452090,0.48254653,0.43858970,1.35071649,1.44568341,1.44339945,1.53034824,0.11657556,0.30842392,1.15811428,1.26934383,0.28224492,0.32685791
970,0.14230921,0.01465843,0.03023086,0.35403317,0.38101592,-0.13895534,-0.21896353,0.40578518,-1.07606834,0.00994823,-1.25585636,-0.07080846,0.17868733,-0.12384319,0.25443660,1.01661314,0.43715619,1.43720333,0.11340999,0.02435486,0.07679431,0.10262805,0.24786095,0.26826772,1.01661314,1.04753004,0.40479626,0.47476511,0.43715619,1.34455295,1.43210767,1.43720333,1.51655039,0.11340999,0.30907359,1.15648755,1.26704925,0.27822183,0.31374322
971,0.14461157,0.01366162,0.02943556,0.35211139,0.36843591,-0.14328373,-0.21107200,0.39855489,-1.08998531,-0.00091357,-1.26208600,-0.07580231,0.17796429,-0.12335557,0.26138557,1.03351809,0.43726065,1.44231827,0.11541197,0.02958669,0.07271252,0.10188537,0.24632516,0.26656466,1.03351809,1.06061324,0.39595385,0.47412884,0.43726065,1.35586543,1.44869574,1.44231827,1.52875220,0.11541197,0.30740441,1.16737322,1.27356961,0.27904275,0.31989415
972,0.14228111,0.01364986,0.02942331,0.35080944,0.37321481,-0.14532245,-0.21146278,0.39045121,-1.08712386,-0.00622538,-1.25404414,-0.07990114,0.18629365,-0.12743559,0.26033640,1.02746579,0.43262066,1.44246274,0.10899243,0.02896544,0.07424546,0.10258168,0.24764472,0.26805020,1.02746579,1.05181990,0.40403848,0.47357090,0.43262066,1.35933716,1.44357002,1.44246274,1.51969650,0.10899243,0.30905910,1.16232600,1.26598885,0.28462100,0.31995076
973,0.14853788,0.01309197,0.02968894,0.35386351,0.37566990,-0.15634288,-0.20792393,0.39065571,-1.09525349,-0.00763139,-1.25921309,-0.07712989,0.17580425,-0.12257417,0.25369708,1.04325170,0.43291679,1.43703726,0.11132389,0.02500176,0.05631803,0.10251464,0.24598554,0.26649229,1.04325170,1.06175565,0.39313927,0.46403498,0.43291679,1.35646677,1.44331659,1.43703726,1.51765356,0.11132389,0.31161723,1.16996843,1.27100737,0.27994362,0.31394484
974,0.15051983,0.01349213,0.03016841,0.35775616,0.38779234,-0.15919099,-0.21320230,0.38654045,-1.09230192,-0.01231955,-1.25623011,-0.07493767,0.17399930,-0.12202638,0.24499990,1.03569730,0.43320831,1.43199778,0.10798313,0.02477344,0.05935335,0.10544388,0.24717584,0.26872720,1.03569730,1.05332433,0.39739916,0.46113844,0.43320831,1.34985927,1.43076654,1.43199778,1.50558572,0.10798313,0.32110834,1.16648293,1.26856301,0.28267883,0.30902115
975,0.15223811,0.01169777,0.03000607,0.35928508,0.38418991,-0.17089038,-0.21587757,0.38790203,-1.09724359,-0.01694612,-1.25734246,-0.07764886,0.16383708,-0.12379757,0.23690468,1.04413745,0.43772890,1.42293528,0.10835171,0.01902536,0.05109944,0.10362028,0.24594106,0.26687856,1.04413745,1.05284227,0.39387333,0.45557363,0.43772890,1.34675084,1.42900502,1.42293528,1.49834685,0.10835171,0.32038576,1.17099174,1.26960090,0.27846848,0.30457576
976,0.15283904,0.01173326,0.03019597,0.36038201,0.38361960,-0.17525685,-0.22394051,0.38499487,-1.10195982,-0.01772184,-1.25762967,-0.07536339,0.16877000,-0.12143535,0.24435143,1.04208516,0.43423385,1.42817859,0.10821086,0.01459548,0.05319195,0.10565857,0.24617562,0.26789208,1.04208516,1.04569954,0.40885526,0.47143950,0.43423385,1.35442456,1.43864520,1.42817859,1.50569508,0.10821086,0.32467818,1.17372972,1.26908681,0.28059480,0.31083304
977,0.15258080,0.01256965,0.03101368,0.36039123,0.38966848,-0.17441135,-0.21710238,0.38391761,-1.10355196,-0.01606843,-1.25728977,-0.07789202,0.16246820,-0.12294699,0.23563357,1.04826322,0.43098305,1.42162639,0.10873238,0.01509480,0.05018894,0.10575255,0.24623400,0.26798281,1.04826322,1.05221385,0.39459686,0.45602691,0.43098305,1.35027285,1.43201029,1.42162639,1.49700741,0.10873238,0.32212006,1.17513592,1.26902972,0.27671898,0.30199507
978,0.15195486,0.01246892,0.02976118,0.35656727,0.38030648,-0.17103189,-0.21265217,0.38193214,-1.10164690,-0.01935890,-1.25111566,-0.07927944,0.17132081,-0.12095079,0.24357074,1.04750894,0.43102174,1.42409554,0.10453657,0.02282890,0.06744999,0.10443359,0.24583042,0.26709356,1.04750894,1.04958122,0.39770557,0.45920507,0.43102174,1.35646563,1.43627586,1.42409554,1.49842286,0.10453657,0.31557759,1.17254233,1.26316272,0.27986071,0.30752739
979,0.15110048,0.01242480,0.02939381,0.36215305,0.38411436,-0.17049394,-0.21393210,0.38172367,-1.10428278,-0.02250583,-1.25691246,-0.08003957,0.16860121,-0.12635253,0.24065122,1.04839588,0.43449454,1.42704964,0.10537232,0.02087982,0.05569309,0.10472759,0.24541637,0.26682778,1.04839588,1.05345314,0.39512737,0.45721455,0.43449454,1.35632219,1.43780375,1.42704964,1.50143323,0.10537232,0.31925094,1.17520417,1.26882543,0.27703036,0.30728970
980,0.15086475,0.01290381,0.03021928,0.36273158,0.39151258,-0.17013480,-0.21260318,0.38167494,-1.10801981,-0.02212373,-1.26281331,-0.08000335,0.16853663,-0.12600755,0.23697155,1.05233496,0.43508708,1.43290590,0.10492460,0.02032186,0.05968736,0.10436131,0.24542319,0.26669051,1.05233496,1.06068111,0.39449298,0.45207869,0.43508708,1.35989612,1.43770851,1.43290590,1.50371073,0.10492460,0.31423775,1.17835374,1.27450846,0.27651872,0.30235080
981,0.14993627,0.01309342,0.03099949,0.36202686,0.38678868,-0.16645094,-0.20760690,0.38160604,-1.10619748,-0.02133177,-1.25765051,-0.07857550,0.16221619,-0.12489441,0.23435857,1.05306835,0.43288376,1.42150147,0.10686521,0.01803846,0.05364582,0.10387513,0.24571440,0.26676883,1.05306835,1.06009484,0.38329498,0.44415378,0.43288376,1.35184430,1.43317525,1.42150147,1.49583926,0.10686521,0.30858921,1.17659327,1.26906947,0.27334966,0.30100341
982,0.14980567,0.01293914,0.03087623,0.36225671,0.39312265,-0.16837664,-0.21323215,0.38034384,-1.11304536,-0.02278914,-1.26044440,-0.08040857,0.16308116,-0.12600276,0.22617075,1.05438746,0.43160871,1.42510468,0.10184546,0.02000261,0.05338473,0.10342462,0.24464045,0.26560422,1.05438746,1.05737631,0.38946585,0.44178292,0.43160871,1.35908677,1.43180956,1.42510468,1.49052355,0.10184546,0.31451697,1.18309534,1.27238637,0.27532534,0.29483890
983,0.15027495,0.01213703,0.03067397,0.36044908,0.38723549,-0.17352896,-0.21923231,0.37931621,-1.10523344,-0.02404583,-1.25345100,-0.08525476,0.16764090,-0.12752451,0.23414053,1.04513566,0.43221451,1.42292627,0.09978724,0.01387840,0.04427709,0.10462862,0.24574190,0.26708843,1.04513566,1.04497954,0.39921613,0.45603754,0.43221451,1.35764263,1.43225585,1.42292627,1.49136175,0.09978724,0.32380942,1.17490917,1.26498021,0.27970898,0.30388478
984,0.14905127,0.01198860,0.03093662,0.35841625,0.38559975,-0.17025036,-0.20816886,0.37623769,-1.10075128,-0.02539251,-1.24449230,-0.09027756,0.16437740,-0.13131854,0.23003292,1.04734140,0.42902146,1.41083496,0.09870723,0.01497382,0.04049168,0.10393304,0.24677243,0.26776614,1.04734140,1.04641633,0.38340453,0.44032280,0.42902146,1.35090587,1.42444400,1.41083496,1.47853195,0.09870723,0.31395817,1.16969422,1.25605165,0.27754101,0.30119020
985,0.14353049,0.01287427,0.03178228,0.36143247,0.39425216,-0.16204400,-0.21314355,0.38046415,-1.11108479,-0.02657059,-1.25789816,-0.09064259,0.14599559,-0.13316551,0.21894820,1.04975522,0.43530481,1.40576694,0.10666643,0.02080206,0.06035165,0.10314211,0.24379510,0.26471560,1.04975522,1.05355355,0.36886307,0.43354850,0.43530481,1.34493259,1.42585818,1.40576694,1.48101577,0.10666643,0.31181280,1.18081871,1.26965038,0.26697507,0.29160284
986,0.14154552,0.01293118,0.03297592,0.36237254,0.39049949,-0.16278824,-0.22586168,0.37909623,-1.10925816,-0.02768943,-1.25938101,-0.09153635,0.13370088,-0.13218629,0.21965850,1.03724664,0.43611100,1.39528514,0.11512787,0.00505361,0.01975467,0.10229618,0.24323333,0.26386921,1.03724664,1.04231824,0.36983210,0.44684867,0.43611100,1.33226781,1.42413919,1.39528514,1.48285386,0.11512787,0.31880419,1.17761330,1.26967775,0.26086825,0.29187819
987,0.13881067,0.01278403,0.03341326,0.35952319,0.39162915,-0.15897157,-0.22966804,0.37627463,-1.09733174,-0.02487217,-1.24922860,-0.09537244,0.14011760,-0.13676659,0.21386159,1.02028291,0.43162517,1.39204242,0.10665224,-0.00674086,0.01228147,0.10085060,0.24414433,0.26415393,1.02028291,1.02836856,0.37963143,0.44414425,0.43162517,1.32793164,1.40838623,1.39204242,1.46743629,0.10665224,0.31419710,1.16463962,1.25860655,0.26339608,0.28828748
988,0.13609959,0.01237385,0.03361781,0.35744529,0.38470427,-0.15442258,-0.24016087,0.37822412,-1.09845019,-0.01900581,-1.24766779,-0.09086132,0.13927617,-0.13082234,0.23576780,1.01117916,0.42779399,1.38976643,0.12264410,-0.01175968,0.02440167,0.10174501,0.24348602,0.26388916,1.01117916,1.01660124,0.38938822,0.47653203,0.42779399,1.32787397,1.42863827,1.38976643,1.48769704,0.12264410,0.31697819,1.16535841,1.25632986,0.25837989,0.30085168
989,0.13721933,0.01215234,0.03321375,0.35925132,0.38992296,-0.15690712,-0.25615896,0.38699206,-1.10417815,-0.01394828,-1.25804726,-0.09596995,0.14566708,-0.13257638,0.23616097,1.00829197,0.43256089,1.40682575,0.11969431,-0.00399892,0.02647999,0.09944581,0.24154159,0.26121219,1.00829197,1.01209242,0.41020244,0.49311085,0.43256089,1.34339601,1.43778025,1.40682575,1.49910769,0.11969431,0.33115577,1.17415065,1.26703989,0.26160379,0.29857430
990,0.14038877,0.01204035,0.03366291,0.35603142,0.39213048,-0.15233699,-0.25300585,0.39194845,-1.10008758,-0.00577272,-1.25561941,-0.09712807,0.15780518,-0.13691693,0.23352158,1.00780220,0.43027956,1.41717289,0.11034272,-0.00700702,0.02786757,0.09916216,0.24205264,0.26157716,1.00780220,1.01331269,0.41839676,0.48693920,0.43027956,1.35334010,1.43497090,1.41717289,1.49506832,0.11034272,0.32618231,1.17170110,1.26430566,0.26930413,0.29846502
991,0.13952254,0.01269332,0.03388210,0.35209932,0.38461153,-0.15228472,-0.25791343,0.38858607,-1.09118045,-0.00432528,-1.24698590,-0.09341726,0.16042508,-0.13765895,0.23224084,0.99466318,0.42560349,1.41107878,0.10898032,-0.01321196,0.01006164,0.09770966,0.24305144,0.26195645,0.99466318,1.00007817,0.42529597,0.49077905,0.42560349,1.34484601,1.42452347,1.41107878,1.48535859,0.10898032,0.33326663,1.16230625,1.25553211,0.26936028,0.29799910
992,0.13995791,0.01230302,0.03214048,0.35155798,0.38036799,-0.14626447,-0.25890156,0.39173588,-1.08592415,-0.00270581,-1.24852733,-0.09104242,0.16618552,-0.13492180,0.23672402,0.98772998,0.42971096,1.41810401,0.10605396,-0.00238769,0.03226097,0.09633996,0.24226414,0.26071690,0.98772998,0.99999362,0.43120842,0.49612339,0.42971096,1.34522766,1.42391682,1.41810401,1.49130922,0.10605396,0.33041126,1.15850103,1.25731870,0.26895210,0.29975207
993,0.13808227,0.01290671,0.03321616,0.35036156,0.37780663,-0.15285438,-0.26496811,0.39181208,-1.08997937,-0.00435080,-1.25124592,-0.08497489,0.15907622,-0.12783317,0.22947346,0.98993703,0.43037449,1.41351904,0.10740151,-0.01777812,-0.00608467,0.09550527,0.24173847,0.25992065,0.98993703,0.99740335,0.43192581,0.49559075,0.43037449,1.34054241,1.41839032,1.41351904,1.48597560,0.10740151,0.33783195,1.16188717,1.25898957,0.26169450,0.28910630
994,0.13965476,0.01185783,0.03331270,0.35178818,0.36780616,-0.15176795,-0.25987022,0.39481914,-1.08903957,-0.00386044,-1.25414739,-0.09326736,0.16100899,-0.13276439,0.24836449,0.99432663,0.43471732,1.41880851,0.11718615,-0.00976954,0.01594344,0.09532238,0.24048398,0.25868688,0.99432663,1.00522472,0.42811371,0.50881817,0.43471732,1.34576819,1.43810197,1.41880851,1.50814901,0.11718615,0.33216754,1.16201154,1.26241729,0.26791193,0.30826465
995,0.13635955,0.01247373,0.03248540,0.35411746,0.36926541,-0.14442744,-0.27020752,0.40078873,-1.09512601,-0.00290125,-1.26397860,-0.09152196,0.15820827,-0.13103421,0.25622886,0.98974384,0.44079903,1.42561176,0.12461081,0.00177782,0.03735084,0.09662340,0.23877834,0.25758722,0.98974384,1.00385047,0.43501486,0.52674754,0.44079903,1.35002901,1.45256337,1.42561176,1.52576277,0.12461081,0.33658496,1.17014190,1.27280456,0.26594800,0.31463530
996,0.14006372,0.01219790,0.03193654,0.36314009,0.39567478,-0.14332255,-0.26800307,0.40576639,-1.10505615,-0.00027016,-1.28352540,-0.09548084,0.12509457,-0.12705647,0.22334158,1.00162685,0.44740487,1.41248887,0.12473383,0.01184001,0.07170480,0.09783315,0.23653846,0.25597220,1.00162685,1.02586812,0.40189870,0.49161595,0.44740487,1.33224562,1.43162372,1.41248887,1.51243347,0.12473383,0.33093496,1.18125354,1.29303974,0.25415739,0.28774665
997,0.13584833,0.01302242,0.03287549,0.36177678,0.40423509,-0.12873079,-0.28367963,0.41186871,-1.10008785,-0.00102562,-1.28233992,-0.07686770,0.16484463,-0.12955485,0.22873396,0.97934506,0.45466718,1.44937783,0.10896797,0.02917134,0.11254702,0.09907852,0.23525564,0.25526804,0.97934506,1.00744957,0.45560089,0.51251044,0.45466718,1.35839595,1.43491544,1.44937783,1.51723720,0.10896797,0.33737399,1.17988519,1.29302757,0.26332654,0.28880051
998,0.13249113,0.01290316,0.03153950,0.36594221,0.39641458,-0.10999380,-0.27699455,0.41974684,-1.09396508,0.00352881,-1.28664423,-0.07782563,0.15123993,-0.13174693,0.23727405,0.97385175,0.46107613,1.44024081,0.12251143,0.04042543,0.10682978,0.09653164,0.23375082,0.25289880,0.97385175,1.01643366,0.43149950,0.51540791,0.46107613,1.34228032,1.44097738,1.44024081,1.53092566,0.12251143,0.32824388,1.17781878,1.29741998,0.24739251,0.29325354
999,0.13197775,0.01294866,0.02944312,0.37089011,0.39392500,-0.10538908,-0.28410821,0.42599490,-1.09189930,0.00986696,-1.28675818,-0.06417621,0.14374557,-0.12456948,0.23869091,0.96705396,0.46180542,1.43245286,0.13036329,0.04031749,0.10741339,0.09763715,0.23254173,0.25220760,0.96705396,1.00966661,0.43158161,0.52384837,0.46180542,1.33049945,1.44003012,1.43245286,1.53238266,0.13036329,0.33248401,1.17813886,1.29742516,0.23585006,0.29077017
1000,0.13759752,0.01283748,0.02708669,0.36940734,0.38896235,-0.10636679,-0.28947432,0.43079457,-1.08090997,0.02110623,-1.28544971,-0.06146406,0.14580433,-0.12201552,0.23979314,0.95667777,0.46023555,1.43368737,0.12939331,0.03987483,0.10068458,0.09645536,0.23061816,0.24997675,0.95667777,1.00449949,0.43947956,0.53006099,0.46023555,1.32309520,1.43174659,1.43368737,1.53285073,0.12939331,0.33599058,1.16930849,1.29574932,0.23523703,0.29026798
1001,0.14153033,0.01342998,0.02398415,0.36517302,0.38028091,-0.09040392,-0.28210042,0.43596500,-1.06949120,0.04025827,-1.27835024,-0.06086371,0.16015126,-0.12232027,0.23087315,0.94743759,0.44977412,1.44221944,0.11327464,0.03099180,0.07955790,0.09451542,0.23028843,0.24892956,0.94743759,1.00501057,0.44536291,0.51436223,0.44977412,1.32794890,1.41514895,1.44221944,1.51852602,0.11327464,0.32441562,1.15997245,1.28818663,0.24541825,0.28429187
1002,0.14668225,0.01379603,0.02243191,0.36779308,0.36567370,-0.07927486,-0.26095224,0.44159606,-1.04531518,0.05544339,-1.26161362,-0.05644050,0.15399725,-0.12002194,0.23391393,0.94197258,0.44511938,1.42020672,0.11849303,0.03051403,0.07488518,0.09417523,0.23023997,0.24875574,0.94197258,1.00987376,0.41769442,0.49687040,0.44511938,1.30049317,1.39711806,1.42020672,1.50625017,0.11849303,0.30198650,1.13931592,1.27158900,0.23743017,0.28560692
1003,0.14747334,0.01266951,0.02138292,0.37733306,0.38206975,-0.07213487,-0.26796429,0.45118471,-1.03937781,0.06815524,-1.26150272,-0.04651094,0.15511955,-0.11460460,0.22607753,0.93236448,0.44522994,1.42140385,0.11452995,0.04120957,0.10629709,0.09414713,0.22841341,0.24705540,0.93236448,1.00377558,0.42659184,0.49597480,0.44522994,1.29577893,1.38620610,1.42140385,1.49925049,0.11452995,0.30349485,1.13783317,1.27228159,0.23558123,0.27726950
1004,0.14744659,0.01288288,0.02073340,0.37558478,0.36783334,-0.05659256,-0.27179767,0.45775482,-1.03150773,0.08041916,-1.27097033,-0.03688177,0.16268706,-0.10093779,0.23914196,0.91787056,0.44892921,1.43859750,0.11569209,0.03827111,0.06397571,0.09298178,0.22873774,0.24691409,0.91787056,1.00863081,0.43637730,0.51338160,0.44892921,1.29413079,1.38805982,1.43859750,1.52143517,0.11569209,0.30919270,1.13369886,1.28241655,0.23931425,0.28309083
1005,0.14450778,0.01460640,0.01993096,0.37559737,0.38738922,-0.03826556,-0.26910573,0.46176671,-1.01858045,0.08844019,-1.26032860,-0.03254674,0.17883935,-0.10257661,0.19978490,0.90133115,0.44680897,1.44428146,0.09688401,0.04992933,0.07903377,0.09135222,0.23001751,0.24749401,0.90133115,0.99943534,0.44882325,0.47465637,0.44680897,1.29652318,1.34276170,1.44428146,1.47351801,0.09688401,0.30500954,1.12403875,1.27296382,0.24606882,0.24676651
1006,0.14256947,0.01593830,0.02018083,0.37775978,0.37741652,-0.02260909,-0.28751094,0.47289011,-1.03318366,0.10546710,-1.27560401,-0.03564770,0.17992089,-0.10609618,0.21076230,0.89549289,0.44186646,1.46237436,0.09937402,0.05892475,0.07620729,0.08951704,0.22628636,0.24334917,0.89549289,0.99654936,0.46845096,0.50642587,0.44186646,1.31622192,1.37218125,1.46237436,1.50233307,0.09937402,0.31797754,1.14206211,1.28911596,0.24466470,0.25588109
1007,0.14542518,0.01579163,0.01963814,0.38424707,0.39362941,-0.01602762,-0.28470584,0.48482722,-1.03016630,0.12270105,-1.28288979,-0.02411675,0.16743935,-0.08572413,0.18573405,0.89823931,0.44333747,1.45777354,0.09148809,0.06158361,0.08597690,0.08903423,0.22496362,0.24194157,0.89823931,1.00803941,0.45339270,0.47668337,0.44333747,1.30218302,1.34320638,1.45777354,1.48437551,0.09148809,0.31347528,1.14423092,1.29781224,0.23479612,0.22670004
1008,0.14706967,0.01622891,0.01951775,0.39120124,0.40150260,-0.00828437,-0.29190443,0.49604412,-1.04422299,0.13511398,-1.30322870,-0.01850090,0.16206744,-0.08020207,0.15992714,0.90579280,0.44586181,1.47333115,0.09076808,0.06929048,0.08612812,0.08801423,0.22145364,0.23830279,0.90579280,1.02178417,0.45509696,0.45895174,0.44586181,1.31211023,1.33516043,1.47333115,1.48024431,0.09076808,0.31984750,1.16217028,1.31958664,0.22904303,0.20221797
1009,0.14430040,0.01530379,0.01979174,0.39581233,0.41218420,-0.00980347,-0.29746191,0.50088467,-1.04717558,0.14067501,-1.31596974,-0.01263934,0.15556348,-0.07850541,0.14884396,0.90714940,0.45078409,1.47949838,0.09478333,0.08146633,0.11506523,0.08996352,0.22037523,0.23803083,0.90714940,1.02994067,0.45391272,0.45329577,0.45078409,1.30825043,1.32937111,1.47949838,1.48265613,0.09478333,0.32511262,1.16740427,1.33294738,0.22284755,0.19142080
1010,0.14935199,0.01576376,0.01965310,0.39909112,0.40210904,0.00479389,-0.29281509,0.50826808,-1.04398477,0.15027537,-1.32016522,-0.00519881,0.15103547,-0.07946666,0.18725062,0.90429331,0.45367742,1.47939738,0.10405882,0.08640567,0.12337413,0.09114362,0.22017338,0.23829284,0.90429331,1.03819681,0.44508730,0.48843002,0.45367742,1.30109788,1.36464190,1.47939738,1.52628700,0.10405882,0.31772679,1.16744323,1.33810392,0.21637266,0.22308655
1011,0.16138989,0.01560928,0.01957744,0.39606684,0.37618390,0.00437382,-0.30254589,0.51360232,-1.03998911,0.16130984,-1.31747356,0.01047977,0.14423823,-0.06290070,0.20852050,0.89618232,0.45011125,1.46947734,0.11232484,0.08276230,0.10193126,0.09087614,0.21934622,0.23742628,0.89618232,1.02781531,0.44906098,0.51559108,0.45011125,1.28736406,1.37525054,1.46947734,1.54325804,0.11232484,0.32150864,1.16522244,1.33574894,0.21085421,0.23873748
1012,0.16438365,0.01511877,0.01819149,0.40247082,0.38892304,0.01110074,-0.32076645,0.52367137,-1.05772328,0.16768685,-1.34536170,0.02364547,0.13745780,-0.05829980,0.18362998,0.89768963,0.45915988,1.48981204,0.11146142,0.07920458,0.08527844,0.09058374,0.21576455,0.23400802,0.89768963,1.03728357,0.46077052,0.50931667,0.45915988,1.29628189,1.37110371,1.48981204,1.54653167,0.11146142,0.33891949,1.18560081,1.36397804,0.20895150,0.21515724
1013,0.16510584,0.01450728,0.01812415,0.40765580,0.39684325,0.01203508,-0.33209682,0.52148275,-1.05902561,0.16673036,-1.34843702,0.01768023,0.14030268,-0.07022403,0.20354301,0.88767248,0.45920041,1.49619359,0.12268678,0.07990258,0.09169972,0.09310827,0.21685175,0.23599540,0.88767248,1.02865051,0.47421315,0.54217413,0.45920041,1.30150120,1.39444132,1.49619359,1.57082199,0.12268678,0.35116546,1.18588448,1.36682688,0.20948760,0.23611138
1014,0.16906659,0.01532533,0.01805281,0.40585236,0.39414625,0.01431248,-0.32393226,0.51639740,-1.05790076,0.16695473,-1.35182998,0.01958467,0.14752388,-0.06423337,0.21699405,0.88927232,0.45817327,1.50660132,0.12197574,0.08515644,0.11054588,0.09352451,0.21661306,0.23594078,0.88927232,1.03994505,0.47396090,0.54663954,0.45817327,1.30459822,1.40091837,1.50660132,1.58645713,0.12197574,0.34323967,1.18282073,1.37063813,0.21921889,0.24987644
1015,0.17211122,0.01553482,0.01877683,0.40962521,0.40246803,0.01782449,-0.33642765,0.51470380,-1.06660664,0.16182326,-1.36398817,0.02399164,0.14533675,-0.06076039,0.19885933,0.88322117,0.46287519,1.51562419,0.11623770,0.08581439,0.10723658,0.09328506,0.21635264,0.23560681,0.88322117,1.03842542,0.48428341,0.54111545,0.46287519,1.30824333,1.39025096,1.51562419,1.57945081,0.11623770,0.35396048,1.18977298,1.38171274,0.21565671,0.23015249
1016,0.16586623,0.01567006,0.01882550,0.41347763,0.40482534,0.02558167,-0.34633050,0.51580859,-1.08428625,0.16204984,-1.37730529,0.03094978,0.13346937,-0.05356495,0.20000986,0.88598715,0.46054904,1.51646427,0.12150869,0.09281642,0.11540255,0.09252661,0.21476324,0.23384701,0.88598715,1.04080161,0.48219560,0.55211374,0.46054904,1.31131787,1.40495625,1.51646427,1.59278367,0.12150869,0.36357954,1.20632775,1.39482122,0.20714920,0.22944444
1017,0.16441464,0.01479681,0.01761147,0.41874762,0.41408326,0.02162198,-0.35389558,0.51245091,-1.09267720,0.15836511,-1.38572694,0.03209765,0.12190184,-0.05874918,0.18263047,0.88701970,0.46084624,1.51292037,0.12272027,0.09034006,0.11873080,0.09222408,0.21335960,0.23243838,0.88701970,1.04174710,0.47847840,0.54254977,0.46084624,1.30672504,1.39747446,1.51292037,1.58408835,0.12272027,0.36961780,1.21225410,1.40253451,0.19895449,0.21546222
1018,0.16536938,0.01535574,0.01783994,0.41754250,0.41772522,0.02452853,-0.35830008,0.52033046,-1.10453782,0.16030529,-1.39981721,0.04662352,0.10845819,-0.05398037,0.15589242,0.89596524,0.46700108,1.51255552,0.12723124,0.09106345,0.10816024,0.09083758,0.21093362,0.22966162,0.89596524,1.05124153,0.46956013,0.52038448,0.46700108,1.30277412,1.38530542,1.51255552,1.57151890,0.12723124,0.37470148,1.22634959,1.41699559,0.19331108,0.18855097
1019,0.15780200,0.01686218,0.01828648,0.41677314,0.41787127,0.03318051,-0.34898616,0.52096382,-1.09136352,0.16293580,-1.39293351,0.05584512,0.09848986,-0.05251446,0.15211380,0.88830873,0.46911918,1.49526577,0.13563130,0.09329392,0.11272046,0.09098608,0.20950351,0.22840794,0.88830873,1.05262037,0.44978435,0.50885066,0.46911918,1.27797032,1.36963352,1.49526577,1.56110109,0.13563130,0.36667961,1.21464386,1.40982754,0.18553991,0.18223648
1020,0.15308060,0.01789494,0.01750136,0.41630271,0.41284069,0.04377964,-0.35548168,0.51984332,-1.08489770,0.17258010,-1.39788191,0.05956748,0.09040188,-0.05075905,0.14953351,0.87109956,0.46861777,1.49257018,0.14069858,0.09309857,0.10937747,0.08981917,0.20744424,0.22605441,0.87109956,1.05124185,0.44809353,0.51428886,0.46861777,1.26257343,1.36035673,1.49257018,1.56486468,0.14069858,0.37276851,1.20846978,1.41615997,0.18084398,0.17729902
1021,0.15571166,0.01711520,0.01748171,0.41919784,0.42038568,0.05208374,-0.37782536,0.52818324,-1.09375267,0.18745703,-1.41902443,0.06583326,0.08098277,-0.05115443,0.12580470,0.85989252,0.47218445,1.50494394,0.14310329,0.09123284,0.10093547,0.08805180,0.20525083,0.22334059,0.85989252,1.05099017,0.46074997,0.51493135,0.47218445,1.26271579,1.35085460,1.50494394,1.56497869,0.14310329,0.39475585,1.22010566,1.43901316,0.17604895,0.15400207
1022,0.16899531,0.01677294,0.01989925,0.41490057,0.41726544,0.03664205,-0.37502137,0.53016591,-1.07940568,0.19818220,-1.40482576,0.06725249,0.10773570,-0.05181067,0.13202527,0.86008005,0.46606665,1.51822132,0.13851319,0.08713433,0.10350737,0.08810882,0.20587161,0.22393366,0.86008005,1.04305705,0.48541406,0.51536234,0.46606665,1.27472911,1.34430413,1.51822132,1.55833026,0.13851319,0.39147663,1.20759645,1.42594978,0.19396399,0.16289322
1023,0.17093211,0.01578427,0.02084669,0.41884816,0.41879990,0.03465668,-0.38819711,0.53645732,-1.07699588,0.20570215,-1.41419104,0.06678891,0.10761903,-0.05625226,0.14794521,0.85221124,0.47371001,1.52814459,0.14392022,0.09111860,0.10974270,0.08843956,0.20303124,0.22145708,0.85221124,1.04064703,0.49822023,0.54441572,0.47371001,1.27497943,1.36098013,1.52814459,1.58500992,0.14392022,0.40573217,1.20811058,1.43639205,0.19603741,0.18051478
1024,0.17577940,0.01604419,0.02100303,0.42095809,0.41861708,0.02796595,-0.41015994,0.53686066,-1.08216010,0.21248256,-1.42263418,0.05854096,0.12583943,-0.06089165,0.17167873,0.84306104,0.47167956,1.55624208,0.13948286,0.08504251,0.10737118,0.08924355,0.20088268,0.21981416,0.84306104,1.02939966,0.53860343,0.58871569,0.47167956,1.30050454,1.38903632,1.55624208,1.61796084,0.13948286,0.42726990,1.21234855,1.44511922,0.21147347,0.20973989
1025,0.17628224,0.01760435,0.02047845,0.42010507,0.41345006,0.03504709,-0.39931682,0.53544094,-1.06850732,0.21486667,-1.41938334,0.06371735,0.12362976,-0.05392924,0.17987802,0.83561136,0.47685673,1.55056218,0.14021244,0.08964622,0.12113206,0.08874151,0.19989314,0.21870602,0.83561136,1.03631496,0.52664957,0.58600183,0.47685673,1.28354319,1.38055081,1.55056218,1.62195223,0.14021244,0.41551735,1.19962215,1.44258511,0.21562940,0.21929539
1026,0.18211602,0.01825289,0.01926292,0.42331517,0.40840630,0.03179334,-0.41104888,0.54459259,-1.06728666,0.22609649,-1.41832907,0.06376958,0.11181355,-0.03987625,0.18065717,0.83286463,0.47572577,1.53885190,0.13226764,0.08774866,0.10524010,0.08805140,0.19797762,0.21667530,0.83286463,1.02639023,0.52649093,0.59608317,0.47572577,1.27478217,1.37811360,1.53885190,1.62115511,0.13226764,0.42752006,1.20287064,1.44368510,0.20999376,0.22109026
1027,0.18406795,0.01948789,0.02013967,0.42335383,0.40069089,0.03542548,-0.41229451,0.55898881,-1.07441798,0.23455347,-1.43477439,0.06062887,0.11760335,-0.03512352,0.19170871,0.84411926,0.48646710,1.56220451,0.12866581,0.09167605,0.09138841,0.08713965,0.19446598,0.21309701,0.84411926,1.04230534,0.53331006,0.60821211,0.48646710,1.29330924,1.39866276,1.56220451,1.64887248,0.12866581,0.42859717,1.21595977,1.46127537,0.21251534,0.23034567
1028,0.18381132,0.01845012,0.01918672,0.42422411,0.40562988,0.03176979,-0.44278340,0.56675193,-1.09568354,0.23743086,-1.46020545,0.05339023,0.12540624,-0.04146217,0.19028011,0.84410289,0.49297448,1.59637945,0.12486872,0.08871330,0.07656870,0.08600575,0.19032565,0.20885603,0.84410289,1.03862946,0.57134713,0.63732467,0.49297448,1.32601588,1.42259404,1.59637945,1.67413501,0.12486872,0.45806109,1.23829520,1.48687578,0.21702269,0.22876401
1029,0.18405591,0.01901224,0.01852737,0.42030947,0.40874889,0.03520346,-0.44673810,0.57397577,-1.09426192,0.24460932,-1.46090364,0.05356207,0.12529748,-0.05832610,0.18544193,0.84235567,0.49495211,1.59768109,0.13840446,0.09414663,0.07462083,0.08649088,0.18907564,0.20791890,0.84235567,1.03658478,0.57480669,0.63906345,0.49495211,1.32700092,1.42739368,1.59768109,1.67466528,0.13840446,0.46300988,1.24119487,1.49013460,0.21768923,0.22577256
1030,0.18030813,0.01919828,0.01873901,0.42424492,0.42464551,0.03250376,-0.45388738,0.57277109,-1.07809250,0.24137353,-1.44832853,0.03724395,0.12888213,-0.07370540,0.16866142,0.82554472,0.49890341,1.59037394,0.13164900,0.08994757,0.08476232,0.08689612,0.19087162,0.20972103,0.82554472,1.01704796,0.58477566,0.63163063,0.49890341,1.32139109,1.40442244,1.59037394,1.64826840,0.13164900,0.46952000,1.22609691,1.47684922,0.21175053,0.21199790
1031,0.17404959,0.02166116,0.01659091,0.42725871,0.42715264,0.03297115,-0.46008699,0.56393863,-1.08380173,0.23169356,-1.45179372,0.03303117,0.10396854,-0.07929311,0.15727145,0.81913694,0.49821703,1.56841604,0.13844778,0.09156452,0.09025261,0.08648460,0.19114601,0.20980082,0.81913694,1.01293587,0.56761761,0.62748815,0.49821703,1.30228263,1.39786373,1.56841604,1.63969215,0.13844778,0.47252546,1.22657328,1.47862154,0.19865739,0.20511253
1032,0.17392637,0.02188671,0.01630072,0.42139053,0.42144814,0.02772143,-0.43259470,0.54614521,-1.06662085,0.21223945,-1.42808590,0.02548755,0.10568221,-0.07721041,0.16181055,0.81900387,0.49485186,1.54517857,0.13109298,0.07895418,0.09525248,0.08596828,0.19444560,0.21260206,0.81900387,1.01400055,0.54308883,0.60373697,0.49485186,1.28453663,1.37757033,1.54517857,1.61660332,0.13109298,0.44286823,1.20203869,1.45121483,0.19575679,0.20713548
1033,0.16875182,0.02025002,0.01782951,0.42444201,0.43620383,0.00449900,-0.45299231,0.53481365,-1.07313648,0.19890884,-1.42619645,0.01737646,0.08976645,-0.09100180,0.11936176,0.81607857,0.49020493,1.52694223,0.12945643,0.06365964,0.10263462,0.08656702,0.19593100,0.21420272,0.81607857,0.99323677,0.54636177,0.58027466,0.49020493,1.27499870,1.34677350,1.52694223,1.57310089,0.12945643,0.46418895,1.20225393,1.44690754,0.18649419,0.17937666
1034,0.16005973,0.02221541,0.01648202,0.42979552,0.44005882,0.00699131,-0.43877672,0.52466713,-1.07206575,0.18583466,-1.41997665,0.01733238,0.07023454,-0.08203892,0.11610466,0.81798397,0.48865635,1.49974987,0.12544652,0.07396043,0.12602617,0.08715443,0.19859717,0.21687953,0.81798397,0.99846289,0.51241811,0.56198767,0.48865635,1.25160844,1.33411335,1.49974987,1.56006550,0.12544652,0.44947964,1.19694478,1.43931175,0.17134908,0.17044517
1035,0.16062544,0.02052472,0.01752923,0.42556331,0.44492345,-0.01051214,-0.43847665,0.51323384,-1.06494298,0.16854128,-1.40217340,0.00991705,0.08439815,-0.08833281,0.10208958,0.81672887,0.48469421,1.49508499,0.12025159,0.07004205,0.11481889,0.08645722,0.20084034,0.21865885,0.81672887,0.98072102,0.52539812,0.54649938,0.48469421,1.25633808,1.31295766,1.49508499,1.52692772,0.12025159,0.45212587,1.18582742,1.41939079,0.17848016,0.16220037
1036,0.15407193,0.02070611,0.01767050,0.42394234,0.44535866,-0.00097362,-0.40347474,0.49730939,-1.04209243,0.15725218,-1.36402487,-0.00233519,0.09154409,-0.09340211,0.11023253,0.81013628,0.47150221,1.46429900,0.11347017,0.06691313,0.12782350,0.08654584,0.20535499,0.22284716,0.81013628,0.97435215,0.49711703,0.52231863,0.47150221,1.24030474,1.29492096,1.46429900,1.49663004,0.11347017,0.41739079,1.15838582,1.38098515,0.17786504,0.16887017
1037,0.15562583,0.02069745,0.01714064,0.42379170,0.44807069,-0.01092882,-0.38797328,0.48607968,-1.03282860,0.14669077,-1.34680498,-0.00145010,0.08289044,-0.09318115,0.09528532,0.81431161,0.46531210,1.43735879,0.11400857,0.06130901,0.11920743,0.08580503,0.20716356,0.22423033,0.81431161,0.97239344,0.47280688,0.49083521,0.46531210,1.21894210,1.26817437,1.43735879,1.46319676,0.11400857,0.40188876,1.14492207,1.36208434,0.16791973,0.15517004
1038,0.15632050,0.02107519,0.01709258,0.41970156,0.44337362,-0.01789466,-0.37346395,0.47887577,-1.02870338,0.13553015,-1.33672979,-0.00265348,0.08292325,-0.09275210,0.10203846,0.82239222,0.46375190,1.42638308,0.11297094,0.05976638,0.10997355,0.08447546,0.20741509,0.22395786,0.82239222,0.97598219,0.45849437,0.48196860,0.46375190,1.21271628,1.26705603,1.42638308,1.45790896,0.11297094,0.38820616,1.13826529,1.35064364,0.16759645,0.15952270
1039,0.15895855,0.02062386,0.01812788,0.41774827,0.44725944,-0.02562263,-0.35445816,0.46776683,-1.00900669,0.12205742,-1.32118367,-0.00787450,0.07526241,-0.09812587,0.08890398,0.81992879,0.46805162,1.40257582,0.11384337,0.04590438,0.09506664,0.08324075,0.20974144,0.22565569,0.81992879,0.97827169,0.43213632,0.45000301,0.46805162,1.18565291,1.23518165,1.40257582,1.42810200,0.11384337,0.36894149,1.11494098,1.33264316,0.16014275,0.15124861
1040,0.16097239,0.02110562,0.01935228,0.40929046,0.43680213,-0.03586421,-0.35593500,0.45618303,-1.01706676,0.11073225,-1.31864790,-0.01546618,0.08680717,-0.10145238,0.11243674,0.82445012,0.46084944,1.41134303,0.11268219,0.03205084,0.07203200,0.08313563,0.21010473,0.22595471,0.82445012,0.97408513,0.44589113,0.47333782,0.46084944,1.20253673,1.25966111,1.41134303,1.44735321,0.11268219,0.37001037,1.11700203,1.32850803,0.16826754,0.16906163
1041,0.16129844,0.02097348,0.01912422,0.40177554,0.42875438,-0.04297497,-0.35620417,0.46409553,-1.04128426,0.10708792,-1.34097048,-0.01360387,0.09924320,-0.09009404,0.11514420,0.85248929,0.46925672,1.44541862,0.10732008,0.03817875,0.07556188,0.08194456,0.20740914,0.22301000,0.85248929,0.99683486,0.46014644,0.47393292,0.46925672,1.23882793,1.28236361,1.44541862,1.47033518,0.10732008,0.37096149,1.14265241,1.35166334,0.18279604,0.16633603
1042,0.16067780,0.02036319,0.02035970,0.39420347,0.42561680,-0.04816982,-0.35674378,0.46134910,-1.03587775,0.10110097,-1.33069883,-0.01567796,0.10144669,-0.09196154,0.11297613,0.84921201,0.46841430,1.43715988,0.10888495,0.02072420,0.04645672,0.08147197,0.20795949,0.22334913,0.84921201,0.98591277,0.46342148,0.47201057,0.46841430,1.23587217,1.27515682,1.43715988,1.45736579,0.10888495,0.37217011,1.13653583,1.34069996,0.18660113,0.16571184
1043,0.16076781,0.02059869,0.02040614,0.39766903,0.43048723,-0.06153208,-0.36229108,0.45230773,-1.03540044,0.09404485,-1.32792840,-0.02062765,0.08760789,-0.09877663,0.11196128,0.84705819,0.46528858,1.42047357,0.11158760,0.01541763,0.05258556,0.08278582,0.20898127,0.22478136,0.84705819,0.97857084,0.45570544,0.47598029,0.46528858,1.22114533,1.27285081,1.42047357,1.45349163,0.11158760,0.37906177,1.13223828,1.33698623,0.17739285,0.16800359
1044,0.16055797,0.01860326,0.02129593,0.40009867,0.42495526,-0.06600906,-0.37166927,0.44914045,-1.04112134,0.08983074,-1.32986124,-0.01604470,0.08560686,-0.09104832,0.12742092,0.84489559,0.46389477,1.41968254,0.11224327,0.01666513,0.06930104,0.08505302,0.20960312,0.22620231,0.84489559,0.97140468,0.46415141,0.49982455,0.46389477,1.22156228,1.28737923,1.41968254,1.46915701,0.11224327,0.38962480,1.13662411,1.33934054,0.18081618,0.17875145
1045,0.15632621,0.01827808,0.02154891,0.39550489,0.42432039,-0.06766934,-0.37376220,0.44242063,-1.04291720,0.08230520,-1.32475786,-0.02732758,0.08551933,-0.09872064,0.11939314,0.84165558,0.45955654,1.41480501,0.10876755,0.00722473,0.03421134,0.08313893,0.20997233,0.22583282,0.84165558,0.96307228,0.46405759,0.49462101,0.45955654,1.22450436,1.28210809,1.41480501,1.45620979,0.10876755,0.39391120,1.13597004,1.33359621,0.18094247,0.17545214
1046,0.15833709,0.01678491,0.02047781,0.39771145,0.43031110,-0.07647455,-0.37985677,0.44275746,-1.05991118,0.07708512,-1.33826158,-0.03177422,0.08910455,-0.10061385,0.10781281,0.85573320,0.46239185,1.43171938,0.10602748,0.01472358,0.03528268,0.08275330,0.20782168,0.22369166,0.85573320,0.97132754,0.47505168,0.48856927,0.46239185,1.24543939,1.28795974,1.43171938,1.45795306,0.10602748,0.40009159,1.15184199,1.34741211,0.18666301,0.16896415
1047,0.15820843,0.01795542,0.02165968,0.39289695,0.42593123,-0.07440586,-0.37898377,0.44276167,-1.04596988,0.07696330,-1.33048786,-0.02774710,0.09620237,-0.10195190,0.12725949,0.84415944,0.46656035,1.43083675,0.11044262,0.00908194,0.04235168,0.08460710,0.20923051,0.22568954,0.84415944,0.96419967,0.48218672,0.50706181,0.46656035,1.23812526,1.29353997,1.43083675,1.46940392,0.11044262,0.39903208,1.13890899,1.33982088,0.19520972,0.18717686
1048,0.16051995,0.01754043,0.02156519,0.39454688,0.42516092,-0.07736530,-0.39148916,0.43877969,-1.05125659,0.07296629,-1.32872770,-0.03202029,0.10188797,-0.10991840,0.12498476,0.83788972,0.46292871,1.43464537,0.11044962,0.00245008,0.03362203,0.08371061,0.20924912,0.22537227,0.83788972,0.95006587,0.49944697,0.51763350,0.46292871,1.24824603,1.29794639,1.43464537,1.46609108,0.11044962,0.41172362,1.14212437,1.33822577,0.19599174,0.18898925
1049,0.15876546,0.01777169,0.02250503,0.39779020,0.43009919,-0.08302128,-0.39147056,0.43957916,-1.05272649,0.07135457,-1.32686349,-0.03542631,0.09592035,-0.10940222,0.12943269,0.84311879,0.46197044,1.42712533,0.11049772,-0.00140779,0.03407794,0.08406854,0.20930419,0.22555657,0.84311879,0.94851626,0.49349513,0.52175652,0.46197044,1.24574889,1.30343556,1.42712533,1.46812383,0.11049772,0.41342764,1.14375652,1.33548854,0.19397965,0.19184859
1050,0.16200253,0.01692638,0.02161967,0.39712182,0.42473485,-0.08316009,-0.39445897,0.43951414,-1.06698581,0.06542451,-1.33748300,-0.03896769,0.09850590,-0.10505082,0.12921157,0.85190442,0.46451009,1.44026286,0.10258903,-0.00241704,0.02759063,0.08345908,0.20741398,0.22357544,0.85190442,0.95531461,0.50026262,0.52412818,0.46451009,1.26302031,1.31442683,1.44026286,1.47698003,0.10258903,0.41452828,1.15676102,1.34556824,0.19971966,0.19276739
