step,thumb_curl,index_curl,middle_curl,ring_curl,pinky_curl,thumb_dx,thumb_dy,index_dx,index_dy,middle_dx,middle_dy,ring_dx,ring_dy,pinky_dx,pinky_dy,thumb_index_spread,index_middle_spread,middle_ring_spread,ring_pinky_spread,palm_pitch,palm_roll,palm_width,palm_height,palm_diagonal,thumb_index_distance,thumb_middle_distance,thumb_ring_distance,thumb_pinky_distance,index_middle_distance,index_ring_distance,index_pinky_distance,middle_ring_distance,middle_pinky_distance,ring_pinky_distance,palm_thumb_distance,palm_index_distance,palm_middle_distance,palm_ring_distance,palm_pinky_distance
0,0.03177744,0.29734604,0.37375097,0.52302847,0.22863882,-0.07994721,1.49580158,0.26738863,0.84940047,0.41583220,0.58398760,0.54370474,0.25440304,0.72206451,-0.05842245,0.73600886,0.32036841,0.35682321,0.36037803,-0.33452659,-0.64887305,0.17937860,0.11670780,0.21400325,0.73600886,1.03881245,1.39231511,1.75219265,0.32036841,0.67278215,1.02837738,0.35682321,0.71441277,0.36037803,1.53706234,0.97680138,0.77740701,0.65112362,0.76254600
1,0.05953947,0.38922431,0.43329779,0.41987987,0.39747294,-0.24238586,1.52527422,0.10152233,0.58881313,0.21323793,0.35590219,0.27779639,0.11829939,0.35184831,-0.17391037,0.99934435,0.27371487,0.28717274,0.30168694,-0.08689040,-0.27515920,0.17814605,0.16190328,0.24072534,0.99934435,1.25540024,1.51075926,1.80786976,0.27371487,0.55610056,0.83403367,0.28717274,0.56422285,0.30168694,1.56778084,0.68183599,0.47829081,0.31510992,0.40556775
2,0.05403576,0.41799197,0.42303935,0.39109429,0.31385016,-0.21538770,1.50128346,0.13808849,0.55784695,0.23144745,0.31181063,0.31090536,0.05193622,0.36900096,-0.21273700,1.00934431,0.27349026,0.29376621,0.27097885,-0.08091594,-0.34437730,0.17699506,0.14946454,0.23166118,1.00934431,1.27070094,1.54698292,1.81508860,0.27349026,0.56606514,0.82531800,0.29376621,0.55332578,0.27097885,1.53329935,0.64218895,0.44248508,0.33086201,0.43800797
3,0.05501008,0.34095410,0.37479024,0.32940834,0.36899816,-0.20448491,1.57998989,0.14745493,0.52716133,0.23033525,0.31290701,0.30559552,0.09309857,0.30581101,-0.25342466,1.11472553,0.24319703,0.28130775,0.34660039,-0.10494966,-0.42977659,0.16817463,0.14526570,0.22222698,1.11472553,1.33979027,1.57790138,1.90856253,0.24319703,0.51986717,0.83353067,0.28130775,0.59494088,0.34660039,1.62111252,0.67868452,0.50424162,0.35854960,0.42652026
4,0.04887975,0.22244862,0.12727712,0.25220470,0.26933697,-0.16715804,1.53791797,0.22459594,0.54837618,0.35946530,0.31550447,0.40980774,0.09141641,0.40746728,-0.20638463,1.07586343,0.28956471,0.29195827,0.29781963,-0.08826033,-0.49276346,0.16989106,0.14770889,0.22512416,1.07586343,1.33198742,1.56270820,1.84125104,0.28956471,0.57059041,0.82881115,0.29195827,0.55499615,0.29781963,1.57966592,0.76086754,0.60490281,0.46090394,0.49382532
5,0.04371301,0.20130807,0.09036570,0.20717201,0.23150789,-0.13994849,1.54648503,0.23096985,0.54357839,0.37978072,0.30713841,0.43734483,0.11756479,0.41092959,-0.22362160,1.07681705,0.29729653,0.25764883,0.34236359,-0.07627168,-0.42910086,0.16706746,0.13809250,0.21675119,1.07681705,1.34415063,1.54741869,1.85988094,0.29729653,0.54317501,0.83519929,0.25764883,0.55975060,0.34236359,1.58196215,0.73017852,0.58816484,0.48129786,0.49209996
6,0.04465184,0.08529038,0.06628729,0.17521481,0.20567195,-0.14082012,1.53404751,0.30242008,0.52337596,0.41303252,0.31500097,0.45153789,0.13116802,0.41242060,-0.20227831,1.10749312,0.25080243,0.23520619,0.33689441,-0.06965468,-0.32541854,0.16597810,0.13724181,0.21536955,1.10749312,1.33898728,1.52868406,1.82950329,0.25080243,0.47692663,0.77686826,0.23520619,0.54435150,0.33689441,1.56522825,0.70871579,0.59242922,0.49155233,0.47361444
7,0.04386275,0.07194656,0.06046902,0.15748915,0.19281317,-0.12234178,1.54742604,0.34651648,0.51035458,0.45768425,0.31194817,0.48909164,0.12751954,0.42877082,-0.21305132,1.14204519,0.24339339,0.23832890,0.34733655,-0.06355504,-0.36042567,0.16421391,0.13220876,0.21082069,1.14204519,1.36487945,1.55227432,1.85270282,0.24339339,0.47096725,0.77521207,0.23832890,0.55559600,0.34733655,1.57937515,0.72762826,0.62952210,0.52766928,0.49351352
8,0.04775419,0.07523803,0.07675356,0.16394497,0.19460341,-0.11502741,1.55464692,0.35551153,0.49862708,0.46319979,0.30901856,0.49400315,0.12931173,0.43687701,-0.20259699,1.16190952,0.24473533,0.24262301,0.33815104,-0.05615405,-0.41111133,0.16169674,0.13201203,0.20874149,1.16190952,1.37330268,1.55775209,1.85119679,0.24473533,0.47866163,0.76762179,0.24262301,0.54652727,0.33815104,1.59376381,0.75847889,0.65054728,0.54023413,0.50321550
9,0.04776892,0.05638648,0.07357494,0.16232911,0.20011240,-0.10837473,1.56592070,0.38530415,0.47201627,0.48562680,0.28397726,0.50665422,0.10683680,0.44038720,-0.21345701,1.20332524,0.23655545,0.22352781,0.32912245,-0.04288703,-0.34861075,0.15913817,0.12698814,0.20359505,1.20332524,1.41295713,1.59048928,1.87139514,0.23655545,0.45211957,0.74025006,0.22352781,0.52805574,0.32912245,1.60026830,0.72827100,0.63580262,0.54241477,0.50508477
10,0.04455674,0.05604605,0.06760091,0.15485243,0.19566368,-0.11913354,1.57050183,0.38040324,0.44952698,0.49283952,0.27152445,0.50067663,0.09266408,0.43041181,-0.21677468,1.22954268,0.23155358,0.22337652,0.32011349,-0.04280257,-0.32223744,0.15855816,0.12468686,0.20171143,1.22954268,1.43607191,1.61000799,1.88020453,0.23155358,0.44125147,0.72149149,0.22337652,0.52272632,0.32011349,1.60428787,0.70098706,0.63024111,0.53089784,0.49388697
11,0.04589824,0.06425910,0.06715789,0.15281116,0.19904255,-0.11488383,1.58161760,0.38472729,0.45554068,0.49318117,0.26797872,0.50339158,0.08773828,0.42134910,-0.23132399,1.23358280,0.23675697,0.22123528,0.33252834,-0.03707380,-0.31185056,0.15712585,0.12430758,0.20035196,1.23358280,1.44789314,1.62462436,1.90164078,0.23675697,0.44636420,0.73840407,0.22123528,0.53331256,0.33252834,1.61463804,0.70049691,0.62380030,0.53096611,0.49078190
12,0.04541261,0.06301312,0.06645578,0.15632028,0.20284087,-0.11118141,1.58303605,0.37711509,0.44842820,0.47851231,0.25821652,0.48855489,0.07581087,0.41545918,-0.23055125,1.23649391,0.23618943,0.22478544,0.31851569,-0.03094143,-0.32594283,0.15695616,0.12338088,0.19964488,1.23649391,1.45069682,1.63119526,1.90114587,0.23618943,0.45059564,0.73355456,0.22478544,0.52412500,0.31851569,1.61919810,0.69712604,0.61213395,0.51671171,0.48612368
13,0.04832649,0.05113553,0.07437456,0.16482354,0.21074412,-0.10028760,1.56783845,0.38692715,0.44733106,0.47570989,0.25500204,0.48271626,0.06041909,0.40486320,-0.24865224,1.22470024,0.24004771,0.23910512,0.32266544,-0.04084776,-0.32055245,0.15825961,0.12233932,0.20003253,1.22470024,1.43393747,1.62495827,1.89803390,0.24004771,0.47140956,0.75887803,0.23910512,0.54260982,0.32266544,1.60503689,0.72086685,0.61712271,0.51224703,0.48772298
14,0.04786864,0.04156717,0.06858073,0.15830511,0.19169319,-0.08903194,1.59029021,0.38005563,0.42877396,0.47240667,0.23903019,0.48433060,0.05256189,0.42148716,-0.22708301,1.25517099,0.23839078,0.22873467,0.29096290,-0.04348039,-0.29157885,0.15797021,0.12011041,0.19844671,1.25517099,1.46359642,1.64926996,1.89976399,0.23839078,0.45975829,0.71949223,0.22873467,0.50297806,0.29096290,1.62374549,0.69587624,0.60080416,0.51035853,0.48950945
15,0.04636252,0.04553752,0.06028895,0.15179690,0.19770504,-0.07253403,1.59009418,0.36486527,0.43046004,0.46009018,0.22775931,0.47230091,0.03040778,0.39391656,-0.27112078,1.24185648,0.25100338,0.23599810,0.31578345,-0.04365918,-0.27184608,0.15796483,0.11939663,0.19801122,1.24185648,1.46317117,1.66021347,1.93082381,0.25100338,0.47982886,0.76113544,0.23599810,0.53459578,0.31578345,1.62154436,0.68468276,0.58212324,0.49516655,0.48736430
16,0.04888786,0.04431913,0.05506301,0.14429473,0.19909687,-0.05421170,1.59556685,0.34138244,0.41915179,0.42453118,0.20707743,0.43355720,-0.00838482,0.35461993,-0.30836982,1.24261060,0.25351970,0.24440499,0.31384201,-0.04491203,-0.24272289,0.15961670,0.12143099,0.20055667,1.24261060,1.46959117,1.68467771,1.95902726,0.25351970,0.49243523,0.77751656,0.24440499,0.54502064,0.31384201,1.62507704,0.65158027,0.53559144,0.45490792,0.47844297
17,0.04591572,0.06528217,0.04922334,0.12862707,0.17695464,-0.03268231,1.59002868,0.34356616,0.41430851,0.42675193,0.20443341,0.42247116,-0.00884734,0.35039784,-0.29865062,1.23588836,0.25078615,0.24267249,0.30265965,-0.04941078,-0.21430837,0.16101525,0.12139131,0.20164762,1.23588836,1.46062514,1.67060669,1.93905156,0.25078615,0.48565760,0.76386741,0.24267249,0.53489830,0.30265965,1.61754887,0.64464680,0.53312663,0.44208055,0.46741968
18,0.04568056,0.07399025,0.05230740,0.11679250,0.17043716,-0.01239168,1.60007453,0.33643794,0.41358161,0.42808523,0.19445063,0.42112258,-0.02544408,0.32602979,-0.31667226,1.23775018,0.25812849,0.24672206,0.31088713,-0.04787226,-0.19024063,0.16221527,0.12215408,0.20306505,1.23775018,1.47388160,1.69011057,1.95821143,0.25812849,0.49514353,0.77711988,0.24672206,0.54656346,0.31088713,1.62555622,0.63082888,0.52614807,0.43987037,0.46011458
19,0.04376293,0.08606039,0.05442680,0.11065362,0.17660277,0.00480469,1.62427182,0.33040645,0.42667758,0.41514846,0.20728363,0.41023161,-0.02369958,0.29132104,-0.35131109,1.24167884,0.25010418,0.25763560,0.35266049,-0.05128224,-0.19291139,0.16133879,0.11952231,0.20078792,1.24167884,1.47592813,1.70464667,2.00768683,0.25010418,0.49884452,0.81900675,0.25763560,0.59627230,0.35266049,1.64856172,0.62783771,0.52049586,0.42858346,0.46141324
20,0.04011524,0.10128454,0.07076320,0.11220482,0.16460934,0.02722445,1.64276068,0.32994307,0.43842117,0.42731560,0.21023902,0.43114955,-0.02223904,0.30933078,-0.33236273,1.24224229,0.26093747,0.26066523,0.33766870,-0.05004855,-0.21065700,0.15998935,0.11785541,0.19871207,1.24224229,1.48811154,1.72128289,2.00730935,0.26093747,0.51179577,0.81166561,0.26066523,0.58150027,0.33766870,1.66877800,0.63789966,0.53531361,0.44990922,0.45968305
21,0.04013093,0.11752386,0.08854608,0.11026175,0.14831500,0.03651719,1.65497649,0.33487815,0.43447494,0.42282816,0.19904952,0.42971919,-0.02411588,0.31713873,-0.31485875,1.25690481,0.26490327,0.25264362,0.31667917,-0.04742796,-0.18506478,0.15924773,0.11988765,0.19933110,1.25690481,1.50712277,1.73266385,2.00221671,0.26490327,0.50999512,0.79253295,0.25264362,0.55267831,0.31667917,1.68014725,0.63586557,0.52437481,0.44670446,0.45146705
22,0.03921875,0.12511241,0.10191062,0.11442574,0.15276923,0.04632734,1.67436054,0.34160907,0.42431224,0.42696791,0.19651451,0.43647658,-0.02673065,0.30600966,-0.31662812,1.28506686,0.25701967,0.25504226,0.32333562,-0.05299763,-0.18795090,0.15745098,0.11888758,0.19729437,1.28506686,1.52668841,1.75314464,2.02043319,0.25701967,0.50481407,0.78768527,0.25504226,0.55772943,0.32333562,1.70006876,0.63724823,0.53130699,0.45474612,0.44521676
23,0.03801513,0.13220898,0.10688390,0.11116427,0.13972613,0.04514062,1.65654267,0.32497414,0.42136802,0.42344464,0.18962795,0.44355478,-0.01933298,0.32679325,-0.29521737,1.26711681,0.26558221,0.24303948,0.30551148,-0.05248901,-0.16368957,0.15681748,0.11959347,0.19721643,1.26711681,1.51555456,1.73062689,1.98495350,0.26558221,0.50109917,0.76466672,0.24303948,0.52696030,0.30551148,1.68127117,0.62300455,0.52215098,0.45915018,0.44408486
24,0.03984807,0.13938869,0.11122844,0.11208902,0.16412194,0.03288816,1.70650817,0.30930862,0.42819660,0.41543401,0.17899918,0.43674558,-0.03103287,0.28215128,-0.34643764,1.30814754,0.28104718,0.24352883,0.35740641,-0.04519104,-0.14861531,0.15422790,0.11905066,0.19483147,1.30814754,1.57539616,1.79182826,2.08131463,0.28104718,0.51546817,0.81833242,0.24352883,0.57356663,0.35740641,1.73064753,0.61438205,0.51149534,0.45329901,0.44973541
25,0.03752773,0.13226243,0.11044242,0.11349004,0.13910384,0.02483200,1.70340186,0.31428968,0.41523407,0.41758536,0.17159112,0.43203397,-0.03209910,0.31421363,-0.30810923,1.32138078,0.27921575,0.23867052,0.30774957,-0.05473165,-0.12869350,0.15361735,0.11838316,0.19394036,1.32138078,1.58175467,1.78969884,2.04486462,0.27921575,0.50908697,0.77592210,0.23867052,0.52683388,0.30774957,1.72532350,0.61478481,0.51021704,0.44801003,0.44246544
26,0.03829761,0.13763321,0.11564581,0.12247838,0.15334876,0.02771188,1.71061904,0.30831417,0.44687088,0.41895024,0.19437615,0.43477048,-0.01596412,0.29231914,-0.31063471,1.29553361,0.28916817,0.24530042,0.33552345,-0.06527348,-0.11462328,0.15175589,0.11902397,0.19286408,1.29553361,1.56632445,1.78124946,2.05203387,0.28916817,0.52476444,0.80998888,0.24530042,0.55740106,0.33552345,1.73473640,0.63953478,0.52550004,0.45279766,0.42966365
27,0.04481394,0.13693523,0.10898209,0.12790476,0.17738195,0.02995230,1.68652194,0.30982611,0.41697754,0.41803511,0.18385497,0.42440011,-0.03164805,0.25289478,-0.33169034,1.30090222,0.27148105,0.24713288,0.35444833,-0.06311576,-0.10429909,0.15249974,0.12007588,0.19409891,1.30090222,1.55248085,1.77016249,2.04453632,0.27148105,0.50769878,0.80379342,0.24713288,0.57693992,0.35444833,1.71108899,0.61815561,0.51948127,0.44406626,0.41986593
28,0.04203557,0.13595681,0.11156351,0.13197846,0.17853487,0.01466410,1.65978571,0.30000128,0.42005687,0.40172966,0.17762947,0.40094338,-0.03368359,0.25044126,-0.30747402,1.27365515,0.27939341,0.24772489,0.32176752,-0.06078023,-0.10029766,0.15433941,0.12277835,0.19721860,1.27365515,1.53220832,1.74448256,1.99566826,0.27939341,0.51591996,0.78881864,0.24772489,0.54840468,0.32176752,1.68464953,0.62369249,0.50815565,0.42169025,0.39961033
29,0.03926993,0.14995486,0.12965539,0.14494102,0.17822506,0.00045944,1.69391640,0.29857988,0.43536879,0.40283062,0.18597736,0.40990654,-0.02121715,0.26714918,-0.28458123,1.29489738,0.28585736,0.24823916,0.30836282,-0.05582122,-0.11276042,0.15300589,0.12285779,0.19622650,1.29489738,1.56099209,1.77119756,2.01075210,0.28585736,0.52302537,0.78161734,0.24823916,0.53272341,0.30836282,1.71911032,0.63674424,0.51578507,0.42949770,0.39395537
30,0.03749054,0.15954688,0.14206273,0.15513652,0.17650718,-0.00158402,1.68313220,0.29829747,0.44445417,0.39917970,0.20176009,0.41555366,-0.00472687,0.28604127,-0.26120986,1.27609908,0.28089979,0.24546996,0.29618954,-0.06269569,-0.10694500,0.15287061,0.12289929,0.19614703,1.27609908,1.53501317,1.74656891,1.97987463,0.28089979,0.51846473,0.76797019,0.24546996,0.51827391,0.29618954,1.70892643,0.64530863,0.51799912,0.43530993,0.39163035
31,0.04125039,0.18065503,0.15152512,0.17123928,0.21695531,-0.01346705,1.71682610,0.29017133,0.45334286,0.39958574,0.19886266,0.40821757,-0.00726533,0.21670020,-0.27423795,1.30037869,0.29047146,0.24368408,0.33870260,-0.06095129,-0.10048394,0.15027816,0.12276204,0.19404650,1.30037869,1.57362749,1.78285637,2.01990259,0.29047146,0.52271361,0.79018316,0.24368408,0.54971935,0.33870260,1.74347075,0.64330977,0.51902520,0.43008951,0.35351072
32,0.04203125,0.19061547,0.16088722,0.17411835,0.22077730,-0.00972408,1.72771750,0.28609368,0.47473312,0.39660776,0.21203461,0.41035688,0.00392522,0.20365144,-0.26254453,1.28821070,0.29780167,0.24509268,0.34845429,-0.06349020,-0.09186397,0.14880440,0.12227644,0.19259874,1.28821070,1.56975402,1.78239395,2.01822228,0.29780167,0.53233039,0.80128476,0.24509268,0.55613841,0.34845429,1.75488419,0.65673764,0.52244061,0.43268413,0.33593184
33,0.04086808,0.19323493,0.16210241,0.17175171,0.21503191,-0.01051493,1.74865796,0.28021953,0.48616220,0.39853106,0.22946999,0.41352893,0.01559243,0.22170657,-0.26095783,1.29620620,0.29435246,0.25185987,0.34796388,-0.06442932,-0.09092989,0.14738746,0.12185543,0.19123757,1.29620620,1.57381707,1.79253399,2.03976886,0.29435246,0.53399443,0.80822371,0.25185987,0.56604049,0.34796388,1.77669218,0.66441723,0.53509963,0.43732314,0.34651383
34,0.04062581,0.19166763,0.16341538,0.17672117,0.24820652,-0.02183881,1.74331123,0.28079130,0.48291821,0.39458499,0.21559507,0.40529863,0.00032376,0.18641732,-0.28540884,1.29682066,0.29877054,0.25160726,0.37111171,-0.06486187,-0.08685771,0.14755901,0.11997533,0.19017818,1.29682066,1.58373901,1.80166869,2.05467992,0.29877054,0.53683162,0.82659352,0.25160726,0.58551563,0.37111171,1.76995973,0.65646102,0.52714154,0.43056672,0.34529277
35,0.04001996,0.19140939,0.17187473,0.17584488,0.21101836,-0.01879155,1.73404352,0.28356948,0.49245537,0.39073999,0.22255343,0.40388942,0.00622436,0.22120325,-0.27517105,1.27885956,0.29929189,0.25608981,0.34573175,-0.06629515,-0.07709504,0.14681960,0.12063091,0.19002056,1.27885956,1.56614569,1.78582946,2.03793453,0.29929189,0.54268557,0.82377118,0.25608981,0.56994678,0.34573175,1.75961100,0.66659664,0.52764963,0.42739084,0.35749206
36,0.04088299,0.19505604,0.16931349,0.17656448,0.23332212,-0.02174634,1.72711170,0.28177800,0.48909640,0.39266247,0.20553130,0.39939934,-0.00761889,0.19017781,-0.29780756,1.27575674,0.31350385,0.25229469,0.36770640,-0.06732954,-0.08565525,0.14677159,0.11897898,0.18893887,1.27575674,1.57716158,1.79202020,2.05032318,0.31350385,0.55177547,0.84518956,0.25229469,0.58537763,0.36770640,1.75288967,0.66475877,0.52233954,0.42383091,0.35785787
37,0.03983432,0.18221710,0.16712365,0.16654245,0.19020267,-0.01625978,1.72155521,0.29160502,0.48713984,0.39380734,0.20601269,0.40414709,0.00020323,0.24917066,-0.26925838,1.27424072,0.31259701,0.24740616,0.31979344,-0.07039285,-0.07782314,0.14638089,0.11982577,0.18917077,1.27424072,1.57015649,1.77880710,2.02169157,0.31259701,0.54919269,0.81585473,0.24740616,0.54014241,0.31979344,1.74653025,0.67520432,0.52247604,0.42698689,0.37217494
38,0.04054453,0.18547403,0.16955600,0.16657804,0.18210294,-0.01597554,1.72517255,0.28645496,0.48024895,0.39242962,0.19916322,0.40622199,0.00226772,0.25835879,-0.25513182,1.28300981,0.31393206,0.24134465,0.30682800,-0.06855488,-0.06969225,0.14614673,0.12111105,0.18980715,1.28300981,1.57986517,1.78114219,2.01336774,0.31393206,0.54381949,0.79765012,0.24134465,0.52080226,0.30682800,1.75099266,0.66972337,0.52019760,0.42918717,0.36816651
39,0.04038990,0.17502279,0.15472923,0.15911545,0.18279423,-0.01031172,1.72276377,0.28677262,0.48710379,0.39816697,0.21388380,0.40946646,0.00829051,0.26232670,-0.26327029,1.27264010,0.30856994,0.24729196,0.31820932,-0.06795496,-0.07807162,0.14635447,0.12049118,0.18957256,1.27264010,1.56336631,1.77237091,2.01859428,0.30856994,0.54403130,0.80992362,0.24729196,0.54011002,0.31820932,1.74892644,0.67463410,0.53060317,0.43314072,0.37719757
40,0.04069177,0.17383061,0.15768838,0.16187508,0.18269829,-0.00969861,1.69794404,0.27883999,0.47859933,0.39040859,0.20346835,0.40317802,-0.00210610,0.26352912,-0.25738467,1.25485465,0.31053920,0.24166806,0.29987747,-0.07161223,-0.06798681,0.14737978,0.12079334,0.19055663,1.25485465,1.54728193,1.75585292,1.98678097,0.31053920,0.54205749,0.79119438,0.24166806,0.51773805,0.29987747,1.72157450,0.65626064,0.51174944,0.42502317,0.37354547
41,0.04077686,0.18104270,0.15721131,0.15427875,0.17517006,-0.01093267,1.70850318,0.27450208,0.47536102,0.39756616,0.20987548,0.41106687,0.00872791,0.27251485,-0.25301347,1.26783820,0.30664203,0.23909624,0.30556978,-0.07442210,-0.06228919,0.14582942,0.12198660,0.19012351,1.26783820,1.55341937,1.75756839,1.99436172,0.30664203,0.53374965,0.78603425,0.23909624,0.52100978,0.30556978,1.73137749,0.65268809,0.52005590,0.43210298,0.37629653
42,0.04061485,0.17520069,0.15283304,0.14993082,0.18268835,0.00195333,1.68796712,0.28505322,0.46952505,0.39590418,0.19616811,0.41457174,-0.01459358,0.26178991,-0.29043603,1.25291176,0.30922971,0.24460328,0.32405830,-0.06957381,-0.06653044,0.14581584,0.12196088,0.19009659,1.25291176,1.54309317,1.75779779,2.00740095,0.30922971,0.54552338,0.81383053,0.24460328,0.54199046,0.32405830,1.71041892,0.64982330,0.50985620,0.43523187,0.39513782
43,0.04190351,0.16942588,0.13375841,0.14159255,0.17051064,0.00746756,1.66271561,0.28255777,0.46618033,0.39799371,0.19418435,0.41607407,-0.02140154,0.29386460,-0.28508299,1.23010796,0.31442859,0.24580465,0.29824835,-0.06784527,-0.07976662,0.14649657,0.12016124,0.18947288,1.23010796,1.51989472,1.73929180,1.98045444,0.31442859,0.55301544,0.80580333,0.24580465,0.52371828,0.29824835,1.68421061,0.64471848,0.50214225,0.43357315,0.41284638
44,0.04360091,0.16022242,0.12541879,0.13360100,0.17382584,0.01214701,1.66459909,0.29273472,0.44650674,0.40724762,0.17845799,0.41759560,-0.03953641,0.29234023,-0.30438894,1.25201765,0.30940606,0.24747894,0.30110622,-0.06622595,-0.08673822,0.14565370,0.11895885,0.18805906,1.25201765,1.53810946,1.75805173,2.00081886,0.30940606,0.54811786,0.80493476,0.24747894,0.53010351,0.30110622,1.68669788,0.63463284,0.50493666,0.43701382,0.42536613
45,0.04467868,0.17534315,0.12565649,0.13258168,0.16574452,0.02330611,1.65178979,0.28632815,0.44744607,0.39578825,0.19447449,0.41042083,-0.02301336,0.28679169,-0.30273491,1.23490665,0.29547297,0.24656161,0.31415116,-0.07213395,-0.08381427,0.14427240,0.11762508,0.18614560,1.23490665,1.50452982,1.72535227,1.98446316,0.29547297,0.53466354,0.80555689,0.24656161,0.54230645,0.31415116,1.67384906,0.63239947,0.50049292,0.42863625,0.41995186
46,0.04531181,0.14971407,0.10509851,0.12271256,0.14825466,0.03224055,1.62030582,0.29807693,0.42112223,0.40067621,0.17972591,0.41378713,-0.03357957,0.30935094,-0.30173697,1.23040543,0.28482124,0.24246716,0.29515317,-0.06833308,-0.09360032,0.14491409,0.11590731,0.18556561,1.23040543,1.48745948,1.70425542,1.95423802,0.28482124,0.52059316,0.77936430,0.24246716,0.52209951,0.29515317,1.64359576,0.62112803,0.49798215,0.43222262,0.43558768
47,0.04334883,0.13250246,0.09212797,0.12053382,0.14711719,0.03712072,1.57237586,0.30286415,0.39566615,0.40810507,0.15829179,0.41322684,-0.04371929,0.31559805,-0.30581001,1.20849814,0.28074999,0.23324069,0.28611332,-0.06580821,-0.09491493,0.14709826,0.11619508,0.18745451,1.20849814,1.46234835,1.66614934,1.91045346,0.28074999,0.50504932,0.75672548,0.23324069,0.50517609,0.28611332,1.59526808,0.60257156,0.49544613,0.43131436,0.44292072
48,0.04435908,0.11643031,0.08750276,0.12153643,0.14061764,0.04159758,1.55976924,0.31817935,0.37432566,0.40523974,0.14177511,0.40684448,-0.05836411,0.32720910,-0.29779874,1.22027767,0.27145942,0.23061951,0.25834368,-0.06980136,-0.10004490,0.14864602,0.11458339,0.18768323,1.22027767,1.46407984,1.66463981,1.88940494,0.27145942,0.49535250,0.72804522,0.23061951,0.47771300,0.25834368,1.58104871,0.59781091,0.48749237,0.42716274,0.44661400
49,0.04353298,0.10580973,0.07827649,0.12292456,0.14026731,0.04901770,1.55084874,0.31139569,0.34770928,0.40049559,0.12054007,0.40241289,-0.06982106,0.31662596,-0.30183792,1.23404223,0.26593156,0.22234323,0.25316692,-0.07080588,-0.11041214,0.14853683,0.11424130,0.18738801,1.23404223,1.47307751,1.66466030,1.88193978,0.26593156,0.48090817,0.70517017,0.22234323,0.46250612,0.25316692,1.57246427,0.57490161,0.47726919,0.42431744,0.44170075
50,0.04299868,0.08711367,0.06582680,0.12441288,0.14056219,0.05411278,1.51860509,0.31126320,0.33992758,0.41179707,0.12216700,0.40985077,-0.06644402,0.33013992,-0.29553832,1.20923902,0.26089591,0.22185398,0.24748425,-0.06564621,-0.12344937,0.14914164,0.11530701,0.18851773,1.20923902,1.44165630,1.63021854,1.84440269,0.26089591,0.47225008,0.69014183,0.22185398,0.45679953,0.24748425,1.54058426,0.57059737,0.48899972,0.43134759,0.44825681
51,0.04641982,0.08104019,0.06654527,0.12769137,0.15026602,0.06421090,1.53088086,0.32860191,0.33082946,0.42861201,0.10248495,0.42497157,-0.08064217,0.33366458,-0.31474382,1.23196199,0.27193027,0.21781638,0.25596398,-0.06386106,-0.11951118,0.14856805,0.11556031,0.18821969,1.23196199,1.47429253,1.65722800,1.87459101,0.27193027,0.47948589,0.70183035,0.21781638,0.45919627,0.25596398,1.55395127,0.58106129,0.50088553,0.44894201,0.46421797
52,0.04732066,0.07984918,0.06480280,0.12840619,0.15245125,0.09239010,1.52399278,0.34257713,0.32719444,0.44498617,0.10768335,0.44152591,-0.07218154,0.34205699,-0.31491949,1.22528636,0.26303043,0.21476270,0.26682762,-0.06081422,-0.13910225,0.14874178,0.11337693,0.18702525,1.22528636,1.45971300,1.63988080,1.86534086,0.26303043,0.46649512,0.69604015,0.21476270,0.46559265,0.26682762,1.54895776,0.58378319,0.51628589,0.46354622,0.47057148
53,0.04665656,0.06433038,0.06101899,0.13663903,0.17376039,0.09658272,1.52278715,0.34953516,0.31412232,0.44104423,0.10521814,0.43139729,-0.07108915,0.32245202,-0.31829567,1.23718650,0.24690697,0.21147860,0.27436992,-0.05994271,-0.15009032,0.14942348,0.11339240,0.18757722,1.23718650,1.45893855,1.63424740,1.86388514,0.24690697,0.44676898,0.68390712,0.21147860,0.46950288,0.27436992,1.54800111,0.57825807,0.51412691,0.45500013,0.45975533
54,0.04791211,0.06498795,0.06145162,0.14242395,0.18747256,0.10721988,1.51822856,0.35126624,0.30328975,0.43277678,0.09693415,0.41688181,-0.08265158,0.30708346,-0.33127544,1.24122087,0.23996503,0.21288428,0.27614634,-0.06093526,-0.15666305,0.15023256,0.11218293,0.18749622,1.24122087,1.45825080,1.63604733,1.86923266,0.23996503,0.44173120,0.68474700,0.21288428,0.47479288,0.27614634,1.54399753,0.56963094,0.50375044,0.44319282,0.45819933
55,0.04801833,0.05624644,0.06584424,0.15015749,0.20083558,0.11836493,1.49349724,0.35176872,0.26925968,0.42627527,0.07765130,0.41121398,-0.10276593,0.30540075,-0.33925826,1.24796271,0.22422299,0.21409315,0.26322191,-0.05531553,-0.16698842,0.14985371,0.11012333,0.18596581,1.24796271,1.44915411,1.62885888,1.85160399,0.22422299,0.42832514,0.65960219,0.21409315,0.46289020,0.26322191,1.52030927,0.54828540,0.49223359,0.44032772,0.46224124
56,0.05060555,0.05751033,0.06896067,0.15559642,0.21445509,0.12333988,1.48973880,0.36199507,0.26184802,0.43086268,0.07109753,0.40683409,-0.11606612,0.29499712,-0.35035251,1.25291441,0.22568877,0.22190324,0.26394529,-0.05206075,-0.17200675,0.14913450,0.11046107,0.18558757,1.25291441,1.45184962,1.63700279,1.85801309,0.22568877,0.43748820,0.66983160,0.22190324,0.47234253,0.26394529,1.51776694,0.55806098,0.49608398,0.43937968,0.46347334
57,0.05377756,0.05230511,0.07361905,0.16328108,0.22367161,0.12866824,1.48821979,0.36056939,0.25598415,0.42296531,0.05971805,0.39585014,-0.12508014,0.28554189,-0.36336674,1.25585314,0.23075994,0.21951587,0.26709218,-0.05285396,-0.16167406,0.14846443,0.11149145,0.18566645,1.25585314,1.45888662,1.64203341,1.86870924,0.23075994,0.44114032,0.67913080,0.21951587,0.47418732,0.26709218,1.51742058,0.55624967,0.48674518,0.43159225,0.46727888
58,0.05465474,0.05308037,0.07524159,0.16581453,0.23921881,0.13320518,1.49919291,0.36160801,0.26903219,0.42348221,0.06769955,0.39858717,-0.12455958,0.27485051,-0.37701025,1.25266181,0.23382364,0.22385518,0.28609509,-0.04830419,-0.16996203,0.14728872,0.11001177,0.18383839,1.25266181,1.46119559,1.65236275,1.89274724,0.23382364,0.44927734,0.70420087,0.22385518,0.49704843,0.28609509,1.52983420,0.56145476,0.48819272,0.43486680,0.47154023
59,0.05440617,0.04092659,0.07696913,0.17054280,0.25155307,0.14545229,1.49404868,0.37079246,0.24682778,0.42430128,0.05953850,0.39455361,-0.13737578,0.27340824,-0.38568956,1.26872132,0.21850017,0.22512158,0.28067352,-0.04786811,-0.17945285,0.14531445,0.10769567,0.18087191,1.26872132,1.46194804,1.65681301,1.89423608,0.21850017,0.43564226,0.68830905,0.22512158,0.49480529,0.28067352,1.52378321,0.54814423,0.48184503,0.43345051,0.47736018
60,0.05575101,0.04393977,0.08419416,0.17484200,0.26640210,0.15357663,1.50900599,0.37377603,0.24922973,0.43407475,0.06344381,0.40418546,-0.13417913,0.26824689,-0.40004790,1.27991526,0.21834067,0.22590293,0.30333281,-0.04434169,-0.18415758,0.14461799,0.10733836,0.18009965,1.27991526,1.47324328,1.66905651,1.92341063,0.21834067,0.43482888,0.70592706,0.22590293,0.51718879,0.30333281,1.54018327,0.55094082,0.49136768,0.44140944,0.48572593
61,0.05525191,0.04050013,0.08718329,0.17378150,0.26144426,0.15787007,1.51889482,0.37521253,0.23748568,0.43536599,0.06229850,0.40730431,-0.13369224,0.26828217,-0.40821183,1.30067432,0.20961536,0.22422643,0.31229792,-0.04048177,-0.18745836,0.14434889,0.10824686,0.18042723,1.30067432,1.48357240,1.67832271,1.94129455,0.20961536,0.42446060,0.70302852,0.22422643,0.52386834,0.31229792,1.55075010,0.54733906,0.49259315,0.44426229,0.49256433
62,0.05602298,0.04400254,0.09586859,0.18091368,0.25172619,0.17030972,1.50475210,0.38554680,0.21724537,0.45323644,0.04772173,0.42385353,-0.14135248,0.29553939,-0.40259698,1.30694694,0.21026478,0.22200821,0.29552658,-0.03525942,-0.20918474,0.14465981,0.10684120,0.17983743,1.30694694,1.48479136,1.67251432,1.92231622,0.21026478,0.42086210,0.68133282,0.22200821,0.50446486,0.29552658,1.53864743,0.55589298,0.51141954,0.46249916,0.50407037
63,0.05543354,0.04362249,0.10696461,0.18818497,0.24924860,0.17661219,1.49416312,0.39490250,0.20837031,0.45732081,0.05093902,0.42799369,-0.13946336,0.31129398,-0.39654524,1.30610885,0.20066889,0.22273226,0.28638905,-0.03862929,-0.21678960,0.14441675,0.10657291,0.17948254,1.30610885,1.47073242,1.65952781,1.90568049,0.20066889,0.41259404,0.66667823,0.22273226,0.49710566,0.28638905,1.52920140,0.56373982,0.51736835,0.46709967,0.50993079
64,0.05508119,0.04825880,0.11375836,0.18899049,0.24875062,0.18311784,1.47785810,0.40604776,0.20498613,0.46746722,0.04693096,0.43951138,-0.14817223,0.32106028,-0.40417156,1.29404763,0.19811364,0.22757416,0.28636895,-0.03047913,-0.22569249,0.14310869,0.10550234,0.17779438,1.29404763,1.45930677,1.65275676,1.89737115,0.19811364,0.41543873,0.66996245,0.22757416,0.50155158,0.28636895,1.51350522,0.56706383,0.52584105,0.47969756,0.52131011
65,0.05588516,0.05552647,0.11745198,0.19569767,0.25137545,0.18513210,1.49025478,0.41503375,0.20791043,0.47495228,0.04070717,0.44850519,-0.14972542,0.33414113,-0.39980926,1.30502151,0.20904844,0.22518779,0.27926308,-0.02735413,-0.22500073,0.14150284,0.10648144,0.17709137,1.30502151,1.47862685,1.66786169,1.90643297,0.20904844,0.42517529,0.67239743,0.22518779,0.49132714,0.27926308,1.52728760,0.58415722,0.53568528,0.48963156,0.52693300
66,0.05579090,0.05649195,0.11439577,0.19357800,0.24395560,0.18799258,1.47467323,0.42029042,0.20373100,0.48572995,0.02977176,0.46015499,-0.15578157,0.34367382,-0.40107677,1.29441442,0.21742757,0.22238167,0.27560464,-0.02011056,-0.24061911,0.14199560,0.10562877,0.17697510,1.29441442,1.47564475,1.66013790,1.89287506,0.21742757,0.43010353,0.67079318,0.22238167,0.48342228,0.27560464,1.51264570,0.58880464,0.54514792,0.50183850,0.53401156
67,0.05515657,0.06246750,0.11960449,0.19646102,0.25379410,0.18677384,1.48347722,0.42185770,0.21095007,0.48242865,0.03904602,0.45254444,-0.14595332,0.33470125,-0.40530623,1.29576860,0.21113103,0.21979218,0.28929497,-0.01510446,-0.24148171,0.14126384,0.10424916,0.17556582,1.29576860,1.47492239,1.65821216,1.90565728,0.21113103,0.42112655,0.67915796,0.21979218,0.49657001,0.28929497,1.52092581,0.58445709,0.53961319,0.49133254,0.53073017
68,0.05477400,0.05883933,0.12361871,0.20232918,0.25815063,0.19944260,1.49657326,0.43674000,0.20146687,0.49668338,0.03301599,0.46470997,-0.15609253,0.34446029,-0.41929425,1.31838589,0.20950282,0.22403006,0.29443928,-0.01425149,-0.25952611,0.13795600,0.10157278,0.17131517,1.31838589,1.49402338,1.68122804,1.93301525,0.20950282,0.42337092,0.68695559,0.22403006,0.50667330,0.29443928,1.53721595,0.59857474,0.55574766,0.50751526,0.54807034
69,0.05799493,0.05587052,0.11449172,0.20289725,0.25758183,0.19733683,1.48992406,0.44175580,0.19443674,0.48812292,0.01640019,0.44829032,-0.16312451,0.34407957,-0.39662018,1.32019504,0.21851493,0.21652224,0.26188042,-0.00908443,-0.25935596,0.13818157,0.10073477,0.17100188,1.32019504,1.50270859,1.67984842,1.90486057,0.21851493,0.42639858,0.66504903,0.21652224,0.46961322,0.26188042,1.53119841,0.60376827,0.54633133,0.49458241,0.53025174
70,0.06070206,0.05874634,0.11559763,0.20967195,0.26828403,0.20581776,1.49090362,0.45150869,0.19026940,0.49066342,0.00391412,0.44791698,-0.17445843,0.34175903,-0.40561874,1.32500262,0.22359634,0.21619968,0.26075382,-0.00104966,-0.27447416,0.13702539,0.09877760,0.16891706,1.32500262,1.51510002,1.69158209,1.91510793,0.22359634,0.43208355,0.67129522,0.21619968,0.46840254,0.26075382,1.53502531,0.60922196,0.54838604,0.49807164,0.53541267
71,0.06406876,0.07011299,0.13207196,0.22014600,0.27355687,0.21511942,1.50053780,0.45656319,0.19407857,0.50452687,0.00186967,0.46185618,-0.17632673,0.34973313,-0.40389305,1.32988304,0.23109087,0.21993995,0.26087715,0.00135400,-0.28800141,0.13682168,0.09781698,0.16819136,1.32988304,1.52754208,1.70464573,1.92454088,0.23109087,0.44174101,0.67812916,0.21993995,0.47106198,0.26087715,1.54823546,0.62108743,0.56516925,0.51195795,0.53912735
72,0.06239290,0.07132011,0.13704555,0.22452995,0.27419278,0.22291775,1.48453577,0.45342353,0.19221218,0.49885849,0.00067586,0.45570757,-0.17818206,0.34668717,-0.40617318,1.31408791,0.22991662,0.22043369,0.25986331,-0.00163414,-0.29362724,0.13697864,0.09737708,0.16806381,1.31408791,1.51044558,1.68858225,1.90999228,0.22991662,0.44146381,0.67815260,0.22043369,0.47093639,0.25986331,1.53410072,0.61964470,0.56129130,0.50781670,0.53930008
73,0.06249851,0.06538006,0.13725773,0.22032743,0.26229567,0.21675423,1.46814139,0.44426085,0.17433208,0.48564992,0.01182102,0.44454560,-0.16545113,0.36229937,-0.36670938,1.31565452,0.20997505,0.21852146,0.22460430,-0.01177412,-0.27337304,0.13794052,0.09921970,0.16991803,1.31565452,1.48191871,1.65864702,1.85508919,0.20997505,0.42027412,0.62584743,0.21852146,0.43583822,0.22460430,1.51473868,0.60741473,0.54607222,0.49141174,0.52050645
74,0.06217998,0.06064089,0.13497083,0.22213903,0.26697456,0.21170540,1.47239208,0.45082325,0.17173644,0.49058041,0.00544109,0.44783807,-0.17070780,0.35667268,-0.38567121,1.32446517,0.21149349,0.21894527,0.24007355,-0.01207822,-0.27441357,0.13623393,0.09794443,0.16778795,1.32446517,1.49411140,1.66910738,1.87786317,0.21149349,0.42240621,0.64143219,0.21894527,0.45033859,0.24007355,1.51804521,0.61152479,0.55123759,0.49620235,0.53032426
75,0.06416169,0.07047614,0.14698168,0.22653233,0.27618522,0.21356303,1.46238832,0.44480429,0.17569344,0.49197887,0.01489832,0.44540425,-0.16373392,0.34152268,-0.39336194,1.30888300,0.20226711,0.22123832,0.25861941,-0.01352163,-0.27511539,0.13620556,0.09796581,0.16777740,1.30888300,1.47484019,1.65144681,1.87420322,0.20226711,0.41295852,0.64842947,0.22123832,0.47083778,0.25861941,1.50785086,0.60053725,0.55202825,0.49150735,0.52561659
76,0.06426978,0.07644366,0.15043352,0.23218645,0.28061384,0.21469840,1.44579824,0.44619284,0.17827820,0.48721673,0.00682092,0.44582819,-0.17292699,0.34237066,-0.41060373,1.29041423,0.21034789,0.21961088,0.26481946,-0.01613568,-0.28094142,0.13599816,0.09806538,0.16766728,1.29041423,1.46522288,1.64328889,1.87346707,0.21034789,0.42198342,0.66375538,0.21961088,0.47463880,0.26481946,1.49060319,0.60211533,0.54680186,0.49526776,0.53981553
77,0.06324698,0.07515228,0.16201445,0.24566074,0.29364632,0.20050144,1.44465399,0.44822445,0.18805286,0.46953993,0.02526927,0.43526661,-0.15337174,0.33599032,-0.40690854,1.28252139,0.19664454,0.21466232,0.27858605,-0.01758143,-0.26756507,0.13437662,0.09860161,0.16667139,1.28252139,1.44525463,1.62264955,1.86886016,0.19664454,0.40758240,0.66755395,0.21466232,0.48426753,0.27858605,1.48597612,0.59962902,0.52924162,0.47915928,0.53231396
78,0.06380378,0.06362888,0.16203078,0.25202627,0.29684669,0.19212065,1.43764081,0.42630951,0.18768712,0.44352122,0.03438183,0.40941193,-0.14891653,0.32764239,-0.39627565,1.27310211,0.18838394,0.21588668,0.26608237,-0.01715530,-0.26932909,0.13471876,0.09889072,0.16711828,1.27310211,1.42642401,1.60907390,1.85102700,0.18838394,0.40082065,0.65132164,0.21588668,0.47480803,0.26608237,1.47732557,0.57687874,0.50181062,0.45278576,0.51882778
79,0.06441340,0.05638469,0.15318610,0.25284924,0.29164403,0.17299977,1.42900268,0.40857228,0.18499383,0.41738113,0.03324330,0.39567850,-0.14041679,0.33130732,-0.37169278,1.26800913,0.19382989,0.20556601,0.24561524,-0.02933388,-0.23365623,0.13422605,0.10115122,0.16807201,1.26800913,1.41791038,1.59307860,1.81988702,0.19382989,0.39760445,0.62791478,0.20556601,0.44373477,0.24561524,1.46532531,0.56491306,0.47448110,0.43541735,0.50194332
80,0.06666396,0.06431404,0.15023586,0.26251563,0.30744174,0.12990641,1.42490579,0.37700389,0.20168280,0.38815827,0.03070605,0.37370917,-0.14844161,0.30402216,-0.38336913,1.24940488,0.21001659,0.20223833,0.24816399,-0.02264250,-0.21152032,0.13472307,0.10319319,0.16970309,1.24940488,1.41921839,1.59950753,1.82683210,0.21001659,0.41044763,0.64173110,0.20223833,0.44265796,0.24816399,1.45445094,0.53513674,0.43789946,0.41626933,0.49404754
81,0.06099935,0.06483843,0.13742863,0.23111736,0.28144373,0.09217827,1.46483710,0.38622841,0.22115239,0.43457049,0.05676377,0.41886884,-0.11345299,0.33992441,-0.35383753,1.28081922,0.21495781,0.20560869,0.25740954,-0.04243383,-0.21312623,0.13365218,0.10151573,0.16783429,1.28081922,1.44978625,1.61954294,1.84700424,0.21495781,0.41543549,0.64627847,0.20560869,0.45129869,0.25740954,1.49390906,0.57480034,0.49679955,0.45016767,0.49596688
82,0.06294609,0.07814094,0.15232642,0.23893711,0.27731463,0.06795390,1.47707305,0.38381065,0.23386748,0.44337481,0.06929146,0.43278027,-0.09636471,0.36452270,-0.32564976,1.28568868,0.21366561,0.20467256,0.24423775,-0.03292897,-0.23802562,0.13268312,0.09956250,0.16588400,1.28568868,1.45739951,1.62257236,1.83829986,0.21366561,0.41250012,0.63119165,0.20467256,0.43673556,0.24423775,1.50586048,0.58382824,0.51372974,0.46213885,0.49548601
83,0.06101133,0.08075728,0.13591259,0.22207474,0.25933206,0.05582204,1.50130624,0.40422781,0.25514499,0.47539512,0.07968542,0.46373243,-0.08099139,0.39966403,-0.31111158,1.29786880,0.22720700,0.20920404,0.24408791,-0.02701385,-0.27163873,0.13145258,0.09814063,0.16404684,1.29786880,1.48245140,1.64167706,1.85648516,0.22720700,0.42852921,0.64521145,0.20920404,0.43839077,0.24408791,1.53105391,0.62067439,0.55264798,0.49023929,0.51384003
84,0.05815127,0.07437536,0.12089251,0.20550621,0.24390296,0.03529843,1.52412326,0.39261720,0.28703486,0.47164385,0.11211295,0.47055400,-0.04681010,0.40875734,-0.27376976,1.29055939,0.22442172,0.20613333,0.24004548,-0.03146087,-0.25827847,0.13120290,0.09766767,0.16356398,1.29055939,1.47819439,1.63805534,1.84812167,0.22442172,0.42286262,0.63407122,0.20613333,0.43006531,0.24004548,1.55146044,0.61370042,0.54916513,0.48956299,0.49824647
85,0.05416140,0.06792703,0.10412074,0.18960327,0.22175872,0.01390573,1.55441068,0.38231025,0.32182089,0.47223594,0.13021843,0.48490447,-0.03484605,0.42952095,-0.24737496,1.29014000,0.24565101,0.21810425,0.22407550,-0.03236420,-0.25120654,0.13026092,0.09807556,0.16305436,1.29014000,1.49637617,1.66621610,1.86142263,0.24565101,0.45700675,0.65038590,0.21810425,0.42326763,0.22407550,1.58191486,0.63429812,0.55740381,0.50171119,0.50200467
86,0.05483731,0.07555976,0.10074098,0.18879118,0.22312361,0.00481572,1.55039811,0.36091715,0.33864695,0.45090808,0.13283613,0.46318498,-0.04252139,0.41171422,-0.24920442,1.26602987,0.25494323,0.22301445,0.21750126,-0.03253486,-0.23834802,0.13120702,0.09826882,0.16392695,1.26602987,1.48646049,1.66626901,1.85742348,0.25494323,0.47140069,0.66277409,0.22301445,0.42468079,0.21750126,1.57755040,0.62338886,0.53643694,0.48066907,0.48740943
87,0.05363114,0.06672413,0.09426046,0.18321760,0.21434316,-0.00291580,1.56262812,0.35877543,0.34300095,0.45040711,0.13405465,0.46290003,-0.04428707,0.41087445,-0.25218863,1.27526674,0.25560825,0.22767508,0.21894104,-0.02759594,-0.24851970,0.13146216,0.09711607,0.16344366,1.27526674,1.49899668,1.68136410,1.87337986,0.25560825,0.47590044,0.66900354,0.22767508,0.43040993,0.21894104,1.58888682,0.62333703,0.53794956,0.48046068,0.48806063
88,0.05341255,0.06636486,0.09336773,0.17190185,0.19551005,-0.01460097,1.56833413,0.34899677,0.35187774,0.45205833,0.14350773,0.47125586,-0.02726831,0.41769527,-0.23081030,1.27264367,0.25891308,0.21949229,0.21509359,-0.03374691,-0.22259803,0.13165626,0.09828612,0.16429709,1.27264367,1.49953481,1.67588614,1.86194068,0.25891308,0.47060716,0.65666486,0.21949229,0.41715459,0.21509359,1.59396818,0.61956893,0.53983425,0.48737382,0.48338363
89,0.05609996,0.06850464,0.10205434,0.17437074,0.19633987,-0.02767153,1.55854252,0.34042173,0.33542897,0.44164093,0.12895624,0.45778983,-0.04091708,0.40460196,-0.24397205,1.28024211,0.25743713,0.21657707,0.21553818,-0.03776144,-0.20057513,0.13302151,0.09921315,0.16594569,1.28024211,1.50492980,1.67937997,1.86563363,0.25743713,0.46633888,0.65473038,0.21657707,0.41676094,0.21553818,1.58450931,0.60504994,0.52617580,0.47551597,0.47807150
90,0.05437011,0.06684501,0.10052880,0.16905207,0.18819423,-0.02712376,1.55694105,0.32578722,0.35538824,0.45027914,0.14613054,0.46909922,-0.02580948,0.41112432,-0.23483063,1.25561261,0.26978092,0.21856191,0.22159756,-0.04339287,-0.20672428,0.13474014,0.09812635,0.16668439,1.25561261,1.48960778,1.66629379,1.85584231,0.26978092,0.47774332,0.66537756,0.21856191,0.42270931,0.22159756,1.58231944,0.60894446,0.53809855,0.48544386,0.47966630
91,0.05607038,0.07161565,0.09044932,0.16218975,0.18180475,-0.02343360,1.57946534,0.32195491,0.39318931,0.44534522,0.16906839,0.47393750,-0.00537533,0.42774560,-0.22379106,1.23876703,0.28154853,0.22609950,0.22755792,-0.03420146,-0.22905183,0.13341910,0.09981792,0.16662615,1.23876703,1.48652695,1.66963487,1.87102346,0.28154853,0.49877582,0.69528204,0.22609950,0.43461941,0.22755792,1.60731266,0.63841215,0.54700461,0.49092450,0.48997504
92,0.05410970,0.07509224,0.08041412,0.15192006,0.17914875,-0.03100171,1.60280228,0.30460569,0.39980628,0.44620808,0.16474217,0.48024948,-0.00257106,0.41619477,-0.24088361,1.25117433,0.29683024,0.21868893,0.25142836,-0.03521894,-0.21036541,0.13252381,0.10032139,0.16621354,1.25117433,1.51565532,1.69387101,1.91021786,0.29683024,0.50512792,0.71534388,0.21868893,0.44675525,0.25142836,1.63097268,0.62715762,0.54301001,0.49633387,0.48702432
93,0.05162678,0.08492786,0.07827133,0.15184603,0.18920897,-0.03408310,1.61703601,0.30033672,0.40816721,0.44571251,0.17276151,0.47947528,0.00786057,0.41206180,-0.22637878,1.25618557,0.29723824,0.21869558,0.24898659,-0.03976871,-0.21009359,0.13192450,0.09926872,0.16510103,1.25618557,1.52239285,1.69859213,1.91050220,0.29723824,0.50395191,0.71033246,0.21869558,0.44352158,0.24898659,1.64565267,0.62920049,0.54623273,0.49548597,0.47592096
94,0.04950982,0.09005022,0.07846092,0.14334438,0.17043761,-0.02460775,1.62444792,0.32191387,0.41437715,0.47146062,0.18452553,0.50262447,0.02283660,0.44217719,-0.20581500,1.26104152,0.29629747,0.21805741,0.24149825,-0.04557951,-0.22052091,0.13059380,0.09868803,0.16368894,1.26104152,1.52339277,1.69558300,1.90248407,0.29629747,0.50107711,0.70109556,0.21805741,0.43590011,0.24149825,1.65480863,0.65452362,0.57807145,0.52121303,0.49546474
95,0.05052247,0.08501708,0.07657805,0.13551310,0.15816543,-0.02440239,1.62847682,0.32643724,0.41730470,0.44848735,0.19795387,0.48412836,0.02726783,0.42724536,-0.20348956,1.26250893,0.27423968,0.22211319,0.24396430,-0.03537651,-0.21222334,0.13115159,0.09980513,0.16480839,1.26250893,1.50742213,1.69023795,1.90210203,0.27423968,0.48837631,0.69815532,0.22211319,0.44579050,0.24396430,1.65905444,0.65117720,0.55877573,0.50216537,0.47921170
96,0.05118551,0.07072155,0.06352862,0.13584584,0.17204354,-0.01694272,1.62649924,0.31381171,0.40737844,0.42274115,0.19890274,0.46162559,0.02910196,0.39655208,-0.21778361,1.26387931,0.25622416,0.21708403,0.26167096,-0.03303642,-0.19210977,0.13043160,0.10081935,0.16485431,1.26387931,1.49497319,1.67827413,1.90611063,0.25622416,0.46730067,0.69345565,0.21708403,0.45741425,0.26167096,1.65605955,0.62357375,0.53040627,0.47825193,0.45696022
97,0.05153304,0.06579767,0.07269957,0.14399725,0.17811209,-0.00854927,1.60381328,0.31640302,0.40364270,0.43332697,0.19600719,0.46656964,0.02196110,0.39442948,-0.21539536,1.24431266,0.26070866,0.21848594,0.25348678,-0.03859676,-0.20584803,0.13132409,0.09843781,0.16412196,1.24431266,1.47665195,1.66205009,1.87839508,0.26070866,0.47200912,0.68622562,0.21848594,0.45070362,0.25348678,1.63279251,0.62329887,0.53657911,0.48241008,0.45460613
98,0.05382580,0.05626359,0.06304071,0.14840131,0.18160302,0.00315623,1.63688616,0.32279237,0.39578239,0.42981012,0.20158496,0.46685906,0.03428922,0.40348073,-0.20627732,1.28255352,0.24823198,0.21274239,0.25490358,-0.03533879,-0.21119124,0.13013490,0.09849759,0.16320805,1.28255352,1.49866435,1.67892805,1.90183730,0.24823198,0.45599062,0.67452152,0.21274239,0.44725978,0.25490358,1.66630431,0.62547593,0.53629973,0.48410743,0.45820204
99,0.05239756,0.05932664,0.06037290,0.15350984,0.19781218,0.01491828,1.63098427,0.30629088,0.39299399,0.41476936,0.20352494,0.45768063,0.03277750,0.39139292,-0.22179847,1.27224279,0.24257758,0.21390245,0.26861246,-0.03478252,-0.22337157,0.12988038,0.09705053,0.16213488,1.27224279,1.48419048,1.66974572,1.90691843,0.24257758,0.45199381,0.68151682,0.21390245,0.46081454,0.26861246,1.66100718,0.60715006,0.52119524,0.47421881,0.45460300
100,0.05204389,0.05987200,0.06689574,0.16071504,0.21179242,0.02902444,1.60680675,0.30469184,0.37608361,0.39792602,0.19694124,0.43982570,0.02459971,0.37456064,-0.23414440,1.26131803,0.22116980,0.21200694,0.27150705,-0.03421988,-0.24236154,0.13029901,0.09503067,0.16127201,1.26131803,1.45922359,1.64572662,1.88848125,0.22116980,0.42938338,0.66558324,0.21200694,0.46261404,0.27150705,1.63575820,0.58071513,0.50034865,0.45516175,0.44640217
101,0.05140913,0.05935464,0.06889343,0.16600114,0.21676733,0.03260537,1.60695873,0.31377254,0.36974012,0.39882187,0.18764049,0.44000662,0.01783016,0.38076828,-0.24100448,1.26883326,0.21774203,0.20816857,0.26987743,-0.02342785,-0.26379267,0.12971417,0.09520224,0.16090132,1.26883326,1.46750337,1.65078054,1.89473587,0.21774203,0.42255590,0.66152273,0.20816857,0.45838385,0.26987743,1.63484867,0.57666916,0.49637321,0.45517312,0.45556687
102,0.05330547,0.05854156,0.10173289,0.18870431,0.23849319,0.02951561,1.59612847,0.31174425,0.36188707,0.38783148,0.20211093,0.43157107,0.03227931,0.38440612,-0.22029744,1.26624245,0.19606808,0.20539296,0.26159043,-0.03115902,-0.27150466,0.12968967,0.09429295,0.16034517,1.26624245,1.44081210,1.62386289,1.86395465,0.19606808,0.39950476,0.63404859,0.20539296,0.45030877,0.26159043,1.62298952,0.57034230,0.49286230,0.44920057,0.44875120
103,0.05686494,0.07477613,0.11819525,0.19806406,0.25267944,0.02814429,1.58607011,0.31676544,0.34427391,0.40497462,0.19022214,0.44209478,0.02414120,0.38671843,-0.23953120,1.27529086,0.19837442,0.20474347,0.27502845,-0.02821034,-0.29553090,0.12886237,0.09459253,0.15985386,1.27529086,1.44693475,1.62483788,1.87414503,0.19837442,0.39893595,0.64194037,0.20474347,0.46217653,0.27502845,1.61337230,0.57017725,0.50650488,0.45967151,0.45999422
104,0.05934089,0.08328350,0.09625571,0.18479499,0.25354511,0.04160580,1.61568929,0.34013806,0.35591576,0.42466615,0.18500866,0.45420424,0.00772569,0.37725734,-0.29559967,1.29488705,0.20925738,0.21261009,0.31874943,-0.02129205,-0.30297315,0.12592850,0.09348254,0.15683422,1.29488705,1.48237632,1.66932669,1.95487274,0.20925738,0.41733708,0.70261614,0.21261009,0.51339749,0.31874943,1.64449965,0.59143305,0.52240507,0.47194469,0.48397938
105,0.05999039,0.08123877,0.11175394,0.19310415,0.23966121,0.03915924,1.59604501,0.35108280,0.33020541,0.43426823,0.17903098,0.46730441,0.00464413,0.41939320,-0.23577137,1.30476433,0.19911252,0.21728326,0.25240063,-0.03246422,-0.29723600,0.12647785,0.09330020,0.15716734,1.30476433,1.47181146,1.65695283,1.88521999,0.19911252,0.41229470,0.63726069,0.21728326,0.45460607,0.25240063,1.62501507,0.59890966,0.53503444,0.48529436,0.48629444
106,0.05917422,0.08646259,0.10957006,0.19367443,0.25107829,0.02608948,1.61839778,0.33889635,0.33955105,0.42685005,0.18753334,0.45232789,0.01646566,0.39363489,-0.24647794,1.31739539,0.19901329,0.21139719,0.27580906,-0.03739882,-0.29881187,0.12576761,0.09337295,0.15663972,1.31739539,1.48665043,1.66614956,1.91425005,0.19901329,0.40440396,0.64931695,0.21139719,0.47125959,0.27580906,1.64652650,0.59335865,0.53168806,0.47205420,0.47044884
107,0.06168025,0.07853620,0.11262228,0.19059066,0.24103976,0.03133793,1.61955327,0.34584698,0.34702104,0.42867628,0.19754782,0.46059469,0.02430776,0.40488767,-0.23933705,1.31183190,0.19618223,0.21711166,0.27436717,-0.03895738,-0.30605066,0.12451308,0.09364102,0.15579521,1.31183190,1.47715687,1.66089903,1.90917099,0.19618223,0.40885140,0.65028422,0.21711166,0.47255774,0.27436717,1.64870144,0.60709916,0.53992374,0.48065695,0.47771222
108,0.06451856,0.07112361,0.10493527,0.19087589,0.22898370,0.02212514,1.60345074,0.32087714,0.33101748,0.41461589,0.17472990,0.45352446,0.01528371,0.40932152,-0.20390727,1.30800177,0.20674206,0.20622165,0.23039965,-0.03211104,-0.28782086,0.12540414,0.09421018,0.15684947,1.30800177,1.48240746,1.65469879,1.86234431,0.20674206,0.40838809,0.60931607,0.20622165,0.41945345,0.23039965,1.63331496,0.58517741,0.52105440,0.47428205,0.46466092
109,0.06372260,0.07165967,0.10752285,0.18936103,0.23582015,0.02069416,1.62228578,0.31619373,0.34588662,0.41434873,0.18596819,0.44439324,0.01635387,0.38678635,-0.23853320,1.31065727,0.21200672,0.20612533,0.26758848,-0.03558336,-0.27334914,0.12427012,0.09399822,0.15581632,1.31065727,1.49059759,1.67015543,1.91078858,0.21200672,0.41221963,0.64742177,0.20612533,0.45840587,0.26758848,1.64995572,0.57684406,0.51259668,0.46178276,0.45931722
110,0.06350345,0.06640643,0.11032474,0.19286166,0.23110399,0.00686254,1.62194042,0.31710422,0.36694235,0.40599180,0.21295110,0.44085888,0.04135190,0.38668600,-0.21862650,1.29341742,0.20243940,0.20741060,0.27324165,-0.03714206,-0.27045737,0.12439732,0.09486672,0.15644292,1.29341742,1.46550257,1.64759713,1.89355912,0.20243940,0.40566829,0.64951089,0.20741060,0.46629112,0.27324165,1.65052147,0.59602623,0.52203722,0.46395739,0.45036636
111,0.06154989,0.06433364,0.10707718,0.18610304,0.21956880,0.00562275,1.63913256,0.31451300,0.37173728,0.41311784,0.22475781,0.45440537,0.05746652,0.40688873,-0.19381625,1.30487622,0.20031179,0.20545230,0.26348414,-0.03785627,-0.27243781,0.12344629,0.09496055,0.15574496,1.30487622,1.47322046,1.65329526,1.89133194,0.20031179,0.40080655,0.63309575,0.20545230,0.45384975,0.26348414,1.66779420,0.59355152,0.53056893,0.47714316,0.45613938
112,0.06395018,0.06558320,0.11355942,0.19200893,0.22451632,0.00721677,1.63778301,0.29743995,0.37934315,0.38387481,0.22223636,0.43916951,0.05587098,0.40028774,-0.20009212,1.29154252,0.20052615,0.20484255,0.26682104,-0.03638661,-0.28606697,0.12347322,0.09581683,0.15628979,1.29154252,1.46678646,1.64992044,1.89556935,0.20052615,0.40376344,0.64346785,0.20484255,0.45573626,0.26682104,1.66764644,0.58282166,0.50329593,0.46193151,0.45254961
113,0.06369141,0.05950094,0.10783533,0.18710486,0.21310754,0.00469277,1.63958185,0.29828047,0.39354856,0.38550435,0.23849991,0.43474693,0.05570536,0.40127387,-0.17953897,1.28025475,0.20188387,0.21669004,0.24517455,-0.03958317,-0.29122281,0.12410771,0.09553366,0.15661866,1.28025475,1.45407757,1.65158981,1.87792190,0.20188387,0.41606623,0.63820801,0.21669004,0.45001229,0.24517455,1.66964403,0.59475436,0.51108868,0.45734775,0.44517639
114,0.06463504,0.05507389,0.08865255,0.18495678,0.21381113,0.00770838,1.65273606,0.28740052,0.38250000,0.37868825,0.22071917,0.42656588,0.03832572,0.39630791,-0.19388643,1.30068375,0.20832461,0.21673567,0.24168913,-0.03787959,-0.30218582,0.12377166,0.09452966,0.15574107,1.30068375,1.48185588,1.67910739,1.90405912,0.20832461,0.42223270,0.64200484,0.21673567,0.44718656,0.24168913,1.68363946,0.58015602,0.49679207,0.44671704,0.44628257
115,0.06616755,0.07288442,0.09981360,0.18739387,0.19661225,-0.00262816,1.65558622,0.27359525,0.37993338,0.36487654,0.23567930,0.41527580,0.04798913,0.40482807,-0.15907989,1.30526377,0.19622907,0.22216815,0.21511635,-0.04460750,-0.29090479,0.12414151,0.09563068,0.15670463,1.30526377,1.46919329,1.67223688,1.87666056,0.19622907,0.41479199,0.61341943,0.22216815,0.42971815,0.21511635,1.68576193,0.57203009,0.49239306,0.43610637,0.44007415
116,0.06600939,0.09520042,0.12256215,0.21243576,0.20911797,-0.01567732,1.66330766,0.27367881,0.40657670,0.34801100,0.26293995,0.39611193,0.06672674,0.40677853,-0.13547719,1.28978950,0.18941482,0.23214929,0.20884481,-0.05251704,-0.30001032,0.12420945,0.09762509,0.15798305,1.28978950,1.44888255,1.65992285,1.86360187,0.18941482,0.41933451,0.61748855,0.23214929,0.43541330,0.20884481,1.69552398,0.60222749,0.50342208,0.42441204,0.43725662
117,0.06785426,0.10650405,0.14095321,0.21783722,0.20833076,-0.02031203,1.65863628,0.26206327,0.43884692,0.33891220,0.27949475,0.38792794,0.07535098,0.39698368,-0.13753505,1.25209005,0.20200403,0.23877119,0.21840477,-0.04540324,-0.31717694,0.12530102,0.09973439,0.16014773,1.25209005,1.42781825,1.64736052,1.86071704,0.20200403,0.43885115,0.64621177,0.23877119,0.45102444,0.21840477,1.69186149,0.61578313,0.50343363,0.41669500,0.42849354
118,0.06723279,0.13171302,0.16362357,0.23729702,0.21687247,-0.02347013,1.66788356,0.25363810,0.43796889,0.33147720,0.27661011,0.37875196,0.07467038,0.39245074,-0.14607689,1.26076463,0.20315887,0.23527820,0.22519569,-0.05061685,-0.33179289,0.12565516,0.09977070,0.16044754,1.26076463,1.43858367,1.65532042,1.87674196,0.20315887,0.43639884,0.65001192,0.23527820,0.45380125,0.22519569,1.70069377,0.60892009,0.49530835,0.40788420,0.42817205
119,0.07073852,0.17902633,0.27001793,0.28256506,0.23956933,-0.02217152,1.64877846,0.23744880,0.44094793,0.30547887,0.26465730,0.35194807,0.05737922,0.36581954,-0.16510166,1.23541833,0.21205015,0.23555122,0.22507621,-0.05085857,-0.32242838,0.12681503,0.10040595,0.16175106,1.23541833,1.42569701,1.64686065,1.86914297,0.21205015,0.44659067,0.66051575,0.23555122,0.45387359,0.22507621,1.68015572,0.59505424,0.46265309,0.37732613,0.41180918
120,0.06863755,0.20675233,0.27743841,0.28516389,0.23771251,-0.02330160,1.67691251,0.21694675,0.45352717,0.30928819,0.26881709,0.35656993,0.06305390,0.36491287,-0.16693909,1.24675682,0.22998374,0.23348344,0.23245642,-0.06069367,-0.30496725,0.12483990,0.10069909,0.16039111,1.24675682,1.45014393,1.66968765,1.89828962,0.22998374,0.46080161,0.67930777,0.23348344,0.45881269,0.23245642,1.70882495,0.60208440,0.46994541,0.38485158,0.41299627
121,0.06473146,0.22152349,0.29848535,0.28001369,0.23913216,-0.03687575,1.69065626,0.21014962,0.46743900,0.30531271,0.27540572,0.35601208,0.06568883,0.36008336,-0.18880591,1.24795816,0.23110753,0.23684819,0.25635774,-0.05642830,-0.31153954,0.12409088,0.10015357,0.15946562,1.24795816,1.45927988,1.68312573,1.93412753,0.23110753,0.46540279,0.70658159,0.23684819,0.48471462,0.25635774,1.72119587,0.59888420,0.46792703,0.38321128,0.41755062
122,0.06298291,0.21371380,0.29178053,0.28506448,0.24560563,-0.04721166,1.68396131,0.21317217,0.46055928,0.30751576,0.28489389,0.35276011,0.07373047,0.35979572,-0.18378324,1.25083150,0.21898044,0.23569007,0.25876753,-0.06438225,-0.30149364,0.12396018,0.10037687,0.15950437,1.25083150,1.44670847,1.67036410,1.92391833,0.21898044,0.45090854,0.69319099,0.23569007,0.48633183,0.25876753,1.71441402,0.59470105,0.47319306,0.38147683,0.41636344
123,0.06678360,0.23220036,0.33036438,0.29345695,0.24890945,-0.06610131,1.68016326,0.19939640,0.48015245,0.29109450,0.29865554,0.34392606,0.08488047,0.35434426,-0.19208213,1.22905032,0.22162323,0.24036578,0.27779086,-0.06623086,-0.31013998,0.12499684,0.10187727,0.16125504,1.22905032,1.43010918,1.65823324,1.93036072,0.22162323,0.45952690,0.71917144,0.24036578,0.50800581,0.27779086,1.71073388,0.60432062,0.47148445,0.37517790,0.41646767
124,0.06321890,0.19900775,0.26640821,0.26795399,0.23416274,-0.08340859,1.69692808,0.20751140,0.48764912,0.30218836,0.31502335,0.35409368,0.10359205,0.35824100,-0.17652650,1.24380642,0.21504614,0.23580734,0.28088631,-0.07585378,-0.29449966,0.12467579,0.10086932,0.16037042,1.24380642,1.43683804,1.66093713,1.93410450,0.21504614,0.44760226,0.70910236,0.23580734,0.50701973,0.28088631,1.72462121,0.61112860,0.48786119,0.39025970,0.41343198
125,0.06312153,0.19655601,0.27852557,0.28287020,0.24339608,-0.09314867,1.69532260,0.20347026,0.49213725,0.29463236,0.31954250,0.34755595,0.10373946,0.35619115,-0.18569895,1.23930946,0.21463134,0.23981765,0.29013100,-0.08288689,-0.29141576,0.12452155,0.10091568,0.16027972,1.23930946,1.43127172,1.65956155,1.94246751,0.21463134,0.45147332,0.72236883,0.23981765,0.52037314,0.29013100,1.72278768,0.61504878,0.48645328,0.38470634,0.41651976
126,0.06143396,0.16539727,0.23362991,0.27312481,0.22400947,-0.13434903,1.70011444,0.21476302,0.50746788,0.29640985,0.32992886,0.35064355,0.11384347,0.37183341,-0.17146183,1.24311915,0.22288602,0.24589626,0.28695506,-0.09254226,-0.29585183,0.12301592,0.10173934,0.15963649,1.24311915,1.43823948,1.66835574,1.94920594,0.22288602,0.46694668,0.73494832,0.24589626,0.52253083,0.28695506,1.73453678,0.65230176,0.50518662,0.39357352,0.42545383
127,0.05958929,0.11831927,0.13192684,0.18969379,0.19095997,-0.17464658,1.72508677,0.23844159,0.54073368,0.32310234,0.36647361,0.37201442,0.14450833,0.37763906,-0.16230665,1.25511881,0.22191856,0.25170442,0.30913116,-0.10007497,-0.25230801,0.12097608,0.10105392,0.15762965,1.25511881,1.44832060,1.68124104,1.97762597,0.22191856,0.47079949,0.76027316,0.25170442,0.55113511,0.30913116,1.76243101,0.69220228,0.54981222,0.42429408,0.42466214
128,0.05756538,0.11084705,0.09919862,0.16191033,0.17728565,-0.19795091,1.74868215,0.24172812,0.55860499,0.33022988,0.39251145,0.38369268,0.17353243,0.38399031,-0.14100705,1.26961608,0.21612172,0.25030073,0.31746664,-0.10313633,-0.23643816,0.11955646,0.10071541,0.15632447,1.26961608,1.45655180,1.68737894,1.98837265,0.21612172,0.46334321,0.75914258,0.25030073,0.55729944,0.31746664,1.78756269,0.70804679,0.57305678,0.44592452,0.42199406
129,0.06007944,0.11609370,0.09428393,0.15498740,0.16308993,-0.20871752,1.75929208,0.23333356,0.57269577,0.33365857,0.41261641,0.39119802,0.19946840,0.40380820,-0.09559397,1.26719730,0.21695666,0.24453838,0.29812747,-0.10421616,-0.22804838,0.11847495,0.10179873,0.15620273,1.26719730,1.45295268,1.67915658,1.96401595,0.21695666,0.45726273,0.73447784,0.24453838,0.53336674,0.29812747,1.79807828,0.71352590,0.58627105,0.46216163,0.42765364
130,0.06011254,0.11837065,0.09575065,0.15356572,0.16086128,-0.23872760,1.75691741,0.21886866,0.58309740,0.31912523,0.43294391,0.38699960,0.22156229,0.40193795,-0.08836168,1.26152126,0.21056323,0.24567265,0.31181899,-0.11127827,-0.22606203,0.11773420,0.10292921,0.15638339,1.26152126,1.43736196,1.66463194,1.96158372,0.21056323,0.45230125,0.73764910,0.24567265,0.54510581,0.31181899,1.79752817,0.71951887,0.59392804,0.46945718,0.42752659
131,0.06126053,0.09839359,0.07846155,0.12931255,0.14261892,-0.26102071,1.77884108,0.22860211,0.59251630,0.33377142,0.44485692,0.40214085,0.23301615,0.41029368,-0.08059965,1.28519827,0.21332522,0.24734372,0.31634012,-0.11271678,-0.18661026,0.11586342,0.10432827,0.15591254,1.28519827,1.46125215,1.68893933,1.98629117,0.21332522,0.45593682,0.74442123,0.24734372,0.55135989,0.31634012,1.82267727,0.73383872,0.61191792,0.48758554,0.43155440
132,0.05714405,0.09022329,0.07494177,0.11734340,0.12969758,-0.25623580,1.78181916,0.24498689,0.60150258,0.34783296,0.44831340,0.41580347,0.23728818,0.42005146,-0.07417300,1.28406805,0.21712758,0.24618504,0.31447716,-0.11373624,-0.18445120,0.11551920,0.10388277,0.15535867,1.28406805,1.46472176,1.69149260,1.98525944,0.21712758,0.45922376,0.74650209,0.24618504,0.54844225,0.31447716,1.82554039,0.74757462,0.62239446,0.50131068,0.43939536
133,0.05971873,0.09858468,0.08600241,0.11999569,0.12653466,-0.23726955,1.75346948,0.24463790,0.59090741,0.34861402,0.42513597,0.41613575,0.21494518,0.42209793,-0.07735767,1.26011790,0.22584615,0.24376073,0.29589459,-0.10855618,-0.17923455,0.11679633,0.10439582,0.15665207,1.26011790,1.45261668,1.67842017,1.95594547,0.22584615,0.46632697,0.73928835,0.24376073,0.52922266,0.29589459,1.79361498,0.73271091,0.60182739,0.48926315,0.43970763
134,0.06119459,0.08743329,0.07100543,0.11268424,0.11919064,-0.19551831,1.74372160,0.24811477,0.56587732,0.35488763,0.40507802,0.42151744,0.19787603,0.42338460,-0.06195152,1.25958564,0.21760170,0.23913018,0.26381316,-0.09709645,-0.20185067,0.11836874,0.10356558,0.15727997,1.25958564,1.44828638,1.67121005,1.91881907,0.21760170,0.45310132,0.69641495,0.23913018,0.49370590,0.26381316,1.77815097,0.70401337,0.58837340,0.48564464,0.43772706
135,0.05817451,0.07523904,0.06104956,0.10901922,0.12103481,-0.12961206,1.72761334,0.25329985,0.53613898,0.35735197,0.37164344,0.42254203,0.17306181,0.42272102,-0.08209290,1.25223915,0.21614950,0.23136770,0.25952281,-0.08894716,-0.22512657,0.11988395,0.09971138,0.15593114,1.25223915,1.44165315,1.65650182,1.90238604,0.21614950,0.44475128,0.68470531,0.23136770,0.48130489,0.25952281,1.75628011,0.67932136,0.56763842,0.47707825,0.44009359
136,0.05649693,0.05314079,0.04295962,0.11062258,0.12328435,-0.06566657,1.71242404,0.27961572,0.49641120,0.38333713,0.33096656,0.44366960,0.13730083,0.43116509,-0.11580438,1.26454218,0.21320285,0.22418679,0.25795476,-0.07547120,-0.24317073,0.12154482,0.09595055,0.15485364,1.26454218,1.45350770,1.66193989,1.90456225,0.21320285,0.43434295,0.67106333,0.22418679,0.47172816,0.25795476,1.73689926,0.65204163,0.55684959,0.48394412,0.45500828
137,0.05645262,0.05949762,0.04482029,0.11459773,0.12009433,-0.01888593,1.72749976,0.28139606,0.46389968,0.38190826,0.30501765,0.44899626,0.11611996,0.44668978,-0.12485421,1.29940082,0.20810839,0.22355464,0.24667858,-0.07411055,-0.24053571,0.12114879,0.09371692,0.15316622,1.29940082,1.47869205,1.68447779,1.92051885,0.20810839,0.42948669,0.65725253,0.22355464,0.46041884,0.24667858,1.75143139,0.63389452,0.54386613,0.48431708,0.47187838
138,0.05895581,0.05746062,0.04987814,0.11245359,0.12217925,0.02678583,1.70787903,0.29124835,0.45550772,0.38325829,0.27186897,0.43915530,0.08508865,0.43802726,-0.12424593,1.28018303,0.22223839,0.21904504,0.21613895,-0.06460116,-0.24096042,0.12237520,0.09387101,0.15423183,1.28018303,1.48091845,1.68222900,1.89012500,0.22223839,0.43954816,0.64384784,0.21904504,0.42838319,0.21613895,1.73451741,0.63023934,0.52718511,0.46846892,0.46324115
139,0.05819885,0.05219729,0.06649588,0.11396750,0.12134375,0.08432495,1.68661725,0.29611317,0.42740398,0.40776504,0.20638143,0.45984748,0.03389265,0.43547536,-0.17671121,1.27695483,0.26330328,0.20602876,0.21898475,-0.05072354,-0.22419286,0.12191601,0.09272121,0.15316898,1.27695483,1.51714747,1.70412272,1.91031223,0.26330328,0.46641245,0.66636010,0.20602876,0.41409382,0.21898475,1.71610383,0.60908228,0.51060318,0.47847579,0.47559333
140,0.05069856,0.06480619,0.06062895,0.11474216,0.14031774,0.14007222,1.65514235,0.32015338,0.39060263,0.42813641,0.16072150,0.46160134,-0.02263196,0.39876991,-0.25072018,1.27737599,0.26604274,0.21709978,0.24438693,-0.04966299,-0.23671768,0.12290532,0.09066236,0.15272649,1.27737599,1.52332201,1.71738960,1.93796870,0.26604274,0.47652104,0.69345130,0.21709978,0.44713947,0.24438693,1.68870081,0.59704063,0.51609623,0.47952343,0.47572770
141,0.05126695,0.05593626,0.05000926,0.12659609,0.16532270,0.17507526,1.62277930,0.34486180,0.37100640,0.43027703,0.15066105,0.45633684,-0.02617813,0.37910988,-0.28620556,1.26331417,0.24938649,0.21138977,0.27848868,-0.03628386,-0.23197317,0.12315794,0.08974452,0.15238752,1.26331417,1.49551115,1.68225598,1.93497982,0.24938649,0.45523765,0.70598843,0.21138977,0.47372656,0.27848868,1.65953374,0.59602371,0.51264654,0.47298759,0.47860718
142,0.04995493,0.07060020,0.05931549,0.12902829,0.18013018,0.20713579,1.61963028,0.35242914,0.35170245,0.44567449,0.11928668,0.46500224,-0.06307069,0.36228485,-0.32894103,1.27626248,0.26053249,0.21530711,0.29283786,-0.02076028,-0.25367764,0.12179513,0.08782704,0.15015873,1.27626248,1.52137808,1.71341212,1.97216968,0.26053249,0.46778390,0.72582705,0.21530711,0.49017496,0.29283786,1.66159053,0.58032476,0.51385225,0.48277358,0.49151716
143,0.05446130,0.05838006,0.06636240,0.14434551,0.19474656,0.25721917,1.61127211,0.36546509,0.30442435,0.45041362,0.08977740,0.45982950,-0.09871035,0.35568565,-0.33832888,1.31132424,0.24799002,0.22145537,0.27032800,-0.01970033,-0.25543203,0.12115424,0.08593046,0.14853415,1.31132424,1.53628399,1.73407348,1.97123970,0.24799002,0.46266104,0.69951941,0.22145537,0.47599184,0.27032800,1.66270506,0.57409014,0.51403190,0.48415833,0.49300956
144,0.05095774,0.05965633,0.06981519,0.14763615,0.19545734,0.29092636,1.58127327,0.37685934,0.27903022,0.47718497,0.07642299,0.47753758,-0.11533360,0.37378399,-0.34119203,1.30517557,0.24471498,0.22675599,0.25817662,-0.01801707,-0.27441421,0.12204483,0.08500503,0.14873061,1.30517557,1.51831096,1.71834208,1.94287041,0.24471498,0.46015823,0.68237709,0.22675599,0.47066575,0.25817662,1.63887912,0.57557118,0.53963171,0.50549629,0.50847967
145,0.05210237,0.05782418,0.06810226,0.14748460,0.19115135,0.31347554,1.53464570,0.37184211,0.25773751,0.46232295,0.06035491,0.46088333,-0.13276986,0.37038646,-0.34077824,1.27876966,0.24113637,0.22660517,0.23643461,-0.02442390,-0.24726799,0.12263634,0.08580250,0.14967212,1.27876966,1.48335113,1.68429439,1.89331184,0.24113637,0.45862770,0.66510925,0.22660517,0.45128610,0.23643461,1.59558771,0.56647701,0.52257241,0.49380112,0.50586236
146,0.05487330,0.05581420,0.06218434,0.14696101,0.20603889,0.34179753,1.51137323,0.37494509,0.23144851,0.45426262,0.02141458,0.44359242,-0.16837392,0.32470628,-0.38506215,1.28085029,0.24844883,0.22180144,0.25742314,-0.01861899,-0.22267802,0.12267052,0.08876299,0.15141640,1.28085029,1.49587099,1.69297101,1.91384653,0.24844883,0.46181761,0.68429352,0.22180144,0.46550979,0.25742314,1.57841414,0.55423093,0.50952238,0.48832608,0.50557056
147,0.06282972,0.05324450,0.05967899,0.14841132,0.20007602,0.36678504,1.49126949,0.36275493,0.22862245,0.43426401,0.00928706,0.41445373,-0.17959623,0.31076898,-0.39597973,1.26339848,0.26185159,0.21972573,0.25038921,-0.03053071,-0.20749470,0.12330260,0.08943650,0.15232340,1.26339848,1.48569995,1.68242155,1.90624931,0.26185159,0.47354606,0.69744679,0.21972573,0.46113091,0.25038921,1.56600101,0.55342339,0.48964443,0.46622880,0.50528007
148,0.05952478,0.05959792,0.06047723,0.13892777,0.18312334,0.37341122,1.50186090,0.36124778,0.22142246,0.44351364,0.01030243,0.43193530,-0.17830581,0.32411837,-0.40354303,1.28112929,0.25427581,0.21909870,0.25875532,-0.02478388,-0.20725591,0.12357121,0.09184042,0.15396268,1.28112929,1.49509373,1.69144580,1.92286849,0.25427581,0.46474406,0.69170449,0.21909870,0.46632324,0.25875532,1.57671885,0.54448935,0.49813981,0.48139566,0.51979889
149,0.05737806,0.05521730,0.06593361,0.14951018,0.19608184,0.38170410,1.46815190,0.36177349,0.20297717,0.43984817,-0.01099021,0.41858504,-0.19965404,0.30128831,-0.42125519,1.26629264,0.25743963,0.22058262,0.25961051,-0.03391560,-0.20588791,0.12439729,0.09131344,0.15431406,1.26629264,1.48197027,1.67821704,1.90760787,0.25743963,0.46829079,0.69504567,0.22058262,0.46880533,0.25961051,1.54551082,0.53955272,0.49419126,0.47726684,0.51989689
150,0.05895999,0.05249141,0.06885449,0.15204205,0.19893960,0.40851494,1.43422563,0.36871049,0.18764012,0.43693400,-0.01742798,0.41769121,-0.19761030,0.30091944,-0.41867942,1.24843021,0.24731348,0.21394363,0.25941680,-0.03359737,-0.20645167,0.12473347,0.09238503,0.15522059,1.24843021,1.45339934,1.64165339,1.87255398,0.24731348,0.45338700,0.68127639,0.21394363,0.46148845,0.25941680,1.51994704,0.54112235,0.49341055,0.47613013,0.51761524
151,0.05996802,0.05783257,0.06187386,0.13724286,0.16530032,0.42670640,1.43292473,0.37530291,0.17477952,0.44115207,-0.03731533,0.42575088,-0.19913583,0.33350695,-0.40282059,1.26127927,0.25585339,0.19934887,0.23271150,-0.04967224,-0.19017703,0.12307408,0.09438825,0.15510116,1.26127927,1.47132310,1.64088688,1.85300086,0.25585339,0.44848309,0.65541905,0.19934887,0.42135438,0.23271150,1.52349405,0.55205958,0.50271673,0.48578524,0.52620016
152,0.05816520,0.06200360,0.06306929,0.14063196,0.17966046,0.42128996,1.42181469,0.37175676,0.17558041,0.43210993,-0.04558291,0.41374960,-0.21756362,0.31985377,-0.41946536,1.24924716,0.26180265,0.20654577,0.23113411,-0.04637294,-0.18485670,0.12198610,0.09366939,0.15380040,1.24924716,1.46847768,1.64799790,1.85837838,0.26180265,0.46217502,0.66900388,0.20654577,0.42775576,0.23113411,1.51051897,0.54556074,0.49265216,0.48244276,0.53060396
153,0.05890186,0.06736323,0.06464122,0.14257484,0.18618663,0.42785239,1.42918798,0.37563626,0.17029204,0.42726820,-0.05023649,0.40641367,-0.23163922,0.31020109,-0.43388500,1.26196996,0.26130853,0.21285268,0.23235079,-0.04438462,-0.18094971,0.11947496,0.09256037,0.15113466,1.26196996,1.48061859,1.66952413,1.88098419,0.26130853,0.46899178,0.67841851,0.21285268,0.43613612,0.23235079,1.51892926,0.54507055,0.48598392,0.48212054,0.53617610
154,0.05760577,0.07320963,0.07491387,0.14732653,0.18386421,0.43344029,1.42314858,0.38368331,0.15583555,0.45317128,-0.08047868,0.43779314,-0.26740821,0.32303988,-0.47969250,1.27057980,0.27817230,0.21925483,0.24854629,-0.03396256,-0.18093209,0.11720044,0.09243295,0.14926417,1.27057980,1.50469039,1.69874652,1.91940053,0.27817230,0.49093508,0.70637963,0.21925483,0.45415648,0.24854629,1.51438697,0.54830111,0.51457497,0.52607426,0.58113036
155,0.05729756,0.07970505,0.08100376,0.14866644,0.18110076,0.42031525,1.41669295,0.35869531,0.16516171,0.43036934,-0.07219705,0.41288933,-0.24218324,0.30988472,-0.45176066,1.25478655,0.27769757,0.20207963,0.24050192,-0.04215683,-0.15872107,0.11632107,0.09670503,0.15126948,1.25478655,1.49009302,1.66726567,1.88511797,0.27769757,0.47235706,0.68361843,0.20207963,0.43120520,0.24050192,1.50455660,0.52694492,0.49044330,0.49252419,0.55093831
156,0.05649608,0.08876256,0.09909728,0.16086214,0.19176396,0.39991414,1.36009718,0.33410657,0.18623820,0.40813050,-0.06241278,0.39119539,-0.23133439,0.29797390,-0.42043891,1.17805947,0.28952306,0.20241852,0.21820913,-0.04282373,-0.16672705,0.11971185,0.09650061,0.15376376,1.17805947,1.42355935,1.59991042,1.79703335,0.28952306,0.48438536,0.67556772,0.20241852,0.40992182,0.21820913,1.44502436,0.52138962,0.47058253,0.46893781,0.51872356
157,0.06018504,0.08846739,0.09495702,0.16464988,0.20664428,0.40358535,1.36724284,0.34015638,0.16968460,0.39533133,-0.06343238,0.36909542,-0.23392159,0.28071356,-0.42395165,1.20160798,0.27151548,0.20488119,0.21860127,-0.03767044,-0.16723604,0.11869627,0.09609493,0.15271882,1.20160798,1.43165647,1.60979925,1.80945485,0.27151548,0.46962368,0.66801453,0.20488119,0.41586047,0.21860127,1.45330126,0.52219111,0.46186103,0.45307122,0.51170648
158,0.06146808,0.08827417,0.10630577,0.17145778,0.20312814,0.39186466,1.34646327,0.33638429,0.15770813,0.39203641,-0.07738925,0.36984911,-0.23872589,0.29154989,-0.41727479,1.19237429,0.27465079,0.19478800,0.20404060,-0.03255856,-0.16290406,0.12042465,0.09641603,0.15426648,1.19237429,1.42496142,1.59370696,1.78063984,0.27465079,0.46334262,0.64902349,0.19478800,0.39182358,0.20404060,1.43042964,0.51494979,0.45905557,0.45602363,0.51243332
159,0.06210337,0.08477766,0.10853297,0.18254740,0.22806170,0.38995193,1.35232654,0.33994504,0.14654873,0.39004240,-0.07985295,0.36752850,-0.23702630,0.27492577,-0.42472255,1.20895270,0.26478831,0.19191137,0.21854059,-0.03107243,-0.17461767,0.12056003,0.09493253,0.15345001,1.20895270,1.43327294,1.59792546,1.79513454,0.26478831,0.45101940,0.64784192,0.19191137,0.40164563,0.21854059,1.43629884,0.51526602,0.46007534,0.45423676,0.50946960
160,0.06286018,0.09231425,0.12289377,0.19327502,0.24758349,0.37941622,1.34507372,0.34211173,0.13968633,0.38610794,-0.08636647,0.36822428,-0.24844683,0.24709918,-0.45457779,1.20738568,0.26211209,0.19395489,0.24980018,-0.02320520,-0.16680770,0.12051472,0.09616051,0.15417731,1.20738568,1.43300451,1.60277475,1.82093110,0.26211209,0.45201197,0.67358997,0.19395489,0.43170918,0.24980018,1.42626318,0.50435535,0.45177275,0.45836531,0.51899353
161,0.06288045,0.10055846,0.12973345,0.19151330,0.22916377,0.37306938,1.33864631,0.33502640,0.13948519,0.39189158,-0.09044698,0.38332155,-0.25244821,0.28119604,-0.44387826,1.20129840,0.26782888,0.19736916,0.22874034,-0.01835782,-0.16642096,0.12157361,0.09651886,0.15522897,1.20129840,1.43066427,1.60091382,1.80220009,0.26782888,0.46078031,0.66274398,0.19736916,0.41392830,0.22874034,1.41999094,0.50599895,0.46212404,0.47321462,0.52718704
162,0.06108188,0.09464090,0.13885544,0.20938909,0.26192467,0.37392099,1.32640408,0.31662084,0.10277163,0.39099745,-0.07968585,0.37397678,-0.24578099,0.26393099,-0.43611836,1.22587270,0.22937501,0.20169156,0.23077437,-0.00270264,-0.19466017,0.12394612,0.09761093,0.15776734,1.22587270,1.40795895,1.58287268,1.78409027,0.22937501,0.42183552,0.61935877,0.20169156,0.42045323,0.23077437,1.40948923,0.47779136,0.45825164,0.46135462,0.51149357
163,0.06526685,0.10128297,0.15999754,0.22456089,0.26872863,0.35908656,1.28995433,0.28484098,0.06953081,0.37471884,-0.09905344,0.35918642,-0.27180270,0.26314166,-0.46127467,1.22380336,0.22059982,0.20799617,0.22377810,-0.01972066,-0.18796965,0.12473968,0.09904438,0.15927893,1.22380336,1.39030065,1.57127327,1.77061517,0.22059982,0.41557723,0.60788816,0.20799617,0.42183237,0.22377810,1.36737418,0.44108997,0.44529710,0.46238330,0.53214478
164,0.06544635,0.09806315,0.15484920,0.22882001,0.27474983,0.37746509,1.29301913,0.30922846,0.07226852,0.37960984,-0.11968816,0.35716286,-0.29722373,0.26735743,-0.48403833,1.22421854,0.23457517,0.21743097,0.22101172,-0.02288819,-0.19260743,0.12230823,0.09682824,0.15599683,1.22421854,1.41370913,1.60015578,1.79840235,0.23457517,0.44238675,0.64076342,0.21743097,0.43061581,0.22101172,1.37760465,0.47307331,0.46255729,0.47799947,0.55410290
165,0.06856941,0.09793489,0.15667790,0.24251960,0.30377642,0.37052170,1.30263666,0.31184376,0.06516433,0.36672654,-0.11958895,0.34551153,-0.29220472,0.24900040,-0.48113541,1.23994238,0.22166376,0.21357140,0.22577421,-0.01840086,-0.18210334,0.12185861,0.09733902,0.15596283,1.23994238,1.42340313,1.60535598,1.80656248,0.22166376,0.42819111,0.63160071,0.21357140,0.43017921,0.22577421,1.38584837,0.47012060,0.45231774,0.46622369,0.54288080
166,0.06309740,0.11403677,0.17690475,0.25275849,0.30065146,0.37775204,1.28452969,0.33407181,0.03935844,0.39875847,-0.13428189,0.37216483,-0.30623326,0.27816136,-0.49539735,1.24727462,0.21586795,0.21819141,0.22887963,-0.01662483,-0.20453826,0.12143427,0.09599401,0.15479384,1.24727462,1.41995636,1.60145361,1.80345928,0.21586795,0.42384031,0.63113754,0.21819141,0.43960394,0.22887963,1.37284236,0.49345506,0.48957724,0.49634682,0.56896678
167,0.07082634,0.12093005,0.19615233,0.27193395,0.31705604,0.38315268,1.31448150,0.33874306,0.04645607,0.38499346,-0.11031851,0.35737981,-0.28886863,0.26135361,-0.49885938,1.26948678,0.19767153,0.22574207,0.25114248,-0.00052216,-0.19333448,0.11948278,0.09701820,0.15391123,1.26948678,1.42649503,1.61658692,1.84261114,0.19767153,0.41659612,0.65005322,0.22574207,0.47016793,0.25114248,1.40701279,0.50066234,0.47454744,0.47474303,0.56354678
168,0.06870857,0.11366086,0.18551508,0.26937058,0.32248266,0.37125198,1.29531309,0.33055120,0.03671298,0.38483553,-0.11032958,0.36054278,-0.27398981,0.26957041,-0.47057796,1.25973840,0.18914441,0.21257902,0.23288206,-0.00765282,-0.20957347,0.12068758,0.09319302,0.15248092,1.25973840,1.40750419,1.58261421,1.79244068,0.18914441,0.39334231,0.60546321,0.21257902,0.43705432,0.23288206,1.38588397,0.48926182,0.47356826,0.46833966,0.54338525
169,0.07315822,0.11666349,0.20406548,0.28023645,0.32302483,0.39100228,1.31813311,0.35534001,-0.02214970,0.41022130,-0.14391052,0.38174087,-0.31409383,0.28621091,-0.50862855,1.34160358,0.17185736,0.22540774,0.23930819,-0.00535404,-0.22026817,0.11780111,0.09134461,0.14906690,1.34160358,1.46342128,1.64514361,1.85534432,0.17185736,0.38734104,0.60599699,0.22540774,0.45734960,0.23930819,1.41376856,0.51844454,0.51107494,0.50958502,0.58404817
170,0.07354512,0.14094318,0.22080497,0.28578454,0.32706741,0.39411675,1.33548231,0.37757562,0.00866645,0.42549850,-0.13266398,0.39433002,-0.31163143,0.29989510,-0.50922580,1.32779057,0.18568084,0.22889884,0.24075900,-0.00643148,-0.23588040,0.11626435,0.08923523,0.14656168,1.32779057,1.46980599,1.65941054,1.87158330,0.18568084,0.40650202,0.62974595,0.22889884,0.46349691,0.24075900,1.42992209,0.53111801,0.51748274,0.51759797,0.59144571
171,0.07846542,0.15572921,0.23606012,0.29051074,0.33306721,0.37569246,1.32217109,0.37754538,0.01936698,0.42837099,-0.12383732,0.39529879,-0.31088645,0.30554289,-0.49892518,1.30314230,0.18715408,0.23523691,0.22996712,0.01202465,-0.24499051,0.11609425,0.09050210,0.14720226,1.30314230,1.44915671,1.64771171,1.84958909,0.18715408,0.41339323,0.62694807,0.23523691,0.45990278,0.22996712,1.41460151,0.52480927,0.51355944,0.51610874,0.58534780
172,0.08711360,0.16715066,0.23999687,0.29670381,0.33399859,0.37228973,1.30934833,0.36403129,-0.01603301,0.41584773,-0.14663754,0.39495230,-0.31729738,0.30479043,-0.51223158,1.32601966,0.17837726,0.22242239,0.23676385,0.00901230,-0.23778014,0.11606335,0.09055473,0.14721026,1.32601966,1.45829859,1.64039060,1.84905854,0.17837726,0.39333779,0.61046608,0.22242239,0.45160994,0.23676385,1.40104827,0.52064380,0.51290339,0.52084358,0.59643073
173,0.09671220,0.16259018,0.23597942,0.29743553,0.33498361,0.36488161,1.30640890,0.37173132,-0.02743843,0.44347804,-0.15840525,0.42335509,-0.32211110,0.33195927,-0.50569248,1.33446256,0.18470188,0.22548520,0.23030710,0.01702439,-0.23807130,0.11509830,0.09042094,0.14636791,1.33446256,1.46853198,1.64469092,1.84172147,0.18470188,0.39796357,0.60430873,0.22548520,0.44710213,0.23030710,1.40188935,0.54246765,0.55066710,0.54801849,0.60551095
174,0.08597663,0.15117498,0.23812331,0.30158520,0.33920763,0.34264409,1.26637338,0.36656440,-0.03588500,0.42623253,-0.13535692,0.40587245,-0.29309619,0.31998587,-0.47743249,1.30279726,0.16074018,0.21793984,0.22616589,0.02604381,-0.26815847,0.11839790,0.08922840,0.14825575,1.30279726,1.40663817,1.57781739,1.77497656,0.16074018,0.36803201,0.57113186,0.21793984,0.43565242,0.22616589,1.36147948,0.53852095,0.52848002,0.51789828,0.57572855
175,0.09740658,0.16990603,0.24732035,0.30127214,0.34705180,0.34040159,1.28937156,0.37904630,0.00016864,0.44278763,-0.11050376,0.42167218,-0.28332253,0.31873049,-0.49565813,1.28984081,0.16518297,0.23174094,0.25794662,0.03499165,-0.25187155,0.11649407,0.09143842,0.14809407,1.28984081,1.40665516,1.59379547,1.81906375,0.16518297,0.38547867,0.61679682,0.23174094,0.47942201,0.25794662,1.38744782,0.54765140,0.54099463,0.52631460,0.59023871
176,0.09927331,0.16319691,0.24751890,0.30745611,0.34817823,0.33297784,1.27040010,0.37469971,-0.00178159,0.42495765,-0.11346827,0.40491160,-0.27686477,0.32010309,-0.46641431,1.27294113,0.16024870,0.21947818,0.22980123,0.03335023,-0.25567120,0.11853106,0.09315531,0.15075650,1.27294113,1.38980537,1.56660724,1.76850784,0.16024870,0.37193514,0.58242589,0.21947818,0.44147070,0.22980123,1.36484291,0.53749379,0.52248745,0.50925054,0.56699658
177,0.09763326,0.16427691,0.23258086,0.29355269,0.33400455,0.33686203,1.35372984,0.39701135,0.01514420,0.45927577,-0.10165921,0.45251111,-0.26544164,0.36135810,-0.46377296,1.34006333,0.16887849,0.21497789,0.23713692,0.01921038,-0.24639539,0.11455418,0.09013098,0.14576095,1.34006333,1.46308346,1.63888696,1.84530987,0.16887849,0.37593727,0.58648527,0.21497789,0.44094254,0.23713692,1.44061616,0.54842446,0.54395793,0.54148291,0.58938879
178,0.09119670,0.15603796,0.21532575,0.29153505,0.33025910,0.25563068,1.44510224,0.39691269,0.12409513,0.43261831,-0.02769062,0.42682922,-0.19873452,0.35198304,-0.40792139,1.32972442,0.19764191,0.21988653,0.23875419,-0.00017414,-0.23110882,0.11515075,0.09154080,0.14710341,1.32972442,1.48482788,1.66519765,1.87818056,0.19764191,0.41527825,0.63672362,0.21988653,0.44935425,0.23875419,1.50869166,0.58123380,0.51859237,0.49311313,0.54202415
179,0.08371156,0.14311836,0.20099383,0.27848124,0.31360968,0.22456007,1.49075962,0.38300881,0.14938153,0.43053898,-0.00210415,0.43328872,-0.16499348,0.36457410,-0.37439818,1.35287983,0.20488667,0.21277931,0.23251244,-0.02153847,-0.21839686,0.11525362,0.09143316,0.14711703,1.35287983,1.50793172,1.67960255,1.88891369,0.20488667,0.41511147,0.62498587,0.21277931,0.43296885,0.23251244,1.54436176,0.58185171,0.51481300,0.48589674,0.52741736
180,0.07308617,0.14507474,0.17627381,0.24479416,0.28410568,0.16806468,1.53517437,0.33301175,0.22283141,0.41392551,0.05169155,0.42397158,-0.12157411,0.36357564,-0.32271221,1.32407791,0.23596949,0.22243278,0.22057851,-0.03162799,-0.21166855,0.11817613,0.08955686,0.14827686,1.32407791,1.50583400,1.69062937,1.88996746,0.23596949,0.45308505,0.64751530,0.22243278,0.43056721,0.22057851,1.58116418,0.56638790,0.49123385,0.45717263,0.48900281
181,0.06540030,0.12452758,0.13698891,0.21249883,0.24538406,0.14812789,1.56866565,0.31992586,0.25291717,0.41170072,0.08413250,0.43131884,-0.08599393,0.38150855,-0.27387091,1.32825221,0.22920047,0.21903900,0.20323445,-0.03490815,-0.21161103,0.11843076,0.08884039,0.14804885,1.32825221,1.50916944,1.69082935,1.87556132,0.22920047,0.44235668,0.61991405,0.21903900,0.40923206,0.20323445,1.60679872,0.55363405,0.48866410,0.45405938,0.47266843
182,0.06583014,0.11701303,0.11728870,0.19236180,0.21220652,0.13198526,1.60033033,0.29958432,0.28859097,0.38480276,0.10474965,0.42222270,-0.06167205,0.39317259,-0.24896146,1.32345668,0.24605215,0.21438178,0.19982304,-0.03109053,-0.19317595,0.11869179,0.08970528,0.14877762,1.32345668,1.51927890,1.70100560,1.88850922,0.24605215,0.45860638,0.63909323,0.21438178,0.40310677,0.19982304,1.63808121,0.56111330,0.46391376,0.43994937,0.46742708
183,0.06064471,0.09624518,0.09683779,0.16225223,0.17371621,0.11519751,1.63887081,0.29287387,0.32775935,0.39932954,0.12767061,0.44148053,-0.02465080,0.40596204,-0.21607395,1.32403249,0.26535839,0.20229250,0.20257494,-0.04338644,-0.15786493,0.11647734,0.08965908,0.14698885,1.32403249,1.54020725,1.70873244,1.89697269,0.26535839,0.46488707,0.64117105,0.20229250,0.38911930,0.20257494,1.67478217,0.57774824,0.48156734,0.45580933,0.46312677
184,0.06060177,0.10231147,0.08858700,0.15185841,0.17003091,0.11347103,1.64712746,0.30111415,0.34317601,0.40854347,0.13503340,0.44659243,-0.02180043,0.41032147,-0.23037525,1.31801907,0.26615713,0.20405246,0.21913524,-0.02896812,-0.17243617,0.11635990,0.09120502,0.14784445,1.31801907,1.54298439,1.71479808,1.91947433,0.26615713,0.46637487,0.66004168,0.20405246,0.40798401,0.21913524,1.68283752,0.58549615,0.49276965,0.46175009,0.47421943
185,0.06137370,0.10251786,0.08382063,0.14597904,0.16299975,0.11791711,1.65827141,0.30566866,0.35435874,0.41194575,0.14835505,0.44918905,-0.01099430,0.41718314,-0.22562209,1.31758036,0.25712360,0.20752192,0.22515417,-0.02773363,-0.17701547,0.11509205,0.09177330,0.14720231,1.31758036,1.54074801,1.71532393,1.92721633,0.25712360,0.45950643,0.66194336,0.20752192,0.41845172,0.22515417,1.69516819,0.58767274,0.50133999,0.46420160,0.47764423
186,0.06165644,0.12227118,0.08933061,0.15130201,0.17021186,0.13243368,1.64195980,0.30350500,0.35562735,0.40687213,0.14726751,0.44787131,-0.01585761,0.41677790,-0.22045971,1.29816348,0.25500505,0.21007269,0.21377662,-0.02163431,-0.21162385,0.11551755,0.08975506,0.14628833,1.29816348,1.52121314,1.69869501,1.90022262,0.25500505,0.46035418,0.65219234,0.21007269,0.40929390,0.21377662,1.67715708,0.58481491,0.49812626,0.46417792,0.47627679
187,0.06684565,0.12065592,0.07795943,0.14513050,0.16014078,0.15294014,1.63838523,0.29853176,0.34276839,0.38992690,0.13727144,0.43371254,-0.01813624,0.41930578,-0.24360319,1.30447455,0.25319047,0.20536977,0.23329168,-0.01108602,-0.20512212,0.11502025,0.09104942,0.14669579,1.30447455,1.52148036,1.69205490,1.91824746,0.25319047,0.45571457,0.67025201,0.20536977,0.42447699,0.23329168,1.67523535,0.57798976,0.47836777,0.44876278,0.48811591
188,0.05720529,0.09604122,0.08591881,0.15453489,0.17093597,0.17608761,1.61067842,0.31807509,0.32415003,0.42638361,0.13602420,0.45996013,-0.02164985,0.42504922,-0.23365758,1.29496004,0.24101210,0.21000113,0.22330765,-0.02383332,-0.20251959,0.11519907,0.08749169,0.14465691,1.29496004,1.49714113,1.66876253,1.87914443,0.24101210,0.44381341,0.64239148,0.21000113,0.41815270,0.22330765,1.65211846,0.58131353,0.51667670,0.47676528,0.48908163
189,0.05731895,0.12982162,0.11424115,0.17340629,0.19586897,0.18595436,1.59652176,0.29250901,0.33964659,0.42414118,0.15998632,0.46868274,-0.01469676,0.44300819,-0.22574795,1.26242481,0.24715780,0.22853101,0.21995570,-0.02994678,-0.24580032,0.11540868,0.08584539,0.14383531,1.26242481,1.45722049,1.64757875,1.85758408,0.24715780,0.46680637,0.65934235,0.22853101,0.43346503,0.21995570,1.63849360,0.58082791,0.52369087,0.48446496,0.50149139
190,0.05712555,0.11892106,0.12299974,0.18042417,0.20497373,0.18947660,1.57520619,0.32999826,0.31552597,0.44177597,0.14248161,0.46348298,-0.03508284,0.42939906,-0.23059450,1.26869022,0.23346769,0.22639578,0.20773926,-0.03462061,-0.25181225,0.11657592,0.08552267,0.14458240,1.26869022,1.45580037,1.64486039,1.83942019,0.23346769,0.45006199,0.63579479,0.22639578,0.42355717,0.20773926,1.61878956,0.59177924,0.53531479,0.48207808,0.49191183
191,0.05414479,0.10251630,0.12172464,0.18664168,0.20403142,0.19925917,1.57585909,0.34050697,0.29711092,0.42820316,0.14709332,0.45444163,-0.02976653,0.42954674,-0.22605873,1.28714727,0.20434655,0.22575911,0.20919927,-0.03418352,-0.25047321,0.11702864,0.08492204,0.14459410,1.28714727,1.44856691,1.63869588,1.83701528,0.20434655,0.42430289,0.61626663,0.22575911,0.42612570,0.20919927,1.62230348,0.58399216,0.52329316,0.47213668,0.48868999
192,0.05707280,0.08921593,0.11380013,0.18667256,0.22041290,0.18734160,1.56730245,0.34411872,0.26350971,0.42442287,0.14488826,0.42949725,-0.04191174,0.38868724,-0.24047763,1.31425929,0.18096644,0.23032338,0.21336988,-0.04334991,-0.24154999,0.11727405,0.08608687,0.14547904,1.31425929,1.44318074,1.63863089,1.83725959,0.18096644,0.40088499,0.59431797,0.23032338,0.43620479,0.21336988,1.61049074,0.57165212,0.51947069,0.44998032,0.46110662
193,0.06022552,0.07613263,0.11775729,0.19861554,0.26576278,0.21695858,1.59604997,0.38672875,0.27977513,0.44701849,0.11687925,0.44553248,-0.07668762,0.35242415,-0.31015762,1.32729362,0.20331571,0.22887587,0.26196688,-0.02606578,-0.24096342,0.11459584,0.08896862,0.14507799,1.32729362,1.49954823,1.70132699,1.93201679,0.20331571,0.42710122,0.66345324,0.22887587,0.47927186,0.26196688,1.64488289,0.59246795,0.52312438,0.46856518,0.47205611
194,0.05952503,0.05777173,0.08758883,0.18513117,0.25244409,0.23412549,1.58406960,0.36423845,0.28532593,0.43703488,0.08311315,0.43979750,-0.09760574,0.34644361,-0.32388825,1.30538037,0.24620471,0.21475301,0.25400251,-0.01497042,-0.27706012,0.11743510,0.08764126,0.14653325,1.30538037,1.51799451,1.70808410,1.93240951,0.24620471,0.45616602,0.68104287,0.21475301,0.45567259,0.25400251,1.63599125,0.58259222,0.50261433,0.46567762,0.47690490
195,0.06809977,0.06703432,0.10368555,0.22700775,0.26164015,0.26011241,1.55251783,0.37746312,0.28658912,0.42057764,0.08724524,0.40644207,-0.10297938,0.35545450,-0.32091939,1.27176581,0.24336009,0.23786682,0.22996479,0.00038432,-0.33781128,0.12017006,0.09145332,0.15101177,1.27176581,1.47745451,1.67956549,1.89897651,0.24336009,0.47766253,0.69058963,0.23786682,0.45697215,0.22996479,1.61736817,0.62252209,0.50780593,0.43860967,0.48488045
196,0.06339614,0.06405613,0.10069671,0.22660702,0.26009701,0.27318355,1.59318330,0.34242139,0.28750311,0.40752184,0.10451089,0.40066998,-0.08584768,0.34899288,-0.31976554,1.30756295,0.22559873,0.23125130,0.24334533,0.00138203,-0.33601052,0.11883766,0.09318083,0.15101343,1.30756295,1.49830249,1.70013525,1.93444596,0.22559873,0.45082678,0.67241301,0.23125130,0.46224886,0.24334533,1.65363722,0.57404527,0.48698014,0.42536253,0.47868552
197,0.06063498,0.07508530,0.09964898,0.20457911,0.24129264,0.28462565,1.59453300,0.31813594,0.31485887,0.41240412,0.11241622,0.41663014,-0.07698056,0.36067322,-0.31012855,1.28011412,0.25001716,0.22463222,0.24281683,0.00223223,-0.36846195,0.11984325,0.09103721,0.15049976,1.28011412,1.49172046,1.69259762,1.92515865,0.25001716,0.46646543,0.68273153,0.22463222,0.45444519,0.24281683,1.65629800,0.56691071,0.48802487,0.43895387,0.48177355
198,0.06368778,0.15130782,0.13543422,0.27089540,0.25320522,0.28658502,1.55740302,0.31211865,0.35829192,0.38457892,0.11494063,0.38752078,-0.09199750,0.35014403,-0.30806443,1.19938430,0.28362070,0.23805796,0.22090372,0.00318761,-0.41387161,0.12286195,0.09204417,0.15351608,1.19938430,1.45114274,1.67014096,1.88582928,0.28362070,0.51767713,0.72027795,0.23805796,0.44830027,0.22090372,1.62740749,0.60661128,0.47324802,0.41992965,0.47833315
199,0.06256263,0.13621268,0.20374176,0.26603911,0.23942688,0.29228190,1.57337395,0.29166618,0.34378561,0.38374080,0.10552231,0.39419633,-0.09376885,0.35840565,-0.30115820,1.22960503,0.28135708,0.22747631,0.21127293,-0.00725950,-0.40037042,0.12226463,0.09188315,0.15294167,1.22960503,1.47594468,1.68649910,1.89256158,0.28135708,0.50354430,0.69338231,0.22747631,0.42702495,0.21127293,1.63944347,0.57061150,0.46057368,0.42334717,0.47956231
200,0.06586652,0.12257602,0.18402239,0.30290287,0.26546755,0.29017842,1.55987509,0.30871314,0.32270591,0.37739059,0.13146107,0.38614593,-0.07954017,0.35469583,-0.30424287,1.23733449,0.24184139,0.24319457,0.22741027,-0.01697101,-0.39760118,0.12228866,0.09567117,0.15526587,1.23733449,1.43783081,1.66265024,1.88542135,0.24184139,0.48080128,0.68301160,0.24319457,0.45698058,0.22741027,1.63245807,0.58377687,0.46866815,0.41336250,0.47982507
201,0.06423524,0.14384899,0.32417106,0.34002234,0.28584681,0.28852990,1.57735649,0.31427814,0.32344904,0.37231007,0.13362111,0.38169449,-0.07695141,0.35317503,-0.30711075,1.25419463,0.22945949,0.24004766,0.23210154,-0.00936353,-0.40613555,0.12190967,0.09355120,0.15366780,1.25419463,1.45135814,1.67386985,1.90164980,0.22945949,0.46663915,0.67551186,0.24004766,0.45825787,0.23210154,1.64405876,0.57409077,0.46274219,0.40902653,0.48220575
202,0.05936221,0.17243958,0.40707887,0.36386237,0.29109739,0.28997153,1.55410158,0.30556022,0.35366338,0.35112500,0.15084315,0.36471808,-0.06333786,0.35165700,-0.28216691,1.20076390,0.24512197,0.24688598,0.21938591,-0.02263798,-0.44988453,0.12201056,0.09223344,0.15294961,1.20076390,1.41291091,1.64237860,1.85908214,0.24512197,0.49077696,0.68867175,0.24688598,0.45228035,0.21938591,1.63349856,0.60736884,0.46108537,0.39434988,0.46851379
203,0.06275966,0.16448111,0.46550727,0.37710290,0.31521266,0.29165934,1.54173426,0.29413020,0.33885286,0.36861603,0.14020959,0.37616360,-0.06967742,0.35530002,-0.29837743,1.20349072,0.25322094,0.25029595,0.22994691,-0.01274262,-0.51989521,0.12097723,0.09420257,0.15332845,1.20349072,1.41468482,1.64363008,1.86564240,0.25322094,0.49892511,0.69197279,0.25029595,0.45610130,0.22994691,1.63114108,0.60609123,0.47749594,0.40503487,0.48601728
204,0.05969728,0.14899284,0.19378030,0.34854111,0.30554170,0.29284415,1.53718524,0.30370804,0.31006918,0.38397151,0.12749087,0.39093708,-0.07255376,0.36405569,-0.30358674,1.22718815,0.24150721,0.24312798,0.23272013,-0.01708166,-0.50159890,0.12056015,0.09291012,0.15220723,1.22718815,1.41994392,1.63717251,1.86243507,0.24150721,0.47874102,0.67172745,0.24312798,0.45077112,0.23272013,1.62146986,0.60198606,0.49256366,0.42252653,0.49739834
205,0.06296645,0.12271918,0.19925157,0.34823784,0.31024955,0.29937805,1.51897456,0.34093789,0.29170177,0.38114614,0.12794872,0.38408698,-0.07274300,0.35664413,-0.31837555,1.22797671,0.21709811,0.24141562,0.24731109,-0.02229706,-0.50282390,0.12039150,0.09210166,0.15158109,1.22797671,1.40002039,1.61665262,1.85671258,0.21709811,0.45614263,0.66425066,0.24141562,0.46428739,0.24731109,1.60151851,0.60838104,0.48659670,0.41521329,0.50063274
206,0.06366396,0.18964203,0.44307299,0.39203430,0.34675166,0.29910416,1.46989157,0.29902351,0.26636836,0.34701608,0.12741033,0.35595645,-0.06360428,0.34260687,-0.31362913,1.20399028,0.22689835,0.25524746,0.25100292,0.00676694,-0.61659426,0.12267788,0.09780112,0.15689144,1.20399028,1.35909427,1.57980760,1.81957179,0.22689835,0.47855946,0.66590489,0.25524746,0.46632686,0.25100292,1.59256881,0.64174890,0.49463043,0.39523879,0.49714522
207,0.06998616,0.27143857,0.45986978,0.39970451,0.34191821,0.30108092,1.53623697,0.26940499,0.29690305,0.32920755,0.12784130,0.33522382,-0.07050076,0.33113084,-0.30660959,1.24042279,0.22982132,0.23806594,0.23672546,-0.02355327,-0.47735249,0.11950120,0.09501957,0.15267370,1.24042279,1.42076292,1.63796072,1.86732767,0.22982132,0.46377491,0.65951159,0.23806594,0.44940504,0.23672546,1.62961664,0.57454777,0.44322337,0.36867336,0.47647165
208,0.06984343,0.24500123,0.42297683,0.38692780,0.33723254,0.30505892,1.48225800,0.30943371,0.28415472,0.35324810,0.13350249,0.36162609,-0.04714098,0.34570657,-0.28595212,1.19849248,0.24007586,0.24786851,0.23970192,0.00993939,-0.61954234,0.12014144,0.09536457,0.15338959,1.19849248,1.36615630,1.57726765,1.80661972,0.24007586,0.48564025,0.66380810,0.24786851,0.44771798,0.23970192,1.60946258,0.66671098,0.50546084,0.40088102,0.48326083
209,0.07016906,0.23982200,0.38882231,0.38688394,0.34050129,0.31291019,1.50469504,0.31340172,0.30506546,0.34427107,0.13473908,0.35227480,-0.05374098,0.34837038,-0.28910417,1.19978888,0.23185258,0.24421456,0.23604673,-0.00099455,-0.55658271,0.11774626,0.09217988,0.14953699,1.19978888,1.38129137,1.59324591,1.82096560,0.23185258,0.47533108,0.66288329,0.24421456,0.44562801,0.23604673,1.60990236,0.63458338,0.47962189,0.38681306,0.48286777
210,0.07788526,0.23043356,0.40429085,0.38834826,0.34366784,0.31562038,1.50210034,0.32536401,0.27351738,0.35210065,0.10933370,0.36094986,-0.08314194,0.35592532,-0.31747640,1.22952236,0.23896805,0.24491169,0.23449534,0.01128272,-0.53300935,0.11415479,0.09204106,0.14663858,1.22952236,1.41029239,1.62843578,1.85581527,0.23896805,0.48232680,0.67071027,0.24491169,0.45049569,0.23449534,1.62194336,0.63901028,0.47885642,0.40128959,0.50353500
211,0.07686389,0.22457122,0.39010278,0.37660294,0.33608141,0.29650259,1.47803817,0.33178305,0.26345751,0.34767989,0.10272598,0.36481426,-0.07712675,0.36483426,-0.29736970,1.21538871,0.24302498,0.24216231,0.22028417,0.01128570,-0.54231919,0.11323384,0.09147643,0.14556731,1.21538871,1.39195271,1.59995152,1.81390484,0.24302498,0.48438287,0.65593754,0.24216231,0.43013577,0.22028417,1.59597825,0.65325629,0.48070241,0.40358375,0.49669777
212,0.07626699,0.23343326,0.34465207,0.35752386,0.33602990,0.30251611,1.47231165,0.31999646,0.26241698,0.35658951,0.10276373,0.37333123,-0.07806288,0.35806890,-0.31878212,1.21028009,0.23203260,0.22565028,0.24124268,-0.01093154,-0.44830936,0.11184511,0.08877109,0.14279227,1.21028009,1.38363853,1.58531383,1.82011614,0.23203260,0.45579283,0.65239091,0.22565028,0.44100341,0.24124268,1.57645756,0.61161809,0.46852237,0.41060096,0.50429670
213,0.07489913,0.27284501,0.39604303,0.38814128,0.34490329,0.30044733,1.44701394,0.32800079,0.26965015,0.34584511,0.10775372,0.36059302,-0.08074754,0.35476064,-0.31003979,1.17836468,0.24575219,0.24458339,0.22948654,0.02993142,-0.52885928,0.11228278,0.09011651,0.14397363,1.17836468,1.35862371,1.57525603,1.79676703,0.24575219,0.48875253,0.66844114,0.24458339,0.44323027,0.22948654,1.57455679,0.65845653,0.48283509,0.40431626,0.50139359
214,0.07525429,0.13959084,0.22119140,0.32106519,0.31590657,0.31161854,1.47508703,0.40892585,0.24244261,0.40376260,0.10948375,0.40728108,-0.06595726,0.38229554,-0.30282498,1.23670584,0.24068857,0.25272774,0.23914595,0.05194183,-0.56315882,0.11143455,0.09218927,0.14462544,1.23670584,1.38695523,1.59652662,1.82996692,0.24068857,0.49129957,0.67908509,0.25272774,0.46021972,0.23914595,1.61797451,0.73729975,0.55388112,0.45059496,0.51317584
215,0.07578963,0.10359131,0.17115067,0.29016565,0.29881685,0.31096904,1.50445153,0.42175430,0.19835129,0.41826283,0.08640496,0.42145248,-0.08087123,0.39489679,-0.29821790,1.31080735,0.21670001,0.24959684,0.22117154,0.04229846,-0.54770181,0.11157935,0.09214093,0.14470626,1.31080735,1.43502882,1.63337066,1.85030057,0.21670001,0.46412157,0.63940233,0.24959684,0.44193840,0.22117154,1.63413483,0.72120540,0.56172740,0.46522558,0.51664300
216,0.08498114,0.26310068,0.34641999,0.36637409,0.30829793,0.25559042,1.52718679,0.28506827,0.32313305,0.34376832,0.12752585,0.36061494,-0.07005320,0.35726968,-0.25053561,1.20465140,0.24700997,0.22592667,0.18059415,-0.03813213,-0.36612064,0.11144942,0.09073402,0.14371373,1.20465140,1.41185729,1.62348424,1.80196778,0.24700997,0.47054936,0.63096885,0.22592667,0.39500975,0.18059415,1.60050373,0.57522942,0.43938668,0.39098198,0.45487323
217,0.08135352,0.38226406,0.44181819,0.40754202,0.33818164,0.22997638,1.55343539,0.21190431,0.39198835,0.27796774,0.17637744,0.30213852,-0.03917798,0.32460725,-0.25029442,1.16248776,0.25182102,0.23743588,0.21314235,-0.06445263,-0.31575171,0.11199246,0.09267547,0.14536524,1.16248776,1.38690212,1.61441665,1.82150638,0.25182102,0.48742592,0.67916281,0.23743588,0.43619786,0.21314235,1.61498969,0.55525080,0.39550463,0.32841850,0.43362024
218,0.07058935,0.39517369,0.47740147,0.42126829,0.34619920,0.24650452,1.54071677,0.20979552,0.46133354,0.26834070,0.19672571,0.29356431,-0.01895607,0.31985815,-0.24685261,1.08100853,0.29143600,0.23948327,0.23090173,-0.06276263,-0.34462689,0.11667793,0.09004077,0.14738073,1.08100853,1.35292826,1.58103160,1.80360311,0.29143600,0.53012425,0.73942488,0.23948327,0.45277516,0.23090173,1.60331959,0.60062589,0.39623247,0.31555539,0.42773324
219,0.06031036,0.44015883,0.51896618,0.46491155,0.39599070,0.27771101,1.58262679,0.18817054,0.49342515,0.22671021,0.19478769,0.26686463,-0.03941088,0.30121626,-0.28581303,1.09306309,0.31407537,0.25991668,0.25058257,-0.07467504,-0.32971732,0.11634760,0.08935632,0.14670146,1.09306309,1.39308794,1.63624206,1.87771338,0.31407537,0.57270221,0.80443013,0.25991668,0.49214792,0.25058257,1.63982321,0.61092494,0.36987640,0.29229260,0.43900584
220,0.05444246,0.44163572,0.50619497,0.45186265,0.38633858,0.22863942,1.60895958,0.18751883,0.49060809,0.23790474,0.21165896,0.28327728,-0.01594872,0.31906801,-0.27694434,1.11911209,0.29417543,0.25472213,0.26589340,-0.08518093,-0.32316797,0.11789288,0.09070097,0.14874609,1.11911209,1.39973330,1.63653862,1.89409043,0.29417543,0.54725840,0.79260558,0.25472213,0.50007110,0.26589340,1.65227793,0.60240777,0.38497752,0.30480523,0.44748034
221,0.05717574,0.42187178,0.51584741,0.45161278,0.40667862,0.22917822,1.62713240,0.19050934,0.47704626,0.25225433,0.20169924,0.29194326,-0.01993059,0.31473028,-0.29712397,1.15103237,0.29574607,0.24520594,0.28022754,-0.08314424,-0.32975164,0.11937921,0.08874003,0.14874875,1.15103237,1.43022229,1.66180555,1.93432063,0.29574607,0.54012747,0.79855764,0.24520594,0.50663742,0.28022754,1.67544258,0.59538744,0.38661584,0.31455145,0.45795752
222,0.06401887,0.32250190,0.53858313,0.42310859,0.33946385,0.24583681,1.57703606,0.25934659,0.38322012,0.32485979,0.16988592,0.33824243,-0.03297818,0.33745586,-0.27680992,1.19390398,0.25227637,0.22014481,0.24472895,-0.05876499,-0.33343677,0.12048630,0.08764915,0.14899437,1.19390398,1.41471627,1.62593938,1.86544757,0.25227637,0.46934509,0.68888433,0.22014481,0.45136562,0.24472895,1.62787409,0.55970662,0.41629299,0.35807690,0.45648808
223,0.06705647,0.21601510,0.48876386,0.39634174,0.29770278,0.22827655,1.57496073,0.27929677,0.36216560,0.34925936,0.15439038,0.35313438,-0.03850793,0.33864694,-0.27789746,1.21387644,0.25242435,0.21337915,0.23983205,-0.04713661,-0.34547131,0.12190044,0.09080167,0.15200217,1.21387644,1.43159903,1.63328928,1.86905805,0.25242435,0.46125294,0.67773839,0.21337915,0.44161539,0.23983205,1.62646637,0.56471146,0.43395042,0.37338045,0.45329570
224,0.06469958,0.16558529,0.34294415,0.33949948,0.26660630,0.19951594,1.65506723,0.29058432,0.36049266,0.37031286,0.14886397,0.37972862,-0.04874239,0.35288143,-0.27958107,1.29778006,0.25886179,0.22272365,0.23345557,-0.02389842,-0.35335057,0.12000991,0.09097561,0.15059528,1.29778006,1.52142040,1.72899266,1.95734019,0.25886179,0.47700209,0.69016697,0.22272365,0.44652154,0.23345557,1.70460654,0.58151917,0.45858485,0.40228070,0.46146791
225,0.06292792,0.14557856,0.27873731,0.33068478,0.26551997,0.18389082,1.64787304,0.30616647,0.36150157,0.36777235,0.14575261,0.37330150,-0.05562952,0.34645358,-0.28569673,1.29219305,0.25289974,0.22516433,0.23309260,-0.02891713,-0.34622370,0.12327018,0.09265953,0.15421195,1.29219305,1.51724957,1.72675726,1.95464124,0.25289974,0.47508283,0.69260477,0.22516433,0.45015958,0.23309260,1.69131370,0.58385605,0.45490623,0.39727790,0.45961294
226,0.06708859,0.12460149,0.18131710,0.29218702,0.25737116,0.16124784,1.62792165,0.29787554,0.39990870,0.35206149,0.18852965,0.35857274,-0.02359121,0.34327753,-0.27271495,1.23560750,0.24184059,0.23452122,0.25097110,-0.03344042,-0.32581433,0.12607011,0.09543325,0.15811761,1.23560750,1.45526809,1.67494614,1.92240290,0.24184059,0.47400524,0.71241753,0.23452122,0.47824636,0.25097110,1.66720453,0.59695616,0.45785413,0.38017542,0.44920553
227,0.05884832,0.09824513,0.11293443,0.24438176,0.23411227,0.16200187,1.64217177,0.29966296,0.40752217,0.35834553,0.20252211,0.38008114,-0.01304175,0.34846596,-0.25333565,1.24230051,0.23837368,0.23727137,0.24621358,-0.04375718,-0.31078819,0.12635774,0.09553009,0.15840542,1.24230051,1.45692147,1.68191958,1.92063587,0.23837368,0.47398984,0.70707225,0.23727137,0.47700253,0.24621358,1.68296244,0.60404962,0.46842924,0.40090896,0.43884037
228,0.05483872,0.10668030,0.11580505,0.20826567,0.21534689,0.14867434,1.65810672,0.27641085,0.42703073,0.36045803,0.22427642,0.37675372,0.00585076,0.33474716,-0.24962226,1.23775709,0.23670442,0.23694239,0.26163888,-0.04076255,-0.28901039,0.12769013,0.09621629,0.15988228,1.23775709,1.45296934,1.67897724,1.93054063,0.23670442,0.46851093,0.71290707,0.23694239,0.49158035,0.26163888,1.69320721,0.58840388,0.47235845,0.39446823,0.42498046
229,0.05508020,0.12478039,0.11839227,0.17042586,0.18737207,0.13700053,1.67917678,0.24921939,0.42621941,0.36545804,0.21744332,0.38456668,0.01016238,0.33516289,-0.24834662,1.25798330,0.25302904,0.22608146,0.26603559,-0.04977079,-0.26605805,0.12940214,0.09667004,0.16152402,1.25798330,1.48153575,1.69544696,1.94850561,0.25302904,0.46990589,0.71178192,0.22608146,0.48375360,0.26603559,1.70938553,0.57479253,0.47476136,0.40384581,0.42552752
230,0.05909211,0.11657670,0.10526037,0.14781282,0.16439865,0.12946950,1.64622012,0.26344663,0.42325701,0.37509728,0.21580963,0.39066519,0.00123991,0.33773291,-0.26215709,1.23029660,0.25001106,0.23120373,0.27166641,-0.04667154,-0.25757806,0.13067302,0.09595948,0.16212236,1.23029660,1.45340303,1.67344551,1.93033345,0.25001106,0.47184509,0.72031621,0.23120373,0.49544650,0.27166641,1.67529162,0.57620548,0.47893540,0.40883166,0.43500104
231,0.05607214,0.10664029,0.09154098,0.12811914,0.14308145,0.14197117,1.69898522,0.28725437,0.44334985,0.39338535,0.22931519,0.42103860,0.01896913,0.36458708,-0.24967845,1.26401950,0.25138482,0.22950458,0.27709685,-0.04749398,-0.26607840,0.13071173,0.09610056,0.16223710,1.26401950,1.49285454,1.71067970,1.97143533,0.25138482,0.47484146,0.72641733,0.22950458,0.49594152,0.27709685,1.72736733,0.59877626,0.49881180,0.43717004,0.44878356
232,0.04825968,0.12303133,0.10025766,0.12353253,0.12684791,0.16200496,1.73236440,0.31234190,0.42072332,0.40654702,0.25538441,0.43986116,0.04887111,0.40016531,-0.18576994,1.32052307,0.21270091,0.23211196,0.24178468,-0.05976057,-0.29150459,0.12912436,0.09599373,0.16089716,1.32052307,1.49859217,1.71449326,1.94428960,0.21270091,0.43909144,0.65754572,0.23211196,0.46390147,0.24178468,1.76487220,0.61585528,0.53173671,0.46069940,0.44933946
233,0.04396977,0.10022226,0.07802071,0.11132767,0.13887623,0.14445697,1.70693354,0.30288791,0.43715717,0.41491461,0.25024506,0.44146095,0.04084858,0.37479312,-0.23151184,1.28005839,0.23868662,0.23721080,0.28395611,-0.06262472,-0.26697159,0.13017159,0.10058445,0.16450494,1.28005839,1.48296350,1.70109049,1.96410731,0.23868662,0.46749359,0.71763769,0.23721080,0.50707016,0.28395611,1.74044380,0.63181073,0.54236692,0.46357461,0.44976158
234,0.04368494,0.11498984,0.07624168,0.10724251,0.14698246,0.14500216,1.71270576,0.30562504,0.42406507,0.42460494,0.23825513,0.44278218,0.03390075,0.35768033,-0.24887704,1.29888693,0.24247562,0.22664263,0.29966123,-0.05575472,-0.28824428,0.13139282,0.09941343,0.16476378,1.29888693,1.50254402,1.71348162,1.98542586,0.24247562,0.45803870,0.71899562,0.22664263,0.51327277,0.29966123,1.74553263,0.61861699,0.53858919,0.46384257,0.44359084
235,0.05041918,0.16380416,0.18457592,0.27197473,0.21650964,0.13806220,1.65829062,0.30925231,0.44085575,0.38569467,0.24028543,0.39150346,0.01918163,0.35980329,-0.24552489,1.22960406,0.23934636,0.24173390,0.26804208,-0.05887567,-0.31949867,0.13365095,0.10231855,0.16832012,1.22960406,1.44192381,1.66851086,1.92810027,0.23934636,0.47535604,0.72604480,0.24173390,0.50238395,0.26804208,1.69195065,0.63045878,0.50572777,0.41124288,0.44618032
236,0.05304254,0.17922605,0.28052032,0.36440379,0.24365881,0.12805682,1.66459241,0.29748651,0.44153971,0.36745380,0.25193332,0.37729048,0.04134907,0.36647928,-0.20833776,1.23512201,0.23577850,0.23290199,0.25040538,-0.06828660,-0.36614812,0.13547654,0.10195591,0.16955501,1.23512201,1.43565012,1.65315265,1.89913959,0.23577850,0.46380031,0.69483619,0.23290199,0.47431716,0.25040538,1.69820805,0.63272960,0.49708794,0.39851122,0.43465487
237,0.05342550,0.19491594,0.31756199,0.36819622,0.30590098,0.12009952,1.65266805,0.27419795,0.47759493,0.35738148,0.27818747,0.37615612,0.06949210,0.35927364,-0.20277577,1.18572271,0.24831108,0.22904233,0.27282642,-0.07991045,-0.35585902,0.13910767,0.10290282,0.17303160,1.18572271,1.39740059,1.61354307,1.87961992,0.24831108,0.47234481,0.71987681,0.22904233,0.49063064,0.27282642,1.68390440,0.64564796,0.50117935,0.40155186,0.42902111
238,0.04908922,0.29880011,0.45996855,0.42614944,0.37410580,0.11685376,1.66635703,0.25287936,0.48050257,0.33705874,0.27832911,0.35921823,0.07690469,0.35341524,-0.19362362,1.19386970,0.25040715,0.22349582,0.27153308,-0.08644418,-0.37951128,0.14045075,0.10376591,0.17462468,1.19386970,1.40876643,1.61922389,1.88258225,0.25040715,0.46981288,0.70840523,0.22349582,0.47764355,0.27153308,1.69676925,0.63107516,0.48077623,0.38231816,0.42297314
239,0.04778030,0.28108245,0.49160859,0.41666602,0.35005919,0.13109017,1.69879345,0.30352506,0.47727758,0.34916259,0.29962245,0.37018261,0.09482522,0.36728094,-0.17376807,1.23382999,0.22490074,0.23214135,0.26973768,-0.07799134,-0.42086319,0.13799797,0.10570663,0.17383133,1.23382999,1.42015609,1.63588120,1.89697348,0.22490074,0.45505380,0.68788778,0.23214135,0.48088678,0.26973768,1.73408396,0.66244228,0.50772108,0.39694764,0.42724105
240,0.04516872,0.31097883,0.53248271,0.42571956,0.37878757,0.13883535,1.71557108,0.28846508,0.48610048,0.34444742,0.31217074,0.37599366,0.10608170,0.38251943,-0.15851102,1.23870790,0.22812159,0.24058355,0.26857230,-0.09102494,-0.46255435,0.13708814,0.10606242,0.17332743,1.23870790,1.42314446,1.64395074,1.89946364,0.22812159,0.46683544,0.68476667,0.24058355,0.47805256,0.26857230,1.75291495,0.66604691,0.51247290,0.40221424,0.43749517
241,0.04199839,0.31706136,0.51950749,0.42464418,0.43123471,0.13670015,1.70569982,0.28778997,0.51141648,0.34370495,0.32882915,0.37491618,0.12207221,0.38083681,-0.16423343,1.20380508,0.24135260,0.24883412,0.29189428,-0.09249153,-0.54433489,0.13803252,0.10840196,0.17551057,1.20380508,1.39989377,1.62575105,1.89900600,0.24135260,0.48885887,0.71848298,0.24883412,0.50062878,0.29189428,1.75430653,0.70408629,0.53344490,0.40843602,0.44565833
242,0.04439657,0.30928678,0.51207657,0.41962806,0.41908256,0.14740781,1.71650020,0.29393373,0.50799880,0.34596247,0.32240750,0.37302730,0.11727620,0.37788023,-0.16558236,1.21735516,0.24655526,0.24859635,0.28878224,-0.09363140,-0.56175811,0.13842062,0.10932258,0.17638507,1.21735516,1.41622342,1.64066094,1.91012549,0.24655526,0.49388251,0.71784988,0.24859635,0.49550247,0.28878224,1.76730300,0.70849921,0.53174094,0.40496586,0.44371579
243,0.04130946,0.33768349,0.50336588,0.42243445,0.44215451,0.14891987,1.71799183,0.30387747,0.50010019,0.34470011,0.31508051,0.36876179,0.11056456,0.37244454,-0.17831495,1.22771075,0.24742697,0.25208862,0.29853246,-0.09589733,-0.64993428,0.13985306,0.10897209,0.17729578,1.22771075,1.42556594,1.65097197,1.92331629,0.24742697,0.49868655,0.71940050,0.25208862,0.49913544,0.29853246,1.77058925,0.70900204,0.52560410,0.39671352,0.44692904
244,0.04470808,0.33181113,0.50466768,0.41809960,0.43869770,0.13914865,1.69397598,0.30544602,0.48816011,0.35070993,0.32172761,0.37472726,0.11423143,0.37266515,-0.18448115,1.21724277,0.22151026,0.24874220,0.30464173,-0.09852777,-0.59984078,0.14114123,0.10786775,0.17764092,1.21724277,1.39598634,1.62153836,1.90566223,0.22151026,0.46874927,0.70913900,0.24874220,0.51224707,0.30464173,1.74015070,0.68303453,0.52787293,0.40270631,0.44310462
245,0.04280774,0.40006439,0.49209029,0.41040272,0.45337144,0.13249390,1.71718398,0.28332758,0.51345938,0.32373139,0.33805376,0.35625952,0.13939481,0.36009461,-0.16955206,1.21381368,0.23701323,0.25033340,0.32494076,-0.11421247,-0.72013357,0.14066993,0.11246609,0.18010178,1.21381368,1.40587198,1.63017769,1.91587202,0.23701323,0.48688028,0.71648938,0.25033340,0.51118318,0.32494076,1.77144116,0.69549988,0.51706430,0.38907491,0.43340000
246,0.04498111,0.36960338,0.50779394,0.41241086,0.45062002,0.13486874,1.71641066,0.28684463,0.50086770,0.33140972,0.32619754,0.37639944,0.13693597,0.37827538,-0.15992989,1.22525527,0.23769560,0.24241534,0.31029556,-0.11052035,-0.66235091,0.14078654,0.11042111,0.17892364,1.22525527,1.41547906,1.63040396,1.90647418,0.23769560,0.47980187,0.69915395,0.24241534,0.49139745,0.31029556,1.76702984,0.68721727,0.51360084,0.40720724,0.44211518
247,0.04357905,0.31780650,0.50420648,0.42706927,0.43759339,0.13481369,1.73746767,0.31579716,0.49897963,0.34680269,0.32051372,0.38396444,0.11680337,0.38400494,-0.17007399,1.25165811,0.24541686,0.24902549,0.29442249,-0.10809986,-0.60796222,0.13833691,0.10799173,0.17549733,1.25165811,1.44300413,1.66880045,1.93916669,0.24541686,0.49301950,0.71328783,0.24902549,0.49725142,0.29442249,1.78727506,0.70787704,0.52299688,0.41054233,0.44687200
248,0.04216543,0.34186510,0.50602043,0.42584443,0.43019358,0.12827683,1.73559321,0.29889796,0.51925406,0.33583828,0.34060220,0.37533584,0.13516177,0.38022112,-0.15201502,1.22851412,0.22942448,0.24509616,0.29442561,-0.10136665,-0.55437327,0.13963890,0.10780187,0.17640937,1.22851412,1.41993262,1.64557469,1.91790681,0.22942448,0.47387842,0.70572524,0.24509616,0.49860231,0.29442561,1.77947757,0.69168477,0.52100397,0.40664225,0.43392077
249,0.03259858,0.40426150,0.46642267,0.40923716,0.42699256,0.11884400,1.72578053,0.28271425,0.51689890,0.30692265,0.34399735,0.34847249,0.12957342,0.37279918,-0.14387066,1.22175995,0.23629044,0.26407328,0.30067957,-0.13576964,-0.75831294,0.14108351,0.11425051,0.18154266,1.22175995,1.41270684,1.65551997,1.90353343,0.23629044,0.49899333,0.69206537,0.26407328,0.49296959,0.30067957,1.77810534,0.68256904,0.49691179,0.37361987,0.43031428
250,0.04353122,0.31081676,0.46737196,0.41744545,0.38094869,0.12836788,1.72346907,0.30524473,0.50355129,0.34558519,0.32992327,0.37373014,0.11168342,0.38732205,-0.17461250,1.23358490,0.20978666,0.24718399,0.29001990,-0.09122906,-0.51559520,0.14077265,0.10809603,0.17748716,1.23358490,1.41919820,1.65266200,1.92898878,0.20978666,0.45615552,0.70615820,0.24718399,0.51084738,0.29001990,1.76531842,0.66662662,0.51868342,0.40014664,0.44536152
251,0.04299946,0.27277230,0.43931342,0.41270023,0.34283282,0.12308872,1.71940110,0.32456138,0.47333382,0.35086225,0.32434311,0.37205069,0.10239312,0.38558897,-0.16878700,1.26247160,0.19912385,0.25497986,0.27334138,-0.07622939,-0.49369722,0.14031329,0.10935931,0.17789681,1.26247160,1.42179919,1.65931632,1.92206564,0.19912385,0.45160579,0.68203542,0.25497986,0.50287371,0.27334138,1.76466901,0.67427410,0.52790629,0.39881922,0.44120705
252,0.04069529,0.30434205,0.44925583,0.40310777,0.36647262,0.12547127,1.69916244,0.30165256,0.47810940,0.34014314,0.31608008,0.37172875,0.09211206,0.37286079,-0.19963345,1.23416613,0.20820230,0.25288679,0.29534978,-0.09211778,-0.50861232,0.14116129,0.10902106,0.17835948,1.23416613,1.40863949,1.64841304,1.92814228,0.20820230,0.45888492,0.70802310,0.25288679,0.52109074,0.29534978,1.74011293,0.64945210,0.50351634,0.39157612,0.44177713
253,0.03425084,0.33411541,0.44544135,0.39563833,0.34948724,0.11992945,1.73809715,0.27999821,0.48464668,0.33523150,0.33629820,0.37201598,0.12105271,0.38616594,-0.16563246,1.26448498,0.20510712,0.25189830,0.29645197,-0.12500249,-0.59868782,0.13909620,0.10945174,0.17699559,1.26448498,1.42922979,1.66429763,1.93577412,0.20510712,0.45409720,0.68352891,0.25189830,0.50712457,0.29645197,1.78254336,0.64998715,0.51525632,0.39823785,0.44568592
254,0.03516368,0.32164998,0.43887418,0.40411999,0.37481995,0.13073851,1.72431164,0.27945742,0.47016978,0.33177919,0.33236445,0.36273582,0.10373268,0.38982309,-0.16654278,1.26399039,0.21077427,0.26474468,0.28331604,-0.12552689,-0.63092422,0.13971645,0.11203093,0.17908549,1.26399039,1.42088744,1.67048442,1.92505564,0.21077427,0.46892627,0.67643972,0.26474468,0.50468701,0.28331604,1.77622863,0.65149945,0.51174175,0.38436401,0.45101601
255,0.03253426,0.32493569,0.43267983,0.41533580,0.44438362,0.14413065,1.71315851,0.28520605,0.47853575,0.34121536,0.32132373,0.36359105,0.08878230,0.37350005,-0.20046534,1.24269485,0.22163418,0.26766859,0.29933052,-0.13480018,-0.62755800,0.14077980,0.10931580,0.17823831,1.24269485,1.41430241,1.66393808,1.93871035,0.22163418,0.48425201,0.71335602,0.26766859,0.52559487,0.29933052,1.75965639,0.66620689,0.51756074,0.38468084,0.45497571
256,0.03782044,0.28413569,0.40529231,0.41328829,0.41851077,0.15912918,1.72431123,0.31091426,0.46533682,0.36010081,0.30692294,0.37772980,0.06987514,0.37677836,-0.20763631,1.26832653,0.21892765,0.27173754,0.28250215,-0.11341177,-0.60962997,0.14089205,0.10670370,0.17673780,1.26832653,1.43645725,1.68745615,1.95415131,0.21892765,0.48604167,0.71160520,0.27173754,0.52082801,0.28250215,1.76876776,0.67925468,0.53147723,0.39968370,0.46013348
257,0.03702665,0.25775689,0.38180469,0.41171595,0.39105020,0.17045052,1.72737468,0.32018401,0.46050275,0.36790990,0.29580974,0.38446943,0.07013660,0.39323599,-0.19159632,1.27690129,0.22650361,0.26728699,0.26607571,-0.11417670,-0.63061952,0.14044203,0.10799149,0.17716130,1.27690129,1.44806890,1.68739560,1.94094599,0.22650361,0.49068290,0.69979498,0.26728699,0.49726151,0.26607571,1.77387757,0.70150853,0.54551166,0.41221302,0.47231600
258,0.04016879,0.25761710,0.34497758,0.42481538,0.42292286,0.17908496,1.73632294,0.33477732,0.47102721,0.37434006,0.28138892,0.38632649,0.05146404,0.38791741,-0.21151326,1.27652226,0.23335233,0.26519757,0.26455603,-0.10676013,-0.56875693,0.13982167,0.10475870,0.17471258,1.27652226,1.46939616,1.70885309,1.96613392,0.23335233,0.49717238,0.72313445,0.26519757,0.50368968,0.26455603,1.77522125,0.69651906,0.53503048,0.40995097,0.46854869
259,0.05057791,0.24904067,0.33838740,0.44612073,0.41498602,0.18746456,1.69602493,0.33290022,0.46337257,0.37527506,0.27132344,0.38722106,0.03953770,0.39088609,-0.21761856,1.24302673,0.23825441,0.26161370,0.25747146,-0.09239244,-0.43754815,0.14059435,0.10664180,0.17646316,1.24302673,1.43859598,1.67903408,1.93242844,0.23825441,0.49771425,0.72537360,0.26161370,0.50108488,0.25747146,1.73394152,0.68297727,0.52200048,0.40736653,0.46655607
260,0.04436126,0.22039725,0.32283519,0.40364788,0.41995102,0.18688530,1.68828036,0.36180945,0.45928294,0.39924678,0.26459061,0.40697283,0.04490961,0.39407366,-0.23055830,1.24429112,0.24919744,0.26362483,0.27730046,-0.08479805,-0.56609279,0.14090243,0.10764459,0.17731569,1.24429112,1.44095124,1.67147631,1.93859113,0.24919744,0.51152517,0.74055888,0.26362483,0.50868042,0.27730046,1.73046906,0.71735213,0.54721938,0.42642126,0.48002227
261,0.04553637,0.25723563,0.37068846,0.42784068,0.46393340,0.18261782,1.65529552,0.32516141,0.43126901,0.37918162,0.25898091,0.38786593,0.04426855,0.38972509,-0.22570040,1.23465796,0.24289567,0.26897658,0.27222192,-0.09825543,-0.64062314,0.14260263,0.11157968,0.18106776,1.23465796,1.41271314,1.64286821,1.90431896,0.24289567,0.50876102,0.72076262,0.26897658,0.50112322,0.27222192,1.70855028,0.70823509,0.54613003,0.41270027,0.48094782
262,0.04500403,0.27495174,0.40407086,0.43340573,0.48516658,0.17899463,1.62356913,0.32983042,0.42946253,0.37146449,0.24430514,0.38711991,0.03792569,0.39735506,-0.22414587,1.20409573,0.25460014,0.26526375,0.26698244,-0.09325871,-0.70741372,0.14414381,0.11549542,0.18470688,1.20409573,1.39915770,1.62731002,1.87742626,0.25460014,0.51887612,0.71651060,0.26526375,0.48328874,0.26698244,1.68719441,0.70878427,0.52951845,0.40756591,0.48743098
263,0.05174733,0.25296430,0.37021961,0.45006352,0.47902818,0.18189007,1.66881478,0.34699455,0.41897803,0.38287523,0.23556335,0.40100676,0.02996412,0.40923095,-0.21519813,1.26306977,0.24688288,0.25725696,0.24695910,-0.08609679,-0.57008868,0.14278264,0.11177771,0.18133157,1.26306977,1.44970450,1.67039810,1.90914111,0.24688288,0.50338584,0.69858512,0.25725696,0.46851029,0.24695910,1.71913735,0.70480141,0.53322698,0.42361946,0.48985748
264,0.04928699,0.22564200,0.36938157,0.44806900,0.45474229,0.19553084,1.66007612,0.37250380,0.43689580,0.39744273,0.24427789,0.40559535,0.03994562,0.41326564,-0.19352185,1.23812216,0.26029474,0.26081962,0.23568063,-0.08045585,-0.62424775,0.14334884,0.11249777,0.18222140,1.23812216,1.43357502,1.65445862,1.88046285,0.26029474,0.52058765,0.70102383,0.26081962,0.45713669,0.23568063,1.71993533,0.74768605,0.55772989,0.43217330,0.48876202
265,0.04881673,0.24984222,0.39977144,0.46313594,0.49948801,0.20191578,1.66410886,0.35144456,0.44663432,0.38155595,0.26206161,0.39003416,0.03371591,0.39106481,-0.23605820,1.22777801,0.24499486,0.27459499,0.27132396,-0.07507415,-0.58850475,0.14423421,0.11060299,0.18175954,1.22777801,1.41740451,1.66125567,1.92316354,0.24499486,0.51810215,0.73955439,0.27459499,0.51325046,0.27132396,1.72120018,0.72105748,0.54384789,0.41353466,0.48471757
266,0.04828307,0.25004035,0.40219948,0.45423767,0.49281105,0.20674879,1.66207417,0.35688303,0.44418329,0.38706476,0.27281936,0.39439946,0.04086567,0.38565961,-0.25192838,1.22817552,0.23443349,0.28374246,0.29357090,-0.07186014,-0.59288995,0.14354456,0.11194179,0.18203298,1.22817552,1.40490889,1.65408745,1.93850086,0.23443349,0.51643658,0.75890507,0.28374246,0.54409284,0.29357090,1.72604865,0.73754008,0.56664649,0.42320716,0.49012708
267,0.04641094,0.28362915,0.43577019,0.46401227,0.51484797,0.20987955,1.66549392,0.34364198,0.45410045,0.37707375,0.27834022,0.38607381,0.04417356,0.38074229,-0.25350262,1.21932270,0.23752903,0.28417498,0.29962524,-0.09055242,-0.65254131,0.14336805,0.11112225,0.18139060,1.21932270,1.40225809,1.65469784,1.94224556,0.23752903,0.51992534,0.76310583,0.28417498,0.54681954,0.29962524,1.73094943,0.73166175,0.55816975,0.41386008,0.49014025
268,0.04783398,0.26892539,0.39136004,0.48159992,0.50509670,0.20292576,1.67012746,0.34838676,0.42180912,0.38197059,0.24453507,0.39066737,0.02314509,0.39282823,-0.23716612,1.25871550,0.23897354,0.27487227,0.26178722,-0.08566505,-0.66466431,0.14409793,0.10925573,0.18083425,1.25871550,1.43940213,1.67629450,1.92949794,0.23897354,0.51256692,0.72202165,0.27487227,0.50038058,0.26178722,1.73091498,0.72579059,0.55520831,0.42188014,0.49484876
269,0.04724327,0.25204432,0.38086698,0.47291230,0.48022577,0.19971163,1.70319488,0.36192214,0.47192699,0.38918612,0.28887546,0.39565245,0.05017698,0.38761355,-0.24083001,1.24327219,0.24079439,0.27736868,0.29130369,-0.08942977,-0.55305667,0.14152834,0.10414863,0.17571912,1.24327219,1.43016696,1.68136594,1.96617671,0.24079439,0.51588213,0.76796822,0.27736868,0.54559876,0.29130369,1.75647761,0.73880244,0.56189566,0.42373576,0.48147935
270,0.05029216,0.27421188,0.41340405,0.48653080,0.43467226,0.19657039,1.71509787,0.33830278,0.46093242,0.36740615,0.28850511,0.38052654,0.06058310,0.38673797,-0.20372529,1.26388709,0.23406091,0.26464316,0.26465879,-0.10196568,-0.49573179,0.14133881,0.10400049,0.17547866,1.26388709,1.43955860,1.67960144,1.93973906,0.23406091,0.49581598,0.72181773,0.26464316,0.50742839,0.26465879,1.76450932,0.71622614,0.54247175,0.41062702,0.46346487
271,0.04812222,0.30118863,0.48057033,0.47748079,0.45457469,0.18817799,1.71439613,0.32161621,0.47413743,0.36403151,0.29442049,0.37882316,0.06590984,0.38031274,-0.21251696,1.24889423,0.23590014,0.26699458,0.28042463,-0.11603056,-0.54413477,0.14189079,0.10478056,0.17638583,1.24889423,1.43340935,1.67443797,1.94576516,0.23590014,0.50063525,0.73334852,0.26699458,0.51773452,0.28042463,1.76207304,0.71142543,0.54295822,0.40841351,0.46803469
272,0.05103471,0.30080473,0.44353693,0.47695288,0.43192447,0.18099507,1.71861479,0.31837774,0.48043180,0.36348847,0.30116948,0.37423714,0.06880386,0.37184278,-0.21470755,1.24685248,0.22822535,0.26189612,0.28413401,-0.09770097,-0.45087421,0.14005214,0.10272918,0.17368905,1.24685248,1.43150581,1.67338913,1.95140105,0.22822535,0.48700029,0.73590560,0.26189612,0.52587003,0.28413401,1.75882204,0.68972615,0.53184605,0.40041635,0.45266946
273,0.04730097,0.30972581,0.47167952,0.47897698,0.45061241,0.17575659,1.69434192,0.32785124,0.48277433,0.36834607,0.30225197,0.37821981,0.06701757,0.37395322,-0.21780359,1.22226532,0.23021253,0.26905866,0.28662591,-0.09697060,-0.50879033,0.14188012,0.10310117,0.17538477,1.22226532,1.40780448,1.65369059,1.93094037,0.23021253,0.49679354,0.74050614,0.26905866,0.52931265,0.28662591,1.73649475,0.70252050,0.54001166,0.40359705,0.45992206
274,0.04775444,0.34539575,0.54696002,0.47371837,0.46510775,0.17126615,1.69465495,0.31081583,0.48508989,0.34926873,0.29719516,0.36678049,0.07118434,0.36901151,-0.21183556,1.21812262,0.23629811,0.27312870,0.28889762,-0.10554594,-0.60180985,0.14210412,0.10532917,0.17688362,1.21812262,1.41243617,1.65485997,1.92675272,0.23629811,0.50870008,0.73697101,0.27312870,0.51808954,0.28889762,1.74413635,0.70789449,0.53385951,0.39271217,0.46156505
275,0.04554137,0.35760259,0.54976975,0.46115494,0.46365576,0.16539543,1.68143237,0.29699664,0.47937560,0.34348037,0.29478343,0.36653306,0.08013912,0.38130698,-0.19583792,1.20941212,0.25822775,0.27511532,0.28977659,-0.11059852,-0.71920643,0.14289221,0.11063143,0.18071386,1.20941212,1.41156367,1.65474338,1.91003974,0.25822775,0.53223331,0.72769721,0.27511532,0.49909967,0.28977659,1.75748066,0.72993120,0.53700818,0.39343741,0.47538765
276,0.04563731,0.34400014,0.52973202,0.46066006,0.47629900,0.16702461,1.62613605,0.33468351,0.47565035,0.36099771,0.29492678,0.37363974,0.07320985,0.38281917,-0.19935207,1.16280899,0.24886660,0.28180488,0.28633453,-0.09255127,-0.74964435,0.14413142,0.11162297,0.18230072,1.16280899,1.35847980,1.60800107,1.85868995,0.24886660,0.52991529,0.72326821,0.28180488,0.50221805,0.28633453,1.70043399,0.73432512,0.54339578,0.39516112,0.47280808
277,0.04412106,0.34361418,0.55500363,0.47282344,0.45585716,0.17461371,1.66225629,0.31428730,0.49565987,0.35881343,0.30636117,0.37628805,0.09503842,0.38439782,-0.17316143,1.17502308,0.25012478,0.26584662,0.27832998,-0.10668356,-0.70188930,0.14251874,0.10492885,0.17697925,1.17502308,1.37573564,1.60887517,1.86147618,0.25012478,0.51502191,0.71527879,0.26584662,0.48791276,0.27832998,1.72673329,0.73868847,0.55446508,0.40958568,0.46873950
278,0.04947436,0.30700659,0.53442301,0.48525938,0.45505949,0.14289938,1.69433214,0.32021845,0.47529809,0.34909078,0.28009723,0.37046468,0.06286071,0.37917493,-0.18007878,1.23346259,0.25435455,0.26783172,0.25273304,-0.10673839,-0.61931231,0.14303341,0.10368739,0.17666248,1.23346259,1.43252221,1.66656495,1.89816006,0.25435455,0.52181436,0.70270101,0.26783172,0.46912112,0.25273304,1.74116630,0.72107301,0.52641025,0.39504243,0.46119250
279,0.05046955,0.32524555,0.52549209,0.48784180,0.47217887,0.13962600,1.71552826,0.31704388,0.49736530,0.34819304,0.30378947,0.37076280,0.08156218,0.38021925,-0.18303727,1.23217626,0.24730347,0.27119824,0.27195823,-0.11013209,-0.60417183,0.14156054,0.10321924,0.17519589,1.23217626,1.43037142,1.66921850,1.92305138,0.24730347,0.51818047,0.72504943,0.27119824,0.49641802,0.27195823,1.76255007,0.73170745,0.54149685,0.40078617,0.46303929
280,0.05382316,0.31349211,0.48412856,0.49066296,0.45479624,0.11732067,1.75336448,0.31971797,0.53036514,0.35814907,0.33422942,0.38150936,0.10727738,0.39578089,-0.16238492,1.24131668,0.24336915,0.26416066,0.27271425,-0.11988787,-0.48299137,0.13967374,0.10318041,0.17365181,1.24131668,1.44133798,1.68000300,1.94326934,0.24336915,0.50676361,0.73511949,0.26416066,0.50702631,0.27271425,1.79000591,0.74012096,0.55764914,0.41812219,0.46085651
281,0.04866311,0.32056510,0.48625211,0.48087330,0.42628123,0.07731557,1.76814711,0.30603313,0.56804295,0.34907313,0.37589926,0.37973584,0.14866578,0.40911521,-0.11563735,1.22325709,0.24289248,0.26736363,0.26933607,-0.13124971,-0.48617925,0.13747706,0.10568870,0.17340716,1.22325709,1.42081064,1.66185108,1.92080860,0.24289248,0.50946391,0.73090875,0.26736363,0.50418554,0.26933607,1.80571193,0.76976163,0.58325561,0.43117675,0.46275273
282,0.05223910,0.32705120,0.46044269,0.47862498,0.45152832,0.03058780,1.81341095,0.30845146,0.57833962,0.36339532,0.39180385,0.39764456,0.16196285,0.43008633,-0.13006118,1.26779106,0.24315630,0.27077573,0.29517970,-0.13957266,-0.48123283,0.13401859,0.10706523,0.17153409,1.26779106,1.46210105,1.70554896,1.99301686,0.24315630,0.51238321,0.76322510,0.27077573,0.53762951,0.29517970,1.84920732,0.78349594,0.60481550,0.45295157,0.48131723
283,0.05314133,0.31222917,0.42156202,0.47903452,0.45403159,-0.03901789,1.82443618,0.31984402,0.61105820,0.37872108,0.43540629,0.41696515,0.19667763,0.45844505,-0.09585023,1.26833945,0.24330769,0.28073546,0.29590183,-0.13830012,-0.42113530,0.13177861,0.11124063,0.17245312,1.26833945,1.45219615,1.70380333,1.99342050,0.24330769,0.52095227,0.77438087,0.28073546,0.55187794,0.29590183,1.85911649,0.81948039,0.64353285,0.48243847,0.49442342
284,0.05269210,0.31718149,0.43649368,0.48043631,0.45625952,-0.07055613,1.78599395,0.28931668,0.64132444,0.36583358,0.44677049,0.40857969,0.21334713,0.45891760,-0.06703975,1.20203666,0.26142246,0.27074334,0.28510359,-0.12642240,-0.38359242,0.13277917,0.11237634,0.17395042,1.20203666,1.41111823,1.65811572,1.93798475,0.26142246,0.52908174,0.77883354,0.27074334,0.53551562,0.28510359,1.82147112,0.82054219,0.63546360,0.48027561,0.48637430
285,0.04967013,0.32246683,0.46130921,0.46960027,0.42762004,-0.09615381,1.81155933,0.31900246,0.65931493,0.36537224,0.48053235,0.41436278,0.25102531,0.46507066,-0.02697914,1.22731462,0.24248011,0.27916656,0.28424186,-0.16333411,-0.50941065,0.13313867,0.11276544,0.17447622,1.22731462,1.41092254,1.65781899,1.93250845,0.24248011,0.52042901,0.75462713,0.27916656,0.53108750,0.28424186,1.85156470,0.85951238,0.67086884,0.50470334,0.49661315
286,0.05757334,0.30670434,0.44077130,0.46354812,0.46453107,-0.15062744,1.79135301,0.31296904,0.68472230,0.36766190,0.50209815,0.41396512,0.26053307,0.46254654,-0.04755007,1.20284913,0.24553131,0.28155267,0.31278978,-0.15570821,-0.43939580,0.13204535,0.11511408,0.17517769,1.20284913,1.39126183,1.64461458,1.94702517,0.24553131,0.52464922,0.79400542,0.28155267,0.56917103,0.31278978,1.82717676,0.85841771,0.67355585,0.50378961,0.48688097
287,0.06407834,0.28229622,0.41217761,0.46482068,0.45810794,-0.20777002,1.77856242,0.30682582,0.69904023,0.35055430,0.52808773,0.40320427,0.29690281,0.45809283,-0.01647265,1.19903442,0.23956933,0.27086246,0.31833040,-0.15071310,-0.35557785,0.13046689,0.11986900,0.17717276,1.19903442,1.37153124,1.61591604,1.92451331,0.23956933,0.50679961,0.78387084,0.27086246,0.56792533,0.31833040,1.81953346,0.86631593,0.68044865,0.51410474,0.47575272
288,0.05839704,0.29122569,0.41057477,0.46664474,0.46077680,-0.24842873,1.79769067,0.28653340,0.73091735,0.35303965,0.55817463,0.41331181,0.32106225,0.47302653,0.03072099,1.19818330,0.24854404,0.27766886,0.29710221,-0.17524246,-0.37440439,0.12927525,0.12053366,0.17674969,1.19818330,1.37899486,1.62926191,1.91613830,0.24854404,0.52189333,0.77576125,0.27766886,0.55223554,0.29710221,1.84243075,0.89275347,0.70948776,0.53875513,0.49659327
289,0.05907454,0.28192341,0.42107160,0.44746936,0.44628093,-0.26791315,1.80327500,0.30015514,0.73677173,0.34896479,0.59108251,0.42147490,0.37091296,0.48919080,0.04275872,1.21280728,0.22333694,0.27077476,0.33594927,-0.18860814,-0.36436150,0.12642724,0.12182136,0.17556848,1.21280728,1.36137735,1.60194324,1.92428660,0.22333694,0.48969156,0.77104983,0.27077476,0.57766258,0.33594927,1.85168386,0.90341543,0.73613617,0.57541176,0.51355332
290,0.06170213,0.30297451,0.42025077,0.46797153,0.48325449,-0.28779390,1.80751266,0.28719116,0.74927930,0.34953309,0.57056616,0.41664104,0.33973280,0.48581854,0.03127709,1.20824479,0.25082570,0.27741322,0.31710670,-0.18302653,-0.36714504,0.12626250,0.12178689,0.17542596,1.20824479,1.39312729,1.64106712,1.94583994,0.25082570,0.52566275,0.79515726,0.27741322,0.56769148,0.31710670,1.85908603,0.90705032,0.71724730,0.55079298,0.50792455
291,0.06138335,0.30951490,0.42246017,0.46405028,0.47422619,-0.29516553,1.82763922,0.26775530,0.74527570,0.33659008,0.59322421,0.41363131,0.36892929,0.49444936,0.06130066,1.22373185,0.23019811,0.27655941,0.31917581,-0.19233359,-0.34631812,0.12481729,0.12275414,0.17506552,1.22373185,1.38811498,1.63473547,1.94303173,0.23019811,0.50339015,0.77098324,0.27655941,0.56678745,0.31917581,1.88047253,0.89892988,0.73240218,0.56808219,0.52065631
292,0.06153270,0.27914034,0.38628092,0.46052730,0.45754479,-0.29260376,1.83666845,0.29725239,0.75863003,0.35184325,0.59133925,0.42307292,0.35837703,0.49070254,0.05262367,1.23207831,0.23875044,0.27750534,0.31321470,-0.17315246,-0.31751251,0.12455528,0.12085912,0.17355386,1.23207831,1.40406301,1.65519593,1.95852585,0.23875044,0.51246763,0.78649451,0.27750534,0.57046530,0.31321470,1.88747351,0.91250862,0.73192964,0.56658316,0.50867572
293,0.05933799,0.28065477,0.39034497,0.46943074,0.46713990,-0.27317789,1.83296975,0.30231256,0.77718142,0.35503419,0.58843660,0.42482626,0.34764467,0.49962793,0.08531868,1.20703005,0.25633840,0.28631958,0.27351049,-0.19715537,-0.37835169,0.12565541,0.12023576,0.17391354,1.20703005,1.39539669,1.65311390,1.91921336,0.25633840,0.54004667,0.77332804,0.28631958,0.53669671,0.27351049,1.88311387,0.94255419,0.73988293,0.56548214,0.53024241
294,0.05331482,0.26618545,0.36011361,0.44746457,0.43824718,-0.24812261,1.82948395,0.29915593,0.76989466,0.36844365,0.59101589,0.43411146,0.35059521,0.49209066,0.05331464,1.19600779,0.25046014,0.28114864,0.30297187,-0.17205928,-0.33372273,0.12604530,0.11972494,0.17384326,1.19600779,1.38525493,1.64097931,1.93391819,0.25046014,0.52800877,0.79449963,0.28114864,0.56521906,0.30297187,1.87405126,0.92311817,0.74036396,0.57098576,0.51136565
295,0.05261512,0.25833540,0.34187863,0.44788796,0.36358985,-0.19237144,1.83125828,0.31444115,0.73506957,0.37038676,0.55523540,0.43082992,0.32519142,0.48127582,0.05539359,1.21118649,0.25074306,0.26957367,0.27447968,-0.15352423,-0.34635628,0.12799438,0.12057230,0.17584152,1.21118649,1.39653951,1.64217431,1.90967949,0.25074306,0.51676683,0.75776892,0.26957367,0.52703650,0.27447968,1.87020029,0.90283846,0.71409557,0.55452451,0.50130124
296,0.05129030,0.25570387,0.37225092,0.46204194,0.32768386,-0.14544209,1.83213200,0.32710186,0.70786472,0.35428413,0.52532624,0.41187663,0.29434437,0.45931468,0.04031747,1.22303295,0.25061895,0.27332197,0.25844978,-0.14371719,-0.35422068,0.12907122,0.12090180,0.17685198,1.22303295,1.40122221,1.64927717,1.90246193,0.25061895,0.52010998,0.74363585,0.27332197,0.51306304,0.25844978,1.86851646,0.89013591,0.68478808,0.52154571,0.47890704
297,0.04902779,0.25608821,0.41151727,0.46070062,0.37626667,-0.01191352,1.78366598,0.31523229,0.64999466,0.34468919,0.45154306,0.40204552,0.23415212,0.44315240,-0.02592042,1.18325248,0.25648050,0.26360865,0.26379998,-0.14344363,-0.41597352,0.13474776,0.11818651,0.17923451,1.18325248,1.38086322,1.61739121,1.87584074,0.25648050,0.51857054,0.74316657,0.26360865,0.50240131,0.26379998,1.81526788,0.83847166,0.62720074,0.48260803,0.46681899
298,0.05244207,0.25823685,0.41899228,0.45851931,0.37260987,0.12097345,1.72863034,0.33671529,0.56901823,0.36702533,0.38102036,0.40217288,0.17013292,0.41764459,-0.09499607,1.18074354,0.24607092,0.25087465,0.26558206,-0.10556672,-0.44382051,0.13758018,0.11350347,0.17835734,1.18074354,1.37367313,1.60073456,1.86238438,0.24607092,0.49580845,0.72834951,0.25087465,0.49664528,0.26558206,1.77239074,0.78664236,0.59411627,0.45829542,0.45001141
299,0.05060948,0.31294367,0.49111980,0.48114425,0.44711949,0.21190077,1.65242209,0.33203134,0.54202900,0.37180239,0.33064678,0.38860010,0.11954606,0.39803733,-0.15889491,1.11710453,0.26500407,0.26141555,0.27875694,-0.08781304,-0.58301345,0.14080681,0.10625065,0.17639660,1.11710453,1.33794281,1.56918137,1.84165131,0.26500407,0.52592805,0.76478737,0.26141555,0.51093989,0.27875694,1.72297772,0.78602020,0.58494848,0.43486735,0.45875370
300,0.04948554,0.30034723,0.49065389,0.46727449,0.44327450,0.30331318,1.65070241,0.34018199,0.49441650,0.37540337,0.29750516,0.39246263,0.09846730,0.38286203,-0.19348435,1.15688561,0.26661332,0.25605891,0.29222101,-0.06695706,-0.63688646,0.14294907,0.10256825,0.17593943,1.15688561,1.36722263,1.59190430,1.87581400,0.26661332,0.52221146,0.76345120,0.25605891,0.51406632,0.29222101,1.75124042,0.77778070,0.57521133,0.43448931,0.46010747
301,0.04379274,0.30316730,0.50873360,0.47635274,0.42053090,0.33316177,1.64264295,0.34414661,0.48591208,0.37289243,0.27868842,0.38173612,0.06823022,0.37153679,-0.19696559,1.15682378,0.26209278,0.25717007,0.26643163,-0.03399744,-0.61438658,0.14500655,0.10490842,0.17897675,1.15682378,1.37255363,1.60267640,1.86003095,0.26209278,0.51879148,0.73928014,0.25717007,0.49155735,0.26643163,1.73553611,0.75246293,0.55500456,0.41748607,0.45670350
302,0.04533052,0.32624025,0.50951092,0.46992279,0.40178286,0.36389695,1.56466012,0.33424219,0.44122983,0.36916709,0.25008168,0.37888814,0.03923852,0.35487212,-0.21497223,1.12382700,0.23354392,0.24414277,0.25671396,-0.04479691,-0.54866861,0.14682498,0.09804998,0.17655417,1.12382700,1.32062113,1.54564839,1.79348354,0.23354392,0.47668313,0.69425944,0.24414277,0.47511579,0.25671396,1.64873896,0.66839694,0.50881102,0.40008913,0.44080655
303,0.04528261,0.34609966,0.52125828,0.47411888,0.40307090,0.39279717,1.56783928,0.28409478,0.44703023,0.32865389,0.24431639,0.34750096,0.01502060,0.33308208,-0.22852957,1.12621088,0.23959012,0.25992036,0.24624765,-0.04963829,-0.51304565,0.14854774,0.09804217,0.17798511,1.12621088,1.33220423,1.57485068,1.81141447,0.23959012,0.49855266,0.70833493,0.25992036,0.48090777,0.24624765,1.65508541,0.62847846,0.46420961,0.36127561,0.42466154
304,0.05087300,0.31774379,0.49598232,0.48455395,0.37405288,0.40557634,1.50514799,0.32912235,0.43436672,0.35025851,0.23409582,0.35425913,0.00531024,0.33830097,-0.22362920,1.07364055,0.23288141,0.25475011,0.22961023,-0.03266693,-0.45688710,0.14797552,0.09900463,0.17804120,1.07364055,1.27927961,1.52072022,1.74645802,0.23288141,0.48696122,0.69438807,0.25475011,0.46969950,0.22961023,1.59947364,0.64304889,0.47731772,0.37170447,0.42282687
305,0.04501103,0.34653139,0.54763458,0.47986424,0.42335585,0.45176523,1.58225025,0.33069458,0.43416934,0.34697054,0.22921300,0.34776656,-0.00367705,0.33386063,-0.23763147,1.15446523,0.24418856,0.26670087,0.23759958,-0.02377111,-0.56097615,0.14870804,0.09856993,0.17840996,1.15446523,1.36411127,1.61180344,1.83803573,0.24418856,0.51038391,0.70774235,0.26670087,0.47579383,0.23759958,1.68495905,0.65167302,0.47251341,0.36037109,0.43098010
306,0.04389025,0.38481469,0.53621103,0.46002784,0.45168685,0.48784967,1.55146157,0.31908875,0.43381966,0.32778035,0.23871147,0.33397134,0.01404498,0.31732396,-0.24593324,1.13049787,0.24559048,0.27134251,0.27066567,0.00162539,-0.68095419,0.15269422,0.10228598,0.18378777,1.13049787,1.33328338,1.57818605,1.82242248,0.24559048,0.51671380,0.71681120,0.27134251,0.49108620,0.27066567,1.67425259,0.65741871,0.46527823,0.34282795,0.42843010
307,0.08161142,0.38444052,0.51605239,0.45289439,0.42854456,0.45986457,1.42456196,0.32989680,0.42907964,0.32002822,0.23734979,0.32669813,0.00368370,0.31989483,-0.24791416,1.00541672,0.22921552,0.28064674,0.25748903,0.02957194,-0.59407808,0.15460785,0.10409008,0.18638222,1.00541672,1.20887604,1.46593647,1.70165668,0.22921552,0.50957645,0.71385003,0.28064674,0.49565528,0.25748903,1.55160627,0.64648624,0.45922499,0.33478134,0.42428424
308,0.05221858,0.36033311,0.53242283,0.45177332,0.40234835,0.48212083,1.46335471,0.31989483,0.40600437,0.32061840,0.20157228,0.32832593,-0.02499717,0.32690911,-0.26282790,1.07023227,0.25215709,0.26641897,0.24344855,-0.00070577,-0.58209096,0.15536206,0.10365174,0.18676470,1.07023227,1.28483685,1.53023419,1.75383717,0.25215709,0.51819584,0.70914517,0.26641897,0.47270087,0.24344855,1.59066393,0.63128052,0.43539122,0.33767581,0.43821557
309,0.04680621,0.40156902,0.53089536,0.45380462,0.41021545,0.50790458,1.49913167,0.33220824,0.44840844,0.32915493,0.20802990,0.33353224,-0.02316985,0.33555112,-0.25388661,1.06642356,0.28566794,0.27327240,0.23919554,0.01550166,-0.62431827,0.15499906,0.10810011,0.18897180,1.06642356,1.31913179,1.57141704,1.78446444,0.28566794,0.55888531,0.74116713,0.27327240,0.46927522,0.23919554,1.63754298,0.67015885,0.44563682,0.34181494,0.44165906
310,0.04477618,0.34453037,0.51713457,0.45707044,0.45792538,0.50306526,1.52205642,0.35678740,0.36965055,0.32575527,0.18380075,0.32602017,-0.04071271,0.32059501,-0.27951019,1.16168202,0.25030992,0.28101776,0.24625248,0.03511762,-0.68046483,0.15795585,0.10988053,0.19241565,1.16168202,1.36099851,1.60953561,1.83263872,0.25030992,0.52986770,0.70550772,0.28101776,0.47601611,0.24625248,1.65568952,0.65476996,0.44503566,0.33638075,0.44535459
311,0.04215124,0.32367784,0.50284459,0.45693107,0.45485405,0.49812389,1.52417352,0.38008068,0.34431331,0.33077122,0.17238791,0.32641642,-0.04569804,0.31677679,-0.27819820,1.18602998,0.24224029,0.28153309,0.23831889,0.06195578,-0.69119850,0.15945475,0.11323391,0.19557028,1.18602998,1.37517153,1.62134147,1.83876946,0.24224029,0.52107302,0.68962296,0.28153309,0.46822770,0.23831889,1.66358132,0.66116176,0.45121586,0.33822968,0.44041219
312,0.04377984,0.31896578,0.51716056,0.46000663,0.41159247,0.49369532,1.48630200,0.37781840,0.33928557,0.31544091,0.16433301,0.32863623,-0.05207994,0.33986037,-0.25478767,1.15568306,0.26980350,0.28929919,0.21180818,0.10523681,-0.79213769,0.16201495,0.12344611,0.20368551,1.15568306,1.36228675,1.61645081,1.79477886,0.26980350,0.55274625,0.67910819,0.28929919,0.43983936,0.21180818,1.66236303,0.69637905,0.45318901,0.34451400,0.45036598
313,0.04282114,0.32064160,0.48209479,0.47155420,0.40774959,0.49124857,1.50478040,0.36443415,0.34486295,0.32202202,0.14870345,0.33142927,-0.05155860,0.34937067,-0.23929277,1.16882388,0.26828618,0.26804681,0.19346937,0.10365327,-0.72411048,0.16158777,0.12504792,0.20432227,1.16882388,1.38861319,1.62101737,1.79084183,0.26828618,0.53380806,0.66279765,0.26804681,0.41163628,0.19346937,1.66850840,0.68016616,0.45262597,0.35094891,0.44806641
314,0.05021765,0.32344400,0.44024467,0.48408271,0.39630307,0.46482430,1.43737196,0.35074266,0.36188985,0.33976264,0.14938805,0.35187704,-0.06575192,0.35515253,-0.26718734,1.08266403,0.25174499,0.26715898,0.20153356,0.05952466,-0.57107035,0.16151853,0.11841760,0.20027722,1.08266403,1.30711072,1.54574054,1.74099954,0.25174499,0.51808394,0.69150465,0.26715898,0.44389989,0.20153356,1.57970892,0.65099590,0.46345539,0.37742587,0.46167631
315,0.05434959,0.30410551,0.39040492,0.47830539,0.37796271,0.46825247,1.48161914,0.35273037,0.40920804,0.37350826,0.17017908,0.37335871,-0.05848798,0.36037466,-0.27389732,1.07863229,0.26774157,0.25213383,0.21595734,0.00617992,-0.47382285,0.16421060,0.10716923,0.19608765,1.07863229,1.32077511,1.56023811,1.77289189,0.26774157,0.51943227,0.71672709,0.25213383,0.45494794,0.21595734,1.58827998,0.62936409,0.45836054,0.39036229,0.46490136
316,0.04911238,0.30861015,0.38624009,0.44153480,0.47150884,0.52054852,1.54728223,0.39772383,0.45202297,0.41860545,0.21358058,0.41105228,0.00785092,0.37714325,-0.25535299,1.10226438,0.26621301,0.25295991,0.26739560,-0.00389700,-0.59855851,0.15978405,0.10879896,0.19330845,1.10226438,1.34124899,1.56279857,1.82085427,0.26621301,0.51663268,0.74434333,0.25295991,0.48442055,0.26739560,1.66689161,0.69865269,0.52672152,0.42105417,0.47194868
317,0.05058077,0.32601406,0.39718201,0.43267628,0.44607804,0.50396575,1.51627541,0.35780817,0.47611055,0.39756991,0.22021996,0.40339436,0.01499629,0.38996775,-0.25308519,1.05046897,0.28964588,0.24421323,0.26911947,-0.00132684,-0.59112061,0.16221165,0.11027379,0.19614517,1.05046897,1.30827212,1.52964229,1.79141337,0.28964588,0.53230117,0.76915510,0.24421323,0.48662557,0.26911947,1.64355729,0.70197107,0.51481287,0.41827805,0.48245786
318,0.05529311,0.32450765,0.39599346,0.44604230,0.42679634,0.49093108,1.55192997,0.36030755,0.44719137,0.39091014,0.19144245,0.39610437,-0.01542103,0.38635756,-0.24802840,1.11243422,0.28059374,0.23487337,0.23338888,-0.03170582,-0.47886778,0.16023917,0.10666147,0.19249224,1.11243422,1.36868290,1.58587455,1.81471135,0.28059374,0.51454959,0.72556846,0.23487337,0.44958262,0.23338888,1.65619712,0.65066367,0.47678057,0.40509525,0.46985506
319,0.06199046,0.31451221,0.41770610,0.43569783,0.45688797,0.48212866,1.56884874,0.37251946,0.38308134,0.36150936,0.19825502,0.37787937,-0.01060122,0.37182658,-0.24456520,1.19084398,0.25899418,0.25214979,0.23670905,-0.00023294,-0.59221893,0.16181357,0.11106578,0.19626319,1.19084398,1.38684516,1.61378634,1.83804161,0.25899418,0.50825724,0.68973180,0.25214979,0.45519057,0.23670905,1.69235102,0.67954248,0.47643147,0.39062700,0.46473684
320,0.06017765,0.39209573,0.48004972,0.44669641,0.47809420,0.46030655,1.54408456,0.24531193,0.39387740,0.27377049,0.20753119,0.30656059,-0.00531348,0.31245395,-0.26365954,1.18846672,0.29481331,0.27111433,0.26269749,0.05601733,-0.72133462,0.16387501,0.12560798,0.20647611,1.18846672,1.41777612,1.66837808,1.89594491,0.29481331,0.56238231,0.74517134,0.27111433,0.48714559,0.26269749,1.73533494,0.63704148,0.40253450,0.30990585,0.41913281
321,0.04935958,0.40008918,0.45405224,0.43161610,0.49183644,0.43354360,1.55954821,0.22127527,0.38769338,0.25410963,0.20197894,0.28598821,-0.00709278,0.30326498,-0.26448152,1.22110830,0.31050665,0.26199701,0.27140283,0.07264694,-0.80082768,0.16544764,0.13045157,0.21069061,1.22110830,1.46354212,1.71071999,1.92052004,0.31050665,0.56665553,0.72974840,0.26199701,0.47428415,0.27140283,1.74387945,0.58558256,0.35053845,0.28694555,0.40714337
322,0.04916013,0.42104702,0.47999781,0.46099219,0.49920448,0.44393592,1.58753796,0.19565847,0.40541057,0.24240002,0.21586256,0.28002255,-0.00327107,0.30473311,-0.26175885,1.26119963,0.28046799,0.27369012,0.26290895,0.06002157,-0.74630038,0.16215905,0.12529939,0.20492802,1.26119963,1.49676074,1.75534755,1.97613118,0.28046799,0.55175528,0.74785320,0.27369012,0.49601793,0.26290895,1.80170403,0.57920171,0.36325612,0.28006352,0.40419662
323,0.04085476,0.39923026,0.45143017,0.44617119,0.51787515,0.43948288,1.58179751,0.21805095,0.37817601,0.25476455,0.20580831,0.29037400,-0.00271949,0.31787354,-0.25019996,1.26758469,0.26769727,0.25107523,0.25857214,0.07499888,-0.77980206,0.16669640,0.12449985,0.20805744,1.26758469,1.48666681,1.72560994,1.93072645,0.26769727,0.51351751,0.69002320,0.25107523,0.46499636,0.25857214,1.76235009,0.53576641,0.34520686,0.29155871,0.40686898
324,0.05338628,0.42392110,0.49904857,0.47459545,0.46948617,0.43434952,1.59255910,0.19117085,0.39928692,0.22968770,0.21811626,0.27326350,0.00044688,0.31026065,-0.25037200,1.25843501,0.25914871,0.27237324,0.25406701,0.04087924,-0.67896198,0.16120108,0.12700654,0.20522292,1.25843501,1.47629458,1.72959054,1.95477981,0.25914871,0.52989048,0.73506111,0.27237324,0.49593866,0.25406701,1.79033527,0.58075111,0.37177530,0.27573313,0.40222770
325,0.04316848,0.40097970,0.44854468,0.44151845,0.52113616,0.42081191,1.56862721,0.20912951,0.37267048,0.25232058,0.19960427,0.29079096,-0.00391845,0.31915492,-0.24958383,1.27056150,0.26835823,0.24428648,0.25929851,0.08316379,-0.73460275,0.16760097,0.12658455,0.21003270,1.27056150,1.49386322,1.72747623,1.92536410,0.26835823,0.50734207,0.68031615,0.24428648,0.45704870,0.25929851,1.75494942,0.51749460,0.33444710,0.29330930,0.40710883
326,0.05444624,0.41380542,0.48267883,0.45973099,0.47037987,0.41713075,1.61168843,0.19692841,0.38397796,0.23285492,0.21996272,0.26440691,0.00362091,0.28656349,-0.26176914,1.28450932,0.25697828,0.26552059,0.26845603,0.06403079,-0.69374808,0.16432273,0.12583386,0.20696889,1.28450932,1.49074633,1.74197788,1.97716162,0.25697828,0.51806979,0.72247489,0.26552059,0.49859539,0.26845603,1.78943275,0.55513819,0.35571394,0.26446216,0.38996844
327,0.03919427,0.40931799,0.46047007,0.44532627,0.50977650,0.41343213,1.54721043,0.21119308,0.37575401,0.24368308,0.22049108,0.28237841,0.00715171,0.31774919,-0.23873155,1.23848631,0.25971680,0.25262317,0.25772846,0.07112182,-0.78347567,0.17030345,0.12857332,0.21338782,1.23848631,1.44733601,1.68965247,1.89094938,0.25971680,0.50334350,0.67826111,0.25262317,0.46913763,0.25772846,1.72691683,0.52446387,0.34157182,0.28481892,0.39873658
328,0.04331907,0.41543941,0.48299885,0.46208962,0.50246324,0.42222209,1.61095012,0.22050032,0.39660424,0.25369836,0.23154410,0.28623943,0.01325458,0.31972263,-0.24944634,1.25914164,0.26559100,0.26580098,0.27024987,-0.00446026,-0.79637422,0.16303731,0.12630865,0.20624025,1.25914164,1.46705112,1.71855587,1.94683761,0.26559100,0.52560683,0.71904262,0.26580098,0.49456522,0.27024987,1.78227527,0.58556592,0.38091838,0.28702466,0.41159146
329,0.05012736,0.40414550,0.47613179,0.45723616,0.48516449,0.38208765,1.57872588,0.21551884,0.38856917,0.24702458,0.22892438,0.27347406,0.01934638,0.30982482,-0.23062739,1.24025132,0.26032606,0.25760370,0.25677976,0.06896587,-0.67709725,0.16562531,0.13079002,0.21103974,1.24025132,1.44917414,1.69570754,1.91113586,0.26032606,0.51247435,0.69643705,0.25760370,0.47475817,0.25677976,1.75526955,0.57104097,0.37094768,0.27427558,0.39001932
330,0.03162778,0.39309240,0.42520514,0.41869130,0.49555875,0.39655566,1.54911549,0.22639928,0.38787607,0.27645928,0.23286552,0.30431208,0.03180940,0.33312924,-0.22109802,1.21369633,0.25785409,0.23378493,0.27608658,0.04392745,-0.76143676,0.17046499,0.12944075,0.21404023,1.21369633,1.41638457,1.64362648,1.84559438,0.25785409,0.48232567,0.65261704,0.23378493,0.45757720,0.27608658,1.69419165,0.51423539,0.36498558,0.31288562,0.40197194
331,0.03814713,0.41619983,0.48215697,0.45457185,0.48563121,0.40925727,1.56424111,0.24123871,0.42095944,0.26762235,0.26484865,0.29675864,0.03786409,0.32880194,-0.23025568,1.17918769,0.26559979,0.26736156,0.27903877,-0.02386163,-0.83343450,0.16409120,0.12641917,0.20714180,1.17918769,1.38176994,1.63899330,1.86894820,0.26559979,0.52287085,0.71470092,0.26736156,0.50347016,0.27903877,1.73214395,0.62025518,0.41442789,0.30119503,0.41497823
332,0.04037837,0.41844409,0.45814529,0.44059448,0.47842217,0.38555839,1.60057169,0.21108671,0.41731795,0.24896767,0.25291377,0.27765185,0.03516752,0.31133623,-0.23339680,1.23370039,0.27337334,0.25425717,0.28105288,0.02162267,-0.79356872,0.16695801,0.12493031,0.20852472,1.23370039,1.45007535,1.69677029,1.92193370,0.27337334,0.51793871,0.71066417,0.25425717,0.49308697,0.28105288,1.75840105,0.56395961,0.36873532,0.28126993,0.39201576
333,0.04686021,0.39670363,0.45453324,0.44960081,0.44280634,0.39475463,1.59015526,0.23981078,0.38561613,0.26462209,0.22695460,0.28279661,0.02058319,0.31486748,-0.22151342,1.25398669,0.27045813,0.24924244,0.24882666,0.06896694,-0.78069167,0.16749435,0.12893741,0.21137458,1.25398669,1.46837170,1.70968884,1.91675911,0.27045813,0.51183002,0.68513267,0.24924244,0.46033223,0.24882666,1.76606906,0.57142988,0.37180691,0.28369770,0.38688902
334,0.04439485,0.38050100,0.43637590,0.44496404,0.50208113,0.36549755,1.59182644,0.22933675,0.35855444,0.26419383,0.21784867,0.28764783,0.01842923,0.31702691,-0.22540148,1.27294567,0.22845125,0.23342539,0.25369099,0.05676936,-0.68207831,0.17012000,0.12572048,0.21153358,1.27294567,1.45278454,1.67870782,1.88980777,0.22845125,0.45438657,0.63445151,0.23342539,0.44981896,0.25369099,1.72425273,0.50315837,0.35451383,0.28952323,0.39068088
335,0.04821299,0.40089945,0.45068228,0.45569066,0.47979576,0.34576910,1.61355800,0.20371382,0.37834134,0.25751174,0.24199951,0.28359804,0.03331698,0.32296733,-0.22721671,1.27120257,0.22615197,0.23675286,0.26898473,0.06112655,-0.65981558,0.16502929,0.12266124,0.20562210,1.27120257,1.44214522,1.67292173,1.90539354,0.22615197,0.45206308,0.65756688,0.23675286,0.47690138,0.26898473,1.73275250,0.50426028,0.36507288,0.28605816,0.39661732
336,0.05654487,0.42855407,0.44028820,0.42674407,0.43252513,0.30070894,1.62038549,0.13259922,0.41723938,0.20581390,0.24466020,0.25366767,0.03243661,0.31115191,-0.23947794,1.27637104,0.25574041,0.23237038,0.29125090,0.03002534,-0.55864564,0.16168588,0.13801776,0.21258228,1.27637104,1.49043724,1.71539708,1.94238415,0.25574041,0.47756082,0.70110977,0.23237038,0.49549514,0.29125090,1.74373653,0.47266069,0.31974300,0.26720561,0.39275700
337,0.03744709,0.41597312,0.39928349,0.40387830,0.48800466,0.32287220,1.67159990,0.17060459,0.46454893,0.23625748,0.29109071,0.25923095,0.06574200,0.31263123,-0.20078378,1.28046783,0.27218063,0.24345368,0.31473155,0.01346325,-0.79373781,0.16829740,0.13262526,0.21427430,1.28046783,1.50715648,1.74808417,1.94572682,0.27218063,0.50009181,0.69259113,0.24345368,0.50258692,0.31473155,1.79546486,0.52358425,0.37596430,0.29209619,0.37382941
338,0.03309319,0.43565825,0.42207953,0.40682499,0.37764641,0.31160105,1.63510348,0.11636600,0.44001045,0.20421404,0.27409585,0.25469044,0.03200105,0.32223568,-0.23114502,1.30117567,0.27753968,0.26844631,0.29196980,-0.00408007,-0.75068778,0.15887282,0.13067252,0.20570824,1.30117567,1.52545072,1.78587362,1.98562343,0.27753968,0.53008247,0.73047369,0.26844631,0.51884852,0.29196980,1.80120225,0.50213784,0.34189363,0.27431238,0.39669681
339,0.02899321,0.41645619,0.41649477,0.40649446,0.49630124,0.32764806,1.73039118,0.19830317,0.43925532,0.25100141,0.23934146,0.27940737,0.01552451,0.31672881,-0.23229466,1.32579576,0.30389984,0.24898967,0.30290693,-0.05956929,-0.93775306,0.16172967,0.13534299,0.21088910,1.32579576,1.57284750,1.81745831,2.00924938,0.30389984,0.54199288,0.69996306,0.24898967,0.48058285,0.30290693,1.85161311,0.56755122,0.35526822,0.28126864,0.41759587
340,0.03038648,0.44995484,0.41840053,0.40595476,0.31065761,0.33512217,1.73900338,0.16766866,0.48065251,0.24517662,0.29975992,0.28495133,0.05831240,0.36595226,-0.18926531,1.29968788,0.26454972,0.25966429,0.29524267,-0.12792587,-0.84301279,0.15337276,0.13017763,0.20117012,1.29968788,1.51229411,1.76676399,1.97026410,0.26454972,0.51151439,0.70968727,0.25966429,0.50640557,0.29524267,1.85122384,0.57175480,0.39616028,0.29087598,0.43374443
341,0.02615944,0.41228979,0.43359609,0.41390436,0.36511943,0.30293115,1.70935300,0.17973594,0.45849642,0.25409673,0.27662267,0.28829922,0.04431584,0.35288954,-0.20320517,1.26555151,0.24920982,0.26891651,0.28593191,-0.10308964,-0.85846476,0.15293928,0.13167289,0.20181222,1.26555151,1.46480985,1.72023252,1.93725466,0.24920982,0.51399747,0.70168403,0.26891651,0.48990392,0.28593191,1.80880805,0.61026381,0.42893503,0.30143680,0.45536345
342,0.02605453,0.37700703,0.41457558,0.39688415,0.33905016,0.29694601,1.74967025,0.17799873,0.44302226,0.24802486,0.27392793,0.28538282,0.03787400,0.34177517,-0.21645705,1.31899512,0.21661366,0.26482771,0.29034067,-0.11594380,-0.80210891,0.15135717,0.12637667,0.19718026,1.31899512,1.49774074,1.75034193,1.98085928,0.21661366,0.47807576,0.68708920,0.26482771,0.49946513,0.29034067,1.82522644,0.55932455,0.40908632,0.29436101,0.44677876
343,0.03238198,0.29538480,0.31436418,0.33870877,0.16537509,0.31861116,1.75397266,0.24926662,0.43667612,0.33237623,0.24957877,0.35983564,0.03592539,0.39243144,-0.21656886,1.32006454,0.22429272,0.27058254,0.26104650,-0.08069996,-0.72666517,0.14660976,0.12362078,0.19177205,1.32006454,1.51110002,1.74544679,1.98740553,0.22429272,0.48789351,0.69735053,0.27058254,0.48181528,0.26104650,1.84060091,0.64765353,0.52248569,0.39259720,0.49520944
344,0.03139774,0.28756206,0.28749523,0.30676446,0.20674215,0.30439835,1.73231494,0.26437216,0.43401502,0.34694667,0.25044711,0.37741460,0.04278970,0.39622283,-0.20557851,1.29901025,0.21193286,0.26363651,0.25219188,-0.09065657,-0.59974688,0.14635726,0.11844191,0.18827887,1.29901025,1.48334687,1.70412719,1.94757095,0.21193286,0.46567738,0.67911726,0.26363651,0.47412882,0.25219188,1.79880317,0.64216317,0.53807819,0.41480139,0.49170278
345,0.03586382,0.31929037,0.31405989,0.32990928,0.23743323,0.29790313,1.72179887,0.23713658,0.47598164,0.34439977,0.27978702,0.37157156,0.05836453,0.38361541,-0.22018939,1.24849149,0.23298188,0.27660279,0.28228926,-0.10186974,-0.55109192,0.14386653,0.11745745,0.18572515,1.24849149,1.44280226,1.67417394,1.94823759,0.23298188,0.49488056,0.73502923,0.27660279,0.51552368,0.28228926,1.78145176,0.66621804,0.55650886,0.41373036,0.49245832
346,0.03514148,0.24513808,0.15862200,0.18000583,0.15915437,0.29071963,1.74184438,0.25660175,0.47682368,0.38242544,0.26515121,0.42146083,0.04745347,0.40105935,-0.22600106,1.26573461,0.25502192,0.26750345,0.27426782,-0.07014405,-0.41989960,0.14065090,0.11293206,0.18037829,1.26573461,1.48010531,1.71017733,1.97969743,0.25502192,0.50846793,0.74800901,0.26750345,0.51246626,0.27426782,1.79774517,0.65135708,0.55135314,0.44829763,0.48437033
347,0.03732466,0.16496278,0.10799118,0.10913754,0.13729636,0.28582531,1.76045553,0.31068843,0.44670976,0.41112530,0.23499669,0.43725064,0.03844970,0.38595849,-0.23578504,1.31400993,0.24089343,0.23338082,0.27977928,-0.04426641,-0.32139361,0.13817148,0.10919033,0.17610759,1.31400993,1.53132185,1.73701289,2.00787769,0.24089343,0.46337715,0.71515357,0.23338082,0.49298319,0.27977928,1.80844685,0.62526110,0.53650141,0.45751949,0.46501301
348,0.03690611,0.11652790,0.07267612,0.11192897,0.15185864,0.27208594,1.71443060,0.34758514,0.42004281,0.42883084,0.21644685,0.43863711,0.01923164,0.37001606,-0.24816463,1.29665642,0.22644536,0.22992817,0.27722999,-0.03464645,-0.30032220,0.13852266,0.10616459,0.17452635,1.29665642,1.50678871,1.71097653,1.97388484,0.22644536,0.44656755,0.69786433,0.22992817,0.48973353,0.27722999,1.75980773,0.62351067,0.53955908,0.45731396,0.45716652
349,0.03732740,0.07119443,0.06550064,0.10419577,0.14361099,0.25890704,1.65749979,0.37890452,0.40506199,0.46094329,0.18798663,0.47175228,-0.00062540,0.37547389,-0.26990421,1.25839992,0.23921118,0.22237565,0.28842803,-0.02791056,-0.28833122,0.13889019,0.10565983,0.17451213,1.25839992,1.48373006,1.67857811,1.94015515,0.23921118,0.45160978,0.70775646,0.22237565,0.49086501,0.28842803,1.70178311,0.63529394,0.55782415,0.49052773,0.47245218
350,0.04139424,0.07381010,0.06366578,0.09922014,0.13652199,0.25602189,1.62871143,0.38011541,0.40066730,0.46569879,0.18833748,0.47586722,-0.00029327,0.37289603,-0.27251725,1.23436067,0.23679853,0.22195121,0.29500451,-0.02827642,-0.26387656,0.13848933,0.10516419,0.17389307,1.23436067,1.45635004,1.65199568,1.91666495,0.23679853,0.44865210,0.70989523,0.22195121,0.49811369,0.29500451,1.67512014,0.63271276,0.56029996,0.49374243,0.46934953
351,0.04237672,0.07263953,0.05474029,0.10235192,0.14751115,0.24529607,1.63976984,0.38170113,0.40008032,0.45520597,0.18540983,0.46263412,-0.01009445,0.36122288,-0.29415630,1.24731683,0.23688383,0.22712470,0.30554082,-0.02502251,-0.25316290,0.13714896,0.10529381,0.17290640,1.24731683,1.47024629,1.67221295,1.94908481,0.23688383,0.45653583,0.73231672,0.22712470,0.51551954,0.30554082,1.68433399,0.63670007,0.55036402,0.48127113,0.47326138
352,0.04226839,0.06105662,0.05340078,0.10230157,0.14500152,0.23006689,1.61724404,0.37688021,0.38918456,0.45963303,0.17693688,0.46348120,-0.00638641,0.35260944,-0.28171114,1.23696386,0.23879773,0.21379916,0.30144427,-0.03143882,-0.23440180,0.13779116,0.10512310,0.17331263,1.23696386,1.45940414,1.64827002,1.91493614,0.23879773,0.44377513,0.71101422,0.21379916,0.49824719,0.30144427,1.66020830,0.62735159,0.54996469,0.48272377,0.45873733
353,0.04291193,0.05998741,0.05155164,0.10513093,0.14404239,0.22455051,1.61995579,0.38182105,0.38109231,0.45761462,0.16989998,0.45847204,-0.01525037,0.35352579,-0.28960488,1.24910826,0.23720358,0.21470102,0.29903669,-0.03457222,-0.21883309,0.13715578,0.10393734,0.17208916,1.24910826,1.46949896,1.65940736,1.92585865,0.23720358,0.44432143,0.71346534,0.21470102,0.49911200,0.29903669,1.66191437,0.62871674,0.54660611,0.47882444,0.46416864
354,0.04478096,0.05549923,0.04803184,0.10991404,0.15260684,0.21913051,1.59762507,0.37125533,0.37981317,0.46283460,0.17064229,0.46701280,-0.00990557,0.33744193,-0.29604652,1.22745902,0.23969079,0.20661404,0.31948839,-0.03915885,-0.21244471,0.13770618,0.10366514,0.17236431,1.22745902,1.44856720,1.63362586,1.90900166,0.23969079,0.43711377,0.71525042,0.20661404,0.50864718,0.31948839,1.63809399,0.61453440,0.54694387,0.48647865,0.45554051
355,0.04605345,0.06405168,0.04946745,0.11709650,0.17446590,0.20823278,1.58687728,0.37172624,0.37503194,0.45714996,0.16745527,0.46464488,-0.01988219,0.31481485,-0.31825064,1.22292039,0.23455437,0.21136976,0.33946936,-0.03700723,-0.21866778,0.13786760,0.10300621,0.17209809,1.22292039,1.44204634,1.63401900,1.91981367,0.23455437,0.43821229,0.73172255,0.21136976,0.53051096,0.33946936,1.62502386,0.60568436,0.53787001,0.48317912,0.45304033
356,0.04583635,0.05916719,0.05420310,0.11829208,0.16086756,0.19572434,1.58583082,0.36943997,0.36828160,0.46451416,0.16431502,0.47138392,-0.01856762,0.33982104,-0.29422330,1.23015657,0.23996464,0.20968013,0.31148880,-0.03996363,-0.21154324,0.13787644,0.10302586,0.17211694,1.23015657,1.44783532,1.63570611,1.89843036,0.23996464,0.44103433,0.70757684,0.20968013,0.50250314,0.31148880,1.62383376,0.60956992,0.54463006,0.48925915,0.45470578
357,0.04517686,0.05511720,0.05718374,0.12823307,0.17986782,0.19003581,1.57154830,0.36014211,0.35761329,0.45564356,0.15760853,0.46273010,-0.02843427,0.32648084,-0.30839336,1.22602049,0.23607603,0.21209409,0.31794569,-0.04034654,-0.20751718,0.13792306,0.10273603,0.17198099,1.22602049,1.43983150,1.63086344,1.89812788,0.23607603,0.43932615,0.71123624,0.21209409,0.51127138,0.31794569,1.60837684,0.59372693,0.53281120,0.48021098,0.45320162
358,0.04916192,0.05497168,0.06438917,0.13583653,0.18434552,0.17906160,1.56038345,0.36276718,0.35151292,0.45428415,0.15606750,0.46008470,-0.03088088,0.33965747,-0.29112383,1.22348147,0.23998176,0.21523611,0.29400074,-0.04503261,-0.20019650,0.13790999,0.10206768,0.17157207,1.22348147,1.43240163,1.62471715,1.87313370,0.23998176,0.44767596,0.69991034,0.21523611,0.49242922,0.29400074,1.59863971,0.60906820,0.53489651,0.47877879,0.45189837
359,0.04731271,0.05329547,0.07132472,0.14490557,0.19348405,0.17442146,1.56610163,0.36217182,0.34692765,0.45793931,0.16127129,0.46139403,-0.02471195,0.34796741,-0.28134145,1.23481741,0.23467594,0.21647893,0.28773023,-0.05364854,-0.20039069,0.13712788,0.10168047,0.17071313,1.23481741,1.43405778,1.62455116,1.86921454,0.23467594,0.44196788,0.68856020,0.21647893,0.48830777,0.28773023,1.60296857,0.61156684,0.54294824,0.48062959,0.45269901
360,0.04978835,0.05379583,0.07281253,0.14741574,0.18728706,0.17124298,1.54865627,0.36472423,0.33571909,0.45864059,0.14913090,0.46031131,-0.04165176,0.35278344,-0.29278702,1.22993618,0.23878877,0.22336238,0.28155526,-0.05293932,-0.19677596,0.13824473,0.10032371,0.17081116,1.22993618,1.42966584,1.62506057,1.86536057,0.23878877,0.45309447,0.69652400,0.22336238,0.49036341,0.28155526,1.58581141,0.61214630,0.54024554,0.47940675,0.46225857
361,0.05290887,0.05296732,0.07856831,0.15041865,0.19558369,0.16820762,1.54680667,0.34707590,0.33586578,0.46144699,0.14924694,0.46740903,-0.04164496,0.35466024,-0.29899507,1.22549301,0.24681162,0.22153330,0.28920076,-0.05125282,-0.18846490,0.13770381,0.10141785,0.17102023,1.22549301,1.42905983,1.62503827,1.87014620,0.24681162,0.45630247,0.70002526,0.22153330,0.49498153,0.28920076,1.58298875,0.59663460,0.53945925,0.48536236,0.46718005
362,0.05280909,0.05079378,0.08285280,0.15674982,0.20254927,0.15092861,1.53749577,0.34407766,0.32722543,0.44975894,0.13717312,0.45712498,-0.04412257,0.35091269,-0.29133123,1.22678482,0.24586594,0.21421747,0.27784149,-0.04577387,-0.17950723,0.13806250,0.10321445,0.17237888,1.22678482,1.43313065,1.62039458,1.85579605,0.24586594,0.45048316,0.68658719,0.21421747,0.47638115,0.27784149,1.57291913,0.58980410,0.52572714,0.47498987,0.45903577
363,0.05177105,0.04917662,0.08388273,0.15889972,0.19835137,0.14363309,1.53722177,0.35193451,0.32689827,0.44824253,0.13521642,0.45893233,-0.04248259,0.37062027,-0.27231449,1.22964522,0.24506021,0.21555647,0.25428469,-0.04674756,-0.18425430,0.13727174,0.10340126,0.17185852,1.22964522,1.43585444,1.62074990,1.83974300,0.24506021,0.45332416,0.67198567,0.21555647,0.45427770,0.25428469,1.57244283,0.59992545,0.52655699,0.47611056,0.46328613
364,0.05331810,0.04954860,0.09080331,0.16968576,0.21374645,0.13791276,1.52310758,0.35080622,0.31626455,0.42801476,0.12987423,0.43740133,-0.05012286,0.36210852,-0.27480089,1.22727084,0.23438508,0.21619061,0.24498913,-0.04690907,-0.18199415,0.13811232,0.10303639,0.17231225,1.22727084,1.42410130,1.61073049,1.82695360,0.23438508,0.44576765,0.66334414,0.21619061,0.44842076,0.24498913,1.55717186,0.59353168,0.50766595,0.45652188,0.45832786
365,0.05462255,0.05337793,0.09550843,0.17949992,0.23933799,0.13362107,1.51943386,0.35942790,0.30486012,0.44162056,0.11917449,0.45188311,-0.06260800,0.34877417,-0.31552308,1.23688962,0.23200207,0.21812961,0.28102503,-0.04319001,-0.18898997,0.13759097,0.10231560,0.17146357,1.23688962,1.43464793,1.62280953,1.86273300,0.23200207,0.44447617,0.68854078,0.21812961,0.48196083,0.28102503,1.55294009,0.58864881,0.51677501,0.47180543,0.47342750
366,0.05524779,0.05698541,0.09841186,0.18080865,0.23797395,0.12838497,1.52041095,0.35678058,0.31097139,0.44829391,0.12128441,0.46249372,-0.06614236,0.35849835,-0.31930002,1.23254418,0.24293692,0.22197682,0.28263762,-0.05087166,-0.16842072,0.13674832,0.10383750,0.17170419,1.23254418,1.43632017,1.63065357,1.87009844,0.24293692,0.45890367,0.70227092,0.22197682,0.48761409,0.28263762,1.55427084,0.59540190,0.52283734,0.48288795,0.48283294
367,0.05691969,0.05874852,0.09664566,0.18295957,0.23915688,0.12153720,1.52587903,0.34680749,0.32218187,0.44292942,0.12239041,0.46220008,-0.06125150,0.37107919,-0.31124208,1.22698236,0.25809513,0.22152683,0.27475132,-0.05594587,-0.15411464,0.13652613,0.10577369,0.17270628,1.22698236,1.44089122,1.63301037,1.87030620,0.25809513,0.47446043,0.71143569,0.22152683,0.47919817,0.27475132,1.56067954,0.60756876,0.52253298,0.48306060,0.48777157
368,0.05632719,0.05546915,0.09481560,0.18244140,0.25083232,0.12438786,1.52432426,0.34525868,0.32542505,0.42947698,0.12638556,0.44072930,-0.06924267,0.34487312,-0.31763972,1.22087271,0.25099700,0.22713730,0.27439159,-0.05167026,-0.16158950,0.13743317,0.10462693,0.17272716,1.22087271,1.43215982,1.63419608,1.87090972,0.25099700,0.47295144,0.71338292,0.22713730,0.48698334,0.27439159,1.55812955,0.59806531,0.50630627,0.46241368,0.47210939
369,0.05681643,0.05930152,0.09592681,0.18316850,0.24425523,0.12617169,1.51174258,0.34748586,0.30589233,0.42819278,0.10128320,0.44310171,-0.09032338,0.35805541,-0.32321044,1.22793462,0.25664137,0.22496793,0.25576179,-0.04967454,-0.16327891,0.13785217,0.10509729,0.17334550,1.22793462,1.44381584,1.64301666,1.86543222,0.25664137,0.47772204,0.70229373,0.22496793,0.46628725,0.25576179,1.54565892,0.58972869,0.49793435,0.46689203,0.48529784
370,0.06083584,0.07387443,0.11540029,0.19724827,0.25371012,0.12092912,1.48863480,0.33819556,0.29810252,0.41786804,0.09925878,0.42898505,-0.08650562,0.33888081,-0.31919341,1.21209049,0.25010411,0.22044073,0.25864147,-0.04360337,-0.16517107,0.13908463,0.10578328,0.17474163,1.21209049,1.42207606,1.61498745,1.83767045,0.25010411,0.46615651,0.69316895,0.22044073,0.46478167,0.25864147,1.52268614,0.57959601,0.48966488,0.45299314,0.46810270
371,0.05919455,0.08403699,0.12711657,0.20062920,0.25192268,0.10543762,1.49001053,0.32486664,0.28917505,0.41997745,0.10090430,0.43376649,-0.07976030,0.34894446,-0.30462654,1.22244061,0.24215643,0.21730076,0.24989991,-0.04050415,-0.16480010,0.13912312,0.10637660,0.17513202,1.22244061,1.42529897,1.61315618,1.82724941,0.24215643,0.45282073,0.66907963,0.21730076,0.45278246,0.24989991,1.52124603,0.56005636,0.49119665,0.45552065,0.46543128
372,0.06215688,0.08535895,0.13937992,0.21604571,0.27002501,0.10831595,1.46608770,0.34234930,0.27289350,0.42890244,0.07380661,0.43638153,-0.10380462,0.34612566,-0.32228811,1.21809196,0.24976222,0.21544251,0.24683311,-0.04347966,-0.16455269,0.13927493,0.10656458,0.17536680,1.21809196,1.42962185,1.61307236,1.82050262,0.24976222,0.45921254,0.67399548,0.21544251,0.44821079,0.24683311,1.49817285,0.56763892,0.49593495,0.46333537,0.47508139
373,0.06543241,0.09780644,0.15458364,0.22447737,0.26022333,0.10629251,1.44907716,0.33632633,0.26157340,0.41870307,0.06801193,0.43172763,-0.10084431,0.36780248,-0.29168993,1.21205323,0.24558254,0.21010177,0.21285981,-0.04547075,-0.16200060,0.13999902,0.10685487,0.17611840,1.21205323,1.41681803,1.59321072,1.77698578,0.24558254,0.45108905,0.64009116,0.21010177,0.41166550,0.21285981,1.48101123,0.56054172,0.48616064,0.45756651,0.47147410
374,0.06807572,0.10047673,0.16839266,0.23922272,0.27661333,0.11534751,1.44071548,0.34347334,0.23790332,0.42000732,0.05309499,0.42489124,-0.11431757,0.35638408,-0.30737221,1.22646308,0.23675441,0.20924956,0.21667268,-0.04226552,-0.16735724,0.13971434,0.10845910,0.17687135,1.22646308,1.42166297,1.59556047,1.78212399,0.23675441,0.44072468,0.63373385,0.20924956,0.41522698,0.21667268,1.47503539,0.55685906,0.48737709,0.45504535,0.47281334
375,0.07025465,0.11437748,0.17277638,0.24001544,0.26893948,0.11282536,1.43726390,0.34131731,0.22494456,0.42677659,0.04114176,0.44220195,-0.11369570,0.38149109,-0.29879416,1.23637644,0.24015482,0.20050906,0.20706013,-0.04370891,-0.16910482,0.13948135,0.10901268,0.17702771,1.23637644,1.43175617,1.59500187,1.77353130,0.24015482,0.43589820,0.61792161,0.20050906,0.39531909,0.20706013,1.47220296,0.55815719,0.49695438,0.47333468,0.48764357
376,0.06962356,0.12885803,0.17006180,0.23623964,0.26295762,0.11571428,1.43943093,0.33546034,0.25560116,0.42221705,0.06086752,0.43514306,-0.09530686,0.38033676,-0.28848050,1.20652501,0.25131435,0.20510936,0.21208296,-0.02651821,-0.17565351,0.14098792,0.11031415,0.17901622,1.20652501,1.41333040,1.57888466,1.76677057,0.25131435,0.45113098,0.63982716,0.20510936,0.40501349,0.21208296,1.47723868,0.57338855,0.49718682,0.46214169,0.48049907
377,0.06789165,0.14226907,0.16557480,0.22554120,0.24619663,0.11905200,1.44415710,0.32283937,0.25661842,0.42975474,0.05225989,0.45081786,-0.10141232,0.39799157,-0.29607561,1.20768062,0.26727383,0.20473888,0.21162277,-0.02776273,-0.17757032,0.14150751,0.10978989,0.17910386,1.20768062,1.42714243,1.59176982,1.78019956,0.26727383,0.46558016,0.64948315,0.20473888,0.40176999,0.21162277,1.48226050,0.57031348,0.50441184,0.47875141,0.49980310
378,0.06973264,0.14342794,0.16430109,0.22801682,0.25024772,0.12940350,1.44413458,0.33172357,0.25211793,0.42891031,0.04626226,0.45072269,-0.10531120,0.39450071,-0.30129444,1.21176186,0.26773245,0.20161853,0.21403331,-0.02371280,-0.17500473,0.14114735,0.10994569,0.17891515,1.21176186,1.43086168,1.59392899,1.78396421,0.26773245,0.46469131,0.65107539,0.20161853,0.40062279,0.21403331,1.48320025,0.57292203,0.49976757,0.47845912,0.49955095
379,0.06899732,0.14634281,0.16082511,0.22131043,0.24579872,0.12960520,1.45572476,0.32429130,0.28574814,0.43846836,0.07965922,0.46226463,-0.08818638,0.39723923,-0.29765332,1.18927469,0.27571171,0.21970429,0.22998576,-0.02733860,-0.17949827,0.14133524,0.10990715,0.17903975,1.18927469,1.41140889,1.59141319,1.79334862,0.27571171,0.48880538,0.68534424,0.21970429,0.43327506,0.22998576,1.49675468,0.59598971,0.51958248,0.48753796,0.49978227
380,0.06676613,0.14146134,0.15734258,0.21814139,0.24045500,0.12584660,1.46841418,0.33982692,0.28941393,0.44317700,0.08759487,0.46333954,-0.08099703,0.39922155,-0.29798478,1.20095998,0.26737960,0.21845285,0.23645019,-0.02959739,-0.16894774,0.14113227,0.11121176,0.17968409,1.20095998,1.41813603,1.59813949,1.80730959,0.26737960,0.47998404,0.68522669,0.21845285,0.43941240,0.23645019,1.50893640,0.60219167,0.52248720,0.48670923,0.50135297
381,0.06632803,0.12564975,0.14997643,0.21379478,0.23977592,0.12362563,1.47838155,0.35048293,0.28123851,0.45110181,0.07521554,0.47322911,-0.09675669,0.40461120,-0.31364073,1.22115795,0.27209894,0.22065798,0.23754957,-0.03352932,-0.15300565,0.14034794,0.11191823,0.17950831,1.22115795,1.44234812,1.62602625,1.83391955,0.27209894,0.48788758,0.69304564,0.22065798,0.44199253,0.23754957,1.51790110,0.60323709,0.52406814,0.49756945,0.51447400
382,0.06683063,0.12497541,0.15146846,0.21210385,0.24055563,0.11910157,1.48054151,0.32856675,0.28154572,0.44754842,0.06834306,0.46974079,-0.09277813,0.39343026,-0.30765235,1.21938881,0.28176976,0.20978522,0.23859353,-0.03219332,-0.15338710,0.14177621,0.11114650,0.18015004,1.21938881,1.45143176,1.62420283,1.82909389,0.28176976,0.48441829,0.68503688,0.20978522,0.43058509,0.23859353,1.51836330,0.58170940,0.51628174,0.49258227,0.50149711
383,0.06616867,0.11868315,0.14663788,0.20994008,0.23474121,0.10652840,1.49797841,0.32260714,0.29068789,0.44870885,0.08345469,0.47055126,-0.07863203,0.39688041,-0.29868394,1.22921192,0.28074195,0.21092180,0.24304636,-0.03408974,-0.15073381,0.14168461,0.11064271,0.17976745,1.22921192,1.45653165,1.62950132,1.83913134,0.28074195,0.48335690,0.68783419,0.21092180,0.43694856,0.24304636,1.53390186,0.58658395,0.52185170,0.49189849,0.49898953
384,0.06682048,0.12572138,0.13870956,0.20236386,0.22979237,0.09899800,1.48628815,0.30368615,0.28896628,0.42573316,0.08871662,0.44644967,-0.07675795,0.37324716,-0.30137021,1.21687380,0.27020693,0.20605092,0.24693094,-0.03275856,-0.14035622,0.14336868,0.11244105,0.18220200,1.21687380,1.43656910,1.61155496,1.82636106,0.27020693,0.46827983,0.67848510,0.20605092,0.43832652,0.24693094,1.51842530,0.55740643,0.49344203,0.46667478,0.48141381
385,0.06666676,0.09852267,0.12771179,0.19486588,0.22427971,0.10858030,1.50530893,0.31513811,0.28618116,0.42935152,0.08693451,0.44502848,-0.07739398,0.37187323,-0.29630109,1.23858894,0.26660457,0.20545351,0.24269018,-0.03472069,-0.13981812,0.14372530,0.11221746,0.18234506,1.23858894,1.45558163,1.62870805,1.83934096,0.26660457,0.46419642,0.67321184,0.20545351,0.43486938,0.24269018,1.53942699,0.56752140,0.49946245,0.46676649,0.47738696
386,0.06164067,0.08330624,0.09910666,0.17004544,0.18810178,0.11387377,1.52978264,0.31077574,0.29223971,0.43088733,0.09965429,0.45730815,-0.06391146,0.39105521,-0.28256714,1.25459954,0.26148584,0.20377188,0.23915962,-0.03814522,-0.13610697,0.14435289,0.11171135,0.18252995,1.25459954,1.46645346,1.64100618,1.85149085,0.26148584,0.45831175,0.66235116,0.20377188,0.42839251,0.23915962,1.56267302,0.55757512,0.49811973,0.47480615,0.48410578
387,0.05427503,0.07741637,0.08614876,0.16284341,0.19322598,0.12660885,1.52985602,0.32330433,0.30862655,0.43671079,0.10168282,0.45334906,-0.06942363,0.37820891,-0.28468547,1.23869755,0.26798116,0.21238412,0.23892386,-0.04279428,-0.15207768,0.14527989,0.10986196,0.18214251,1.23869755,1.46274804,1.64290970,1.84993772,0.26798116,0.47242802,0.67782218,0.21238412,0.43723043,0.23892386,1.56488337,0.57982729,0.50970138,0.47348395,0.47563132
388,0.05410521,0.07128741,0.10259771,0.17207673,0.20779669,0.13870341,1.50201979,0.35009889,0.31370072,0.46267381,0.11199895,0.47662039,-0.05507175,0.39144669,-0.28102448,1.20903211,0.25740894,0.21077054,0.25260711,-0.04712869,-0.16052894,0.14635988,0.11188718,0.18422800,1.20903211,1.42792598,1.60246956,1.81745879,0.25740894,0.45851949,0.67449734,0.21077054,0.44755739,0.25260711,1.53823008,0.59940536,0.54160394,0.49724121,0.48516639
389,0.05138921,0.07163235,0.09623730,0.16791467,0.21329974,0.16875046,1.51888751,0.37893634,0.32075157,0.49881772,0.11099743,0.50541568,-0.06600634,0.40023054,-0.31291354,1.21792735,0.26163874,0.21754149,0.27914370,-0.03590876,-0.20266225,0.14675411,0.10746264,0.18189280,1.21792735,1.44661928,1.62877906,1.86231355,0.26163874,0.46581500,0.70292035,0.21754149,0.48026728,0.27914370,1.55739108,0.61341184,0.57328825,0.52691334,0.51119768
390,0.06303288,0.05146693,0.09224183,0.16347213,0.20009791,0.17912062,1.47758716,0.39881532,0.28122100,0.48412677,0.10237920,0.48062460,-0.07982149,0.39837949,-0.29097808,1.21864364,0.22666403,0.21875816,0.23800430,-0.04928707,-0.20030715,0.14975316,0.10951603,0.18552566,1.21864364,1.40907700,1.59404451,1.79681567,0.22666403,0.43639921,0.64787032,0.21875816,0.44680522,0.23800430,1.51516798,0.60518171,0.55343670,0.50344670,0.49628426
391,0.05677366,0.03343659,0.07993794,0.16450003,0.21201110,0.20231880,1.49267538,0.41154352,0.28781772,0.49581770,0.08478292,0.47826837,-0.09380246,0.38118289,-0.30346544,1.22395869,0.24640418,0.21724972,0.24062591,-0.03250061,-0.22403060,0.14906152,0.10993661,0.18521715,1.22395869,1.43941656,1.62061860,1.82222934,0.24640418,0.45247625,0.66417200,0.21724972,0.44704767,0.24062591,1.53747265,0.61736813,0.56072469,0.50323085,0.49068047
392,0.05841889,0.02743907,0.07380892,0.16482502,0.22349568,0.20371605,1.51198703,0.41319528,0.30816378,0.47603121,0.10797330,0.45062065,-0.07536554,0.34634758,-0.29769664,1.22222491,0.23690473,0.22082637,0.25450193,-0.01662430,-0.24180754,0.15145719,0.11375346,0.18941787,1.22222491,1.43254993,1.61919493,1.83521718,0.23690473,0.44899423,0.67816408,0.22082637,0.46525075,0.25450193,1.56333724,0.63380567,0.55248870,0.47737206,0.46227294
393,0.06106308,0.03424846,0.10184627,0.19868909,0.25109460,0.21975539,1.49882732,0.40036245,0.28674699,0.43334864,0.09870516,0.40315068,-0.09225742,0.32256464,-0.31385875,1.22555825,0.21488982,0.21871433,0.24021664,-0.00230835,-0.28650251,0.15652406,0.11317123,0.19315152,1.22555825,1.41876800,1.61233263,1.83028777,0.21488982,0.42896773,0.65396389,0.21871433,0.45212915,0.24021664,1.54588862,0.58923898,0.49811761,0.43137713,0.45656696
394,0.06042700,0.04829842,0.09474189,0.20632635,0.24629920,0.23659882,1.48976828,0.40310291,0.29766252,0.43735263,0.12465815,0.40959158,-0.07040411,0.33914524,-0.30071802,1.20377470,0.20237128,0.22581661,0.24564193,-0.01960600,-0.33812007,0.15904563,0.11763986,0.19782480,1.20377470,1.38234478,1.58171234,1.80975342,0.20237128,0.42360342,0.65471556,0.22581661,0.46449257,0.24564193,1.54234999,0.60383724,0.51313799,0.43467282,0.46010888
395,0.06157378,0.07482375,0.15627649,0.26439989,0.26478832,0.26225264,1.51340643,0.39550232,0.30612060,0.41115669,0.12000712,0.39661329,-0.07696710,0.35301126,-0.30377415,1.21462393,0.22432276,0.22779297,0.23485033,-0.01094661,-0.37241706,0.16079246,0.11877519,0.19990438,1.21462393,1.40647485,1.61304984,1.84029218,0.22432276,0.45086033,0.67256744,0.22779297,0.45532939,0.23485033,1.57786930,0.61935504,0.49150195,0.42368343,0.47341936
396,0.06113200,0.09764879,0.14711036,0.33173192,0.31160895,0.26209850,1.50252208,0.38035123,0.34847286,0.39571389,0.16693760,0.38098586,-0.04486771,0.34963569,-0.30205872,1.16033710,0.23003778,0.25224470,0.25936819,-0.02900487,-0.47200162,0.16483114,0.12021678,0.20401318,1.16033710,1.34730633,1.57240392,1.82599063,0.23003778,0.48088429,0.71231857,0.25224470,0.49397894,0.25936819,1.57388134,0.66032559,0.50825101,0.40687254,0.47830880
397,0.06716644,0.13139261,0.41873040,0.36996416,0.33811306,0.26492531,1.50061754,0.38680296,0.37885336,0.39067830,0.17738869,0.38272754,-0.03085673,0.35693508,-0.29060672,1.12882101,0.24869698,0.25329663,0.26109641,-0.02215914,-0.51381621,0.16503293,0.12418231,0.20653599,1.12882101,1.33404538,1.55746309,1.81115802,0.24869698,0.50182639,0.72772080,0.25329663,0.48907649,0.26109641,1.57397083,0.68905149,0.51258172,0.40749583,0.48181877
398,0.06656958,0.18684451,0.46666935,0.39109135,0.37716130,0.26955340,1.50621132,0.37545086,0.41128670,0.36845507,0.18767469,0.36738411,-0.02630974,0.34702107,-0.31367742,1.10013248,0.26675184,0.25417690,0.28869831,-0.02129034,-0.49086783,0.16468444,0.12558227,0.20710353,1.10013248,1.33188813,1.56413288,1.84269333,0.26675184,0.52089476,0.77195358,0.25417690,0.51559142,0.28869831,1.58571340,0.68645811,0.48638370,0.38705071,0.48762274
399,0.06621554,0.25353017,0.49884974,0.41395501,0.41176112,0.28851772,1.52351348,0.36826427,0.44648566,0.37055139,0.20139019,0.37189713,-0.01595067,0.35937427,-0.31465359,1.08072805,0.28692231,0.26094394,0.29997202,-0.00160651,-0.53793114,0.16626939,0.12865492,0.21023225,1.08072805,1.33814636,1.57745679,1.86535609,0.28692231,0.54775773,0.80732649,0.26094394,0.52989637,0.29997202,1.61605532,0.71217120,0.49853411,0.39154546,0.49946897
400,0.06259798,0.38073125,0.52513362,0.44477126,0.43164605,0.28543807,1.52325473,0.30143852,0.48510688,0.31965387,0.21389806,0.33281910,-0.00172996,0.34508835,-0.28987293,1.04059500,0.30956325,0.26747645,0.29288003,-0.00843226,-0.54866362,0.16757371,0.13195777,0.21329276,1.04059500,1.32776204,1.57121463,1.84287594,0.30956325,0.57579469,0.81697237,0.26747645,0.51557647,0.29288003,1.62364496,0.70580448,0.46795568,0.35016723,0.47818694
401,0.06214634,0.36357950,0.50431876,0.43990239,0.44055666,0.28456385,1.51803755,0.32212940,0.48556312,0.32145009,0.22411674,0.33177851,0.00185066,0.34205840,-0.29809267,1.03474334,0.29812694,0.27026538,0.30238998,0.00594418,-0.53491013,0.16952131,0.13165741,0.21464191,1.03474334,1.30988692,1.55766645,1.84447643,0.29812694,0.56752702,0.82580356,0.27026538,0.53542657,0.30238998,1.61246126,0.71019550,0.47179411,0.34933236,0.47672983
402,0.05875006,0.38592243,0.52094446,0.45618340,0.45834158,0.28787385,1.53674478,0.30926589,0.49256247,0.30522885,0.22198827,0.31893492,-0.00612401,0.33950755,-0.30744766,1.04622217,0.30992211,0.28063655,0.30698182,0.00628003,-0.59565630,0.16985011,0.13215296,0.21520564,1.04622217,1.33197585,1.58824924,1.87258564,0.30992211,0.58937238,0.84144332,0.28063655,0.54141533,0.30698182,1.63690365,0.71920116,0.46521132,0.33713378,0.48651661
403,0.05850356,0.38789782,0.50893735,0.45373588,0.46203579,0.30072152,1.55399005,0.30484510,0.49535433,0.30206669,0.22878510,0.31371456,-0.00941625,0.33221985,-0.32251272,1.06055290,0.31209480,0.28410538,0.32026867,-0.00851749,-0.60892794,0.17125792,0.12736721,0.21342839,1.06055290,1.34432030,1.60904701,1.90309913,0.31209480,0.59595561,0.85621194,0.28410538,0.55934394,0.32026867,1.65414803,0.71562006,0.45652593,0.32946623,0.49154495
404,0.05778445,0.40433491,0.50818485,0.45359916,0.45452955,0.31994532,1.53733916,0.30798872,0.50986408,0.30105733,0.24254348,0.31825316,0.00105791,0.34031249,-0.30346219,1.03188400,0.32534635,0.29721295,0.31634027,-0.00099099,-0.71016973,0.17323157,0.12979047,0.21645956,1.03188400,1.32482761,1.60146797,1.87762616,0.32534635,0.62205739,0.85915079,0.29721295,0.55470429,0.31634027,1.66147753,0.74554881,0.46760447,0.33090888,0.48782506
405,0.06413766,0.38053939,0.49748364,0.44932402,0.43434276,0.33655170,1.57640455,0.31740611,0.51432646,0.30467702,0.24407514,0.32019983,0.00205676,0.34542203,-0.29855931,1.06373908,0.31969721,0.28640459,0.31005388,-0.01670633,-0.61579812,0.16974261,0.12392564,0.21016688,1.06373908,1.35183299,1.61939127,1.90000486,0.31969721,0.60543374,0.85123831,0.28640459,0.55012164,0.31005388,1.67867183,0.73166866,0.45934343,0.33253438,0.48422597
406,0.06082269,0.37650244,0.50062958,0.45344062,0.43891877,0.33873236,1.56169242,0.33366322,0.50372374,0.31044040,0.24055062,0.32091742,-0.00012711,0.34869216,-0.29274464,1.05965997,0.32424992,0.29536309,0.30538763,0.00371857,-0.69173301,0.16997835,0.12490778,0.21093742,1.05965997,1.34444411,1.61701771,1.88459490,0.32424992,0.61872513,0.84307485,0.29536309,0.54186457,0.30538763,1.67452651,0.74790404,0.46706048,0.33120536,0.48418284
407,0.06476078,0.39483445,0.51709173,0.45527209,0.45635126,0.32784589,1.49091617,0.31283844,0.51197015,0.30398127,0.23301846,0.31660788,0.01210316,0.34729239,-0.27726076,0.98493939,0.36044394,0.29979824,0.30920177,0.06145402,-0.83675108,0.17384397,0.13647572,0.22101437,0.98493939,1.30210032,1.57361510,1.82058846,0.36044394,0.65962208,0.85453275,0.29979824,0.52135345,0.30920177,1.64781945,0.78941933,0.47737946,0.32744414,0.48222051
408,0.06888753,0.40157565,0.51244158,0.45177013,0.46075325,0.32447276,1.43585356,0.32185055,0.49180044,0.30813875,0.23067635,0.31725915,0.01732408,0.34487135,-0.27073427,0.95253230,0.35192077,0.29830428,0.30554641,0.07852775,-0.88246804,0.17570849,0.13674937,0.22265189,0.95253230,1.25856730,1.52900765,1.77091515,0.35192077,0.64970890,0.83757184,0.29830428,0.51469266,0.30554641,1.60665964,0.78274770,0.47682166,0.32604022,0.47068664
409,0.06985042,0.39755237,0.51489176,0.45658926,0.45919064,0.33494768,1.44309760,0.33927030,0.47554182,0.31656460,0.22489826,0.32055083,0.00718171,0.35557016,-0.26349119,0.97912149,0.34227903,0.29796862,0.28715210,0.07212409,-0.84767135,0.17364481,0.13473772,0.21978802,0.97912149,1.27681252,1.55071420,1.77735700,0.34227903,0.63973927,0.81623424,0.29796862,0.50306428,0.28715210,1.61541541,0.76510007,0.46850391,0.32596390,0.46664107
410,0.06973572,0.39084092,0.50173374,0.45218179,0.43301768,0.33828291,1.42544201,0.33697051,0.47350097,0.31209785,0.22887664,0.31167333,0.00690033,0.34541051,-0.23485848,0.96382030,0.34504745,0.29925103,0.26640059,0.07350687,-0.89546363,0.17494380,0.13518994,0.22109196,0.96382030,1.25969905,1.53796825,1.73024249,0.34504745,0.64373525,0.78408301,0.29925103,0.47433701,0.26640059,1.59869007,0.75956202,0.45912390,0.31516906,0.44483053
411,0.06844129,0.39542935,0.49405962,0.44755601,0.42551871,0.34626626,1.43309960,0.34152108,0.47230972,0.31279255,0.23010009,0.31059720,0.00517188,0.34121717,-0.23349569,0.97325216,0.34615846,0.29853629,0.26508511,0.07290320,-0.88589957,0.17436028,0.13394376,0.21986914,0.97325216,1.26845424,1.54814947,1.73598200,0.34615846,0.64378653,0.77943435,0.29853629,0.47219077,0.26508511,1.60425852,0.75331621,0.45214444,0.31264424,0.43866886
412,0.06836100,0.42306510,0.49388488,0.44979885,0.42635231,0.33857686,1.40471812,0.31652849,0.45154551,0.30111845,0.21076302,0.30089983,-0.00037522,0.33379434,-0.23387276,0.97197970,0.35597684,0.28411136,0.26478659,0.09216351,-0.94180845,0.17693755,0.13870538,0.22482455,0.97197970,1.27675116,1.54479189,1.71924564,0.35597684,0.63924717,0.76152133,0.28411136,0.45124290,0.26478659,1.59581154,0.73656684,0.43177455,0.30310206,0.43673743
413,0.06329825,0.40661136,0.48928145,0.45092777,0.41329988,0.37012465,1.52308834,0.32966054,0.51279161,0.29643712,0.25524181,0.30253245,0.01075340,0.33291298,-0.23990445,1.01357012,0.31446012,0.29784905,0.26442191,-0.00723073,-0.70245728,0.16808685,0.11949069,0.20623097,1.01357012,1.29396682,1.57048531,1.79575859,0.31446012,0.61108764,0.79926567,0.29784905,0.50484525,0.26442191,1.64206957,0.73965034,0.45973869,0.31105780,0.43692130
414,0.06784842,0.40798738,0.50812364,0.45431298,0.43141344,0.35830669,1.55347383,0.27575097,0.53607379,0.28548491,0.25391238,0.30144760,0.02239333,0.32323498,-0.26553501,1.02157728,0.32931968,0.28642794,0.29777253,-0.03944704,-0.63377637,0.16875428,0.12087226,0.20757676,1.02157728,1.31855759,1.57823708,1.84488950,0.32931968,0.61512492,0.84550925,0.28642794,0.52943662,0.29777253,1.65906589,0.73352987,0.45570397,0.31281275,0.44550088
415,0.05941132,0.40958857,0.51024511,0.45017320,0.44969135,0.36732602,1.54638782,0.25744235,0.55616352,0.26418077,0.25958325,0.27612488,0.02691905,0.29927523,-0.27644537,0.99801376,0.35334467,0.29039020,0.31986764,-0.05636663,-0.69825781,0.17141675,0.11827765,0.20826259,0.99801376,1.31498790,1.58007886,1.85282762,0.35334467,0.64335014,0.87524117,0.29039020,0.54233339,0.31986764,1.65647441,0.73631519,0.42883992,0.28071828,0.43130661
416,0.05959127,0.40092082,0.49413393,0.45014858,0.45643656,0.39104948,1.59371519,0.24695047,0.59633266,0.24781684,0.28528794,0.25880796,0.03123604,0.28456206,-0.26783881,1.00778360,0.37479436,0.31642078,0.32028106,-0.06791495,-0.74760114,0.17158314,0.11282011,0.20535129,1.00778360,1.33428139,1.62001375,1.88783382,0.37479436,0.69094348,0.91095977,0.31642078,0.55961764,0.32028106,1.69619004,0.76986841,0.43258791,0.26163318,0.41309355
417,0.05734060,0.37844706,0.49478433,0.45961087,0.47566256,0.39140551,1.64462016,0.22514349,0.60044268,0.25162610,0.26903410,0.27028314,0.00731147,0.29397807,-0.29010921,1.05857636,0.38682474,0.32763537,0.31927516,-0.08760141,-0.76615116,0.17289045,0.10568510,0.20263378,1.05857636,1.39040001,1.67715257,1.95066624,0.38682474,0.71346823,0.93615603,0.32763537,0.56679020,0.31927516,1.72933371,0.76410649,0.42791811,0.27123940,0.43458611
418,0.04865935,0.42327551,0.48161063,0.42778146,0.48899765,0.34796051,1.59682390,0.26688998,0.59262535,0.23823184,0.28651372,0.27760804,0.04481892,0.28551744,-0.26502001,1.01412151,0.41510018,0.33591819,0.37202064,-0.01719939,-1.06130307,0.17836796,0.13512630,0.22377275,1.01412151,1.37291403,1.67454140,1.90944695,0.41510018,0.74774591,0.90981331,0.33591819,0.55408511,0.37202064,1.73551696,0.80093325,0.41787472,0.28414738,0.42304448
419,0.04922241,0.41909168,0.46350681,0.41680469,0.46504464,0.33961937,1.62412872,0.24306128,0.56214862,0.21613960,0.29802727,0.25316240,0.03040946,0.25637710,-0.25653541,1.06844354,0.38922810,0.34573394,0.36380419,-0.06571654,-1.00719551,0.18023971,0.12913712,0.22172674,1.06844354,1.37739291,1.69379965,1.91357481,0.38922810,0.73021474,0.86429666,0.34573394,0.55607641,0.36380419,1.73107585,0.74646988,0.39463771,0.26539224,0.39248601
420,0.04876056,0.43806274,0.47474372,0.42627409,0.48860751,0.33240729,1.60956286,0.24314656,0.53980847,0.21979819,0.27463924,0.26270983,0.00419190,0.27211171,-0.29014921,1.07549802,0.39795575,0.34148717,0.37304225,-0.07155788,-1.01891413,0.18206847,0.13232521,0.22507530,1.07549802,1.38766143,1.70359851,1.93028768,0.39795575,0.73288607,0.87352006,0.34148717,0.56775465,0.37304225,1.71846783,0.73523506,0.37865045,0.27040168,0.43068060
421,0.04865018,0.41265561,0.47472162,0.43471472,0.48741959,0.33645842,1.61830087,0.25294670,0.53944354,0.22918565,0.27569521,0.26086705,-0.00613459,0.27405928,-0.29582988,1.08278482,0.39388086,0.34675280,0.35297253,-0.06655184,-0.97969739,0.18092073,0.12908249,0.22224896,1.08278482,1.38684167,1.71038672,1.94316578,0.39388086,0.73408700,0.88439009,0.34675280,0.57328658,0.35297253,1.72522721,0.74987912,0.39415074,0.26337579,0.43589987
422,0.05208522,0.40135459,0.48785573,0.44594812,0.48810820,0.33554529,1.62463859,0.27150034,0.52117505,0.24532089,0.26277299,0.27825167,-0.01667312,0.28294228,-0.31059604,1.10532130,0.37083162,0.34142401,0.34396070,-0.06611744,-0.87940621,0.17970565,0.12273786,0.21762055,1.10532130,1.39052342,1.70533980,1.95620044,0.37083162,0.70650643,0.87754107,0.34142401,0.57479214,0.34396070,1.71875543,0.73909941,0.40364474,0.27892340,0.45278467
423,0.05409675,0.40478301,0.48761219,0.45551164,0.47752253,0.33459360,1.66176076,0.26412096,0.53737087,0.23932793,0.27081553,0.26853744,-0.01882568,0.28202466,-0.30695825,1.12660016,0.35467735,0.33972804,0.32458439,-0.06835432,-0.75789288,0.17670294,0.11445332,0.21053145,1.12660016,1.41299454,1.72991265,1.98598462,0.35467735,0.68968360,0.88332680,0.33972804,0.57994545,0.32458439,1.74234641,0.72340264,0.40080457,0.26920287,0.44200313
424,0.05408530,0.40967109,0.48699882,0.45420938,0.48022039,0.32612673,1.63425429,0.25330993,0.53854805,0.24258841,0.27114060,0.27566320,-0.01616764,0.29477656,-0.30375828,1.09816256,0.35132632,0.33984154,0.32844723,-0.06198804,-0.80823841,0.17909437,0.11927763,0.21517887,1.09816256,1.38301041,1.69819813,1.95298134,0.35132632,0.68783410,0.87920340,0.33984154,0.57764389,0.32844723,1.71415813,0.72315185,0.40733234,0.27617697,0.45328779
425,0.05246177,0.38852489,0.48399579,0.44385789,0.48557175,0.30900690,1.65223615,0.24061999,0.55181711,0.23615957,0.27774123,0.27309859,-0.00474199,0.28072023,-0.30808364,1.10261873,0.36680922,0.34330823,0.34426709,-0.08326147,-0.81516332,0.17782145,0.11964462,0.21432523,1.10261873,1.39562970,1.71032424,1.97764773,0.36680922,0.70732761,0.90299477,0.34330823,0.58822998,0.34426709,1.73265460,0.74177414,0.41094727,0.27314653,0.44670253
426,0.04527928,0.41540968,0.47028291,0.41813532,0.46064068,0.27342952,1.68565497,0.23621666,0.57715595,0.22798780,0.33671699,0.27800805,0.07681050,0.29507381,-0.23420368,1.11010430,0.33537764,0.33686283,0.36625669,-0.11316829,-0.86124201,0.17536928,0.12597610,0.21592675,1.11010430,1.37850575,1.68143738,1.94266806,0.33537764,0.66895312,0.85085624,0.33686283,0.57506323,0.36625669,1.76915080,0.74943140,0.44549330,0.28963209,0.41177358
427,0.04727964,0.36435773,0.48264629,0.44443047,0.48685011,0.19322545,1.70541047,0.19288325,0.58736214,0.21048249,0.31895546,0.26800540,0.04199312,0.29677842,-0.26884933,1.12204533,0.33769116,0.35173651,0.34083361,-0.13979110,-0.77228158,0.17261367,0.11884573,0.20957048,1.12204533,1.39088274,1.69530226,1.98531354,0.33769116,0.68834354,0.90569992,0.35173651,0.59848152,0.34083361,1.75228561,0.76337129,0.45321105,0.27347296,0.43558956
428,0.03077345,0.39535733,0.46307599,0.42932726,0.48197962,0.01664697,1.70994356,0.07068555,0.58798072,0.11693779,0.34665692,0.16471330,0.06089747,0.20753762,-0.28987194,1.12758340,0.28338775,0.36546695,0.37784768,-0.29468634,-0.86077624,0.17596628,0.12821090,0.21772039,1.12758340,1.36763343,1.67680710,2.01320905,0.28338775,0.64739197,0.91778729,0.36546695,0.64907386,0.37784768,1.73620108,0.71406252,0.44754250,0.17906605,0.39444379
429,0.02389162,0.35570061,0.44318316,0.44142813,0.46068555,-0.15458032,1.77546604,-0.01842891,0.58788765,0.05825371,0.34427526,0.13335982,0.04857000,0.21809057,-0.28991184,1.19958034,0.29022636,0.34279533,0.35107209,-0.28077656,-0.62753256,0.16922772,0.10651428,0.19995828,1.19958034,1.44741008,1.76140632,2.10443299,0.29022636,0.63279067,0.94429565,0.34279533,0.66449530,0.35107209,1.80044887,0.68771971,0.41191267,0.15497496,0.37658021
430,0.02428392,0.37903979,0.42264752,0.46383185,0.43994889,-0.27391736,1.72598929,0.02128479,0.67936436,0.13736138,0.47535268,0.24018645,0.16070102,0.34773931,-0.14347783,1.08980347,0.25324765,0.35395036,0.32381772,-0.25184841,-0.45275809,0.16330241,0.11989524,0.20258960,1.08980347,1.31673875,1.65427187,1.97384725,0.25324765,0.60456577,0.90597027,0.35395036,0.66086585,0.32381772,1.76565182,0.75268916,0.54491663,0.30678139,0.39821085
431,0.04417216,0.40962194,0.47284867,0.48696685,0.48618690,-0.40531624,1.51040589,0.02493980,0.77724021,0.15851274,0.57878085,0.31690837,0.33943619,0.45278220,0.06854168,0.85962347,0.28398105,0.32503493,0.30475587,-0.25397022,-0.30686002,0.15859074,0.13818142,0.21034525,0.85962347,1.08925258,1.38723821,1.68421037,0.28398105,0.60852107,0.87183315,0.32503493,0.60120455,0.30475587,1.58994495,0.88125125,0.65461830,0.47700034,0.47918721
432,0.03363765,0.07880837,0.04599902,0.11084719,0.10474230,-0.48496790,1.38523386,0.16402831,1.28838062,0.33292712,1.14639895,0.50253445,0.94626605,0.60372033,0.69844893,0.67078084,0.25468567,0.28262615,0.26768608,-0.36924343,-0.25211679,0.15571708,0.12765982,0.20135749,0.67078084,0.85213726,1.08468216,1.29072491,0.25468567,0.53443124,0.77217994,0.28262615,0.53429099,0.26768608,1.49160205,1.36054426,1.22572434,1.08529423,0.93889856
433,0.01742927,0.05736255,0.03684080,0.07827872,0.08010183,-0.52911527,1.43980906,0.05428221,1.41538490,0.29170678,1.43327245,0.53898853,1.33748726,0.64920302,1.04277528,0.60819773,0.27561631,0.29721258,0.31774988,-0.59556135,-0.36080597,0.15282742,0.10629380,0.18615744,0.60819773,0.82144583,1.07791434,1.25209084,0.27561631,0.56174668,0.77037291,0.29721258,0.55871080,0.31774988,1.56759029,1.49982202,1.50496206,1.45870925,1.24086918
434,0.08219158,0.03301546,0.02703367,0.02631556,0.05153401,-0.49382492,1.37459551,-0.25290300,1.86412770,0.02778831,2.24491281,0.32016122,1.99503602,0.55944832,1.50707754,0.59390052,0.47389244,0.39504640,0.55618340,-0.73191632,-0.36967357,0.13756188,0.09219864,0.16560151,0.59390052,1.03545852,1.03006721,1.06157423,0.47389244,0.59961606,0.91834391,0.39504640,0.93301569,0.55618340,1.46975316,1.92290646,2.27540209,2.03986671,1.61568122
435,0.14039429,0.20947357,0.16841454,0.21018270,0.21281996,-0.24589879,-0.25437230,-0.28608529,0.13954995,-0.13698014,0.29381902,-0.01649565,0.40796399,0.11673409,0.53572627,0.46563255,0.25006702,0.25493347,0.19721386,-0.40067709,0.22427244,0.18227602,0.28228052,0.33601613,0.46563255,0.57092718,0.70515229,0.86937638,0.25006702,0.49838633,0.61886781,0.25493347,0.37186894,0.19721386,0.39415714,0.52599156,0.43515344,0.41960985,0.57293343
436,0.06164396,0.09375267,0.05002450,0.03630347,0.04365449,0.92728918,1.20137360,0.68679721,-0.47389474,0.64761979,-1.00058396,0.40842693,-1.28854367,0.06840712,-1.38767656,1.73835819,0.52814575,0.38913462,0.35548758,0.72657490,-0.73484349,0.12812341,0.09135134,0.15735525,1.73835819,2.25507021,2.56009652,2.74028653,0.52814575,0.86727964,1.11165339,0.38913462,0.70995327,0.35548758,1.52178614,0.97765696,1.29668216,1.41092858,1.43879932
437,0.08410498,0.04587298,0.05455968,0.02765848,0.01920943,1.05974794,0.96424175,0.90878866,-0.64908702,0.79036837,-1.09900959,0.57160131,-1.36077308,0.26569908,-1.59298600,1.66160296,0.46526621,0.34426413,0.38467382,0.73329251,-0.77947455,0.14024472,0.09826497,0.17124423,1.66160296,2.11378811,2.39796244,2.70015773,0.46526621,0.78863628,1.14232808,0.34426413,0.72103294,0.38467382,1.43291696,1.18240163,1.40952793,1.51608298,1.65645851
438,0.06435897,0.03052416,0.04812158,0.05240664,0.04692770,0.89121852,1.15332467,0.72064966,-0.21564722,0.63659280,-0.63553368,0.49671302,-0.93810059,0.24239820,-1.14764055,1.41459495,0.42860224,0.34264155,0.32954262,0.58725604,-0.80029331,0.17005119,0.11191938,0.20357641,1.41459495,1.83696536,2.14314404,2.40432247,0.42860224,0.75883213,1.04910077,0.34264155,0.65063627,0.32954262,1.46513930,0.88272055,1.01961407,1.13461811,1.24080189
439,0.03445629,0.24519489,0.07140709,0.12854452,0.21723208,0.43569021,1.58212878,-0.14476142,0.71588568,-0.28042509,0.52725049,-0.34689384,0.27585920,-0.28087154,-0.14248639,1.04645957,0.24201039,0.27723961,0.42366534,0.15673751,-0.14722953,0.17432646,0.18407258,0.25352008,1.04645957,1.27515080,1.52463176,1.86867403,0.24201039,0.51119929,0.88243873,0.27723961,0.67513292,0.42366534,1.65501646,0.79071080,0.64185566,0.46452493,0.34887428
440,0.08009509,0.18779377,0.05980285,0.11613282,0.13174885,0.40899107,1.68035670,-0.30635922,0.64147734,-0.33150752,0.52300073,-0.39377004,0.31797485,-0.42724921,0.06690967,1.26693399,0.19849569,0.23904637,0.25390187,0.10179252,-0.12903486,0.18003301,0.17883226,0.25375749,1.26693399,1.37451317,1.58787833,1.82449060,0.19849569,0.42613249,0.65087754,0.23904637,0.48215076,0.25390187,1.74615820,0.79687720,0.65158709,0.51530857,0.43964905
441,0.09005292,0.22764375,0.10356725,0.16078102,0.16241189,0.34711156,1.66079279,-0.26424737,0.59538040,-0.28482845,0.43003428,-0.35595137,0.23105969,-0.40046895,-0.00238904,1.23452146,0.23854291,0.22853492,0.23773036,0.10200377,-0.09601919,0.17862471,0.18142047,0.25459806,1.23452146,1.38433039,1.59891803,1.82887841,0.23854291,0.45560909,0.66741022,0.22853492,0.45718258,0.23773036,1.71098943,0.73665841,0.54415158,0.43305141,0.40844920
442,0.07839990,0.10025384,0.09094419,0.13969962,0.16329065,0.29429108,1.68102096,-0.31624993,0.53005671,-0.33157595,0.39738889,-0.39320391,0.20931694,-0.38981150,-0.07394155,1.30654302,0.22863204,0.22299006,0.28445253,0.07930615,-0.12123582,0.17975002,0.16773278,0.24585434,1.30654302,1.43077430,1.63549257,1.89595962,0.22863204,0.43808643,0.68476299,0.22299006,0.49200599,0.28445253,1.72653004,0.71430176,0.54600145,0.45110212,0.39935042
443,0.07727062,0.11303000,0.13056831,0.17758070,0.19326106,0.22735412,1.69805433,-0.32957213,0.50856919,-0.33643334,0.37539758,-0.37641898,0.17508672,-0.38044850,-0.08912576,1.31731488,0.23114172,0.22253676,0.26522181,0.06577039,-0.14409384,0.17729694,0.16328409,0.24103092,1.31731488,1.44045830,1.64768201,1.89811459,0.23114172,0.43611488,0.67063579,0.22253676,0.47964280,0.26522181,1.73351474,0.70793532,0.53431258,0.42454331,0.39629421
444,0.06602928,0.09733782,0.16135268,0.21958015,0.23011393,0.15331705,1.70421560,-0.36138666,0.47164657,-0.36807032,0.32530368,-0.37973974,0.11732306,-0.37117885,-0.16806662,1.33871774,0.23435152,0.23243630,0.28635855,0.06232676,-0.16817625,0.17085473,0.15506375,0.23072951,1.33871774,1.47714629,1.68552306,1.95658982,0.23435152,0.45574450,0.71005139,0.23243630,0.50898021,0.28635855,1.73413249,0.70062891,0.52608765,0.40648231,0.41234133
445,0.07408226,0.13863638,0.19533284,0.24251244,0.23823768,0.06946544,1.72206779,-0.33329235,0.43119536,-0.34548051,0.25776700,-0.36098040,0.07953585,-0.35308361,-0.17746220,1.35323714,0.24284554,0.20493491,0.25953209,0.05391158,-0.15109566,0.17179140,0.15149091,0.22904537,1.35323714,1.52650514,1.71189494,1.96233783,0.24284554,0.44392255,0.68100619,0.20493491,0.45582773,0.25953209,1.75087904,0.65338826,0.47141413,0.38065385,0.39906461
446,0.07801913,0.13566247,0.22380431,0.25127604,0.23702524,0.01055696,1.70842845,-0.33198245,0.40230877,-0.31820993,0.18928325,-0.34177749,0.01323632,-0.33259581,-0.25087163,1.35139229,0.27123834,0.19910843,0.26696923,0.05310353,-0.14712883,0.17180911,0.14721009,0.22625026,1.35139229,1.55839749,1.74324858,2.00362332,0.27123834,0.46656543,0.71678922,0.19910843,0.45857652,0.26696923,1.73248471,0.62377431,0.40942333,0.35238504,0.41923262
447,0.07343337,0.13120563,0.18120240,0.24250946,0.21673063,-0.03377497,1.68845174,-0.34977488,0.35777856,-0.33152187,0.15594394,-0.34856614,-0.00751444,-0.33948713,-0.24598779,1.36910789,0.26191928,0.18928957,0.24174391,0.04401717,-0.16856683,0.17224531,0.14189285,0.22316368,1.36910789,1.56458463,1.73618292,1.97260356,0.26191928,0.44828716,0.67357019,0.18928957,0.42328300,0.24174391,1.71275771,0.60950153,0.40914219,0.35963285,0.42216698
448,0.06981806,0.14387040,0.12872581,0.23321016,0.20452735,-0.08490423,1.66892231,-0.35375684,0.32154238,-0.33315039,0.12615556,-0.33968061,-0.04562563,-0.33366970,-0.28624325,1.37548935,0.25206809,0.19439549,0.24213989,0.04473584,-0.18485253,0.17371487,0.13946101,0.22276946,1.37548935,1.56535745,1.74305347,1.98207043,0.25206809,0.44368098,0.66745426,0.19439549,0.42872895,0.24213989,1.69316668,0.58537277,0.39908965,0.35413529,0.44407612
449,0.06688902,0.15195783,0.13240053,0.24255795,0.20261923,-0.10918181,1.68981411,-0.35238371,0.30065757,-0.33482276,0.11961781,-0.33209541,-0.06188874,-0.30854237,-0.30125840,1.41194121,0.24327180,0.20543323,0.24245483,0.03496173,-0.19872874,0.17430019,0.14052868,0.22389476,1.41194121,1.58905996,1.77595281,2.01307258,0.24327180,0.44528079,0.66881566,0.20543323,0.44032006,0.24245483,1.71622937,0.57922258,0.40135524,0.34960187,0.43531011
450,0.06543304,0.15980016,0.12071866,0.20882558,0.18187028,-0.14202139,1.68832660,-0.35853038,0.29115078,-0.34400457,0.10532254,-0.34374676,-0.07046979,-0.29857083,-0.29742266,1.41540572,0.25015946,0.20106280,0.23439136,0.03379204,-0.20088642,0.17605668,0.14197013,0.22616692,1.41540572,1.59900159,1.78137859,2.00577364,0.25015946,0.44823132,0.66411693,0.20106280,0.42715432,0.23439136,1.71710375,0.57665932,0.40158962,0.36009118,0.42367736
451,0.06266996,0.17785267,0.17753203,0.19580633,0.17509702,-0.16038633,1.68245977,-0.34475826,0.31893726,-0.34354359,0.09682541,-0.34366917,-0.08428803,-0.30316056,-0.30502905,1.37758510,0.27058409,0.20129322,0.22684050,0.03892326,-0.20556923,0.17633635,0.14180405,0.22628057,1.37758510,1.59854952,1.78481900,2.00342639,0.27058409,0.47046731,0.68329979,0.20129322,0.42157056,0.22684050,1.70929393,0.57000994,0.39468968,0.36292349,0.43268596
452,0.06036928,0.19850899,0.22824149,0.21070696,0.17391695,-0.16646033,1.70409773,-0.37364812,0.28034952,-0.35862470,0.09458461,-0.35123960,-0.08330220,-0.32332203,-0.26710219,1.44091535,0.24470814,0.19907862,0.18812953,0.03977488,-0.24383398,0.17337559,0.14004003,0.22286836,1.44091535,1.62289320,1.80481690,1.98726117,0.24470814,0.44054180,0.61536711,0.19907862,0.38205191,0.18812953,1.73241197,0.57945550,0.41415045,0.37332918,0.42460394
453,0.05808034,0.19545434,0.20521404,0.19309158,0.16731137,-0.14430755,1.73228055,-0.35617404,0.29487246,-0.35778318,0.10339994,-0.35178811,-0.08902173,-0.31106755,-0.27517657,1.45531738,0.24711018,0.21221206,0.19365276,0.04212788,-0.23624725,0.17118607,0.14021523,0.22128033,1.45531738,1.64443175,1.84025359,2.02396190,0.24711018,0.45569534,0.63669333,0.21221206,0.40102752,0.19365276,1.75656922,0.57157942,0.41355310,0.37399396,0.41907415
454,0.05584164,0.20853797,0.24098752,0.28951438,0.19700435,-0.13348650,1.73705274,-0.34648116,0.31269377,-0.34604470,0.11689130,-0.34179446,-0.08243763,-0.31182765,-0.27317306,1.44244365,0.25376241,0.21809765,0.19442961,0.04490770,-0.25692063,0.17207230,0.13934834,0.22142004,1.44244365,1.63604828,1.83918847,2.02725781,0.25376241,0.46751099,0.64716966,0.21809765,0.40707901,0.19442961,1.76226989,0.58090369,0.40918242,0.36447474,0.42095971
455,0.05735014,0.22887369,0.29253934,0.34963005,0.22798910,-0.13391793,1.73321279,-0.34915466,0.32012795,-0.34620712,0.11196734,-0.34097859,-0.07805766,-0.32235764,-0.28272847,1.43168302,0.25900784,0.20995836,0.20619136,0.05975257,-0.29398248,0.17383697,0.13531134,0.22029174,1.43168302,1.63671280,1.83026103,2.03260750,0.25900784,0.46667075,0.65704332,0.20995836,0.40932837,0.20619136,1.75767297,0.58357742,0.40898573,0.36316140,0.43634831
456,0.06112193,0.23391316,0.38016695,0.35034898,0.24220227,-0.15197002,1.72651513,-0.37043756,0.30975013,-0.35525308,0.12767712,-0.35688812,-0.05707372,-0.35709811,-0.25963479,1.43558178,0.23738765,0.20807120,0.20271434,0.06563872,-0.32534247,0.17456306,0.13147627,0.21853667,1.43558178,1.61342878,1.80336821,2.00463681,0.23738765,0.44258549,0.62407850,0.20807120,0.40092644,0.20271434,1.75221016,0.58745585,0.41951909,0.37181812,0.44859541
457,0.05647780,0.27836240,0.41699452,0.41220963,0.25249300,-0.13553189,1.73461031,-0.33289528,0.38146881,-0.32671330,0.15496966,-0.33274953,-0.04497168,-0.33847756,-0.25731900,1.36920270,0.26092054,0.21932762,0.21245152,0.06949066,-0.34030618,0.17299109,0.12875355,0.21564646,1.36920270,1.59231006,1.79677037,2.00812717,0.26092054,0.47954054,0.67652399,0.21932762,0.42288566,0.21245152,1.75534987,0.58926135,0.40046951,0.34567740,0.43241614
458,0.05034762,0.30853818,0.42211573,0.42118427,0.25941905,-0.15545822,1.71957299,-0.32908990,0.40614263,-0.33329657,0.16939167,-0.34698495,-0.02866988,-0.35157863,-0.24467661,1.32628184,0.26657396,0.22332133,0.21605658,0.07544125,-0.39230729,0.17233842,0.12479763,0.21277918,1.32628184,1.56154056,1.76626354,1.98070112,0.26657396,0.48976920,0.68867139,0.22332133,0.42674289,0.21605658,1.74443426,0.60792385,0.41843701,0.35854769,0.43694748
459,0.05373622,0.32488339,0.43508071,0.43700002,0.28142173,-0.17246375,1.71190114,-0.33941871,0.40502121,-0.33738505,0.17106676,-0.34579288,-0.02760355,-0.34973825,-0.23674907,1.31923100,0.26195056,0.22782361,0.20986846,0.07878228,-0.46399166,0.17497523,0.12657365,0.21595652,1.31923100,1.55045057,1.75555959,1.96202628,0.26195056,0.48953606,0.67597328,0.22782361,0.41874463,0.20986846,1.73860815,0.61641042,0.42768073,0.35796855,0.43526622
460,0.05113497,0.32217132,0.43469133,0.43846617,0.27824018,-0.17110587,1.70457443,-0.35056820,0.40366118,-0.34742585,0.17930593,-0.35642699,-0.01931225,-0.35870608,-0.22612254,1.31450091,0.25698637,0.23055074,0.20731590,0.07411043,-0.47526645,0.17693052,0.12490867,0.21657928,1.31450091,1.53691222,1.74358648,1.94722532,0.25698637,0.48734794,0.66973783,0.23055074,0.41831970,0.20731590,1.73398676,0.62607573,0.43937616,0.36664777,0.43522081
461,0.05674186,0.30811460,0.45374539,0.40126528,0.25050123,-0.20326439,1.71473818,-0.37898272,0.38809266,-0.36379750,0.20494353,-0.37907066,0.00382453,-0.37418155,-0.21350394,1.33960550,0.23260444,0.23374973,0.21768517,0.06864086,-0.47993069,0.17657297,0.12328502,0.21535369,1.33960550,1.52051480,1.73152123,1.94497026,0.23260444,0.46436974,0.65121097,0.23374973,0.43195732,0.21768517,1.74831916,0.63726643,0.45952908,0.38619475,0.43915130
462,0.05671344,0.32363667,0.45578762,0.40142992,0.24983435,-0.20378651,1.70653440,-0.36331596,0.41428481,-0.36027349,0.21395086,-0.38162571,0.02137545,-0.37529390,-0.19348441,1.30310246,0.24445905,0.22788555,0.21566619,0.06909655,-0.52499321,0.17769900,0.12272218,0.21595756,1.30310246,1.50333830,1.70722213,1.91721867,0.24445905,0.47151326,0.65447151,0.22788555,0.42038392,0.21566619,1.74164462,0.64442854,0.46178254,0.38934599,0.43206705
463,0.05836584,0.32010644,0.44640046,0.39670790,0.24564198,-0.19252565,1.75486343,-0.36559281,0.41376801,-0.36126043,0.20660194,-0.38537283,0.02540397,-0.37737089,-0.18195511,1.35353176,0.25671537,0.22365062,0.20901620,0.07176510,-0.57029129,0.17771840,0.12386638,0.21662574,1.35353176,1.56013734,1.75412396,1.95543976,0.25671537,0.47942336,0.64826576,0.22365062,0.40251652,0.20901620,1.79115069,0.66041152,0.46650005,0.39480164,0.43237973
464,0.06439789,0.31781907,0.45860775,0.38366857,0.24336019,-0.18782425,1.77428989,-0.36648593,0.42388477,-0.36113483,0.21600612,-0.38915029,0.03283201,-0.37939359,-0.18383536,1.36378034,0.25201073,0.21746216,0.21740204,0.07520369,-0.51102588,0.17643239,0.12297079,0.21505861,1.36378034,1.56974049,1.76331944,1.97524229,0.25201073,0.46803776,0.65396826,0.21746216,0.41228397,0.21740204,1.80423035,0.65248178,0.46250255,0.39826719,0.43173602
465,0.06085294,0.33485831,0.45535745,0.38199165,0.23545307,-0.16827252,1.79465516,-0.35383949,0.47470878,-0.35273449,0.24356131,-0.38625176,0.05238540,-0.37663618,-0.17913357,1.33430108,0.26862886,0.22054053,0.23207474,0.08442716,-0.49263291,0.17576575,0.12264347,0.21432456,1.33430108,1.56388696,1.76516095,1.99186927,0.26862886,0.48761638,0.69307058,0.22054053,0.43322284,0.23207474,1.82031880,0.67038630,0.46397705,0.39653698,0.42577973
466,0.05895154,0.33894379,0.47866709,0.35605138,0.19034233,-0.14900367,1.79005935,-0.33605715,0.52546394,-0.33414904,0.28722327,-0.38287091,0.08696157,-0.37441676,-0.14684314,1.27989275,0.27041208,0.22475307,0.23397716,0.08900996,-0.44718545,0.17898356,0.12385909,0.21766071,1.27989275,1.51560001,1.72603735,1.95635361,0.27041208,0.49173475,0.70860711,0.22475307,0.44567180,0.23397716,1.81164870,0.69145430,0.47247393,0.40086757,0.40964843
467,0.06192768,0.36154690,0.51481740,0.36833702,0.20835659,-0.13018368,1.75439139,-0.31169435,0.53652850,-0.31636491,0.30899579,-0.37721514,0.11013983,-0.38218320,-0.13961789,1.23262147,0.25804109,0.22660303,0.24983585,0.11667941,-0.41352456,0.18116317,0.12570719,0.22050485,1.23262147,1.45878087,1.66990437,1.91666601,0.25804109,0.48051077,0.71087543,0.22660303,0.46154215,0.24983585,1.77457878,0.68481449,0.47310832,0.40065389,0.41504794
468,0.07740262,0.42615006,0.52115360,0.40598503,0.23082239,-0.11631910,1.80010221,-0.28126345,0.59061418,-0.30180209,0.33325205,-0.35749597,0.11664694,-0.36712678,-0.15006744,1.22068413,0.29240048,0.24588624,0.26697566,0.07176007,-0.49979014,0.17802849,0.13492694,0.22338179,1.22068413,1.48476523,1.71723010,1.97978542,0.29240048,0.53645902,0.78108145,0.24588624,0.49694651,0.26697566,1.83323843,0.73190041,0.48848269,0.38638819,0.40798102
469,0.07446031,0.38383920,0.49911535,0.44509026,0.30323987,-0.11799700,1.85955560,-0.31740239,0.52800505,-0.32159676,0.26234754,-0.38337120,0.08399017,-0.40064942,-0.17310297,1.34658075,0.30838983,0.23004575,0.25871912,0.08179238,-0.49130370,0.17256678,0.12496104,0.21305998,1.34658075,1.61573378,1.81487553,2.06651626,0.30838983,0.53337216,0.75406703,0.23004575,0.45561772,0.25871912,1.89156862,0.70754188,0.45704014,0.39700823,0.44429346
470,0.07829932,0.38102696,0.51299765,0.45253031,0.36350583,-0.07465792,1.84575914,-0.29547287,0.49739290,-0.29159262,0.23487871,-0.35247357,0.05368809,-0.37621196,-0.22268342,1.36725487,0.30462633,0.22399556,0.27795436,0.05325118,-0.46319056,0.17632144,0.13003025,0.21908244,1.36725487,1.62875487,1.82688465,2.10016247,0.30462633,0.52317541,0.76767157,0.22399556,0.47574877,0.27795436,1.87189223,0.67771153,0.42377776,0.36577941,0.44833772
471,0.07316780,0.38114902,0.53859639,0.46638311,0.38941254,-0.08503819,1.82594790,-0.27044036,0.52213229,-0.26983592,0.24015440,-0.33447837,0.04091175,-0.35307793,-0.23495022,1.31847795,0.31810308,0.24169952,0.27758568,0.04459102,-0.45852321,0.17848488,0.12551956,0.21820177,1.31847795,1.59870148,1.81388703,2.08597842,0.31810308,0.55444062,0.79945791,0.24169952,0.49178942,0.27758568,1.84921145,0.68104203,0.41114934,0.34538493,0.43583443
472,0.06274085,0.42052085,0.52502945,0.43097460,0.35108275,-0.06770420,1.78063786,-0.26330014,0.54205651,-0.27579094,0.26395658,-0.33062571,0.06733587,-0.33930489,-0.21774583,1.25420235,0.33657251,0.24047090,0.29010513,0.05355415,-0.58203311,0.17840161,0.13659199,0.22468758,1.25420235,1.54595285,1.76685421,2.03740835,0.33657251,0.57439758,0.80769633,0.24047090,0.49148553,0.29010513,1.83010243,0.71837706,0.43183978,0.34559379,0.42293429
473,0.05780307,0.42970849,0.52240121,0.45657900,0.40752321,-0.10278096,1.78990836,-0.26393804,0.57082977,-0.26004093,0.27634234,-0.31992357,0.05205579,-0.34346872,-0.23696209,1.22981381,0.35117107,0.26574894,0.29682491,0.05674991,-0.62622809,0.17789133,0.13099396,0.22091795,1.22981381,1.53601203,1.78376803,2.05955964,0.35117107,0.61241965,0.85147858,0.26574894,0.52420572,0.29682491,1.83614116,0.73401346,0.42313629,0.32925912,0.43454734
474,0.05720411,0.44117121,0.52121339,0.44847425,0.37006788,-0.10341271,1.78511080,-0.27099394,0.60495585,-0.28065143,0.30887016,-0.33974067,0.07101763,-0.35743016,-0.21860195,1.19221034,0.34199111,0.27683131,0.29784946,0.08436105,-0.60594608,0.17308669,0.12666516,0.21448325,1.19221034,1.49420505,1.75232042,2.03059968,0.34199111,0.61609730,0.86006235,0.27683131,0.53656467,0.29784946,1.81896036,0.75258836,0.45668869,0.35169164,0.43693956
475,0.05145507,0.48061853,0.50718423,0.45179638,0.41055058,-0.07736817,1.74746429,-0.26945958,0.61132929,-0.27493021,0.30406770,-0.32718717,0.05631457,-0.35227152,-0.24268217,1.15238312,0.35882253,0.28516943,0.30908691,0.06490430,-0.65297174,0.17430981,0.12771165,0.21608835,1.15238312,1.47080855,1.74169162,2.02568205,0.35882253,0.64148117,0.89155107,0.28516943,0.55512488,0.30908691,1.78594895,0.75129221,0.43948066,0.33311413,0.43963837
476,0.05423715,0.50485027,0.51089832,0.46624569,0.46525284,-0.07726281,1.79201650,-0.24437269,0.64409972,-0.22529119,0.30503448,-0.29571621,0.06549007,-0.33962466,-0.20589667,1.16064433,0.39114804,0.28932880,0.29212043,0.06058925,-0.67897002,0.17539502,0.13445032,0.22099842,1.16064433,1.51227196,1.78096202,2.03437973,0.39114804,0.67320577,0.88875567,0.28932880,0.52570987,0.29212043,1.83563762,0.77364445,0.41080187,0.30311060,0.41226450
477,0.03887410,0.52169321,0.50471722,0.46547839,0.46726170,-0.06414751,1.74811468,-0.24114473,0.62601450,-0.21834530,0.27389840,-0.28551293,0.03897670,-0.34144102,-0.21124868,1.13777967,0.42365743,0.28510463,0.28596257,0.07507240,-0.74017761,0.17671842,0.13323116,0.22131413,1.13777967,1.51202688,1.78005648,2.00441019,0.42365743,0.70145931,0.88089583,0.28510463,0.50093120,0.28596257,1.80180577,0.76504503,0.37477938,0.28848347,0.41710295
478,0.04821859,0.45435929,0.50574592,0.46461407,0.44007275,-0.08793308,1.69583036,-0.24404022,0.63155640,-0.23637264,0.28943085,-0.27905485,0.02265095,-0.32576206,-0.22013537,1.07568052,0.41470195,0.31053822,0.26623068,0.07084104,-0.72202215,0.17982063,0.12800880,0.22072995,1.07568052,1.43452731,1.72946149,1.95306600,0.41470195,0.72251503,0.90296347,0.31053822,0.52019444,0.26623068,1.74357876,0.78098965,0.40456638,0.27997920,0.40585099
479,0.04157366,0.50107949,0.49756138,0.45911613,0.40299582,-0.09904907,1.65726996,-0.24441954,0.61671355,-0.23383776,0.29880831,-0.27755897,0.04803593,-0.33079767,-0.20136873,1.05092946,0.40195038,0.28580047,0.27563663,0.10270515,-0.84781986,0.18076802,0.13289330,0.22436067,1.05092946,1.39147174,1.66763788,1.89608982,0.40195038,0.68236787,0.86614641,0.28580047,0.51011851,0.27563663,1.70730244,0.76176101,0.40066118,0.28168772,0.40082058
480,0.08389683,0.52180794,0.48622791,0.46102685,0.42753081,-0.16373597,1.63840212,-0.22772574,0.60036036,-0.21873538,0.30541867,-0.26962050,0.01680000,-0.33920939,-0.24200566,1.04009705,0.37081293,0.31160875,0.29689134,0.14914071,-0.79058451,0.17700845,0.12332119,0.21573156,1.04009705,1.35515459,1.66101041,1.90088650,0.37081293,0.67193148,0.87355149,0.31160875,0.56095103,0.29689134,1.67559768,0.70758222,0.38264101,0.27217046,0.42729250
481,0.08437794,0.54819319,0.46893750,0.44470434,0.44011521,-0.18361272,1.54669826,-0.21269311,0.55169375,-0.21333359,0.30500533,-0.24083314,0.00333392,-0.30051806,-0.24971630,0.99828582,0.36522115,0.32770734,0.32266143,0.20798110,-0.97625124,0.18291391,0.13212657,0.22564336,0.99828582,1.28901442,1.61429890,1.82166259,0.36522115,0.67601161,0.83143386,0.32770734,0.56540405,0.32266143,1.60793015,0.67415244,0.37618239,0.25095903,0.40891666
482,0.03754573,0.50721250,0.45285013,0.43910438,0.45457848,-0.14852925,1.59487532,-0.19396718,0.51699799,-0.19111402,0.27692177,-0.21085206,-0.04036978,-0.26653388,-0.27056288,1.08123124,0.37882208,0.33490759,0.32706429,0.20191313,-0.99472673,0.18557253,0.13166986,0.22753926,1.08123124,1.36821753,1.70267943,1.88512345,0.37882208,0.68530808,0.80955541,0.33490759,0.56557874,0.32706429,1.64021338,0.61959768,0.33668006,0.24464834,0.39492040
483,0.02998839,0.44826924,0.38268495,0.37442272,0.41173592,-0.10251241,1.66074055,-0.12497058,0.54655129,-0.14357045,0.29015277,-0.16419170,0.00935389,-0.23888392,-0.25128265,1.14352313,0.39118196,0.28681848,0.41142679,0.29569246,-1.22876233,0.18895363,0.14597681,0.23877333,1.14352313,1.47784841,1.76011679,1.93966933,0.39118196,0.64210755,0.80692172,0.28681848,0.60591983,0.41142679,1.69878063,0.56723056,0.38519461,0.31055817,0.34975118
484,0.02815872,0.48787991,0.43924389,0.41820245,0.45267843,-0.11985362,1.52611809,-0.14683915,0.51360948,-0.17029386,0.27091073,-0.18569600,-0.01540491,-0.24913849,-0.26782753,1.01424258,0.33887580,0.30019598,0.34572325,0.29709616,-1.01630559,0.19040749,0.12133080,0.22577904,1.01424258,1.28883816,1.58832490,1.80479802,0.33887580,0.62168995,0.79401302,0.30019598,0.56185447,0.34572325,1.54972613,0.56649245,0.32338865,0.23049505,0.37715250
485,0.01658168,0.52884159,0.45217567,0.42890645,0.45658599,-0.11167060,1.58103747,-0.17328241,0.55376240,-0.18384130,0.32091075,-0.21389690,0.02437145,-0.28545019,-0.24187217,1.03205919,0.31420627,0.31591631,0.34574114,0.26104169,-0.89185531,0.18619952,0.11916358,0.22106610,1.03205919,1.29474778,1.60881613,1.84045423,0.31420627,0.61756574,0.81056481,0.31591631,0.58124932,0.34574114,1.61094087,0.61715611,0.36983989,0.23959519,0.38818950
486,0.01692324,0.43956295,0.50375848,0.44859165,0.46075333,-0.05739821,1.58287154,-0.16170104,0.52907801,-0.17667009,0.29309628,-0.21650986,0.02264143,-0.27009689,-0.24617516,1.05969771,0.28638651,0.30181967,0.30965030,0.25452866,-0.76484523,0.18795468,0.10573211,0.21565306,1.05969771,1.30097190,1.58804355,1.84438932,0.28638651,0.58590516,0.79619103,0.30181967,0.54754223,0.30965030,1.59705652,0.60484551,0.35212253,0.22229571,0.37863180
487,0.02632194,0.43267303,0.50913914,0.47141545,0.47909590,-0.03476025,1.64344425,-0.17573018,0.55081387,-0.17705767,0.31031200,-0.22534390,0.02627416,-0.29725475,-0.24422528,1.10282663,0.27935240,0.31070832,0.30257263,0.20667278,-0.64101886,0.18287889,0.10671312,0.21173657,1.10282663,1.34385655,1.64163043,1.90811886,0.27935240,0.58684695,0.81697455,0.31070832,0.56741595,0.30257263,1.65641584,0.63153286,0.37440699,0.22691215,0.40029311
488,0.02511651,0.45635475,0.50337507,0.47032204,0.47984651,-0.03152159,1.61124310,-0.15111167,0.57485342,-0.16180136,0.30673235,-0.20590498,0.00850044,-0.27371894,-0.25824222,1.04445054,0.29793967,0.32292597,0.29774416,0.21188700,-0.67907770,0.18554917,0.10335808,0.21239442,1.04445054,1.31342431,1.62401113,1.88688752,0.29793967,0.61958559,0.85229492,0.32292597,0.57595697,0.29774416,1.62143473,0.63678010,0.36064279,0.20675936,0.38857337
489,0.02982145,0.43958016,0.50648554,0.47178314,0.46816025,-0.04453370,1.61914298,-0.19055397,0.57654052,-0.19464345,0.31667146,-0.22960767,0.02719138,-0.29614338,-0.24978789,1.05449876,0.28907716,0.31406613,0.30312514,0.18600366,-0.63325933,0.18142360,0.10170402,0.20798613,1.05449876,1.31277052,1.61309115,1.88746228,0.28907716,0.60206214,0.84466510,0.31406613,0.57562906,0.30312514,1.63053169,0.65566822,0.39084775,0.23124887,0.40212734
490,0.03085016,0.40602884,0.49648631,0.47230319,0.45365371,0.01691381,1.61455361,-0.20822893,0.57404933,-0.20832919,0.31753968,-0.25526393,0.04424520,-0.31607311,-0.23375248,1.06715119,0.28308712,0.29250622,0.29442705,0.15472314,-0.51605299,0.17982962,0.09933596,0.20544178,1.06715119,1.31722235,1.59976069,1.87912906,0.28308712,0.57289670,0.82645492,0.29250622,0.56199639,0.29442705,1.62482613,0.66198985,0.40334899,0.26257558,0.41053467
491,0.03597819,0.37820498,0.47314718,0.44797643,0.41341081,0.02506622,1.64521186,-0.23609031,0.55886867,-0.24590953,0.32092142,-0.30225797,0.08035538,-0.35251908,-0.20848861,1.12002667,0.26262352,0.25972601,0.29642637,0.13917875,-0.44610059,0.17354846,0.10283594,0.20172828,1.12002667,1.35212040,1.60268176,1.89301774,0.26262352,0.51937149,0.78994713,0.25972601,0.54125913,0.29642637,1.65581118,0.66146829,0.43223664,0.32111694,0.42580917
492,0.03819920,0.38770430,0.50063085,0.47337152,0.43396477,0.01626554,1.67880685,-0.22435313,0.55771044,-0.22954702,0.34462378,-0.28603518,0.05668182,-0.33333069,-0.19673362,1.14858847,0.24595964,0.30554981,0.26983276,0.14543527,-0.43030247,0.16410541,0.09792802,0.19110333,1.14858847,1.35777924,1.65605328,1.90882350,0.24595964,0.54595846,0.77298352,0.30554981,0.55124318,0.26983276,1.68751597,0.64637450,0.42969514,0.29309630,0.40219778
493,0.03632217,0.38878348,0.47816448,0.44523854,0.38377425,0.01484955,1.70232193,-0.22636295,0.56496516,-0.23368551,0.35853462,-0.30585452,0.09604838,-0.36269218,-0.17453833,1.16474073,0.23920383,0.28694694,0.28391534,0.13809457,-0.43568955,0.16220705,0.09864768,0.18984860,1.16474073,1.36752641,1.64409059,1.91601048,0.23920383,0.52045417,0.76617057,0.28694694,0.54908769,0.28391534,1.71246004,0.65994964,0.44861479,0.32356050,0.41682103
494,0.03467767,0.38203586,0.47977842,0.44971724,0.39280137,0.01162809,1.70052744,-0.22732003,0.55147153,-0.22011513,0.36542700,-0.29466540,0.10993706,-0.34522802,-0.14871809,1.17481243,0.21348250,0.28069639,0.27092560,0.14173888,-0.46152414,0.16389660,0.09952941,0.19175036,1.17481243,1.35605857,1.62594979,1.88499193,0.21348250,0.48681768,0.72200846,0.28069639,0.52980807,0.27092560,1.71057825,0.64196157,0.44681160,0.31752163,0.39067795
495,0.04191721,0.37940331,0.49727761,0.44837931,0.39282349,-0.00374622,1.68190868,-0.24483437,0.52264844,-0.22315501,0.33590381,-0.29511269,0.08861651,-0.33761064,-0.16278157,1.18564573,0.21695320,0.27437996,0.26588428,0.12660812,-0.50884848,0.16542561,0.10217371,0.19443533,1.18564573,1.36458204,1.62590033,1.87583066,0.21695320,0.48175355,0.70333370,0.27437996,0.51201226,0.26588428,1.69121387,0.62443116,0.42372881,0.31016078,0.39085221
496,0.04385955,0.39132207,0.52079650,0.45660582,0.38701019,0.00108712,1.65531852,-0.22917739,0.51290211,-0.21970563,0.29270232,-0.28887254,0.04118999,-0.32376148,-0.21233564,1.16803893,0.24839547,0.28122666,0.26696271,0.11897955,-0.57178418,0.16565695,0.10696066,0.19718724,1.16803893,1.38085664,1.64602056,1.89681052,0.24839547,0.52375909,0.74535305,0.28122666,0.51646636,0.26696271,1.66499021,0.61810231,0.39301897,0.29427694,0.40365537
497,0.04484427,0.41738541,0.50142799,0.41714252,0.35925626,0.01082168,1.69497066,-0.26175094,0.48738777,-0.24308052,0.28702605,-0.30666961,0.05256840,-0.34126639,-0.20375714,1.24047161,0.24940818,0.27138252,0.28107525,0.12363961,-0.75360181,0.16215010,0.11842890,0.20079358,1.24047161,1.43229395,1.68350356,1.93273018,0.24940818,0.51291433,0.71348722,0.27138252,0.50062826,0.28107525,1.70689952,0.62005154,0.39883665,0.31136195,0.41568169
498,0.05002942,0.34195519,0.49408743,0.41964250,0.32021811,0.00150703,1.66761966,-0.30326374,0.44838771,-0.28402649,0.29470176,-0.32198164,0.05096698,-0.34397810,-0.19952986,1.26067975,0.20666039,0.27651260,0.25515927,0.09995455,-0.58055549,0.16176732,0.10881902,0.19496216,1.26067975,1.40279186,1.65666490,1.90256709,0.20666039,0.47625080,0.68497287,0.27651260,0.50450731,0.25515927,1.68146793,0.62622458,0.44633981,0.33028597,0.40917286
499,0.04673546,0.34554758,0.45938192,0.43065931,0.34686398,0.02731764,1.67909047,-0.26715404,0.51432640,-0.25981211,0.33418639,-0.30441220,0.07222774,-0.33045583,-0.18468127,1.20679115,0.23428138,0.29631238,0.26391891,0.12037337,-0.53501920,0.16065493,0.10539405,0.19214034,1.20679115,1.37567844,1.64921395,1.90112459,0.23428138,0.52501713,0.73741721,0.29631238,0.52922555,0.26391891,1.69326368,0.66730007,0.46042290,0.31683636,0.39272965
500,0.03179048,0.35777044,0.44577675,0.48347641,0.41882159,0.08218899,1.66488440,-0.20477280,0.57080723,-0.19462285,0.33763566,-0.25517694,0.04282415,-0.30379138,-0.20356640,1.13780381,0.27013857,0.32695523,0.25946140,0.17277760,-0.46743638,0.16187599,0.09680292,0.18861241,1.13780381,1.35586562,1.66270227,1.90937997,0.27013857,0.59235298,0.80554167,0.32695523,0.55563645,0.25946140,1.67895565,0.68765369,0.43277128,0.26571131,0.38666495
501,0.03584706,0.39842732,0.47820724,0.48134293,0.44802374,0.15281466,1.62307796,-0.13683934,0.58242952,-0.13363715,0.32729292,-0.20463228,0.02608101,-0.27174785,-0.22588423,1.08641260,0.28325560,0.33470577,0.27946693,0.19985835,-0.56558858,0.16529879,0.09505641,0.19068144,1.08641260,1.32708826,1.64203373,1.89738536,0.28325560,0.61390133,0.83310187,0.33470577,0.57079443,0.27946693,1.63821142,0.65938502,0.38569058,0.20800698,0.37558090
502,0.04243253,0.41584876,0.49417575,0.47145584,0.45123252,0.19522214,1.61345361,-0.09209668,0.58604320,-0.10426568,0.32050476,-0.19903792,0.01677306,-0.26374063,-0.21494177,1.07420171,0.30407463,0.34462560,0.26625739,0.18691875,-0.57812456,0.16823652,0.09363240,0.19253715,1.07420171,1.32736375,1.65187093,1.88555144,0.30407463,0.64338311,0.83581642,0.34462560,0.55899114,0.26625739,1.63060419,0.64691931,0.35464825,0.20095595,0.35246341
503,0.04790189,0.41993273,0.50500209,0.46591585,0.46875046,0.23729077,1.59503141,-0.06684388,0.58960743,-0.09656071,0.30063791,-0.20764968,0.01649423,-0.28728675,-0.20641722,1.05825854,0.33186633,0.33138264,0.26606943,0.19920518,-0.56187862,0.16707428,0.09596232,0.19267222,1.05825854,1.33713395,1.64795331,1.87669346,0.33186633,0.65748592,0.84296338,0.33138264,0.54179636,0.26606943,1.61715714,0.64393855,0.32824128,0.21205851,0.36308087
504,0.04361050,0.41988774,0.51547312,0.48134050,0.47989828,0.28755045,1.62680096,-0.04052202,0.60388449,-0.09345124,0.31195683,-0.20633693,0.03124475,-0.30450958,-0.20020847,1.08036462,0.32900547,0.32718264,0.27597057,0.23285638,-0.52857842,0.16219166,0.09935501,0.19020397,1.08036462,1.36920550,1.67713458,1.92092307,0.32900547,0.65311029,0.86002314,0.32718264,0.55405218,0.27597057,1.65817072,0.65777486,0.34548972,0.20888927,0.37916185
505,0.05220471,0.40864932,0.51075453,0.47334503,0.48412361,0.29092770,1.59917930,-0.03819777,0.61113367,-0.09710251,0.31596906,-0.21356968,0.01912346,-0.30323314,-0.20883562,1.05131308,0.35029204,0.34976136,0.27610016,0.23317615,-0.54046751,0.16156517,0.09925112,0.18961563,1.05131308,1.34106058,1.66827575,1.90384137,0.35029204,0.69677750,0.88364143,0.34976136,0.56407109,0.27610016,1.63248086,0.67988796,0.35040654,0.21617175,0.38151391
506,0.04089942,0.41573567,0.52616507,0.48354858,0.49064952,0.24250407,1.66007565,-0.09428465,0.59233543,-0.13264838,0.30589358,-0.22185841,0.02449535,-0.30273700,-0.21956437,1.12396051,0.31864731,0.32286139,0.27655624,0.22745688,-0.56887462,0.16245349,0.09867598,0.19007390,1.12396051,1.40562883,1.70830871,1.95817524,0.31864731,0.63947505,0.85395399,0.32286139,0.55305564,0.27655624,1.68489508,0.65157389,0.35446631,0.22344964,0.38499457
507,0.03524289,0.42065206,0.50308380,0.46442577,0.48912899,0.04955169,1.69618591,-0.16278157,0.58177370,-0.17883859,0.31720696,-0.23190927,0.02582166,-0.29201205,-0.27839731,1.13752390,0.30918751,0.32556320,0.32108025,0.16570070,-0.69851640,0.16575847,0.09296059,0.19004615,1.13752390,1.39981626,1.70699409,2.00797073,0.30918751,0.63285847,0.89507628,0.32556320,0.60847971,0.32108025,1.70830300,0.66602012,0.38378881,0.23375965,0.40936223
508,0.04034497,0.44525059,0.46997084,0.43854966,0.45000294,-0.16509095,1.61353797,-0.19779006,0.53973343,-0.20858958,0.25854529,-0.22828716,-0.06017933,-0.25347672,-0.32724676,1.07962986,0.35774802,0.35115287,0.28612873,0.07790907,-0.79649568,0.17323097,0.09452738,0.19734334,1.07962986,1.36045743,1.69494707,1.94939831,0.35774802,0.70391360,0.90899438,0.35115287,0.58934782,0.28612873,1.63554882,0.65668974,0.34595660,0.24121319,0.41695193
509,0.04287068,0.40944746,0.49934599,0.45041402,0.44250057,-0.29213450,1.54620967,-0.24386993,0.47982150,-0.23747135,0.22211746,-0.23970547,-0.08051986,-0.26769438,-0.33354982,1.07318236,0.34308809,0.34373798,0.27863964,0.07782479,-0.87954193,0.17634314,0.10235605,0.20389621,1.07318236,1.33027980,1.65129587,1.88719895,0.34308809,0.68235944,0.85928448,0.34373798,0.55870320,0.27863964,1.59335720,0.64800564,0.35185868,0.25447234,0.43600263
510,0.03400923,0.49978298,0.48953158,0.42167051,0.39883876,-0.38163320,1.54519779,-0.26277137,0.44447159,-0.24056053,0.17438215,-0.24483992,-0.09381821,-0.28520334,-0.34419658,1.10775583,0.39824799,0.31478035,0.30862820,0.07324539,-1.05454788,0.17709506,0.12099292,0.21448065,1.10775583,1.40134991,1.69729188,1.90743471,0.39824799,0.70605908,0.83742483,0.31478035,0.52061606,0.30862820,1.63151321,0.65065731,0.31482470,0.26911933,0.46161965
511,0.02500507,0.36646265,0.47452483,0.45084609,0.41876922,-0.29256156,1.58268635,-0.15535351,0.49796697,-0.09812971,0.18670017,-0.08027619,-0.07201427,-0.06265487,-0.31050184,1.10598410,0.37401037,0.32465410,0.24229534,-0.05337678,-1.35527052,0.17545435,0.11338579,0.20890325,1.10598410,1.40984047,1.68377204,1.91644142,0.37401037,0.69730940,0.88808107,0.32465410,0.52240429,0.24229534,1.63406037,0.68817161,0.32674753,0.12071516,0.33019472
512,0.04734808,0.47398449,0.41918245,0.37401955,0.34453258,-0.35334975,1.45803517,-0.18554645,0.49847483,-0.11835822,0.25039289,-0.09030611,0.01194515,-0.09236648,-0.24207545,0.97474823,0.41849662,0.28097319,0.32278684,0.05563203,-1.27773358,0.18770655,0.13156740,0.22922419,0.97474823,1.28335287,1.55616430,1.74809480,0.41849662,0.68743837,0.79615801,0.28097319,0.49601487,0.32278684,1.54223446,0.62202753,0.27706590,0.17867725,0.26305246
513,0.02351611,0.22306931,0.40155895,0.34796649,0.28708297,-0.37527590,1.46517799,-0.26639867,0.48026970,-0.22042306,0.17360955,-0.20436595,-0.05602922,-0.20083527,-0.35738325,0.99934387,0.40730459,0.28946155,0.31183414,-0.11334448,-1.25099624,0.18063245,0.13467737,0.22531328,0.99934387,1.30775475,1.56185248,1.84526976,0.40730459,0.69619870,0.91388984,0.28946155,0.53985053,0.31183414,1.55748193,0.74358430,0.36741049,0.22071030,0.43377903
514,0.03513188,0.47647390,0.46081663,0.42019434,0.40920757,-0.41886562,1.38830833,-0.26096522,0.44708664,-0.20838423,0.20283173,-0.17480512,-0.06100562,-0.17658274,-0.31338568,0.95458688,0.39833503,0.31853527,0.30556721,-0.00960322,-1.08509061,0.18487916,0.11962741,0.22020677,0.95458688,1.23847359,1.54164460,1.74367223,0.39833503,0.70803725,0.82678654,0.31853527,0.51720494,0.30556721,1.49744053,0.65031655,0.30251406,0.20670892,0.36857211
515,0.03592047,0.18246540,0.34381824,0.34795008,0.28146546,-0.41981801,1.42534425,-0.33796985,0.42436843,-0.29772970,0.12989664,-0.25761263,-0.10355257,-0.23923236,-0.35693274,1.01241959,0.37331546,0.31285124,0.25807002,-0.03698168,-1.09147943,0.18378834,0.12512399,0.22233795,1.01241959,1.30487823,1.56694144,1.80974960,0.37331546,0.68577940,0.87653383,0.31285124,0.51545924,0.25807002,1.53684293,0.75168429,0.43839407,0.29187837,0.45052587
516,0.03915497,0.44124541,0.50664189,0.41914357,0.35821665,-0.44773994,1.37608659,-0.29946198,0.38136110,-0.27828664,0.12036665,-0.25888108,-0.12623582,-0.27380360,-0.38454811,1.00867761,0.36606386,0.30118941,0.27856346,-0.08071488,-1.11374979,0.18340910,0.12070893,0.21956672,1.00867761,1.27962262,1.55416227,1.78639232,0.36606386,0.66496136,0.83218716,0.30118941,0.50957779,0.27856346,1.49601931,0.66609530,0.36371395,0.28948104,0.49024195
517,0.04759776,0.37149248,0.49532011,0.45708751,0.42957358,-0.46660573,1.27688973,-0.27241821,0.38129894,-0.24525305,0.15816414,-0.21803241,-0.11071882,-0.21705279,-0.34995072,0.92271910,0.30919565,0.32262101,0.25941528,-0.02332330,-0.93724206,0.18880125,0.09853763,0.21296849,0.92271910,1.14519338,1.43737493,1.65572638,0.30919565,0.62926591,0.78793658,0.32262101,0.51452285,0.25941528,1.38868983,0.61040742,0.34226963,0.24454810,0.42447384
518,0.03576499,0.39200567,0.47548522,0.39898923,0.35882594,-0.45647281,1.33143660,-0.23467603,0.41073844,-0.23323235,0.15808850,-0.21288219,-0.08720009,-0.22113240,-0.38390712,0.95182083,0.33044225,0.28800269,0.30555068,-0.02409220,-1.04348728,0.18604846,0.09172204,0.20742942,0.95182083,1.20017788,1.46399093,1.74232533,0.33044225,0.61631231,0.84602076,0.28800269,0.54757673,0.30555068,1.43364986,0.59922410,0.32150605,0.23011024,0.44982032
519,0.04078413,0.28729138,0.49275429,0.32599366,0.21329828,-0.49230320,1.35375257,-0.34518844,0.35828030,-0.34518187,0.08281850,-0.33992387,-0.16403354,-0.33905914,-0.47408404,1.01230910,0.34214308,0.28732302,0.31515534,-0.04289628,-0.81862165,0.18373061,0.09710944,0.20781526,1.01230910,1.28277155,1.54411747,1.84336592,0.34214308,0.62868998,0.88257775,0.28732302,0.56423340,0.31515534,1.47075465,0.64285537,0.40951083,0.38174845,0.59384439
520,0.03494092,0.12239422,0.14767169,0.20328182,0.15989864,-0.52274139,1.35431808,-0.40402642,0.33814239,-0.39678439,0.06748252,-0.39067914,-0.17905411,-0.36760360,-0.47888832,1.03303696,0.34774006,0.29378784,0.30141785,-0.03413087,-0.80959657,0.18267524,0.09256970,0.20479110,1.03303696,1.29516857,1.55686218,1.85220419,0.34774006,0.64067066,0.89251981,0.29378784,0.56457421,0.30141785,1.48642427,0.70102122,0.47078993,0.43799824,0.61278299
521,0.03226519,0.14920365,0.19294715,0.20865654,0.16906656,-0.50883425,1.32328294,-0.39172718,0.30278394,-0.38683887,0.03774680,-0.37509408,-0.18440298,-0.35201421,-0.46061609,1.03907738,0.33774860,0.27398994,0.27829599,-0.03790431,-0.89113929,0.18749033,0.09388217,0.20968187,1.03907738,1.29238321,1.52845820,1.80057958,0.33774860,0.61152846,0.83838904,0.27398994,0.51749662,0.27829599,1.45111765,0.67999833,0.46586230,0.42905220,0.59238735
522,0.04269776,0.40218646,0.48429902,0.44770253,0.42557970,-0.49079088,1.31114739,-0.29569321,0.36809257,-0.26388124,0.15375482,-0.24930675,-0.11766631,-0.25463038,-0.38610023,0.97163701,0.30771291,0.32161711,0.29058210,-0.03368092,-0.95537369,0.18962507,0.10458665,0.21655492,0.97163701,1.18280911,1.47244990,1.72016649,0.30771291,0.62492055,0.80528088,0.32161711,0.54334389,0.29058210,1.42678622,0.62159002,0.35748705,0.27602906,0.47910586
523,0.03375906,0.45997798,0.48022920,0.36984123,0.27787568,-0.43631807,1.37758061,-0.16356455,0.41691663,-0.18840825,0.15404615,-0.18446744,-0.07385711,-0.19150058,-0.30397317,1.01901225,0.38283762,0.28365752,0.24469034,-0.10175402,-1.39905715,0.19153118,0.12711860,0.22987678,1.01901225,1.25061476,1.49307890,1.70683440,0.38283762,0.66351804,0.80768104,0.28365752,0.46602417,0.24469034,1.46998705,0.65103043,0.31204170,0.20045790,0.37553932
524,0.03360092,0.37990542,0.48635677,0.35114825,0.23388458,-0.45426047,1.43692910,-0.26574739,0.37919372,-0.25564142,0.11721731,-0.26492729,-0.11697563,-0.27993503,-0.38562440,1.08390317,0.33869728,0.27850387,0.28278825,-0.07134940,-1.19947478,0.18753174,0.12489924,0.22531749,1.08390317,1.33647439,1.58101494,1.83581714,0.33869728,0.61588726,0.81385048,0.27850387,0.50740754,0.28278825,1.53225734,0.62523696,0.34843129,0.29482777,0.49730496
525,0.04423616,0.39388679,0.47703188,0.44331644,0.43940226,-0.44652528,1.33547342,-0.24652778,0.40342276,-0.20965451,0.20292425,-0.20901238,-0.08020095,-0.21496912,-0.33211790,0.96168290,0.31493000,0.33403717,0.29669894,0.04111730,-0.98078487,0.19629761,0.09777629,0.21930106,0.96168290,1.16256855,1.46453091,1.68889343,0.31493000,0.63987612,0.78100396,0.33403717,0.53546608,0.29669894,1.42993869,0.60385257,0.32174782,0.22771357,0.41198681
526,0.03500687,0.48817935,0.50955420,0.45609228,0.44580766,-0.21289182,1.57531698,0.04238374,0.48363967,0.08440353,0.22945866,0.09576919,-0.02765258,0.06333300,-0.27883198,1.15052598,0.30970411,0.33256855,0.25407844,-0.17890219,-1.26604233,0.17731015,0.11435224,0.21098655,1.15052598,1.38101760,1.63712565,1.87748160,0.30970411,0.64077056,0.84438789,0.33256855,0.54316191,0.25407844,1.59649659,0.63305017,0.33868836,0.10247127,0.28930914
527,0.02232787,0.37642917,0.50393073,0.47346044,0.45424664,-0.40567330,1.42356238,-0.30462358,0.45962986,-0.24938850,0.15253471,-0.20304287,-0.11332499,-0.17358333,-0.37424132,1.01843198,0.34386693,0.33647590,0.26919708,0.05216737,-1.14825631,0.18669843,0.13760052,0.23192716,1.01843198,1.29160565,1.55053280,1.81505881,0.34386693,0.67672421,0.93616246,0.33647590,0.59245307,0.26919708,1.48379319,0.69039807,0.39857438,0.24282372,0.41267471
528,0.04680842,0.36311272,0.43105052,0.36214492,0.25694040,-0.30666030,1.38726996,0.01065937,0.61557494,0.03537709,0.32426735,0.04456447,0.06837078,0.00567197,-0.14353778,0.85493559,0.41739648,0.32294113,0.24681082,0.39615037,-1.41981366,0.19283293,0.11684076,0.22546907,0.85493559,1.12223839,1.39926937,1.57361350,0.41739648,0.73844453,0.84638365,0.32294113,0.47492882,0.24681082,1.43421658,0.72471321,0.33693493,0.13888564,0.14387401
529,0.02579096,0.45896599,0.50837041,0.47479493,0.48053730,-0.42517838,1.47785402,-0.24375526,0.44099784,-0.23480984,0.13101660,-0.22286317,-0.15129755,-0.18081526,-0.39528795,1.06510026,0.31679942,0.32610854,0.24760376,0.07116677,-1.18381091,0.17836741,0.13157547,0.22164620,1.06510026,1.36374239,1.64294839,1.89003231,0.31679942,0.63484727,0.86822525,0.32610854,0.55270810,0.24760376,1.54567120,0.59606730,0.36966634,0.28428547,0.44467651
530,0.03077206,0.34898952,0.47070944,0.42949257,0.44008815,-0.41288808,1.33482014,-0.26481655,0.43991775,-0.21597086,0.18695624,-0.22448549,-0.06630217,-0.21955679,-0.33176425,0.92565390,0.36769898,0.30458527,0.28568175,0.11436256,-1.17037012,0.19775388,0.09305306,0.21855313,0.92565390,1.16722759,1.43511189,1.68370380,0.36769898,0.66629157,0.83889798,0.30458527,0.52261076,0.28568175,1.42247672,0.68369309,0.34255531,0.23493131,0.41716804
531,0.03810618,0.43171050,0.48394133,0.41689058,0.39540234,-0.45315107,1.42590675,-0.24727870,0.42939025,-0.25578243,0.18292412,-0.25768335,-0.07558388,-0.26508122,-0.34115331,1.03464199,0.36658193,0.30827638,0.29327480,0.01577927,-1.18892332,0.18635444,0.09987036,0.21142863,1.03464199,1.26135468,1.53497703,1.78162448,0.36658193,0.66931056,0.83261827,0.30827638,0.52598099,0.29327480,1.51467656,0.65164023,0.34926567,0.26901323,0.44539132
532,0.03747358,0.41344095,0.50724511,0.43784565,0.39212248,-0.42674948,1.45024909,-0.27318208,0.42944210,-0.28265422,0.15095341,-0.28781619,-0.11741487,-0.30976180,-0.37745473,1.04536312,0.39147651,0.31592936,0.27793851,0.02445422,-1.08486000,0.18683134,0.10433326,0.21398920,1.04536312,1.31189682,1.59796586,1.84038257,0.39147651,0.70304371,0.87869328,0.31592936,0.53384287,0.27793851,1.54290712,0.69507449,0.37688633,0.31246481,0.50463894
533,0.02967322,0.19914278,0.25938900,0.22969279,0.18730190,-0.43392557,1.47678235,-0.34637845,0.36753590,-0.41977651,0.06963371,-0.42825382,-0.17197311,-0.39344156,-0.44325566,1.12995899,0.39138435,0.29929265,0.27457069,-0.05121867,-1.04545051,0.18147030,0.10109519,0.20772989,1.12995899,1.40797921,1.66373414,1.93069928,0.39138435,0.68825962,0.90324666,0.29929265,0.53567005,0.27457069,1.57723614,0.74009174,0.51948269,0.47723393,0.61032840
534,0.03839165,0.37158119,0.51136043,0.41465594,0.30409915,-0.43444689,1.43652802,-0.27095271,0.40008296,-0.28567679,0.14312445,-0.31535566,-0.12131475,-0.36065709,-0.44484761,1.06182618,0.35504824,0.30238056,0.33912596,-0.00420549,-1.09069471,0.18349660,0.08831777,0.20364438,1.06182618,1.30449247,1.57855135,1.88760711,0.35504824,0.65154795,0.90015245,0.30238056,0.59506439,0.33912596,1.52143652,0.63545030,0.36105527,0.33877293,0.58421281
535,0.02959577,0.47128728,0.46074454,0.40363343,0.38978510,-0.34560021,1.44941271,-0.15743168,0.49378793,-0.15859332,0.25067079,-0.17506185,-0.01624406,-0.18983701,-0.29125404,0.97990482,0.36734148,0.31402283,0.31511114,0.32739302,-1.35801818,0.18678340,0.11351659,0.21857277,0.97990482,1.22478077,1.51250879,1.75678742,0.36734148,0.67381723,0.83643960,0.31402283,0.54294623,0.31511114,1.51303944,0.63704255,0.31148213,0.18907546,0.35755986
536,0.02212162,0.38287727,0.42780589,0.37066467,0.32241617,-0.27119696,1.38367006,-0.08094149,0.47504559,-0.09832343,0.25543330,-0.10676182,0.00749785,-0.13656434,-0.26642920,0.95254009,0.32144033,0.29071667,0.28240095,0.30243329,-1.38226124,0.19271022,0.10194161,0.21801220,0.95254009,1.14159154,1.39662433,1.65925913,0.32144033,0.60662199,0.81099877,0.29071667,0.53089667,0.28240095,1.42437609,0.63614043,0.32824825,0.11105089,0.31305605
537,0.06101460,0.33253801,0.37742472,0.34372073,0.31225107,-0.10119011,1.47884782,0.17841761,0.60814284,0.18829836,0.30397703,0.18414375,0.03837829,0.13864481,-0.19540834,0.93645758,0.43540758,0.32578096,0.26638056,0.13349629,-1.27951608,0.18640577,0.14562074,0.23654283,0.93645758,1.21498063,1.49846834,1.70080269,0.43540758,0.75806711,0.89006213,0.32578096,0.50661135,0.26638056,1.49551565,0.74941556,0.36837374,0.21305821,0.24036836
538,0.03149795,0.41006241,0.50164573,0.45716802,0.46023559,-0.35183673,1.53668276,-0.25155932,0.42731498,-0.25753883,0.14077763,-0.24659453,-0.12450723,-0.22121192,-0.37444794,1.14526667,0.29699372,0.33504037,0.25313884,0.19207207,-1.11004444,0.17672033,0.12775079,0.21806041,1.14526667,1.41170856,1.66459716,1.91616720,0.29699372,0.61982618,0.86133192,0.33504037,0.56761885,0.25313884,1.57905977,0.61103650,0.40506667,0.28619843,0.43710568
539,0.03278271,0.46619489,0.45578880,0.36995055,0.32259790,-0.22547878,1.49098082,-0.16428212,0.50666810,-0.15556222,0.23809875,-0.17352587,0.02320952,-0.21251131,-0.23641108,0.98817948,0.40896771,0.27423073,0.30707481,0.37947658,-1.32863984,0.18720291,0.11613366,0.22029970,0.98817948,1.27871602,1.52630875,1.74632497,0.40896771,0.67972956,0.80987120,0.27423073,0.47802240,0.30707481,1.54360646,0.66147856,0.29654106,0.19482381,0.32634189
540,0.02991814,0.44254337,0.47133279,0.40575507,0.36948529,-0.23381918,1.52000628,-0.13218710,0.53635402,-0.13453213,0.25633765,-0.13583316,0.00598052,-0.16543109,-0.25419836,0.99845757,0.39133042,0.30876557,0.27917319,0.30542129,-1.25898468,0.18515388,0.12434130,0.22303076,0.99845757,1.27478039,1.54978598,1.78902334,0.39133042,0.69820249,0.86817308,0.30876557,0.51830874,0.27917319,1.57139549,0.71929488,0.34482070,0.13612598,0.32043541
541,0.01993640,0.40419421,0.43359787,0.37837534,0.36743176,-0.13950615,1.47691479,-0.01234590,0.51557466,-0.02305198,0.24566421,-0.06382079,-0.03692304,-0.09417201,-0.29783462,0.97351718,0.32486398,0.31722898,0.27487665,0.80014754,-1.45082070,0.18729443,0.10482030,0.21463108,0.97351718,1.24035075,1.53349670,1.78180319,0.32486398,0.63991837,0.85137997,0.31722898,0.55111520,0.27487665,1.49667172,0.58883661,0.26765232,0.08142722,0.31580234
542,0.03483003,0.44244023,0.50399021,0.46312722,0.45335101,-0.02123077,1.48458528,0.14722143,0.52243597,0.13293459,0.20945117,0.09687819,-0.06919887,0.05017167,-0.33566030,0.99108038,0.34180007,0.32864084,0.27210880,0.25468706,-1.36228116,0.18411341,0.10359108,0.21125543,0.99108038,1.28479648,1.56448528,1.82496529,0.34180007,0.66847997,0.90713631,0.32864084,0.56913704,0.27210880,1.49614765,0.64701439,0.32863269,0.12730116,0.34744849
543,0.04355232,0.47969714,0.50265814,0.44470046,0.43852262,-0.20480129,1.54158205,-0.19390466,0.49888953,-0.18898531,0.18711273,-0.18473180,-0.12316587,-0.19037256,-0.39035874,1.07009830,0.32018940,0.36829714,0.26956964,0.24824182,-1.07162644,0.19257432,0.13212825,0.23354387,1.07009830,1.36489515,1.66515262,1.93312194,0.32018940,0.67863372,0.94055847,0.36829714,0.62294793,0.26956964,1.55558750,0.60325046,0.33608988,0.22214060,0.43521688
544,0.03455729,0.43824809,0.48340909,0.44815853,0.42824519,0.07315475,1.53380210,0.14777808,0.57304669,0.14307519,0.26957289,0.09019677,-0.02233844,0.04445416,-0.28986445,0.97820737,0.33153070,0.34969565,0.27587906,1.48391604,-1.55673753,0.18098210,0.10340323,0.20843884,0.97820737,1.26663783,1.56348482,1.82668333,0.33153070,0.67769213,0.90977642,0.34969565,0.58404242,0.27587906,1.54355014,0.67522576,0.36041942,0.09315516,0.29856251
545,0.04334541,0.37938511,0.41871111,0.38760972,0.33185121,-0.04760303,1.93679109,-0.09772523,0.84568434,-0.10949446,0.51260027,-0.15269032,0.19706380,-0.15770669,-0.07744585,1.10186424,0.40387226,0.32479064,0.34263448,0.77861764,-1.32530630,0.16801807,0.09911468,0.19507381,1.10186424,1.42794427,1.74905548,2.01808773,0.40387226,0.71336269,0.92914328,0.32479064,0.60863353,0.34263448,1.94272082,0.89909119,0.52771256,0.24930976,0.26798993
546,0.02824762,0.42237421,0.52437634,0.45798548,0.44130280,-0.10305840,1.48251477,-0.18146084,0.47665749,-0.15098191,0.22462473,-0.20681430,-0.02529344,-0.22204219,-0.25862363,1.01649071,0.31380110,0.29608523,0.27823644,0.33879057,-0.98436572,0.20143916,0.10230043,0.22592723,1.01649071,1.26025679,1.52577691,1.74617438,0.31380110,0.60294100,0.75862381,0.29608523,0.48844985,0.27823644,1.50030541,0.60745053,0.30728101,0.20837875,0.37147768
547,0.03293376,0.40996180,0.53177056,0.47135622,0.45152657,-0.08238119,1.52019784,-0.19263379,0.50538460,-0.17158258,0.23968030,-0.22159833,-0.03840127,-0.24751930,-0.27604944,1.02818874,0.31012760,0.31755560,0.26595599,0.22532473,-0.78313552,0.19864827,0.09767570,0.22136323,1.02818874,1.28410814,1.57516066,1.80494946,0.31012760,0.62342024,0.80535754,0.31755560,0.52206331,0.26595599,1.53327928,0.62105150,0.32925955,0.22490794,0.38918766
548,0.02836802,0.44433604,0.51218759,0.45865625,0.42987546,-0.06936504,1.64958127,-0.22279215,0.60469532,-0.21860761,0.31669952,-0.27267008,0.05358468,-0.33641278,-0.20023950,1.06186603,0.32207347,0.29716773,0.29086760,0.20818544,-0.71648683,0.18895714,0.11688902,0.22218875,1.06186603,1.34162994,1.61689222,1.86930104,0.32207347,0.61626178,0.82562101,0.29716773,0.53019245,0.29086760,1.65892364,0.69954183,0.40555920,0.27788691,0.41184600
549,0.03673131,0.42568433,0.51106236,0.47008578,0.45341010,-0.03584434,1.66147443,-0.23361976,0.56405141,-0.21617643,0.30099386,-0.28137489,0.04229733,-0.33517067,-0.21183448,1.11796182,0.28823420,0.28432457,0.27698211,0.13101189,-0.58189409,0.18947343,0.11240123,0.22030483,1.11796182,1.37286802,1.64323509,1.89746838,0.28823420,0.56626754,0.79145391,0.28432457,0.52645729,0.27698211,1.66934536,0.65519977,0.38992675,0.28546306,0.41400822
550,0.04480706,0.43947206,0.49739961,0.44000977,0.43469791,-0.04473403,1.70184674,-0.26371209,0.52458886,-0.22624045,0.28530670,-0.30049389,0.03194731,-0.33913712,-0.19372626,1.20232666,0.30128559,0.29121579,0.27839974,0.12146002,-0.79138793,0.18982817,0.12228354,0.22580522,1.20232666,1.42988632,1.70046484,1.91862787,0.30128559,0.57905765,0.73642256,0.29121579,0.49343471,0.27839974,1.70955837,0.64379802,0.37388389,0.30456864,0.40869643
551,0.06410629,0.39568108,0.50036570,0.45186761,0.42221031,-0.07724319,1.64583686,-0.26608436,0.50744212,-0.24847689,0.30673952,-0.30165322,0.03479573,-0.32501957,-0.19575898,1.15721233,0.24272978,0.29906810,0.25850994,0.08788892,-0.56568543,0.18921690,0.10818484,0.21796100,1.15721233,1.35087404,1.63455184,1.85877152,0.24272978,0.53489339,0.71815090,0.29906810,0.50829885,0.25850994,1.65470580,0.62100543,0.40824910,0.30377004,0.39398932
552,0.06197068,0.37767412,0.49615296,0.43044258,0.34663414,-0.09999613,1.69998497,-0.27770208,0.49366583,-0.27872487,0.29918166,-0.32219164,0.04845590,-0.32929028,-0.18306957,1.22102623,0.22878190,0.27525639,0.24085951,0.10659027,-0.50901784,0.18403735,0.11619344,0.21764803,1.22102623,1.41328101,1.67419170,1.89935171,0.22878190,0.50100741,0.69716719,0.27525639,0.48645460,0.24085951,1.71480179,0.62562479,0.43390947,0.32829128,0.39145801
553,0.06466049,0.34688664,0.50038029,0.43151928,0.32623760,-0.08749144,1.69347801,-0.29777022,0.44741043,-0.29072973,0.25987951,-0.32927848,0.02415068,-0.33466372,-0.21281509,1.26554229,0.22424121,0.25516195,0.23901524,0.07962537,-0.37237698,0.18067671,0.12050120,0.21717415,1.26554229,1.44894805,1.69287922,1.92558076,0.22424121,0.47465012,0.68577110,0.25516195,0.47838120,0.23901524,1.71032842,0.61138623,0.42488345,0.33947669,0.41150057
554,0.06573169,0.34080960,0.49527177,0.43009111,0.32605729,-0.08240232,1.67491170,-0.29653087,0.44334626,-0.30213689,0.23172406,-0.32687108,0.01247220,-0.32475442,-0.23442997,1.25174047,0.24540923,0.23815584,0.24717283,0.07327347,-0.31540449,0.18102476,0.12718176,0.22123555,1.25174047,1.46100948,1.68687523,1.92954630,0.24540923,0.48194755,0.70791682,0.23815584,0.47322015,0.24717283,1.69393529,0.61420080,0.42134828,0.33947266,0.41334930
555,0.06292305,0.33649024,0.48830036,0.41246180,0.29121694,-0.07888255,1.68210235,-0.29930587,0.43378358,-0.31027128,0.21427078,-0.33112800,0.01560595,-0.32580460,-0.22615400,1.26941854,0.25220469,0.21951119,0.24183587,0.07667575,-0.30699881,0.18070966,0.13076621,0.22306004,1.26941854,1.48702532,1.69190691,1.92958008,0.25220469,0.47115141,0.69360212,0.21951119,0.44942110,0.24183587,1.70140992,0.61167508,0.42079178,0.34505207,0.40869131
556,0.05786477,0.31269398,0.42195977,0.41634175,0.25706268,-0.07451305,1.65239594,-0.31226418,0.42442112,-0.32768519,0.19549113,-0.34523735,0.00760316,-0.35186581,-0.20131008,1.25306134,0.25691536,0.20563507,0.20902124,0.08828546,-0.33976785,0.18259192,0.13103009,0.22474139,1.25306134,1.47927901,1.67135963,1.87821552,0.25691536,0.46232683,0.65696191,0.20563507,0.40562805,0.20902124,1.66937462,0.60687525,0.42427398,0.36058567,0.41873505
557,0.06003408,0.31194928,0.44185807,0.39161613,0.26542946,-0.09083708,1.67641113,-0.31193784,0.41241729,-0.32827206,0.19352742,-0.34403006,-0.00308056,-0.34336749,-0.22738174,1.28500070,0.25045684,0.21430125,0.22430545,0.07618595,-0.31017841,0.17947015,0.13660979,0.22554771,1.28500070,1.50268423,1.70391751,1.92520267,0.25045684,0.46417092,0.67202791,0.21430125,0.42919949,0.22430545,1.69581696,0.60157825,0.42439073,0.35913021,0.42481037
558,0.06086439,0.28903746,0.41791647,0.39207148,0.26148363,-0.09587434,1.67615284,-0.32437499,0.39180861,-0.33015532,0.18631670,-0.33913217,-0.00767540,-0.32888144,-0.23686366,1.30684854,0.24893390,0.21270180,0.22949765,0.07368922,-0.28775504,0.18025763,0.13706219,0.22644835,1.30684854,1.50942968,1.70782510,1.93338694,0.24893390,0.45978585,0.67055266,0.21270180,0.43324563,0.22949765,1.69832540,0.60867143,0.42581065,0.35573525,0.41771026
559,0.05670967,0.26087515,0.34276413,0.30552270,0.20514172,-0.08926854,1.67079608,-0.33308292,0.38871088,-0.34950674,0.18961414,-0.36734925,0.01623159,-0.36393049,-0.17966638,1.30783062,0.24609963,0.19607694,0.19643740,0.07164267,-0.31492039,0.18166842,0.13508248,0.22638615,1.30783062,1.50501379,1.68432800,1.87779074,0.24609963,0.44096828,0.62076306,0.19607694,0.38390412,0.19643740,1.69129353,0.61009031,0.43991666,0.38064217,0.41451477
560,0.06208564,0.28074274,0.41502797,0.40281291,0.26406314,-0.08177202,1.65843266,-0.31747565,0.38055072,-0.32125246,0.18726129,-0.33668402,-0.01341650,-0.33141252,-0.23862773,1.30203695,0.23794144,0.22086473,0.22533729,0.07727177,-0.27793551,0.18140307,0.13782593,0.22782243,1.30203695,1.49160528,1.69758516,1.91950807,0.23794144,0.45642400,0.66243707,0.22086473,0.43676643,0.22533729,1.67963201,0.59839821,0.42064584,0.35314305,0.42052545
561,0.05920824,0.27465809,0.37196965,0.40095486,0.23662614,-0.07723628,1.64317245,-0.30521804,0.39879376,-0.32326110,0.18347636,-0.33322190,-0.01102815,-0.33358690,-0.20606041,1.26764276,0.25297059,0.21301708,0.19549398,0.08176539,-0.27399038,0.18256939,0.13713230,0.22833495,1.26764276,1.48116773,1.67952322,1.87300233,0.25297059,0.46496538,0.64817925,0.21301708,0.40222776,0.19549398,1.66374244,0.60064462,0.42112784,0.35160967,0.40422048
562,0.05937643,0.28721383,0.36299451,0.37213668,0.21714378,-0.07362613,1.63409728,-0.29305091,0.41068412,-0.32298293,0.16633196,-0.33748726,-0.03583528,-0.32785587,-0.23896843,1.24458645,0.27169814,0.21798392,0.20388309,0.07040161,-0.28458888,0.18351933,0.13702615,0.22903168,1.24458645,1.48966472,1.69572405,1.89584398,0.27169814,0.48933540,0.68356220,0.21798392,0.41626703,0.20388309,1.65212391,0.58498452,0.40594391,0.35406760,0.41478694
563,0.05776036,0.26257603,0.33118056,0.33935545,0.20658005,-0.08773193,1.66776684,-0.29913928,0.39932498,-0.32202293,0.15658253,-0.33245450,-0.05129876,-0.31282932,-0.24771714,1.28862648,0.27766819,0.22477331,0.19854558,0.06884099,-0.25487252,0.18230957,0.13727852,0.22821519,1.28862648,1.53004498,1.74160042,1.93495171,0.27766819,0.50156750,0.68992196,0.22477331,0.41811156,0.19854558,1.68673235,0.59256482,0.40387385,0.35150093,0.40709530
564,0.05274856,0.26405733,0.36581259,0.36458252,0.22224840,-0.10958195,1.66848022,-0.32253672,0.39699029,-0.33945173,0.18481168,-0.35311132,-0.01848755,-0.33949447,-0.21565911,1.29218921,0.25615543,0.22013150,0.19785456,0.06961761,-0.28026257,0.18200463,0.13545873,0.22688049,1.29218921,1.50236516,1.71003071,1.90381153,0.25615543,0.47386996,0.65639631,0.22013150,0.41101402,0.19785456,1.68740274,0.60059040,0.42314795,0.36460968,0.41003232
565,0.05461071,0.27725832,0.39359538,0.38731330,0.23428373,-0.11183986,1.69402051,-0.32767324,0.37963136,-0.33331920,0.17279504,-0.34592290,-0.02651674,-0.34057674,-0.22557247,1.33479120,0.25081743,0.21692387,0.19912823,0.06879506,-0.32459220,0.17982313,0.13479279,0.22473418,1.33479120,1.53826041,1.74202680,1.93820087,0.25081743,0.46536891,0.64612353,0.21692387,0.40722371,0.19912823,1.71281621,0.59135747,0.41281547,0.35766578,0.41776498
566,0.05341398,0.28575502,0.38379517,0.35647770,0.22272263,-0.10612231,1.69561631,-0.32261995,0.39028175,-0.33490875,0.16604162,-0.35746089,-0.01713993,-0.35947947,-0.21376326,1.32519163,0.25941565,0.20257882,0.19682525,0.06774615,-0.32872103,0.18168575,0.13315455,0.22525507,1.32519163,1.54762645,1.73676173,1.93185531,0.25941565,0.46122727,0.64461871,0.20257882,0.39160559,0.19682525,1.71338252,0.58616743,0.40877734,0.36712648,0.42459759
567,0.05817261,0.31027612,0.43109947,0.40674723,0.25822721,-0.10353336,1.68595283,-0.31370715,0.38097777,-0.32256901,0.16074147,-0.34591420,-0.02806357,-0.34936610,-0.23919036,1.32335743,0.25104628,0.20927534,0.21131366,0.06922449,-0.37194244,0.18316179,0.13229492,0.22594289,1.32335743,1.54186953,1.73696692,1.94545335,0.25104628,0.45973455,0.65234603,0.20927534,0.40854205,0.21131366,1.70377429,0.57103557,0.39725382,0.35612923,0.43246712
568,0.05804362,0.34571023,0.46353017,0.43720790,0.27660760,-0.11862301,1.66910298,-0.28008513,0.46157032,-0.31240093,0.17663634,-0.33725741,-0.03319667,-0.34041819,-0.24164774,1.21919941,0.30485740,0.23002148,0.20918537,0.06574872,-0.39143678,0.18306925,0.12698619,0.22280000,1.21919941,1.50603989,1.72256764,1.92795427,0.30485740,0.53464184,0.72769190,0.23002148,0.42564550,0.20918537,1.68709975,0.60037477,0.39257400,0.34568662,0.42612180
569,0.05650674,0.40010450,0.52503025,0.42755396,0.28015478,-0.12054252,1.69709629,-0.28834086,0.48125951,-0.29615809,0.22050180,-0.33350260,-0.00216951,-0.34153887,-0.22738332,1.22768612,0.27419524,0.23976578,0.22594069,0.05967802,-0.40616008,0.18285753,0.12647905,0.22233719,1.22768612,1.48806183,1.71801870,1.94087981,0.27419524,0.51284006,0.72606535,0.23976578,0.45476977,0.22594069,1.71306515,0.60560958,0.39618475,0.33939852,0.41787689
570,0.05277052,0.34491190,0.45954780,0.40421107,0.25179255,-0.14426870,1.64056061,-0.29161682,0.47872961,-0.30679605,0.23343487,-0.33593923,-0.00476938,-0.34939665,-0.21068032,1.17224632,0.26755707,0.25097135,0.20638021,0.08768662,-0.32141869,0.19262942,0.13029174,0.23255544,1.17224632,1.41754012,1.66141384,1.86722592,0.26755707,0.51754960,0.71555544,0.25097135,0.45274526,0.20638021,1.66149890,0.62254323,0.41934984,0.34823192,0.41739655
571,0.04330534,0.38890914,0.47727856,0.39012496,0.21909861,-0.17855681,1.62615362,-0.29025824,0.51545268,-0.32882668,0.20253660,-0.37763387,-0.01402196,-0.38422457,-0.18325071,1.11780260,0.32925019,0.23693708,0.16935834,0.08359964,-0.39297321,0.19730752,0.13004162,0.23630717,1.11780260,1.43200420,1.65655266,1.82503744,0.32925019,0.56529178,0.72720630,0.23693708,0.39858554,0.16935834,1.64831141,0.64599076,0.41983686,0.38665549,0.43335874
572,0.03988272,0.42032739,0.46480721,0.48343362,0.20499209,-0.19706411,1.65827100,-0.29423497,0.52135475,-0.31638003,0.22779597,-0.37075345,0.00778348,-0.38821709,-0.15117244,1.14113879,0.30044438,0.23881876,0.15999845,0.10113199,-0.44133890,0.19706223,0.13238283,0.23739995,1.14113879,1.43620171,1.66408027,1.82325479,0.30044438,0.53658185,0.69140602,0.23881876,0.39202942,0.15999845,1.68186675,0.63550063,0.41889628,0.37893679,0.42483597
573,0.04278808,0.42890715,0.52441291,0.48066281,0.32306468,-0.20543287,1.65133325,-0.28786535,0.51341303,-0.29904542,0.26263474,-0.33545202,0.01778687,-0.39038200,-0.18443386,1.14104652,0.26598575,0.26696249,0.21580896,0.10821334,-0.56067044,0.20041539,0.13619416,0.24231215,1.14104652,1.39359857,1.64748120,1.84883907,0.26598575,0.53218292,0.71838592,0.26696249,0.45885893,0.21580896,1.68517749,0.65357785,0.44370906,0.34942070,0.45634831
574,0.05557098,0.43909591,0.53173375,0.48110633,0.35622055,-0.22025232,1.66138159,-0.29768205,0.51582699,-0.29668339,0.25719261,-0.31037791,0.00739293,-0.37419884,-0.19664297,1.14842445,0.28433328,0.27473728,0.22518442,0.10371685,-0.58042935,0.19713748,0.13829881,0.24081060,1.14842445,1.40939719,1.66937844,1.86939458,0.28433328,0.55887129,0.73441560,0.27473728,0.46239359,0.22518442,1.70129670,0.67467707,0.44014408,0.32198225,0.45061676
575,0.04761943,0.42939141,0.52888546,0.48307326,0.41923100,-0.20956761,1.64395605,-0.25569190,0.53113255,-0.26021438,0.29905133,-0.28522466,0.00129375,-0.33053495,-0.22060458,1.11437537,0.26323755,0.32261958,0.24789599,0.11246790,-0.57994645,0.20074574,0.12893823,0.23858734,1.11437537,1.34871179,1.65767497,1.87163039,0.26323755,0.58482086,0.76924200,0.32261958,0.52480656,0.24789599,1.67782926,0.66068575,0.43301067,0.29003327,0.42596312
576,0.04673527,0.44098608,0.52287910,0.48537362,0.43723558,-0.19446525,1.64080284,-0.20524038,0.54530926,-0.19831147,0.28068920,-0.23543033,-0.05091746,-0.26395632,-0.26492538,1.09848159,0.29061222,0.36239665,0.24232853,0.10410106,-0.62233994,0.20273908,0.11221882,0.23172440,1.09848159,1.36069793,1.70187639,1.90831707,0.29061222,0.65167923,0.82632421,0.36239665,0.55044243,0.24232853,1.66373603,0.64433255,0.37708117,0.24126717,0.39394230
577,0.03153801,0.48228751,0.49373701,0.45544321,0.45980664,-0.16861913,1.68930660,-0.21086577,0.51226657,-0.19829843,0.24543731,-0.23515519,-0.06531927,-0.24978473,-0.29529485,1.17906992,0.31049642,0.33696820,0.31991739,0.18422959,-0.87682907,0.19822023,0.13056506,0.23735731,1.17906992,1.44788019,1.77069283,1.98627144,0.31049642,0.64376228,0.81082273,0.33696820,0.55175906,0.31991739,1.70785050,0.60398851,0.32611280,0.24774676,0.42631849
578,0.05161124,0.43783694,0.51249556,0.46850049,0.46426463,-0.15026749,1.71780279,-0.20787827,0.55737298,-0.18791605,0.26779795,-0.24613277,-0.04582511,-0.26532175,-0.27777043,1.16432030,0.33977203,0.35796671,0.27682953,0.12723164,-0.67971507,0.19843286,0.12099123,0.23241015,1.16432030,1.45400208,1.78576448,2.00210756,0.33977203,0.69302210,0.85822627,0.35796671,0.55117539,0.27682953,1.74208697,0.67716677,0.35862872,0.25084361,0.40694573
579,0.04824472,0.43913083,0.51044527,0.46585872,0.45313677,-0.06959778,1.70876254,-0.22400892,0.58493675,-0.21185313,0.27437299,-0.25899563,0.00512799,-0.28877203,-0.25131124,1.13456689,0.37084970,0.31147032,0.28858832,0.10746644,-0.69298097,0.19521033,0.13933549,0.23983631,1.13456689,1.45286459,1.74584823,1.98263733,0.37084970,0.67901038,0.86780433,0.31147032,0.53167139,0.28858832,1.74471764,0.72535729,0.38326277,0.25943314,0.40869971
580,0.03453899,0.42938945,0.51356764,0.46897945,0.47948909,-0.00465639,1.71831907,-0.19767184,0.63374355,-0.18572321,0.31598944,-0.26246956,0.03084764,-0.31449632,-0.21889820,1.10171776,0.36772586,0.33473682,0.29476475,0.14023815,-0.65029339,0.19731649,0.12309752,0.23256568,1.10171776,1.42412513,1.73816688,1.97005523,0.36772586,0.69633343,0.88235085,0.33473682,0.55026072,0.29476475,1.74581598,0.73849567,0.39194071,0.26494488,0.40426286
581,0.02419921,0.44638811,0.51054673,0.46260646,0.43268553,-0.03069647,1.70194145,-0.20665936,0.63681351,-0.24265643,0.37368264,-0.30647238,0.10995894,-0.39321899,-0.12167495,1.08041292,0.30002393,0.29748260,0.27558269,0.19756302,-0.64985575,0.19269182,0.12655447,0.23053453,1.08041292,1.34854145,1.63043068,1.86184045,0.30002393,0.59660364,0.79354421,0.29748260,0.51773392,0.27558269,1.71682939,0.72052663,0.46323010,0.32563646,0.43055361
582,0.02646667,0.43203025,0.52337503,0.46221169,0.35826331,0.04450928,1.72621406,-0.19273014,0.63850250,-0.23715704,0.36881408,-0.31511433,0.12697969,-0.40059184,-0.06833359,1.11456597,0.30010841,0.27618496,0.23688197,0.19741422,-0.59363540,0.19082062,0.12796897,0.22975763,1.11456597,1.38810542,1.64888408,1.85046266,0.30010841,0.57492619,0.74796233,0.27618496,0.46672692,0.23688197,1.74110306,0.72191181,0.46419221,0.34258601,0.43226371
583,0.03484122,0.40439136,0.50553208,0.43918437,0.19445262,0.04051795,1.71783599,-0.22792325,0.64591340,-0.28857989,0.38153247,-0.36443167,0.16130690,-0.41520502,-0.01171503,1.10736570,0.28789285,0.24848060,0.18573734,0.17028235,-0.50474480,0.19118419,0.12614301,0.22904902,1.10736570,1.37644921,1.61217132,1.78981900,0.28789285,0.53569651,0.69765574,0.24848060,0.41526113,0.18573734,1.73065891,0.73933318,0.51177634,0.40977282,0.43828038
584,0.04505724,0.38761404,0.45566290,0.41768629,0.13203674,0.07027636,1.65844090,-0.20974732,0.61696621,-0.27076736,0.35883911,-0.35012832,0.13594876,-0.38643917,-0.01939382,1.08094838,0.27304635,0.24184524,0.16066917,0.15188397,-0.33608216,0.19472255,0.12704027,0.23249968,1.08094838,1.34363197,1.58001857,1.73903070,0.27304635,0.51409385,0.66735053,0.24184524,0.39673879,0.16066917,1.66547938,0.68437500,0.47212447,0.38722478,0.40316881
585,0.04742655,0.34847566,0.42351009,0.39095623,0.16352650,0.05153296,1.67493060,-0.24658451,0.55633115,-0.31149340,0.30636418,-0.36091352,0.08762364,-0.39294754,-0.09759043,1.16010569,0.27410088,0.23273526,0.18796481,0.12147954,-0.26819426,0.18724638,0.13080305,0.22840894,1.16010569,1.41599006,1.64189725,1.82906354,0.27410088,0.50646206,0.68746053,0.23273526,0.41667456,0.18796481,1.68410877,0.65539933,0.46244489,0.38198187,0.41474079
586,0.05092041,0.32835052,0.38971889,0.40401161,0.22015318,0.03841640,1.69526338,-0.25672250,0.52020518,-0.30749274,0.25320837,-0.34380337,0.02549525,-0.36159676,-0.18939045,1.21423252,0.29481044,0.24040469,0.21563403,0.10140691,-0.26084975,0.18556655,0.13572367,0.22990402,1.21423252,1.48334371,1.71596903,1.92919380,0.29481044,0.53434531,0.73950950,0.24040469,0.45069770,0.21563403,1.70618745,0.63963521,0.42751091,0.35561662,0.41791220
587,0.05943166,0.25838491,0.27531770,0.27996346,0.18217729,0.02380026,1.65780147,-0.29940877,0.41901388,-0.32376724,0.21143599,-0.35173871,0.00527857,-0.35548898,-0.20125269,1.28422816,0.25100329,0.22261768,0.20690592,0.08594369,-0.25244017,0.18582593,0.13893679,0.23202308,1.28422816,1.48802786,1.69871179,1.90174342,0.25100329,0.47067357,0.66393826,0.22261768,0.42380962,0.20690592,1.67228755,0.60592213,0.42664084,0.36600098,0.41812261
588,0.06190884,0.23364623,0.22153113,0.20884918,0.16032438,0.00096343,1.63801331,-0.30863698,0.40468672,-0.32911373,0.19256080,-0.35215280,-0.00888241,-0.34192302,-0.21361920,1.27604963,0.26127901,0.22085639,0.20684179,0.07717887,-0.21936128,0.18213007,0.13937632,0.22934062,1.27604963,1.48333171,1.68950391,1.88987774,0.26127901,0.47950293,0.67404694,0.22085639,0.42238463,0.20684179,1.65482081,0.61307892,0.42631452,0.36703939,0.41017466
589,0.06343835,0.21677553,0.20238644,0.21986140,0.17251569,0.01078977,1.62595431,-0.30147568,0.39754349,-0.32263155,0.18360380,-0.34117335,-0.03397505,-0.32546799,-0.24664543,1.27177524,0.26485396,0.23507095,0.21570103,0.07702707,-0.17492764,0.17891227,0.14219260,0.22853520,1.27177524,1.48123910,1.70237701,1.91010410,0.26485396,0.49619899,0.70050912,0.23507095,0.44653375,0.21570103,1.64108537,0.59627665,0.40905645,0.35319244,0.41171152
590,0.07038470,0.18011228,0.13800999,0.17445778,0.15266993,0.02055297,1.62299551,-0.33012250,0.38398427,-0.34168077,0.18092151,-0.34533495,-0.03261360,-0.31848404,-0.23897388,1.29147604,0.26560370,0.23497902,0.21272634,0.05745985,-0.16104844,0.17764693,0.14308766,0.22810636,1.29147604,1.48860913,1.70404665,1.90464546,0.26560370,0.49603164,0.69724038,0.23497902,0.44390354,0.21272634,1.64240526,0.61548349,0.42606628,0.35621112,0.39987862
591,0.07198412,0.14732279,0.09338678,0.16812204,0.15192705,0.01431184,1.64158553,-0.33835300,0.36974658,-0.34785997,0.17759416,-0.35186799,-0.02781284,-0.33313805,-0.23658311,1.32326460,0.26980215,0.23155005,0.21530347,0.04763200,-0.15968514,0.17440381,0.14186408,0.22481571,1.32326460,1.51104200,1.72082627,1.92630849,0.26980215,0.49581200,0.69770573,0.23155005,0.44282536,0.21530347,1.66677076,0.63114621,0.43629702,0.36368308,0.41040328
592,0.06830287,0.13495782,0.08372446,0.16204582,0.14661276,0.02410524,1.62535144,-0.33952611,0.38138773,-0.35499003,0.18345535,-0.36543229,-0.00464391,-0.33358228,-0.21638931,1.29846793,0.26990921,0.22045889,0.22016281,0.04586988,-0.14029764,0.17070128,0.14325459,0.22284704,1.29846793,1.49446522,1.68997552,1.89532437,0.26990921,0.48796853,0.69199942,0.22045889,0.43334938,0.22016281,1.65347603,0.63792008,0.44663386,0.37521929,0.39905512
593,0.07261821,0.13617198,0.08649120,0.15095833,0.14287849,0.00531332,1.61896891,-0.34493751,0.37876678,-0.36455760,0.18471306,-0.37478347,0.00569459,-0.33440829,-0.20408308,1.29193713,0.26307556,0.21149277,0.22008138,0.04914120,-0.13169866,0.16868006,0.14219841,0.22062038,1.29193713,1.48363434,1.66916566,1.87125816,0.26307556,0.47266789,0.67565639,0.21149277,0.42345463,0.22008138,1.64361138,0.63472225,0.45420445,0.38457635,0.39316294
594,0.07140233,0.14010745,0.09049417,0.15730011,0.15425658,-0.02313401,1.59095304,-0.36066641,0.36881349,-0.37694643,0.15981026,-0.37642965,-0.01581000,-0.32723558,-0.23924204,1.27112134,0.27179869,0.20824756,0.23655849,0.04477895,-0.13804384,0.16937696,0.13954837,0.21945911,1.27112134,1.47653404,1.65658876,1.87266490,0.27179869,0.47891076,0.69993788,0.20824756,0.43740044,0.23655849,1.61629577,0.63757076,0.45640889,0.38731169,0.40644563
595,0.07357429,0.13573775,0.07464101,0.16257257,0.17022850,-0.03716031,1.57640432,-0.36260392,0.34643404,-0.38349643,0.15382560,-0.38321276,-0.02325890,-0.33401107,-0.24372453,1.27589512,0.25846705,0.20852084,0.23153414,0.04187462,-0.13833291,0.17334908,0.14408666,0.22541266,1.27589512,1.46606776,1.64713743,1.85924838,0.25846705,0.46493382,0.67773863,0.20852084,0.43172725,0.23153414,1.60246396,0.62990557,0.46353265,0.39672115,0.41639116
596,0.07353662,0.11279086,0.07348854,0.15937915,0.17200828,-0.04245922,1.55461141,-0.35699792,0.34685857,-0.38723417,0.15071610,-0.38779840,-0.02915816,-0.34019017,-0.24624256,1.25231127,0.26533938,0.21158101,0.22786599,0.04417063,-0.14427559,0.17504337,0.14552743,0.22763658,1.25231127,1.44744154,1.63141214,1.84029893,0.26533938,0.47435208,0.68277657,0.21158101,0.43120810,0.22786599,1.58066592,0.62988051,0.46552317,0.40116477,0.42271032
597,0.07584682,0.10631636,0.09127654,0.17700341,0.17388934,-0.04363271,1.58538415,-0.33873567,0.34875519,-0.36515778,0.17844222,-0.36531917,-0.01766119,-0.33500402,-0.23878523,1.27482046,0.24371864,0.21903379,0.22806335,0.05790841,-0.13103238,0.17579599,0.14591869,0.22846552,1.27482046,1.44533828,1.64444012,1.86068028,0.24371864,0.45585778,0.66750335,0.21903379,0.44255367,0.22806335,1.60939744,0.60944306,0.45085824,0.37854517,0.41451009
598,0.07390627,0.10558121,0.06343477,0.15649688,0.16697246,-0.03017379,1.58800456,-0.35023998,0.34349289,-0.37202214,0.16347473,-0.37154984,-0.01490944,-0.33766807,-0.24194667,1.28878968,0.25371677,0.20819173,0.23478549,0.03807511,-0.14428569,0.17365453,0.14419858,0.22571913,1.28878968,1.46709232,1.64940352,1.87048709,0.25371677,0.45827731,0.67418114,0.20819173,0.43598566,0.23478549,1.61276855,0.61963735,0.45338717,0.38348292,0.41777164
599,0.07237572,0.09191697,0.06110254,0.17912001,0.17534707,-0.04367251,1.53909342,-0.34458506,0.36164073,-0.34665959,0.14050748,-0.35805612,-0.04452954,-0.34079939,-0.26137814,1.21764140,0.28424975,0.21048915,0.22218472,0.05256698,-0.12790220,0.18090820,0.14825213,0.23389415,1.21764140,1.43473385,1.62720511,1.84159166,0.28424975,0.49253596,0.70200803,0.21048915,0.42725185,0.22218472,1.56574045,0.61564111,0.41565689,0.36992113,0.43102717
600,0.06621665,0.12442814,0.10605198,0.14533001,0.15938825,-0.06580155,1.62477551,-0.37222733,0.34540734,-0.36166211,0.11576974,-0.37082231,-0.07669306,-0.33212697,-0.28560503,1.31878375,0.29906017,0.21787550,0.21868631,0.04977161,-0.14026800,0.18059301,0.15054923,0.23511467,1.31878375,1.54092179,1.74020968,1.94531604,0.29906017,0.51382571,0.72018132,0.21787550,0.43073727,0.21868631,1.65020142,0.63019816,0.42106909,0.38707418,0.43896116
601,0.06645207,0.13671631,0.12619392,0.16314777,0.15082511,-0.07325213,1.57931741,-0.36272464,0.32112827,-0.36878097,0.10325614,-0.36638662,-0.08624508,-0.32090470,-0.26588294,1.29335497,0.27680382,0.21228901,0.19335903,0.04084721,-0.15874944,0.18819817,0.15068324,0.24108918,1.29335497,1.50826275,1.70171888,1.87772975,0.27680382,0.48669935,0.67059650,0.21228901,0.40164638,0.19335903,1.60563281,0.60184692,0.42595180,0.38720246,0.41825936
602,0.06816593,0.15969910,0.15995046,0.17390863,0.15274005,-0.06520111,1.57557109,-0.35502952,0.31485392,-0.36351022,0.07795401,-0.36073424,-0.09788012,-0.31734043,-0.25830788,1.29712774,0.27989969,0.19791583,0.17234279,0.03220389,-0.19612395,0.19100038,0.15153910,0.24381395,1.29712774,1.52796686,1.70544289,1.86082575,0.27989969,0.47729053,0.64133405,0.19791583,0.36581066,0.17234279,1.59633037,0.58595228,0.41977217,0.38800647,0.41333794
603,0.06677255,0.18182812,0.17074218,0.19121051,0.16411487,-0.04903457,1.61692892,-0.34195267,0.31985788,-0.34363926,0.11366678,-0.35643397,-0.06949578,-0.30859501,-0.24344399,1.33284507,0.26942033,0.20729553,0.18548860,0.03506589,-0.19200385,0.18700305,0.15040026,0.23997996,1.33284507,1.53407272,1.72349364,1.89143637,0.26942033,0.47382153,0.64516348,0.20729553,0.38493328,0.18548860,1.64158587,0.59688831,0.41198172,0.37680952,0.39723297
604,0.06817154,0.16155702,0.14336294,0.19343865,0.16709059,-0.04349705,1.66134538,-0.31744358,0.35579087,-0.33002420,0.14584548,-0.34497138,-0.05399305,-0.29647230,-0.25179168,1.33653774,0.27391543,0.22332714,0.20813068,0.03615339,-0.18557403,0.18320420,0.14908777,0.23620106,1.33653774,1.54514564,1.75212667,1.94397661,0.27391543,0.49374696,0.68561444,0.22332714,0.42339101,0.20813068,1.68663850,0.60370729,0.41003836,0.36218696,0.39260202
605,0.06959890,0.15083431,0.08073633,0.22278199,0.18864674,-0.05818075,1.70253578,-0.33240584,0.35872701,-0.33521526,0.16289956,-0.35225675,-0.05539035,-0.29474786,-0.27945391,1.37347928,0.26629129,0.24041097,0.23423944,0.04256302,-0.18487567,0.17863912,0.14801270,0.23199072,1.37347928,1.56800199,1.79422591,2.01078173,0.26629129,0.50012462,0.71336493,0.24041097,0.46458567,0.23423944,1.72959228,0.61492979,0.41940638,0.36852922,0.41004043
606,0.07048731,0.12910068,0.05256648,0.18925976,0.17864925,-0.05650538,1.64625832,-0.34958741,0.34259875,-0.35185248,0.15247607,-0.36438808,-0.06457077,-0.30751670,-0.27962210,1.33877652,0.25888992,0.23941724,0.22636356,0.04037187,-0.16131471,0.18042676,0.14993687,0.23459514,1.33877652,1.52551642,1.74898493,1.95631910,0.25888992,0.49210613,0.69999957,0.23941724,0.45705417,0.22636356,1.67092059,0.60964795,0.42695653,0.38025957,0.41812325
607,0.06655014,0.12199101,0.05757033,0.16804786,0.17191695,-0.05952670,1.60592546,-0.35510731,0.33356878,-0.36135740,0.14092340,-0.37068553,-0.07064099,-0.31621217,-0.27599935,1.30895874,0.25788320,0.23541788,0.21697310,0.04218887,-0.15716405,0.18262601,0.14957764,0.23606298,1.30895874,1.49829870,1.71572903,1.91369013,0.25788320,0.48866380,0.68871348,0.23541788,0.44433057,0.21697310,1.63086247,0.60705472,0.43226048,0.38747703,0.42201674
608,0.06876905,0.11625815,0.05466984,0.16181214,0.16297731,-0.06528091,1.57131912,-0.34358600,0.34632957,-0.35849374,0.14164831,-0.37058824,-0.06609886,-0.31683921,-0.27690622,1.25868785,0.26843909,0.23401955,0.22347239,0.03414463,-0.15493013,0.18199762,0.14865829,0.23499451,1.25868785,1.46245505,1.67773225,1.88223693,0.26843909,0.49927703,0.70627616,0.23401955,0.44937160,0.22347239,1.59920157,0.61172897,0.43244875,0.38681118,0.42249184
609,0.07130123,0.13133286,0.06894063,0.19211221,0.17819754,-0.06986382,1.57888008,-0.33549331,0.34365257,-0.34450722,0.14000397,-0.35239790,-0.06063423,-0.30556881,-0.27962167,1.26566850,0.26834826,0.22478518,0.22924712,0.03874019,-0.13751273,0.17766170,0.14761756,0.23098620,1.26566850,1.46825399,1.67576991,1.88999313,0.26834826,0.48956089,0.70337799,0.22478518,0.44735949,0.22924712,1.60692982,0.60339962,0.41794831,0.36866199,0.41619138
610,0.07386716,0.08510298,0.09868093,0.16312276,0.15890806,-0.08233577,1.51032157,-0.32600312,0.31430637,-0.35957277,0.13282763,-0.35583324,-0.06815270,-0.32822959,-0.27944713,1.22440441,0.25499536,0.22458336,0.21901032,0.03986321,-0.14412093,0.17866935,0.14382136,0.22936286,1.22440441,1.40735235,1.61201437,1.82116911,0.25499536,0.47265416,0.67769782,0.22458336,0.44008289,0.21901032,1.53617388,0.58158705,0.42737313,0.37303040,0.43276784
611,0.06615989,0.06214794,0.08432028,0.15151716,0.16610922,-0.02577231,1.53005564,-0.34004151,0.30530747,-0.37817046,0.14048103,-0.37008381,-0.06248617,-0.33093748,-0.27113297,1.26808782,0.24744598,0.22952405,0.21814864,0.03137231,-0.13693758,0.17403066,0.14188633,0.22454043,1.26808782,1.43603787,1.64051074,1.84273342,0.24744598,0.46775811,0.66812268,0.22952405,0.44309767,0.21814864,1.55613675,0.59359714,0.44950479,0.38628925,0.42979912
612,0.04869253,0.05695968,0.07757972,0.15911056,0.17344891,0.04805333,1.45248702,-0.34812474,0.30011657,-0.37963717,0.13874648,-0.36877266,-0.06753351,-0.31993287,-0.27823743,1.22359078,0.24371035,0.23729364,0.22243096,0.00851302,-0.13757970,0.17201639,0.14000041,0.22178763,1.22359078,1.38333574,1.58706818,1.78532850,0.24371035,0.47287498,0.67586818,0.23729364,0.45375807,0.22243096,1.47952487,0.60159966,0.45469392,0.38590336,0.42583893
613,0.06151585,0.03491538,0.10422727,0.19244288,0.20704761,0.01875146,1.53916034,-0.33468083,0.30962131,-0.37725886,0.13710174,-0.35991538,-0.07632654,-0.31645115,-0.28571322,1.28307010,0.25746139,0.24111161,0.21860968,0.02451893,-0.13184122,0.17029966,0.13998035,0.22044608,1.28307010,1.45959066,1.67118896,1.87145521,0.25746139,0.48773023,0.68706830,0.24111161,0.45482597,0.21860968,1.56580265,0.59669380,0.44785026,0.37824873,0.42845429
614,0.07167770,0.05716988,0.11417630,0.21618974,0.22761120,0.01292842,1.55635376,-0.32320902,0.34115739,-0.35051916,0.12881161,-0.34490625,-0.08333103,-0.30770790,-0.28866046,1.26405918,0.28178583,0.23619669,0.21270608,0.02582128,-0.12621925,0.17062425,0.13922114,0.22021617,1.26405918,1.47600895,1.68975282,1.88771027,0.28178583,0.51281331,0.71034220,0.23619669,0.44398147,0.21270608,1.58319644,0.60456048,0.42226343,0.36691903,0.42512532
615,0.05806573,0.03803100,0.08723419,0.17644393,0.20768336,0.03877933,1.51783393,-0.33568341,0.33119349,-0.38211599,0.11076922,-0.36799135,-0.08272606,-0.32714068,-0.28224709,1.24805894,0.28187292,0.22481181,0.20803683,0.02382068,-0.11197404,0.16974569,0.13888023,0.21932013,1.24805894,1.47047723,1.66193923,1.85111127,0.28187292,0.50246676,0.69448650,0.22481181,0.42641424,0.20803683,1.54396346,0.60354156,0.44858950,0.38863116,0.43509475
616,0.05657554,0.05128997,0.09341824,0.17306381,0.21909794,0.03411797,1.43690143,-0.32064532,0.33406560,-0.37116787,0.11310180,-0.36427756,-0.08079956,-0.30916926,-0.29013839,1.16174210,0.27863575,0.22061774,0.22001747,0.02965137,-0.10379458,0.17231801,0.13927497,0.22156492,1.16174210,1.38649161,1.57943509,1.77446392,0.27863575,0.49531590,0.69544674,0.22061774,0.43276394,0.22001747,1.46205941,0.58330870,0.43322549,0.38329279,0.42673361
617,0.06340794,0.04553888,0.10456469,0.18503994,0.22507612,0.04147636,1.51983238,-0.32282700,0.32544938,-0.36354669,0.11695305,-0.35274508,-0.08845660,-0.30537679,-0.28463286,1.25120327,0.27017846,0.23053756,0.20539455,0.02809369,-0.10627223,0.17220413,0.13921865,0.22144095,1.25120327,1.46282116,1.66699766,1.85186463,0.27017846,0.49565733,0.68419648,0.23053756,0.43000130,0.20539455,1.54536461,0.58020106,0.42598530,0.37338350,0.42003296
618,0.06484133,0.07955518,0.09920330,0.18973960,0.24914242,0.01415663,1.52040322,-0.31182171,0.33231020,-0.34458336,0.11148137,-0.34823741,-0.07967820,-0.28930538,-0.28741013,1.23385881,0.27395253,0.21557987,0.22025759,0.03187044,-0.10551115,0.17054150,0.13936174,0.22024100,1.23385881,1.45672728,1.65165219,1.84799958,0.27395253,0.48766688,0.68968059,0.21557987,0.42735478,0.22025759,1.54526956,0.57061321,0.40651826,0.36721944,0.40991725
619,0.07336438,0.07372771,0.13953870,0.23561302,0.31213286,0.00325955,1.58271561,-0.31167287,0.29550593,-0.34014308,0.06683261,-0.33741784,-0.12507911,-0.26382491,-0.32904372,1.32597141,0.28629263,0.21773271,0.22399877,0.01095106,-0.10807457,0.16884718,0.13888253,0.21862692,1.32597141,1.55922845,1.75614633,1.95095597,0.28629263,0.50191458,0.70747591,0.21773271,0.43338843,0.22399877,1.61564193,0.56716557,0.40047311,0.37288861,0.42379015
620,0.07178473,0.09537839,0.15158650,0.24915210,0.31709806,-0.00639133,1.58781186,-0.29660439,0.27297998,-0.32356768,0.03789734,-0.32019692,-0.14921411,-0.24870812,-0.34155107,1.34731101,0.28908975,0.21209041,0.21193245,0.00558045,-0.10894941,0.16945462,0.13904135,0.21919709,1.34731101,1.58648547,1.77862178,1.96339175,0.28908975,0.49949615,0.69400285,0.21209041,0.41586012,0.21193245,1.61741690,0.53734369,0.37675098,0.36440214,0.42407381
621,0.07715354,0.13248532,0.17254135,0.25260508,0.34198293,-0.02545730,1.58706214,-0.28590184,0.26400330,-0.33911126,0.01513276,-0.33023054,-0.17996725,-0.23254192,-0.40143704,1.34946731,0.30286834,0.22097806,0.24919763,0.00700006,-0.09940862,0.16555060,0.13821047,0.21565977,1.34946731,1.60681033,1.80598531,2.01799702,0.30286834,0.52026551,0.74327786,0.22097806,0.45970552,0.24919763,1.61766329,0.53321239,0.39415155,0.38837838,0.46545666
622,0.07368331,0.14830309,0.18497519,0.26375927,0.37077060,-0.01448297,1.61588543,-0.27382561,0.26231932,-0.33186513,0.01466107,-0.31734570,-0.18379607,-0.20899690,-0.43312685,1.37877230,0.29901870,0.22441279,0.27908444,0.00966676,-0.09470060,0.16068843,0.13489444,0.20980296,1.37877230,1.63656525,1.83829356,2.07771038,0.29901870,0.51865749,0.76997401,0.22441279,0.49341092,0.27908444,1.64679726,0.52109085,0.38786355,0.37920331,0.48206980
623,0.06939319,0.15502151,0.19437604,0.27207787,0.38604234,-0.00062803,1.59493204,-0.27671463,0.24296627,-0.32250494,0.00596576,-0.30556801,-0.18875114,-0.18683360,-0.44087523,1.38048972,0.28559689,0.21810133,0.28544111,0.00559964,-0.09340174,0.15992005,0.13306012,0.20803706,1.38048972,1.62504963,1.82147595,2.06202342,0.28559689,0.49942421,0.75666536,0.21810133,0.49315680,0.28544111,1.62331858,0.50370655,0.37488792,0.37132639,0.47993223
624,0.06686901,0.14778223,0.18162436,0.26023248,0.37475350,0.01269513,1.57770203,-0.27406427,0.24508842,-0.31838042,0.01681002,-0.30910218,-0.16976985,-0.21833401,-0.38978944,1.36392631,0.27769699,0.21249771,0.24343341,0.01624305,-0.09152449,0.15973604,0.13347098,0.20815885,1.36392631,1.59905756,1.78876870,1.99763877,0.27769699,0.48721556,0.70618788,0.21249771,0.44559477,0.24343341,1.60620578,0.50620523,0.37433138,0.36519444,0.44891059
625,0.07048266,0.14567224,0.17610552,0.25220962,0.37181612,0.05572723,1.58502379,-0.26008039,0.29757198,-0.31406219,0.06218440,-0.31017952,-0.13087346,-0.22467272,-0.34289016,1.32670932,0.27701326,0.21438958,0.23345740,0.02722458,-0.08930876,0.16016201,0.13075892,0.20676016,1.32670932,1.56923459,1.76319162,1.96085236,0.27701326,0.48831087,0.69836883,0.21438958,0.43796010,0.23345740,1.60954876,0.51363449,0.37350662,0.35097547,0.41321222
626,0.07211339,0.14019033,0.17412280,0.24802558,0.36035203,0.07208083,1.55950178,-0.24749087,0.31628821,-0.31002122,0.08345647,-0.30345801,-0.12275410,-0.23117137,-0.32622274,1.28491693,0.27500591,0.22476191,0.22114928,0.02934260,-0.08533033,0.16191630,0.13037387,0.20788033,1.28491693,1.52653536,1.73144718,1.92165684,0.27500591,0.49492271,0.69684209,0.22476191,0.43909977,0.22114928,1.58311950,0.51364531,0.37200319,0.34191091,0.40306111
627,0.07487677,0.16089712,0.19461397,0.27336098,0.37133123,0.08567191,1.56510644,-0.23121761,0.35371072,-0.29018451,0.11586577,-0.29611542,-0.10113792,-0.23379818,-0.32749266,1.25271228,0.28433273,0.23165901,0.23901073,0.03015187,-0.09914377,0.16392290,0.12972128,0.20904145,1.25271228,1.50100047,1.71971051,1.93341548,0.28433273,0.51162726,0.73271952,0.23165901,0.46425965,0.23901073,1.59362698,0.53306389,0.36096080,0.32845642,0.40613391
628,0.07779684,0.12795088,0.19172555,0.26897556,0.33240786,-0.02062513,1.50278022,-0.26053172,0.27414513,-0.30872177,0.07248843,-0.31431770,-0.11025831,-0.25432518,-0.32745416,1.25254689,0.26014981,0.20547214,0.23066777,0.01197228,-0.10786504,0.16614084,0.13588404,0.21463283,1.25254689,1.46354404,1.65279557,1.86306043,0.26014981,0.46217509,0.67238372,0.20547214,0.42824185,0.23066777,1.53755087,0.52671809,0.38005683,0.35262175,0.41989627
629,0.07430961,0.11403175,0.21284845,0.27897831,0.30605460,-0.07838476,1.46123472,-0.30184208,0.21800885,-0.33113989,0.04006079,-0.32966087,-0.13092460,-0.27704656,-0.35488299,1.26439029,0.24154734,0.19829450,0.23363235,0.01547246,-0.10976561,0.16629818,0.13756085,0.21581954,1.26439029,1.44726458,1.62485891,1.84341175,0.24154734,0.43669498,0.64801129,0.19829450,0.42287822,0.23363235,1.49927220,0.53367035,0.40047196,0.37484810,0.45735746
630,0.07733651,0.13796835,0.25183938,0.29368961,0.29359614,-0.09131136,1.51163983,-0.32232172,0.21111355,-0.33710174,0.03933383,-0.32440294,-0.13266582,-0.28650710,-0.33852070,1.32242463,0.24778640,0.19404254,0.21134142,0.01766756,-0.13680867,0.16599355,0.13810694,0.21593376,1.32242463,1.49703963,1.67311410,1.87487259,0.24778640,0.43522149,0.62534060,0.19404254,0.39910891,0.21134142,1.54567685,0.53641931,0.39154232,0.36625374,0.45014413
631,0.08127909,0.17405732,0.28402940,0.30654134,0.30631074,-0.09611405,1.51527257,-0.30467100,0.26020222,-0.32506020,0.07320026,-0.31931282,-0.11853239,-0.28606705,-0.33564987,1.27390251,0.26340124,0.20916066,0.22217942,0.01427060,-0.14616664,0.16490002,0.13644760,0.21403262,1.27390251,1.46506507,1.66148994,1.87567004,0.26340124,0.46406120,0.66791642,0.20916066,0.42699948,0.22217942,1.54826506,0.54354931,0.38011421,0.35485144,0.44594231
632,0.08534068,0.21804056,0.31511131,0.32472997,0.31798484,-0.11098293,1.51239846,-0.30127560,0.27171254,-0.31767168,0.07901265,-0.31155983,-0.12465959,-0.27803514,-0.35464887,1.25651406,0.27058325,0.22274647,0.23420451,0.00177297,-0.17912846,0.16371204,0.13648060,0.21313983,1.25651406,1.45418435,1.66412696,1.89117054,0.27058325,0.48495578,0.69841432,0.22274647,0.45139298,0.23420451,1.54953324,0.55313729,0.37687039,0.34924605,0.45573084
633,0.08389169,0.19824762,0.30005890,0.31770190,0.31624714,-0.14438784,1.54963635,-0.33664898,0.27285160,-0.35806806,0.07607784,-0.34160010,-0.11454261,-0.29834298,-0.35180102,1.29312874,0.27834110,0.21857940,0.24322924,-0.00802393,-0.21814538,0.16104661,0.13514073,0.21023564,1.29312874,1.49418424,1.69158708,1.92556526,0.27834110,0.49084343,0.70888903,0.21857940,0.45331154,0.24322924,1.59091483,0.59028119,0.41961368,0.37376209,0.46623593
634,0.07975639,0.24949793,0.32935167,0.33089606,0.31840585,-0.17361405,1.57900827,-0.32709006,0.28559909,-0.34301740,0.08452623,-0.33822293,-0.11263251,-0.30749832,-0.35023346,1.30456461,0.27602894,0.22412245,0.24086251,-0.01793746,-0.26556970,0.16318788,0.13108355,0.20931598,1.30456461,1.50842508,1.71396986,1.94947434,0.27602894,0.49566416,0.71196855,0.22412245,0.45554130,0.24086251,1.62197506,0.59131852,0.41249156,0.37204348,0.47316329
635,0.08091945,0.29586502,0.36664637,0.35465432,0.33778520,-0.19548322,1.59685758,-0.32106297,0.29461503,-0.33080021,0.08470431,-0.33043047,-0.12126205,-0.30184520,-0.36674757,1.30970571,0.27806256,0.23243405,0.24776791,-0.02055410,-0.27805350,0.16056193,0.12859163,0.20570839,1.30970571,1.52301673,1.73853309,1.98185722,0.27806256,0.50698918,0.72956078,0.23243405,0.46940841,0.24776791,1.64286765,0.58743377,0.40185082,0.36705878,0.48281188
636,0.08566726,0.34133140,0.39303610,0.37379246,0.34765743,-0.22229112,1.58160227,-0.30608786,0.32017883,-0.31184420,0.09327462,-0.32038327,-0.11596152,-0.29786229,-0.36441859,1.26549110,0.28680637,0.23477458,0.24997876,-0.02141671,-0.31688842,0.16112801,0.12866205,0.20619447,1.26549110,1.49570181,1.71513874,1.96225118,0.28680637,0.51927627,0.74641885,0.23477458,0.47387903,0.24997876,1.63107312,0.58885783,0.38881879,0.35699120,0.47931906
637,0.08894153,0.33813317,0.37966640,0.36510161,0.34387559,-0.22432259,1.57598888,-0.31221143,0.33295759,-0.31650366,0.11242809,-0.32531191,-0.09560913,-0.30022170,-0.35519409,1.24751273,0.28304469,0.23327643,0.26157289,-0.02366720,-0.31202222,0.15993943,0.12988471,0.20603558,1.24751273,1.47126131,1.68955038,1.94802621,0.28304469,0.51349210,0.75188404,0.23327643,0.48440052,0.26157289,1.62537898,0.59838436,0.39589612,0.35477875,0.47264326
638,0.08484308,0.34348355,0.37414668,0.35994047,0.34641553,-0.23148923,1.55739152,-0.30750954,0.32759286,-0.32840067,0.12635322,-0.33017690,-0.07312097,-0.30214610,-0.36238553,1.23283468,0.27210947,0.22499909,0.29136395,-0.03424538,-0.30877373,0.15773408,0.12970528,0.20421434,1.23283468,1.44120637,1.65174274,1.93935700,0.27210947,0.49285041,0.75515272,0.22499909,0.50512581,0.29136395,1.61516961,0.60247161,0.41466828,0.35730117,0.48119482
639,0.09050992,0.34702780,0.37439150,0.36356158,0.34943348,-0.24073041,1.56038354,-0.32589824,0.32063806,-0.34544080,0.11866998,-0.34482372,-0.09081295,-0.31275618,-0.38271607,1.24363117,0.27457207,0.23459763,0.29408220,-0.03867308,-0.33066213,0.15633338,0.12807345,0.20209635,1.24363117,1.45189735,1.67202637,1.96139713,0.27457207,0.50407234,0.76728748,0.23459763,0.51690179,0.29408220,1.61994275,0.61512424,0.42981291,0.37653573,0.50532314
640,0.09088786,0.35146862,0.38195916,0.37664133,0.36275575,-0.24564568,1.49841570,-0.31779422,0.32993176,-0.33107778,0.11617876,-0.32345670,-0.10234327,-0.28732047,-0.38694837,1.17133192,0.28902742,0.24902039,0.28789310,-0.05058847,-0.34226497,0.15535687,0.12689957,0.20059725,1.17133192,1.39362198,1.62608312,1.90939336,0.28902742,0.53387584,0.79284008,0.24902039,0.52493062,0.28789310,1.56571711,0.62157585,0.41737832,0.35569666,0.48902767
641,0.09970080,0.36029647,0.38452637,0.38158748,0.36907896,-0.26225560,1.49360311,-0.32589908,0.33812425,-0.34667127,0.13024220,-0.33561171,-0.09626135,-0.29653275,-0.38983703,1.15778916,0.29123155,0.25975914,0.29708536,-0.06135336,-0.37997088,0.15198446,0.12817130,0.19881438,1.15778916,1.37613418,1.61841282,1.91023491,0.29123155,0.54535482,0.80954514,0.25975914,0.54360868,0.29708536,1.57020388,0.64579191,0.44151081,0.36719328,0.49806284
642,0.10114270,0.36862989,0.39169666,0.39055540,0.37664062,-0.26577966,1.51215464,-0.33350052,0.32173292,-0.35540081,0.11453042,-0.34104687,-0.12285266,-0.29990273,-0.41498148,1.19302092,0.29157643,0.27340814,0.29625189,-0.05932451,-0.36068788,0.14768555,0.12742724,0.19506082,1.19302092,1.41004800,1.66378038,1.95478387,0.29157643,0.55905290,0.82327805,0.27340814,0.55650313,0.29625189,1.58830703,0.64377450,0.44546220,0.37825395,0.51836736
643,0.10192678,0.37470039,0.39023510,0.38915875,0.38036832,-0.26243669,1.50572708,-0.33610524,0.32023802,-0.35967917,0.11361921,-0.34220826,-0.12166473,-0.29837246,-0.45949534,1.18854414,0.29135249,0.26966502,0.34129308,-0.06013025,-0.38271933,0.14595902,0.12814994,0.19423296,1.18854414,1.40479428,1.65529067,1.99026254,0.29135249,0.55435386,0.85773391,0.26966502,0.59591901,0.34129308,1.58346472,0.65114186,0.45392409,0.38311257,0.55713777
644,0.09806084,0.38672918,0.39835178,0.39359716,0.38908869,-0.26109370,1.49597515,-0.32732961,0.29769068,-0.34599211,0.10478071,-0.33653763,-0.11961672,-0.29382986,-0.50484747,1.20011380,0.26824840,0.25740577,0.38835015,-0.06563019,-0.36502050,0.14534748,0.12887954,0.19425712,1.20011380,1.40599977,1.64692580,2.02893340,0.26824840,0.52065662,0.87048251,0.25740577,0.62998054,0.38835015,1.57803058,0.61666157,0.43619603,0.37625506,0.59165350
645,0.10888932,0.39733002,0.40634336,0.40525265,0.38976139,-0.27562385,1.50313081,-0.32591113,0.33761363,-0.34048440,0.12576266,-0.33277571,-0.13091704,-0.29708373,-0.44201689,1.16716677,0.28506020,0.29258981,0.31351281,-0.05394986,-0.38024433,0.14736678,0.12782555,0.19508034,1.16716677,1.38745123,1.66128412,1.96971123,0.28506020,0.57335495,0.85331584,0.29258981,0.59028697,0.31351281,1.57670407,0.63272202,0.43199445,0.36975466,0.53836670
646,0.11704913,0.38685169,0.40354727,0.40513728,0.38696932,-0.28916881,1.51551698,-0.33682230,0.35548820,-0.33845006,0.14308799,-0.32262744,-0.11696875,-0.28967155,-0.42672841,1.16237549,0.29574315,0.29276422,0.31229845,-0.05893286,-0.38629913,0.14932591,0.12351906,0.19379160,1.16237549,1.38141619,1.65716046,1.96606941,0.29574315,0.58185371,0.86301037,0.29276422,0.59272694,0.31229845,1.58729855,0.65128001,0.43012265,0.35479088,0.52019934
647,0.10706218,0.39433616,0.41410850,0.41247853,0.39125058,-0.27128527,1.53415108,-0.32874377,0.37363283,-0.32888928,0.15691788,-0.32369584,-0.10962242,-0.29383603,-0.42042496,1.16303862,0.28782972,0.30146303,0.31321296,-0.04744461,-0.38298734,0.14909643,0.12370519,0.19373362,1.16303862,1.38541561,1.66821070,1.97826143,0.28782972,0.58529596,0.87046649,0.30146303,0.60161613,0.31321296,1.60122864,0.65140204,0.43138778,0.35343984,0.51707985
648,0.11098647,0.39598069,0.40946281,0.41250705,0.39110349,-0.26753652,1.53475673,-0.33061523,0.38790251,-0.33323079,0.16869550,-0.32425538,-0.10986658,-0.29696073,-0.41043802,1.15095601,0.29882762,0.31175456,0.30314965,-0.04138016,-0.40952780,0.14981170,0.12070430,0.19238782,1.15095601,1.37373630,1.66743701,1.96802630,0.29882762,0.60440285,0.88108394,0.31175456,0.60414815,0.30314965,1.59608247,0.66095825,0.43233631,0.35114810,0.50902076
649,0.10034967,0.38413386,0.39261545,0.39667569,0.39114652,-0.27477689,1.58343632,-0.32673031,0.43811733,-0.33858987,0.21334687,-0.32492048,-0.06627074,-0.28508051,-0.39948334,1.14975401,0.30958349,0.31262598,0.33612224,-0.03437275,-0.43254962,0.15095215,0.11458376,0.18951515,1.14975401,1.37735651,1.67164246,2.00320896,0.30958349,0.61490274,0.91690591,0.31262598,0.63516066,0.33612224,1.64361988,0.69605208,0.45595231,0.34096678,0.49446915
650,0.07305493,0.36708526,0.41133789,0.40262210,0.38849560,-0.27637757,1.57394220,-0.33260230,0.48880352,-0.30550797,0.19985386,-0.30858135,-0.06958951,-0.25860702,-0.35684748,1.09624880,0.35676677,0.30863260,0.29166796,-0.05217370,-0.51392673,0.16304401,0.10174049,0.19218344,1.09624880,1.37580977,1.65756539,1.94339501,0.35676677,0.66372551,0.92420141,0.30863260,0.58056982,0.29166796,1.62377591,0.73295814,0.42921236,0.32515363,0.44588212
651,0.06985106,0.36642004,0.44172438,0.43047721,0.40991661,-0.30997648,1.47167300,-0.30110844,0.46660641,-0.25436840,0.16509813,-0.25809091,-0.13168480,-0.22321371,-0.42874160,1.01066621,0.35358193,0.32557762,0.30130563,-0.04623355,-0.49477804,0.17667582,0.09728076,0.20168761,1.01066621,1.30978319,1.61744998,1.90999405,0.35358193,0.67635785,0.94018097,0.32557762,0.60258079,0.30130563,1.52176701,0.65008362,0.34253623,0.29086121,0.48731158
652,0.04436409,0.36238077,0.44980204,0.47839960,0.42797331,-0.33975309,1.42985055,-0.27549659,0.47070503,-0.22000037,0.19314502,-0.20803541,-0.11808065,-0.19514650,-0.37023259,0.96541099,0.32054296,0.33709720,0.25629644,-0.00506968,-0.59076542,0.18888494,0.09892459,0.21322193,0.96541099,1.24400516,1.56514182,1.81179689,0.32054296,0.65519104,0.87693250,0.33709720,0.57028050,0.25629644,1.49077960,0.64221516,0.34827704,0.24654803,0.43118470
653,0.04032163,0.38062934,0.46536935,0.47188211,0.44149940,-0.36351919,1.38868160,-0.28079006,0.43205690,-0.23803588,0.19993736,-0.22102148,-0.10965504,-0.21778156,-0.36914153,0.96545418,0.28548230,0.34039182,0.26926567,-0.00730126,-0.71647522,0.19634148,0.10451363,0.22242544,0.96545418,1.19685221,1.51838432,1.76853573,0.28548230,0.62262613,0.83572406,0.34039182,0.57355970,0.26926567,1.45494978,0.61619213,0.35787002,0.24946275,0.44215813
654,0.04109618,0.38463955,0.48168224,0.45966473,0.44803225,-0.34696129,1.37000588,-0.25712587,0.43152865,-0.22682203,0.21128470,-0.20761836,-0.10391212,-0.20654742,-0.34450875,0.95053439,0.29670188,0.35303572,0.26311481,0.00716238,-0.80498250,0.20211577,0.10089761,0.22590067,0.95053439,1.16735852,1.49872312,1.72490480,0.29670188,0.64397243,0.81622037,0.35303572,0.55852890,0.26311481,1.42880460,0.60183185,0.33809741,0.23329377,0.41029517
655,0.03166783,0.38180152,0.51159114,0.44849510,0.45313126,-0.28720376,1.41737965,-0.27400489,0.39781031,-0.22922362,0.19107659,-0.22839390,-0.07506767,-0.24652184,-0.34263184,1.02272329,0.28690820,0.30608444,0.29208554,0.04542630,-0.84858539,0.20031808,0.11147191,0.22924511,1.02272329,1.23301670,1.51708008,1.76686975,0.28690820,0.58713444,0.77561412,0.30608444,0.53516347,0.29208554,1.46607298,0.57932889,0.32392593,0.24172942,0.43170521
656,0.03592898,0.36913463,0.51546131,0.43488465,0.37099576,-0.24680437,1.48064860,-0.31355468,0.40964273,-0.27482719,0.20689459,-0.28057564,-0.03726928,-0.29142866,-0.31208197,1.07834404,0.25625553,0.27897779,0.28414282,0.05127803,-0.78319355,0.19486121,0.11315137,0.22533114,1.07834404,1.27487358,1.52896244,1.79659013,0.25625553,0.53198477,0.75347645,0.27897779,0.52310267,0.28414282,1.51659462,0.60852850,0.38412028,0.28533127,0.44031609
657,0.03336791,0.37730010,0.46541268,0.46354699,0.42145852,-0.25749548,1.46974148,-0.27021085,0.46494732,-0.23474339,0.24987681,-0.23006507,-0.03716096,-0.25135471,-0.30357252,1.00842202,0.25411368,0.31560587,0.27481824,0.06291297,-0.65387971,0.19255509,0.09938245,0.21668948,1.00842202,1.22094766,1.51753717,1.77693580,0.25411368,0.56765670,0.79377497,0.31560587,0.55775219,0.27481824,1.50746524,0.61529928,0.38196517,0.23600677,0.40692774
658,0.04420151,0.37761753,0.48761322,0.44018264,0.44756678,-0.25990373,1.44440676,-0.24931272,0.44978645,-0.22920847,0.22466176,-0.23186496,-0.09806382,-0.23222057,-0.35186323,1.00298800,0.32393068,0.36463302,0.28246920,0.03455837,-0.78635419,0.19358967,0.10024554,0.21800488,1.00298800,1.22448723,1.56667578,1.80264346,0.32393068,0.67959226,0.84857608,0.36463302,0.57834179,0.28246920,1.48277686,0.61673338,0.33875833,0.25910856,0.42621940
659,0.02858350,0.38349297,0.47765938,0.46152069,0.43880139,-0.24838527,1.46741391,-0.22124860,0.48872316,-0.19977494,0.25406379,-0.19734805,-0.04552799,-0.21758130,-0.29774370,0.98435479,0.29446780,0.33814039,0.27188049,0.10603372,-0.76163369,0.19393876,0.10491808,0.22049954,0.98435479,1.21661886,1.53139721,1.77035348,0.29446780,0.63018139,0.82051507,0.33814039,0.55505921,0.27188049,1.50687144,0.63397627,0.36118363,0.20258064,0.38314027
660,0.02307537,0.39288493,0.48577002,0.46141936,0.46547266,-0.26529588,1.42253059,-0.22358395,0.48496325,-0.19440995,0.26326868,-0.19355331,-0.04531787,-0.21816134,-0.31302171,0.94189298,0.28069520,0.34381983,0.29434866,0.16357800,-0.85813649,0.19569381,0.10130840,0.22036211,0.94189298,1.16488890,1.48928700,1.74043653,0.28069520,0.62074572,0.82302845,0.34381983,0.57765198,0.29434866,1.46422666,0.61424520,0.35357721,0.19958114,0.39496967
661,0.02620699,0.38969143,0.50121014,0.44804042,0.44083820,-0.23458128,1.39974161,-0.17697177,0.47088385,-0.17743568,0.25374890,-0.18194010,-0.03548547,-0.20997626,-0.29476130,0.93651834,0.28823119,0.32752174,0.28625058,0.18642621,-0.97552483,0.19381608,0.10560183,0.22071797,0.93651834,1.15054653,1.45584593,1.69895223,0.28823119,0.61170949,0.79873982,0.32752174,0.55062530,0.28625058,1.43871899,0.60747685,0.34449119,0.18538654,0.37986461
662,0.01928173,0.43211387,0.54268774,0.37824472,0.29411320,-0.21860732,1.38422747,-0.18086559,0.47562054,-0.19214323,0.22873113,-0.20752556,-0.02874718,-0.22522697,-0.28300762,0.91515049,0.30357590,0.29266968,0.26532845,0.18044315,-0.98973565,0.18911525,0.10486492,0.21624345,0.91515049,1.15815121,1.42884198,1.67297614,0.30357590,0.59502521,0.79717407,0.29266968,0.51685371,0.26532845,1.42208113,0.61436267,0.34271250,0.21159961,0.37618726
663,0.02481439,0.40699786,0.46699371,0.45195468,0.40996721,-0.23276253,1.36539776,-0.21264609,0.49167809,-0.18713113,0.26867588,-0.18167514,-0.01258981,-0.19976592,-0.24323914,0.87922018,0.27969616,0.32772803,0.25020665,0.14092362,-0.81497770,0.18715519,0.09509239,0.20992767,0.87922018,1.09994969,1.39947459,1.61537236,0.27969616,0.60619523,0.77313638,0.32772803,0.51722702,0.25020665,1.40338273,0.62498321,0.36227751,0.18257958,0.32531267
664,0.02907693,0.40006940,0.47885471,0.45127829,0.39330058,-0.21808192,1.32952009,-0.21208542,0.47704583,-0.19357886,0.26841855,-0.19143654,0.01182031,-0.21962175,-0.22481130,0.85639883,0.27029166,0.30241502,0.24569791,0.11566462,-0.73116219,0.18415656,0.09828562,0.20874314,0.85639883,1.06512406,1.34132147,1.56582657,0.27029166,0.57126057,0.75241604,0.30241502,0.50397869,0.24569791,1.37465383,0.63110660,0.37853147,0.19326328,0.32519884
665,0.03314875,0.43543507,0.47873157,0.44822488,0.40268895,-0.21774934,1.37077412,-0.24354605,0.47663182,-0.21599522,0.26300510,-0.22073400,0.00166697,-0.25067910,-0.26588093,0.89743346,0.27281854,0.29975815,0.27454799,0.11866810,-0.76410291,0.17844510,0.09869594,0.20392043,0.89743346,1.11184587,1.39030880,1.64774921,0.27281854,0.56993230,0.78686593,0.29975815,0.53810455,0.27454799,1.41651263,0.64243786,0.38873715,0.22453598,0.37755412
666,0.03547563,0.38329405,0.47078878,0.46595564,0.40796409,-0.25075525,1.40441516,-0.24970460,0.50838402,-0.21531742,0.23315511,-0.22886514,-0.05662290,-0.25761589,-0.30795751,0.90403821,0.33027556,0.32705852,0.26022576,0.07281966,-0.69939719,0.17600846,0.09702157,0.20097802,0.90403821,1.17329299,1.47625611,1.71888105,0.33027556,0.65482078,0.85966021,0.32705852,0.55017973,0.26022576,1.45081489,0.68422757,0.37758993,0.24176790,0.41752141
667,0.03251321,0.39203565,0.49799638,0.47629470,0.42344978,-0.24479471,1.38120840,-0.23351916,0.46894087,-0.20014840,0.22120596,-0.21226941,-0.05825629,-0.24259910,-0.30191388,0.91973657,0.30441899,0.32356367,0.25621239,0.09232274,-0.80211395,0.18382711,0.10016284,0.20934422,0.91973657,1.16227492,1.45653253,1.68950903,0.30441899,0.62572291,0.81459395,0.32356367,0.53240626,0.25621239,1.42568189,0.64204902,0.35774753,0.22285806,0.40208807
668,0.02888824,0.37689092,0.48786492,0.47093881,0.41945443,-0.23761687,1.37738465,-0.22017269,0.48859921,-0.17959803,0.24704611,-0.19251789,-0.03477852,-0.21599325,-0.27765122,0.89626524,0.30206310,0.32193221,0.25383138,0.10990909,-0.79528354,0.19097442,0.09658491,0.21400905,0.89626524,1.13355339,1.42954444,1.66175198,0.30206310,0.62033118,0.80978389,0.32193221,0.53280320,0.25383138,1.41959709,0.64696301,0.35743082,0.19801037,0.36585413
669,0.01137046,0.41203124,0.45074398,0.30639710,0.24291111,-0.15664754,1.45595242,-0.07622350,0.55491566,-0.06923087,0.26774598,-0.08384543,0.00462042,-0.08473553,-0.19452358,0.90921475,0.32578335,0.29108305,0.20329566,0.35576631,-1.13558410,0.19232093,0.09984717,0.21669517,0.90921475,1.19304984,1.46501201,1.65840464,0.32578335,0.61626212,0.78589663,0.29108305,0.46987342,0.20329566,1.47862797,0.63364621,0.31113699,0.08608476,0.22044884
670,0.02767101,0.42298604,0.49299364,0.44283223,0.38839632,-0.23287466,1.49465681,-0.18576253,0.49492400,-0.18084924,0.25317249,-0.18562339,-0.03380474,-0.19728522,-0.27666201,1.00483598,0.29977473,0.32329979,0.25644889,0.14847867,-0.93357409,0.19191109,0.10207844,0.21737036,1.00483598,1.24566448,1.54737207,1.77843947,0.29977473,0.62115254,0.80946519,0.32329979,0.53433930,0.25644889,1.53127008,0.62176802,0.34545772,0.18868106,0.34975784
671,0.01532344,0.52359401,0.47436831,0.37879009,0.29913631,-0.19141225,1.51564230,-0.12335965,0.52297474,-0.12591529,0.26350664,-0.13268489,-0.00123713,-0.15702066,-0.23151348,0.99849294,0.35165550,0.29938174,0.26613764,0.29122037,-1.18940320,0.19335689,0.11302088,0.22396564,0.99849294,1.26325321,1.54612680,1.75501522,0.35165550,0.64574547,0.79422444,0.29938174,0.49606817,0.26613764,1.54463318,0.62118434,0.30135990,0.14787744,0.28739896
672,0.01834500,0.43263564,0.46579745,0.40038034,0.39058651,-0.23587201,1.46905272,-0.15260012,0.47766362,-0.15172644,0.23026280,-0.16288832,-0.05037391,-0.18255746,-0.28282979,0.99823862,0.36503355,0.31714826,0.29546634,0.25638750,-1.19435610,0.19528720,0.11387398,0.22606276,0.99823862,1.25558623,1.55739395,1.75932261,0.36503355,0.67212529,0.79636039,0.31714826,0.51514183,0.29546634,1.50286680,0.58108218,0.27690641,0.20971597,0.34179833
673,0.03891107,0.52927067,0.41647444,0.36365880,0.34558682,-0.20800274,1.52993693,-0.15981845,0.47893764,-0.14613082,0.22410776,-0.15804705,-0.03981168,-0.20181521,-0.28668217,1.05233175,0.43129361,0.29362228,0.35883674,0.37163653,-1.32829645,0.19492433,0.14556063,0.24327637,1.05233175,1.34727067,1.63481741,1.82729943,0.43129361,0.70392735,0.79746241,0.29362228,0.52966045,0.35883674,1.56513241,0.57646370,0.27642254,0.25617438,0.35553629
674,0.04622692,0.54990470,0.41889818,0.35466862,0.32470269,-0.14897487,1.50842363,-0.09405095,0.52482533,-0.07199627,0.25664138,-0.06335612,0.01461043,-0.09356771,-0.22394665,0.98666642,0.41474746,0.28538747,0.31915523,0.77208032,-1.43038998,0.19735086,0.15240948,0.24935118,0.98666642,1.28093072,1.55183067,1.74495191,0.41474746,0.69206564,0.79155991,0.28538747,0.48466184,0.31915523,1.53716921,0.61709462,0.26659440,0.16891675,0.24863150
675,0.02549798,0.44959564,0.49109443,0.37883809,0.30626284,-0.17491521,1.43745262,-0.13333466,0.50877207,-0.11007807,0.23740406,-0.12180666,-0.00777606,-0.13896527,-0.22396258,0.93831107,0.36430541,0.29342664,0.25172736,0.50037029,-1.32691963,0.20309426,0.12388874,0.23789850,0.93831107,1.20723752,1.47216254,1.66833081,0.36430541,0.65508543,0.78262753,0.29342664,0.46344387,0.25172736,1.46730132,0.63982711,0.28889667,0.12794292,0.27833563
676,0.01536069,0.43475293,0.47209500,0.40984292,0.40156244,-0.22957499,1.47440898,-0.15059811,0.47935531,-0.15950307,0.22149415,-0.18025959,-0.03819820,-0.21354359,-0.27029363,0.99934946,0.36241485,0.29971461,0.30315065,0.32360489,-1.21414010,0.20151531,0.12536027,0.23732597,0.99934946,1.27170663,1.55435600,1.75230476,0.36241485,0.65642846,0.78119056,0.29971461,0.49669847,0.30315065,1.51335959,0.58551107,0.27681377,0.21065106,0.35605129
677,0.01270231,0.43454753,0.47147088,0.40247147,0.37839199,-0.22047366,1.48181960,-0.10395186,0.50630484,-0.12518057,0.23668137,-0.15221390,-0.03826478,-0.18236005,-0.27644264,0.98388462,0.34289831,0.31089817,0.28207087,0.33360754,-1.26440455,0.20410427,0.11086722,0.23227159,0.98388462,1.25869251,1.55095631,1.76524656,0.34289831,0.65096896,0.81301289,0.31089817,0.51632921,0.28207087,1.51226270,0.57829859,0.27212041,0.18294383,0.33555983
678,0.01800298,0.45521585,0.47404844,0.38958898,0.31728785,-0.18073432,1.50720146,-0.09401167,0.52977924,-0.11307705,0.26918494,-0.14555075,-0.01512148,-0.17765044,-0.24466496,0.98599299,0.33112734,0.31849187,0.26964830,0.45948304,-1.30337868,0.20406803,0.11652325,0.23499240,0.98599299,1.24446619,1.54259349,1.75525404,0.33112734,0.64605054,0.80558080,0.31849187,0.51789530,0.26964830,1.53135136,0.61519146,0.30699200,0.15309009,0.31628676
679,0.01663247,0.48693797,0.47298049,0.43707987,0.44100696,-0.22540510,1.47918576,-0.13568203,0.51426596,-0.15199158,0.27065615,-0.18534472,-0.02949683,-0.21875718,-0.26649647,0.96966403,0.30996187,0.33474569,0.28843866,0.29852063,-1.15219396,0.20645571,0.11617689,0.23689878,0.96966403,1.22094215,1.53908843,1.75136377,0.30996187,0.64078593,0.80430149,0.33474569,0.54153973,0.28843866,1.51495571,0.59685512,0.32052807,0.19845439,0.35802230
680,0.03232191,0.41097554,0.42548629,0.37314338,0.31075065,-0.07136143,1.45901557,0.10629615,0.53267091,0.07189224,0.27990596,0.02664931,-0.00427001,-0.00528442,-0.21494272,0.94899301,0.31057479,0.33100392,0.23392053,1.02578337,-1.49748792,0.21161145,0.13212759,0.24947365,0.94899301,1.19000244,1.48547653,1.68108190,0.31057479,0.64089971,0.79436740,0.33100392,0.50530136,0.23392053,1.47158155,0.61228833,0.30762633,0.06410303,0.21840549
681,0.02993521,0.49158382,0.47261866,0.43293238,0.44109149,-0.16513201,1.57321312,-0.15099823,0.50614973,-0.19624150,0.22389524,-0.18728459,-0.08185190,-0.18702363,-0.34699522,1.07879232,0.28780845,0.35538901,0.26625282,0.39938355,-1.19601238,0.20659212,0.15104622,0.25592042,1.07879232,1.35541215,1.65617320,1.92202636,0.28780845,0.62691940,0.88663406,0.35538901,0.60672621,0.26625282,1.58245574,0.56535240,0.34191653,0.20479119,0.39592855
682,0.04760501,0.44520315,0.49282592,0.45384851,0.45291980,0.07024999,1.43557827,0.29693407,0.44561003,0.27911492,0.15973783,0.21351582,-0.11040224,0.13730015,-0.35328644,1.03845096,0.32216405,0.34343943,0.25527289,-0.03554726,-1.11469874,0.20295979,0.14225200,0.24784734,1.03845096,1.29467560,1.55824396,1.79370951,0.32216405,0.66182549,0.87902635,0.34343943,0.56272399,0.25527289,1.44698992,0.65888104,0.39915129,0.24287022,0.38282841
683,0.03652309,0.42567240,0.51402538,0.44567462,0.45345138,-0.16689225,1.56777398,-0.17754871,0.55241656,-0.19683263,0.22290312,-0.19478050,-0.06457674,-0.19981008,-0.33848130,1.06865244,0.34513421,0.36041461,0.27441271,0.24780597,-1.06361774,0.20928553,0.15221628,0.25878607,1.06865244,1.36510887,1.63265690,1.90653975,0.34513421,0.69442704,0.95175014,0.36041461,0.60793418,0.27441271,1.57681773,0.68143420,0.39269205,0.20889852,0.39374007
684,0.03289855,0.28015779,0.44192847,0.38995933,0.36976008,0.05156905,1.39395798,0.24306996,0.45955312,0.20054259,0.19401169,0.15852310,-0.07538281,0.11006929,-0.31140870,0.98354837,0.39641778,0.33915948,0.24855893,0.43296316,-1.39277804,0.21280476,0.14431582,0.25712433,0.98354837,1.21024563,1.49479517,1.71713396,0.39641778,0.73233970,0.89366375,0.33915948,0.53237791,0.24855893,1.41349647,0.69978039,0.33052761,0.17724149,0.33229865
685,0.03788919,0.33161826,0.49222929,0.45516658,0.46103132,-0.18185351,1.54262255,-0.29196277,0.73794170,-0.19233373,0.27243095,-0.20559050,-0.05323481,-0.20727799,-0.32032930,0.86604559,0.49008950,0.37533331,0.26805190,0.24164866,-1.09669716,0.21035652,0.14759822,0.25697295,0.86604559,1.28352265,1.59603502,1.86328617,0.49008950,0.85145302,1.11032875,0.37533331,0.62860248,0.26805190,1.55507687,0.87769099,0.42189956,0.22434476,0.38477158
686,0.04293758,0.45658370,0.48907343,0.44920276,0.43794012,0.12025073,1.45360521,0.28248754,0.47029127,0.26324803,0.18417135,0.20654993,-0.09323136,0.13958989,-0.33377388,1.02015697,0.34053867,0.34662147,0.25477412,0.13130926,-1.33403750,0.19784885,0.12902423,0.23620208,1.02015697,1.27792206,1.55807618,1.79118121,0.34053867,0.68591666,0.88193140,0.34662147,0.55303569,0.25477412,1.46747430,0.66698552,0.37617449,0.22665663,0.36474807
687,0.04029352,0.38442624,0.48955604,0.46076862,0.45650137,-0.17836122,1.52085670,-0.25251235,0.49023854,-0.17837670,0.19302331,-0.19242658,-0.09543057,-0.20053690,-0.35620828,1.07992735,0.31758983,0.35485457,0.26169664,0.22427615,-0.96408396,0.20993096,0.13339198,0.24872561,1.07992735,1.34762515,1.61652534,1.87719934,0.31758983,0.65631261,0.90306347,0.35485457,0.59453681,0.26169664,1.53144865,0.64611426,0.36470705,0.21979874,0.40962295
688,0.05610617,0.39413475,0.52453243,0.47264496,0.38756903,-0.12950397,1.43799779,-0.21154023,0.55684180,-0.20537857,0.25567307,-0.20450854,-0.01199184,-0.24653094,-0.26089336,0.88892462,0.34434222,0.30111605,0.25996351,0.05430649,-0.65459012,0.20446328,0.11798377,0.23606228,0.88892462,1.18766297,1.46864636,1.71030639,0.34434222,0.64536778,0.85368169,0.30111605,0.52371447,0.25996351,1.47166290,0.70055353,0.38510970,0.21461188,0.38045679
689,0.02906918,0.41953109,0.52723851,0.47640209,0.45506310,-0.13671528,1.49353867,-0.21394722,0.53245097,-0.17570677,0.24728537,-0.20846291,-0.03681420,-0.24213824,-0.25727148,0.96535993,0.33748210,0.33082953,0.24094830,0.11424255,-0.78253058,0.20436053,0.10434318,0.22945746,0.96535993,1.25349694,1.56019815,1.76579241,0.33748210,0.66448605,0.82927905,0.33082953,0.51442324,0.24094830,1.52770097,0.66613779,0.34386914,0.21173404,0.36381224
690,0.04073577,0.47343608,0.50436209,0.45434540,0.36658905,-0.09358419,1.60898859,-0.25695707,0.54994514,-0.26245209,0.28961220,-0.31317523,0.03457108,-0.35610915,-0.18090240,1.07163213,0.29747552,0.28831903,0.25669917,0.17996558,-0.83857224,0.19353009,0.13911928,0.23834443,1.07163213,1.33670839,1.61028116,1.81329566,0.29747552,0.58377485,0.74990810,0.28831903,0.47981570,0.25669917,1.63469051,0.67043116,0.41542554,0.31549663,0.42631182
691,0.05678558,0.41745902,0.50356658,0.42869779,0.26599303,-0.10053019,1.69432135,-0.29609635,0.57637935,-0.30472329,0.31176952,-0.37878956,0.11017855,-0.38458569,-0.12122734,1.13568068,0.29606997,0.24651024,0.23853229,0.13467371,-0.59601530,0.18146834,0.12937588,0.22286516,1.13568068,1.40050482,1.62229972,1.84410754,0.29606997,0.53708746,0.72998994,0.24651024,0.44484524,0.23853229,1.71725819,0.71517654,0.46796745,0.39753225,0.41711293
692,0.07223295,0.34625275,0.45323720,0.44888283,0.25033356,-0.03744929,1.80712344,-0.32521393,0.48857211,-0.31912991,0.27676117,-0.36528908,0.07796271,-0.37525418,-0.14239931,1.35167127,0.26379858,0.23104079,0.22117776,0.09239595,-0.39840036,0.17861024,0.13003549,0.22093177,1.35167127,1.55823391,1.77023350,1.98623070,0.26379858,0.49056713,0.68026886,0.23104079,0.43282361,0.22117776,1.82933893,0.68684596,0.46722725,0.38452544,0.41551259
693,0.05629073,0.29633650,0.32478432,0.39058528,0.19343338,-0.01393659,1.62677597,-0.32837297,0.45030887,-0.34774007,0.22106517,-0.35351206,0.00001056,-0.35975625,-0.19836718,1.22122644,0.27287509,0.23695184,0.19967317,0.08491346,-0.24247322,0.18000174,0.14138466,0.22888916,1.22122644,1.44583997,1.66771254,1.86464864,0.27287509,0.50711592,0.69723240,0.23695184,0.43302380,0.19967317,1.64532404,0.65174330,0.45423194,0.36906327,0.41935545
694,0.06578092,0.22181963,0.18971654,0.22495454,0.16077664,0.02725903,1.57784395,-0.35611392,0.41157380,-0.35352934,0.19573083,-0.34938793,-0.02077610,-0.33672651,-0.22398356,1.23319231,0.27134596,0.23433544,0.20656350,0.07460959,-0.18259164,0.18232573,0.14532537,0.23315689,1.23319231,1.43440592,1.64812426,1.84627246,0.27134596,0.50147423,0.69837929,0.23433544,0.43808821,0.20656350,1.59369825,0.64130301,0.44027631,0.36023200,0.40754216
695,0.07531535,0.19994238,0.15320705,0.18285629,0.14707916,0.08190275,1.59725354,-0.34452639,0.40266317,-0.34110539,0.18796932,-0.34787363,-0.02776239,-0.30629155,-0.24018470,1.27413037,0.26979846,0.23433022,0.22198417,0.07254706,-0.13887682,0.17837819,0.14602026,0.23052266,1.27413037,1.47202404,1.68622860,1.88692539,0.26979846,0.50009766,0.71206288,0.23433022,0.45195425,0.22198417,1.61297006,0.62410566,0.42348496,0.35695963,0.39008924
696,0.06293186,0.17392955,0.15897457,0.16883645,0.16069612,0.14812179,1.59249928,-0.35303065,0.40187027,-0.35100873,0.16488708,-0.35028532,-0.03541145,-0.27140386,-0.23781474,1.29722306,0.28637849,0.22558194,0.22399923,0.06496299,-0.13251128,0.18023648,0.14683029,0.23247435,1.29722306,1.51294310,1.70875301,1.88847422,0.28637849,0.51107974,0.71954011,0.22558194,0.44000002,0.22399923,1.61603553,0.63921037,0.43148625,0.36228149,0.36216295
697,0.06952268,0.18179058,0.17273187,0.16482438,0.16830560,0.17065127,1.57236322,-0.34535729,0.43069820,-0.35516471,0.17410264,-0.35227295,-0.02457320,-0.27339670,-0.21842838,1.25838406,0.29763275,0.22335507,0.21574502,0.06259876,-0.11147518,0.17763339,0.14932647,0.23206037,1.25838406,1.49421775,1.68576786,1.85449030,0.29763275,0.52065295,0.72076702,0.22335507,0.42965940,0.21574502,1.59582981,0.64338831,0.43454235,0.36162164,0.35086762
698,0.07225714,0.15919080,0.15716869,0.16089084,0.16436099,0.17979798,1.56883582,-0.33212612,0.42545200,-0.36175605,0.18445006,-0.36151429,-0.00870223,-0.28461627,-0.21163557,1.25805751,0.28912828,0.22103534,0.22145021,0.06288218,-0.10779155,0.17689625,0.14953321,0.23163002,1.25805751,1.48712209,1.67447137,1.85015071,0.28912828,0.50918786,0.70945346,0.22103534,0.43105317,0.22145021,1.59578099,0.64084338,0.44769863,0.37059459,0.35659860
699,0.07326554,0.15237290,0.15414056,0.15153429,0.15156293,0.19154329,1.55295718,-0.31591713,0.44252283,-0.36078940,0.20839767,-0.36598110,0.00652299,-0.29231635,-0.20680815,1.22578790,0.28414168,0.22915435,0.22964836,0.06593804,-0.08159656,0.17408274,0.15153505,0.23079790,1.22578790,1.45428810,1.65101639,1.83556261,0.28414168,0.51160237,0.71794529,0.22915435,0.44700378,0.22964836,1.58047105,0.63705224,0.45282574,0.37249276,0.35906202
700,0.07574636,0.15306138,0.15632470,0.16035922,0.17449347,0.22235862,1.57363095,-0.29707491,0.46612939,-0.34932288,0.23302696,-0.35958464,0.02239895,-0.29232231,-0.20431509,1.22734209,0.28446248,0.23336881,0.23871528,0.06937136,-0.06477998,0.17297198,0.15336196,0.23116919,1.22734209,1.45842517,1.66397761,1.86036410,0.28446248,0.51528956,0.72929838,0.23336881,0.46052533,0.23871528,1.60349541,0.63529199,0.44890728,0.36504106,0.35760604
701,0.07994314,0.16202681,0.15775763,0.17517121,0.23959312,0.25028443,1.57960756,-0.28131435,0.44772733,-0.33436971,0.22316733,-0.35117693,0.01498764,-0.27099458,-0.23251572,1.25442943,0.27971088,0.23437444,0.26300594,0.06877668,-0.06887999,0.17347245,0.15211110,0.23071731,1.25442943,1.47824847,1.68436784,1.89658812,0.27971088,0.51193607,0.74474010,0.23437444,0.48234328,0.26300594,1.61368924,0.61504193,0.43122189,0.35499033,0.35724761
702,0.07432497,0.15257106,0.14733597,0.17295815,0.23659969,0.24505951,1.58019493,-0.27647987,0.43064727,-0.32906051,0.20366940,-0.34701557,0.00057481,-0.27782751,-0.22976943,1.26572607,0.28044975,0.23077915,0.24323168,0.06691010,-0.06782935,0.17421733,0.15284855,0.23176359,1.26572607,1.49280014,1.69562989,1.89540209,0.28044975,0.50965680,0.72557026,0.23077915,0.45972195,0.24323168,1.61445815,0.60093775,0.41834384,0.35071239,0.36082199
703,0.06790770,0.09898651,0.10767584,0.14314871,0.18611709,0.19327576,1.56321228,-0.30415313,0.38426228,-0.35153187,0.15152267,-0.36465768,-0.04821932,-0.29314083,-0.26239838,1.28369761,0.28809493,0.22843383,0.23010435,0.05313427,-0.09980766,0.17905267,0.15133727,0.23444152,1.28369761,1.51437805,1.71379266,1.90147381,0.28809493,0.51506398,0.72043615,0.22843383,0.44560115,0.23010435,1.59204572,0.59313796,0.41928845,0.37285948,0.39378270
704,0.06818802,0.08251061,0.10512165,0.15779350,0.23711068,0.14856943,1.53321797,-0.30474967,0.35438338,-0.34306064,0.12931204,-0.35031944,-0.07154643,-0.27681083,-0.29285604,1.26666818,0.27541080,0.22071501,0.23690746,0.04631788,-0.10516236,0.18422207,0.15013059,0.23764883,1.26666818,1.48861343,1.68709876,1.88462443,0.27541080,0.49359346,0.70856607,0.22071501,0.44754203,0.23690746,1.55599202,0.56428510,0.40087101,0.36451702,0.40402911
705,0.06623859,0.07179748,0.09923504,0.16311775,0.22066425,0.09293581,1.54125557,-0.32008189,0.32053381,-0.36136961,0.11444090,-0.35512243,-0.08305601,-0.29242334,-0.29695387,1.29265528,0.26096118,0.22084950,0.22675974,0.04292674,-0.11463196,0.18475284,0.15000699,0.23798259,1.29265528,1.49835495,1.69184080,1.88815315,0.26096118,0.47778486,0.68488677,0.22084950,0.44009930,0.22675974,1.56143461,0.56243562,0.41907244,0.37339100,0.41852977
706,0.06846517,0.04385546,0.08843002,0.16539456,0.22018283,0.04806281,1.54469817,-0.35197950,0.26191684,-0.35928716,0.06827304,-0.35342851,-0.12153449,-0.29474061,-0.33238316,1.34779236,0.25662867,0.21551395,0.22292150,0.03375179,-0.13551577,0.18753333,0.14721414,0.23841299,1.34779236,1.53290279,1.72187958,1.91939723,0.25662867,0.46906295,0.67388445,0.21551395,0.43069532,0.22292150,1.56608687,0.56640551,0.41211680,0.38397774,0.44658938
707,0.07268981,0.04502166,0.14783390,0.21964983,0.24225082,0.01454370,1.51631417,-0.35812779,0.26099882,-0.35298800,0.08914142,-0.34513364,-0.10691281,-0.30838050,-0.32335677,1.31414874,0.25653792,0.21863664,0.22292522,0.02697040,-0.15076945,0.18786672,0.14743578,0.23881209,1.31414874,1.47588283,1.67188847,1.88009642,0.25653792,0.46670037,0.67076113,0.21863664,0.43635749,0.22292522,1.54001979,0.58351265,0.41030799,0.37303389,0.45009231
708,0.07521853,0.05323139,0.18173472,0.24646520,0.26378112,0.00045683,1.54478729,-0.36299252,0.24248329,-0.36448182,0.07284176,-0.35027471,-0.11116398,-0.31598150,-0.32669046,1.35712725,0.25587986,0.20867672,0.22143794,0.01742726,-0.16846666,0.18440082,0.14619820,0.23532440,1.35712725,1.51833907,1.70139183,1.90955804,0.25587986,0.45686104,0.65783550,0.20867672,0.42447404,0.22143794,1.56945323,0.58819097,0.42334853,0.38226988,0.45952303
709,0.07962196,0.09239756,0.21764735,0.27146759,0.28180480,-0.01937562,1.54712416,-0.36252907,0.22340464,-0.37094579,0.06195654,-0.35026738,-0.12228348,-0.30263196,-0.34787634,1.37174286,0.24960025,0.20901831,0.23348227,0.01039872,-0.15705128,0.17902509,0.14293181,0.22908401,1.37174286,1.52841607,1.71122687,1.92811695,0.24960025,0.44926878,0.65922880,0.20901831,0.43634756,0.23348227,1.57214141,0.57528333,0.42438579,0.38426839,0.46541880
710,0.07893833,0.11602237,0.21960991,0.27334912,0.27732694,-0.02561493,1.54276069,-0.35556914,0.20947512,-0.36702360,0.04383981,-0.35055968,-0.12696023,-0.30535406,-0.34766247,1.37697602,0.24891425,0.19797701,0.22851979,0.00312811,-0.15418575,0.17812520,0.14087265,0.22709842,1.37697602,1.53981369,1.71124042,1.92418872,0.24891425,0.44043491,0.64570970,0.19797701,0.41936173,0.22851979,1.56898912,0.56249702,0.41874468,0.38551200,0.46655653
711,0.08094559,0.14952804,0.24958030,0.29621768,0.29525043,-0.03390728,1.54190339,-0.34638759,0.21437177,-0.35411678,0.03555490,-0.33829674,-0.13805708,-0.29428607,-0.35193140,1.36705615,0.26206853,0.20108752,0.22184031,-0.00197791,-0.15507678,0.17585203,0.13881042,0.22403631,1.36705615,1.54307775,1.71870281,1.92624857,0.26206853,0.45752849,0.65791651,0.20108752,0.41611873,0.22184031,1.56979702,0.56172383,0.40598379,0.37756146,0.46215918
712,0.08079357,0.15226040,0.24013251,0.29004164,0.29750923,-0.04847967,1.54459453,-0.34266195,0.20617638,-0.35750586,0.02315987,-0.34159093,-0.14535394,-0.28982870,-0.35127779,1.37411123,0.26351052,0.19840572,0.21593940,-0.00109864,-0.15423036,0.17424741,0.13963799,0.22329561,1.37411123,1.55497291,1.72579767,1.92501833,0.26351052,0.45731816,0.65089130,0.19840572,0.40642821,0.21593940,1.57255957,0.56041666,0.41206972,0.38448752,0.45944573
713,0.07693411,0.13760364,0.21802314,0.27748206,0.29440117,-0.05806198,1.54207486,-0.34420028,0.20839734,-0.35707260,0.02079456,-0.33171290,-0.15649374,-0.27456016,-0.36949596,1.36741078,0.26170688,0.20496402,0.22506690,0.00179087,-0.14064008,0.17365815,0.13874902,0.22228010,1.36741078,1.55276438,1.73044909,1.93755051,0.26170688,0.46114426,0.66745418,0.20496402,0.42431942,0.22506690,1.56821116,0.55021253,0.40654854,0.37852422,0.46290080
714,0.08274786,0.15477629,0.23959552,0.28575505,0.29693076,-0.06388219,1.54073834,-0.33372009,0.19654070,-0.35680973,0.01447938,-0.33570451,-0.16704873,-0.28179522,-0.38227586,1.37443212,0.26185308,0.20666612,0.22655345,-0.00546583,-0.14517227,0.17189715,0.13906290,0.22110432,1.37443212,1.55671355,1.73930297,1.94920324,0.26185308,0.46092538,0.66784855,0.20666612,0.42812611,0.22655345,1.56819278,0.54395470,0.40695840,0.38773482,0.47784788
715,0.08245118,0.15795530,0.23546197,0.28490556,0.30258917,-0.05606063,1.53412946,-0.34267486,0.19343419,-0.35806377,0.00895334,-0.33924220,-0.16816238,-0.27486058,-0.38868961,1.37422860,0.26022636,0.20361778,0.23429187,-0.00906674,-0.14584823,0.17148680,0.13904840,0.22077631,1.37422860,1.55731037,1.73581523,1.94923384,0.26022636,0.45830006,0.67138458,0.20361778,0.43124308,0.23429187,1.56207845,0.54917485,0.41032535,0.39200826,0.47928204
716,0.07980097,0.15434758,0.22858654,0.28366056,0.31597088,-0.03478484,1.52459682,-0.34093765,0.18428102,-0.35608498,0.00254205,-0.33980798,-0.17326276,-0.25670378,-0.38785450,1.37807097,0.25970802,0.20405074,0.23334124,-0.00086819,-0.13751870,0.17287807,0.14013024,0.22253834,1.37807097,1.55823074,1.73578631,1.93914846,0.25970802,0.45860983,0.66377657,0.20405074,0.42678556,0.23334124,1.55365326,0.55080981,0.41163456,0.39540719,0.46970984
717,0.08167343,0.17252695,0.22966340,0.28350231,0.31741468,-0.00966367,1.51040183,-0.33855602,0.17982072,-0.35573798,-0.00444455,-0.34459958,-0.17672520,-0.25689738,-0.38597465,1.37369038,0.25651599,0.19873500,0.22980165,-0.00138048,-0.13859211,0.17142533,0.13858390,0.22043625,1.37369038,1.55624884,1.72990513,1.92513605,0.25651599,0.45097245,0.65152789,0.19873500,0.41658426,0.22980165,1.53747844,0.53893786,0.40871060,0.40067011,0.46836044
718,0.08061596,0.18027371,0.24523510,0.29392817,0.32307312,-0.01148721,1.50899138,-0.33790584,0.20359614,-0.35294346,0.01289947,-0.33978532,-0.16166097,-0.25997193,-0.38742182,1.34910159,0.26598184,0.20209643,0.24284183,-0.00871901,-0.15613036,0.17025285,0.13602737,0.21792081,1.34910159,1.53705554,1.71300517,1.92627308,0.26598184,0.46378541,0.67955586,0.20209643,0.43462370,0.24284183,1.53672140,0.55312045,0.40730718,0.38983599,0.47059599
719,0.08062115,0.16725035,0.23342600,0.29230993,0.31795848,-0.02623652,1.46644048,-0.34822431,0.18123235,-0.35990805,-0.00948222,-0.34207793,-0.17670834,-0.27287859,-0.38719114,1.32849021,0.26387402,0.20099539,0.22575676,-0.01751195,-0.17137857,0.17097694,0.13466018,0.21763841,1.32849021,1.51554350,1.68453627,1.88507258,0.26387402,0.46202015,0.66426718,0.20099539,0.41684660,0.22575676,1.49649335,0.55651046,0.41805080,0.39840605,0.47735949
720,0.07810766,0.15651815,0.23761118,0.29787357,0.32551702,-0.03427835,1.46495702,-0.34967434,0.18029987,-0.36711639,0.00566625,-0.34845265,-0.15546074,-0.28420967,-0.37513452,1.32613744,0.25067708,0.19548043,0.23341532,-0.01534008,-0.16053564,0.16954061,0.13290653,0.21542554,1.32613744,1.49918210,1.66197441,1.87242954,0.25067708,0.44241616,0.65137143,0.19548043,0.41938127,0.23341532,1.49586842,0.55714834,0.42573778,0.39612067,0.47452453
721,0.06472593,0.09312156,0.23090173,0.30759823,0.33064381,-0.09489234,1.48130750,-0.35503736,0.11462949,-0.35864307,-0.04873078,-0.34549100,-0.17920771,-0.28281189,-0.40879944,1.39365306,0.22987717,0.16495022,0.24010128,0.01776091,-0.16724814,0.16956328,0.13267938,0.21530333,1.39365306,1.55462972,1.68887158,1.91112277,0.22987717,0.39362836,0.60442609,0.16495022,0.39085917,0.24010128,1.51230693,0.52674411,0.41852580,0.40447573,0.50322843
722,0.06954104,0.09295576,0.22777679,0.29109735,0.28997924,-0.15687422,1.53219422,-0.39330911,0.07049793,-0.37596972,-0.07376945,-0.36649417,-0.20845881,-0.32764361,-0.43252465,1.48298418,0.23243326,0.16666425,0.22986442,0.00147446,-0.16751494,0.16780807,0.13806495,0.21730504,1.48298418,1.62386342,1.76423472,1.98552292,0.23243326,0.39552895,0.59588518,0.16666425,0.38504176,0.22986442,1.56986730,0.55564163,0.43438725,0.43499278,0.54756432
723,0.07522650,0.10432383,0.26382875,0.31363966,0.30071208,-0.17694663,1.52014091,-0.38904712,0.11434290,-0.37314125,-0.05888838,-0.35745774,-0.20047447,-0.31811919,-0.41692928,1.42586206,0.27037271,0.17943857,0.22101354,-0.01861620,-0.23621771,0.17061811,0.13798363,0.21943114,1.42586206,1.59419981,1.74243753,1.95559945,0.27037271,0.44723642,0.63324766,0.17943857,0.38494901,0.22101354,1.56303415,0.58847458,0.43689396,0.42443879,0.53197080
724,0.08103678,0.10203937,0.23346471,0.28947756,0.28946990,-0.15474835,1.51407724,-0.38097645,0.12837126,-0.37632442,-0.04510862,-0.34991964,-0.20210334,-0.30233032,-0.38917292,1.40961077,0.26835399,0.19454428,0.19624762,-0.02211178,-0.20005840,0.16962581,0.14112159,0.22065407,1.40961077,1.57686257,1.73781900,1.92239353,0.26835399,0.45864225,0.63077374,0.19454428,0.38148247,0.19624762,1.55090475,0.58376934,0.43753486,0.41795963,0.49794887
725,0.07373353,0.10365737,0.24207017,0.28732077,0.29273194,-0.13878866,1.53687802,-0.38125032,0.15478288,-0.37048469,-0.00173268,-0.34949454,-0.16870089,-0.30082129,-0.38171615,1.40655217,0.25237275,0.19318238,0.22282903,-0.01153773,-0.14903530,0.16715736,0.13843493,0.21703874,1.40655217,1.55921059,1.72963211,1.94022667,0.25237275,0.43730825,0.63824430,0.19318238,0.41041140,0.22282903,1.57059394,0.56654958,0.41717489,0.39999312,0.48890888
726,0.07853730,0.17761395,0.28747284,0.32103998,0.31795183,-0.13502701,1.51348382,-0.35703644,0.15200531,-0.35380579,-0.03070291,-0.33850133,-0.19969811,-0.28697526,-0.41414021,1.38339236,0.26830343,0.19941511,0.22256258,-0.00547223,-0.16916783,0.16780048,0.14159721,0.21956041,1.38339236,1.56233262,1.73643189,1.94686820,0.26830343,0.46342535,0.65958829,0.19941511,0.41184976,0.22256258,1.54839559,0.55872569,0.41032343,0.40573345,0.50881419
727,0.07319788,0.15163679,0.31204924,0.33748139,0.32920919,-0.17962390,1.51091571,-0.37913731,0.09675010,-0.37674817,-0.06979817,-0.35662359,-0.22448331,-0.29714804,-0.45401150,1.43179895,0.25989781,0.19531118,0.23728926,-0.01196468,-0.22646109,0.16676617,0.14145526,0.21867910,1.43179895,1.59594690,1.75762195,1.98119049,0.25989781,0.45189788,0.64539053,0.19531118,0.41234860,0.23728926,1.55635614,0.58075823,0.44670979,0.43605411,0.55227140
728,0.07809835,0.15503326,0.26536185,0.30899939,0.30307495,-0.15388505,1.46795262,-0.35960601,0.13374063,-0.36199360,-0.04940911,-0.34844341,-0.20610611,-0.30067501,-0.41497403,1.35399388,0.25557970,0.18871496,0.21529766,-0.00637960,-0.19691783,0.17177992,0.14367240,0.22394218,1.35399388,1.53335554,1.69473588,1.89914126,0.25557970,0.44209164,0.62988637,0.18871496,0.39130682,0.21529766,1.50500009,0.55298715,0.42646965,0.42104607,0.52111189
729,0.08214295,0.15068198,0.26218526,0.30881305,0.31060636,-0.13868828,1.47196996,-0.36006388,0.11574900,-0.35592917,-0.05086210,-0.34011809,-0.19993460,-0.29219161,-0.39664254,1.37800653,0.24959940,0.18126615,0.20351985,-0.00476891,-0.17967685,0.16978063,0.14223741,0.22148802,1.37800653,1.54048941,1.69412095,1.88615406,0.24959940,0.42758807,0.60189877,0.18126615,0.37237616,0.20351985,1.50738810,0.54796304,0.41673593,0.40925695,0.50045862
730,0.08062579,0.15200662,0.25484532,0.30638577,0.32141392,-0.10469142,1.47637905,-0.35678032,0.12348823,-0.35894870,-0.04015782,-0.34293121,-0.18996685,-0.27404562,-0.36649685,1.38070880,0.24145934,0.18212557,0.18957726,0.01836980,-0.17293985,0.16748473,0.13855360,0.21736659,1.38070880,1.53910834,1.69166118,1.85877390,0.24145934,0.42043583,0.57308134,0.18212557,0.35405600,0.18957726,1.50664041,0.54525585,0.42077886,0.40814300,0.47018082
731,0.07734009,0.19671153,0.29354936,0.32834245,0.32978873,-0.08680634,1.45616635,-0.35362819,0.13101661,-0.35433284,-0.03641031,-0.34336693,-0.19064483,-0.28521989,-0.40752342,1.35528354,0.24355702,0.18565272,0.22535013,-0.00556177,-0.19759097,0.16338143,0.13388580,0.21123186,1.35528354,1.51842000,1.67655937,1.88495673,0.24355702,0.42634317,0.61964226,0.18565272,0.39667740,0.22535013,1.48879967,0.54645709,0.41792090,0.40946751,0.50673529
732,0.08026155,0.22875886,0.33118274,0.34695972,0.33965252,-0.13496566,1.50024435,-0.35770535,0.10522541,-0.37114934,-0.05240066,-0.36014214,-0.20024835,-0.29710745,-0.41855464,1.41525490,0.24322699,0.18338053,0.22728509,0.00443605,-0.21076633,0.15565319,0.13304541,0.20476571,1.41525490,1.57365927,1.72784119,1.93622982,0.24322699,0.42306069,0.60052931,0.18338053,0.38742060,0.22728509,1.54117110,0.55504380,0.43790022,0.42876399,0.52798469
733,0.08586029,0.17530638,0.28667217,0.32401973,0.32410941,-0.10232557,1.43369492,-0.35099298,0.13023067,-0.35974154,-0.04118317,-0.35275766,-0.19092678,-0.29472238,-0.40371781,1.33080215,0.25180112,0.18698983,0.22126352,-0.00662994,-0.19523463,0.15932394,0.13363061,0.20794532,1.33080215,1.49949152,1.65534988,1.85966324,0.25180112,0.43677156,0.62178379,0.18698983,0.39037658,0.22126352,1.47136640,0.55927156,0.42963296,0.41852670,0.51012665
734,0.07951739,0.18425222,0.30488932,0.33090928,0.32411172,-0.08103822,1.45848272,-0.35204007,0.13526647,-0.34616745,-0.01717525,-0.34107409,-0.17542195,-0.28782102,-0.39284052,1.35467041,0.25169898,0.18872065,0.22426704,-0.00163374,-0.17443604,0.15776021,0.13205708,0.20573613,1.35467041,1.50237790,1.66639624,1.87494834,0.25169898,0.43404572,0.61910106,0.18872065,0.39760391,0.22426704,1.49220332,0.55612744,0.40448280,0.39787114,0.49562217
735,0.07681598,0.09356392,0.27995953,0.32367011,0.30912750,-0.16923633,1.45020243,-0.39198911,0.08658836,-0.36936606,-0.07551380,-0.35627028,-0.21288976,-0.32400548,-0.42773607,1.38470308,0.25690602,0.17360842,0.21828699,-0.01193616,-0.19329478,0.16089106,0.13323379,0.20889513,1.38470308,1.54248028,1.68695434,1.89868420,0.25690602,0.42777242,0.61195317,0.17360842,0.37700006,0.21828699,1.49416909,0.57297549,0.43194638,0.42822467,0.54317710
736,0.08332077,0.08039611,0.26377490,0.31295139,0.30527620,-0.17681294,1.44898989,-0.39937257,0.10709389,-0.38348888,-0.06013592,-0.36434544,-0.20787275,-0.31517255,-0.41782238,1.36522583,0.26336981,0.19495656,0.21584534,-0.01324089,-0.24653027,0.16242614,0.13346247,0.21022483,1.36522583,1.52564500,1.68084979,1.88499094,0.26336981,0.45652037,0.63009221,0.19495656,0.38849987,0.21584534,1.49675126,0.60929851,0.45885529,0.43600540,0.53465649
737,0.08192152,0.13663072,0.28046524,0.31618808,0.30904806,-0.12998858,1.43758310,-0.37675749,0.14660355,-0.36619565,-0.02968439,-0.34361261,-0.18650475,-0.29143088,-0.39981475,1.31887462,0.25868210,0.18842108,0.22065461,-0.01218993,-0.19624807,0.16190328,0.13479921,0.21067391,1.31887462,1.48830481,1.64814313,1.85566071,0.25868210,0.44355258,0.63524696,0.18842108,0.39729800,0.22065461,1.47111145,0.56386309,0.42025870,0.40406961,0.50126602
738,0.08552477,0.21213053,0.30398027,0.33279000,0.32259256,-0.08131124,1.46149171,-0.35332067,0.15601651,-0.35012257,-0.02964551,-0.32769366,-0.19885569,-0.27167261,-0.42063155,1.33776026,0.27021553,0.19611066,0.23045985,-0.01327002,-0.18520625,0.15938836,0.13265845,0.20737144,1.33776026,1.51783070,1.68884008,1.90383945,0.27021553,0.46082800,0.66498192,0.19611066,0.41780591,0.23045985,1.49130263,0.55020831,0.40212611,0.39588608,0.50573139
739,0.08410058,0.11053170,0.25465540,0.30513565,0.30233189,-0.10711416,1.45873938,-0.39335683,0.10231240,-0.38697402,-0.05662233,-0.36190424,-0.19646658,-0.30805097,-0.41356849,1.39037121,0.25111720,0.18665479,0.22441494,-0.00008565,-0.18420681,0.15790617,0.13493764,0.20770778,1.39037121,1.54349822,1.68769971,1.89671467,0.25111720,0.43556780,0.62018926,0.18665479,0.39116805,0.22441494,1.49629623,0.58573328,0.45242462,0.42531493,0.52318684
740,0.07970785,0.11970404,0.26122959,0.30571678,0.30846030,-0.09818113,1.47187733,-0.37957938,0.15033144,-0.38015712,-0.02240553,-0.35210698,-0.19013908,-0.29837742,-0.38508884,1.35569690,0.25720683,0.19848296,0.20342662,0.00756129,-0.17765859,0.15960153,0.13414637,0.20848956,1.35569690,1.52275322,1.69115145,1.87887679,0.25720683,0.44997011,0.62651918,0.19848296,0.39207500,0.20342662,1.50267171,0.56942624,0.43314258,0.41346707,0.49399309
741,0.07968916,0.13335746,0.26933703,0.30696366,0.29977462,-0.09305017,1.49069301,-0.38333434,0.15184186,-0.37529035,-0.02256573,-0.36314883,-0.17648352,-0.30952595,-0.37375684,1.37472469,0.26304336,0.19314240,0.20465122,0.00370564,-0.21219245,0.16096390,0.13468606,0.20988023,1.37472469,1.54155678,1.70052952,1.88845394,0.26304336,0.45391837,0.62093591,0.19314240,0.37870444,0.20465122,1.52456054,0.58861876,0.43730077,0.41777486,0.49504302
742,0.08076952,0.13438472,0.27946412,0.30985139,0.29865574,-0.13872827,1.48205184,-0.38886361,0.18150543,-0.37887572,0.00487321,-0.36320601,-0.16889784,-0.31923391,-0.38124172,1.32840349,0.26654879,0.21073302,0.21772879,-0.00799052,-0.22066760,0.16032504,0.13509459,0.20965369,1.32840349,1.49965362,1.67986222,1.88656281,0.26654879,0.47358267,0.65967691,0.21073302,0.41426140,0.21772879,1.52206360,0.60117632,0.43897140,0.41370227,0.50427788
743,0.07995827,0.13786451,0.28560760,0.31597280,0.30627057,-0.13003956,1.45961464,-0.36948608,0.16450204,-0.36583712,-0.00575598,-0.34879473,-0.17531725,-0.30771449,-0.38369441,1.32121461,0.25497412,0.20131661,0.21362650,0.00247890,-0.18228388,0.16080681,0.13628822,0.21079209,1.32121461,1.48665797,1.66066939,1.86431866,0.25497412,0.45175186,0.63771401,0.20131661,0.40392343,0.21362650,1.49426451,0.56672068,0.42048446,0.40299022,0.49784401
744,0.08249374,0.15671434,0.28787454,0.31595383,0.31260264,-0.13237104,1.47255590,-0.38487510,0.13980218,-0.37166677,-0.00628213,-0.35099619,-0.17312841,-0.30750431,-0.39372348,1.35921544,0.23645911,0.19312124,0.22643229,0.00850181,-0.14626700,0.15814829,0.13264642,0.20641210,1.35921544,1.50134143,1.67144344,1.88744141,0.23645911,0.42160655,0.62053452,0.19312124,0.41117954,0.22643229,1.50895057,0.56418093,0.42336581,0.40589593,0.50607150
745,0.08146295,0.15789240,0.29807852,0.32378630,0.31838578,-0.12147496,1.44276272,-0.36635197,0.12981224,-0.36136075,-0.02353221,-0.34169710,-0.19268542,-0.29637822,-0.41932357,1.33797474,0.23465372,0.18976247,0.23269349,-0.00177457,-0.15748946,0.15947200,0.12951026,0.20543667,1.33797474,1.48899792,1.66015388,1.88185953,0.23465372,0.41578489,0.62412652,0.18976247,0.41608706,0.23269349,1.47498015,0.53068685,0.40609564,0.40484170,0.51866558
746,0.08157803,0.20775247,0.30829627,0.32638779,0.32475797,-0.11356502,1.43455644,-0.35994137,0.15189539,-0.37048898,-0.02023748,-0.35534038,-0.19364383,-0.30048387,-0.43285090,1.30842276,0.24941046,0.19305431,0.24726813,-0.01493801,-0.15527509,0.15919452,0.12860988,0.20465433,1.30842276,1.48085154,1.65651662,1.88913902,0.24941046,0.43467287,0.65713420,0.19305431,0.43367848,0.24726813,1.46777937,0.53587677,0.41532478,0.41761002,0.53194643
747,0.08027846,0.19263821,0.29320749,0.32056475,0.32637663,-0.07023933,1.41471192,-0.36562613,0.18139587,-0.37052473,0.00749889,-0.35162656,-0.16120628,-0.28979059,-0.40198609,1.27079777,0.25803318,0.19662039,0.25184963,-0.03344175,-0.16033260,0.16308340,0.12803887,0.20734066,1.27079777,1.44304050,1.61436338,1.84676201,0.25803318,0.44893206,0.67459496,0.19662039,0.44008622,0.25184963,1.44861984,0.56097422,0.41843432,0.39833085,0.49856183
748,0.06683186,0.15679189,0.24465810,0.30634701,0.33902145,-0.03611031,1.32718618,-0.36510985,0.11824654,-0.36144714,-0.05425896,-0.34216135,-0.20853708,-0.24419039,-0.41380118,1.25545760,0.25484593,0.18877136,0.23067128,-0.01938568,-0.13530607,0.16812854,0.13157809,0.21349473,1.25545760,1.42330753,1.58056129,1.77154516,0.25484593,0.44057527,0.63923012,0.18877136,0.40520191,0.23067128,1.36541038,0.55344395,0.42213692,0.41401824,0.48495297
749,0.07947151,0.17509681,0.23247348,0.29289190,0.34346927,-0.05248157,1.40413805,-0.37247685,0.16454668,-0.38267009,-0.03191080,-0.35534231,-0.20705123,-0.24323627,-0.47059274,1.28310421,0.25981301,0.20106660,0.29248920,-0.00295145,-0.10588828,0.16210048,0.12924081,0.20731559,1.28310421,1.47590372,1.64912370,1.89939979,0.25981301,0.45651087,0.72463247,0.20106660,0.48548180,0.29248920,1.42932272,0.53551197,0.42327947,0.41959005,0.53027031
750,0.07896648,0.15025619,0.20908578,0.28580366,0.35912280,-0.04006600,1.39950417,-0.33799122,0.11838847,-0.36739999,-0.07496711,-0.33890131,-0.24192982,-0.20977388,-0.49676813,1.31707549,0.24747887,0.19749567,0.29166718,-0.01194889,-0.09780513,0.15901689,0.12954544,0.20510581,1.31707549,1.51266360,1.67862503,1.91937575,0.24747887,0.44039021,0.70155772,0.19749567,0.47798356,0.29166718,1.42759241,0.49885329,0.42293795,0.42688788,0.54039810
751,0.08421990,0.13108708,0.20459148,0.28816299,0.36297291,-0.05208462,1.32379291,-0.30667742,0.13671935,-0.33811414,-0.06490795,-0.31752489,-0.24016808,-0.20637800,-0.46433281,1.21572954,0.24604692,0.19758120,0.25284441,0.02524977,-0.08226313,0.16555003,0.13460088,0.21336403,1.21572954,1.41977758,1.59465878,1.80579381,0.24604692,0.43976293,0.66360331,0.19758120,0.43885563,0.25284441,1.34978966,0.46520333,0.39061368,0.40945058,0.51156932
752,0.08002200,0.15515839,0.21908319,0.30248965,0.36573471,-0.02365359,1.40901840,-0.28693604,0.13207322,-0.32580909,-0.05275007,-0.30498465,-0.24758111,-0.20399806,-0.45616480,1.30499994,0.23404038,0.21970192,0.23391971,0.02248281,-0.06910789,0.16500698,0.13858866,0.21548577,1.30499994,1.49494178,1.69011956,1.88601435,0.23404038,0.44823573,0.65229744,0.21970192,0.44135751,0.23391971,1.43550697,0.45631561,0.38138206,0.40339101,0.50327771
753,0.06970206,0.11252753,0.18603345,0.27453239,0.35609006,-0.00699700,1.47657890,-0.30148125,0.06682084,-0.33734139,-0.10652004,-0.31934423,-0.27259665,-0.18724315,-0.48790177,1.44102969,0.22867267,0.19886966,0.25661648,0.00359500,-0.05474019,0.16237214,0.13898563,0.21373282,1.44102969,1.62001523,1.78844872,1.98833788,0.22867267,0.42351908,0.63993017,0.19886966,0.43752693,0.25661648,1.50629232,0.46443066,0.40743424,0.43031143,0.52488988
754,0.06884089,0.12801737,0.18823868,0.28073187,0.37046873,0.02846118,1.51811599,-0.28822732,0.07573653,-0.32205927,-0.10362864,-0.29812575,-0.27105556,-0.16671101,-0.48638570,1.47784045,0.23136905,0.20186260,0.25566749,-0.00000424,-0.06384618,0.16258995,0.13759174,0.21299525,1.47784045,1.66137174,1.82918603,2.02785953,0.23136905,0.42902001,0.64587948,0.20186260,0.44008328,0.25566749,1.54417920,0.45075991,0.39100069,0.41196331,0.51606202
755,0.06834585,0.15823415,0.18905600,0.28419434,0.39119797,0.03780062,1.52306452,-0.26660721,0.14625352,-0.30315368,-0.08338061,-0.27434222,-0.25462603,-0.16177963,-0.43977530,1.41134137,0.26702877,0.20217226,0.22022630,0.01450777,-0.07228911,0.16697761,0.13619065,0.21547486,1.41134137,1.64377126,1.81332414,1.98454084,0.26702877,0.46465525,0.65543257,0.20217226,0.40917088,0.22022630,1.54460784,0.43738305,0.36383578,0.38265890,0.47030965
756,0.06420156,0.24625310,0.26787207,0.34756241,0.44797698,0.08602227,1.61201343,-0.19104230,0.20355163,-0.26354276,-0.04061523,-0.23008668,-0.21922623,-0.12310206,-0.40411911,1.43729792,0.28048128,0.21747513,0.21722233,0.04239121,-0.10643361,0.16476758,0.12583499,0.20732293,1.43729792,1.68978513,1.86555930,2.03714756,0.28048128,0.48621182,0.67100907,0.21747513,0.42084239,0.21722233,1.63145848,0.41621699,0.32815396,0.32581164,0.42369032
757,0.06092571,0.26970543,0.28818182,0.35305857,0.43453580,0.09708153,1.60774596,-0.18534185,0.23274503,-0.25641705,-0.01839061,-0.23226311,-0.20181089,-0.11005716,-0.36948081,1.40535840,0.28294762,0.21328718,0.21101754,0.06159568,-0.08260728,0.16832908,0.12941945,0.21233011,1.40535840,1.66462410,1.84517004,1.99670637,0.28294762,0.48727591,0.65787562,0.21328718,0.40694015,0.21101754,1.62478614,0.40980163,0.30961155,0.31477563,0.38653387
758,0.06336505,0.27149283,0.30415948,0.36621880,0.43384538,0.07705452,1.54567630,-0.17243904,0.22350999,-0.24374178,-0.03305385,-0.21811820,-0.20527268,-0.07700061,-0.36666316,1.34673622,0.28886486,0.20353847,0.21839832,0.05816017,-0.09231155,0.17157789,0.13238586,0.21671407,1.34673622,1.61190703,1.78282017,1.92907226,0.28886486,0.48289756,0.65154885,0.20353847,0.40091480,0.21839832,1.56505096,0.40526979,0.30410579,0.30838514,0.37600277
759,0.06222576,0.23567434,0.27031586,0.35111634,0.43028958,0.04707599,1.53243110,-0.18711892,0.19870997,-0.26622647,-0.04835749,-0.23773884,-0.21947279,-0.09187235,-0.38645133,1.35566841,0.28273394,0.20884431,0.22376038,0.07256034,-0.10237670,0.17252051,0.14129610,0.22299757,1.35566841,1.61224516,1.78247254,1.93368722,0.28273394,0.47932076,0.64691750,0.20884431,0.40762262,0.22376038,1.55143697,0.40714898,0.33045106,0.33177626,0.39956785
760,0.06665229,0.23383878,0.27155516,0.35472344,0.42998453,0.02800577,1.55984232,-0.19105539,0.20262805,-0.27060208,-0.05828878,-0.23461903,-0.24547359,-0.10134147,-0.40487293,1.37662019,0.30082959,0.23420571,0.20972001,0.08030481,-0.07912696,0.16559017,0.14393906,0.21940501,1.37662019,1.64639498,1.83437072,1.98125024,0.30082959,0.52137592,0.67973352,0.23420571,0.41934888,0.20972001,1.58445575,0.44567726,0.35426479,0.35004135,0.42117271
761,0.06381400,0.23666594,0.26476179,0.35426794,0.42116636,-0.00081403,1.51429546,-0.19836672,0.19755440,-0.26814317,-0.05337725,-0.23673859,-0.23759824,-0.10258870,-0.39506230,1.33294619,0.28577963,0.21855010,0.20759953,0.06538899,-0.08687439,0.17138961,0.14191868,0.22252036,1.33294619,1.59125619,1.77571078,1.92108411,0.28577963,0.49412737,0.64968565,0.21855010,0.40158594,0.20759953,1.53202392,0.40664810,0.32586763,0.34145815,0.41080419
762,0.06013357,0.22717518,0.25785464,0.34458743,0.39311888,-0.03331138,1.51554175,-0.21631687,0.15428410,-0.29542555,-0.08434551,-0.26995314,-0.25723628,-0.10618160,-0.35404184,1.37507571,0.28249932,0.22076137,0.19196468,0.07435012,-0.08341733,0.16184163,0.14890983,0.21992464,1.37507571,1.62244520,1.79943139,1.88432535,0.28249932,0.49171910,0.59521074,0.22076137,0.36650133,0.19196468,1.54032367,0.43063324,0.37216445,0.38038442,0.37292087
763,0.06484761,0.26766443,0.30257912,0.36884900,0.40063820,-0.04293149,1.40203519,-0.21196137,0.18849315,-0.27951171,-0.05702730,-0.24779354,-0.23905141,-0.10163494,-0.38000392,1.22626722,0.28316549,0.21406687,0.20358707,0.05891199,-0.07795508,0.16891897,0.14717497,0.22404037,1.22626722,1.47997414,1.66382950,1.79385038,0.28316549,0.48772996,0.62946512,0.21406687,0.38864886,0.20358707,1.42382921,0.40865808,0.33225262,0.34988553,0.39621518
764,0.05890333,0.31644927,0.33676777,0.38898308,0.40935930,0.00829325,1.48170774,-0.20237047,0.24332571,-0.25551235,-0.02620144,-0.22044932,-0.21901720,-0.10377150,-0.35805984,1.25796910,0.29297636,0.21834987,0.18190324,0.07599346,-0.09887948,0.16198789,0.13884600,0.21335015,1.25796910,1.53120249,1.72102263,1.84870160,0.29297636,0.50331722,0.64458798,0.21834987,0.38060892,0.18190324,1.49415391,0.40925844,0.30138400,0.31675742,0.37606141
765,0.06245053,0.34017387,0.36009252,0.40435820,0.42810291,0.07318677,1.47796894,-0.15935246,0.26611234,-0.22525772,-0.01234439,-0.19760205,-0.21317762,-0.06586034,-0.37848332,1.23560429,0.30179619,0.22466129,0.21183801,0.05271993,-0.09521164,0.16203756,0.13273314,0.20946182,1.23560429,1.52024536,1.71754883,1.86713825,0.30179619,0.51800328,0.68333383,0.22466129,0.41439848,0.21183801,1.49197502,0.40089710,0.27546489,0.29705809,0.38707727
766,0.06652637,0.35200273,0.37579580,0.41586718,0.41923463,0.11337008,1.53667514,-0.15207543,0.28112722,-0.21343982,0.02111841,-0.19318029,-0.18141724,-0.07638406,-0.34209489,1.28524277,0.28455559,0.22541382,0.19916177,0.05965667,-0.10158564,0.15974764,0.12630209,0.20364560,1.28524277,1.55063405,1.74964148,1.89340783,0.28455559,0.50358676,0.66174574,0.22541382,0.40383211,0.19916177,1.55169026,0.40807396,0.26504607,0.27146937,0.35333021
767,0.06653833,0.35797131,0.39096776,0.43331886,0.43321356,0.13830248,1.56328745,-0.15180730,0.26991096,-0.20211309,0.02090212,-0.18197463,-0.19132274,-0.05438417,-0.35166188,1.32640714,0.27068763,0.23194056,0.20542824,0.07356847,-0.07365654,0.15660002,0.12586076,0.20090918,1.32640714,1.58013962,1.78879227,1.93051501,0.27068763,0.49781188,0.66001515,0.23194056,0.41455789,0.20542824,1.58101389,0.39179591,0.25052574,0.26974441,0.35814806
768,0.06393423,0.33756491,0.37933255,0.42193642,0.42791616,0.12203128,1.57481611,-0.16695730,0.24244109,-0.21190881,0.00178693,-0.19139872,-0.19791224,-0.06457947,-0.33578073,1.36455879,0.26639712,0.22237954,0.18811294,0.05550312,-0.09353636,0.16090858,0.12906470,0.20627474,1.36455879,1.60879320,1.80592604,1.92639445,0.26639712,0.48455122,0.62633901,0.22237954,0.38522143,0.18811294,1.59199799,0.39017587,0.26024550,0.28083998,0.34406156
769,0.06237050,0.32645473,0.36399096,0.41944239,0.43145533,0.10803445,1.56838066,-0.15272965,0.21227556,-0.21954796,-0.02489844,-0.19251746,-0.21635619,-0.04459857,-0.36809043,1.38276560,0.27289053,0.22612787,0.21271446,0.05135550,-0.09937701,0.16357350,0.13409468,0.21151282,1.38276560,1.62726838,1.81725089,1.95100416,0.27289053,0.49021275,0.64231064,0.22612787,0.40844775,0.21271446,1.58757601,0.39199583,0.28170248,0.29526026,0.37282191
770,0.06916521,0.32601272,0.37200437,0.42140910,0.43261109,0.09106294,1.52885470,-0.15850240,0.20960058,-0.21031263,-0.01975326,-0.18467600,-0.21908163,-0.03484022,-0.35533072,1.34411700,0.25945470,0.22654106,0.20317507,0.05589749,-0.10015116,0.16639410,0.13675351,0.21537994,1.34411700,1.57835899,1.77602473,1.89582688,0.25945470,0.47994728,0.62256173,0.22654106,0.39750177,0.20317507,1.54710916,0.38509655,0.27229661,0.29432500,0.36065518
771,0.06912020,0.33495742,0.37782690,0.42376384,0.43269968,0.08358126,1.46802420,-0.15322735,0.23799859,-0.21081300,-0.01391247,-0.18557420,-0.21559270,-0.04832287,-0.37258736,1.25436061,0.27984789,0.22614285,0.20889313,0.05681936,-0.10189788,0.17063701,0.13723432,0.21897545,1.25436061,1.51145808,1.71076556,1.85163718,0.27984789,0.49945895,0.65705192,0.22614285,0.40922822,0.20889313,1.48434982,0.39061943,0.26608919,0.29127285,0.37906443
772,0.06692238,0.34987321,0.38666599,0.42549091,0.43936321,0.08365814,1.50343211,-0.14966116,0.25313601,-0.21158114,0.00249607,-0.18295104,-0.21120990,-0.02385142,-0.37236796,1.27406372,0.27736289,0.23739712,0.22668284,0.05852993,-0.11749936,0.16742538,0.13662394,0.21609572,1.27406372,1.52993255,1.73982426,1.88380586,0.27736289,0.50695913,0.67193014,0.23739712,0.43327256,0.22668284,1.51801877,0.39727278,0.26878211,0.28721215,0.37736708
773,0.06575206,0.35679959,0.39837781,0.43451594,0.43580019,0.10088515,1.49363801,-0.13543017,0.25246218,-0.19366533,0.00880783,-0.17311285,-0.20402153,-0.01845400,-0.35644208,1.26507484,0.26581308,0.23127819,0.21723447,0.06980122,-0.09857867,0.16779222,0.13809109,0.21730940,1.26507484,1.51397372,1.72336150,1.85778186,0.26581308,0.49105417,0.64656578,0.23127819,0.41596142,0.21723447,1.50748808,0.37426411,0.24631950,0.27506952,0.36152466
774,0.06931425,0.33022154,0.38251942,0.43433213,0.43403700,0.09356953,1.46712866,-0.14823343,0.21832024,-0.19971273,-0.01480643,-0.17272483,-0.22486085,-0.04627138,-0.37833493,1.27449256,0.26223178,0.23398343,0.19894401,0.05903888,-0.10463293,0.16932442,0.14200196,0.22098715,1.27449256,1.51095286,1.71761792,1.85480454,0.26223178,0.49016037,0.63816302,0.23398343,0.40554763,0.19894401,1.48220066,0.37651333,0.25638137,0.28994601,0.38689912
775,0.06931942,0.31879347,0.37154841,0.42162461,0.43921431,0.09075613,1.38420094,-0.15962278,0.21120894,-0.21037484,-0.02555815,-0.18163942,-0.24358994,-0.05204120,-0.40924977,1.20211700,0.26589427,0.24019092,0.21033370,0.04656105,-0.09676103,0.17221932,0.14405546,0.22452498,1.20211700,1.44185978,1.65521942,1.80360837,0.26589427,0.49993777,0.66305448,0.24019092,0.42643368,0.21033370,1.40086687,0.38239288,0.26924874,0.31170425,0.41816504
776,0.06719559,0.33997504,0.38481227,0.42854190,0.43468890,0.09419701,1.40782609,-0.14453420,0.24920288,-0.20416828,-0.02344833,-0.19001051,-0.22698157,-0.06298632,-0.39064649,1.18526065,0.29522442,0.22261180,0.20717803,0.06507623,-0.08695763,0.16944532,0.13892070,0.21911339,1.18526065,1.46221516,1.66307136,1.80884235,0.29522442,0.51298408,0.67143735,0.22261180,0.40361838,0.20717803,1.42158969,0.37959198,0.25498371,0.30241493,0.40032200
777,0.06263871,0.29273995,0.34709716,0.40630401,0.41232800,0.08051742,1.26482078,-0.17691035,0.20394590,-0.23192192,-0.04990197,-0.22525668,-0.23564134,-0.09628070,-0.33684084,1.09443516,0.28692287,0.21602870,0.16393947,0.07226102,-0.08695928,0.16294323,0.14443008,0.21773963,1.09443516,1.35205507,1.53904013,1.61873720,0.28692287,0.49940416,0.59391934,0.21602870,0.33591315,0.16393947,1.29020574,0.41828198,0.30873350,0.33751761,0.36110676
778,0.06906460,0.24701523,0.31696744,0.38800042,0.42237563,0.07527413,1.08889704,-0.16948184,0.19113449,-0.21881865,-0.05532702,-0.21161782,-0.24465300,-0.10066374,-0.35858897,0.93504036,0.27919415,0.20967524,0.15903714,0.07108470,-0.09690937,0.18053983,0.15008702,0.23477807,0.93504036,1.18178971,1.36929543,1.46297386,0.27919415,0.48616766,0.59268701,0.20967524,0.33742764,0.15903714,1.10975656,0.38814844,0.28298460,0.33343431,0.38129561
779,0.07283936,0.18231406,0.19690670,0.28096556,0.36865185,0.00549473,1.05664149,-0.24212659,0.25678492,-0.30084100,-0.02184206,-0.30348246,-0.23343314,-0.20645629,-0.40220850,0.84259020,0.30764470,0.22633319,0.19470199,0.08698062,-0.06602684,0.17710214,0.15453437,0.23504476,0.84259020,1.12136737,1.33051993,1.47795055,0.30764470,0.53178774,0.68956338,0.22633319,0.40068066,0.19470199,1.07301200,0.45102815,0.34350464,0.39199135,0.45929028
780,0.07443206,0.27336773,0.24347029,0.28210452,0.33701950,0.01568402,0.91608557,-0.24593213,0.30160454,-0.29326927,0.05091538,-0.30206326,-0.17406160,-0.17965433,-0.35126769,0.67677843,0.28058455,0.23749316,0.21564421,0.08991994,-0.05125144,0.16552619,0.14703490,0.22140050,0.67677843,0.91870793,1.13852749,1.28573185,0.28058455,0.51615407,0.68695687,0.23749316,0.42675321,0.21564421,0.92848006,0.46798561,0.33028080,0.35511098,0.39860638
781,0.05641038,0.24329039,0.22907833,0.24867543,0.24902150,-0.02438646,1.25213911,-0.29907687,0.33073263,-0.34764682,0.07999286,-0.34498228,-0.14961342,-0.22906768,-0.30352420,0.96616906,0.28869928,0.24451778,0.19287452,0.08187774,-0.06988706,0.16735766,0.14707882,0.22280207,0.96616906,1.21654718,1.44324723,1.57463706,0.28869928,0.52975875,0.67740102,0.24451778,0.41200597,0.19287452,1.26645262,0.52832373,0.38650623,0.38155697,0.38436466
782,0.05531376,0.17718884,0.16713780,0.19798669,0.19436312,0.01007929,1.33844702,-0.32083636,0.25029381,-0.37434577,0.02925657,-0.37610479,-0.18169763,-0.26133806,-0.32640831,1.14511050,0.27528261,0.23387852,0.18485805,0.08434416,-0.10916225,0.17479636,0.15141458,0.23125774,1.14511050,1.36464286,1.57325156,1.69189778,0.27528261,0.50522066,0.63696650,0.23387852,0.38869733,0.18485805,1.34995875,0.51073650,0.40566802,0.42099071,0.42053571
783,0.05384032,0.18505189,0.19054858,0.20741974,0.18009903,0.03977229,1.46555640,-0.33605189,0.25643284,-0.37893916,0.02789735,-0.37086042,-0.16990334,-0.26185444,-0.29645065,1.27384216,0.27661860,0.22347353,0.17033605,0.06613433,-0.10929415,0.17775727,0.14931331,0.23214675,1.27384216,1.49742790,1.69007561,1.79371112,0.27661860,0.49723682,0.62731629,0.22347353,0.37109488,0.17033605,1.47677818,0.52823306,0.41501813,0.41280181,0.39666081
784,0.04922645,0.18650933,0.16777407,0.16440377,0.12699350,0.07481695,1.51496299,-0.33081405,0.31893455,-0.40024779,0.08147256,-0.39285423,-0.12304343,-0.29526382,-0.24881397,1.27250799,0.28539496,0.22836197,0.16565662,0.06350500,-0.13066034,0.18040055,0.15092078,0.23520511,1.27250799,1.51021947,1.70572574,1.80713589,0.28539496,0.50846326,0.63825540,0.22836197,0.37651772,0.16565662,1.52541942,0.55858748,0.44449127,0.41826832,0.38714627
785,0.04883954,0.19754713,0.19484816,0.19046082,0.15146883,0.06023358,1.50632585,-0.35941967,0.33684963,-0.36175624,0.09583770,-0.36460163,-0.10594244,-0.29301334,-0.27793630,1.25114097,0.27318993,0.21925381,0.19186748,0.08581667,-0.12233395,0.18379592,0.14686228,0.23526468,1.25114097,1.47237413,1.66866590,1.82242309,0.27318993,0.49196697,0.67088869,0.21925381,0.40218980,0.19186748,1.51470801,0.57374199,0.40921757,0.38798189,0.40528576
786,0.04743232,0.19226973,0.18636108,0.18634519,0.14806133,0.05798860,1.50173795,-0.35008037,0.32920135,-0.37098727,0.07741229,-0.36670798,-0.12959549,-0.28890519,-0.28959375,1.25096752,0.28724383,0.22594046,0.18583280,0.07713653,-0.14084069,0.18451954,0.14726301,0.23608019,1.25096752,1.48761795,1.68731552,1.82904483,0.28724383,0.51219176,0.68226000,0.22594046,0.40273935,0.18583280,1.51104805,0.57219284,0.41699279,0.39779958,0.41014768
787,0.04825626,0.21161892,0.21479216,0.21544969,0.16270753,0.07857552,1.52698164,-0.35706783,0.33430054,-0.36731040,0.10796084,-0.36180603,-0.11201829,-0.29793492,-0.26122271,1.27924434,0.25790455,0.23656999,0.17182061,0.07905717,-0.14601780,0.18538573,0.14581693,0.23586107,1.27924434,1.48777675,1.69800757,1.83077555,0.25790455,0.49330566,0.65509387,0.23656999,0.40203470,0.17182061,1.53557888,0.57250899,0.42065867,0.38871358,0.39744981
788,0.04463772,0.24275937,0.24224986,0.25598584,0.20410219,0.02305673,1.56022129,-0.35510548,0.37156374,-0.36763881,0.12592874,-0.35556864,-0.10732033,-0.31964461,-0.27410371,1.25663447,0.27070557,0.24756828,0.17584502,0.11400603,-0.17473664,0.18338653,0.14732607,0.23523518,1.25663447,1.48707149,1.71052172,1.86801647,0.27070557,0.51713050,0.68896922,0.24756828,0.42175370,0.17584502,1.56705194,0.59345406,0.42980196,0.38503616,0.42517962
789,0.04997698,0.24426673,0.25766384,0.24411509,0.15826999,0.04015314,1.59659633,-0.41583493,0.37551723,-0.41997162,0.10093962,-0.39397455,-0.08866865,-0.34224745,-0.24268737,1.31304113,0.30835325,0.21293062,0.17289265,0.08314673,-0.20110617,0.17900717,0.14475517,0.23021214,1.31304113,1.56493965,1.74190310,1.88340403,0.30835325,0.52010901,0.68794677,0.21293062,0.38387830,0.17289265,1.60944752,0.66461019,0.48346751,0.42239727,0.42452635
790,0.05814396,0.23109249,0.23842308,0.21777352,0.13669751,0.05760892,1.58633685,-0.42608444,0.37501561,-0.42368678,0.15183301,-0.40645434,-0.02933154,-0.35928030,-0.19443952,1.31334301,0.26812916,0.20162048,0.17765915,0.07519965,-0.25114606,0.17979679,0.13695124,0.22601445,1.31334301,1.51310033,1.68297856,1.83334763,0.26812916,0.46827840,0.63849377,0.20162048,0.37626258,0.17765915,1.59920434,0.66566898,0.49217005,0.42272111,0.41394627
791,0.03779553,0.33620734,0.37442693,0.38629657,0.16867798,0.00571925,1.61246197,-0.32005876,0.53102892,-0.37792996,0.27995173,-0.40291480,0.03475773,-0.41343393,-0.16685363,1.13421310,0.27672950,0.25428002,0.20216503,0.12680194,-0.33809257,0.17614855,0.12699685,0.21715550,1.13421310,1.38664322,1.63085159,1.82936491,0.27672950,0.52904207,0.72531511,0.25428002,0.45414975,0.20216503,1.61964998,0.67090478,0.49531297,0.41491740,0.45333980
792,0.04549504,0.37035594,0.44428069,0.46953594,0.23154498,-0.05335116,1.64513541,-0.32716350,0.52175023,-0.37212717,0.28222387,-0.40709760,0.04461117,-0.43956777,-0.15022492,1.15967143,0.25937835,0.25146537,0.19795695,0.12839039,-0.36063926,0.17604205,0.12520688,0.21602677,1.15967143,1.39969498,1.64084634,1.83746081,0.25937835,0.51060428,0.69767110,0.25146537,0.44196380,0.19795695,1.65422033,0.66594400,0.49521147,0.41933412,0.47585941
793,0.04693557,0.39588094,0.48101121,0.47044050,0.25440347,-0.04181129,1.65758371,-0.32345317,0.49948853,-0.32580584,0.25916350,-0.36192052,0.04304901,-0.38926851,-0.15939435,1.19489386,0.26183841,0.24125786,0.20871811,0.11308364,-0.54041058,0.17677398,0.11687129,0.21191493,1.19489386,1.42708825,1.65030565,1.85149713,0.26183841,0.50179155,0.68171053,0.24125786,0.42731963,0.20871811,1.66913914,0.65629484,0.45077893,0.37149674,0.43599767
794,0.04182055,0.40619096,0.53964810,0.47293077,0.34439740,-0.05178149,1.66243643,-0.28157054,0.55316169,-0.27762280,0.30107221,-0.33095743,0.05417707,-0.36650837,-0.17148455,1.13520395,0.27403639,0.27661929,0.23768130,0.11450162,-0.54490757,0.17430417,0.11489950,0.20876742,1.13520395,1.38038708,1.63888963,1.86249683,0.27403639,0.54762315,0.74579344,0.27661929,0.48314991,0.23768130,1.67626776,0.68176114,0.44521063,0.34101945,0.42424583
795,0.04409419,0.43079645,0.53220827,0.47910771,0.40060940,-0.06881647,1.64756122,-0.24627629,0.57389386,-0.26423173,0.31567302,-0.32191789,0.04038356,-0.36465835,-0.16737786,1.09071267,0.28400595,0.30879539,0.23036020,0.15970379,-0.57504795,0.17555637,0.11228680,0.20839473,1.09071267,1.34684647,1.63592884,1.84067458,0.28400595,0.59164706,0.76639177,0.30879539,0.49480970,0.23036020,1.66128077,0.68242491,0.44103763,0.32590098,0.41898984
796,0.04328338,0.44813633,0.52021102,0.46589280,0.39503595,-0.05291621,1.66409085,-0.24182606,0.57223807,-0.24520558,0.29641102,-0.30161373,0.02536132,-0.33490584,-0.18993744,1.11059128,0.31134030,0.31567206,0.24576399,0.14010848,-0.69205670,0.17633055,0.11582877,0.21097100,1.11059128,1.38288577,1.67220098,1.87843174,0.31134030,0.62472014,0.78917587,0.31567206,0.49600207,0.24576399,1.67984624,0.68904540,0.41426053,0.30268508,0.40205456
797,0.04271372,0.43994474,0.51884338,0.46738275,0.41225653,-0.05124036,1.64996792,-0.24164208,0.57138395,-0.23457722,0.29137202,-0.30192732,0.01511050,-0.33418762,-0.22224908,1.09775898,0.32085460,0.32156363,0.26934775,0.13064371,-0.68047253,0.17526574,0.11342595,0.20876668,1.09775898,1.37338923,1.67024594,1.89663933,0.32085460,0.63805159,0.81980976,0.32156363,0.52388714,0.26934775,1.66743494,0.69317142,0.40403987,0.30231609,0.42057429
798,0.03555135,0.49675671,0.49707457,0.45845697,0.43650304,-0.04905548,1.69840348,-0.22625007,0.58006490,-0.22372104,0.28459467,-0.28238459,-0.00015586,-0.33933221,-0.22033275,1.13232064,0.35508899,0.32456711,0.28417483,0.18534331,-0.88737295,0.17538260,0.12276078,0.21407771,1.13232064,1.43697472,1.74650981,1.94735255,0.35508899,0.67545108,0.82619798,0.32456711,0.51865126,0.28417483,1.72462783,0.69287403,0.37750280,0.28482747,0.42594301
799,0.03970621,0.47225999,0.50722643,0.46011705,0.42584668,-0.03900249,1.75301349,-0.23828112,0.58946067,-0.23604956,0.29383280,-0.29565759,0.01438718,-0.34733802,-0.21988576,1.18094467,0.35140549,0.32297713,0.28642128,0.18744324,-0.82826894,0.17522355,0.12064949,0.21274302,1.18094467,1.48080931,1.78423948,2.00258357,0.35140549,0.67079241,0.83714616,0.32297713,0.52566784,0.28642128,1.77760313,0.71389485,0.40025123,0.29643257,0.43446676
800,0.03725821,0.47227563,0.49479181,0.45404489,0.45486811,-0.06030631,1.72126643,-0.23441321,0.56481204,-0.23279902,0.28285865,-0.27717162,-0.01488542,-0.31830825,-0.24015585,1.17018555,0.34782624,0.34014264,0.29904565,0.23345953,-0.94583708,0.17880248,0.12098712,0.21588935,1.17018555,1.45788216,1.77895542,1.98253749,0.34782624,0.68479371,0.82692851,0.34014264,0.53104611,0.29904565,1.74291245,0.68450109,0.38077850,0.28286917,0.42189269
801,0.03202893,0.46982985,0.48945070,0.45034942,0.45730133,-0.06612472,1.70186666,-0.22877429,0.57063212,-0.23472407,0.28311542,-0.27791867,-0.01656890,-0.31734346,-0.23401762,1.14297084,0.35900559,0.34077528,0.29192427,0.19851393,-0.89771660,0.18143533,0.12203650,0.21865884,1.14297084,1.44260159,1.76764050,1.95909209,0.35900559,0.69646539,0.82939627,0.34077528,0.52481793,0.29192427,1.72792064,0.68712177,0.37909101,0.28576096,0.41404760
802,0.04428765,0.41166633,0.50361367,0.48812182,0.46473384,-0.08513595,1.61564396,-0.20570326,0.57111620,-0.19392630,0.29317094,-0.25008984,-0.01721551,-0.28869815,-0.24962860,1.05740683,0.32326184,0.35512684,0.25655174,0.13785881,-0.68893672,0.18880144,0.10192646,0.21455765,1.05740683,1.32798552,1.65530270,1.87982491,0.32326184,0.67494892,0.85539380,0.35512684,0.55444458,0.25655174,1.63556331,0.70159478,0.39821807,0.25182598,0.40176945
803,0.05205255,0.40559803,0.44287856,0.51408326,0.49101855,-0.07729607,1.58460968,-0.21178092,0.59384610,-0.18888251,0.27610180,-0.24767372,-0.03049149,-0.30394967,-0.27965473,1.00274178,0.34310652,0.33672072,0.26024696,0.07895642,-0.45752078,0.19084577,0.11062854,0.22059189,1.00274178,1.31425930,1.63373481,1.88232973,0.34310652,0.67483836,0.90168913,0.33672072,0.57266323,0.26024696,1.60558731,0.70839499,0.38749666,0.25900581,0.42987355
804,0.06944783,0.40456823,0.47287578,0.49709891,0.51573530,-0.07417347,1.54312108,-0.23852910,0.57234184,-0.19639959,0.27815782,-0.26067924,-0.03453449,-0.30227662,-0.29794677,0.99229482,0.32510843,0.33546258,0.27780807,0.07400206,-0.38289834,0.19394727,0.10804655,0.22201262,0.99229482,1.27088254,1.59255089,1.85545021,0.32510843,0.65112995,0.88664077,0.33546258,0.58629618,0.27780807,1.55234990,0.67840925,0.36948563,0.26603519,0.44058604
805,0.06947295,0.42222421,0.48763146,0.49240450,0.48840929,-0.02553762,1.66200468,-0.20701396,0.58487479,-0.18352139,0.32596593,-0.24412654,0.01082226,-0.29187934,-0.26272581,1.09682028,0.29525937,0.34299949,0.29378030,0.08971731,-0.42372153,0.18209712,0.11341806,0.21452976,1.09682028,1.34595984,1.67341836,1.94418447,0.29525937,0.63171333,0.86769927,0.34299949,0.59911024,0.29378030,1.67368827,0.68704202,0.40497318,0.24672911,0.41365525
806,0.05722346,0.43753077,0.52776566,0.49259638,0.48839090,0.00212334,1.66889749,-0.21444778,0.59369909,-0.20218721,0.32361653,-0.26388281,0.02784352,-0.34284624,-0.22869568,1.09935798,0.29988626,0.32718050,0.28460891,0.11609635,-0.48812429,0.18108447,0.11900631,0.21668892,1.09935798,1.36180611,1.67221487,1.93059381,0.29988626,0.62274422,0.84772160,0.32718050,0.57077923,0.28460891,1.68334461,0.69682046,0.41587294,0.26831920,0.43350011
807,0.05438536,0.44260801,0.52282301,0.49044062,0.50351014,0.01691178,1.67762135,-0.20244547,0.60943169,-0.18603627,0.32844808,-0.26691627,0.03443753,-0.35507213,-0.21934839,1.09327560,0.31042684,0.32787447,0.28764507,0.12694691,-0.50568514,0.18233785,0.11488413,0.21551208,1.09327560,1.36537335,1.67649674,1.93438362,0.31042684,0.63086371,0.85572808,0.32787447,0.57355753,0.28764507,1.68846562,0.69602529,0.40174057,0.26966603,0.43420923
808,0.05727548,0.42606089,0.48551025,0.50102826,0.51809829,0.03061592,1.70755776,-0.23138832,0.58925382,-0.21355614,0.30502245,-0.27623274,0.03491105,-0.37623269,-0.22784880,1.15058866,0.30915705,0.29517833,0.28946185,0.12425989,-0.38967681,0.18000880,0.11770474,0.21507575,1.15058866,1.42459677,1.70748671,1.97952236,0.30915705,0.59864077,0.84375849,0.29517833,0.55808569,0.28946185,1.72020841,0.68974221,0.40276068,0.28330464,0.45624466
809,0.07555656,0.43635280,0.47435456,0.50922183,0.49977244,0.06263390,1.73211090,-0.22188450,0.60694859,-0.24543270,0.30748205,-0.29808451,0.06038922,-0.42061334,-0.18506514,1.16254696,0.31414436,0.26210176,0.27676236,0.10226482,-0.31781625,0.17992682,0.13245892,0.22342566,1.16254696,1.45775953,1.71278237,1.97797922,0.31414436,0.57505433,0.82610271,0.26210176,0.52382764,0.27676236,1.74182559,0.68947818,0.42048197,0.31413574,0.47373866
810,0.05098177,0.45549850,0.49597405,0.48388821,0.35238402,0.07081618,1.73796084,-0.20724583,0.65809820,-0.24828173,0.33160858,-0.31781511,0.10945968,-0.44194677,-0.08082069,1.11706665,0.35468249,0.25304940,0.24083627,0.15678629,-0.48933759,0.17839571,0.12799435,0.21956226,1.11706665,1.44360463,1.68235717,1.89160172,0.35468249,0.60569892,0.78999688,0.25304940,0.45604549,0.24083627,1.75066679,0.73900153,0.43488781,0.33776428,0.46327758
811,0.05605696,0.38869250,0.43635892,0.48906883,0.27125909,0.13913201,1.67319956,-0.28433307,0.69683328,-0.33634093,0.39169292,-0.39305848,0.20066832,-0.45929938,-0.01408682,1.06715984,0.33112618,0.21726710,0.22547120,0.15199902,-0.33726474,0.17872445,0.12882249,0.22031265,1.06715984,1.36741932,1.57075961,1.79347273,0.33112618,0.54744224,0.75539923,0.21726710,0.42948704,0.22547120,1.69106453,0.80325142,0.54143346,0.44790248,0.46916534
812,0.05042202,0.36467747,0.42074116,0.47693614,0.31179916,0.20140992,1.60081370,-0.26317463,0.65051374,-0.31163650,0.38552761,-0.37698892,0.17175476,-0.40590573,-0.05572404,1.06210911,0.28694691,0.23256863,0.23051622,0.15113486,-0.33950819,0.18205899,0.13346986,0.22574251,1.06210911,1.31914615,1.54314032,1.76489709,0.28694691,0.51840387,0.73389138,0.23256863,0.45303365,0.23051622,1.62207283,0.74937252,0.52217637,0.42614507,0.42790819
813,0.06066519,0.33178310,0.36802775,0.38187434,0.11901802,0.28683169,1.59574001,-0.26520715,0.64529188,-0.30785749,0.40289912,-0.37465623,0.20279671,-0.39546195,0.00894714,1.10659686,0.27577687,0.22027972,0.19512983,0.14093431,-0.23030627,0.17927616,0.14869756,0.23291824,1.10659686,1.33286893,1.54317899,1.72858503,0.27577687,0.49300904,0.67843501,0.22027972,0.40985508,0.19512983,1.63102340,0.76181901,0.53858501,0.44210674,0.41060049
814,0.07245468,0.33387662,0.38981161,0.45697591,0.25094310,0.29441637,1.58077884,-0.25983917,0.59015158,-0.29638715,0.32673784,-0.33534054,0.10359359,-0.38283671,-0.11119067,1.14076433,0.29393480,0.23841754,0.22057824,0.11755824,-0.15364603,0.18047544,0.15423248,0.23740059,1.14076433,1.38629469,1.60814829,1.82537465,0.29393480,0.53129177,0.74405987,0.23841754,0.45550255,0.22057824,1.62072512,0.71815029,0.48068801,0.36982615,0.41106450
815,0.07563478,0.30874463,0.34188634,0.37401023,0.20397875,0.33209526,1.60052566,-0.30833477,0.59517366,-0.34836676,0.31001912,-0.37059731,0.08210801,-0.36392017,-0.13804480,1.19901954,0.31809348,0.24152806,0.22293334,0.10406992,-0.13841580,0.17893755,0.15616593,0.23750041,1.19901954,1.45892699,1.67516324,1.87636334,0.31809348,0.55860456,0.77551293,0.24152806,0.46193249,0.22293334,1.64775668,0.75031992,0.50820917,0.39970003,0.39966096
816,0.07079861,0.26985910,0.30417388,0.33428876,0.18537089,0.30864797,1.55321936,-0.29908516,0.59793716,-0.36442215,0.31345935,-0.38924930,0.06889812,-0.35104463,-0.10433845,1.14033737,0.32209304,0.25847053,0.18292745,0.09430884,-0.14954542,0.18973879,0.15721596,0.24640955,1.14033737,1.41068365,1.64216279,1.78837063,0.32209304,0.57852965,0.75090215,0.25847053,0.43616098,0.18292745,1.59917236,0.75866418,0.52964603,0.42021002,0.37908153
817,0.06924545,0.25479789,0.27933145,0.29025190,0.14810501,0.36321915,1.59270741,-0.30938385,0.66713909,-0.38739450,0.35749949,-0.41277944,0.11669860,-0.35076541,-0.05029146,1.15234482,0.34513798,0.25866595,0.18978633,0.08883513,-0.12995280,0.18690096,0.16242142,0.24761398,1.15234482,1.44540589,1.66971873,1.79771850,0.34513798,0.60245188,0.77398225,0.25866595,0.43831103,0.18978633,1.65132898,0.82709747,0.58237911,0.45663990,0.36587362
818,0.07502721,0.22741561,0.23052133,0.23768902,0.16545760,0.43520385,1.51503511,-0.31362015,0.67239075,-0.37272530,0.43379376,-0.40842082,0.17592264,-0.38934148,-0.04702943,1.14064851,0.29339464,0.28307920,0.23187235,0.10317616,-0.10104407,0.18757364,0.17560877,0.25694807,1.14064851,1.34982391,1.58568480,1.77339052,0.29339464,0.57367957,0.79599966,0.28307920,0.51091687,0.23187235,1.59273593,0.84395897,0.62104318,0.46355666,0.39838824
819,0.06176889,0.31611470,0.31606952,0.32065641,0.15548242,0.52895220,1.31630607,-0.06230516,0.79355353,-0.21757441,0.55086135,-0.32071067,0.31048232,-0.35524077,0.10925532,0.80941010,0.29608149,0.26969385,0.20420959,0.22668824,-0.05589191,0.16553684,0.19763812,0.25780472,0.80941010,1.07500230,1.31746066,1.49708262,0.29608149,0.56397550,0.75559738,0.26969385,0.46664751,0.20420959,1.42298834,0.84760365,0.63286573,0.47328876,0.40520577
820,0.09761406,0.41487343,0.49702210,0.48721057,0.45239524,-0.50108071,0.04039588,-0.37944536,0.34417003,-0.20383776,0.41786522,-0.08106849,0.50670804,0.04117679,0.64365438,0.32874201,0.24766043,0.23642703,0.18791429,-0.53285445,0.27777018,0.18154186,0.23177447,0.29440933,0.32874201,0.49689053,0.69918106,0.85429085,0.24766043,0.48053062,0.59698485,0.23642703,0.36191100,0.18791429,0.70283971,0.73193216,0.59074928,0.54479872,0.68248125
821,0.08529829,0.02620572,0.04289613,0.05672172,0.06035559,-1.07479187,0.75591105,-0.68420219,1.87258763,-0.31263515,2.22425488,0.10018505,2.11410709,0.39890553,1.85515157,1.19662800,0.54583368,0.46116070,0.42301676,-0.88286875,0.38982604,0.12373789,0.13085904,0.18009762,1.19662800,1.65439487,1.80528713,1.86866110,0.54583368,0.89774849,1.19914311,0.46116070,0.86459908,0.42301676,1.39255181,2.09420826,2.29091378,2.13456507,1.90178452
822,0.12448688,0.45822094,0.53799621,0.50391633,0.50456347,0.06412428,0.48099025,0.38031287,0.67331038,0.37314157,0.71989474,0.34381910,0.70483641,0.33385332,0.68398869,0.38713997,0.12230486,0.05026091,0.03546569,-0.80828423,1.11987523,0.01808930,0.16713712,0.16811317,0.38713997,0.39059910,0.36016223,0.33773836,0.12230486,0.15832362,0.13274999,0.05026091,0.05435652,0.03546569,0.52215127,0.83180736,0.83364585,0.79952263,0.78270623
823,0.07600661,0.32431145,0.42485857,0.52657219,0.53047363,-0.22032736,0.99791720,-0.04216072,0.65342003,0.15937036,0.47409442,0.26102676,0.21020350,0.41834090,0.11766996,0.44898358,0.34266195,0.33371617,0.18252348,-0.31418030,-0.25443719,0.12012378,0.16405755,0.20333372,0.44898358,0.64713427,0.93729915,1.09926073,0.34266195,0.66278026,0.80519441,0.33371617,0.47406839,0.18252348,1.08979068,0.89128569,0.63634016,0.39883635,0.48635350
824,0.04554164,0.41032597,0.45066605,0.53167788,0.49989289,-0.61559747,1.21570545,-0.18426306,0.45725536,-0.06387258,0.10942039,0.02449818,-0.16205270,0.18884027,-0.38892933,0.88589631,0.38506628,0.31853142,0.28099016,-0.13695549,-0.23462569,0.15094139,0.14599983,0.20999822,0.88589631,1.23688584,1.52254548,1.79673383,0.38506628,0.70130407,0.95359047,0.31853142,0.57139625,0.28099016,1.37959040,0.61560146,0.28526110,0.19982421,0.45326346
825,0.04887251,0.37740917,0.43859323,0.49602862,0.59906894,-0.60653902,1.17453943,-0.19354517,0.30240002,-0.10120117,0.04688524,0.01614668,-0.17438564,0.12952688,-0.48594456,0.96612248,0.27219251,0.27007836,0.33186189,-0.14937484,-0.24428317,0.17185906,0.12962816,0.21526495,0.96612248,1.23607984,1.48739040,1.81718533,0.27219251,0.53396847,0.85819813,0.27007836,0.58706527,0.33186189,1.32712011,0.39490827,0.18525776,0.18129528,0.50663341
826,0.04891310,0.40768446,0.38645599,0.32962130,0.33015574,-0.46728395,1.36083982,-0.00039345,0.49281887,0.10052196,0.28480880,0.20983089,0.08269130,0.28714867,-0.24265382,0.98705642,0.23192495,0.25479262,0.33509512,-0.09695361,-0.20313458,0.16985499,0.15515754,0.23005343,0.98705642,1.21715328,1.44838050,1.77292095,0.23192495,0.47843252,0.79689604,0.25479262,0.56647885,0.33509512,1.44755882,0.53645711,0.35873583,0.24049259,0.39032335
827,0.03983470,0.20201671,0.08564246,0.18328279,0.20506787,-0.35471769,1.43026641,0.13526682,0.54303613,0.25284204,0.35289531,0.34045697,0.14400493,0.34006432,-0.21407044,1.01472935,0.23414248,0.25021214,0.35824366,-0.06721745,-0.24091198,0.17229474,0.14998968,0.22843463,1.01472935,1.23704359,1.46758446,1.79040096,0.23414248,0.48193768,0.80626770,0.25021214,0.58549559,0.35824366,1.49404426,0.63283706,0.48936084,0.38851925,0.41625109
828,0.03845640,0.24200041,0.13394398,0.19585880,0.21679394,-0.30643274,1.46240664,0.15435131,0.51043997,0.26821235,0.30282265,0.33291412,0.10248877,0.31687710,-0.23523969,1.05869486,0.24186483,0.22715003,0.33831743,-0.07774832,-0.26793115,0.16922833,0.13486129,0.21639269,1.05869486,1.29416175,1.50522326,1.81115418,0.24186483,0.46521444,0.77711362,0.22715003,0.54892916,0.33831743,1.50864156,0.59159698,0.45434788,0.36893355,0.40960883
829,0.03664420,0.15201034,0.04786556,0.16354059,0.18877647,-0.28563748,1.43119734,0.18945815,0.48037828,0.31843100,0.28809869,0.36301400,0.08799889,0.34479757,-0.23313271,1.06436261,0.23787327,0.22933540,0.32212255,-0.05582509,-0.26674070,0.16918666,0.13306651,0.21524596,1.06436261,1.29289380,1.49508571,1.78371968,0.23787327,0.45699950,0.75086698,0.22933540,0.53557831,0.32212255,1.47599800,0.58562034,0.48324236,0.39197776,0.42838112
830,0.03829031,0.12332425,0.06955018,0.17486158,0.20124552,-0.25722144,1.41385043,0.22575590,0.44792795,0.33526820,0.25373809,0.35607925,0.05511272,0.34230953,-0.21256242,1.08105123,0.23184637,0.22300525,0.26887291,-0.04223114,-0.26453751,0.17122083,0.13108951,0.21564098,1.08105123,1.30273548,1.49508461,1.73865748,0.23184637,0.44476297,0.69551764,0.22300525,0.48167330,0.26887291,1.45644600,0.57732272,0.47555664,0.38072082,0.41556690
831,0.03890819,0.12923964,0.06409112,0.19275341,0.22994748,-0.19431602,1.49252823,0.24090679,0.44384291,0.34842775,0.24801491,0.37663049,0.04617049,0.33575903,-0.26307045,1.13731720,0.22826776,0.24164574,0.31198815,-0.04205128,-0.38580148,0.16693808,0.13052564,0.21190863,1.13731720,1.35784492,1.55891888,1.83760001,0.22826776,0.45583722,0.73628011,0.24164574,0.52898271,0.31198815,1.52872006,0.60511418,0.51477295,0.41051799,0.45236567
832,0.04365984,0.06104056,0.06561576,0.16436325,0.20258873,-0.11839660,1.56113003,0.32116635,0.42811678,0.41429902,0.20670865,0.44150237,0.03599953,0.37517099,-0.25640879,1.21621481,0.25558671,0.21175463,0.30142888,-0.01889767,-0.32459766,0.16514807,0.12569943,0.20754333,1.21621481,1.45596017,1.63274159,1.89324809,0.25558671,0.46064087,0.72757989,0.21175463,0.48937788,0.30142888,1.59565400,0.64252462,0.53506843,0.46637216,0.46873525
833,0.04946998,0.05979760,0.04372996,0.15772404,0.22324717,-0.04388781,1.60157024,0.33793671,0.39500647,0.40545011,0.18040976,0.43480358,-0.02161237,0.30848917,-0.36465060,1.26564765,0.23829393,0.22676454,0.36879476,-0.00876719,-0.30345347,0.16601232,0.12122198,0.20555987,1.26564765,1.49178887,1.69990328,2.00849371,0.23829393,0.46302465,0.79313217,0.22676454,0.57293102,0.36879476,1.63181880,0.61376855,0.50824339,0.46013532,0.48803912
834,0.04529879,0.10668376,0.08484328,0.14997991,0.20749994,0.03744827,1.62986101,0.29983533,0.36513105,0.37422426,0.14659614,0.38021894,-0.05199482,0.27038983,-0.37032680,1.29166173,0.24168122,0.22398075,0.33748106,-0.00349084,-0.34692901,0.17319570,0.12328683,0.21259443,1.29166173,1.52264794,1.72521278,2.02323496,0.24168122,0.45941658,0.76201060,0.22398075,0.54201912,0.33748106,1.65844754,0.56256960,0.46499215,0.40531949,0.47111960
835,0.04110872,0.09793519,0.09193344,0.12918270,0.19723872,0.09012544,1.62159416,0.34049760,0.32488373,0.40575463,0.11521641,0.39849156,-0.08013370,0.24559273,-0.40609117,1.32066954,0.23041797,0.22095159,0.36143740,-0.00002656,-0.33825006,0.17344499,0.12218813,0.21216292,1.32066954,1.54045809,1.73757311,2.04341807,0.23041797,0.44413924,0.76497430,0.22095159,0.56176247,0.36143740,1.65314284,0.56543547,0.48708802,0.43010665,0.48689854
836,0.03576975,0.09518561,0.11551303,0.13427356,0.17238777,0.11792582,1.64242141,0.33663178,0.30570414,0.38854400,0.07840033,0.37807862,-0.12581710,0.24726158,-0.40779214,1.35451874,0.24258449,0.22951322,0.31249705,-0.00160189,-0.31861300,0.17306652,0.11794354,0.20943423,1.35451874,1.58832992,1.79464521,2.06348645,0.24258449,0.46608553,0.74726067,0.22951322,0.52433904,0.31249705,1.67252104,0.54573071,0.46068209,0.41930333,0.48695078
837,0.03482045,0.10744043,0.11697202,0.13297538,0.17013037,0.14305293,1.63198779,0.33537498,0.32375972,0.38139182,0.08661162,0.37083999,-0.12790368,0.24944691,-0.39825883,1.32235741,0.25377825,0.23824508,0.29990242,-0.03344097,-0.23702601,0.17018538,0.12016684,0.20833419,1.32235741,1.56496957,1.78245296,2.04420199,0.25377825,0.48782491,0.76167773,0.23824508,0.52415175,0.29990242,1.66443596,0.55846480,0.45361229,0.41222327,0.47680917
838,0.03901955,0.13615113,0.14122123,0.15954138,0.18910622,0.12743045,1.61118923,0.34140353,0.29229383,0.37869753,0.08032605,0.34474864,-0.13183049,0.21647922,-0.36864060,1.33649083,0.22728695,0.23890944,0.27407897,-0.03198869,-0.23822641,0.17241141,0.11997412,0.21004638,1.33649083,1.55192712,1.76264760,1.99167503,0.22728695,0.45979551,0.71035735,0.23890944,0.50201184,0.27407897,1.63981139,0.54472058,0.45272088,0.39140029,0.43481042
839,0.03585402,0.12598541,0.13312763,0.14816070,0.18819340,0.13046818,1.64517591,0.34981299,0.29797776,0.39816852,0.08402670,0.36599145,-0.12647813,0.21444616,-0.38739158,1.36535174,0.23360997,0.23868320,0.30687000,-0.03436391,-0.22433311,0.17299887,0.12216463,0.21178481,1.36535174,1.58462498,1.79391139,2.04516164,0.23360997,0.46458242,0.74002864,0.23868320,0.53178582,0.30687000,1.67645947,0.56480276,0.47656199,0.41183232,0.45073719
840,0.03305456,0.13693721,0.14424981,0.15466362,0.19384396,0.11477115,1.65113729,0.35925926,0.28953068,0.40422622,0.07850152,0.37996382,-0.12930077,0.22207184,-0.38724122,1.38389539,0.23096250,0.23828320,0.30705832,-0.04278600,-0.19599312,0.17225409,0.12437697,0.21246436,1.38389539,1.59967715,1.80706800,2.05216896,0.23096250,0.46307607,0.73425020,0.23828320,0.52729838,0.30705832,1.68131153,0.56918424,0.48218912,0.42404567,0.45418039
841,0.03109832,0.14360066,0.16430858,0.17200654,0.18438424,0.10742716,1.64978474,0.35713951,0.30875848,0.39318621,0.08877128,0.37958714,-0.11543437,0.26710316,-0.35194855,1.36463859,0.24069631,0.23740153,0.26617665,-0.04703683,-0.17305844,0.17239641,0.12844823,0.21498714,1.36463859,1.58779389,1.79433593,2.02005132,0.24069631,0.47434437,0.71520697,0.23740153,0.48815865,0.26617665,1.68135821,0.58480006,0.47662014,0.41877985,0.45021779
842,0.02935733,0.15044550,0.16425602,0.17701563,0.19864156,0.09278141,1.65196408,0.35345215,0.32949257,0.39528539,0.10183693,0.37939009,-0.10816044,0.25609516,-0.35954282,1.34825574,0.24478983,0.24535207,0.28396136,-0.05485904,-0.16926124,0.17207211,0.12824818,0.21460756,1.34825574,1.58014127,1.79190342,2.03036891,0.24478983,0.48420879,0.74039532,0.24535207,0.51209798,0.28396136,1.68362362,0.59179970,0.48504536,0.41733172,0.45026881
843,0.03220543,0.15199584,0.15116271,0.16614230,0.17064687,0.09462134,1.62793136,0.36450492,0.29623455,0.41394935,0.07970836,0.39850338,-0.12039645,0.28900740,-0.35092971,1.35951536,0.24058753,0.23147682,0.25877437,-0.05132498,-0.16002311,0.16911302,0.12750260,0.21179265,1.35951536,1.58152340,1.78199089,1.99898157,0.24058753,0.46682498,0.69807982,0.23147682,0.47545246,0.25877437,1.65801822,0.58272438,0.49133917,0.43827953,0.46429506
844,0.03110809,0.14864664,0.13736568,0.14539989,0.14718783,0.07888782,1.62010494,0.35149994,0.32184650,0.41217980,0.09593514,0.40510771,-0.09999974,0.30856866,-0.31719516,1.32716287,0.24850624,0.22415036,0.24091671,-0.04764635,-0.13852792,0.16825975,0.12975221,0.21247819,1.32716287,1.56081319,1.75743115,1.96031811,0.24850624,0.46679320,0.68115978,0.22415036,0.45089773,0.24091671,1.64615783,0.57430537,0.48482743,0.43643572,0.45130368
845,0.03369208,0.13654782,0.12715535,0.14642114,0.15890701,0.05375149,1.61100662,0.32266272,0.33450825,0.38996953,0.11030758,0.38215305,-0.09584185,0.27428867,-0.32249335,1.30503379,0.24895056,0.23491255,0.25661522,-0.05413737,-0.12507924,0.16937784,0.12939430,0.21314722,1.30503379,1.53864915,1.74553296,1.95773247,0.24895056,0.47706189,0.70477886,0.23491255,0.47765855,0.25661522,1.63766458,0.56775751,0.47169982,0.41456990,0.43006997
846,0.03643184,0.14074444,0.12977327,0.14496986,0.17006469,0.04028529,1.64088114,0.31195720,0.36584913,0.37233157,0.13074180,0.36880661,-0.07989778,0.25873800,-0.32493116,1.30462543,0.25961677,0.23666398,0.27371795,-0.06626056,-0.10447421,0.16591441,0.13216856,0.21212289,1.30462543,1.54677651,1.75823156,1.98821696,0.25961677,0.49182484,0.73740745,0.23666398,0.49626155,0.27371795,1.66651949,0.58814459,0.46536618,0.40208772,0.42422079
847,0.03735810,0.13892093,0.13415829,0.16491292,0.23341713,0.00955873,1.64003353,0.28954344,0.41457337,0.35017624,0.16991850,0.35571505,-0.05097899,0.21178421,-0.32516953,1.25761968,0.26776163,0.25102274,0.31819958,-0.07485880,-0.07688401,0.16116102,0.13023078,0.20720263,1.25761968,1.50995800,1.73454881,1.99063823,0.26776163,0.51477282,0.79570590,0.25102274,0.54884951,0.31819958,1.66802833,0.61070196,0.46371532,0.38315804,0.39263467
848,0.04300449,0.16478422,0.16090353,0.18788070,0.27483911,-0.01428700,1.70688047,0.28387265,0.43006957,0.34671383,0.16404800,0.36463144,-0.05806355,0.19435199,-0.31360617,1.31172614,0.29269214,0.25382603,0.31972519,-0.06134399,-0.05667002,0.15572131,0.12847211,0.20187672,1.31172614,1.58588568,1.81489585,2.04999795,0.29269214,0.54402311,0.81267361,0.25382603,0.54379316,0.31972519,1.73810726,0.63214634,0.46422278,0.39485958,0.37244353
849,0.04195304,0.19365098,0.19831817,0.22495839,0.29273980,-0.04602381,1.64162950,0.24552023,0.39688231,0.31628219,0.15241073,0.33996093,-0.05287885,0.20270047,-0.28703745,1.27918710,0.27367773,0.24050102,0.28426888,-0.07447593,-0.04020337,0.15518173,0.12572430,0.19971972,1.27918710,1.53370715,1.74718626,1.96251156,0.27367773,0.51110329,0.75135389,0.24050102,0.49907789,0.28426888,1.67064585,0.58362997,0.43091066,0.36667531,0.35393406
850,0.03762895,0.28525682,0.30709307,0.32445359,0.33983781,-0.14535859,1.64633246,0.15218290,0.42209121,0.23954526,0.18078377,0.26783695,-0.04830271,0.16046326,-0.28447458,1.26015963,0.26412230,0.26648549,0.27296065,-0.09135220,-0.00958302,0.15066073,0.11932947,0.19219308,1.26015963,1.51567558,1.75245582,1.97129909,0.26412230,0.52240752,0.76024166,0.26648549,0.51986076,0.27296065,1.67949790,0.55412407,0.39885839,0.30142077,0.32965427
851,0.04157334,0.32498245,0.34028355,0.36246005,0.35873116,-0.17898202,1.61572863,0.10569195,0.42728148,0.19951142,0.17167039,0.24028935,-0.06559980,0.15440443,-0.28774962,1.22284455,0.27829043,0.27606668,0.24705836,-0.09937611,-0.01833064,0.14918144,0.11603718,0.18899663,1.22284455,1.49290124,1.73920947,1.94433714,0.27829043,0.54602655,0.76180206,0.27606668,0.50339514,0.24705836,1.64815665,0.54143499,0.36842023,0.27766071,0.33150157
852,0.04721888,0.34541204,0.36174273,0.39643455,0.38952082,-0.19768351,1.58387834,0.08514938,0.39609474,0.17676224,0.14359212,0.21736800,-0.08776656,0.14158043,-0.30985943,1.22192191,0.27567108,0.27122844,0.24114963,-0.10291640,-0.05547110,0.14776039,0.11137557,0.18503418,1.22192191,1.48823402,1.72891788,1.93483262,0.27567108,0.53912164,0.75208828,0.27122844,0.49334702,0.24114963,1.61691248,0.50760422,0.33362755,0.25818587,0.34472005
853,0.04241590,0.34158348,0.36012283,0.40089832,0.40473547,-0.20398275,1.55691352,0.08616321,0.37856517,0.17067231,0.13007347,0.22346102,-0.09246441,0.15236017,-0.30367270,1.21480879,0.26917101,0.26633087,0.23050665,-0.09940341,-0.06044585,0.14889330,0.10921741,0.18465551,1.21480879,1.47521430,1.70966769,1.90489293,0.26917101,0.52839059,0.73135712,0.26633087,0.47606464,0.23050665,1.59052455,0.49604811,0.32875414,0.26676302,0.34396834
854,0.04534018,0.34302441,0.35624123,0.38867658,0.37305934,-0.18861384,1.61409385,0.10384758,0.41124060,0.18576354,0.14573265,0.23382358,-0.07278958,0.15541013,-0.26637685,1.23942408,0.28398591,0.26475452,0.21809884,-0.10737323,-0.05216796,0.14585886,0.11163635,0.18367766,1.23942408,1.51533857,1.74449750,1.92227133,0.28398591,0.53969102,0.72869527,0.26475452,0.46098290,0.21809884,1.64521869,0.53021214,0.35081742,0.27180970,0.31328915
855,0.04675629,0.33543660,0.35178732,0.38557682,0.37125368,-0.19115324,1.63673910,0.11902041,0.40502701,0.18181165,0.15306036,0.23188789,-0.07223123,0.16230961,-0.28352513,1.27133854,0.26630808,0.27208466,0.23360134,-0.09976419,-0.03744911,0.14646847,0.11201000,0.18438886,1.27133854,1.52984497,1.76681207,1.96486766,0.26630808,0.53084569,0.74250699,0.27208466,0.48722201,0.23360134,1.66821773,0.52635466,0.34880380,0.26712374,0.32912494
856,0.04562709,0.30994622,0.32536431,0.36518142,0.37450748,-0.18430137,1.62410543,0.14685102,0.39493616,0.22427966,0.14452220,0.25755136,-0.08493647,0.18146020,-0.30454442,1.27398018,0.27037427,0.27267534,0.24477021,-0.07742438,-0.03336007,0.14853464,0.11667897,0.18888229,1.27398018,1.53504709,1.77245167,1.97722725,0.27037427,0.53531633,0.75671588,0.27267534,0.50201490,0.24477021,1.65816849,0.53462061,0.37445068,0.29624452,0.35703860
857,0.04619232,0.30976729,0.32854668,0.36769361,0.38197318,-0.18307374,1.61335754,0.15356323,0.40729139,0.22529111,0.14962474,0.26377060,-0.07479796,0.18752524,-0.30652075,1.25372167,0.27472030,0.27253982,0.25894101,-0.08149274,-0.05749760,0.14791996,0.11317044,0.18624678,1.25372167,1.51963010,1.75272856,1.96961924,0.27472030,0.53824744,0.77478044,0.27253982,0.51524903,0.25894101,1.64748229,0.55312317,0.38825454,0.30291418,0.36177399
858,0.04129927,0.27103773,0.29136387,0.34060150,0.37640993,-0.15864170,1.55844531,0.16562202,0.40172402,0.24009157,0.15146063,0.27742501,-0.06146835,0.20026184,-0.29952837,1.20236997,0.27019877,0.25676596,0.26294288,-0.07680551,-0.05488484,0.15434312,0.11526067,0.19263131,1.20236997,1.46251768,1.68496891,1.90726930,0.27019877,0.51993366,0.75916353,0.25676596,0.50303831,0.26294288,1.59051013,0.54306894,0.38242391,0.30756470,0.36220311
859,0.04426636,0.23227644,0.26626630,0.30540741,0.38483292,-0.13622294,1.52482627,0.19458010,0.35965936,0.26041279,0.12021071,0.30554032,-0.08231472,0.22247789,-0.32058974,1.21226701,0.26151000,0.24075336,0.26387325,-0.05639771,-0.05937652,0.15606760,0.11751574,0.19536388,1.21226701,1.45988249,1.67381304,1.89406447,0.26151000,0.49929555,0.73661992,0.24075336,0.48523458,0.26387325,1.55399083,0.51762623,0.37105224,0.33610620,0.39189253
860,0.04102800,0.15630226,0.17187224,0.24381990,0.34529194,-0.07515139,1.53980283,0.24330045,0.35321979,0.32127870,0.11499926,0.34878044,-0.09735955,0.24319540,-0.35561837,1.22904360,0.26549231,0.24562665,0.29061998,-0.02395788,-0.08293210,0.15716856,0.12036062,0.19796119,1.22904360,1.47989271,1.70006780,1.93883055,0.26549231,0.50728955,0.76554935,0.24562665,0.51792333,0.29061998,1.56814743,0.53581563,0.41356698,0.37943093,0.43200912
861,0.04394303,0.13106940,0.16017291,0.24849412,0.35493838,-0.06618976,1.52642650,0.25909063,0.33229601,0.33075479,0.09699219,0.34450173,-0.11414572,0.22457062,-0.39342447,1.23838684,0.26210247,0.23868649,0.31288439,-0.02258533,-0.09519770,0.15988439,0.12225292,0.20126797,1.23838684,1.48428699,1.69856185,1.95558832,0.26210247,0.49699260,0.77693694,0.23868649,0.53470813,0.31288439,1.55202759,0.52657025,0.41177103,0.38064635,0.45481629
862,0.04703579,0.12090384,0.16112560,0.23335249,0.35642475,-0.05581641,1.55000624,0.28220444,0.31979437,0.35513957,0.10326812,0.35703482,-0.10403419,0.21791080,-0.41059719,1.27638265,0.24163911,0.23748411,0.34469262,-0.02028544,-0.13484138,0.15922875,0.12063606,0.19976699,1.27638265,1.50451242,1.71191956,1.99294969,0.24163911,0.47229343,0.78083346,0.23748411,0.56474186,0.34469262,1.57434071,0.52633098,0.43540384,0.38893706,0.46654847
863,0.04702345,0.12063502,0.16397944,0.23114386,0.33849515,-0.03286284,1.50011809,0.28433373,0.31256425,0.35855717,0.11213558,0.36536275,-0.08397942,0.23319445,-0.38477504,1.22989524,0.22787881,0.22958893,0.33634341,-0.03703797,-0.15928939,0.16218426,0.11924182,0.20130163,1.22989524,1.44259996,1.64086168,1.91723484,0.22787881,0.45067180,0.74960292,0.22958893,0.54696978,0.33634341,1.52528899,0.52749097,0.44404077,0.39288351,0.45222492
864,0.04632019,0.11247114,0.16054986,0.22965807,0.31937311,-0.02697446,1.51121600,0.29321075,0.31091413,0.36970009,0.11739838,0.37829568,-0.07646093,0.25899971,-0.36171555,1.24303922,0.22736921,0.22853164,0.31723165,-0.03525066,-0.17597252,0.16177787,0.11830919,0.20042241,1.24303922,1.44995980,1.64724914,1.90973780,0.22736921,0.44988003,0.73065861,0.22853164,0.52776876,0.31723165,1.53887700,0.54168190,0.45676669,0.40431444,0.44762970
865,0.04769544,0.08250272,0.13589368,0.21564139,0.30853567,-0.01630728,1.50375072,0.29701199,0.30999249,0.37451482,0.11568896,0.37873403,-0.07842785,0.25675232,-0.36091166,1.23470822,0.22515044,0.22571736,0.31423299,-0.04126575,-0.19251704,0.16279932,0.11609377,0.19995345,1.23470822,1.44281543,1.63883998,1.89809984,0.22515044,0.44373127,0.72141822,0.22571736,0.52250360,0.31423299,1.53019761,0.53457428,0.45715981,0.40500479,0.44649705
866,0.04726237,0.07602006,0.13532462,0.21125225,0.28133647,-0.00780631,1.49292020,0.30277808,0.28861832,0.37992523,0.10159966,0.38051292,-0.08065523,0.27861723,-0.34065654,1.24453004,0.22001502,0.21554654,0.28362385,-0.03428447,-0.21933685,0.16470881,0.11647275,0.20172975,1.24453004,1.44492456,1.62829914,1.86719800,0.22001502,0.42782233,0.67797216,0.21554654,0.48266897,0.28362385,1.51850043,0.52831359,0.45876868,0.40739681,0.44586445
867,0.04444927,0.07387397,0.12045513,0.20272456,0.28018432,0.01351262,1.51871124,0.33235726,0.28607178,0.41313460,0.10911719,0.40354649,-0.07624410,0.28419719,-0.36046910,1.27384310,0.20799300,0.22191063,0.31120194,-0.02181794,-0.28440321,0.16371821,0.11520047,0.20018691,1.27384310,1.46552822,1.64926129,1.90884493,0.20799300,0.41769789,0.69060718,0.22191063,0.51392785,0.31120194,1.54713602,0.55188120,0.50093233,0.43382912,0.46919692
868,0.04692120,0.07536215,0.12912652,0.21120557,0.27952381,0.03173700,1.52089831,0.34091966,0.28554942,0.40577393,0.12507644,0.39588421,-0.06562611,0.29242008,-0.35192537,1.27410453,0.18941823,0.22483390,0.30691204,-0.02155577,-0.29528896,0.16323335,0.11558757,0.20001404,1.27410453,1.44552136,1.63512925,1.90079438,0.18941823,0.40573064,0.68102137,0.22483390,0.51502486,0.30691204,1.54918748,0.55601714,0.49622859,0.42439149,0.46816753
869,0.04573462,0.07745624,0.13030162,0.22133249,0.29971208,0.04788698,1.55098888,0.34604572,0.27203884,0.39150220,0.11048667,0.38366225,-0.07837066,0.27376534,-0.37564111,1.31349804,0.18270960,0.21971683,0.31888152,-0.01059502,-0.33800040,0.16199794,0.11325114,0.19765918,1.31349804,1.48164590,1.67112670,1.94946695,0.18270960,0.39767815,0.68765219,0.21971683,0.52139339,0.31888152,1.57953442,0.54471014,0.47676138,0.41473445,0.47575453
870,0.05112052,0.08795976,0.16786999,0.25605708,0.30685700,0.08054301,1.52523611,0.33313449,0.25259645,0.36736920,0.09481726,0.36190920,-0.09307308,0.28555348,-0.37863917,1.29748857,0.17877930,0.21598755,0.29732863,0.00770814,-0.39116027,0.16122727,0.11231013,0.19648867,1.29748857,1.46051782,1.65191133,1.92606980,0.17877930,0.39225841,0.66860660,0.21598755,0.50001475,0.29732863,1.55973831,0.52895423,0.45287029,0.39935988,0.48657604
871,0.05501828,0.07966582,0.17948167,0.26613499,0.31627677,0.08593983,1.51210915,0.35398617,0.23458610,0.38090051,0.08373137,0.37759102,-0.09273807,0.29813828,-0.38585951,1.30551586,0.17815294,0.21063819,0.30567080,0.00874119,-0.40815565,0.15798549,0.11135430,0.19328527,1.30551586,1.46016831,1.64152711,1.92232108,0.17815294,0.38738063,0.66776443,0.21063819,0.49975330,0.30567080,1.55168015,0.55595272,0.47317088,0.41782705,0.50177007
872,0.05892588,0.12045431,0.21930817,0.28856654,0.33343989,0.10136513,1.49352971,0.37645267,0.21246990,0.39236114,0.06276851,0.38500313,-0.10720286,0.30365520,-0.40715740,1.31040467,0.17848298,0.20700235,0.31247517,0.02207040,-0.45359458,0.15680415,0.10892052,0.19092203,1.31040467,1.46205961,1.63725990,1.92484161,0.17848298,0.38467409,0.67071428,0.20700235,0.50129763,0.31247517,1.53865559,0.57230246,0.48562308,0.43095791,0.52400910
873,0.06370391,0.11977367,0.23268474,0.30391902,0.33140207,0.11529836,1.45162534,0.35177466,0.18925745,0.37511657,0.04439089,0.37808425,-0.12047670,0.31404966,-0.38748795,1.28658978,0.19065921,0.22082231,0.27646096,0.02962661,-0.58750898,0.15919060,0.11422495,0.19593108,1.28658978,1.43174023,1.60547519,1.86339488,0.19065921,0.41082812,0.65156049,0.22082231,0.47149494,0.27646096,1.50576716,0.60882683,0.50669740,0.44032549,0.52340452
874,0.06508067,0.10853776,0.19330378,0.28963887,0.30825827,0.11499375,1.43434628,0.33871457,0.20664485,0.36453949,0.03946193,0.36961385,-0.12055865,0.31337287,-0.35960895,1.25070983,0.21496566,0.22296899,0.24620155,0.04440806,-0.63329619,0.16245057,0.11500174,0.19903665,1.25070983,1.41788205,1.58880686,1.81847311,0.21496566,0.43687589,0.64383564,0.22296899,0.43784091,0.24620155,1.49081767,0.61763518,0.50051782,0.43076851,0.50570659
875,0.06499146,0.09179887,0.22570075,0.31599038,0.32106425,0.11740866,1.42401666,0.34996750,0.21540743,0.35507840,0.06619271,0.35047074,-0.11648824,0.30792213,-0.35222832,1.23215947,0.19826929,0.23562580,0.23959965,0.02455957,-0.64038450,0.16463609,0.11516291,0.20091675,1.23215947,1.38035574,1.57362004,1.79944380,0.19826929,0.43371826,0.63183117,0.23562580,0.44495606,0.23959965,1.48081764,0.60730257,0.48036679,0.40571231,0.49875979
876,0.06688478,0.14855038,0.30793336,0.34228700,0.33044621,0.12260975,1.42145247,0.33380271,0.24065953,0.33988364,0.07734352,0.33445150,-0.11128754,0.29830182,-0.35174678,1.19971702,0.20063943,0.22612630,0.24367733,0.01028537,-0.59089785,0.16591670,0.11345293,0.20099731,1.19971702,1.36488519,1.56285068,1.79352142,0.20063943,0.42654191,0.63473539,0.22612630,0.44460260,0.24367733,1.47487722,0.57033849,0.44617121,0.38462179,0.49145816
877,0.06419095,0.20246097,0.37795879,0.37310069,0.32685507,0.12434766,1.37882767,0.32233157,0.26327841,0.32258433,0.08793582,0.32287531,-0.09078329,0.30255379,-0.32398200,1.13299726,0.23598640,0.24582833,0.23754453,0.04469126,-0.81676025,0.17002191,0.12516519,0.21112502,1.13299726,1.31484229,1.51726453,1.73491963,0.23598640,0.48178115,0.65364117,0.24582833,0.43192608,0.23754453,1.46506711,0.63930729,0.46791950,0.37098407,0.48588956
878,0.06029177,0.25588293,0.43993149,0.40514571,0.34887164,0.12885316,1.43458802,0.31443115,0.26378033,0.33097297,0.07978709,0.31993507,-0.09817362,0.29708903,-0.35247176,1.18545691,0.23964110,0.24813842,0.26061918,0.04566473,-0.81974939,0.16459739,0.12634503,0.20749787,1.18545691,1.37732211,1.57669299,1.81428536,0.23964110,0.48662820,0.67421336,0.24813842,0.44996285,0.26061918,1.52115477,0.64532604,0.48494843,0.37662800,0.51297935
879,0.06091413,0.41952907,0.50895288,0.43708348,0.37168577,0.13599918,1.41248572,0.27188602,0.30473576,0.29951687,0.08364163,0.29360080,-0.09516023,0.28572089,-0.34934578,1.11745272,0.28119068,0.24949676,0.26434601,0.05940450,-0.86959749,0.16553318,0.13090895,0.21104119,1.11745272,1.35804670,1.56809083,1.79856319,0.28119068,0.52887992,0.70901053,0.24949676,0.44499630,0.26434601,1.52251896,0.64239380,0.44933446,0.34334605,0.50321354
880,0.06353277,0.42566507,0.50048312,0.43295312,0.36816288,0.14692192,1.42507921,0.26091786,0.29988951,0.29406318,0.09974759,0.29623303,-0.09183087,0.28756793,-0.34617324,1.13172350,0.26929233,0.24890591,0.26418768,0.04422851,-0.79103926,0.16668457,0.12661367,0.20931978,1.13172350,1.35132910,1.57037260,1.80313963,0.26929233,0.51728221,0.69883314,0.24890591,0.45456185,0.26418768,1.52291021,0.61915286,0.43010450,0.33974558,0.49646402
881,0.05993264,0.44135087,0.51083167,0.44729987,0.37713362,0.16321551,1.44808902,0.24865549,0.31396648,0.27709799,0.10813355,0.28725148,-0.10514363,0.29565317,-0.35893694,1.13781416,0.25580122,0.25410130,0.26468685,0.01014959,-0.67897927,0.16481623,0.12082173,0.20435822,1.13781416,1.35706796,1.59068108,1.82839400,0.25580122,0.50939457,0.70715270,0.25410130,0.47167533,0.26468685,1.52576937,0.57969907,0.40165641,0.33321605,0.50894734
882,0.06284081,0.40547502,0.50945410,0.44698833,0.36549811,0.15769404,1.46653232,0.23992603,0.33399456,0.27534412,0.11614370,0.28791852,-0.10911606,0.28928111,-0.36181003,1.13563925,0.24818982,0.24890769,0.25661896,-0.02414416,-0.47131286,0.16132658,0.11279124,0.19684545,1.13563925,1.36172567,1.59841446,1.84294103,0.24818982,0.49644706,0.71891814,0.24890769,0.48196320,0.25661896,1.51971725,0.53968436,0.38077449,0.33454628,0.49537774
883,0.05595329,0.41855051,0.48399405,0.45398875,0.38219425,0.11072276,1.58349414,0.16632123,0.47373363,0.20489511,0.17747264,0.23748031,-0.07427303,0.26398046,-0.33943584,1.11190988,0.30545402,0.26729405,0.26956745,-0.07552099,-0.30329917,0.15707650,0.10947038,0.19145964,1.11190988,1.40935215,1.66599897,1.93014312,0.30545402,0.57190381,0.82592723,0.26729405,0.52205317,0.26956745,1.60401248,0.57081822,0.34166063,0.27812497,0.46054273
884,0.04948941,0.39496972,0.49538420,0.43728922,0.36999188,0.11501529,1.56160273,0.15459937,0.46127740,0.19868212,0.16640188,0.23037121,-0.06915267,0.24563087,-0.35443543,1.10104393,0.30084023,0.24968720,0.28891438,-0.05553004,-0.29077320,0.15566684,0.11134140,0.19138723,1.10104393,1.39839962,1.63926579,1.92204683,0.30084023,0.54836185,0.82406927,0.24968720,0.52401894,0.28891438,1.58143260,0.53298509,0.31416372,0.26089928,0.45467243
885,0.05813445,0.32760041,0.49853657,0.42675559,0.36558131,0.12674984,1.57482196,0.18489144,0.38596515,0.24196258,0.14833998,0.24136814,-0.06387100,0.23685805,-0.36443554,1.19035705,0.25598650,0.22536581,0.30115774,-0.05264737,-0.27821575,0.15301282,0.11072733,0.18887420,1.19035705,1.43248914,1.64850977,1.94608250,0.25598650,0.47819071,0.76399127,0.22536581,0.51601690,0.30115774,1.60058886,0.50611029,0.34376855,0.27620167,0.45555970
886,0.05334754,0.27623148,0.33492368,0.39472129,0.29361752,0.11599634,1.57331473,0.20147893,0.36812328,0.27574131,0.12670570,0.28932820,-0.06658453,0.25937575,-0.33787844,1.20867330,0.26544352,0.21288849,0.27301397,-0.04345015,-0.33978692,0.15191473,0.10898597,0.18696531,1.20867330,1.45621026,1.65468875,1.92099672,0.26544352,0.47489244,0.72700808,0.21288849,0.47203658,0.27301397,1.60145078,0.52088936,0.37893560,0.32771976,0.44996418
887,0.04973009,0.24116505,0.27275552,0.27684284,0.22744756,0.11831948,1.53793075,0.23108783,0.36306102,0.29203441,0.14317646,0.30435572,-0.05588860,0.27249917,-0.32499699,1.18048563,0.23893108,0.22028933,0.27109029,-0.02677207,-0.33855490,0.15290451,0.10738633,0.18684650,1.18048563,1.40635974,1.61089477,1.87524869,0.23893108,0.45598238,0.71041073,0.22028933,0.47934289,0.27109029,1.56486029,0.51691708,0.39013302,0.33259615,0.43929233
888,0.05087708,0.19613385,0.22130602,0.21971623,0.19187565,0.10870360,1.54157922,0.25031137,0.35424616,0.30738666,0.14480189,0.32736844,-0.06907616,0.28788341,-0.32322378,1.19582392,0.23137608,0.22983491,0.25784496,-0.01998686,-0.30584274,0.15096111,0.10442026,0.18355612,1.19582392,1.41240665,1.63218203,1.88078250,0.23137608,0.45969508,0.70200050,0.22983491,0.47898925,0.25784496,1.56916846,0.51930828,0.39708372,0.35672600,0.44550391
889,0.04826532,0.21888061,0.19543493,0.18891155,0.18180129,0.09718706,1.57886989,0.25414618,0.37002766,0.33195756,0.17858215,0.35701593,-0.02799540,0.32608648,-0.29733409,1.21969097,0.22444284,0.22749967,0.27180242,-0.04470655,-0.31143275,0.14718739,0.10281907,0.17954356,1.21969097,1.42058393,1.63358965,1.89667161,0.22444284,0.44858710,0.70008352,0.22749967,0.48880447,0.27180242,1.60467883,0.54611749,0.43819763,0.38149388,0.45530873
890,0.05455798,0.37974449,0.46593212,0.47192181,0.45328518,0.02690199,1.63440969,0.11721772,0.49440095,0.18940295,0.26241194,0.25218674,-0.01279413,0.26111456,-0.32700837,1.14480044,0.25656417,0.29386362,0.31434714,-0.07733177,-0.23282326,0.14724535,0.10872204,0.18303463,1.14480044,1.38190475,1.66626022,1.97837662,0.25656417,0.54991396,0.84954278,0.29386362,0.59909814,0.31434714,1.64962754,0.57763787,0.37646040,0.27567866,0.43334618
891,0.04592707,0.39242760,0.50456507,0.46963440,0.48306400,0.06891390,1.61738501,0.15169825,0.48647395,0.22457613,0.27225514,0.28045384,0.01614508,0.29032450,-0.29944753,1.13445039,0.23868171,0.27738418,0.31738698,-0.08067988,-0.33170489,0.15316826,0.11261569,0.19011262,1.13445039,1.35475243,1.62058063,1.93218274,0.23868171,0.51532537,0.80929650,0.27738418,0.57843476,0.31738698,1.63855583,0.58507001,0.41145829,0.30579628,0.44427257
892,0.03975903,0.34574652,0.42306435,0.44174729,0.47128567,0.03515228,1.61789831,0.22968577,0.44098246,0.29276704,0.26137966,0.32785347,0.03767101,0.34306506,-0.25024506,1.19509520,0.21921538,0.25305971,0.29247942,-0.12071077,-0.49075819,0.15404674,0.11276510,0.19090931,1.19509520,1.38123449,1.61400234,1.89598100,0.21921538,0.47057629,0.72139745,0.25305971,0.51803582,0.29247942,1.64343378,0.61332168,0.46552896,0.35747085,0.46381255
893,0.05055507,0.33588430,0.42127809,0.43401626,0.36939431,0.02559693,1.61746259,0.22500727,0.46560143,0.27850944,0.28641274,0.31053230,0.04197545,0.32271858,-0.26281444,1.16932003,0.21499608,0.26651664,0.30526952,-0.07182180,-0.40577754,0.15123371,0.10991159,0.18695506,1.16932003,1.35713666,1.61110652,1.91098603,0.21499608,0.47934023,0.76045833,0.26651664,0.55818796,0.30526952,1.64903304,0.62313833,0.46687990,0.34334809,0.44320169
894,0.05266104,0.32598424,0.43881815,0.41232426,0.37257698,-0.00277528,1.58106548,0.20457905,0.45740770,0.25357864,0.27843572,0.29119841,0.03971192,0.30007186,-0.27948677,1.14284390,0.20255820,0.25832810,0.31942959,-0.07276083,-0.33153207,0.15262810,0.11070517,0.18854966,1.14284390,1.32892988,1.57632520,1.89038532,0.20255820,0.46013688,0.76098263,0.25832810,0.56597162,0.31942959,1.60284130,0.57666255,0.42839666,0.31484396,0.42760981
895,0.05261075,0.34619684,0.52453436,0.42099468,0.38984350,0.04068037,1.52128154,0.18749740,0.41624668,0.24553662,0.24134324,0.28034394,0.02172968,0.29257148,-0.28589512,1.11480981,0.19814202,0.24444498,0.30926362,-0.08350179,-0.40195728,0.15364320,0.11015968,0.18905392,1.11480981,1.29765449,1.52723841,1.82948892,0.19814202,0.44120562,0.72461628,0.24444498,0.53423290,0.30926362,1.54605848,0.53799650,0.40424232,0.30204308,0.43224434
896,0.05216723,0.35201889,0.53173517,0.39257712,0.30941154,0.05218814,1.53469390,0.19622215,0.43726364,0.25361734,0.26727789,0.29406664,0.04372782,0.31219123,-0.23949801,1.10685112,0.19527761,0.24880385,0.28551187,-0.07927568,-0.40353803,0.15205859,0.10941632,0.18733324,1.10685112,1.28591544,1.52151231,1.79956432,0.19527761,0.44308457,0.70226453,0.24880385,0.51496808,0.28551187,1.55947559,0.54883470,0.41471007,0.31030052,0.41138091
897,0.05608770,0.43221974,0.51034046,0.41743138,0.36276280,0.07910444,1.55492114,0.18390250,0.47253369,0.24587340,0.25533810,0.29645086,0.03535600,0.31604409,-0.25396365,1.08796299,0.24277893,0.24896593,0.29514104,-0.09259272,-0.42258306,0.14719833,0.11361807,0.18594735,1.08796299,1.31595143,1.55179953,1.83248117,0.24277893,0.49138325,0.75141120,0.24896593,0.51654849,0.29514104,1.59015854,0.58409468,0.40744230,0.31356107,0.43257311
898,0.05338501,0.43996110,0.49946456,0.42499030,0.39670920,0.11883098,1.53400978,0.22894402,0.45168712,0.28825144,0.24269115,0.31612550,0.01224146,0.34119655,-0.28671507,1.08920320,0.24662902,0.26661860,0.30781716,-0.08521497,-0.53719963,0.14328050,0.11411108,0.18316834,1.08920320,1.31340922,1.56374092,1.84887502,0.24662902,0.51202220,0.76803465,0.26661860,0.53567636,0.30781716,1.59392882,0.62319339,0.45026811,0.33672795,0.48224706
899,0.06054685,0.44996039,0.49719249,0.42186253,0.39522193,0.14150504,1.53058178,0.24036648,0.45560672,0.28787606,0.23655148,0.32368146,0.01026566,0.34951755,-0.26699695,1.08759554,0.28650432,0.28044723,0.29224460,-0.04317798,-0.68510548,0.14048428,0.11717440,0.18293626,1.08759554,1.33885698,1.60245358,1.84984199,0.28650432,0.56657110,0.77286992,0.28044723,0.51254217,0.29224460,1.63736435,0.67215376,0.45056639,0.33654646,0.47533993
900,0.06224829,0.37734324,0.51348238,0.41657524,0.36817736,0.13724264,1.52689584,0.30289948,0.41705309,0.32089228,0.20947865,0.34598578,0.00722878,0.36261435,-0.25785058,1.12330498,0.26606510,0.26549350,0.27223787,-0.01949493,-0.67208936,0.14007395,0.11449169,0.18091174,1.12330498,1.34768630,1.58195731,1.82841075,0.26606510,0.53146416,0.73155090,0.26549350,0.48200263,0.27223787,1.61709613,0.69308833,0.48537063,0.36887955,0.48282756
901,0.06714993,0.39145594,0.51072509,0.42037671,0.35527565,0.13653403,1.58397536,0.25251744,0.43605880,0.30452619,0.21923703,0.32221861,0.01442798,0.34751065,-0.24678767,1.15472870,0.25480886,0.24356264,0.26627094,-0.04980411,-0.49244770,0.13689342,0.11137005,0.17647407,1.15472870,1.38558111,1.60894126,1.86060283,0.25480886,0.49711722,0.72038716,0.24356264,0.47576756,0.26627094,1.64317227,0.62393427,0.44792296,0.34208979,0.45491819
902,0.06854444,0.40450176,0.50894987,0.41099554,0.35878223,0.10259145,1.57633317,0.22705429,0.44534621,0.30191422,0.24481161,0.32420521,0.03749068,0.34852070,-0.24698762,1.13996886,0.24984848,0.24034683,0.28917347,-0.06702540,-0.48589788,0.13528500,0.11042046,0.17462734,1.13996886,1.36097204,1.58699544,1.85991587,0.24984848,0.48732439,0.73150904,0.24034683,0.49946742,0.28917347,1.63616781,0.61381746,0.45030034,0.34371242,0.45396217
903,0.07093650,0.38281755,0.51454607,0.41745417,0.39025511,0.07439781,1.63708301,0.21379025,0.48829835,0.29038082,0.26812147,0.32268207,0.04688945,0.34430666,-0.26644812,1.15771467,0.26786355,0.24645220,0.31810094,-0.07961742,-0.41197225,0.13512387,0.10926892,0.17377617,1.15771467,1.39581213,1.63191426,1.93504806,0.26786355,0.51207295,0.78802623,0.24645220,0.53991899,0.31810094,1.68224314,0.63538733,0.44938509,0.34418024,0.46403101
904,0.06368539,0.35804074,0.54993129,0.42221166,0.39045545,-0.00826704,1.67563362,0.17050837,0.50567181,0.27582106,0.29757564,0.32172714,0.10260413,0.34674211,-0.20925833,1.18356480,0.25577999,0.22131950,0.31575909,-0.10366638,-0.34145237,0.13399921,0.10972638,0.17319257,1.18356480,1.41041996,1.61867135,1.92382057,0.25577999,0.47433277,0.75277671,0.22131950,0.51435395,0.31575909,1.70685220,0.62860882,0.46502781,0.36296583,0.44147583
905,0.06253232,0.34944438,0.50648296,0.39225321,0.36963450,-0.11023434,1.65686161,0.16678810,0.52645649,0.27115861,0.33610833,0.31333847,0.12950314,0.33350645,-0.19765472,1.16465353,0.23838630,0.23154902,0.32873321,-0.08601839,-0.30820170,0.13689755,0.11165896,0.17665974,1.16465353,1.37583251,1.59218255,1.91102340,0.23838630,0.46555977,0.76206029,0.23154902,0.54201316,0.32873321,1.68420423,0.64055948,0.48744266,0.36326029,0.41767771
906,0.05782586,0.36848917,0.51502854,0.38319892,0.35588098,-0.12609655,1.63235950,0.15332207,0.54917125,0.26219326,0.37453127,0.31450801,0.17499630,0.34503878,-0.16129517,1.11926662,0.22106487,0.22973014,0.33924257,-0.11297990,-0.37100682,0.13827228,0.11155153,0.17765970,1.11926662,1.31711543,1.52936400,1.85788002,0.22106487,0.44615830,0.75086580,0.22973014,0.54650790,0.33924257,1.66249731,0.65680041,0.51883143,0.38771694,0.41989155
907,0.05069603,0.31838447,0.39551115,0.40907420,0.38412503,-0.16347863,1.67637896,0.21566236,0.55458213,0.29065622,0.38345244,0.32659290,0.16326749,0.34875562,-0.16087363,1.18645331,0.20899081,0.24379602,0.32527056,-0.11085061,-0.39529706,0.13915009,0.10724326,0.17568114,1.18645331,1.37050279,1.59485275,1.91006143,0.20899081,0.44974842,0.74879817,0.24379602,0.55363531,0.32527056,1.70690786,0.69076329,0.54558777,0.39820291,0.42183630
908,0.04682253,0.33041282,0.41290579,0.44356505,0.48415809,-0.18321999,1.61577669,0.21007776,0.56039485,0.28495946,0.37443791,0.32182507,0.15092522,0.36068644,-0.15697937,1.13156305,0.22500470,0.25880462,0.31203307,-0.15870970,-0.47575789,0.14003989,0.11049686,0.17838365,1.13156305,1.32671137,1.55396856,1.85630054,0.22500470,0.48148765,0.75849100,0.25880462,0.54474149,0.31203307,1.65082506,0.71633287,0.55349888,0.39244372,0.44070780
909,0.04453836,0.26415822,0.31826326,0.37574654,0.38710328,-0.20419772,1.66361136,0.25405479,0.58139994,0.31946450,0.39054688,0.35042435,0.17045160,0.38206441,-0.13984483,1.18153297,0.23320495,0.26537722,0.31197325,-0.14771182,-0.37260566,0.13608254,0.10961967,0.17474247,1.18153297,1.37656782,1.59898995,1.90105583,0.23320495,0.49678119,0.77578309,0.26537722,0.55173726,0.31197325,1.70394417,0.76569958,0.59306001,0.42382659,0.44217556
910,0.04672689,0.23070086,0.26704196,0.28774231,0.28458962,-0.16067613,1.63096269,0.28067012,0.55726800,0.33270216,0.36616844,0.36195668,0.13994068,0.36577263,-0.18539918,1.16508419,0.22538639,0.26344400,0.32547746,-0.12098384,-0.32980595,0.13712656,0.10930993,0.17536349,1.16508419,1.35764466,1.58618242,1.89697300,0.22538639,0.48791858,0.78759919,0.26344400,0.57012792,0.32547746,1.66578640,0.73975088,0.57337091,0.41900367,0.43642739
911,0.05011429,0.20327943,0.23902309,0.21712103,0.17664572,-0.04154123,1.62367388,0.27428096,0.50410625,0.32459183,0.30325714,0.35441811,0.09645160,0.34266663,-0.20125835,1.16565367,0.22693318,0.24036880,0.29809108,-0.08629081,-0.36632281,0.14328682,0.10905888,0.18006930,1.16565367,1.37035983,1.58365874,1.87068201,0.22693318,0.46628705,0.74237330,0.24036880,0.52087645,0.29809108,1.64992182,0.68003709,0.52084315,0.39794548,0.42257676
912,0.04841426,0.17244532,0.20228267,0.17411125,0.16838569,0.10357196,1.61851745,0.27537245,0.41584626,0.32900631,0.20790097,0.34151218,0.00427520,0.29067548,-0.27725478,1.21521311,0.22583919,0.22370745,0.28705426,-0.03478429,-0.32177473,0.14688270,0.10476150,0.18041480,1.21521311,1.42911761,1.63711475,1.91142740,0.22583919,0.44710992,0.71760113,0.22370745,0.50015838,0.28705426,1.64241556,0.57577949,0.44598296,0.36404034,0.41454792
913,0.04341376,0.11147478,0.12308346,0.13556136,0.15919946,0.32085167,1.56464119,0.36331644,0.27666801,0.44257708,0.05963592,0.43097570,-0.12396576,0.30479920,-0.36071119,1.28946652,0.25043167,0.21882963,0.27082455,-0.00649909,-0.40388378,0.14810498,0.10379540,0.18085511,1.28946652,1.51079332,1.70069850,1.93651183,0.25043167,0.45972991,0.68795616,0.21882963,0.46892258,0.27082455,1.62762904,0.58056439,0.51770284,0.47081599,0.48405628
914,0.04160590,0.13039018,0.13729691,0.14479995,0.16029704,0.44817429,1.56939381,0.40940165,0.22612282,0.43669344,0.02133862,0.40479367,-0.17109604,0.30205697,-0.38929796,1.34408686,0.23066859,0.22602238,0.24417849,0.00631838,-0.36221560,0.14563633,0.10350556,0.17867105,1.34408686,1.54997918,1.75142449,1.97740289,0.23066859,0.45254606,0.67473008,0.22602238,0.45821120,0.24417849,1.66380021,0.58375280,0.50202471,0.45901966,0.50169621
915,0.04165363,0.11748976,0.11937128,0.14842727,0.19705791,0.50229439,1.54858652,0.43540625,0.14809901,0.43004071,0.01373629,0.39452454,-0.17774252,0.28940938,-0.40916944,1.40260905,0.17163615,0.22653577,0.25686835,0.01647275,-0.38638551,0.14645828,0.10184082,0.17838605,1.40260905,1.53806650,1.73945012,1.98166672,0.17163615,0.39661235,0.63180659,0.22653577,0.47113876,0.25686835,1.65767700,0.57829208,0.49459274,0.45130472,0.50939404
916,0.04330275,0.11769935,0.11540252,0.13859752,0.19557248,0.51076835,1.53089991,0.43836365,0.12695150,0.43304071,0.00106245,0.39717402,-0.18003221,0.28096139,-0.41867503,1.40613835,0.16144417,0.21526106,0.26845747,0.01248454,-0.38339280,0.14774242,0.10215101,0.17961807,1.40613835,1.53344351,1.72427269,1.97554270,0.16144417,0.37513604,0.62120216,0.21526106,0.47124413,0.26845747,1.64447611,0.57273480,0.49759766,0.45631457,0.51294047
917,0.04273530,0.12401275,0.12294103,0.14296093,0.20901107,0.50378146,1.54001631,0.43622867,0.14889328,0.43510622,-0.00108638,0.39892880,-0.17575976,0.28409618,-0.40820331,1.39319954,0.17921071,0.21357124,0.26170319,0.01637597,-0.38764451,0.14889869,0.10415865,0.18171363,1.39319954,1.54392554,1.72844097,1.97246148,0.17921071,0.39146524,0.62976281,0.21357124,0.46042448,0.26170319,1.65307247,0.58629511,0.50905607,0.45998144,0.50959710
918,0.04032708,0.13790884,0.13629942,0.17161989,0.21269414,0.48806544,1.52827827,0.42479831,0.16898861,0.43230230,0.01406560,0.39747821,-0.16782930,0.28262607,-0.41401096,1.36157195,0.18487114,0.22234021,0.27264841,0.02071278,-0.45013810,0.15260216,0.10739629,0.18660489,1.36157195,1.51618747,1.70768615,1.96332729,0.18487114,0.40521921,0.64888555,0.22234021,0.47649952,0.27264841,1.63915735,0.59648662,0.51662886,0.45999447,0.51946592
919,0.03861571,0.12475291,0.11133967,0.13977517,0.20200171,0.48829602,1.55298653,0.44216980,0.13330119,0.44432346,-0.00251686,0.39720897,-0.18196150,0.28445266,-0.41179306,1.42085588,0.16768065,0.22098334,0.25854771,0.01222168,-0.39744195,0.15144283,0.10524362,0.18442112,1.42085588,1.55742848,1.74702947,1.98753523,0.16768065,0.38613148,0.62193891,0.22098334,0.46634908,0.25854771,1.66182005,0.59078722,0.51999658,0.46195800,0.51327652
920,0.03954908,0.16617462,0.14547373,0.15809534,0.18290120,0.46410567,1.56681611,0.39926946,0.22789328,0.43553542,0.04404456,0.40366613,-0.14530807,0.30934254,-0.37667670,1.34088137,0.21170035,0.23017690,0.25097438,0.01600813,-0.41987622,0.15487265,0.11288842,0.19164898,1.34088137,1.52447641,1.72403919,1.96165797,0.21170035,0.43602255,0.66002679,0.23017690,0.46433636,0.25097438,1.66977480,0.59365726,0.51809190,0.45454783,0.50357198
921,0.03742252,0.24054576,0.27274874,0.31136267,0.26921884,0.44444626,1.57374890,0.34277060,0.25937976,0.36376360,0.06356214,0.34260299,-0.12356700,0.23327771,-0.40558826,1.31834224,0.22914840,0.23428322,0.30444994,0.05632871,-0.63175154,0.16145470,0.12364785,0.20336275,1.31834224,1.51605765,1.71799525,2.00170051,0.22914840,0.46092200,0.70949894,0.23428322,0.49808752,0.30444994,1.68108973,0.58766259,0.46559409,0.39171501,0.50091440
922,0.04551224,0.21351611,0.24381199,0.29379640,0.22662995,0.43816056,1.59872012,0.36407367,0.22858476,0.35116858,0.06383538,0.32664529,-0.12653770,0.23313583,-0.40768104,1.37223314,0.18834129,0.24542095,0.29643182,0.03402368,-0.57338912,0.16428693,0.11956018,0.20318669,1.37223314,1.53913293,1.74370164,2.03064735,0.18834129,0.43208797,0.69697240,0.24542095,0.51241981,0.29643182,1.70495705,0.59750321,0.48247103,0.39011389,0.49692409
923,0.04152833,0.18713439,0.23421333,0.31517846,0.23290477,0.40342556,1.58851286,0.37892699,0.22662816,0.37352714,0.09184036,0.34603007,-0.11169012,0.27838962,-0.37795286,1.36270707,0.17613348,0.25809212,0.27478414,-0.00376532,-0.65048304,0.16439193,0.11787309,0.20228389,1.36270707,1.49873781,1.71652262,1.98302858,0.17613348,0.43382237,0.66717379,0.25809212,0.50236133,0.27478414,1.68839470,0.62769214,0.50870348,0.40422470,0.50365408
924,0.03837051,0.18074276,0.22097473,0.29599833,0.22912641,0.38151116,1.60474159,0.36702313,0.25784878,0.38404512,0.10707811,0.35329370,-0.09918441,0.27983680,-0.37059167,1.34702541,0.18529963,0.24847044,0.28126959,-0.00861919,-0.52282180,0.16413877,0.11478084,0.20029023,1.34702541,1.50062715,1.71951900,1.99206263,0.18529963,0.43123178,0.68151816,0.24847044,0.50924416,0.28126959,1.69439889,0.60082446,0.49500222,0.39963868,0.48827837
925,0.04203544,0.22682161,0.26019141,0.31433304,0.26397743,0.36948034,1.56911778,0.32123745,0.28237477,0.34020635,0.08876281,0.31582030,-0.10587547,0.24055409,-0.38718355,1.28765459,0.21701258,0.23593977,0.29120689,0.01873557,-0.52779938,0.17097503,0.12259411,0.21038483,1.28765459,1.48405640,1.69179153,1.97401282,0.21701258,0.44991439,0.71119588,0.23593977,0.50324598,0.29120689,1.65401066,0.56284249,0.44312249,0.36077757,0.47686506
926,0.04130800,0.19440574,0.24003602,0.30238075,0.24446764,0.32499660,1.57355483,0.36411699,0.27076880,0.35970733,0.10178972,0.33398850,-0.09500704,0.25873491,-0.37595934,1.30416776,0.20284274,0.24074126,0.29103747,-0.00989360,-0.48017549,0.17096093,0.11948331,0.20857589,1.30416776,1.47368044,1.68087293,1.96224960,0.20284274,0.44316223,0.70446004,0.24074126,0.50981396,0.29103747,1.64837798,0.61394153,0.48021952,0.38452172,0.48195819
927,0.04191665,0.17695843,0.23739685,0.29750544,0.22554289,0.28971094,1.61471257,0.37134614,0.31127354,0.36173153,0.13852774,0.33209266,-0.06997844,0.26251737,-0.34088218,1.30707587,0.20453764,0.25433592,0.27984275,-0.01833995,-0.49979891,0.16957805,0.11892831,0.20712474,1.30707587,1.47899752,1.69687396,1.96676837,0.20453764,0.45852248,0.71074032,0.25433592,0.51252524,0.27984275,1.68135485,0.64229180,0.49769487,0.37954236,0.45932935
928,0.04182868,0.17424640,0.20891571,0.23711195,0.18386518,0.27365935,1.59615491,0.37252781,0.32547373,0.37724360,0.12243611,0.34858432,-0.07659745,0.28051175,-0.33676853,1.27508618,0.23072901,0.23259564,0.27021784,-0.02655225,-0.32324461,0.16874823,0.11838774,0.20613496,1.27508618,1.47908676,1.68500162,1.94483580,0.23072901,0.46204816,0.71478370,0.23259564,0.49066127,0.27021784,1.65273446,0.61654015,0.47341209,0.38396077,0.45318642
929,0.03795576,0.17142523,0.19918822,0.22342662,0.17905877,0.24699970,1.60498747,0.38476402,0.33344025,0.38148157,0.13058900,0.35410349,-0.06634345,0.27615944,-0.32007750,1.27943566,0.23212271,0.23723913,0.26750630,-0.02728524,-0.30272030,0.16744027,0.11783743,0.20474839,1.27943566,1.48262315,1.68767392,1.94038599,0.23212271,0.46843826,0.71745550,0.23723913,0.49055585,0.26750630,1.66117285,0.63761315,0.48584355,0.38709914,0.43642168
930,0.03595954,0.17175992,0.20870087,0.22044844,0.19951025,0.22155058,1.60644398,0.35527911,0.35084556,0.37578069,0.12042306,0.35522540,-0.07762453,0.26819282,-0.32290881,1.26373481,0.25264681,0.23366935,0.26212412,-0.05405293,-0.27502812,0.16534509,0.11580589,0.20186630,1.26373481,1.49485390,1.69817230,1.94065455,0.25264681,0.48342534,0.72564224,0.23366935,0.48131282,0.26212412,1.65565987,0.63050653,0.48584583,0.39771304,0.43942612
931,0.03898836,0.17972456,0.20918553,0.21195509,0.19687566,0.21379154,1.61410377,0.35525359,0.38603061,0.38044679,0.14594294,0.35819080,-0.05727784,0.25840518,-0.31801202,1.23695793,0.25811775,0.23606579,0.28193348,-0.06030533,-0.22580092,0.16416995,0.11512735,0.20051454,1.23695793,1.47836539,1.68579414,1.94350100,0.25811775,0.49028739,0.75294491,0.23606579,0.50488985,0.28193348,1.65842354,0.63548936,0.48731231,0.39223975,0.42424429
932,0.03301955,0.21151266,0.22487499,0.22498597,0.18774889,0.18877919,1.62224299,0.34476474,0.39353991,0.39017793,0.14981887,0.37295924,-0.06000898,0.28144706,-0.28661527,1.23973595,0.26412354,0.24111065,0.24695590,-0.06852440,-0.19417014,0.16287293,0.11561610,0.19973651,1.23973595,1.48660011,1.69936418,1.92055455,0.26412354,0.50002177,0.72541480,0.24111065,0.47510016,0.24695590,1.65904865,0.62706445,0.48936755,0.40184332,0.41432357
933,0.03255160,0.17383014,0.17251434,0.16779089,0.14366582,0.18498524,1.64878990,0.34443352,0.36260007,0.39403338,0.16023611,0.38005527,-0.05039008,0.29936618,-0.29582179,1.29743485,0.22937972,0.23888971,0.26206815,-0.06509556,-0.20396587,0.15992235,0.11474030,0.19682606,1.29743485,1.50358489,1.71669239,1.95736268,0.22937972,0.46368433,0.70634497,0.23888971,0.49114703,0.26206815,1.68335489,0.60743714,0.49280464,0.40712034,0.43102828
934,0.04419885,0.19813445,0.15831109,0.16088885,0.17844029,0.16357241,1.66137391,0.30916422,0.41591832,0.35743649,0.19643501,0.34492802,-0.01395088,0.22151110,-0.31628251,1.25403271,0.23614228,0.23717280,0.32885913,-0.05053333,-0.19584805,0.15943215,0.12092981,0.20010654,1.25403271,1.47880926,1.69324559,1.98906098,0.23614228,0.46790715,0.76960009,0.23717280,0.55059902,0.32885913,1.69159958,0.59320273,0.46158114,0.36151561,0.39215907
935,0.03830934,0.18846302,0.15651237,0.14557371,0.17049912,0.13776776,1.71815969,0.29921094,0.45294181,0.36076115,0.22582097,0.35235035,0.00946624,0.22265993,-0.32047580,1.27563305,0.24734184,0.24280491,0.35663803,-0.06753399,-0.17978627,0.15064866,0.11860950,0.19173740,1.27563305,1.50995372,1.73010544,2.05066861,0.24734184,0.48385858,0.80909033,0.24280491,0.58278076,0.35663803,1.74613596,0.61982336,0.48047655,0.37017346,0.39723152
936,0.03990082,0.15278582,0.09814847,0.13117332,0.18627879,0.12280288,1.64942292,0.25144357,0.42624041,0.35169747,0.19738485,0.33153987,-0.02015877,0.24584773,-0.34773740,1.23019503,0.26030343,0.23877354,0.34041327,-0.06088139,-0.17282499,0.15266935,0.11722558,0.19248317,1.23019503,1.47073283,1.68870903,2.00892208,0.26030343,0.48411854,0.80054183,0.23877354,0.57064198,0.34041327,1.67378778,0.56973485,0.45436672,0.35082788,0.43292617
937,0.03902424,0.10822276,0.06674495,0.15101308,0.22109420,0.10237748,1.62841895,0.19860548,0.41753482,0.34326391,0.18853750,0.32644704,-0.03232122,0.24048837,-0.35249644,1.21489206,0.28044941,0.24089033,0.33335281,-0.06048427,-0.18154413,0.15153448,0.11237830,0.18865731,1.21489206,1.46078958,1.68212649,1.99394386,0.28044941,0.49672533,0.79728033,0.24089033,0.56576807,0.33335281,1.65303375,0.54400070,0.44625191,0.34903981,0.43495783
938,0.04657720,0.07765636,0.07109254,0.16480693,0.24791448,0.11820101,1.60695824,0.23961920,0.34695064,0.35168953,0.15396450,0.34108420,-0.04996288,0.24173789,-0.36908482,1.26610135,0.23677990,0.22059280,0.33659052,-0.05357860,-0.19236500,0.15011689,0.11031341,0.18629045,1.26610135,1.47261057,1.67745277,1.98778445,0.23677990,0.44075411,0.74408853,0.22059280,0.54850722,0.33659052,1.63020694,0.50236030,0.43012622,0.36200529,0.44683331
939,0.04877972,0.08446793,0.09475985,0.17852807,0.24676817,0.11248476,1.56379171,0.22036173,0.37606558,0.35364195,0.16011287,0.33690237,-0.04479223,0.26139515,-0.31064664,1.19300810,0.26418818,0.22251715,0.27863557,-0.05220017,-0.22064680,0.15322769,0.10857318,0.18779473,1.19300810,1.42488818,1.62919689,1.88743363,0.26418818,0.46460121,0.71478382,0.22251715,0.49463939,0.27863557,1.58655473,0.51464824,0.43677313,0.35881113,0.41371714
940,0.04879690,0.06701055,0.08638364,0.18462431,0.25936928,0.13070142,1.52334620,0.26549823,0.32406106,0.36242696,0.11664135,0.33678878,-0.08681058,0.25268935,-0.33994434,1.20702033,0.23948905,0.22087800,0.26920961,-0.05275859,-0.22316938,0.15174694,0.10625981,0.18525194,1.20702033,1.42651229,1.62859297,1.87479372,0.23948905,0.44396641,0.69042608,0.22087800,0.48430204,0.26920961,1.54790642,0.49443331,0.42655890,0.36485572,0.42996543
941,0.04759809,0.06197356,0.10057824,0.24721828,0.29396839,0.15807212,1.49471583,0.28802465,0.27785863,0.35470966,0.10102634,0.32275747,-0.09949408,0.25313210,-0.34914603,1.22406749,0.20274441,0.21986640,0.26082217,-0.05008554,-0.26082886,0.14927749,0.10321581,0.18148629,1.22406749,1.40826834,1.60804285,1.85325504,0.20274441,0.41046718,0.65521768,0.21986640,0.47525733,0.26082217,1.52524988,0.49187245,0.42568168,0.36126534,0.44246852
942,0.04724320,0.07080383,0.16121448,0.27854549,0.31035547,0.16912937,1.48356681,0.30123887,0.26832939,0.34701412,0.08997100,0.31783491,-0.10663378,0.25204213,-0.35878788,1.22242331,0.19793227,0.21649834,0.26164178,-0.03067357,-0.30129622,0.14755308,0.10144538,0.17906165,1.22242331,1.40638767,1.60420765,1.85239113,0.19793227,0.40739562,0.65478606,0.21649834,0.47151686,0.26164178,1.51716493,0.48920058,0.41252727,0.35550331,0.44862511
943,0.04948674,0.08932848,0.20122404,0.30105708,0.33023926,0.20527039,1.49779410,0.31153004,0.25759942,0.34270552,0.07596093,0.30758446,-0.12045666,0.24665269,-0.38313751,1.24474312,0.19674862,0.21700514,0.27040896,-0.02418732,-0.31887478,0.14594547,0.10027969,0.17707653,1.24474312,1.43028725,1.62912147,1.88976598,0.19674862,0.40831256,0.66720279,0.21700514,0.48075466,0.27040896,1.53721912,0.48893105,0.40708030,0.35173833,0.46665260
944,0.05153277,0.08655044,0.19464501,0.27347680,0.32367007,0.22400018,1.44965310,0.31593781,0.22023604,0.37861809,0.08370159,0.34366833,-0.10888887,0.25457182,-0.38006540,1.23295307,0.16771920,0.22010685,0.28770176,-0.01358153,-0.34240278,0.14666595,0.09990175,0.17745777,1.23295307,1.37592344,1.57122357,1.84036576,0.16771920,0.37389557,0.63933885,0.22010685,0.49915061,0.28770176,1.49624742,0.49505109,0.45418842,0.38524397,0.46820666
945,0.05487963,0.08629643,0.20916701,0.28799058,0.33225143,0.25801727,1.46631340,0.32461486,0.20613872,0.38871051,0.08114380,0.35146954,-0.11048531,0.26443118,-0.37986044,1.26195888,0.16108532,0.22161514,0.28564440,-0.00744642,-0.34860548,0.14406051,0.10056084,0.17568698,1.26195888,1.39312165,1.58930756,1.85852736,0.16108532,0.36706298,0.62948233,0.22161514,0.49842699,0.28564440,1.52289055,0.50560248,0.46893144,0.39576072,0.47490848
946,0.06093449,0.06538924,0.19893349,0.28639139,0.33383310,0.27294675,1.44478045,0.35542204,0.15920090,0.39560192,0.05661265,0.35052252,-0.12579311,0.25785602,-0.39253851,1.28823333,0.13453732,0.21283830,0.28512671,-0.00123646,-0.35502773,0.14498748,0.09984231,0.17603936,1.28823333,1.39542965,1.58185420,1.84949558,0.13453732,0.33562243,0.60072718,0.21283830,0.49005534,0.28512671,1.50305740,0.50229596,0.46616787,0.39786836,0.48030331
947,0.06671269,0.07785800,0.21522683,0.29663773,0.34153075,0.27924103,1.44096751,0.35450135,0.14780613,0.38749266,0.04967904,0.34991168,-0.13168022,0.26581152,-0.40199813,1.29540216,0.13333445,0.21502686,0.28586990,0.00027376,-0.36529123,0.14361998,0.10027747,0.17516355,1.29540216,1.39736792,1.58467377,1.85625374,0.13333445,0.33983180,0.60367980,0.21502686,0.49092219,0.28586990,1.50418569,0.51336779,0.46740023,0.40186288,0.49380886
948,0.06547649,0.08934303,0.20616360,0.28605205,0.33536842,0.28892954,1.44619465,0.34381067,0.14705885,0.39775795,0.03968012,0.36422791,-0.13642666,0.27087562,-0.40917163,1.30034943,0.14632850,0.20887644,0.29044010,-0.00668092,-0.34905905,0.14143864,0.09998610,0.17321117,1.30034943,1.41253147,1.59446184,1.86776694,0.14632850,0.34226473,0.60482768,0.20887644,0.48774232,0.29044010,1.50847903,0.49810142,0.46912908,0.41281490,0.50139900
949,0.06902762,0.11055488,0.22131745,0.30191114,0.34843637,0.29006501,1.48020844,0.37022344,0.12857041,0.39463193,0.01478092,0.36761571,-0.15777534,0.26977945,-0.44173074,1.35413953,0.15251774,0.20822435,0.30300736,0.00265807,-0.35674551,0.13819314,0.10135194,0.17137549,1.35413953,1.47133305,1.65118648,1.93618452,0.15251774,0.35626030,0.63156709,0.20822435,0.49754771,0.30300736,1.54642905,0.53184630,0.47333956,0.42639991,0.52863339
950,0.07260311,0.09991430,0.20106931,0.28420972,0.34724291,0.29941154,1.47446480,0.40579284,0.11533032,0.41478183,0.00185325,0.38439246,-0.16613969,0.26896736,-0.45544157,1.36333640,0.15649618,0.20673768,0.31551558,0.00847751,-0.34238151,0.13704642,0.10186668,0.17075872,1.36333640,1.48026095,1.65654431,1.94801360,0.15649618,0.36035491,0.64787785,0.20673768,0.50817372,0.31551558,1.54833512,0.56554038,0.49451808,0.44571876,0.53874408
951,0.07203905,0.11685406,0.19267841,0.27569807,0.33885216,0.29289466,1.48910059,0.41800453,0.12779626,0.43178070,-0.00383500,0.39307093,-0.17231168,0.27871801,-0.44155234,1.36714935,0.17367620,0.21345994,0.29642652,0.03337532,-0.36661726,0.13840955,0.10173823,0.17177856,1.36714935,1.50240562,1.67897185,1.94928206,0.17367620,0.38364265,0.65204388,0.21345994,0.49499913,0.29642652,1.56488013,0.59170518,0.51812246,0.45843103,0.53428120
952,0.07390353,0.11676779,0.18623806,0.27536694,0.32966180,0.29265344,1.50125537,0.41290493,0.14605976,0.43084108,0.00354174,0.39087265,-0.16557871,0.29122496,-0.44458436,1.36079007,0.18326991,0.21828997,0.30171507,0.03135150,-0.37254417,0.13790436,0.10267507,0.17192959,1.36079007,1.50657333,1.68400381,1.96530406,0.18326991,0.39759501,0.67489050,0.21828997,0.50606340,0.30171507,1.57834967,0.60451838,0.52664854,0.45755261,0.54349676
953,0.06172443,0.10262271,0.19342669,0.29371838,0.34217159,0.27401358,1.47332756,0.39444986,0.16731526,0.42278094,0.01669954,0.38110766,-0.15757766,0.28853174,-0.41211054,1.31159810,0.18555210,0.21453342,0.27843051,0.02180405,-0.36640282,0.14080721,0.10277202,0.17432372,1.31159810,1.46720714,1.64808008,1.90563350,0.18555210,0.39404234,0.65527624,0.21453342,0.48498542,0.27843051,1.54639156,0.58093737,0.51165892,0.44596504,0.51395616
954,0.05915304,0.08886100,0.19424287,0.29360259,0.33323950,0.27768725,1.48685482,0.34690449,0.16850318,0.39825167,0.03472951,0.35117478,-0.13778284,0.26870018,-0.39986582,1.32022334,0.17401584,0.21198181,0.28069622,0.01922823,-0.33580111,0.14431151,0.10368552,0.17769778,1.32022334,1.45969234,1.63860325,1.90428455,0.17401584,0.37285333,0.63409534,0.21198181,0.48476581,0.28069622,1.55183531,0.52693267,0.47704876,0.40467689,0.48991612
955,0.06516270,0.06095182,0.15359510,0.27938006,0.32217826,0.28054396,1.45820030,0.39117225,0.17076927,0.40910287,0.01449338,0.36191806,-0.16666471,0.28272180,-0.40032663,1.29336414,0.19645014,0.22762805,0.25055932,0.02696449,-0.42318020,0.14998050,0.10462353,0.18286671,1.29336414,1.45075539,1.63816138,1.87338236,0.19645014,0.41930370,0.65001975,0.22762805,0.46695494,0.25055932,1.52729812,0.59366898,0.50455002,0.43143482,0.50499058
956,0.06163482,0.06793521,0.15421133,0.28022405,0.32320128,0.28055491,1.43518273,0.39570608,0.17622946,0.40903332,0.01803830,0.36451259,-0.17021082,0.29302856,-0.39171293,1.26586097,0.19562370,0.23363414,0.23418616,0.01679346,-0.44414357,0.15306307,0.10600837,0.18618829,1.26586097,1.42382236,1.61770740,1.83857719,0.19562370,0.42565022,0.63769559,0.23363414,0.45384008,0.23418616,1.50227708,0.59555874,0.50429159,0.43421009,0.50814694
957,0.06184368,0.04269184,0.13660199,0.26926038,0.31809191,0.28673319,1.45475361,0.41115928,0.19131698,0.42709040,0.05866645,0.37697020,-0.13964141,0.28971036,-0.39623428,1.27089622,0.18378267,0.24662782,0.27192565,0.00115937,-0.46899945,0.15241698,0.10827765,0.18696252,1.27089622,1.40475673,1.61011244,1.86493154,0.18378267,0.42472883,0.66470140,0.24662782,0.50137919,0.27192565,1.53061493,0.63069802,0.53222993,0.43817437,0.51390723
958,0.06695348,0.08385830,0.17954638,0.34115505,0.33748746,0.29233734,1.46049442,0.38588346,0.21826704,0.39840268,0.04653685,0.36046602,-0.13485770,0.30859597,-0.37848699,1.24647205,0.23847843,0.25254336,0.24910780,0.03123381,-0.61553034,0.15223932,0.11703094,0.19202357,1.24647205,1.42320494,1.62364323,1.86193273,0.23847843,0.48848528,0.68800992,0.25254336,0.46596931,0.24910780,1.56563859,0.68713772,0.53896521,0.42851608,0.52452310
959,0.06646145,0.06266927,0.13587426,0.29479471,0.32180032,0.28590605,1.47752316,0.40622035,0.20679001,0.41958970,0.05741705,0.38444704,-0.12375921,0.32023383,-0.36984647,1.27796416,0.21464831,0.24277089,0.25472692,0.01484240,-0.53313063,0.15053017,0.11419556,0.18894432,1.27796416,1.42926433,1.62342981,1.86626716,0.21464831,0.45457786,0.66775222,0.24277089,0.47117667,0.25472692,1.56677139,0.67564750,0.54633623,0.44524662,0.51896105
960,0.06190632,0.10618489,0.34745648,0.37354277,0.33771738,0.25773165,1.43041646,0.35765849,0.23923071,0.35543771,0.04839387,0.33327258,-0.12105717,0.29703542,-0.35758856,1.19539747,0.25650541,0.23669862,0.24075935,0.05640677,-0.69460576,0.15376373,0.11871708,0.19426021,1.19539747,1.39505600,1.58736128,1.81350127,0.25650541,0.49267586,0.67461465,0.23669862,0.43250758,0.24075935,1.53929995,0.67111420,0.49675376,0.39758878,0.50863170
961,0.06210278,0.10938588,0.26996256,0.36878224,0.32347592,0.23843490,1.41879917,0.35020765,0.22126824,0.34399733,0.06409756,0.32236770,-0.10714776,0.29537207,-0.32910732,1.20301796,0.22413305,0.24087519,0.22408152,0.06575228,-0.66225411,0.15587588,0.11491614,0.19365694,1.20301796,1.36536201,1.55773520,1.77220642,0.22413305,0.46476608,0.63548660,0.24087519,0.42480835,0.22408152,1.51580054,0.65189125,0.49046509,0.38243885,0.48147258
962,0.06227881,0.11214417,0.34086860,0.37406462,0.32161638,0.23642626,1.42131376,0.34887983,0.21946375,0.34412892,0.05110714,0.32530342,-0.10986017,0.30194817,-0.32321921,1.20729717,0.23763922,0.23786836,0.21536670,0.07348560,-0.69568879,0.15658589,0.11644311,0.19513620,1.20729717,1.38214491,1.56676134,1.77171982,0.23763922,0.47519783,0.63378933,0.23786836,0.40785785,0.21536670,1.52223184,0.65800736,0.49015601,0.38365035,0.48097073
963,0.05883574,0.33273631,0.53553437,0.41073506,0.33896179,0.23168563,1.46653418,0.27877505,0.33508730,0.30251705,0.11321908,0.30557105,-0.06082280,0.29425817,-0.30208990,1.13248772,0.28565832,0.25265198,0.24807691,0.04552874,-0.79748085,0.15634988,0.12541573,0.20043550,1.13248772,1.36844252,1.57404175,1.79783777,0.28565832,0.53677683,0.70652739,0.25265198,0.43422968,0.24807691,1.58211347,0.68987945,0.48097326,0.35649509,0.48029219
964,0.05580809,0.35776920,0.53589760,0.42226940,0.33537619,0.24239198,1.49873556,0.26412940,0.33364203,0.29496741,0.10909365,0.30549296,-0.05488097,0.30404048,-0.26995086,1.16543136,0.30496260,0.22969935,0.22984206,0.02127778,-0.76873557,0.15606257,0.12552234,0.20027826,1.16543136,1.40820920,1.60120202,1.79521326,0.30496260,0.53437060,0.66804277,0.22969935,0.38738845,0.22984206,1.60814874,0.66615267,0.44053667,0.34385423,0.46666005
965,0.05490268,0.37960693,0.54666576,0.43788323,0.38376278,0.22673241,1.50663458,0.25370859,0.39396065,0.28745080,0.14533938,0.29550297,-0.03396638,0.28932301,-0.28895760,1.11315780,0.32866747,0.24795954,0.27463050,0.00595124,-0.76372919,0.15733608,0.12537071,0.20117768,1.11315780,1.37633438,1.58467035,1.81581403,0.32866747,0.57606321,0.73954942,0.24795954,0.43979221,0.27463050,1.60373849,0.69946901,0.44498011,0.32703645,0.47299052
966,0.06068529,0.35009480,0.52612275,0.43481681,0.40787938,0.23456815,1.53323426,0.29903941,0.39840700,0.32155996,0.16135294,0.31757522,-0.04646579,0.29798144,-0.33605978,1.13666957,0.27733322,0.24824159,0.29645215,-0.02684265,-0.53069743,0.15481743,0.11469851,0.19267637,1.13666957,1.38143213,1.60519080,1.88237706,0.27733322,0.52485841,0.76602182,0.24824159,0.50365092,0.29645215,1.60108219,0.64034084,0.44399184,0.34424359,0.48565759
967,0.05267658,0.40291066,0.51123545,0.44771429,0.42254918,0.24475195,1.49194559,0.27615746,0.39920454,0.29330351,0.18622453,0.30147061,-0.04606170,0.29388106,-0.33813913,1.09395416,0.26682905,0.28396359,0.30176184,-0.00744841,-0.71667038,0.15593941,0.11761425,0.19532079,1.09395416,1.32193902,1.58146000,1.85330853,0.26682905,0.55063766,0.77797534,0.28396359,0.53164345,0.30176184,1.59313194,0.66974019,0.46008494,0.33493885,0.49646131
968,0.05941277,0.40915881,0.49689338,0.45113053,0.41616891,0.24895967,1.50575606,0.30257708,0.37867547,0.30214924,0.16914062,0.30192972,-0.07847776,0.29087982,-0.36747097,1.12876443,0.24213693,0.28064967,0.29360302,-0.01916317,-0.55646403,0.15422363,0.10865805,0.18865710,1.12876443,1.34625208,1.61033067,1.88815269,0.24213693,0.52270751,0.77330720,0.28064967,0.54287700,0.29360302,1.57817720,0.61058698,0.42706216,0.33348458,0.49803249
969,0.06165430,0.45643289,0.53205967,0.46992531,0.42557946,0.24109559,1.53184193,0.24905253,0.40219676,0.27713434,0.15095733,0.29102730,-0.08670106,0.30410865,-0.37300482,1.13232130,0.27013565,0.26439865,0.29083936,-0.03925057,-0.49620255,0.15047716,0.10921383,0.18593288,1.13232130,1.39209584,1.64465939,1.92071198,0.27013565,0.53383601,0.79360931,0.26439865,0.52873731,0.29083936,1.60350798,0.57721383,0.39378658,0.32670319,0.51039502
970,0.06399311,0.45471827,0.52870765,0.46941720,0.40642988,0.23797003,1.52415975,0.25558113,0.40750127,0.28116258,0.15210333,0.29460813,-0.08574839,0.30542877,-0.35430012,1.11951210,0.27331989,0.26678322,0.27311060,-0.02963954,-0.51836328,0.14836939,0.10811737,0.18358333,1.11951210,1.38344960,1.63714019,1.89536649,0.27331989,0.53908693,0.78116360,0.26678322,0.51201256,0.27311060,1.59908896,0.59093894,0.40541246,0.33294978,0.50041480
971,0.06086758,0.41596117,0.49021959,0.44897204,0.38118297,0.23172397,1.51673503,0.29445839,0.39153998,0.30523227,0.16849726,0.31355184,-0.07624114,0.31680885,-0.33604937,1.12893410,0.25013465,0.27756139,0.26444010,-0.00576343,-0.57822740,0.14828853,0.10632359,0.18246697,1.12893410,1.36215037,1.62499840,1.87304382,0.25013465,0.52765145,0.75339386,0.27756139,0.51121755,0.26444010,1.59771086,0.61909206,0.43841257,0.34983846,0.49725494
972,0.06415944,0.34880839,0.49229260,0.43732425,0.36975505,0.23727541,1.49085105,0.32774562,0.37073084,0.32263869,0.15895455,0.32167126,-0.06420004,0.32632735,-0.31793381,1.12437370,0.26271138,0.27284796,0.25901005,0.02345983,-0.60639972,0.14780560,0.11155815,0.18518023,1.12437370,1.34840946,1.59602668,1.83524468,0.26271138,0.53551596,0.73631237,0.27284796,0.48836559,0.25901005,1.58710556,0.67084270,0.46681586,0.35687380,0.49455649
973,0.07303349,0.31617720,0.51737250,0.43093649,0.34965671,0.22810452,1.49982816,0.32388119,0.31598512,0.31279081,0.12541625,0.30241442,-0.07681376,0.30372836,-0.30235827,1.18842837,0.23227186,0.23469443,0.22909900,-0.00008247,-0.46523285,0.14951715,0.11344668,0.18768465,1.18842837,1.38791983,1.60522182,1.82130162,0.23227186,0.46662586,0.65359732,0.23469443,0.43500610,0.22909900,1.57240674,0.58588189,0.41363317,0.33472944,0.45794517
974,0.07609433,0.39186963,0.49801236,0.44441779,0.36195713,0.22540099,1.53327307,0.28303128,0.34820189,0.31180405,0.12570465,0.30449332,-0.09723125,0.30467842,-0.31772161,1.18871202,0.25368178,0.24480754,0.22312682,-0.00681200,-0.45924611,0.14909463,0.11336653,0.18729970,1.18871202,1.42314195,1.65837404,1.87057527,0.25368178,0.49695147,0.69150754,0.24480754,0.44846861,0.22312682,1.60722702,0.57094061,0.40995517,0.34648597,0.47114156
975,0.07026412,0.35628390,0.54832003,0.44531360,0.36936793,0.22257362,1.57240565,0.27810042,0.35500846,0.32162400,0.12562378,0.31972882,-0.08534078,0.31868301,-0.32908995,1.21895019,0.27162155,0.23947372,0.24790433,-0.00610797,-0.49871227,0.14898155,0.11344856,0.18725939,1.21895019,1.45955568,1.68379516,1.91817429,0.27162155,0.50911637,0.71585942,0.23947372,0.45979711,0.24790433,1.64268426,0.59854213,0.42909073,0.35988209,0.49466029
976,0.06610763,0.36028851,0.55118657,0.43174070,0.35860645,0.19924062,1.56186419,0.27239266,0.38198573,0.32256213,0.16085403,0.33264140,-0.04371482,0.33586048,-0.29964879,1.18214569,0.28064371,0.24556298,0.26377524,-0.02287636,-0.60041625,0.15027611,0.11877849,0.19154957,1.18214569,1.41635110,1.63932602,1.88176916,0.28064371,0.52473691,0.72447037,0.24556298,0.46624253,0.26377524,1.63920314,0.65280497,0.46172065,0.36877939,0.49961424
977,0.06576271,0.36134258,0.53512441,0.43812537,0.38273027,0.16195114,1.59497206,0.25228973,0.39994543,0.30252958,0.18060611,0.31860658,-0.03658570,0.32089435,-0.31436677,1.19843698,0.26343521,0.24582354,0.28547418,-0.04345406,-0.50552451,0.15129352,0.11469824,0.18985630,1.19843698,1.42803774,1.65835174,1.92499102,0.26343521,0.50789291,0.74111402,0.24582354,0.49765544,0.28547418,1.65128548,0.61581387,0.43640718,0.35133899,0.49557855
978,0.06102505,0.17677373,0.42205652,0.40305719,0.30055006,0.15913331,1.59765622,0.29808818,0.36654112,0.34240722,0.15622038,0.33495310,-0.06009697,0.33046378,-0.29141353,1.23941091,0.24153036,0.24419547,0.23275671,-0.03970547,-0.46595664,0.15560621,0.11368456,0.19271084,1.23941091,1.45501239,1.67770636,1.90384201,0.24153036,0.48292021,0.68779849,0.24419547,0.45628138,0.23275671,1.63761403,0.59207959,0.45000279,0.36559755,0.46844086
979,0.05444034,0.25051450,0.41651729,0.42690239,0.31227343,0.17006585,1.66484030,0.29080515,0.37576480,0.33112443,0.14696594,0.33458486,-0.07452181,0.32284546,-0.31851739,1.29489370,0.24901344,0.24959388,0.24769711,-0.04025794,-0.57633844,0.15273075,0.11438761,0.19081721,1.29489370,1.52792131,1.75671312,1.99431457,0.24901344,0.49654112,0.71402260,0.24959388,0.47140134,0.24769711,1.70548377,0.59018840,0.44618092,0.37236073,0.49035378
980,0.05306259,0.15747515,0.23010925,0.28018745,0.25687270,0.18518788,1.63993465,0.29131735,0.38495862,0.34547349,0.14881540,0.35125931,-0.07804555,0.31122643,-0.34113729,1.25951008,0.25463306,0.24806180,0.26638459,-0.01362346,-0.40348010,0.15045853,0.11228743,0.18773981,1.25951008,1.50241269,1.73644353,1.99534187,0.25463306,0.49984381,0.75091169,0.24806180,0.50376626,0.26638459,1.68025907,0.57042906,0.43857083,0.38102245,0.47550689
981,0.04610757,0.14157077,0.19198863,0.25728085,0.25702203,0.18851264,1.64401178,0.26285464,0.38415011,0.34947851,0.14744980,0.36484697,-0.06106744,0.33571284,-0.30416660,1.26221118,0.26822615,0.24128051,0.24540629,-0.02059801,-0.39593168,0.14975566,0.11239973,0.18724437,1.26221118,1.50690312,1.72491184,1.96486345,0.26822615,0.50361541,0.72900718,0.24128051,0.47216853,0.24540629,1.68955677,0.58904584,0.46516151,0.39874173,0.47189583
982,0.04980350,0.15895244,0.17876077,0.22466279,0.22744399,0.19829084,1.62174123,0.24503127,0.37833069,0.33012813,0.14807842,0.35382884,-0.06766492,0.33791781,-0.30077236,1.24447034,0.25422825,0.24162420,0.23559915,-0.01042478,-0.32177156,0.15023445,0.11108056,0.18684026,1.24447034,1.48212745,1.70755972,1.94052920,0.25422825,0.49035175,0.71473290,0.24162420,0.46919162,0.23559915,1.66483048,0.54066964,0.43004631,0.38172428,0.46246112
983,0.04359591,0.15651151,0.13047580,0.20071088,0.25325824,0.19786399,1.58409301,0.19952739,0.35240033,0.33400960,0.10560484,0.35148317,-0.08667038,0.29484891,-0.31531769,1.23222106,0.28334085,0.21449932,0.23671127,-0.01032538,-0.29726289,0.15271977,0.10781402,0.18694168,1.23222106,1.48648518,1.68594375,1.91122825,0.28334085,0.48229337,0.69155824,0.21449932,0.43858169,0.23671127,1.62199488,0.47641839,0.41105231,0.38188703,0.44273409
984,0.04604209,0.09568062,0.09904197,0.20881024,0.26729490,0.19601726,1.54932468,0.24617586,0.30704457,0.33850988,0.10416465,0.34200930,-0.08613137,0.28976660,-0.31737316,1.24341394,0.22709622,0.21585418,0.23849080,-0.01304566,-0.33252174,0.15489561,0.10730578,0.18843349,1.24341394,1.45344141,1.64999594,1.87854698,0.22709622,0.42996806,0.64894306,0.21585418,0.44317952,0.23849080,1.58941907,0.48199578,0.42496003,0.37693932,0.44288205
985,0.04869797,0.07715668,0.08877558,0.19882698,0.25602679,0.22123186,1.58377396,0.29700621,0.30988506,0.34561439,0.12646202,0.34811436,-0.07290736,0.28289031,-0.34158895,1.27643774,0.19705726,0.22945876,0.27933656,-0.00483623,-0.35426170,0.15258920,0.10747218,0.18663797,1.27643774,1.46483456,1.67285021,1.94051847,0.19705726,0.42063696,0.68357160,0.22945876,0.49651808,0.27933656,1.63312781,0.52589698,0.44530233,0.38119044,0.45407332
986,0.05664563,0.05841204,0.08194223,0.19924535,0.25431388,0.23648014,1.59214244,0.29952091,0.30517453,0.34834084,0.12596781,0.35090519,-0.06024720,0.28002313,-0.32706418,1.28899237,0.19548019,0.21133624,0.28032948,-0.00633462,-0.34195580,0.15319832,0.10810619,0.18750113,1.28899237,1.47357698,1.66791126,1.93523874,0.19548019,0.40254756,0.66633605,0.21133624,0.48164278,0.28032948,1.64328505,0.51991672,0.43857078,0.38074138,0.43911298
987,0.05738418,0.05261913,0.09383418,0.20769962,0.25804943,0.23927105,1.59112131,0.32142775,0.29807235,0.35612144,0.12145387,0.34449740,-0.07158929,0.28025361,-0.33475406,1.29597719,0.19088474,0.22546373,0.27521870,0.00026599,-0.36646157,0.15399524,0.11016486,0.18934315,1.29597719,1.47719753,1.67900713,1.94336603,0.19088474,0.41156595,0.67392597,0.22546373,0.49086013,0.27521870,1.64656801,0.54322804,0.45581293,0.37919760,0.44632844
988,0.05552884,0.07018224,0.13668167,0.26922585,0.29972414,0.24192147,1.55426722,0.28450865,0.26738753,0.32104971,0.11330270,0.30450752,-0.08030680,0.25250449,-0.34570227,1.28830607,0.16730380,0.21811501,0.27270017,-0.00852602,-0.34930849,0.15560374,0.10860104,0.18975434,1.28830607,1.44639817,1.64749276,1.91401276,0.16730380,0.38041462,0.64208476,0.21811501,0.48307884,0.27270017,1.60594963,0.48081434,0.40899109,0.33977268,0.43798673
989,0.05771188,0.05969386,0.17059563,0.28073497,0.31374373,0.25413364,1.53692015,0.31066269,0.20819760,0.35292787,0.08009245,0.32792830,-0.10781721,0.27780814,-0.35718629,1.33004758,0.15032736,0.21789592,0.25619940,-0.00813983,-0.35990669,0.15613346,0.10835793,0.19005025,1.33004758,1.46261294,1.65753532,1.90728354,0.15032736,0.36105885,0.60211480,0.21789592,0.46468559,0.25619940,1.59286538,0.48853527,0.43872125,0.37271703,0.46565316
990,0.05769019,0.08468385,0.14753274,0.23971155,0.29652055,0.24231043,1.55300858,0.34786022,0.24698090,0.38019520,0.08395684,0.36807918,-0.10538896,0.28377285,-0.39422750,1.31037972,0.17918169,0.21997643,0.30393666,0.02130237,-0.37971028,0.15376844,0.10762190,0.18768912,1.31037972,1.47782111,1.67443131,1.96202947,0.17918169,0.39541796,0.68130996,0.21997643,0.51161149,0.30393666,1.60747255,0.53395365,0.46495179,0.40863898,0.49590475
991,0.06638348,0.08623352,0.13657504,0.23367040,0.29030491,0.25064008,1.54395375,0.35590730,0.23129320,0.40743850,0.07124418,0.39388785,-0.10116880,0.29899059,-0.38871813,1.31687502,0.18769451,0.20924765,0.30700208,0.02897128,-0.38440623,0.15471401,0.10826713,0.18883378,1.31687502,1.48343436,1.66367579,1.94972959,0.18769451,0.39045792,0.67160921,0.20924765,0.50167837,0.30700208,1.60423203,0.55356471,0.49500067,0.43490274,0.50121558
992,0.06647358,0.09359848,0.13939769,0.23453895,0.30206706,0.24825264,1.56880108,0.35924590,0.23683837,0.40588234,0.06792143,0.38924491,-0.12081448,0.28593636,-0.40401275,1.33665595,0.19147016,0.22322045,0.30707416,0.03876357,-0.36904709,0.15234852,0.10918208,0.18743212,1.33665595,1.51190407,1.70838152,1.99128802,0.19147016,0.40854606,0.69311604,0.22322045,0.51794230,0.30707416,1.62741195,0.54854965,0.48842839,0.43260603,0.50247352
993,0.06518986,0.08776337,0.13315765,0.22827107,0.29720825,0.23932345,1.57644320,0.35326144,0.24815808,0.37874395,0.07806546,0.36775782,-0.12529921,0.26347715,-0.42038368,1.33363917,0.18658729,0.23170171,0.31742356,0.03848921,-0.36016306,0.15183654,0.10923222,0.18704548,1.33363917,1.50871965,1.72050982,2.01534037,0.18658729,0.41606385,0.71458019,0.23170171,0.53708919,0.31742356,1.63287695,0.53516399,0.45720706,0.41079148,0.50260594
994,0.06542929,0.08816804,0.15038077,0.24184884,0.31071674,0.22342688,1.57333810,0.33254640,0.24461223,0.35995446,0.07686494,0.34883796,-0.13138258,0.24899992,-0.41526377,1.33359536,0.18255751,0.23135817,0.30493677,0.02974848,-0.32333600,0.15298885,0.11079781,0.18889611,1.33359536,1.50595385,1.72090732,2.00424385,0.18255751,0.41165077,0.69936413,0.23135817,0.52616074,0.30493677,1.62187193,0.50551882,0.43147465,0.39315161,0.49007355
995,0.06383989,0.10256261,0.17549515,0.26540706,0.32019125,0.20074360,1.53096835,0.31021841,0.21123573,0.35168260,0.04417133,0.32159655,-0.16543725,0.23564883,-0.39566163,1.32426843,0.19257490,0.23547028,0.24923111,0.00613320,-0.28118107,0.15581462,0.11221603,0.19201728,1.32426843,1.49709677,1.71152527,1.94106512,0.19257490,0.42173027,0.65359459,0.23547028,0.47728875,0.24923111,1.57601802,0.48862271,0.42065653,0.38217830,0.46776571
996,0.06340057,0.09848489,0.17803940,0.26518952,0.33114986,0.18389276,1.51169194,0.31802469,0.20161153,0.34790553,0.03128840,0.32000189,-0.18385107,0.22510060,-0.42171587,1.31692902,0.20285657,0.23883250,0.26254694,-0.00189522,-0.24062664,0.15706018,0.11402246,0.19408508,1.31692902,1.49323762,1.71342786,1.95176394,0.20285657,0.43703306,0.68319195,0.23883250,0.49514676,0.26254694,1.55625919,0.49462382,0.41000086,0.38649420,0.48141214
997,0.06391461,0.09808791,0.16470628,0.25186436,0.32742763,0.18745763,1.55425149,0.31579166,0.23196183,0.35107445,0.04324537,0.32295073,-0.17970520,0.23033085,-0.41625794,1.32850389,0.21939768,0.24944368,0.26304396,-0.00153577,-0.22203280,0.15420133,0.11529098,0.19253587,1.32850389,1.52366657,1.75263011,1.99139605,0.21939768,0.46423945,0.71233162,0.24944368,0.50683386,0.26304396,1.59999050,0.51138379,0.41784248,0.38680551,0.47794320
998,0.05896441,0.13135168,0.18406890,0.25813675,0.33338664,0.17159207,1.57804315,0.30192355,0.25989471,0.34687202,0.06965105,0.33749542,-0.14822392,0.24578360,-0.39496505,1.32466507,0.21820278,0.24741976,0.27591535,0.00309647,-0.21262931,0.15537780,0.11676349,0.19436043,1.32466507,1.52268965,1.74929911,1.99888196,0.21820278,0.46211082,0.72104837,0.24741976,0.51566522,0.27591535,1.62357090,0.51456714,0.42130124,0.38521230,0.46611017
999,0.05643616,0.15502773,0.18728967,0.25267431,0.33992996,0.15771464,1.55791756,0.29195768,0.26831761,0.36319428,0.07348334,0.36040977,-0.13627732,0.23971386,-0.41007061,1.29675818,0.22258031,0.23969595,0.31161411,0.00653283,-0.20675434,0.15606970,0.11714146,0.19514065,1.29675818,1.50211413,1.72025108,1.99329915,0.22258031,0.45502157,0.73715477,0.23969595,0.53877116,0.31161411,1.60117124,0.50463354,0.43690141,0.40225171,0.47584812
1000,0.05034229,0.15140629,0.18162309,0.25320416,0.34480021,0.13774954,1.53736871,0.29683467,0.27719333,0.37176703,0.07501793,0.36467147,-0.11877109,0.23889079,-0.38849898,1.27022655,0.22944593,0.22614853,0.31231533,0.00316639,-0.19751036,0.15722785,0.11713205,0.19606252,1.27022655,1.48366863,1.68426075,1.95182506,0.22944593,0.44647738,0.72822969,0.22614853,0.52635155,0.31231533,1.57741324,0.51336434,0.44645086,0.40161824,0.45672764
1001,0.05099887,0.16309521,0.20176657,0.26678865,0.35510383,0.13899845,1.52897341,0.29837463,0.25689688,0.37312256,0.05812397,0.36985026,-0.12012313,0.24727588,-0.38535667,1.28203474,0.22803566,0.21535578,0.30728550,0.00590844,-0.18769072,0.15610150,0.11786075,0.19559866,1.28203474,1.49201585,1.67832689,1.94146909,0.22803566,0.43453959,0.71029494,0.21535578,0.50906404,0.30728550,1.57132704,0.51299683,0.45055696,0.40845241,0.45884031
1002,0.05060867,0.18268454,0.20350467,0.26173265,0.35820397,0.12274748,1.53504755,0.27587028,0.28890336,0.34519671,0.08317455,0.35256528,-0.09693249,0.23200900,-0.36762136,1.25559466,0.22725042,0.21446037,0.30867978,0.00244632,-0.20080852,0.15659557,0.11512901,0.19436270,1.25559466,1.47105680,1.65985786,1.92682357,0.22725042,0.43402073,0.71116721,0.21446037,0.50704998,0.30867978,1.57355972,0.50533102,0.42988452,0.38679217,0.43651690
1003,0.04803240,0.17241247,0.20491979,0.26706478,0.34778506,0.11234462,1.52169806,0.27223771,0.29331372,0.34106091,0.08249630,0.35418559,-0.09196050,0.26628112,-0.34277829,1.23874712,0.23261800,0.21015296,0.27738047,-0.01273851,-0.19983511,0.15783238,0.11309328,0.19416785,1.23874712,1.45898784,1.64240385,1.88974427,0.23261800,0.43587893,0.68951279,0.21015296,0.47412912,0.27738047,1.55552201,0.50117022,0.42037377,0.38358995,0.43551605
1004,0.05113856,0.18417105,0.22197838,0.27413246,0.35425763,0.09751752,1.50500053,0.25540031,0.28325887,0.33560734,0.07022194,0.34973234,-0.10182029,0.25818020,-0.35795577,1.23194093,0.23807263,0.20698303,0.28436921,-0.02623540,-0.18718417,0.15750819,0.11307663,0.19389470,1.23194093,1.45562696,1.63577428,1.88744001,0.23807263,0.43705172,0.69453694,0.20698303,0.47770111,0.28436921,1.53535706,0.48380646,0.41173109,0.38159640,0.44242269
1005,0.05056278,0.21505810,0.24721674,0.29350140,0.37746537,0.07155099,1.54068403,0.24167904,0.30693364,0.32617399,0.08150552,0.34399593,-0.09456169,0.23826377,-0.36791860,1.24544904,0.24911936,0.21467031,0.30701238,-0.03608425,-0.19230291,0.15349362,0.10707429,0.18715019,1.24544904,1.48229806,1.66729810,1.93469559,0.24911936,0.45398705,0.72948528,0.21467031,0.50501665,0.30701238,1.57084076,0.49597865,0.41396282,0.37639938,0.43926326
1006,0.05449828,0.22246409,0.27204507,0.31512544,0.38721140,0.06136856,1.52497647,0.23492851,0.28823522,0.31679333,0.07181021,0.33636888,-0.09302213,0.24192203,-0.35743369,1.24893195,0.24175786,0.20800048,0.29455172,-0.04863764,-0.20191475,0.15340267,0.10551113,0.18618533,1.24893195,1.47653108,1.65126293,1.91037374,0.24175786,0.44025158,0.70557047,0.20800048,0.48560708,0.29455172,1.55573652,0.48735955,0.40686560,0.36893696,0.43269246
1007,0.06006330,0.23211042,0.27502337,0.31731663,0.39344649,0.05065714,1.54731589,0.22661460,0.29535833,0.30795609,0.09067581,0.33328552,-0.06889277,0.24711463,-0.33282877,1.26431599,0.22768146,0.20462820,0.29286874,-0.04405466,-0.19073988,0.15248589,0.10514187,0.18522084,1.26431599,1.48081493,1.65227292,1.91221108,0.22768146,0.42147523,0.68663203,0.20462820,0.48053719,0.29286874,1.57948347,0.47899505,0.40306241,0.36025570,0.41528720
1008,0.05550636,0.23659103,0.27720956,0.32519248,0.39597089,0.03573127,1.56309121,0.21913675,0.30230305,0.30509378,0.10160541,0.33761446,-0.06094531,0.25203819,-0.32543646,1.27414166,0.22475994,0.21164930,0.29332163,-0.03863246,-0.20101612,0.15215727,0.10558220,0.18520107,1.27414166,1.48765421,1.66386472,1.92334388,0.22475994,0.42449638,0.68755315,0.21164930,0.48567825,0.29332163,1.59750132,0.48737982,0.41345556,0.36627583,0.41308215
1009,0.05190130,0.23374985,0.26765552,0.31591154,0.38477072,0.02880264,1.60184505,0.21823934,0.29766195,0.32027245,0.09156503,0.35449145,-0.06639520,0.26061611,-0.33032573,1.31786946,0.23871943,0.21343178,0.29783466,-0.03166537,-0.19124138,0.15017775,0.10694737,0.18436675,1.31786946,1.53946824,1.71182942,1.96967349,0.23871943,0.43873115,0.69924145,0.21343178,0.48930316,0.29783466,1.63718029,0.50005484,0.43090115,0.38472742,0.42203195
1010,0.05010708,0.23671255,0.26836939,0.31904780,0.39786623,0.00882104,1.60658494,0.20629369,0.32049784,0.29820541,0.10565062,0.33829010,-0.05979977,0.24636121,-0.32305432,1.30123577,0.24537788,0.22333433,0.29574698,-0.04081715,-0.18537208,0.15278892,0.10687515,0.18645844,1.30123577,1.52978340,1.71100510,1.96780650,0.24537788,0.45846713,0.71893482,0.22333433,0.49555926,0.29574698,1.64294385,0.52272588,0.42438611,0.37033182,0.40821393
1011,0.05096115,0.24976568,0.27905195,0.32430133,0.39566534,0.00310053,1.59357207,0.20713746,0.32344501,0.30342065,0.10621598,0.34335967,-0.05929930,0.25780222,-0.32347066,1.28646034,0.24973981,0.22445302,0.29495297,-0.03073068,-0.20043202,0.15685629,0.10940359,0.19124080,1.28646034,1.51879196,1.70078138,1.95879027,0.24973981,0.46350592,0.72465671,0.22445302,0.49707191,0.29495297,1.63213548,0.52911609,0.43097403,0.37581216,0.41569736
1012,0.05456529,0.24390628,0.28435220,0.32360450,0.38713359,0.00652695,1.57153325,0.20033806,0.30444436,0.29398275,0.09616106,0.33284831,-0.06609985,0.25707133,-0.31282648,1.28189132,0.23986532,0.22105493,0.27699994,-0.03533777,-0.18857255,0.16001238,0.11282062,0.19578676,1.28189132,1.50432782,1.68241461,1.92540904,0.23986532,0.45005778,0.69711296,0.22105493,0.47847265,0.27699994,1.60852286,0.50938732,0.41890756,0.36614823,0.40658426
1013,0.05965566,0.26445908,0.29539193,0.33228939,0.39212744,-0.00889347,1.55379788,0.17885426,0.33456977,0.27218314,0.10406687,0.31252712,-0.05842604,0.24585185,-0.29569692,1.23379887,0.25921042,0.21664678,0.26515254,-0.04432093,-0.17779437,0.16328791,0.11165457,0.19781224,1.23379887,1.47760517,1.65471358,1.88876647,0.25921042,0.46548532,0.70487140,0.21664678,0.46460972,0.26515254,1.58734864,0.51394802,0.39970739,0.34584641,0.38645493
1014,0.05815846,0.26974852,0.30082455,0.33734842,0.38306226,-0.02675125,1.57252457,0.15882977,0.34847707,0.25630290,0.10622438,0.30704139,-0.04627322,0.24877650,-0.28359342,1.23818010,0.27045377,0.21753181,0.26428839,-0.04419846,-0.18543605,0.16173027,0.11041278,0.19582559,1.23818010,1.49425867,1.66468278,1.90009205,0.27045377,0.47422218,0.71310367,0.21753181,0.46168208,0.26428839,1.61068546,0.53001646,0.40569440,0.34458084,0.38038196
1015,0.06111195,0.27705153,0.30955004,0.34303998,0.38906810,-0.06878195,1.49444771,0.15635235,0.33496246,0.25467722,0.09921035,0.30176958,-0.04432889,0.24434663,-0.28277739,1.18122007,0.26404077,0.19897796,0.26348418,-0.03386618,-0.15149123,0.16259647,0.11459796,0.19892286,1.18122007,1.43322468,1.59326286,1.82602098,0.26404077,0.45118487,0.68919101,0.19897796,0.44384338,0.26348418,1.53073258,0.50079166,0.38488964,0.33622785,0.37644745
1016,0.05919596,0.28351973,0.31940574,0.36110738,0.41718374,-0.06358099,1.40997490,0.15103571,0.32654463,0.24654388,0.08901725,0.29971519,-0.05741765,0.23835231,-0.30396485,1.10464314,0.26390294,0.20063374,0.27114392,-0.03633871,-0.15324401,0.16303379,0.11318317,0.19847027,1.10464314,1.35762708,1.52140952,1.76059443,0.26390294,0.45367120,0.69749374,0.20063374,0.45099751,0.27114392,1.44445368,0.48554004,0.37060024,0.33391984,0.38842757
1017,0.06100940,0.27016694,0.32158597,0.36989849,0.42951835,-0.08026818,1.44168551,0.14697516,0.27156204,0.25495928,0.07186531,0.30691674,-0.07265444,0.24266188,-0.31839141,1.19243250,0.23751894,0.20748734,0.27100858,-0.04762841,-0.14520857,0.15797609,0.11511153,0.19546639,1.19243250,1.41073247,1.57300827,1.80988831,0.23751894,0.43346528,0.67046532,0.20748734,0.45521029,0.27100858,1.47821826,0.46618064,0.38502818,0.34503636,0.40288895
1018,0.06530841,0.29585818,0.32406826,0.37643565,0.44656637,-0.11027721,1.56119571,0.12966461,0.30559464,0.25797306,0.07359833,0.29818494,-0.08036683,0.21650974,-0.33261740,1.27857347,0.27480753,0.22044696,0.28326838,-0.04636371,-0.15096169,0.15431708,0.11259309,0.19102609,1.27857347,1.53321892,1.70334392,1.94495619,0.27480753,0.47743878,0.72126580,0.22044696,0.47996338,0.28326838,1.60283656,0.49798459,0.40159624,0.34172284,0.39960202
1019,0.06380596,0.29447328,0.32889466,0.37695722,0.44107909,-0.08515207,1.53182190,0.12293535,0.28839892,0.24508311,0.07111881,0.28759253,-0.08415680,0.20848764,-0.32998661,1.26107291,0.25808008,0.21961565,0.27544568,-0.05798483,-0.14216663,0.15810379,0.11057267,0.19293295,1.26107291,1.49802042,1.66883146,1.90580454,0.25808008,0.46117482,0.69793718,0.21961565,0.47153334,0.27544568,1.56838679,0.47421986,0.38547926,0.33054819,0.39277195
1020,0.06002473,0.29226877,0.32807060,0.37763293,0.44208289,-0.09670595,1.53534511,0.12183293,0.29337653,0.23697694,0.07907114,0.28423265,-0.08125258,0.21075135,-0.32448625,1.26122763,0.25345271,0.22000052,0.26945402,-0.05590335,-0.12457675,0.15914596,0.11335736,0.19539019,1.26122763,1.49484637,1.67204141,1.90614037,0.25345271,0.46105900,0.69423964,0.22000052,0.46659619,0.26945402,1.57272066,0.47121302,0.37297569,0.32452875,0.38943843
1021,0.06161094,0.28977858,0.34239543,0.39081592,0.45596673,-0.12091602,1.52572226,0.11068637,0.26600763,0.21051384,0.06854298,0.26572946,-0.09173198,0.19763476,-0.33656343,1.28101483,0.23307767,0.21940741,0.27060796,-0.05943204,-0.11239826,0.16089781,0.11585828,0.19827064,1.28101483,1.49527862,1.67392155,1.91051309,0.23307767,0.44406778,0.68118846,0.21940741,0.46715990,0.27060796,1.56341157,0.44637898,0.34737228,0.30904730,0.39190124
1022,0.05800784,0.30698286,0.34848877,0.39125117,0.45024020,-0.11049822,1.46513105,0.09908140,0.31192564,0.20164436,0.09778689,0.25340452,-0.06976210,0.18704880,-0.32217955,1.17218421,0.24440069,0.21629483,0.27500609,-0.06348838,-0.10928900,0.16283960,0.11544800,0.19961206,1.17218421,1.40319365,1.58658454,1.83000894,0.24440069,0.45117896,0.69526157,0.21629483,0.47124667,0.27500609,1.50098207,0.45862152,0.34578713,0.29626504,0.37588895
1023,0.06265279,0.29868376,0.35230259,0.38587882,0.43987304,-0.11987399,1.45420254,0.12152512,0.29079682,0.20331290,0.09655663,0.26476183,-0.06926100,0.20112581,-0.32822107,1.18846640,0.22246894,0.21347079,0.27859788,-0.06270014,-0.10400677,0.16313671,0.11882735,0.20182548,1.18846640,1.39632215,1.57990851,1.82768333,0.22246894,0.43193259,0.68060033,0.21347079,0.46961405,0.27859788,1.48869731,0.44986517,0.33622710,0.30306556,0.38811677
1024,0.06727627,0.30597641,0.34896968,0.37369463,0.43479023,-0.10934770,1.49660409,0.12134490,0.32061887,0.20941597,0.12447850,0.27200127,-0.05370378,0.20138421,-0.31875799,1.19894970,0.22393172,0.21995922,0.28450329,-0.07681459,-0.10029438,0.16501224,0.11964439,0.20382301,1.19894970,1.40891039,1.60256351,1.85421659,0.22393172,0.43996086,0.69147945,0.21995922,0.48163333,0.28450329,1.52449280,0.45899579,0.34382467,0.30615572,0.38094071
1025,0.06657993,0.30367214,0.35766461,0.38714333,0.45307084,-0.13077432,1.51232737,0.11488659,0.31689762,0.21143616,0.10820385,0.26153090,-0.07508444,0.17990480,-0.36752167,1.22090969,0.24190404,0.22460645,0.31336308,-0.08234926,-0.11830425,0.16203337,0.11662954,0.19964283,1.22090969,1.44578258,1.64297608,1.92009646,0.24190404,0.46166465,0.73951175,0.22460645,0.51598731,0.31336308,1.54636519,0.47164388,0.34831073,0.30374610,0.41320531
1026,0.06613137,0.29910418,0.35928143,0.38497630,0.45091759,-0.12189830,1.47498542,0.12100161,0.30466005,0.20538061,0.12479510,0.26405890,-0.05291759,0.18884791,-0.33834119,1.19557203,0.20963135,0.22102364,0.30539701,-0.08039002,-0.11722358,0.16288196,0.11867442,0.20152953,1.19557203,1.38986116,1.58374217,1.85481306,0.20963135,0.42703408,0.69796012,0.22102364,0.50316276,0.30539701,1.50781767,0.45480144,0.34560162,0.29938374,0.39100332
1027,0.07239764,0.27954863,0.34954930,0.38215365,0.44542861,-0.13678676,1.53331356,0.12516165,0.27079058,0.20166911,0.10748639,0.26860233,-0.05920532,0.19652663,-0.33082703,1.28969334,0.19710244,0.22233754,0.29476609,-0.06662431,-0.09956642,0.16261677,0.12105728,0.20272908,1.28969334,1.46638989,1.65353103,1.91321862,0.19710244,0.41690944,0.67583753,0.22233754,0.49044743,0.29476609,1.57275893,0.45925224,0.35344065,0.30799612,0.38798599
1028,0.06628960,0.27237668,0.34997189,0.39027284,0.45522478,-0.13577134,1.56323165,0.13144333,0.25450509,0.20536793,0.10151923,0.26755649,-0.06071454,0.19887969,-0.34113001,1.33594271,0.18872777,0.22384701,0.30342782,-0.07633408,-0.11878302,0.16089794,0.11851749,0.19983629,1.33594271,1.50212032,1.68511345,1.95557204,0.18872777,0.40957093,0.67794238,0.22384701,0.50097693,0.30342782,1.60629556,0.46599007,0.36597534,0.30997621,0.39813633
1029,0.06321765,0.28414077,0.35775102,0.39713864,0.45743970,-0.14494387,1.58557428,0.12451340,0.25792446,0.19832973,0.09173652,0.26166609,-0.07098493,0.19073945,-0.35918469,1.35492881,0.19717878,0.22613213,0.30983238,-0.07785255,-0.14670733,0.16122881,0.11539364,0.19826856,1.35492881,1.53366491,1.71695919,1.99398285,0.19717878,0.41875907,0.69324849,0.22613213,0.50743737,0.30983238,1.62745244,0.46070395,0.35883114,0.30556599,0.41000110
1030,0.06371347,0.26693283,0.35277863,0.39051398,0.45570464,-0.13520362,1.57483036,0.12904441,0.24214482,0.21437549,0.08784254,0.27479047,-0.07925677,0.20076660,-0.36266219,1.35904753,0.19582152,0.22348232,0.30397862,-0.09221180,-0.13002255,0.16304140,0.11696046,0.20065455,1.35904753,1.52839570,1.71437896,1.98463113,0.19582152,0.41624467,0.67980554,0.22348232,0.50014810,0.30397862,1.61313834,0.44939063,0.35631921,0.31632960,0.41801567
1031,0.06428394,0.25975020,0.35059301,0.39266344,0.45185031,-0.12967273,1.57964592,0.13792282,0.23981399,0.21537712,0.08632610,0.27784721,-0.08220002,0.21196627,-0.37022929,1.36651549,0.19100721,0.22913989,0.30766566,-0.08954953,-0.13703023,0.16245654,0.11822416,0.20092058,1.36651549,1.53378432,1.72281372,2.00020010,0.19100721,0.41720106,0.68879303,0.22913989,0.51028930,0.30766566,1.62119033,0.45837238,0.36538418,0.32185317,0.43006163
1032,0.06809908,0.26116814,0.34544939,0.39151049,0.44799370,-0.13873397,1.58172074,0.14310672,0.22321914,0.21410450,0.06000072,0.27894294,-0.09523851,0.21671312,-0.36129639,1.38755436,0.19767344,0.22629198,0.28747975,-0.07267584,-0.13407418,0.16345112,0.12070231,0.20318789,1.38755436,1.56354296,1.74197740,1.99914292,0.19767344,0.41975314,0.67364934,0.22629198,0.48521780,0.28747975,1.62790235,0.46151694,0.36682896,0.32649007,0.42438920
1033,0.07195344,0.27808312,0.35583917,0.40325833,0.45842114,-0.16153262,1.60816524,0.12325752,0.22746311,0.20152240,0.06207827,0.26051428,-0.09757205,0.20985123,-0.34143857,1.40985623,0.20656711,0.23046561,0.26773885,-0.05944022,-0.12271080,0.16437586,0.12509691,0.20656394,1.40985623,1.59015732,1.77287641,2.01251118,0.20656711,0.43315424,0.67326560,0.23046561,0.47666714,0.26773885,1.65787515,0.46382809,0.35782913,0.30865079,0.40233985
1034,0.06868316,0.29030068,0.35892691,0.40841019,0.46793219,-0.18018349,1.63593911,0.10070119,0.24769588,0.18116290,0.07263713,0.24733343,-0.08797450,0.19058924,-0.34460641,1.41652900,0.21354915,0.23221629,0.28055728,-0.07459219,-0.12246108,0.16378039,0.12140902,0.20387292,1.41652900,1.60609695,1.79036121,2.04074189,0.21354915,0.44135919,0.69100415,0.23221629,0.48766144,0.28055728,1.68569156,0.46903664,0.35226852,0.29710950,0.39592753
1035,0.06374242,0.28157272,0.35216395,0.40139467,0.46283451,-0.17545553,1.68339493,0.11818344,0.25083541,0.19967241,0.07835962,0.26056782,-0.07187684,0.19602770,-0.34790732,1.46277355,0.21335810,0.22628532,0.30192516,-0.07759663,-0.13548235,0.16377440,0.11885441,0.20235717,1.46277355,1.64938627,1.82170903,2.08993572,0.21335810,0.43434106,0.70161827,0.22628532,0.50025846,0.30192516,1.73145508,0.48719082,0.37288743,0.30775252,0.40166367
1036,0.06478619,0.29199770,0.36114534,0.40633466,0.47514148,-0.17754307,1.64982343,0.10247966,0.26336957,0.19281978,0.08915135,0.24299895,-0.07709816,0.15358782,-0.38158363,1.41503777,0.21447146,0.22383995,0.33217439,-0.08720635,-0.12894095,0.16470066,0.11745947,0.20229443,1.41503777,1.60466680,1.78719419,2.07787021,0.21447146,0.43305175,0.72442348,0.22383995,0.52956358,0.33217439,1.69164794,0.46541526,0.35408126,0.29183646,0.41366834
1037,0.06652283,0.29331244,0.35252275,0.39118845,0.47827876,-0.16246682,1.64581225,0.09595770,0.28736487,0.19602351,0.10581268,0.23871757,-0.06142991,0.13572333,-0.37797014,1.38301683,0.21781045,0.21230768,0.34538327,-0.07881920,-0.11351064,0.16852940,0.12422323,0.20936468,1.38301683,1.58175669,1.76163350,2.06191656,0.21781045,0.42226918,0.72394362,0.21230768,0.53312339,0.34538327,1.68144636,0.44616443,0.34290417,0.28204509,0.40410919
1038,0.06207300,0.30755953,0.35925012,0.39419761,0.48368820,-0.14529999,1.61067955,0.08322871,0.30756600,0.16816667,0.12374026,0.21327692,-0.05705873,0.12241220,-0.36023158,1.32308237,0.20905647,0.22123119,0.32543552,-0.09023142,-0.09257663,0.17305867,0.12358076,0.21265349,1.32308237,1.52007749,1.71301265,2.00252052,0.20905647,0.42328545,0.71307058,0.22123119,0.52378092,0.32543552,1.64002077,0.42898755,0.31457160,0.24941860,0.38259033
1039,0.05991603,0.30491038,0.35831809,0.39261410,0.48501166,-0.12947011,1.55613444,0.09373308,0.29441856,0.17244631,0.10915540,0.21302964,-0.07495356,0.11941739,-0.35901484,1.28137577,0.20909283,0.21872806,0.30962208,-0.07651788,-0.08460426,0.17610931,0.12879065,0.21817773,1.28137577,1.47877452,1.67377486,1.94540776,0.20909283,0.42275044,0.69922747,0.21872806,0.50839590,0.30962208,1.58364169,0.41505967,0.30049623,0.25104635,0.37950933
1040,0.06142922,0.29567234,0.34379901,0.38641346,0.47886218,-0.10000695,1.61710520,0.10565712,0.29526967,0.19531210,0.09662342,0.22759521,-0.09410433,0.13459705,-0.36724180,1.33781502,0.22726273,0.22782140,0.30034884,-0.07153827,-0.10019822,0.17676300,0.12520804,0.21661535,1.33781502,1.54970917,1.75061374,2.01424079,0.22726273,0.44790615,0.71531547,0.22782140,0.51026730,0.30034884,1.64411084,0.42960976,0.31625719,0.26926885,0.39195762
1041,0.05214835,0.31065116,0.34175915,0.37959944,0.46070396,-0.09293511,1.62226882,0.09338623,0.35014275,0.17998655,0.12935985,0.22198704,-0.07613017,0.10914245,-0.36542314,1.28578269,0.24268217,0.24129769,0.32027788,-0.07416502,-0.09767457,0.17713940,0.12231784,0.21526732,1.28578269,1.51809565,1.73438487,2.01165325,0.24268217,0.47687989,0.75789085,0.24129769,0.53752700,0.32027788,1.64893517,0.46731824,0.32934131,0.26555663,0.38411885
1042,0.05207022,0.29339688,0.32483721,0.37310544,0.44330477,-0.08736082,1.62492845,0.10777222,0.32224581,0.20253975,0.10125965,0.24260891,-0.08555339,0.15158922,-0.34045313,1.31806216,0.24910580,0.23592108,0.28542481,-0.08298851,-0.10547751,0.17809027,0.12058347,0.21507329,1.31806216,1.55110571,1.74901501,1.99518823,0.24910580,0.47528144,0.72635041,0.23592108,0.50014763,0.28542481,1.65356863,0.48133548,0.35686557,0.29165633,0.37560580
1043,0.04950060,0.29032061,0.33035824,0.37669483,0.43283422,-0.07242928,1.62492219,0.11312469,0.31182903,0.19524480,0.11016557,0.24940305,-0.06907868,0.17893032,-0.31833062,1.32746868,0.22619894,0.23536383,0.27737344,-0.08463352,-0.12498385,0.17809442,0.11909617,0.21424640,1.32746868,1.53822641,1.73034233,1.97453561,0.22619894,0.45301809,0.70234634,0.23536383,0.49228847,0.27737344,1.65239679,0.48265842,0.36602176,0.29749834,0.36825122
1044,0.05285237,0.30203390,0.33335132,0.38341091,0.44671338,-0.08183943,1.62606799,0.10969945,0.29180310,0.19917397,0.09764025,0.24839065,-0.08638000,0.16721871,-0.33983548,1.34951268,0.22323464,0.24102523,0.28302382,-0.08337537,-0.12928201,0.17756650,0.11944952,0.21400479,1.34951268,1.55404650,1.75017044,1.99647981,0.22323464,0.45516114,0.70518203,0.24102523,0.50192603,0.28302382,1.65350035,0.47142531,0.36461642,0.29873133,0.38146032
1045,0.05652688,0.30808884,0.33760700,0.39093871,0.44923775,-0.09109515,1.62289270,0.09994619,0.28374988,0.18171233,0.09371222,0.23766531,-0.09153142,0.15937638,-0.33497318,1.35444274,0.21817365,0.24481619,0.27228690,-0.08966771,-0.09256723,0.17759480,0.12444359,0.21685506,1.35444274,1.55332458,1.75214368,1.98885945,0.21817365,0.45592797,0.69582677,0.24481619,0.49351510,0.27228690,1.65035394,0.46479425,0.35076959,0.28827733,0.37327320
1046,0.05442115,0.31417643,0.34602724,0.40166260,0.45866692,-0.08850232,1.61911030,0.10082302,0.29651353,0.17761150,0.10277036,0.22940520,-0.09452326,0.15821664,-0.33961370,1.33799721,0.21961316,0.25479353,0.27161869,-0.08950495,-0.12137273,0.17784254,0.11876734,0.21385427,1.33799721,1.53951582,1.74934302,1.98913285,0.21961316,0.46765649,0.71211665,0.25479353,0.50637488,0.27161869,1.64561610,0.47127982,0.34948754,0.28021122,0.37650894
1047,0.05253503,0.31262842,0.34164712,0.39489404,0.45026346,-0.07961079,1.61123778,0.10327343,0.29886390,0.19089675,0.10234248,0.24369925,-0.08693193,0.16717766,-0.32782630,1.32766241,0.22501229,0.24778138,0.26821133,-0.09831847,-0.13081781,0.17787590,0.11975146,0.21443005,1.32766241,1.53304929,1.73382754,1.96742205,0.22501229,0.46426460,0.70054235,0.24778138,0.49348765,0.26821133,1.63612326,0.47619726,0.36215468,0.29385663,0.37131630
1048,0.05222288,0.31411856,0.34137750,0.39186568,0.44294375,-0.06308435,1.61840527,0.11225376,0.30926540,0.19746590,0.11197509,0.25026519,-0.07844498,0.17299127,-0.32113503,1.32298208,0.22358503,0.24890484,0.27105098,-0.09544814,-0.14447457,0.17859507,0.11846276,0.21431198,1.32298208,1.52885818,1.73101772,1.96738409,0.22358503,0.46341295,0.70326940,0.24890484,0.49775229,0.27105098,1.64292607,0.48116414,0.36781873,0.29639189,0.36757162
1049,0.04675034,0.31365062,0.34276708,0.39149069,0.43668713,-0.06191083,1.62049666,0.11279078,0.30916428,0.19352309,0.11189616,0.24972596,-0.08590774,0.17591163,-0.32832313,1.32549536,0.22298388,0.25796832,0.26852892,-0.09534655,-0.16381061,0.17777186,0.11761886,0.21315964,1.32549536,1.53016829,1.74015983,1.97641387,0.22298388,0.47306251,0.71171634,0.25796832,0.50392307,0.26852892,1.64608913,0.49148773,0.37376656,0.30069452,0.37650894
1050,0.04531175,0.31404010,0.34169104,0.38902624,0.43279942,-0.05757779,1.61642122,0.11367426,0.30682005,0.19916472,0.10885365,0.25415196,-0.08929411,0.18324349,-0.32751114,1.32305191,0.22390502,0.25693494,0.26429823,-0.09532431,-0.16509008,0.17829285,0.11831880,0.21398055,1.32305191,1.52937587,1.73931759,1.97181074,0.22390502,0.47178032,0.70693519,0.25693494,0.50016582,0.26429823,1.64152296,0.48508416,0.37445831,0.30535468,0.37914096
1051,0.04699033,0.32074660,0.34503904,0.39359284,0.44027903,-0.06110080,1.62970573,0.10933796,0.31393496,0.20105046,0.10364042,0.25288558,-0.09741598,0.18038903,-0.34350302,1.32950228,0.23729770,0.26248039,0.27130623,-0.09389984,-0.16956745,0.17654998,0.12030979,0.21364536,1.32950228,1.54861454,1.76068430,2.00053253,0.23729770,0.48861623,0.73010205,0.26248039,0.51214469,0.27130623,1.65498642,0.49510315,0.38074814,0.30768414,0.39221444
1052,0.04606023,0.31968650,0.34069651,0.39299292,0.44207595,-0.05546622,1.62234009,0.10729699,0.32283969,0.20153064,0.10184169,0.25057054,-0.10123241,0.17591977,-0.34178630,1.31288062,0.24693987,0.26454542,0.26689753,-0.09977994,-0.17590068,0.17777570,0.11928535,0.21408688,1.31288062,1.54245937,1.75516101,1.98943525,0.24693987,0.49849254,0.73559664,0.26454542,0.51015314,0.26689753,1.64589686,0.49812871,0.38091273,0.30644126,0.38848691
1053,0.04691945,0.32662328,0.34652479,0.39383303,0.43597162,-0.05716535,1.63670960,0.10221529,0.33972099,0.19753354,0.10800434,0.24575632,-0.10206202,0.17557707,-0.34114871,1.31054857,0.25661000,0.27200164,0.26335938,-0.10071426,-0.19730757,0.17783827,0.11990902,0.21448689,1.31054857,1.55041276,1.76914243,2.00221627,0.25661000,0.51455520,0.75031525,0.27200164,0.51509130,0.26335938,1.65915954,0.50951847,0.38337325,0.30275181,0.38820628
1054,0.04706611,0.33251103,0.35051157,0.39606643,0.42968860,-0.05972656,1.63704586,0.10537253,0.34116598,0.19598455,0.11458207,0.24120141,-0.09233216,0.17088825,-0.32923260,1.30924096,0.25158655,0.26648768,0.26118133,-0.09401005,-0.18844872,0.17985322,0.12070004,0.21660028,1.30924096,1.54400266,1.76062865,1.99200853,0.25158655,0.50603130,0.74045571,0.26648768,0.50819313,0.26118133,1.66116746,0.50886333,0.37729898,0.29359483,0.37500551
1055,0.04792724,0.33197195,0.34522368,0.39451769,0.42534599,-0.05864608,1.64819275,0.11116836,0.35507549,0.20009319,0.11617520,0.24100847,-0.09450487,0.16774222,-0.33114525,1.30635962,0.26276346,0.26966459,0.26227069,-0.09186051,-0.18276828,0.18069342,0.12239408,0.21824395,1.30635962,1.55375180,1.77481755,2.00645780,0.26276346,0.52011540,0.75641732,0.26966459,0.51317431,0.26227069,1.67479483,0.52206617,0.38081903,0.29392499,0.37498014
1056,0.04889367,0.32930385,0.34072537,0.38602540,0.40905276,-0.05372003,1.64351410,0.12604365,0.36600132,0.20557692,0.12071111,0.25486442,-0.08733004,0.19149882,-0.32096755,1.29200992,0.26479855,0.26632724,0.25650121,-0.08595832,-0.17488513,0.18334287,0.12149715,0.21994582,1.29200992,1.54475394,1.76441962,1.99345757,0.26479855,0.51968596,0.75400080,0.26632724,0.50460208,0.25650121,1.66899804,0.52576625,0.37973586,0.30213994,0.37734970
1057,0.05170760,0.31024493,0.33799607,0.38546575,0.41776594,-0.04904699,1.58516990,0.13730103,0.36387398,0.20789121,0.10361976,0.25662051,-0.09402770,0.19617231,-0.33428191,1.23727990,0.27731005,0.25170888,0.26043598,-0.08922860,-0.18006468,0.18672190,0.12345208,0.22384254,1.23727990,1.50366771,1.71295036,1.94814079,0.27731005,0.51881733,0.75945554,0.25170888,0.49401006,0.26043598,1.61145556,0.52543682,0.37047754,0.30733353,0.39224713
1058,0.04713448,0.30605848,0.33212770,0.37945524,0.41333408,-0.06107490,1.59014156,0.14302366,0.35479584,0.21798051,0.11154166,0.25640768,-0.08841068,0.19469070,-0.31798777,1.25478149,0.26367498,0.25460204,0.25152500,-0.08773416,-0.18167700,0.18717129,0.12411570,0.22458362,1.25478149,1.50476133,1.71400313,1.93791853,0.26367498,0.50834890,0.74000688,0.25460204,0.49017318,0.25152500,1.61521140,0.52455796,0.37964231,0.30397999,0.37690531
1059,0.04552920,0.31558319,0.34100942,0.37856401,0.39069700,-0.09291177,1.58968121,0.11217782,0.44307456,0.19737049,0.13803284,0.24952769,-0.06701923,0.19122400,-0.30698933,1.16742884,0.32332837,0.25870022,0.25928338,-0.08414785,-0.17707905,0.18904975,0.12347472,0.22580039,1.16742884,1.48044603,1.69715359,1.92981479,0.32332837,0.56993223,0.80910675,0.25870022,0.50000783,0.25928338,1.61800451,0.58490111,0.38465474,0.29929006,0.36878160
1060,0.04250222,0.33309069,0.34641560,0.37453936,0.39464294,-0.10445820,1.60345377,0.00407306,0.57471926,0.19733801,0.15814278,0.25451501,-0.06640607,0.18963322,-0.31329823,1.03596421,0.46179561,0.27713569,0.26635680,-0.09028628,-0.14269295,0.17953844,0.12297886,0.21761859,1.03596421,1.47650271,1.71411712,1.95169094,0.46179561,0.71696532,0.94846271,0.27713569,0.52376222,0.26635680,1.63378051,0.67370566,0.39455042,0.30320768,0.37377850
