step,thumb_curl,index_curl,middle_curl,ring_curl,pinky_curl,thumb_dx,thumb_dy,index_dx,index_dy,middle_dx,middle_dy,ring_dx,ring_dy,pinky_dx,pinky_dy,thumb_index_spread,index_middle_spread,middle_ring_spread,ring_pinky_spread,palm_pitch,palm_roll,palm_width,palm_height,palm_diagonal,thumb_index_distance,thumb_middle_distance,thumb_ring_distance,thumb_pinky_distance,index_middle_distance,index_ring_distance,index_pinky_distance,middle_ring_distance,middle_pinky_distance,ring_pinky_distance,palm_thumb_distance,palm_index_distance,palm_middle_distance,palm_ring_distance,palm_pinky_distance
0,0.05248433,0.33144598,0.44382624,0.48437365,0.50010571,-0.16469884,-1.22302111,-0.35580180,-0.38405263,-0.27682248,-0.12646959,-0.23690229,0.22704065,-0.27878025,0.41601560,0.88748785,0.31512464,0.39849295,0.20961850,0.00635264,1.41125271,0.19956861,0.09291759,0.22013929,0.88748785,1.10358650,1.45728335,1.64362270,0.31512464,0.71078407,0.84555347,0.39849295,0.55146102,0.20961850,1.24892895,0.66466682,0.39136269,0.33480419,0.52190930
1,0.02846739,0.45196591,0.48018332,0.46916062,0.46555623,-0.22212726,-1.23820472,-0.28893195,-0.34783799,-0.24685466,-0.11525196,-0.18663985,0.19876822,-0.13354618,0.43474480,0.89652537,0.24039708,0.32050914,0.25869982,-0.16905255,1.32104328,0.21506935,0.17577127,0.27775954,0.89652537,1.12383484,1.43748775,1.67868217,0.24039708,0.56000245,0.79827490,0.32050914,0.56584369,0.25869982,1.25987009,0.47642578,0.29238894,0.28530344,0.48757584
2,0.03719454,0.45117569,0.46068436,0.48326380,0.48917488,-0.23497753,-1.32516400,-0.30292770,-0.30837165,-0.28138315,-0.06929621,-0.24095008,0.16981360,-0.18865632,0.41816093,1.02466101,0.24131925,0.24255963,0.25942038,-0.16641983,0.85188550,0.20125178,0.19638219,0.28119076,1.02466101,1.25941115,1.49697284,1.74883638,0.24131925,0.48311453,0.73584865,0.24255963,0.49856857,0.25942038,1.34656262,0.43680201,0.29226824,0.29659604,0.46683851
3,0.04617939,0.46918295,0.50005369,0.49845320,0.50362447,-0.21128581,-1.20633401,-0.27025824,-0.28779269,-0.26026836,-0.08827702,-0.22993930,0.14129378,-0.18370761,0.37638769,0.93018035,0.20617383,0.23506198,0.24733111,-0.18750895,0.87620112,0.18491083,0.20911402,0.27914278,0.93018035,1.12222588,1.34843998,1.58639336,0.20617383,0.44056098,0.67046863,0.23506198,0.47139673,0.24733111,1.22482130,0.41173470,0.28261703,0.27108219,0.42773822
4,0.04777929,0.45978551,0.48637760,0.48972281,0.50376942,-0.20150509,-1.14794840,-0.26451740,-0.25714048,-0.25769517,-0.06905997,-0.23073717,0.14892190,-0.18228055,0.35023158,0.90128959,0.19429159,0.22448120,0.21285304,-0.17177806,0.81641439,0.17461404,0.20839955,0.27188313,0.90128959,1.08284515,1.29748277,1.50025113,0.19429159,0.41830482,0.61458496,0.22448120,0.42603001,0.21285304,1.16552522,0.39094296,0.27885783,0.27681770,0.40368822
5,0.05289269,0.45606659,0.47274517,0.47835457,0.48864557,-0.18304771,-1.17622854,-0.25769216,-0.23052757,-0.26359749,-0.02857757,-0.23735255,0.19667565,-0.19434077,0.40859823,0.95525611,0.20670218,0.23020736,0.22278089,-0.14744430,0.73858713,0.16957475,0.19599288,0.25916945,0.95525611,1.15251434,1.37428275,1.58701409,0.20670218,0.43571680,0.64294378,0.23020736,0.44284832,0.22278089,1.19038747,0.36398036,0.27424080,0.30975065,0.46019865
6,0.05149159,0.45556354,0.47957374,0.47925095,0.48442382,-0.17907578,-1.19864208,-0.27717250,-0.22788459,-0.27971980,-0.01524699,-0.25133158,0.21576076,-0.20775143,0.42800781,0.98449356,0.21914773,0.23656598,0.22523582,-0.14669940,0.76103016,0.15847038,0.18497074,0.24357142,0.98449356,1.19024687,1.41670420,1.62982076,0.21914773,0.45450111,0.66042119,0.23656598,0.44946802,0.22523582,1.21212213,0.37547398,0.28599706,0.33159202,0.48191826
7,0.05319683,0.45369562,0.47921550,0.48495778,0.48983000,-0.16276950,-1.20888894,-0.27141401,-0.22417328,-0.27061851,-0.01283082,-0.23969778,0.21729859,-0.19384096,0.43836860,0.99711696,0.21517597,0.23316548,0.23491545,-0.14457652,0.69522526,0.16052613,0.17832591,0.23993493,0.99711696,1.20310271,1.42918418,1.65164711,0.21517597,0.44688304,0.66707554,0.23316548,0.45976316,0.23491545,1.22033307,0.36031816,0.27336326,0.32389110,0.48596208
8,0.05323549,0.45744707,0.47963928,0.48949521,0.49158265,-0.15082794,-1.27620593,-0.27038947,-0.23995126,-0.27465740,-0.00940648,-0.24792412,0.21958554,-0.20477181,0.45127207,1.04905717,0.23597742,0.23168007,0.24426182,-0.12111290,0.62833409,0.15560470,0.16721143,0.22841297,1.04905717,1.27430782,1.49942930,1.73135867,0.23597742,0.46584801,0.69438707,0.23168007,0.46777850,0.24426182,1.28561970,0.36908067,0.27588408,0.33118874,0.49987518
9,0.05210901,0.46638749,0.47890833,0.48666675,0.49440447,-0.15280921,-1.30995201,-0.25761023,-0.26884209,-0.26965460,-0.02546873,-0.24949067,0.21750286,-0.20657626,0.45018004,1.05208408,0.24868227,0.24495696,0.24461837,-0.10584744,0.57691856,0.15549611,0.16229936,0.22476682,1.05208408,1.29117323,1.53093747,1.76369013,0.24868227,0.49191669,0.72091905,0.24495696,0.48134742,0.24461837,1.31942123,0.37889349,0.27162786,0.33100380,0.49880149
10,0.05512125,0.46795066,0.48218409,0.48545717,0.49558338,-0.14769119,-1.30808113,-0.25492294,-0.26993347,-0.27077452,-0.02191223,-0.24938453,0.22448561,-0.20484613,0.45281915,1.05059387,0.25536503,0.24859941,0.24117442,-0.09618863,0.57854527,0.15580970,0.16243182,0.22507945,1.05059387,1.29351773,1.53637216,1.76467281,0.25536503,0.50150822,0.72476804,0.24859941,0.48082786,0.24117442,1.31701664,0.37977359,0.27248295,0.33556261,0.50056171
11,0.05428463,0.46773531,0.48630218,0.48595608,0.50404945,-0.15115741,-1.34840176,-0.24950677,-0.28295075,-0.26941545,-0.03406636,-0.25318439,0.21827185,-0.20434321,0.44332027,1.07673826,0.25723263,0.25418408,0.23890509,-0.09527391,0.60629306,0.15908946,0.16353293,0.22815012,1.07673826,1.32094382,1.57033178,1.79509298,0.25723263,0.50886633,0.72807634,0.25418408,0.48327188,0.23890509,1.35723072,0.38742089,0.27283394,0.33428297,0.49232633
12,0.05356864,0.45966655,0.48158355,0.49009065,0.50804920,-0.14214537,-1.41291159,-0.22868287,-0.34177909,-0.25752521,-0.08056310,-0.24244597,0.18859908,-0.20723068,0.42775783,1.08382906,0.27407186,0.27092827,0.24625648,-0.08313987,0.59699151,0.16530057,0.15914352,0.22945793,1.08382906,1.33882699,1.60505750,1.84369773,0.27407186,0.54079517,0.77200065,0.27092827,0.51119465,0.24625648,1.42024863,0.42750740,0.27264643,0.30740278,0.47896902
13,0.05571942,0.45021159,0.47890213,0.48448097,0.50427150,-0.14825251,-1.40946031,-0.21270048,-0.35437928,-0.24069417,-0.10233056,-0.22234784,0.16993560,-0.18750266,0.40614856,1.06614558,0.26656065,0.27362040,0.24168053,-0.06929706,0.57259160,0.17402516,0.15404634,0.23241134,1.06614558,1.31162807,1.58156134,1.81754854,0.26656065,0.53426552,0.76369749,0.27362040,0.51154744,0.24168053,1.41752088,0.42784172,0.26308596,0.27997648,0.44967691
14,0.05665614,0.45559153,0.47563985,0.47927331,0.50061447,-0.13990574,-1.40443374,-0.21338292,-0.37555374,-0.23564701,-0.10796648,-0.22236250,0.16350168,-0.18858215,0.39351428,1.03974513,0.27775419,0.27291137,0.23572649,-0.04370192,0.61362249,0.18104592,0.14878359,0.23433775,1.03974513,1.30136421,1.57049087,1.80012562,0.27775419,0.54756442,0.77155755,0.27291137,0.50388761,0.23572649,1.41199684,0.44103834,0.25983176,0.27608275,0.43756656
15,0.05791638,0.45953565,0.47461081,0.47846279,0.49268498,-0.14025133,-1.41306526,-0.21739063,-0.38404300,-0.23656995,-0.11229493,-0.22209434,0.15593506,-0.19296343,0.38017947,1.03860432,0.27976190,0.26932151,0.22883605,-0.03959119,0.61302011,0.18445153,0.14879691,0.23698710,1.03860432,1.30545223,1.57151569,1.79537493,0.27976190,0.54635159,0.76611664,0.26932151,0.49464964,0.22883605,1.42074664,0.44712770,0.26200031,0.27159829,0.42701927
16,0.05694806,0.46444183,0.47048806,0.47316574,0.47972233,-0.15354670,-1.41791551,-0.22830349,-0.40196852,-0.23831808,-0.12356842,-0.22339440,0.14168785,-0.19141485,0.37247751,1.02490970,0.28333927,0.26689774,0.23650618,-0.03369271,0.66890529,0.18693350,0.14601499,0.23720141,1.02490970,1.29855340,1.56156987,1.79240911,0.28333927,0.54913555,0.77618844,0.26689774,0.49848697,0.23650618,1.42720361,0.46607000,0.26855666,0.26514276,0.41939822
17,0.05408338,0.46945499,0.46875255,0.46992585,0.46595072,-0.15500941,-1.43079017,-0.23183297,-0.41993780,-0.23880475,-0.13812439,-0.22369701,0.12405412,-0.19330826,0.35903738,1.01858150,0.28471677,0.26381843,0.24043638,-0.02814465,0.69545991,0.18815559,0.14612699,0.23823439,1.01858150,1.29672003,1.55672717,1.79179208,0.28471677,0.54793843,0.78030523,0.26381843,0.49948497,0.24043638,1.44039998,0.48128190,0.27587424,0.25710257,0.40804275
18,0.05418982,0.46403757,0.45855602,0.45918919,0.45268348,-0.15714916,-1.44226884,-0.24356419,-0.42808222,-0.25022515,-0.14549795,-0.23236471,0.11668911,-0.20165754,0.35017073,1.02003160,0.28296113,0.26331384,0.24075902,-0.03067774,0.73013755,0.18815719,0.14922524,0.24014849,1.02003160,1.30120762,1.56120949,1.79510480,0.28296113,0.54568535,0.77965170,0.26331384,0.49917159,0.24075902,1.45354913,0.49304817,0.29165268,0.26522433,0.40409179
19,0.05415408,0.46095322,0.45715935,0.45718789,0.45147578,-0.16188580,-1.44151365,-0.25170030,-0.43382311,-0.26008877,-0.15185047,-0.24044508,0.10971746,-0.21317234,0.34089594,1.01416515,0.28223364,0.26310391,0.23799723,-0.02585982,0.73198470,0.18860232,0.15003538,0.24100094,1.01416515,1.29488718,1.55377654,1.78547644,0.28223364,0.54444409,0.77594177,0.26310391,0.49582712,0.23799723,1.45367527,0.50212721,0.30295021,0.26960931,0.40207747
20,0.05582716,0.45081242,0.44497097,0.44767415,0.44807193,-0.15825465,-1.46182690,-0.25314505,-0.41968542,-0.26168427,-0.13087228,-0.23856974,0.13445890,-0.20877280,0.36164295,1.04742221,0.28957040,0.26652764,0.23712981,-0.03851525,0.75209110,0.18509145,0.15340476,0.24039939,1.04742221,1.33650852,1.59921904,1.82779942,0.28957040,0.55440908,0.78571870,0.26652764,0.49796482,0.23712981,1.47640304,0.49801062,0.30065506,0.28510014,0.41797562
21,0.05495611,0.45275478,0.44489589,0.44691636,0.44770518,-0.16131020,-1.44611766,-0.24802724,-0.42092290,-0.25609434,-0.13427944,-0.23482997,0.12873925,-0.21031230,0.35804570,1.02990354,0.28711936,0.26420682,0.23859686,-0.03258788,0.73507466,0.18651076,0.15210752,0.24067189,1.02990354,1.31666560,1.57729247,1.80810934,0.28711936,0.54982191,0.78237549,0.26420682,0.49677399,0.23859686,1.46069020,0.49529373,0.29681368,0.27954226,0.41567676
22,0.05453811,0.46473201,0.45909632,0.45743296,0.45449482,-0.17067706,-1.43352126,-0.24659195,-0.41145100,-0.25436077,-0.13287311,-0.23491100,0.12530081,-0.20688958,0.35606044,1.02692513,0.27870752,0.25955954,0.23899127,-0.03849392,0.69685966,0.18701981,0.15009618,0.23980257,1.02692513,1.30477546,1.56073263,1.79264735,0.27870752,0.53732382,0.76927398,0.25955954,0.49263149,0.23899127,1.44772285,0.48168993,0.29085181,0.27423670,0.41193085
23,0.05496204,0.44220146,0.44116290,0.44432826,0.44460874,-0.17452090,-1.43230604,-0.25080754,-0.39997201,-0.25661622,-0.11852140,-0.23071916,0.13943827,-0.20165803,0.36990839,1.03571473,0.28304942,0.25937427,0.24165257,-0.03948811,0.74453865,0.18519586,0.15406779,0.24090328,1.03571473,1.31788781,1.57374131,1.80657550,0.28304942,0.54021840,0.77647896,0.25937427,0.49501369,0.24165257,1.45069347,0.48613330,0.29559511,0.28559636,0.42221472
24,0.05509598,0.45858250,0.45525788,0.45585435,0.45488955,-0.17749014,-1.42013288,-0.24655092,-0.39839940,-0.25330089,-0.11907929,-0.22880542,0.13865191,-0.19797465,0.37074922,1.02566797,0.27947844,0.25932758,0.24117536,-0.04988023,0.70626272,0.18571133,0.15277033,0.24047343,1.02566797,1.30482479,1.56039442,1.79417509,0.27947844,0.53741104,0.77226142,0.25932758,0.49480034,0.24117536,1.43630374,0.47285191,0.28570411,0.27714332,0.42054597
25,0.05435991,0.47064829,0.46609704,0.46418950,0.46012442,-0.18142806,-1.41352318,-0.24909411,-0.40573612,-0.25341001,-0.12433704,-0.23087066,0.13158110,-0.19924792,0.35739097,1.01249062,0.28156476,0.25774209,0.23417760,-0.05394135,0.67652950,0.18623420,0.15145444,0.24004505,1.01249062,1.29265937,1.54643400,1.77350714,0.28156476,0.53842663,0.76513065,0.25774209,0.48586269,0.23417760,1.42866801,0.47707242,0.28496650,0.27238422,0.40923043
26,0.05426800,0.47315056,0.46937730,0.46662558,0.46327985,-0.18258471,-1.41131844,-0.25258352,-0.40566528,-0.25538766,-0.12260322,-0.23251812,0.13329575,-0.20053448,0.35744615,1.01116740,0.28350839,0.25804960,0.23229315,-0.05588532,0.67726441,0.18560691,0.15038515,0.23888411,1.01116740,1.29231744,1.54591544,1.77119457,0.28350839,0.54079974,0.76498039,0.25804960,0.48397052,0.23229315,1.42610111,0.47807528,0.28482942,0.27333938,0.40985974
27,0.05401424,0.46794203,0.46439983,0.46284576,0.45854232,-0.18363439,-1.41706824,-0.25252426,-0.40160071,-0.25623936,-0.12150427,-0.23432250,0.13262787,-0.20511851,0.35729169,1.02014494,0.28016893,0.25587662,0.23304292,-0.05038409,0.69732704,0.18580436,0.15058921,0.23916599,1.02014494,1.29917061,1.55114042,1.77721095,0.28016893,0.53514219,0.76093208,0.25587662,0.48274295,0.23304292,1.43281768,0.47580178,0.28664066,0.27628955,0.41204968
28,0.05419571,0.47657378,0.47298318,0.46894743,0.46390690,-0.18310528,-1.40769903,-0.25203945,-0.40396891,-0.25516368,-0.12542879,-0.23491121,0.13067489,-0.20326953,0.36060837,1.00980949,0.27951172,0.25816099,0.23703905,-0.05609985,0.66937166,0.18580254,0.14865529,0.23795163,1.00980949,1.28586049,1.53971527,1.77051939,0.27951172,0.53711477,0.76613124,0.25816099,0.48932563,0.23703905,1.42213506,0.47614671,0.28518411,0.27298705,0.41395316
29,0.05384250,0.47613688,0.47328239,0.46992069,0.46561065,-0.18411648,-1.41186687,-0.24984673,-0.40345863,-0.25431396,-0.12670077,-0.23397598,0.13142995,-0.20344749,0.36362219,1.01426727,0.27825456,0.26028419,0.23849418,-0.05262849,0.65170800,0.18544929,0.14844946,0.23754722,1.01426727,1.28840173,1.54442934,1.77725867,0.27825456,0.53794126,0.76854635,0.26028419,0.49330489,0.23849418,1.42588770,0.47466098,0.28472527,0.27210016,0.41666774
30,0.05522047,0.46856863,0.46732315,0.46647913,0.46525168,-0.18289081,-1.40968209,-0.25434500,-0.38956280,-0.25553757,-0.11602980,-0.23321415,0.14085917,-0.20208494,0.36991805,1.02563453,0.27428034,0.25873686,0.23622048,-0.06045780,0.65773532,0.18462594,0.14923568,0.23739846,1.02563453,1.29700573,1.55180069,1.78176534,0.27428034,0.53246376,0.76130980,0.25873686,0.48964010,0.23622048,1.42426606,0.46535385,0.28228585,0.27731368,0.42152961
31,0.05451042,0.47564932,0.47304437,0.47103984,0.46882433,-0.18863028,-1.40333573,-0.24886186,-0.39542265,-0.25156644,-0.11755283,-0.23091267,0.13950424,-0.19962566,0.37029133,1.01357650,0.27962999,0.25901531,0.23741228,-0.06641588,0.64377066,0.18483587,0.14889510,0.23734795,1.01357650,1.28859359,1.54377327,1.77542568,0.27962999,0.53808489,0.76735166,0.25901531,0.49109044,0.23741228,1.41804451,0.46735825,0.27837466,0.27332471,0.42067916
32,0.05302086,0.47905589,0.47355894,0.46895714,0.46345435,-0.18801512,-1.39959773,-0.25232084,-0.40704537,-0.25417274,-0.12274539,-0.23343740,0.13323525,-0.20390198,0.35935125,0.99797207,0.28521292,0.25785556,0.23294506,-0.06464618,0.64813712,0.18448823,0.14891626,0.23709062,0.99797207,1.27991824,1.53392230,1.76099241,0.28521292,0.54254907,0.76792657,0.25785556,0.48532785,0.23294506,1.41471692,0.47891813,0.28345565,0.27323398,0.41317276
33,0.05257662,0.47921376,0.47402336,0.46946964,0.46443763,-0.18697789,-1.40508788,-0.25381473,-0.40767306,-0.25618053,-0.12342929,-0.23508589,0.13373688,-0.20520968,0.35883981,1.00326214,0.28534580,0.25920251,0.23147499,-0.06288702,0.64338241,0.18371655,0.14875183,0.23638714,1.00326214,1.28493162,1.53998507,1.76585212,0.28534580,0.54399691,0.76806651,0.25920251,0.48537905,0.23147499,1.41988486,0.48023398,0.28526213,0.27455848,0.41337931
34,0.05251677,0.47865058,0.47611586,0.47054201,0.46620063,-0.18701398,-1.40895508,-0.25488064,-0.40415263,-0.25918570,-0.12494067,-0.23824083,0.13327757,-0.20651394,0.35655600,1.01093184,0.28061644,0.26035832,0.22994155,-0.06376301,0.63929596,0.18299272,0.14926293,0.23614775,1.01093184,1.28745507,1.54346695,1.76739806,0.28061644,0.54035409,0.76229484,0.26035832,0.48474011,0.22994155,1.42353289,0.47788762,0.28836514,0.27668109,0.41204397
35,0.05338756,0.47584480,0.47718648,0.47320998,0.47192123,-0.18337981,-1.41770437,-0.25440398,-0.39658952,-0.26032099,-0.12100960,-0.23863667,0.13845689,-0.20548741,0.36321599,1.02753159,0.27801716,0.26175152,0.23132575,-0.06247370,0.61866632,0.18151326,0.14965745,0.23525394,1.02753159,1.30008721,1.55737444,1.78245038,0.27801716,0.53898504,0.76162962,0.26175152,0.48760631,0.23132575,1.43115645,0.47166336,0.28745150,0.27901508,0.41731841
36,0.05430770,0.47445424,0.47625974,0.47207610,0.47173134,-0.17971194,-1.41845204,-0.25151488,-0.39918837,-0.25765167,-0.12377410,-0.23651253,0.13594048,-0.20318279,0.36112357,1.02578451,0.27771222,0.26191974,0.23187614,-0.05735028,0.61351252,0.18103464,0.14920847,0.23459904,1.02578451,1.29820111,1.55569658,1.78122440,0.27771222,0.53887632,0.76204764,0.26191974,0.48826526,0.23187614,1.43153796,0.47222969,0.28625313,0.27599549,0.41436517
37,0.05347149,0.47607280,0.47605662,0.47118819,0.47133351,-0.18682584,-1.41839776,-0.25328468,-0.40029626,-0.25996529,-0.12465974,-0.23860215,0.13534250,-0.20430582,0.36148832,1.02448243,0.27777125,0.26223622,0.23322740,-0.06113873,0.63580332,0.18061794,0.14917734,0.23425780,1.02448243,1.29715132,1.55494155,1.78168152,0.27777125,0.53922966,0.76350085,0.26223622,0.48968963,0.23322740,1.43258755,0.47405265,0.28871955,0.27751824,0.41524344
38,0.05469614,0.47380059,0.47316894,0.46833434,0.47061404,-0.18765993,-1.40757915,-0.25185960,-0.40041978,-0.25856710,-0.12335501,-0.23933773,0.13835135,-0.20543925,0.36386873,1.01368794,0.27878750,0.26364152,0.23284568,-0.06094674,0.66329742,0.18098646,0.15045302,0.23535550,1.01368794,1.28782341,1.54730089,1.77365311,0.27878750,0.54178154,0.76574558,0.26364152,0.49058646,0.23284568,1.42248179,0.47319030,0.28707391,0.27989952,0.41787070
39,0.05458155,0.47525680,0.47643718,0.47205896,0.47488809,-0.18545413,-1.39546710,-0.24643303,-0.40146146,-0.25685882,-0.12554313,-0.23992326,0.13835064,-0.20903084,0.36182976,1.00140011,0.27844039,0.26587629,0.23055052,-0.06926686,0.69562343,0.18193330,0.14983186,0.23568902,1.00140011,1.27380797,1.53534598,1.75970791,0.27844039,0.54357774,0.76437535,0.26587629,0.49011697,0.23055052,1.40956489,0.47223741,0.28590984,0.27860303,0.41822476
40,0.05368484,0.46790964,0.47678330,0.47719259,0.49027708,-0.18237322,-1.40536459,-0.25020216,-0.39019092,-0.26152461,-0.11796754,-0.24058789,0.14843618,-0.20657282,0.37145485,1.02371317,0.27557111,0.26898848,0.23128329,-0.06937110,0.70628771,0.17980708,0.14792465,0.23283532,1.02371317,1.29182943,1.55543491,1.77936940,0.27557111,0.54350956,0.76318561,0.26898848,0.49291249,0.23128329,1.41818358,0.46725996,0.28744565,0.28299458,0.42671923
41,0.05188830,0.46001045,0.47502387,0.47791312,0.48649211,-0.17893867,-1.39676164,-0.25174445,-0.38804371,-0.26491682,-0.12293394,-0.24352995,0.13968435,-0.20880413,0.36380291,1.01720218,0.26821050,0.26496935,0.23135288,-0.06795584,0.68879758,0.18033394,0.14669198,0.23246261,1.01720218,1.27867419,1.53839235,1.76302960,0.26821050,0.53195925,0.75335760,0.26496935,0.49028111,0.23135288,1.40931256,0.46551660,0.29238576,0.28109481,0.42066336
42,0.05700814,0.45893101,0.47121422,0.47577792,0.48999200,-0.18205728,-1.39205769,-0.25330298,-0.37982156,-0.26423575,-0.11016300,-0.24216290,0.15366052,-0.20856576,0.38156625,1.02067949,0.27268184,0.26609603,0.23498176,-0.06056711,0.65860015,0.17825080,0.14632745,0.23061889,1.02067949,1.28648459,1.54751721,1.77612989,0.27268184,0.53763597,0.76294857,0.26609603,0.49525667,0.23498176,1.40547121,0.45863106,0.28632020,0.28764275,0.43552795
43,0.05549673,0.46031517,0.46735261,0.46777450,0.47343571,-0.17714825,-1.40294155,-0.24058548,-0.39720695,-0.25480757,-0.12524958,-0.23773384,0.14008304,-0.20949989,0.36447636,1.01203554,0.27417075,0.26711315,0.22962153,-0.04331242,0.60478182,0.17833503,0.14520552,0.22997396,1.01203554,1.28152605,1.54463010,1.76932877,0.27417075,0.54034943,0.76252150,0.26711315,0.49201891,0.22962153,1.41603703,0.46476779,0.28421963,0.27861215,0.42039816
44,0.05447668,0.47745543,0.47075568,0.46419895,0.44483742,-0.15433480,-1.43452979,-0.21244311,-0.44497971,-0.22661571,-0.15881026,-0.21676380,0.10173759,-0.20374525,0.32923129,0.99358939,0.28763342,0.26172482,0.23029202,-0.02879373,0.51264914,0.17730921,0.14147317,0.22683301,0.99358939,1.27848189,1.53766590,1.76526029,0.28763342,0.54884031,0.77439926,0.26172482,0.48869184,0.23029202,1.44566002,0.49361307,0.28084992,0.24967759,0.38897674
45,0.05263800,0.48842102,0.47301481,0.45488704,0.41749629,-0.11458028,-1.47301148,-0.17692913,-0.48240497,-0.20394248,-0.18601374,-0.20296515,0.07399911,-0.20753480,0.32184708,0.99294396,0.29789523,0.26150446,0.24800177,0.00360789,0.38610196,0.17637564,0.14152310,0.22613526,0.99294396,1.29017859,1.54959057,1.79727358,0.29789523,0.55849665,0.80552037,0.26150446,0.50828435,0.24800177,1.48063689,0.51851351,0.28805803,0.24253455,0.39651377
46,0.05395045,0.50401480,0.47699988,0.45614006,0.41339691,-0.08741333,-1.49644041,-0.15825110,-0.50634837,-0.18983292,-0.20817347,-0.19417694,0.05933646,-0.19579849,0.31911471,0.99285874,0.30080808,0.26885249,0.25994178,0.00091887,0.27537964,0.17195269,0.14165245,0.22278497,0.99285874,1.29233410,1.55970400,1.81918429,0.30080808,0.56907497,0.82846574,0.26885249,0.52851929,0.25994178,1.50051314,0.53248575,0.29029841,0.22479911,0.38899097
47,0.05334920,0.48627391,0.46467822,0.45467918,0.41386534,-0.06132712,-1.48624851,-0.13769043,-0.49677339,-0.16696593,-0.20171218,-0.17889093,0.07108390,-0.17356570,0.33332063,0.99241958,0.29699188,0.27375457,0.26256182,-0.00296945,0.19990718,0.16882231,0.14553479,0.22289313,0.99241958,1.28895840,1.56214216,1.82361579,0.29699188,0.57051541,0.83227593,0.27375457,0.53599774,0.26256182,1.48896298,0.51941444,0.27395728,0.21695777,0.39213899
48,0.05574433,0.46572750,0.45031422,0.44784792,0.40075075,-0.04309288,-1.47504291,-0.12705379,-0.47141654,-0.15071749,-0.18366855,-0.16718708,0.09258922,-0.16171298,0.35315844,1.00735767,0.28924900,0.27703381,0.26143938,-0.00490700,0.11965540,0.16758478,0.15082912,0.22546415,1.00735767,1.29643232,1.57337533,1.83345901,0.28924900,0.56623091,0.82685698,0.27703381,0.53796333,0.26143938,1.47749350,0.49732744,0.26272857,0.22820887,0.41471570
49,0.05524770,0.45983680,0.44482171,0.44430674,0.39512873,-0.03115337,-1.46272776,-0.12530396,-0.47308357,-0.14472732,-0.18385702,-0.15881402,0.09730945,-0.14851207,0.35387342,0.99452011,0.29038687,0.28174784,0.25798077,0.00082260,0.10680915,0.16499842,0.15076671,0.22350633,0.99452011,1.28471523,1.56628932,1.82223209,0.29038687,0.57208853,0.82901012,0.28174784,0.53896809,0.25798077,1.46458042,0.49856911,0.25957318,0.22360611,0.41156977
50,0.05491402,0.44861502,0.42543102,0.43466311,0.38934051,-0.02843963,-1.44933761,-0.11807953,-0.45263710,-0.13534736,-0.15886080,-0.14293908,0.11718207,-0.12813503,0.37396881,1.00175319,0.29453957,0.27627157,0.25852946,0.00183249,0.09344719,0.16245077,0.14963094,0.22086120,1.00175319,1.29618220,1.57208385,1.82834799,0.29453957,0.57073200,0.82798092,0.27627157,0.53398395,0.25852946,1.45092454,0.47986781,0.24038526,0.22458525,0.42411498
51,0.05486155,0.43562014,0.41001698,0.42234416,0.36974202,-0.02293357,-1.43205111,-0.10717874,-0.43532761,-0.12055802,-0.14076818,-0.12832999,0.13134195,-0.10964722,0.38483868,1.00219082,0.29491557,0.27224208,0.25600184,-0.00824254,0.05989061,0.16066939,0.14921652,0.21927203,1.00219082,1.29672395,1.56854219,1.82177600,0.29491557,0.56713465,0.82111549,0.27224208,0.52680755,0.25600184,1.43373045,0.46606961,0.22808130,0.22869305,0.43351329
52,0.05505208,0.42965242,0.40665124,0.42025014,0.37556453,-0.01826636,-1.41544248,-0.09715196,-0.41754146,-0.10886210,-0.12272011,-0.11453958,0.14931445,-0.09490567,0.40216353,1.00304037,0.29517215,0.27216893,0.25538868,-0.01492254,0.03875390,0.15976507,0.15096420,0.21980689,1.00304037,1.29789610,1.56967866,1.82245738,0.29517215,0.56731435,0.82093353,0.27216893,0.52633499,0.25538868,1.41635796,0.44289487,0.20301988,0.22647421,0.44170841
53,0.05516450,0.41496313,0.38653035,0.40437164,0.35625485,-0.01349811,-1.41480772,-0.09162453,-0.39961019,-0.09871952,-0.10715390,-0.10015559,0.15982024,-0.07883211,0.40674271,1.02169999,0.29260811,0.26697870,0.24987203,-0.01875868,0.03063894,0.15784548,0.15070566,0.21823701,1.02169999,1.31276511,1.57892339,1.82600694,0.29260811,0.55953692,0.80684113,0.26697870,0.51522582,0.24987203,1.41618052,0.43498844,0.20147918,0.23403295,0.44796434
54,0.05662794,0.40794383,0.38197618,0.39772009,0.35676951,-0.00874149,-1.41154691,-0.08729803,-0.38039453,-0.09241756,-0.09347650,-0.09334377,0.17517644,-0.07213023,0.41613007,1.03864164,0.28705038,0.26865744,0.24447053,-0.01888224,0.00627083,0.15618531,0.15197212,0.21792058,1.03864164,1.32375543,1.59142812,1.83295778,0.28705038,0.55566591,0.79713161,0.26865744,0.51115609,0.24447053,1.41241268,0.41643880,0.19073455,0.24115715,0.45617222
55,0.05758157,0.39971792,0.37377444,0.39226576,0.35331202,-0.00629440,-1.40718422,-0.08179490,-0.36923341,-0.08643945,-0.08598524,-0.08695320,0.17824224,-0.06502446,0.42067768,1.04508878,0.28335900,0.26423608,0.24555753,-0.02167775,0.01455272,0.15476896,0.15047261,0.21585976,1.04508878,1.32663861,1.58987339,1.83270865,0.28335900,0.54756577,0.79044749,0.26423608,0.50801498,0.24555753,1.40787221,0.40302629,0.18034438,0.23757988,0.45585298
56,0.05670050,0.39177196,0.36583583,0.38235462,0.34285196,-0.00490653,-1.40460183,-0.07826166,-0.35797538,-0.08183615,-0.08121003,-0.08158635,0.18483417,-0.06229285,0.42744350,1.05320802,0.27680381,0.26607302,0.24577949,-0.02093464,0.01589021,0.15414382,0.14939643,0.21466162,1.05320802,1.32860660,1.59355517,1.83682425,0.27680381,0.54286265,0.78606120,0.26607302,0.50993491,0.24577949,1.40528464,0.39064323,0.17561685,0.23947625,0.46163954
57,0.05805842,0.39279968,0.36575714,0.38199922,0.34484133,-0.00846439,-1.41352562,-0.07759512,-0.35631909,-0.08112664,-0.08101243,-0.08211501,0.18476376,-0.06432853,0.42584145,1.06325057,0.27533521,0.26584381,0.24367578,-0.02057679,0.01967139,0.15353832,0.14921019,0.21409740,1.06325057,1.33762267,1.60227023,1.84388319,0.27533521,0.54111737,0.78272504,0.26584381,0.50773798,0.24367578,1.41413454,0.38724035,0.17489350,0.23832037,0.45835230
58,0.05813539,0.39345413,0.36421068,0.38007766,0.34116083,-0.01123547,-1.42134143,-0.07929367,-0.35729298,-0.08137396,-0.07905407,-0.08077148,0.18672093,-0.06239203,0.42862384,1.07043552,0.27824670,0.26585193,0.24460952,-0.01613036,0.01861216,0.15334546,0.14753936,0.21279731,1.07043552,1.34745629,1.61199170,1.85453978,0.27824670,0.54405426,0.78649060,0.26585193,0.50864360,0.24460952,1.42195468,0.39012245,0.17634094,0.24069741,0.46172097
59,0.05831616,0.39328059,0.36544498,0.37709840,0.34052773,-0.01691126,-1.41163682,-0.08009383,-0.35095484,-0.08181468,-0.07432099,-0.08111358,0.19407059,-0.06489237,0.43185504,1.06656378,0.27664096,0.26849059,0.24055769,-0.01675907,0.01931236,0.15413370,0.14731519,0.21321108,1.06656378,1.34213600,1.60929171,1.84792871,0.27664096,0.54506247,0.78340037,0.26849059,0.50709301,0.24055769,1.41245612,0.38528578,0.17705865,0.24783132,0.46636765
60,0.05614779,0.40034707,0.36940865,0.38282398,0.33960401,-0.02096144,-1.40870672,-0.08394762,-0.36530112,-0.08585461,-0.08445358,-0.08578301,0.18469486,-0.06845764,0.42560758,1.04956254,0.28085488,0.26930454,0.24373901,-0.01796507,0.01652579,0.15484143,0.14656571,0.21320735,1.04956254,1.32915212,1.59696072,1.83867332,0.28085488,0.55008750,0.79139003,0.26930454,0.51090022,0.24373901,1.40983189,0.40251156,0.18926929,0.24535124,0.46322248
61,0.05512392,0.41160374,0.37502967,0.39156123,0.34295424,-0.02971631,-1.41512299,-0.09510021,-0.39281364,-0.09512903,-0.10205873,-0.09416928,0.16741305,-0.07726649,0.41237822,1.02886458,0.29077815,0.26966038,0.24740824,-0.02060788,0.02032406,0.15513694,0.14491001,0.21228844,1.02886458,1.31791385,1.58597190,1.83156794,0.29077815,0.56039529,0.80555980,0.26966038,0.51514503,0.24740824,1.41673970,0.43342304,0.20697105,0.23937024,0.45387016
62,0.05368587,0.41883364,0.38322130,0.39763107,0.35455909,-0.03560025,-1.41659139,-0.10261933,-0.39906173,-0.10301538,-0.10539858,-0.10134837,0.16462963,-0.08323320,0.40878232,1.02345185,0.29367799,0.27008148,0.24642931,-0.01760109,0.03069022,0.15546424,0.14505411,0.21262602,1.02345185,1.31562359,1.58456426,1.82913980,0.29367799,0.56374990,0.80832555,0.27008148,0.51507442,0.24642931,1.41841885,0.43839950,0.20800623,0.23968565,0.45039143
63,0.05593231,0.42192463,0.38752438,0.40157990,0.35729318,-0.04074886,-1.41356383,-0.10543760,-0.40219463,-0.10567394,-0.10822522,-0.10429778,0.16233726,-0.08614618,0.40756921,1.01696430,0.29398300,0.27062413,0.24748339,-0.01769308,0.03371102,0.15635722,0.14555834,0.21362306,1.01696430,1.30951117,1.57902230,1.82467304,0.29398300,0.56459592,0.81022828,0.27062413,0.51664611,0.24748339,1.41570328,0.44232769,0.21169278,0.23986522,0.45008431
64,0.05577234,0.42512966,0.39317009,0.40685660,0.36670042,-0.04457562,-1.41320308,-0.10820206,-0.39991989,-0.10900058,-0.10582978,-0.10748202,0.16531596,-0.08876116,0.40739914,1.01847905,0.29409748,0.27118993,0.24453155,-0.01928048,0.03141275,0.15720002,0.14671711,0.21502967,1.01847905,1.31132662,1.58150884,1.82405426,0.29409748,0.56527457,0.80786432,0.27118993,0.51420448,0.24453155,1.41547096,0.43967820,0.21021914,0.24220257,0.45014539
65,0.05634682,0.43377152,0.40430811,0.41527742,0.37718038,-0.04545971,-1.41251937,-0.11616198,-0.40492589,-0.11442868,-0.10857165,-0.11107557,0.16477006,-0.08792768,0.41041175,1.01274300,0.29635975,0.27336250,0.24805260,-0.02017161,0.05053756,0.15808128,0.14572579,0.21500163,1.01274300,1.30780976,1.58032475,1.82607012,0.29635975,0.56971931,0.81620077,0.27336250,0.52027174,0.24805260,1.41464082,0.44273416,0.20808069,0.24043247,0.44952147
66,0.05486611,0.43844877,0.41249316,0.42176834,0.39602228,-0.05656533,-1.40452757,-0.12890937,-0.39669359,-0.12668501,-0.10351544,-0.12310956,0.17087213,-0.10086374,0.41565440,1.01203239,0.29318697,0.27442644,0.24653024,-0.02304625,0.08278289,0.15917029,0.14497093,0.21529457,1.01203239,1.30416642,1.57795994,1.82245369,0.29318697,0.56760552,0.81314260,0.27442644,0.52027694,0.24653024,1.40747977,0.43643065,0.20826565,0.24844616,0.45354934
67,0.05300674,0.45927524,0.44541272,0.45032372,0.44375934,-0.08065937,-1.40215055,-0.15373943,-0.40142650,-0.15667411,-0.11146518,-0.15158268,0.16384112,-0.13256015,0.40835879,1.00349674,0.29023540,0.27575543,0.24539643,-0.02974165,0.13753876,0.15890888,0.14292080,0.21372503,1.00349674,1.29320323,1.56815569,1.81194712,0.29023540,0.56592334,0.81083689,0.27575543,0.52089861,0.24539643,1.40590928,0.43693979,0.21255715,0.24687944,0.44415561
68,0.05256425,0.47490234,0.46588452,0.46775621,0.46095792,-0.11400799,-1.40745302,-0.18507856,-0.40673745,-0.18879798,-0.11947888,-0.18197016,0.14908201,-0.16500495,0.39317467,1.00338345,0.28803571,0.26980348,0.24468442,-0.03396036,0.20294018,0.15881025,0.14161516,0.21278052,1.00338345,1.29014884,1.55827988,1.80159551,0.28803571,0.55770875,0.80154042,0.26980348,0.51387065,0.24468442,1.41309245,0.44837360,0.23072024,0.24928747,0.43453057
69,0.05659517,0.48618638,0.46998075,0.46441394,0.45843999,-0.13744311,-1.41973536,-0.21139002,-0.42241182,-0.21686469,-0.12941276,-0.21016639,0.14032835,-0.20884896,0.38095258,1.00082608,0.29466545,0.27125051,0.24080924,-0.01802892,0.27254558,0.15821483,0.13951525,0.21094179,1.00082608,1.29279127,1.56187917,1.80213161,0.29466545,0.56578337,0.80487631,0.27125051,0.51076105,0.24080924,1.42784201,0.47304839,0.25877479,0.26637629,0.44085164
70,0.05215066,0.47506089,0.46191405,0.45722642,0.46738856,-0.14333069,-1.43878520,-0.22453699,-0.42395985,-0.22855508,-0.12199136,-0.21915480,0.15011952,-0.20536185,0.39017799,1.01878514,0.30280921,0.27334844,0.24176339,-0.00495473,0.34884860,0.15498647,0.14235756,0.21044353,1.01878514,1.31964585,1.59073415,1.83009286,0.30280921,0.57597735,0.81464174,0.27334844,0.51269502,0.24176339,1.44840022,0.48202255,0.26809283,0.28150676,0.44614249
71,0.05000226,0.47797148,0.47563221,0.47439895,0.49086200,-0.16283946,-1.43562757,-0.23365037,-0.42261605,-0.24623465,-0.11961002,-0.23266081,0.15093844,-0.21216350,0.39018336,1.01848654,0.30544985,0.27266982,0.24289272,-0.01277625,0.45420276,0.15473943,0.14231011,0.21022954,1.01848654,1.31931661,1.58813692,1.82708626,0.30544985,0.57752115,0.81367326,0.27266982,0.51095996,0.24289272,1.44646485,0.48299747,0.27507424,0.28335160,0.44465590
72,0.05135208,0.46665771,0.47648956,0.47567798,0.49472873,-0.18227198,-1.40087042,-0.24582518,-0.39776280,-0.25879189,-0.10882011,-0.24134284,0.15949014,-0.21455434,0.39371180,1.01059582,0.29287435,0.27085876,0.24094547,-0.03419616,0.57653963,0.15697882,0.14170888,0.21147992,1.01059582,1.29565984,1.56170026,1.79648521,0.29287435,0.56280650,0.79262167,0.27085876,0.50476390,0.24094547,1.41395614,0.46975365,0.28074218,0.29124438,0.44866347
73,0.05040283,0.46782885,0.48438778,0.48312666,0.50270730,-0.18792886,-1.38339189,-0.26138967,-0.37809019,-0.26948622,-0.10543496,-0.25838436,0.16696186,-0.23035975,0.39645952,1.01562314,0.27691154,0.27434893,0.23837546,-0.06629290,0.71275123,0.15961715,0.13991880,0.21226141,1.01562314,1.28284962,1.55263364,1.78339079,0.27691154,0.55067096,0.77543863,0.27434893,0.50415759,0.23837546,1.39675760,0.46680679,0.29133947,0.30764901,0.46257407
74,0.04649575,0.46098098,0.47512717,0.47500045,0.50384055,-0.19907526,-1.39588906,-0.27757330,-0.33697731,-0.28528457,-0.06166873,-0.27126162,0.21231119,-0.25131411,0.43403761,1.06952436,0.27867159,0.27599744,0.23379787,-0.06284809,0.77996218,0.15459097,0.14659296,0.21304428,1.06952436,1.33974618,1.61077532,1.83506532,0.27867159,0.55411243,0.77146299,0.27599744,0.49857466,0.23379787,1.41064942,0.44493009,0.29507319,0.34471877,0.50862017
75,0.04803536,0.45876158,0.47515678,0.48158140,0.50347155,-0.21913665,-1.39554969,-0.27514083,-0.32328033,-0.27893590,-0.05755179,-0.26647890,0.20651635,-0.25227615,0.44290587,1.08149164,0.26862946,0.26579745,0.24616405,-0.05749785,0.77395052,0.15432513,0.14709133,0.21319499,1.08149164,1.34236349,1.60398558,1.84332614,0.26862946,0.53405870,0.76652741,0.26579745,0.50272976,0.24616405,1.41328413,0.43333677,0.28879562,0.33774070,0.51715540
76,0.04694210,0.45247079,0.47070349,0.47524335,0.49788269,-0.23702053,-1.35317943,-0.28117257,-0.30158592,-0.27442326,-0.04070658,-0.26369963,0.22335116,-0.24645018,0.45573608,1.06007977,0.26247072,0.26590709,0.24252133,-0.07739370,0.84920573,0.15868817,0.15501593,0.22183750,1.06007977,1.31668149,1.57826116,1.81405335,0.26247072,0.52836275,0.75818004,0.26590709,0.49866418,0.24252133,1.37423774,0.42223360,0.28446184,0.34719308,0.52779436
77,0.04459470,0.44740525,0.46825026,0.48451275,0.51000109,-0.24690902,-1.38078152,-0.28978297,-0.29793787,-0.28492813,-0.04781735,-0.26661449,0.19645535,-0.25249382,0.42678855,1.08944692,0.25086523,0.24644210,0.23930997,-0.07068162,0.90242141,0.16020728,0.15203275,0.22086270,1.08944692,1.33675469,1.57874567,1.81221219,0.25086523,0.49704103,0.72590038,0.24644210,0.47710136,0.23930997,1.40289929,0.42467847,0.29693228,0.33377179,0.50686194
78,0.03981942,0.44923183,0.46936383,0.49044753,0.51020881,-0.25176178,-1.38024678,-0.30504517,-0.30284799,-0.28918511,-0.05854075,-0.26419087,0.17591127,-0.24684464,0.40646734,1.08542586,0.24540690,0.23752109,0.24045674,-0.08827656,0.95503122,0.15946246,0.15826218,0.22466685,1.08542586,1.32628558,1.55800743,1.79226902,0.24540690,0.48266214,0.71199155,0.23752109,0.46842292,0.24045674,1.40334116,0.43926904,0.30407909,0.32055045,0.48830855
79,0.03743227,0.46223739,0.48467812,0.50215973,0.51797204,-0.25424587,-1.36577453,-0.30292757,-0.31311695,-0.28218913,-0.07578509,-0.25891451,0.16641817,-0.23988491,0.40365786,1.06158947,0.23980732,0.24549605,0.24598560,-0.10634034,0.99445402,0.16032989,0.16166890,0.22768949,1.06158947,1.29424700,1.53372941,1.77430684,0.23980732,0.48527761,0.71954503,0.24549605,0.48221138,0.24598560,1.38927172,0.45156744,0.30613915,0.31334038,0.48487308
80,0.03554996,0.46086872,0.47984153,0.50061420,0.51898475,-0.24261399,-1.31819192,-0.29206130,-0.29834397,-0.27042031,-0.07205501,-0.24885951,0.15718998,-0.23500739,0.37849596,1.02736546,0.22829517,0.23250850,0.22941530,-0.10658622,1.02665408,0.16346189,0.16873072,0.23492519,1.02736546,1.24989040,1.47663223,1.70089253,0.22829517,0.46067688,0.67926265,0.23250850,0.45272076,0.22941530,1.34033263,0.43279082,0.29488767,0.30053360,0.46127224
81,0.03417702,0.46466982,0.47815408,0.49966081,0.51469068,-0.23550621,-1.30476524,-0.28275386,-0.30016508,-0.26403750,-0.07324332,-0.24515326,0.15697146,-0.23350173,0.37795905,1.01213473,0.22966025,0.23349678,0.22760793,-0.10416407,1.03273075,0.16404376,0.17291254,0.23834660,1.01213473,1.23470312,1.46261380,1.68587206,0.22966025,0.46314272,0.67999775,0.23349678,0.45263762,0.22760793,1.32591842,0.43160861,0.29081250,0.29790192,0.45929734
82,0.03421247,0.46896066,0.47925538,0.50245949,0.52191537,-0.23341687,-1.32336424,-0.27818770,-0.31257688,-0.26148098,-0.08457059,-0.24360718,0.14322982,-0.22670588,0.35528506,1.01768288,0.23121041,0.23132562,0.21853144,-0.09691053,1.02296247,0.16412217,0.17400051,0.23919085,1.01768288,1.24137540,1.46714512,1.68101637,0.23121041,0.46253205,0.67015814,0.23132562,0.44144981,0.21853144,1.34403747,0.43972960,0.29266349,0.28988185,0.43676222
83,0.03324280,0.46593278,0.47398030,0.49703873,0.51179516,-0.23297297,-1.31089250,-0.26020825,-0.30839085,-0.25026577,-0.09493979,-0.23431601,0.13880304,-0.22035642,0.35156788,1.00850911,0.21753527,0.23702009,0.21757844,-0.09535372,1.01783051,0.16505129,0.17831962,0.24298110,1.00850911,1.21785055,1.45000307,1.66411684,0.21753527,0.45445431,0.66200066,0.23702009,0.44756988,0.21757844,1.33184889,0.42701388,0.28538357,0.27955356,0.42834485
84,0.03452188,0.48004783,0.48557073,0.50710716,0.52036700,-0.22924865,-1.34344065,-0.25957946,-0.33791607,-0.24537202,-0.11599363,-0.23158228,0.12117698,-0.21761060,0.33976819,1.01253588,0.22568480,0.24068692,0.22381571,-0.09767964,1.14074413,0.16665002,0.17822942,0.24400401,1.01253588,1.22993549,1.46511021,1.68533964,0.22568480,0.46636355,0.67969446,0.24068692,0.45666649,0.22381571,1.36314753,0.44946670,0.29083357,0.26955139,0.41871272
85,0.03511081,0.47545074,0.49211845,0.51311999,0.50716083,-0.23020153,-1.23747346,-0.24963449,-0.30811274,-0.23074723,-0.11998063,-0.21415324,0.10951739,-0.20889055,0.33131780,0.93554504,0.19439448,0.23183327,0.22624916,-0.15235780,1.26362729,0.16614162,0.19147567,0.25350734,0.93554504,1.11912768,1.34746999,1.57079908,0.19439448,0.42552554,0.64138949,0.23183327,0.45211114,0.22624916,1.25924351,0.42137870,0.27770140,0.25024377,0.40775013
86,0.03216268,0.47404598,0.48640920,0.50940975,0.50355005,-0.24742047,-1.28067978,-0.25947890,-0.32356094,-0.23296960,-0.11723394,-0.21524948,0.11331307,-0.20625746,0.33314868,0.96285209,0.21351428,0.23387332,0.22397386,-0.13368717,1.33513353,0.16852730,0.19128853,0.25493676,0.96285209,1.16488772,1.39452256,1.61557938,0.21351428,0.44691893,0.66015542,0.23387332,0.45122559,0.22397386,1.30524594,0.44182545,0.28083675,0.25287298,0.40724427
87,0.03414392,0.47303643,0.49539514,0.52309296,0.51644965,-0.24823561,-1.28376005,-0.25104545,-0.32576391,-0.22825931,-0.13209654,-0.21432080,0.09086080,-0.21043137,0.31295719,0.96415105,0.20159879,0.22498747,0.22646227,-0.22502503,1.43111124,0.17418228,0.19273949,0.25978448,0.96415105,1.15327543,1.37538511,1.59892131,0.20159879,0.42543054,0.64090318,0.22498747,0.44574809,0.22646227,1.30833118,0.43923986,0.28315637,0.24498337,0.39588505
88,0.03245760,0.47403255,0.49351865,0.52095522,0.52057030,-0.26834722,-1.28748590,-0.26628875,-0.33641048,-0.23103074,-0.13548534,-0.21111519,0.09033735,-0.18348037,0.31359627,0.95721733,0.20746762,0.22919922,0.23018290,-1.37828279,1.56657955,0.17679371,0.19168728,0.26076816,0.95721733,1.15475538,1.37949918,1.60560396,0.20746762,0.43620936,0.65565736,0.22919922,0.45184049,0.23018290,1.31585533,0.45490883,0.29084429,0.24304829,0.38534293
89,0.03526450,0.48235475,0.50072719,0.52482524,0.52935667,-0.28395990,-1.38947318,-0.29625967,-0.38433968,-0.25553686,-0.15950633,-0.22368234,0.08328240,-0.19535439,0.32313010,1.01406252,0.23498336,0.25063229,0.24592423,-0.12293135,1.37490909,0.17549394,0.17925824,0.25086179,1.01406252,1.23281981,1.47420777,1.71639548,0.23498336,0.48545277,0.71730779,0.25063229,0.48642566,0.24592423,1.41969692,0.52450997,0.33397076,0.25535990,0.40172239
90,0.03465188,0.45846591,0.49468115,0.51061614,0.51360011,-0.27043593,-1.32596358,-0.27335823,-0.34274413,-0.23831130,-0.14762364,-0.20911118,0.10664509,-0.17805880,0.34242097,0.98917564,0.20537628,0.26050970,0.24135256,-0.05000696,1.24123570,0.17467430,0.18805597,0.25666351,0.98917564,1.18004581,1.43393363,1.67160935,0.20537628,0.46532888,0.69444954,0.26050970,0.49379016,0.24135256,1.35559165,0.47693810,0.31077528,0.24984559,0.40623248
91,0.02788315,0.45943543,0.49463225,0.51262578,0.51960441,-0.27797881,-1.34115367,-0.27629054,-0.35221724,-0.23288403,-0.15072555,-0.19862678,0.11029338,-0.18871262,0.35781636,0.99574038,0.21024300,0.26808094,0.25171211,-0.00765047,1.11475893,0.17748169,0.18616378,0.25720946,0.99574038,1.19362363,1.45381441,1.70270198,0.21024300,0.47794127,0.71698571,0.26808094,0.51049169,0.25171211,1.37197910,0.48866146,0.31752142,0.24980937,0.43092833
92,0.02615918,0.45923461,0.49168661,0.50081201,0.52328640,-0.29314755,-1.39176019,-0.29218469,-0.36870514,-0.24983514,-0.14732546,-0.21330478,0.13884588,-0.18303533,0.36559975,1.03010348,0.22841145,0.29357608,0.23519357,0.01193659,1.12246324,0.18001635,0.17839346,0.25343661,1.03010348,1.24797070,1.53295952,1.76278545,0.22841145,0.52171188,0.74328348,0.29357608,0.51725674,0.23519357,1.42407367,0.50788135,0.32856597,0.27344991,0.43711149
93,0.03079288,0.45916072,0.49505518,0.48988332,0.51199646,-0.28794351,-1.33559427,-0.29065254,-0.32905659,-0.25500510,-0.12161808,-0.22242824,0.16158392,-0.19139121,0.37246146,1.01099714,0.21391584,0.28707130,0.21983220,0.00504829,1.08567547,0.18202351,0.18959320,0.26282721,1.01099714,1.21574233,1.49878411,1.71249533,0.21391584,0.50057106,0.70874052,0.28707130,0.49855722,0.21983220,1.36776807,0.46680250,0.30710270,0.28822563,0.44164810
94,0.03071087,0.46039656,0.49597480,0.50128805,0.51456588,-0.28129559,-1.35889749,-0.28946700,-0.34652527,-0.25346518,-0.13481221,-0.21296397,0.13683744,-0.19571680,0.36929304,1.01776179,0.21744553,0.27612330,0.23847902,0.01750513,1.03816445,0.18148440,0.18895871,0.26199615,1.01776179,1.22641037,1.49787554,1.73275704,0.21744553,0.49336465,0.72203434,0.27612330,0.50787571,0.23847902,1.38916798,0.48175718,0.31676413,0.27420448,0.44604281
95,0.02824396,0.47254712,0.50454205,0.50495891,0.51753117,-0.29356019,-1.37065538,-0.28667582,-0.37050697,-0.25353096,-0.15613264,-0.21761995,0.12514885,-0.19672143,0.36706447,1.00586659,0.22027415,0.28550841,0.24872121,0.02765714,1.06643515,0.18338048,0.18824144,0.26279886,1.00586659,1.21711670,1.49814746,1.74270084,0.22027415,0.50553143,0.74324672,0.28550841,0.52667587,0.24872121,1.40289545,0.49628092,0.32313120,0.26746037,0.44135527
96,0.02967025,0.47136898,0.51010548,0.50726876,0.52172173,-0.30028461,-1.34976871,-0.28482650,-0.37600172,-0.25013601,-0.16600694,-0.21127099,0.11712112,-0.19694551,0.36048038,0.98117009,0.21586870,0.28748240,0.25100828,0.03007453,0.97403572,0.18440930,0.18987135,0.26468456,0.98117009,1.18774649,1.47051010,1.71701631,0.21586870,0.50309218,0.74174408,0.28748240,0.52993917,0.25100828,1.38375001,0.50189027,0.32933505,0.26307736,0.44229960
97,0.03261146,0.46965080,0.50754738,0.50098223,0.51878946,-0.31683429,-1.39852848,-0.30658526,-0.36136616,-0.26841843,-0.14424892,-0.21931507,0.13819932,-0.20674547,0.36936195,1.04428113,0.22426390,0.28802803,0.24196124,0.00244404,0.89967846,0.18382112,0.18570493,0.26129777,1.04428113,1.25776625,1.54070707,1.77555742,0.22426390,0.51180180,0.73751844,0.28802803,0.51904976,0.24196124,1.43539214,0.50880395,0.33703589,0.28408607,0.46258506
98,0.03100192,0.45203479,0.50789436,0.49278369,0.51710994,-0.31824593,-1.35284095,-0.30088960,-0.35157938,-0.25656925,-0.13922091,-0.21662850,0.16280576,-0.19625703,0.39087785,1.00702755,0.22081144,0.30576217,0.24298144,0.02457308,0.80606947,0.18679157,0.18397225,0.26217719,1.00702755,1.21692354,1.51955043,1.75211611,0.22081144,0.52555241,0.74992652,0.30576217,0.53637778,0.24298144,1.39142088,0.49437720,0.32068541,0.29126936,0.47610577
99,0.02711579,0.46342529,0.50338558,0.49492878,0.50001498,-0.35203846,-1.37340711,-0.31047298,-0.38485064,-0.25424378,-0.13493831,-0.19413690,0.15754693,-0.16908607,0.39360528,0.99456562,0.26069819,0.30031179,0.25315681,-0.01714105,0.71161424,0.18542259,0.17414134,0.25437520,0.99456562,1.24343316,1.53921152,1.77976437,0.26069819,0.56054021,0.79122686,0.30031179,0.53827237,0.25315681,1.42038702,0.52847668,0.31923726,0.27157445,0.47026409
100,0.02796133,0.46238844,0.50485506,0.49863032,0.46196301,-0.35306233,-1.33494815,-0.32696099,-0.35614748,-0.25935339,-0.10454490,-0.20257510,0.17558738,-0.19147591,0.39427398,0.98412942,0.26620902,0.28896148,0.23972988,-0.04986817,0.69090409,0.18573313,0.16329473,0.24730945,0.98412942,1.23475731,1.51801419,1.73959380,0.26620902,0.55466228,0.76255411,0.28896148,0.50642798,0.23972988,1.38440070,0.52244930,0.31421460,0.28643064,0.48114533
101,0.02917088,0.45689642,0.49279725,0.50257526,0.44388485,-0.34201860,-1.31741167,-0.30231743,-0.34669864,-0.24196687,-0.09819740,-0.19920006,0.16786123,-0.19034713,0.37190919,0.97682435,0.26169160,0.27467552,0.22332512,-0.03215412,0.65073444,0.18989753,0.17061388,0.25528449,0.97682435,1.22417912,1.49214069,1.69815448,0.26169160,0.53594332,0.72751244,0.27467552,0.47438757,0.22332512,1.36478307,0.50240547,0.29940325,0.27668721,0.45635046
102,0.03454313,0.42877749,0.47029248,0.47981687,0.50035760,-0.35224155,-1.31270102,-0.30472608,-0.29200083,-0.23713566,-0.04957576,-0.19169022,0.21569376,-0.20903578,0.41784765,1.02544461,0.25737656,0.27109545,0.21551139,-0.02110026,0.47658158,0.18874598,0.17380105,0.25657718,1.02544461,1.26877341,1.53680427,1.73797757,0.25737656,0.52726005,0.71640192,0.27109545,0.46998113,0.21551139,1.36360020,0.46555997,0.28113423,0.30884952,0.50168268
103,0.03635014,0.40551853,0.44411793,0.45431179,0.51585255,-0.35724148,-1.31211686,-0.31481532,-0.25779950,-0.24717803,-0.01942666,-0.20356981,0.23639080,-0.23842299,0.41914642,1.05830959,0.25254864,0.26136337,0.20068394,-0.01684845,0.43701185,0.18848741,0.18244334,0.26232247,1.05830959,1.29777732,1.55611481,1.73703270,0.25254864,0.51282240,0.68125879,0.26136337,0.44087576,0.20068394,1.36389549,0.44741432,0.28337332,0.32951844,0.51518619
104,0.03684304,0.40152911,0.43911625,0.45211741,0.53602846,-0.35731714,-1.32070217,-0.32279627,-0.25270390,-0.25694958,-0.00877239,-0.20710918,0.23867921,-0.22873156,0.41921890,1.07148137,0.25753044,0.25521017,0.19315118,-0.02052812,0.39922020,0.18851132,0.18279181,0.26258211,1.07148137,1.31608933,1.56662131,1.74559087,0.25753044,0.51233847,0.67884169,0.25521017,0.42980295,0.19315118,1.37273363,0.45216627,0.29319945,0.33247053,0.50640510
105,0.03975732,0.38941928,0.42986695,0.46081328,0.51689556,-0.35367129,-1.32953745,-0.31752928,-0.23301958,-0.25492437,-0.00035709,-0.19359255,0.22422671,-0.21694653,0.42753537,1.10034142,0.24769981,0.23584115,0.21357771,-0.01422517,0.35083955,0.18798827,0.18811691,0.26594654,1.10034142,1.33311162,1.56202702,1.76309798,0.24769981,0.48321268,0.66903671,0.23584115,0.43021224,0.21357771,1.38020900,0.43939022,0.28954942,0.31253133,0.50565115
106,0.04005266,0.37859454,0.41658170,0.43779010,0.48379294,-0.34293652,-1.29866975,-0.32326436,-0.20736647,-0.26708751,0.02577414,-0.20784885,0.24636338,-0.23202282,0.42261685,1.09403552,0.24556576,0.23173128,0.18773667,-0.01588391,0.32584122,0.18815661,0.19342569,0.26984516,1.09403552,1.32679449,1.55102327,1.72538538,0.24556576,0.47712550,0.63736026,0.23173128,0.39893351,0.18773667,1.34737455,0.42452281,0.29731298,0.33436944,0.50458445
107,0.04029602,0.37334262,0.41022826,0.42281841,0.46309123,-0.32179345,-1.27698678,-0.31498163,-0.20194125,-0.26530360,0.02157837,-0.21249258,0.23728542,-0.23714321,0.39061934,1.07715754,0.23367098,0.22524900,0.16377983,-0.00595029,0.29929287,0.18834492,0.20059776,0.27516044,1.07715754,1.29995426,1.51830927,1.67011587,0.23367098,0.45883271,0.59852186,0.22524900,0.37039170,0.16377983,1.32154897,0.41422591,0.29672069,0.33195006,0.47956156
108,0.04164816,0.37957659,0.41291752,0.42548198,0.45341738,-0.31096456,-1.27655335,-0.31208243,-0.22045832,-0.27025514,0.01153011,-0.22411828,0.22986473,-0.24199071,0.38767832,1.05792076,0.23984241,0.22676964,0.16744516,0.00336234,0.30256794,0.18818558,0.20320186,0.27695633,1.05792076,1.28885072,1.50908617,1.66594152,0.23984241,0.46655914,0.61297301,0.22676964,0.37742301,0.16744516,1.31880180,0.42064739,0.30085300,0.33378824,0.47927799
109,0.04372128,0.37883576,0.41171788,0.42860057,0.45913978,-0.30466544,-1.28092685,-0.30832396,-0.22299952,-0.26525567,0.01185936,-0.21770906,0.22774019,-0.23383345,0.39511966,1.05999660,0.24348981,0.22450282,0.17844747,0.00266060,0.30514449,0.18924721,0.20321053,0.27768512,1.05999660,1.29351787,1.51131381,1.67799469,0.24348981,0.46789459,0.62318317,0.22450282,0.38509408,0.17844747,1.32132671,0.41968873,0.29535831,0.32770921,0.48297752
110,0.04322941,0.38819398,0.41552781,0.43040649,0.46450935,-0.29652047,-1.30756988,-0.30812551,-0.24522214,-0.26745210,-0.00287251,-0.22387956,0.22076074,-0.23436316,0.39039144,1.06480610,0.25018048,0.23200522,0.18263328,0.00212597,0.33800596,0.19094103,0.20244975,0.27828830,1.06480610,1.30525007,1.53017801,1.69976341,0.25018048,0.48214594,0.64032336,0.23200522,0.39532835,0.18263328,1.34507347,0.43252410,0.29824820,0.32654891,0.48101074
111,0.04422591,0.38420126,0.41493637,0.43821250,0.46927778,-0.29377931,-1.30803326,-0.30910367,-0.24470749,-0.26965478,-0.00243111,-0.22483228,0.21143357,-0.23545793,0.38753746,1.06590941,0.25141032,0.22233288,0.18772942,0.00701470,0.30466069,0.19163900,0.20348495,0.27952036,1.06590941,1.30595222,1.52120144,1.69707713,0.25141032,0.47356649,0.63728518,0.22233288,0.39214705,0.18772942,1.34548660,0.43631111,0.30049539,0.32192006,0.47944526
112,0.04476290,0.37857320,0.40436496,0.43349750,0.45846750,-0.29400533,-1.30975105,-0.30795405,-0.25071933,-0.27138455,-0.00252386,-0.22958580,0.21053005,-0.23375237,0.39249699,1.06194272,0.25789469,0.22094737,0.19214362,0.00744787,0.28648867,0.19256153,0.20382399,0.28040001,1.06194272,1.30754090,1.52182530,1.70374142,0.25789469,0.47858071,0.64866589,0.22094737,0.39734322,0.19214362,1.34742329,0.44205798,0.30287590,0.32522544,0.48242396
113,0.04176807,0.38263618,0.40562244,0.43929452,0.45459261,-0.29215328,-1.32249339,-0.30132671,-0.27478510,-0.26676764,-0.02536495,-0.22875315,0.18777717,-0.23040507,0.38733288,1.05090177,0.25941300,0.22066472,0.20865500,0.02073632,0.31442659,0.19303609,0.20447736,0.28120086,1.05090177,1.29751560,1.51178595,1.71134654,0.25941300,0.47985276,0.66736350,0.22066472,0.41469988,0.20865500,1.35960779,0.45441727,0.30146428,0.31096818,0.47704261
114,0.04179469,0.38556222,0.41003534,0.44313751,0.46053547,-0.28921835,-1.33575816,-0.29442935,-0.28200071,-0.25768276,-0.03622376,-0.22078669,0.18122847,-0.23303643,0.38294638,1.05700678,0.25527791,0.22408499,0.21193412,0.02147603,0.30685623,0.19435677,0.20297140,0.28101947,1.05700678,1.30014325,1.51860675,1.72030662,0.25527791,0.47917193,0.66864749,0.22408499,0.42059398,0.21193412,1.37129601,0.45179949,0.29375545,0.30157083,0.47616572
115,0.04302387,0.38539649,0.41124694,0.44474060,0.47492269,-0.29063934,-1.35118679,-0.29939666,-0.28725467,-0.26778157,-0.04246134,-0.23358460,0.17791376,-0.22729114,0.37910519,1.06717548,0.25284779,0.22846992,0.21144607,0.01233423,0.31365357,0.19570634,0.20202362,0.28127302,1.06717548,1.30922074,1.53032008,1.73198336,0.25284779,0.48128049,0.67142708,0.22846992,0.42377592,0.21144607,1.38693062,0.45992272,0.30679838,0.30828609,0.46964203
116,0.04111712,0.38168336,0.40540426,0.44236253,0.46651480,-0.29048205,-1.36715598,-0.30133801,-0.29051060,-0.27077985,-0.04067417,-0.23862928,0.18254668,-0.23689678,0.39064160,1.07991854,0.25797902,0.23142335,0.21928401,0.01223459,0.32990211,0.19780051,0.20081498,0.28187178,1.07991854,1.32689745,1.55077443,1.75916312,0.25797902,0.48937434,0.68532530,0.23142335,0.43298682,0.21928401,1.40265260,0.46449246,0.30974567,0.31447361,0.48473474
117,0.04545242,0.38059065,0.40861318,0.44688069,0.46636552,-0.28747051,-1.38368988,-0.30597922,-0.28763897,-0.27437127,-0.04473761,-0.24689556,0.18200522,-0.24247206,0.40126886,1.10046846,0.25398044,0.23558920,0.23009308,0.00364444,0.29828093,0.19870885,0.19841519,0.28080918,1.10046846,1.33934401,1.56647328,1.78600790,0.25398044,0.48954120,0.69403211,0.23558920,0.44730324,0.23009308,1.41795811,0.47059652,0.31365142,0.31896512,0.49446345
118,0.04890770,0.37451151,0.40594704,0.45534900,0.47752107,-0.27866107,-1.35068918,-0.30812882,-0.26882129,-0.26902839,-0.03211346,-0.23510109,0.18792631,-0.23444619,0.40931639,1.08698197,0.24853470,0.22920663,0.23141019,-0.01024161,0.27154491,0.20013681,0.19347620,0.27836628,1.08698197,1.31910841,1.53934011,1.76124565,0.24853470,0.47770003,0.68410816,0.22920663,0.44296978,0.23141019,1.38346188,0.45988514,0.30756233,0.31446073,0.49760281
119,0.04652424,0.36154687,0.38512764,0.42357146,0.42963844,-0.28912663,-1.37775767,-0.32639723,-0.25348905,-0.29178688,-0.00967717,-0.25916515,0.20816466,-0.26402947,0.42150796,1.12918365,0.25296719,0.22746583,0.22442708,-0.00744586,0.31245488,0.19781960,0.19143447,0.27528122,1.12918365,1.36868359,1.58628824,1.80022894,0.25296719,0.48040248,0.67937430,0.22746583,0.43226512,0.22442708,1.41268292,0.46638752,0.33209259,0.34757106,0.52595096
120,0.04476054,0.35537359,0.37496502,0.41621639,0.42344683,-0.29455188,-1.38993895,-0.34206102,-0.25766293,-0.31203706,-0.00119398,-0.27591424,0.21196290,-0.27418480,0.42018815,1.13726286,0.26437695,0.22451567,0.21921596,-0.00614597,0.31928017,0.19782678,0.19083451,0.27486951,1.13726286,1.38938760,1.60216251,1.81083707,0.26437695,0.48854592,0.68298341,0.22451567,0.42315384,0.21921596,1.42608212,0.48042354,0.35113443,0.36214684,0.52942550
121,0.04701894,0.34793791,0.36673013,0.41409864,0.41154676,-0.29714317,-1.39629038,-0.34794081,-0.24766312,-0.31130378,0.00928817,-0.26598148,0.21521097,-0.26752212,0.41746479,1.15308782,0.26573107,0.21830512,0.21068606,-0.00914446,0.28163266,0.19827799,0.19299027,0.27669370,1.15308782,1.40598493,1.61201013,1.81429942,0.26573107,0.48359150,0.67218898,0.21830512,0.41052514,0.21068606,1.43300826,0.47704620,0.34813089,0.35617863,0.52039000
122,0.04655681,0.34491158,0.36442394,0.41820087,0.43250079,-0.29680694,-1.41560282,-0.35492195,-0.24727396,-0.31723605,0.00323814,-0.27106939,0.20264247,-0.27543810,0.39824205,1.17256207,0.25916332,0.21163776,0.20413825,-0.00998219,0.25996450,0.19764041,0.19620157,0.27849019,1.17256207,1.41922895,1.61868656,1.81422855,0.25916332,0.47034847,0.65232849,0.21163776,0.39723397,0.20413825,1.45202560,0.48028042,0.35266606,0.35296316,0.50948287
123,0.04789687,0.34861460,0.36728958,0.42050689,0.44355871,-0.29505877,-1.41454796,-0.35492038,-0.25446517,-0.31837451,-0.00023124,-0.27290284,0.19345863,-0.27766887,0.38684190,1.16434910,0.26163699,0.20534139,0.20371164,-0.01191288,0.26030968,0.19790978,0.19573230,0.27835124,1.16434910,1.41482168,1.60829713,1.80198221,0.26163699,0.46636015,0.64698941,0.20534139,0.38942647,0.20371164,1.44990905,0.47986670,0.35153301,0.34864229,0.50301227
124,0.04813126,0.34131118,0.35825163,0.41217350,0.43619699,-0.29541129,-1.41527881,-0.35828058,-0.24221751,-0.32203125,0.00889741,-0.27398766,0.19707650,-0.28143890,0.38241715,1.17725367,0.25853485,0.20062768,0.19541833,-0.01653028,0.24872794,0.19795850,0.19748677,0.27962223,1.17725367,1.42468355,1.61266417,1.79815860,0.25853485,0.45834816,0.63051975,0.20062768,0.37588517,0.19541833,1.45084256,0.47560538,0.35462011,0.35141873,0.50086058
125,0.04831292,0.34007395,0.35833226,0.40593400,0.39878320,-0.29429639,-1.41472502,-0.36212013,-0.24624250,-0.32700870,-0.00175268,-0.28256922,0.18908283,-0.28725332,0.37599629,1.17274663,0.25192728,0.20277802,0.19548204,-0.01770293,0.25271742,0.19897907,0.19672077,0.27980659,1.17274663,1.41355099,1.60410269,1.79096384,0.25192728,0.45409239,0.62832225,0.20277802,0.37986603,0.19548204,1.45019777,0.47973700,0.35825605,0.35278104,0.49672629
126,0.04904489,0.34402806,0.36337313,0.41529749,0.41744676,-0.29079398,-1.41548202,-0.35477858,-0.25457674,-0.32268501,-0.00771642,-0.27873491,0.18518727,-0.28436710,0.38221420,1.16526005,0.25464895,0.20496736,0.20553944,-0.01864677,0.25310005,0.20011112,0.19761420,0.28123981,1.16526005,1.40833234,1.60098640,1.79793798,0.25464895,0.45898095,0.64253663,0.20496736,0.39183716,0.20553944,1.45040616,0.48125116,0.35537076,0.34790022,0.50047874
127,0.04884543,0.34367518,0.36189569,0.41847642,0.42859892,-0.29173018,-1.41536243,-0.35619232,-0.25789891,-0.32369328,-0.00771924,-0.27849079,0.18296543,-0.27997640,0.38760518,1.16187105,0.25828443,0.20338216,0.21247211,-0.01616279,0.25681858,0.19996387,0.19663659,0.28044875,1.16187105,1.40818630,1.59870055,1.80318286,0.25828443,0.46092121,0.65211541,0.20338216,0.39774365,0.21247211,1.45075069,0.48546242,0.35696169,0.34673482,0.50203273
128,0.04805109,0.33520711,0.35348518,0.41123725,0.41215705,-0.28807340,-1.40560949,-0.35318993,-0.24989574,-0.32346270,-0.00027183,-0.27873266,0.18655596,-0.27870651,0.39203491,1.15961557,0.25783095,0.19884321,0.21101354,-0.01026121,0.22254127,0.20059148,0.19788926,0.28177492,1.15961557,1.40583403,1.59267921,1.79768963,0.25783095,0.45588027,0.64907093,0.19884321,0.39486530,0.21101354,1.44094981,0.47746624,0.35434030,0.34815202,0.50135085
129,0.04767978,0.34028469,0.35502244,0.40631361,0.41241223,-0.28622792,-1.40056900,-0.35179786,-0.23963403,-0.32032514,0.01357927,-0.27606648,0.20063355,-0.28304986,0.38895657,1.16547464,0.26188418,0.19948847,0.19727983,-0.01390815,0.23274176,0.19868714,0.20135425,0.28287827,1.16547464,1.41470314,1.60157868,1.78970533,0.26188418,0.46063669,0.63463748,0.19948847,0.37725650,0.19727983,1.43570015,0.47563342,0.35536607,0.35559612,0.50641044
130,0.04857999,0.33630893,0.35065569,0.40099632,0.39106933,-0.28866243,-1.41411608,-0.35738305,-0.24134883,-0.32561915,0.01647588,-0.27994013,0.20489709,-0.29255010,0.39158297,1.17725913,0.26591524,0.20003441,0.19500917,-0.01522412,0.22063797,0.19781541,0.19952719,0.28096625,1.17725913,1.43120289,1.61930872,1.80587982,0.26591524,0.46516819,0.63829429,0.20003441,0.37660499,0.19500917,1.44938055,0.47932793,0.35990683,0.36193436,0.51373636
131,0.04907608,0.33379542,0.34832931,0.39827539,0.39001683,-0.28701695,-1.42686720,-0.36250940,-0.25029981,-0.33017561,0.00977376,-0.28446392,0.20132625,-0.29144338,0.38972911,1.18128097,0.26830598,0.20295422,0.19594809,-0.01127589,0.21102516,0.19824761,0.19891388,0.28083597,1.18128097,1.43737928,1.62852933,1.81671650,0.26830598,0.47054463,0.64615296,0.20295422,0.38194885,0.19594809,1.46169986,0.48743264,0.36325948,0.36314013,0.51088056
132,0.04957519,0.33488712,0.35333757,0.40472639,0.40802212,-0.28961144,-1.43409063,-0.36633590,-0.26118607,-0.33472471,0.00173319,-0.28881561,0.19252333,-0.29261513,0.38386161,1.17777923,0.27158042,0.20264270,0.19861435,-0.00572070,0.20568791,0.19811020,0.19877520,0.28064075,1.17777923,1.43660450,1.62701593,1.81803397,0.27158042,0.47343309,0.65180314,0.20264270,0.38445026,0.19861435,1.46913291,0.49578767,0.36600507,0.36053250,0.50562784
133,0.05005529,0.32751854,0.34340019,0.39653354,0.39808406,-0.29024059,-1.40749484,-0.36060127,-0.24068121,-0.33202358,0.01256796,-0.28603567,0.19614342,-0.28490689,0.38358283,1.17119531,0.26205895,0.19538101,0.19411494,-0.00624327,0.19612293,0.19820626,0.20155427,0.28268329,1.17119531,1.42072589,1.60406658,1.79113747,0.26205895,0.45649179,0.63161026,0.19538101,0.37399944,0.19411494,1.44305701,0.47899208,0.36158175,0.35935567,0.49919280
134,0.05069023,0.32379061,0.34212985,0.39859757,0.39769655,-0.29149382,-1.41726888,-0.36525343,-0.23835042,-0.33894553,0.00803970,-0.28946107,0.18520129,-0.28296278,0.38211994,1.18372322,0.25782131,0.19162819,0.20233693,-0.00566689,0.19868679,0.19731325,0.20188352,0.28229324,1.18372322,1.42610952,1.60319184,1.79941015,0.25782131,0.44805217,0.63085514,0.19162819,0.37832384,0.20233693,1.45356856,0.48652305,0.36850486,0.35539618,0.49474691
135,0.05217099,0.32792278,0.34530104,0.39936374,0.39333557,-0.28765962,-1.41478922,-0.36299255,-0.24171291,-0.33828451,0.00681011,-0.28839022,0.18476439,-0.28308127,0.38091072,1.17843484,0.26042559,0.19254385,0.20183580,-0.00001301,0.20954655,0.19765630,0.20142704,0.28220714,1.17843484,1.42253161,1.60017502,1.79570781,0.26042559,0.45142293,0.63287372,0.19254385,0.37821121,0.20183580,1.44990484,0.48702910,0.36733407,0.35387769,0.49376593
136,0.05380796,0.33849120,0.35311321,0.40553923,0.40255924,-0.28847756,-1.38501007,-0.36273582,-0.25211657,-0.33871080,0.00237070,-0.28608379,0.18042352,-0.27265228,0.36946735,1.13804800,0.26644218,0.19471602,0.19531592,-0.01133644,0.19764547,0.19820768,0.20407966,0.28449040,1.13804800,1.38829432,1.56640668,1.75456669,0.26644218,0.45921555,0.63402136,0.19471602,0.37316831,0.19531592,1.42122570,0.49101343,0.36620644,0.34768080,0.47662094
137,0.05225652,0.34326760,0.35682803,0.40395937,0.40598831,-0.28945403,-1.36160918,-0.35893010,-0.26544406,-0.33610342,-0.01091575,-0.28632613,0.17402820,-0.26745850,0.36762146,1.10089435,0.26562124,0.20030962,0.20111810,-0.00925371,0.20726181,0.19739045,0.20639320,0.28558911,1.10089435,1.35150046,1.53668064,1.72937895,0.26562124,0.46432630,0.64462170,0.20030962,0.38478484,0.20111810,1.39873616,0.49391701,0.36383233,0.34453364,0.47321414
138,0.05330426,0.34271732,0.35162442,0.39864763,0.39585789,-0.29673040,-1.38732432,-0.36390170,-0.26791944,-0.33805755,0.00183991,-0.28686779,0.19056740,-0.26919525,0.38703006,1.12422253,0.28056138,0.20293553,0.20358467,-0.01295147,0.20884386,0.19549117,0.20253564,0.28149153,1.12422253,1.38979504,1.57863879,1.77457025,0.28056138,0.48192188,0.66617257,0.20293553,0.39131654,0.20358467,1.42506321,0.49993430,0.36636667,0.35520102,0.49103130
139,0.05147309,0.33690068,0.34878355,0.40181028,0.40306084,-0.29868203,-1.37232877,-0.36493061,-0.25855803,-0.34018007,0.00467227,-0.28866363,0.18775772,-0.26673404,0.39286271,1.11884847,0.27476960,0.19863579,0.21200682,-0.00350358,0.21690435,0.19434858,0.20273572,0.28084363,1.11884847,1.37765274,1.56087978,1.76548059,0.27476960,0.47165944,0.66400376,0.19863579,0.39516497,0.21200682,1.41094402,0.49776569,0.36931588,0.35503064,0.49377746
140,0.05229632,0.33286413,0.34380204,0.39466369,0.40131703,-0.30072154,-1.34621133,-0.36079437,-0.24720404,-0.33754417,0.01170950,-0.28522722,0.19569014,-0.25797023,0.39910419,1.10406597,0.27034399,0.20011486,0.21142980,0.00253126,0.22645174,0.19346339,0.20515357,0.28198594,1.10406597,1.35847831,1.54267233,1.74584505,0.27034399,0.46857940,0.65958217,0.20011486,0.39556383,0.21142980,1.38572850,0.48921108,0.36754468,0.35646943,0.49456221
141,0.05174614,0.32969074,0.33948807,0.38161816,0.37309081,-0.30173021,-1.31834836,-0.36451662,-0.22284413,-0.33795819,0.02989446,-0.28696728,0.21901983,-0.26591736,0.41479674,1.10025521,0.26254937,0.20303719,0.20240686,0.00647593,0.23321418,0.19077829,0.20733141,0.28174930,1.10025521,1.34880854,1.53792942,1.73353371,0.26254937,0.46423302,0.64928205,0.20303719,0.39164114,0.20240686,1.35794307,0.47289724,0.36581035,0.37049319,0.50962999
142,0.05205850,0.32990941,0.34089487,0.37898711,0.37004500,-0.29338596,-1.29224101,-0.36163157,-0.21544528,-0.33529423,0.02994364,-0.28254821,0.21975349,-0.26262764,0.40489752,1.08155845,0.25555651,0.20385821,0.19275428,0.00257775,0.25411778,0.18946300,0.21057907,0.28326626,1.08155845,1.32287694,1.51266682,1.69742790,0.25555651,0.45798989,0.63196757,0.20385821,0.38193950,0.19275428,1.33073861,0.46478648,0.36112166,0.36641065,0.49932322
143,0.05357086,0.33571681,0.33951329,0.36758454,0.35706890,-0.28816417,-1.28713399,-0.35514915,-0.22562264,-0.33339611,0.03027493,-0.28357205,0.23067487,-0.26387074,0.40666429,1.06619397,0.26342851,0.21322778,0.18447599,-0.00119315,0.24156139,0.19107758,0.21125867,0.28485236,1.06619397,1.31827477,1.51828562,1.69402963,0.26342851,0.47520854,0.64166120,0.21322778,0.38275952,0.18447599,1.32391933,0.46087312,0.35891722,0.37342284,0.50137916
144,0.05090930,0.32868928,0.33285211,0.36384066,0.35009736,-0.28752448,-1.26683395,-0.36661604,-0.21009227,-0.34195370,0.04476342,-0.28542842,0.24326462,-0.26411697,0.41620710,1.06209778,0.26361673,0.21345337,0.18160607,-0.00904555,0.26030007,0.18908182,0.21185195,0.28395983,1.06209778,1.31275471,1.51079449,1.68321234,0.26361673,0.47523961,0.63805493,0.21345337,0.37952570,0.18160607,1.30506307,0.46599033,0.36989832,0.38332199,0.50990843
145,0.05016134,0.32188828,0.32887558,0.36032957,0.35374388,-0.28290726,-1.25406870,-0.35999019,-0.21285959,-0.33590734,0.03723880,-0.28250727,0.23234412,-0.25907697,0.40450313,1.04693908,0.25857243,0.20812546,0.17964441,0.01193911,0.23477448,0.19025530,0.21428401,0.28655666,1.04693908,1.29250043,1.48676689,1.65879563,0.25857243,0.46510386,0.62886188,0.20812546,0.37522928,0.17964441,1.29030673,0.45849004,0.36098115,0.37397353,0.49598337
146,0.04941358,0.31449276,0.32256175,0.35834959,0.35599735,-0.28651641,-1.25722770,-0.36709100,-0.19846326,-0.34172358,0.04583338,-0.28889379,0.23426180,-0.26608411,0.40824612,1.06518137,0.25412996,0.20163633,0.18167916,0.02132185,0.24021886,0.19024203,0.21315822,0.28570694,1.06518137,1.30437180,1.49178034,1.66569340,0.25412996,0.45423061,0.61867252,0.20163633,0.37022508,0.18167916,1.29396575,0.45949873,0.36746151,0.38013255,0.50322596
147,0.04947544,0.31323288,0.32320159,0.35799482,0.35851661,-0.27956781,-1.24361507,-0.36672421,-0.19055552,-0.34311100,0.05008166,-0.28870495,0.23734967,-0.26434300,0.40443326,1.05968437,0.25034064,0.20084718,0.17461956,0.01991213,0.23217842,0.19241686,0.21637255,0.28955367,1.05968437,1.29534486,1.48135879,1.64815942,0.25034064,0.44937910,0.60759635,0.20084718,0.36301799,0.17461956,1.27934590,0.45465089,0.36846751,0.38150886,0.49810239
148,0.05108531,0.33020755,0.33992841,0.37678841,0.37541009,-0.27682928,-1.22808964,-0.34877582,-0.20931710,-0.32849805,0.03874230,-0.27973405,0.22369648,-0.26161478,0.39703293,1.02438938,0.25678282,0.19681664,0.18138297,0.02440381,0.24138403,0.19383454,0.21964146,0.29294061,1.02438938,1.26798845,1.45210297,1.62531764,0.25678282,0.45196466,0.61544671,0.19681664,0.36450050,0.18138297,1.26327612,0.44660519,0.35227925,0.36590889,0.49165252
149,0.05075401,0.34218108,0.35212350,0.39164113,0.39508645,-0.26955376,-1.21665638,-0.33224542,-0.21793322,-0.30749133,0.03199337,-0.26483078,0.21822355,-0.25300149,0.38668411,1.00355649,0.25765156,0.19585207,0.17884517,0.03045529,0.26412674,0.19606161,0.22258118,0.29661851,1.00355649,1.24935989,1.43510187,1.60378821,0.25765156,0.45265725,0.61121411,0.19585207,0.35919920,0.17884517,1.25034784,0.43542226,0.33182610,0.35179343,0.48179416
150,0.05055323,0.34900721,0.35901539,0.39219515,0.39319344,-0.26835566,-1.21819634,-0.32697929,-0.21449375,-0.29938448,0.04065326,-0.25574122,0.23495847,-0.25510335,0.38774143,1.00815632,0.26168427,0.20327579,0.16656951,0.02025616,0.27547806,0.19579329,0.22388996,0.29742516,1.00815632,1.25944495,1.45331618,1.60673210,0.26168427,0.46425435,0.60704807,0.20327579,0.35083560,0.16656951,1.25142768,0.42825812,0.32637300,0.35699153,0.48747042
151,0.04882161,0.35401112,0.36819400,0.40299137,0.41260420,-0.27049514,-1.22001945,-0.32420944,-0.22231939,-0.29209402,0.03649486,-0.24834429,0.22638675,-0.25882462,0.37652634,1.00204577,0.26485386,0.19851944,0.16588666,0.02143686,0.29642483,0.19773413,0.22395950,0.29875850,1.00204577,1.25705855,1.44659729,1.59778708,0.26485386,0.46277556,0.60257467,0.19851944,0.34313687,0.16588666,1.25349658,0.43004849,0.32107050,0.34796365,0.48412781
152,0.04884520,0.36462938,0.38688219,0.41521857,0.41560572,-0.26896931,-1.22362099,-0.31159183,-0.24136508,-0.27057495,0.01353535,-0.23560894,0.22256369,-0.26045643,0.39022891,0.98648597,0.26342922,0.21421612,0.18396521,0.03903286,0.29347642,0.19878937,0.22258404,0.29843067,0.98648597,1.23748246,1.44657218,1.61533315,0.26342922,0.47747195,0.63377443,0.21421612,0.37898030,0.18396521,1.25654494,0.43213865,0.29830337,0.33737235,0.49739471
153,0.04927473,0.37423864,0.39958028,0.41460624,0.42430885,-0.26558407,-1.23446836,-0.31075309,-0.25059835,-0.26531459,0.00433219,-0.23995230,0.23632877,-0.25788001,0.40729672,0.98788435,0.26350966,0.23513693,0.18877404,0.03448883,0.30653519,0.20041125,0.21874996,0.29667527,0.98788435,1.23911319,1.47102071,1.64359404,0.26350966,0.49811619,0.66001646,0.23513693,0.40603725,0.18877404,1.26624918,0.43436915,0.29221270,0.34957811,0.51173052
154,0.04896984,0.37071725,0.39256572,0.41235496,0.42355278,-0.27081104,-1.28336362,-0.32451116,-0.25046449,-0.27339980,0.01524232,-0.24231389,0.24720271,-0.25065839,0.42887327,1.03764365,0.27644399,0.23643282,0.19855371,0.02893152,0.30984608,0.20183395,0.21555410,0.29529733,1.03764365,1.29888217,1.53084730,1.71390030,0.27644399,0.51241804,0.68342185,0.23643282,0.41681194,0.19855371,1.31610520,0.45258097,0.30536530,0.36075051,0.52878548
155,0.04476283,0.38150219,0.40378641,0.42022801,0.44549648,-0.28354924,-1.32005414,-0.33295194,-0.26612007,-0.27950792,0.00734088,-0.24528977,0.24848578,-0.25194655,0.42542575,1.05819323,0.28412170,0.24731844,0.19615637,0.02265514,0.35276271,0.20315452,0.21264787,0.29409331,1.05819323,1.32764406,1.56910465,1.74704567,0.28412170,0.53123430,0.69641693,0.24731844,0.42103879,0.19615637,1.35539541,0.47079757,0.31467367,0.36358923,0.52820005
156,0.04349208,0.39575796,0.41819294,0.42993038,0.48091306,-0.27349415,-1.37359454,-0.34951210,-0.26750591,-0.28455271,-0.00077210,-0.24233413,0.26004041,-0.26651554,0.43716195,1.11442491,0.28145378,0.26787941,0.20929646,0.00727348,0.50940788,0.20480572,0.19772270,0.28467464,1.11442491,1.37380621,1.63394538,1.81444592,0.28145378,0.54870815,0.70954352,0.26787941,0.44304730,0.20929646,1.40419431,0.48932968,0.32250744,0.37137860,0.55586545
157,0.04174340,0.38033660,0.39136077,0.40140586,0.48687637,-0.27744783,-1.37443395,-0.36318609,-0.24730152,-0.31501338,0.04178860,-0.26724010,0.28333956,-0.30022561,0.42886101,1.13383447,0.29834604,0.25086349,0.17603209,-0.01618068,0.41622631,0.20697498,0.20479920,0.29117238,1.13383447,1.41709346,1.65787731,1.80512069,0.29834604,0.54914862,0.67916747,0.25086349,0.39000657,0.17603209,1.40772509,0.48847091,0.35469776,0.40460770,0.56147863
158,0.04063056,0.37082866,0.37897593,0.39224372,0.40919450,-0.28745172,-1.35878620,-0.37087649,-0.23894449,-0.32660663,0.06063691,-0.26947706,0.29795955,-0.29621508,0.44355338,1.12568193,0.30740320,0.24811547,0.17134964,-0.01106000,0.40106842,0.20516713,0.20931164,0.29309540,1.12568193,1.42019472,1.65694985,1.80362471,0.30740320,0.55498172,0.68665671,0.24811547,0.38639445,0.17134964,1.39476702,0.48720338,0.36610462,0.41638560,0.56815668
159,0.03730037,0.39450045,0.38968685,0.39893486,0.43775021,-0.29585032,-1.38986086,-0.37324801,-0.22965992,-0.31753353,0.07542989,-0.26379725,0.32618310,-0.28900449,0.48161104,1.16794434,0.31678424,0.26213580,0.22081378,-0.01039106,0.73009454,0.20513005,0.20075485,0.28702064,1.16794434,1.46614660,1.71636776,1.87714295,0.31678424,0.57885535,0.71714304,0.26213580,0.41939875,0.22081378,1.42364853,0.48028797,0.35203553,0.42662837,0.60786757
160,0.03566216,0.43197429,0.43037636,0.43010356,0.54010933,-0.29140805,-1.39377127,-0.34560052,-0.31651155,-0.28927632,-0.01961554,-0.25062011,0.25379797,-0.28140243,0.42802281,1.08634654,0.30972731,0.28267683,0.22786198,-0.02309382,0.73355598,0.20682498,0.19786979,0.28623247,1.08634654,1.37552898,1.64807431,1.82754583,0.30972731,0.59224618,0.74745186,0.28267683,0.45535838,0.22786198,1.42695592,0.51878129,0.32858862,0.36889851,0.56471948
161,0.03331822,0.44112801,0.44677342,0.44290379,0.51018999,-0.26881598,-1.34471278,-0.32506752,-0.30718401,-0.26555624,-0.01992342,-0.22658039,0.24590794,-0.27083837,0.42612784,1.04495900,0.30425926,0.27448681,0.26584651,-0.01412262,0.89698724,0.21426463,0.19588029,0.29030745,1.04495900,1.32513847,1.59139298,1.77845725,0.30425926,0.57823142,0.73725509,0.27448681,0.46582209,0.26584651,1.37365808,0.48635793,0.28827137,0.33874103,0.56101720
162,0.03122683,0.43477824,0.45262315,0.44885609,0.46992652,-0.26644313,-1.34262637,-0.32614388,-0.32616404,-0.27125542,-0.03489617,-0.23936412,0.24564442,-0.27735811,0.41728238,1.02482940,0.30335862,0.28739692,0.22109864,-0.01794432,0.72067223,0.21672853,0.19151082,0.28921903,1.02482940,1.30875778,1.58850289,1.76489228,0.30335862,0.59032377,0.74521355,0.28739692,0.45932145,0.22109864,1.37254206,0.50992585,0.31327753,0.35702691,0.55268255
163,0.03845948,0.41999954,0.44909683,0.46342037,0.51837084,-0.27520673,-1.31100574,-0.33569428,-0.28985308,-0.26997125,-0.01116465,-0.22687425,0.25159056,-0.27795828,0.44249973,1.02823453,0.29308909,0.27074374,0.22039032,-0.03695608,0.56294333,0.21893992,0.18625017,0.28744358,1.02823453,1.30051780,1.56336119,1.75582267,0.29308909,0.56343405,0.73475951,0.27074374,0.45632090,0.22039032,1.34506790,0.49757928,0.31555983,0.35743175,0.56374183
164,0.04006382,0.41787982,0.43941280,0.45503013,0.52903496,-0.29931424,-1.35360550,-0.34703413,-0.25427434,-0.27412904,0.01095370,-0.22397697,0.27648663,-0.28320204,0.46340080,1.10583956,0.28539034,0.27642016,0.22266486,-0.05977068,0.66293263,0.21514306,0.18609917,0.28446342,1.10583956,1.36521048,1.63201401,1.81888924,0.28539034,0.56113612,0.72108076,0.27642016,0.45500757,0.22266486,1.39161018,0.48845583,0.31522064,0.36882174,0.57963787
165,0.03927259,0.41527096,0.45665107,0.47540142,0.51421998,-0.28741965,-1.32548125,-0.33035560,-0.25721867,-0.25637334,-0.01201221,-0.20858227,0.24796788,-0.24599689,0.45173430,1.07475346,0.26582664,0.27075804,0.22813259,-0.03102281,0.56480433,0.21892961,0.19343396,0.29214187,1.07475346,1.31440529,1.57554908,1.77930431,0.26582664,0.53561727,0.71477600,0.27075804,0.46532789,0.22813259,1.36196122,0.47966520,0.30398316,0.34039325,0.55181094
166,0.03478108,0.41957207,0.45746723,0.47866782,0.51261142,-0.26902727,-1.29098998,-0.32268268,-0.26600495,-0.25184270,-0.01605432,-0.19941455,0.23918650,-0.23175961,0.43912843,1.03173397,0.26625970,0.26574459,0.22842017,-0.01432066,0.65335145,0.22433193,0.19623661,0.29804970,1.03173397,1.27590181,1.53176940,1.73340625,0.26625970,0.53162422,0.71098809,0.26574459,0.45874636,0.22842017,1.32346208,0.47104070,0.29798647,0.32904810,0.53985558
167,0.03629981,0.44070769,0.45880024,0.45644461,0.51481075,-0.27173171,-1.30583010,-0.31499387,-0.28418647,-0.23472601,-0.01399955,-0.19071695,0.24452336,-0.21514234,0.43312731,1.02783971,0.29377269,0.26993796,0.27614794,0.00406343,1.01363196,0.22464429,0.19776114,0.29929003,1.02783971,1.29253495,1.55305750,1.74698893,0.29377269,0.56261256,0.72619703,0.26993796,0.46782877,0.27614794,1.33673753,0.46590772,0.25950016,0.31346326,0.54258353
168,0.06309592,0.44906111,0.44598256,0.42257883,0.45564181,-0.26926741,-1.27340842,-0.31107451,-0.30986778,-0.21894022,-0.02268437,-0.19854198,0.23830875,-0.22273242,0.42497528,0.96833864,0.32371794,0.26531065,0.34603655,-0.03851203,1.19196293,0.22435482,0.20964975,0.30706368,0.96833864,1.25211694,1.51517691,1.71274734,0.32371794,0.58222088,0.75140879,0.26531065,0.51143064,0.34603655,1.30282446,0.46207633,0.22168670,0.31062711,0.55235916
169,0.03109219,0.44316896,0.47284619,0.47376408,0.45966037,-0.29103072,-1.32049401,-0.33778320,-0.31019552,-0.25998888,-0.04297023,-0.22253138,0.22095231,-0.23871405,0.42123710,1.01870357,0.28503824,0.27181115,0.25382810,-0.01276896,0.79090245,0.21882861,0.20242995,0.29810039,1.01870357,1.27932788,1.54298473,1.75006479,0.28503824,0.55547077,0.73921782,0.27181115,0.47574805,0.25382810,1.35500086,0.50408777,0.30209778,0.32754785,0.54476192
170,0.05331269,0.45195938,0.45195082,0.42997086,0.48150783,-0.28083297,-1.31158847,-0.32258187,-0.29617217,-0.23911970,-0.02782444,-0.21109177,0.24434723,-0.21984498,0.46388126,1.01785015,0.30648269,0.27908697,0.33556786,-0.02065612,1.16765210,0.22081714,0.20470155,0.30110286,1.01785015,1.28611935,1.56216677,1.78148513,0.30648269,0.57967968,0.77075499,0.27908697,0.53065885,0.33556786,1.34401650,0.46029632,0.24151900,0.32485203,0.55774826
171,0.03100637,0.45552344,0.48089149,0.46944552,0.46945818,-0.30350968,-1.33390240,-0.34076557,-0.31128131,-0.26550871,-0.06167568,-0.22952084,0.19975702,-0.23962159,0.40973097,1.02630420,0.27138069,0.26762248,0.28076266,0.00334171,0.93711687,0.21791847,0.19620183,0.29322964,1.02630420,1.27279792,1.53600085,1.75079493,0.27138069,0.53656601,0.73107944,0.26762248,0.49289911,0.28076266,1.37091373,0.49111745,0.28784372,0.30803709,0.52925027
172,0.03559266,0.44948918,0.46665602,0.46218557,0.52706032,-0.28770488,-1.31470249,-0.33071161,-0.29301734,-0.25137453,-0.03606774,-0.20687006,0.22621747,-0.20613469,0.45244810,1.02846507,0.28529201,0.27487733,0.29536411,-0.01439691,1.04379969,0.22079096,0.20623258,0.30212667,1.02846507,1.27923314,1.54400609,1.77419459,0.28529201,0.55854756,0.75623209,0.27487733,0.50524274,0.29536411,1.34890142,0.48540872,0.27507608,0.30871686,0.54633401
173,0.03718850,0.48082770,0.48516378,0.45885781,0.44108823,-0.29884671,-1.32568011,-0.36317757,-0.34213929,-0.29563870,-0.06882918,-0.26063930,0.19437570,-0.26975317,0.39601138,0.99095312,0.29110699,0.27232307,0.28181782,-0.03402514,1.09169086,0.21719964,0.19662488,0.29297957,0.99095312,1.25717597,1.52087422,1.72978637,0.29110699,0.56254889,0.74663001,0.27232307,0.48507264,0.28181782,1.36116531,0.53047650,0.32154853,0.32832038,0.53692647
174,0.03037330,0.49067778,0.49846532,0.47966484,0.41022372,-0.29399795,-1.32621287,-0.36455571,-0.39789163,-0.31095791,-0.10135480,-0.27440064,0.16910455,-0.28403745,0.37666459,0.93991202,0.31146203,0.28045755,0.25091834,-0.06461224,0.99571448,0.21820419,0.19512736,0.29272471,0.93991202,1.22601121,1.49551331,1.70759549,0.31146203,0.59174242,0.77873469,0.28045755,0.48478288,0.25091834,1.36257778,0.58884956,0.36274092,0.33527731,0.52614054
175,0.03289133,0.52057259,0.50327453,0.44521496,0.42924573,-0.28588544,-1.33863613,-0.38128354,-0.43276253,-0.31660188,-0.11434533,-0.29817026,0.18661783,-0.29780222,0.38244559,0.91501501,0.34111054,0.30721579,0.26504120,-0.06894509,1.10609749,0.21733573,0.20027184,0.29553956,0.91501501,1.22479380,1.52718715,1.72418859,0.34111054,0.64576129,0.81962588,0.30721579,0.51136632,0.26504120,1.37323607,0.60943807,0.34923361,0.35341112,0.52936077
176,0.02933864,0.47877439,0.50108811,0.47814590,0.47187213,-0.26259302,-1.35586715,-0.34749702,-0.37484742,-0.29592375,-0.10920402,-0.27038230,0.18592692,-0.26648753,0.39131536,0.98642991,0.27812915,0.29728706,0.22939499,-0.01220639,1.01261515,0.22121547,0.20756682,0.30334843,0.98642991,1.24712140,1.54211832,1.74864691,0.27812915,0.57304632,0.77054042,0.29728706,0.50727629,0.22939499,1.38485381,0.53590639,0.32994023,0.33589624,0.50435171
177,0.03220191,0.47920327,0.49919944,0.48276580,0.51561907,-0.25940038,-1.37213106,-0.39504355,-0.38366120,-0.34131087,-0.11963813,-0.29225002,0.16443349,-0.27515839,0.38066569,0.99873112,0.27266888,0.28951509,0.22787918,-0.05442415,1.10453695,0.22056499,0.21899429,0.31081733,0.99873112,1.25517150,1.53710272,1.75346790,0.27266888,0.56185599,0.77367280,0.28951509,0.50649671,0.22787918,1.39946643,0.56739665,0.37389467,0.34217329,0.48953489
178,0.03363336,0.45983273,0.48779692,0.48605599,0.48954570,-0.26790719,-1.31237069,-0.31400710,-0.28764148,-0.28088224,-0.09179029,-0.24267024,0.15436889,-0.21412324,0.38662627,1.02899941,0.20724845,0.25120560,0.23710261,-0.21828648,1.38186839,0.21437833,0.23243661,0.31620381,1.02899941,1.22085450,1.46699090,1.70008160,0.20724845,0.45699103,0.68370933,0.25120560,0.48308675,0.23710261,1.34302210,0.46215568,0.31910466,0.30078380,0.45963782
179,0.03044764,0.46391737,0.49469385,0.51456310,0.49707240,-0.25189773,-1.28080939,-0.26892409,-0.30767051,-0.24259157,-0.12883210,-0.22323377,0.09018547,-0.19530712,0.33716900,0.97973008,0.19151741,0.22399369,0.25113967,-1.02872667,1.53617111,0.21007427,0.24034244,0.31921103,0.97973008,1.15305246,1.37130817,1.61951377,0.19151741,0.41427213,0.65280470,0.22399369,0.46844404,0.25113967,1.30798513,0.45287737,0.30473700,0.25675377,0.40924568
180,0.03317686,0.47191582,0.50969580,0.52687005,0.52276932,-0.26163391,-1.30429905,-0.25378978,-0.34813329,-0.22147339,-0.16542298,-0.20237062,0.06531006,-0.18246338,0.29424827,0.96519359,0.19299306,0.23578002,0.23508871,-0.33446402,1.30908081,0.20807026,0.23375676,0.31294641,0.96519359,1.14227594,1.37130659,1.60267530,0.19299306,0.42793018,0.64811829,0.23578002,0.46135035,0.23508871,1.33099654,0.46504351,0.30215958,0.22629645,0.36877869
181,0.03321648,0.47263937,0.49098873,0.51905796,0.50970429,-0.26558633,-1.26074748,-0.24191031,-0.33962280,-0.21768413,-0.13242885,-0.20363007,0.09667232,-0.18334357,0.33571951,0.93062641,0.21422366,0.23327881,0.24339012,-0.21859329,1.15694991,0.21349821,0.23542752,0.31781694,0.93062641,1.13229187,1.35942552,1.60064316,0.21422366,0.44719995,0.67967105,0.23327881,0.46940657,0.24339012,1.28900759,0.45010716,0.28197215,0.23889588,0.40094865
182,0.04198491,0.47271514,0.49813703,0.53028094,0.50893554,-0.28217503,-1.39222202,-0.24320489,-0.38430307,-0.23189431,-0.16772288,-0.21583927,0.07886300,-0.18699811,0.35963307,1.01959236,0.22700221,0.25271705,0.28462196,-0.19491681,0.97682204,0.20931011,0.21473960,0.29987301,1.01959236,1.22825665,1.47286213,1.75566165,0.22700221,0.47923924,0.75069306,0.25271705,0.52951334,0.28462196,1.42143399,0.49663377,0.31536493,0.24316683,0.42167474
183,0.04691716,0.47148326,0.48210191,0.51855277,0.51477849,-0.29769210,-1.40394455,-0.27431889,-0.36303788,-0.25750337,-0.12387811,-0.24226053,0.11786038,-0.20873791,0.38422065,1.05075210,0.24552175,0.24856110,0.27120555,-0.17834294,0.86107657,0.20562035,0.20670814,0.29156129,1.05075210,1.28376271,1.52316891,1.79179775,0.24552175,0.49407463,0.75341140,0.24856110,0.51072699,0.27120555,1.43591054,0.49234932,0.31608796,0.28084581,0.45285385
184,0.04888286,0.47818842,0.48439210,0.50061241,0.51040951,-0.28860424,-1.40792995,-0.30459890,-0.34516029,-0.26293748,-0.09039748,-0.24121961,0.15760183,-0.21529666,0.39890659,1.07077186,0.25953831,0.25311236,0.24631241,-0.18011735,0.89350933,0.20357314,0.19322789,0.28067604,1.07077186,1.32178929,1.56728989,1.81104129,0.25953831,0.51191011,0.75002682,0.25311236,0.49163143,0.24631241,1.43720980,0.47924546,0.29771560,0.29446613,0.46480276
185,0.04978696,0.48093827,0.49160054,0.50323898,0.50555602,-0.29027284,-1.40904898,-0.28998362,-0.34571187,-0.25818210,-0.09303706,-0.23643169,0.15211941,-0.20090102,0.40508046,1.07214917,0.25656158,0.24924047,0.25897855,-0.14672211,0.78760518,0.20052817,0.17488016,0.26607258,1.07214917,1.32066927,1.56352191,1.81962041,0.25656158,0.50563267,0.75656937,0.24924047,0.50141122,0.25897855,1.43872907,0.46715247,0.28875822,0.28564037,0.46165603
186,0.05480869,0.46824899,0.48565991,0.48333195,0.49465400,-0.26897316,-1.39952831,-0.26543797,-0.35006548,-0.26528238,-0.09032829,-0.23574520,0.17179040,-0.19558380,0.41809949,1.05701771,0.26133234,0.26543180,0.25448842,-0.13616162,0.77201220,0.20151482,0.16280463,0.25906287,1.05701771,1.31281384,1.57312678,1.82290076,0.26133234,0.52595413,0.77138235,0.26543180,0.51358210,0.25448842,1.42573250,0.44747385,0.28581835,0.29290933,0.46787150
187,0.05801921,0.46631369,0.48250047,0.47727350,0.49624651,-0.25274813,-1.36626731,-0.25421547,-0.32770380,-0.25458133,-0.06707500,-0.22419967,0.19460032,-0.18438196,0.42202106,1.04669864,0.26384422,0.26500711,0.23608136,-0.14137875,0.71218675,0.19843260,0.16286876,0.25671332,1.04669864,1.30225030,1.56229409,1.79294862,0.26384422,0.52781544,0.75325250,0.26500711,0.49453088,0.23608136,1.38999631,0.42466190,0.26800571,0.29763981,0.46592236
188,0.06118711,0.46596128,0.47440852,0.47385605,0.49205816,-0.24251124,-1.35580990,-0.24829121,-0.31133764,-0.24957241,-0.05228600,-0.21307766,0.20673251,-0.16858407,0.43508502,1.05147639,0.26405393,0.26267268,0.23729207,-0.12705677,0.62175464,0.19432441,0.16237998,0.25323750,1.05147639,1.30541508,1.56349404,1.79481256,0.26405393,0.52466905,0.75120281,0.26267268,0.49457798,0.23729207,1.37788364,0.40655431,0.25683886,0.29696213,0.46966264
189,0.05628611,0.45498886,0.46241577,0.46865803,0.49142768,-0.23686058,-1.37659322,-0.24945842,-0.29682676,-0.25102768,-0.03642386,-0.21369019,0.20943472,-0.16577986,0.42703463,1.08410185,0.26384534,0.24958738,0.22602151,-0.09583452,0.53838459,0.19055935,0.16186608,0.25002699,1.08410185,1.34131486,1.58652580,1.80639426,0.26384534,0.51151088,0.72913818,0.24958738,0.47152799,0.22602151,1.39757520,0.39096220,0.25377345,0.29951793,0.45873236
190,0.05845832,0.45233278,0.46422376,0.46747619,0.49944896,-0.23260896,-1.37043194,-0.23842448,-0.29055382,-0.23771780,-0.03331080,-0.20274382,0.22210701,-0.15772228,0.43729572,1.08284808,0.25988918,0.25897059,0.22407975,-0.08178727,0.47238905,0.18640309,0.16163824,0.24672461,1.08284808,1.33782046,1.59292484,1.81033014,0.25988918,0.51757600,0.73253667,0.25897059,0.47772557,0.22407975,1.39068628,0.37770225,0.24004054,0.30170445,0.46526087
191,0.05995511,0.46003720,0.46491184,0.47072058,0.49530991,-0.22563299,-1.36655030,-0.23295264,-0.30829216,-0.22198386,-0.03732408,-0.19015201,0.21574581,-0.14417743,0.43529690,1.06021873,0.27348937,0.25628959,0.22698529,-0.06044892,0.42913123,0.18388736,0.15976385,0.24359608,1.06021873,1.32953975,1.58269798,1.80409473,0.27348937,0.52924355,0.74931037,0.25628959,0.47908077,0.22698529,1.38594637,0.38667074,0.22608958,0.29126518,0.45869530
192,0.05921447,0.45984316,0.46398180,0.46973436,0.48906840,-0.21925175,-1.37611639,-0.22699455,-0.30494350,-0.21768138,-0.03556051,-0.18546414,0.21867668,-0.13762363,0.44644117,1.07309198,0.27197686,0.25744966,0.23462934,-0.06195675,0.40205574,0.18101231,0.15623785,0.23911445,1.07309198,1.34083642,1.59515335,1.82467455,0.27197686,0.52878444,0.75732197,0.25744966,0.48863210,0.23462934,1.39439734,0.38037357,0.22180198,0.29072206,0.46752788
193,0.06098914,0.46008966,0.46472595,0.47017191,0.48983170,-0.21204491,-1.38985326,-0.22785485,-0.28609082,-0.21451780,-0.02176106,-0.17844872,0.23011393,-0.12213338,0.45961140,1.10523268,0.26667597,0.25538327,0.23853798,-0.06745567,0.38051027,0.17595303,0.15670723,0.23561966,1.10523268,1.36827248,1.62031554,1.85193850,0.26667597,0.52142576,0.75348053,0.25538327,0.49027375,0.23853798,1.40697739,0.36574059,0.21798907,0.29615124,0.47604240
194,0.05814050,0.45357202,0.46289574,0.47171840,0.49197935,-0.21079114,-1.40221130,-0.23163674,-0.26979227,-0.21669651,-0.01319308,-0.17708261,0.23543421,-0.11347797,0.46742416,1.13373909,0.25907936,0.25238051,0.24284978,-0.07421896,0.35497331,0.17158608,0.15797140,0.23323110,1.13373909,1.38914835,1.63799245,1.87247080,0.25907936,0.51063011,0.74681439,0.25238051,0.49182651,0.24284978,1.41885369,0.35558910,0.21945659,0.29876492,0.48128100
195,0.05376324,0.44884847,0.46010484,0.47012310,0.49199838,-0.19442358,-1.40850560,-0.22497112,-0.26936982,-0.21111334,-0.01563500,-0.17562880,0.23278263,-0.11631690,0.46778995,1.14054763,0.25573537,0.25195149,0.24400485,-0.06836776,0.33381239,0.16963816,0.15674335,0.23096662,1.14054763,1.39310078,1.64139961,1.87808202,0.25573537,0.50717439,0.74548482,0.25195149,0.49266336,0.24400485,1.42245498,0.35102281,0.21283778,0.29499896,0.48231590
196,0.05281272,0.44337326,0.45875321,0.46740573,0.48652516,-0.18404964,-1.41312507,-0.22953842,-0.24999278,-0.21611091,-0.00091012,-0.17933236,0.24756804,-0.11994713,0.48096900,1.16449611,0.25070441,0.25215615,0.24229306,-0.06663928,0.31789041,0.16663541,0.15878438,0.23017350,1.16449611,1.41260231,1.66075853,1.89522007,0.25070441,0.50231088,0.73942102,0.25215615,0.49140049,0.24229306,1.42554130,0.33940920,0.21803527,0.30992028,0.49630388
197,0.05249834,0.43637175,0.45680680,0.46596793,0.48554843,-0.17628821,-1.41194636,-0.23268416,-0.24397974,-0.21559693,0.00244512,-0.18038144,0.25091136,-0.12372640,0.48171991,1.16967592,0.24822941,0.25186895,0.23887887,-0.07136181,0.29730829,0.16472249,0.15868938,0.22872652,1.16967592,1.41494339,1.66295440,1.89440723,0.24822941,0.49976973,0.73416070,0.25186895,0.48800743,0.23887887,1.42318274,0.33714751,0.21692785,0.31233390,0.49781000
198,0.05439186,0.42932953,0.45581094,0.46754273,0.48470334,-0.16857788,-1.41451635,-0.22400912,-0.22395720,-0.21363515,0.00999672,-0.18041314,0.25216814,-0.11836838,0.48047042,1.19207485,0.23512660,0.24519309,0.23786505,-0.07587948,0.27911953,0.16291069,0.15688836,0.22617217,1.19207485,1.42522713,1.66681354,1.89566719,0.23512660,0.47980770,0.71247523,0.24519309,0.48005316,0.23786505,1.42486907,0.31686215,0.21583672,0.31379817,0.49539979
199,0.05738223,0.42688352,0.45525812,0.46859490,0.48295781,-0.16028375,-1.39856258,-0.21498616,-0.21514393,-0.20753537,0.01708857,-0.17763934,0.25809465,-0.11590118,0.48692103,1.18481570,0.23337532,0.24379621,0.23802981,-0.07976013,0.24533380,0.16241930,0.15469861,0.22430267,1.18481570,1.41644531,1.65694394,1.88600905,0.23337532,0.47667634,0.70934030,0.24379621,0.47868541,0.23802981,1.40784670,0.30415071,0.20951864,0.31647064,0.50103169
200,0.06245986,0.43916500,0.46115544,0.47282590,0.47757034,-0.15206150,-1.39759833,-0.19236676,-0.22185503,-0.19103061,0.02224608,-0.16395984,0.26308781,-0.10855142,0.49322082,1.17669567,0.24709837,0.24322952,0.23716001,-0.08108077,0.21980514,0.16005826,0.15406737,0.22216075,1.17669567,1.42044352,1.66107877,1.89142004,0.24709837,0.48933365,0.72133278,0.24322952,0.47817932,0.23716001,1.40587721,0.29404875,0.19367463,0.31302305,0.50584584
201,0.06720130,0.43313197,0.46006117,0.47190035,0.47770399,-0.15208326,-1.38730618,-0.19289011,-0.18567476,-0.18947379,0.04976597,-0.16109280,0.28736383,-0.10811649,0.51158386,1.20257049,0.23936067,0.24009588,0.23106259,-0.08567713,0.21748523,0.15831435,0.15536807,0.22181675,1.20257049,1.43767965,1.67513346,1.89951269,0.23936067,0.47823396,0.70384124,0.24009588,0.46893418,0.23106259,1.39562673,0.26935051,0.19636807,0.33110961,0.52311814
202,0.06666930,0.43009335,0.45331575,0.46794139,0.47394919,-0.15554308,-1.39072858,-0.20159987,-0.17019711,-0.19419606,0.07139727,-0.16513895,0.30097647,-0.11368881,0.52144320,1.22143313,0.24397717,0.23219157,0.22726178,-0.08323481,0.23673816,0.15591467,0.15407728,0.21920126,1.22143313,1.46283724,1.69228500,1.91277254,0.24397717,0.47545922,0.69795481,0.23219157,0.45719086,0.22726178,1.39942113,0.26436516,0.20756067,0.34513585,0.53392180
203,0.06501312,0.43319386,0.45502417,0.47108478,0.47624652,-0.15745990,-1.38171314,-0.20058775,-0.16725495,-0.18958339,0.07174506,-0.16251959,0.30248853,-0.11108110,0.52672971,1.21533285,0.24219543,0.23316871,0.23088103,-0.08631817,0.22739655,0.15531149,0.15311807,0.21809815,1.21533285,1.45396991,1.68471230,1.90913050,0.24219543,0.47477243,0.70076727,0.23316871,0.46170751,0.23088103,1.39068384,0.26236782,0.20309552,0.34490898,0.53847250
204,0.06425373,0.42966923,0.45327017,0.47374778,0.48362384,-0.15537646,-1.38773611,-0.19468527,-0.15423869,-0.18114017,0.07802572,-0.15651539,0.30479874,-0.10274305,0.52028301,1.23420470,0.23541744,0.22879469,0.22387209,-0.09794438,0.24907964,0.15365590,0.15380919,0.21741068,1.23420470,1.46615010,1.69299662,1.90877868,0.23541744,0.46373786,0.68123635,0.22879469,0.44927334,0.22387209,1.39648699,0.25007352,0.19734975,0.34351813,0.53034261
205,0.06242237,0.43071211,0.45417113,0.47230528,0.48150913,-0.15885996,-1.36732964,-0.19279049,-0.14765545,-0.18177419,0.08544224,-0.15620393,0.31192166,-0.10124940,0.52743708,1.22034354,0.23572707,0.22845600,0.22486256,-0.10301772,0.25933223,0.15344285,0.15441809,0.21769165,1.22034354,1.45299717,1.67947122,1.89565203,0.23572707,0.46362793,0.68145597,0.22845600,0.44960874,0.22486256,1.37653772,0.24437481,0.20094257,0.34951826,0.53718983
206,0.06116372,0.43438981,0.45595427,0.47457694,0.48488547,-0.15885484,-1.33283635,-0.19496409,-0.13187317,-0.18003879,0.09177121,-0.15456087,0.31360435,-0.10317118,0.53009159,1.20174105,0.22610969,0.22370823,0.22585686,-0.11781849,0.27660886,0.15283691,0.15675802,0.21893423,1.20174105,1.42477765,1.64656346,1.86385818,0.22610969,0.44940799,0.66831490,0.22370823,0.44571831,0.22585686,1.34228336,0.23726156,0.20207902,0.34988647,0.54062691
207,0.05905006,0.42658867,0.44872904,0.46832800,0.48403335,-0.15782802,-1.30774811,-0.20352171,-0.09360661,-0.18646075,0.12487401,-0.16201289,0.33699226,-0.10961469,0.54014945,1.21531040,0.22017653,0.21389732,0.21508070,-0.12646047,0.30795752,0.15234799,0.15870851,0.21999614,1.21531040,1.43292138,1.64475861,1.84897718,0.22017653,0.43392412,0.64081585,0.21389732,0.42374761,0.21508070,1.31724755,0.22512267,0.22441513,0.37409569,0.55231427
208,0.05904716,0.43684660,0.45243578,0.47126840,0.48695968,-0.16222928,-1.28604118,-0.20850135,-0.09121466,-0.18777397,0.12803597,-0.16619491,0.34295540,-0.11747974,0.54963416,1.19608838,0.22090412,0.21628088,0.21825657,-0.13133916,0.32644373,0.15226828,0.15921599,0.22030742,1.19608838,1.41436159,1.62900193,1.83695048,0.22090412,0.43714250,0.64766044,0.21628088,0.42923456,0.21825657,1.29626429,0.22851141,0.22729586,0.38117995,0.56367507
209,0.05783255,0.44027519,0.45139286,0.47092235,0.48488507,-0.16074315,-1.25535902,-0.20206830,-0.08630257,-0.18465785,0.13164674,-0.16537504,0.34440448,-0.11786624,0.55155756,1.17010846,0.21892509,0.21370996,0.21945595,-0.13884745,0.34048940,0.15063183,0.16044230,0.22007198,1.17010846,1.38730818,1.59980460,1.80860028,0.21892509,0.43259948,0.64449983,0.21370996,0.42798557,0.21945595,1.26581960,0.21976894,0.22688177,0.38226028,0.56557705
210,0.05920263,0.43851496,0.45266676,0.47076950,0.48438188,-0.16137895,-1.25189478,-0.20333659,-0.07888941,-0.18749071,0.13586173,-0.16617819,0.34554271,-0.12570092,0.55504349,1.17410001,0.21556441,0.21085243,0.22036836,-0.14371369,0.34801811,0.15003791,0.16093307,0.22002461,1.17410001,1.38812538,1.59749203,1.80854580,0.21556441,0.42636124,0.63985470,0.21085243,0.42652113,0.22036836,1.26252837,0.21811392,0.23167396,0.38368260,0.57057610
211,0.05852213,0.44356238,0.45605183,0.47081723,0.48094959,-0.16055151,-1.24114544,-0.20037425,-0.08365545,-0.18788758,0.12915850,-0.16606823,0.34153022,-0.12758821,0.55410915,1.15864748,0.21338949,0.21362101,0.22237220,-0.14032901,0.34487707,0.15037721,0.16180606,0.22089478,1.15864748,1.37078039,1.58276765,1.79687719,0.21338949,0.42690381,0.64290050,0.21362101,0.43158355,0.22237220,1.25192827,0.21713613,0.22820182,0.38015006,0.56972266
212,0.05769633,0.44347017,0.45802129,0.47381837,0.48048525,-0.16390600,-1.24775902,-0.20085844,-0.08244668,-0.18821888,0.12699561,-0.16681617,0.33799500,-0.12864825,0.55185800,1.16622049,0.20989754,0.21215142,0.22337207,-0.14599067,0.34582129,0.14834255,0.16069770,0.21869902,1.16622049,1.37514306,1.58584167,1.80126106,0.20989754,0.42196109,0.63971479,0.21215142,0.43153604,0.22337207,1.25900921,0.21731323,0.22753203,0.37745711,0.56754805
213,0.05710042,0.44953676,0.45843056,0.47350289,0.47950074,-0.15955435,-1.24054712,-0.19994260,-0.08645503,-0.18643970,0.12689958,-0.16526509,0.33624840,-0.12884791,0.54676962,1.15510369,0.21383680,0.21049554,0.21968859,-0.14812309,0.34783927,0.14812752,0.16133946,0.21902553,1.15510369,1.36788285,1.57688634,1.78883922,0.21383680,0.42425630,0.63849198,0.21049554,0.42622747,0.21968859,1.25136656,0.21817659,0.22617556,0.37536296,0.56245962
214,0.05842298,0.44811847,0.45845827,0.47201190,0.47683486,-0.15782001,-1.22506673,-0.20014766,-0.08030297,-0.18272457,0.12988697,-0.16276192,0.33529525,-0.12783377,0.54558691,1.14578273,0.21103999,0.20650437,0.21892923,-0.13827298,0.33659535,0.14768889,0.16290868,0.21988917,1.14578273,1.35527591,1.56039366,1.77187358,0.21103999,0.41753387,0.63103677,0.20650437,0.42146627,0.21892923,1.23564059,0.21589074,0.22486230,0.37353097,0.56092721
215,0.05866177,0.44906923,0.45900185,0.47274063,0.47621614,-0.15817159,-1.20731967,-0.19902468,-0.07278815,-0.18322705,0.13131786,-0.16279016,0.33509210,-0.12537203,0.54217674,1.13558809,0.20475869,0.20486351,0.21629490,-0.13724212,0.34477375,0.14617467,0.16411850,0.21977697,1.13558809,1.33906700,1.54251925,1.75110940,0.20475869,0.40959438,0.62068878,0.20486351,0.41731903,0.21629490,1.21829430,0.21231652,0.22607836,0.37321525,0.55716651
216,0.05688450,0.44972386,0.46325991,0.47485626,0.47732291,-0.15894625,-1.20402250,-0.20696459,-0.06912650,-0.19350323,0.13153678,-0.17302995,0.33889538,-0.13094713,0.54549417,1.13642403,0.20116101,0.20848470,0.21751964,-0.14071369,0.35909430,0.14563575,0.16434793,0.21959056,1.13642403,1.33633848,1.54315039,1.75140230,0.20116101,0.40958772,0.62073599,0.20848470,0.42122927,0.21751964,1.21525469,0.21841344,0.23439031,0.38108648,0.56193583
217,0.05869673,0.45324292,0.46469457,0.47458345,0.47497770,-0.16121154,-1.19505792,-0.21430176,-0.06465626,-0.19809746,0.13778253,-0.17617685,0.34689293,-0.13315571,0.55256515,1.13219557,0.20327371,0.21033833,0.21730564,-0.14067131,0.36657481,0.14508828,0.16462334,0.21943440,1.13219557,1.33361389,1.54216126,1.74950069,0.20327371,0.41356924,0.62386842,0.21033833,0.42274725,0.21730564,1.20671951,0.22405389,0.24200599,0.38982639,0.56923181
218,0.05786825,0.45754820,0.46482290,0.47163898,0.47153976,-0.15825611,-1.17576725,-0.21678086,-0.06793664,-0.20135057,0.13942558,-0.18288665,0.35075341,-0.13583691,0.55107419,1.10952906,0.20794141,0.21213831,0.21370668,-0.14541064,0.38158044,0.14477619,0.16730312,0.22124755,1.10952906,1.31600720,1.52679689,1.72853249,0.20794141,0.42007101,0.62666510,0.21213831,0.42059794,0.21370668,1.18729951,0.22895871,0.24675064,0.39682892,0.56816895
219,0.06238605,0.45131300,0.46209019,0.47182882,0.47058089,-0.16448033,-1.16903647,-0.23017865,-0.06435657,-0.21950062,0.14915495,-0.19331013,0.35082929,-0.14500467,0.55659374,1.10694588,0.21394179,0.20337354,0.22053037,-0.14781141,0.42217374,0.14503007,0.16932961,0.22294896,1.10694588,1.31946205,1.52026461,1.72770939,0.21394179,0.41687570,0.62927028,0.20337354,0.41917918,0.22053037,1.18156559,0.24007178,0.26718142,0.40164195,0.57614720
220,0.06197014,0.44411967,0.46067777,0.46725476,0.47165378,-0.16762129,-1.09358352,-0.22908726,-0.04874722,-0.22280838,0.14681547,-0.19670842,0.34908972,-0.14613109,0.54880434,1.04814799,0.19668712,0.20401336,0.21600078,-0.14732653,0.46552215,0.14294916,0.17419428,0.22533999,1.04814799,1.24215112,1.44330102,1.64533022,0.19668712,0.39993940,0.60459539,0.20401336,0.41359198,0.21600078,1.10699614,0.23494489,0.26683472,0.40075086,0.57091238
221,0.06093061,0.44784728,0.46374801,0.46910583,0.47948382,-0.17946855,-1.08302478,-0.23787112,-0.06322564,-0.23469695,0.13141683,-0.20881280,0.33416802,-0.15730249,0.53415314,1.02384344,0.19567961,0.20464244,0.21877235,-0.15690099,0.51621104,0.14380081,0.17489825,0.22642454,1.02384344,1.21671650,1.41805463,1.62120231,0.19567961,0.39957438,0.60427087,0.20464244,0.41479297,0.21877235,1.09873488,0.24731829,0.26902026,0.39408544,0.56079355
222,0.06052210,0.44663998,0.46942044,0.47317384,0.48815934,-0.18620332,-1.02534208,-0.24899907,-0.05812371,-0.24138516,0.11504291,-0.21159119,0.31542650,-0.15997904,0.50513272,0.97207876,0.17360638,0.20285756,0.21294466,-0.19115787,0.66179604,0.14570659,0.18250316,0.23353332,0.97207876,1.14352970,1.34208916,1.53669820,0.17360638,0.37596200,0.57356564,0.20285756,0.40482663,0.21294466,1.04332862,0.25678711,0.26776196,0.37983782,0.53668034
223,0.05703616,0.46051634,0.48270834,0.48039262,0.49211889,-0.18887609,-1.01809503,-0.25220588,-0.09220408,-0.23912825,0.08922021,-0.20667447,0.29915051,-0.15178799,0.48661227,0.93478664,0.18529934,0.21353755,0.20757731,-0.18038727,0.70838318,0.14725603,0.18552796,0.23686486,0.93478664,1.11110072,1.31850729,1.51035373,0.18529934,0.39811543,0.58760864,0.21353755,0.40975289,0.20757731,1.03591359,0.28064742,0.25938050,0.36442066,0.51845417
224,0.04591044,0.44249705,0.46563037,0.46962396,0.48056016,-0.19414835,-1.00854236,-0.27380736,-0.08248170,-0.24844114,0.09539085,-0.20421833,0.28933885,-0.16067855,0.47531874,0.93643770,0.18337407,0.19968099,0.19790575,-0.18750194,0.81516911,0.14768075,0.18962832,0.24035079,0.93643770,1.10796569,1.29930301,1.48843720,0.18337407,0.38211282,0.56916112,0.19968099,0.39145086,0.19790575,1.02743800,0.29862796,0.27066951,0.35559640,0.50869809
225,0.04062523,0.46022415,0.47152001,0.47905396,0.48987435,-0.20207646,-0.99056464,-0.27074611,-0.11786608,-0.25000656,0.06459239,-0.20880405,0.25700484,-0.16755134,0.44486946,0.88312778,0.18742327,0.19877445,0.19950367,-0.24253196,1.00677952,0.15371383,0.19826307,0.25087085,0.88312778,1.05920299,1.24862867,1.43960758,0.18742327,0.38557988,0.57225902,0.19877445,0.38990665,0.19950367,1.01098519,0.31527037,0.26832322,0.33415553,0.48533289
226,0.04495761,0.46439565,0.47487116,0.48683697,0.48906724,-0.19964998,-0.96377256,-0.26160263,-0.13678746,-0.24236579,0.03589302,-0.20841970,0.22594541,-0.16032297,0.41750897,0.84129153,0.18179183,0.19590610,0.20413858,-0.37254993,1.24075062,0.15249121,0.20689671,0.25702105,0.84129153,1.00444429,1.19101061,1.38592985,0.18179183,0.37673406,0.56456826,0.19590610,0.39076559,0.20413858,0.98424193,0.32904241,0.26166300,0.31292594,0.46060700
227,0.05289250,0.46273095,0.47753387,0.49203186,0.48535704,-0.18935799,-0.93354213,-0.25358355,-0.14490635,-0.22543622,0.00321189,-0.19928199,0.18426021,-0.15713050,0.38394685,0.80210910,0.15906331,0.18856324,0.21177081,-1.00341387,1.50789480,0.15214807,0.21953528,0.26710442,0.80210910,0.94092980,1.11839762,1.32106518,0.15906331,0.34727758,0.53905717,0.18856324,0.38696359,0.21177081,0.95272227,0.32811101,0.24616501,0.27655197,0.42908699
228,0.04797614,0.45147688,0.44966323,0.47162338,0.46233306,-0.18454513,-0.92447920,-0.25182833,-0.13890039,-0.22352011,0.01434179,-0.19543253,0.17788264,-0.16442802,0.36595220,0.79496794,0.16219400,0.16915424,0.19575617,-1.08764225,1.53023053,0.14651520,0.22961755,0.27238011,0.79496794,0.94133172,1.10267117,1.29239621,0.16219400,0.33103912,0.51343760,0.16915424,0.35673514,0.19575617,0.94321764,0.31653501,0.24037535,0.26980879,0.41323204
229,0.04793035,0.43193274,0.44136908,0.47109727,0.45092831,-0.17909220,-0.92468001,-0.23929030,-0.13180470,-0.21059830,0.00475333,-0.18149663,0.16017590,-0.15817241,0.36086247,0.80172852,0.14769810,0.16152611,0.20637153,-0.13820556,1.28415263,0.14854415,0.23599628,0.27885410,0.80172852,0.93153537,1.08506279,1.28726129,0.14769810,0.30857205,0.50084602,0.16152611,0.36006234,0.20637153,0.94295927,0.31064615,0.23295690,0.25103523,0.40868904
230,0.04352442,0.43129668,0.43261064,0.46185434,0.44336761,-0.18662014,-0.89653495,-0.23261873,-0.13608954,-0.20553164,-0.00382661,-0.18076237,0.14347525,-0.15587197,0.33793003,0.76707768,0.14357214,0.15350627,0.19952342,-0.00466895,1.14904076,0.14492784,0.24751457,0.28682319,0.76707768,0.89383494,1.04004013,1.23557560,0.14357214,0.29654991,0.48249922,0.15350627,0.34535002,0.19952342,0.91710444,0.30338045,0.22459368,0.23726182,0.38339409
231,0.04628284,0.42681326,0.42615449,0.45161948,0.43861021,-0.18309445,-0.88287733,-0.23630035,-0.14248571,-0.20922550,-0.00562184,-0.18051156,0.13901107,-0.15901114,0.32431524,0.74730584,0.14645809,0.15099991,0.19073114,0.02498023,0.99135234,0.14475087,0.25305976,0.29153397,0.74730584,0.87863892,1.02193366,1.20842642,0.14645809,0.29714320,0.47462801,0.15099991,0.33381415,0.19073114,0.90278920,0.30563532,0.22661302,0.23422658,0.37324974
232,0.04585268,0.42194260,0.41482873,0.44446896,0.43561040,-0.19811862,-0.88164022,-0.24573117,-0.15515833,-0.22096846,-0.00574360,-0.19092808,0.14124148,-0.17514025,0.31549056,0.73452437,0.16042522,0.15344983,0.17932394,0.04682719,0.84995066,0.14737159,0.25460621,0.29418142,0.73452437,0.87732304,1.02298016,1.19846022,0.16042522,0.31321863,0.47811562,0.15344983,0.32456351,0.17932394,0.90505330,0.32621576,0.24070624,0.24571675,0.37507786
233,0.04795735,0.39996934,0.37899735,0.40218683,0.40252735,-0.20289522,-0.86903702,-0.26074360,-0.14918788,-0.23159998,0.02897831,-0.20051340,0.17943123,-0.18543386,0.33659654,0.72891161,0.18805153,0.15593396,0.16479655,0.02905349,0.70052460,0.15081727,0.25750548,0.29842071,0.72891161,0.89966460,1.04865356,1.20760827,0.18805153,0.34338460,0.49263561,0.15593396,0.31173908,0.16479655,0.89343709,0.33218378,0.24984917,0.27622471,0.39963504
234,0.04645954,0.39016673,0.37434817,0.39944200,0.39298637,-0.22218928,-0.87174789,-0.26632505,-0.13353115,-0.23617354,0.05079369,-0.20338230,0.19051093,-0.18424850,0.35064648,0.74862046,0.19494597,0.14682278,0.17098920,0.04454589,0.56656589,0.15085361,0.25695923,0.29796788,0.74862046,0.92462434,1.06283292,1.22602038,0.19494597,0.34133153,0.49200248,0.14682278,0.30540869,0.17098920,0.90061890,0.33757085,0.26256780,0.28779475,0.41648903
235,0.04918409,0.36667690,0.34374984,0.35290437,0.34810326,-0.23186092,-0.83702225,-0.28248601,-0.11591883,-0.25523030,0.08818615,-0.23468445,0.23347774,-0.19735973,0.38699235,0.72861186,0.21107815,0.15183922,0.16705005,0.02900482,0.44513821,0.15627665,0.26218577,0.30522741,0.72861186,0.92658877,1.07051944,1.22597371,0.21107815,0.36284987,0.51101497,0.15183922,0.30474017,0.16705005,0.87018577,0.33788821,0.28736762,0.33630388,0.44900347
236,0.04930603,0.32780441,0.30162756,0.30946404,0.30746132,-0.25419238,-0.81739479,-0.29653074,-0.05632646,-0.26767500,0.15259717,-0.23181097,0.28547018,-0.18859113,0.40876682,0.76541592,0.21413083,0.14262632,0.14170660,-0.00248987,0.32652641,0.15814220,0.26689106,0.31022539,0.76541592,0.97063264,1.10310269,1.22893378,0.21413083,0.35574651,0.47785549,0.14262632,0.26866597,0.14170660,0.85756286,0.32526984,0.31941824,0.37070023,0.46150982
237,0.04759649,0.28777781,0.26071322,0.27034587,0.26805665,-0.26347110,-0.81069347,-0.30929205,-0.01147714,-0.27819077,0.17838994,-0.23547471,0.31234972,-0.20426791,0.40769553,0.80450822,0.19731929,0.14593390,0.11416677,0.00256313,0.30946273,0.15957773,0.26944983,0.31315853,0.80450822,0.98985230,1.12339597,1.22091492,0.19731929,0.34231621,0.43306022,0.14593390,0.24141943,0.11416677,0.85369275,0.33427977,0.34061507,0.39356841,0.46639898
238,0.05253765,0.26470776,0.25155631,0.26843244,0.25032199,-0.26417691,-0.80320376,-0.32130269,0.03397039,-0.28387078,0.19230465,-0.23471450,0.31052775,-0.22182621,0.40606169,0.84373829,0.17394331,0.13376814,0.10656341,0.01105499,0.26087940,0.16131821,0.27111008,0.31547463,0.84373829,0.99605908,1.11418702,1.21046502,0.17394331,0.30665108,0.38904464,0.13376814,0.22267959,0.10656341,0.84757882,0.35496533,0.35337053,0.39204976,0.47179056
239,0.05584370,0.25686012,0.24892033,0.26724605,0.25322156,-0.27814052,-0.78746187,-0.32234333,0.04652958,-0.27425206,0.19525306,-0.21995840,0.30926369,-0.19341583,0.40478322,0.83955571,0.16586900,0.13248333,0.11120427,0.01839118,0.27525416,0.15766858,0.27343172,0.31563315,0.83955571,0.98318877,1.09831148,1.19594036,0.16586900,0.29773637,0.38342015,0.13248333,0.22481911,0.11120427,0.83739032,0.35737697,0.34890279,0.38299305,0.46005376
240,0.05565933,0.25385058,0.25303922,0.26893488,0.24245917,-0.28575151,-0.79895866,-0.33338213,0.05120851,-0.27949501,0.19219892,-0.22526578,0.30095708,-0.19777349,0.37789298,0.85525068,0.15921830,0.12937812,0.09547424,0.01532530,0.27080718,0.15809808,0.27215302,0.31474159,0.85525068,0.99161108,1.10168043,1.18063526,0.15921830,0.28827004,0.35664708,0.12937812,0.20294309,0.09547424,0.85089912,0.36657633,0.35169103,0.37904244,0.43761178
241,0.05276314,0.24868153,0.24298335,0.25750901,0.23607264,-0.28629699,-0.81221293,-0.33664925,0.06448528,-0.28093485,0.20481360,-0.22587675,0.31057912,-0.19693135,0.39079329,0.88184584,0.16120193,0.12863165,0.09443921,0.01842328,0.22092404,0.15584999,0.27028161,0.31199578,0.88184584,1.01732969,1.12467276,1.20643478,0.16120193,0.28948513,0.36071284,0.12863165,0.20421541,0.09443921,0.86419428,0.37523295,0.36072978,0.38701146,0.44647145
242,0.05154350,0.23587328,0.22888252,0.24761171,0.24463363,-0.30162312,-0.81153898,-0.35312263,0.06503103,-0.29383341,0.21183509,-0.23059948,0.31941801,-0.18481455,0.39425508,0.88331307,0.17168694,0.13674342,0.09342322,0.03198172,0.22397306,0.15565482,0.26534621,0.30763133,0.88331307,1.02383133,1.13349064,1.21145245,0.17168694,0.30771148,0.38059634,0.13674342,0.21384270,0.09342322,0.86956113,0.40032380,0.37874351,0.39773837,0.44399216
243,0.05328847,0.22448207,0.21768180,0.24123245,0.25090220,-0.31294682,-0.79963864,-0.36189296,0.08029417,-0.30036569,0.22903462,-0.23206772,0.33573425,-0.17877630,0.41994461,0.88742853,0.17860169,0.14006618,0.10301535,0.03170585,0.19786573,0.15542613,0.26231274,0.30490204,0.88742853,1.02909876,1.13872708,1.22696055,0.17860169,0.31766251,0.40152712,0.14006618,0.22882946,0.10301535,0.86307250,0.41700012,0.39443667,0.41167108,0.46336347
244,0.05380860,0.22127923,0.21151003,0.23362512,0.24196591,-0.31653977,-0.79790300,-0.36204916,0.09608538,-0.30134688,0.23919437,-0.23351530,0.35190184,-0.18044855,0.43254423,0.90032444,0.17247443,0.14427402,0.09891099,0.02575978,0.18907574,0.15838092,0.26080620,0.30513012,0.90032444,1.03743582,1.15340963,1.23805381,0.17247443,0.31608647,0.39852587,0.14427402,0.23113328,0.09891099,0.86241301,0.41539111,0.39876537,0.42478446,0.47345719
245,0.05337637,0.22725183,0.21877042,0.24352506,0.25030257,-0.32125325,-0.79972846,-0.35586137,0.08756588,-0.29543320,0.22682317,-0.22856081,0.33874749,-0.17456150,0.42109662,0.89251569,0.17014190,0.14313410,0.10108159,0.02405731,0.18469297,0.15637974,0.25982219,0.30325269,0.89251569,1.02696031,1.14316607,1.22982391,0.17014190,0.31267665,0.39610920,0.14313410,0.23166048,0.10108159,0.86674743,0.40921250,0.38704448,0.41124392,0.46103358
246,0.05305485,0.23142319,0.22158882,0.24724156,0.25736092,-0.32312071,-0.81860494,-0.36108815,0.08649747,-0.29888657,0.22614974,-0.22975575,0.34137925,-0.17362055,0.43079607,0.91107445,0.17196608,0.14732631,0.10788131,0.02496990,0.18529779,0.15689588,0.25468460,0.29913301,0.91107445,1.04519479,1.16449914,1.25847237,0.17196608,0.31870640,0.40910461,0.14732631,0.24296631,0.10788131,0.88457547,0.41535593,0.38989018,0.41417110,0.46959203
247,0.05589553,0.23067627,0.22739883,0.25548796,0.26094053,-0.32402740,-0.84005260,-0.36553851,0.07982193,-0.29799282,0.21923803,-0.22839523,0.33661270,-0.17795801,0.43616945,0.92641276,0.17885612,0.14929252,0.11356828,0.02796443,0.17763852,0.15894133,0.25292600,0.29872045,0.92641276,1.05968235,1.18152959,1.28484177,0.17885612,0.32746677,0.42283553,0.14929252,0.25105819,0.11356828,0.90541696,0.42289683,0.38531640,0.40950765,0.47598610
248,0.05541306,0.23469031,0.23124938,0.25663822,0.25914074,-0.32603652,-0.86283308,-0.36106562,0.06413711,-0.30008582,0.20940256,-0.23122692,0.33648446,-0.17700420,0.44078443,0.93255238,0.17971944,0.15470081,0.11903738,0.02237867,0.17751296,0.16568837,0.24834828,0.29854565,0.93255238,1.07258904,1.20393643,1.31239076,0.17971944,0.33329919,0.43685390,0.15470081,0.26459733,0.11903738,0.92669412,0.41074408,0.37895839,0.41057288,0.47904231
249,0.05753530,0.23748872,0.24149942,0.27029989,0.27500096,-0.32459096,-0.88119277,-0.35299322,0.05645115,-0.29589551,0.20245906,-0.23232144,0.31807267,-0.17748184,0.42835511,0.94381167,0.18089423,0.14329586,0.12595402,0.03563109,0.17702427,0.16701899,0.24944030,0.30019295,0.94381167,1.08411784,1.20355121,1.31788048,0.18089423,0.32306024,0.42833058,0.14329586,0.25675641,0.12595402,0.94327719,0.40618479,0.37292576,0.39664234,0.46938981
250,0.05715471,0.24726894,0.25034391,0.27962621,0.27747441,-0.33039941,-0.92213935,-0.36524345,0.03281913,-0.30498229,0.18676109,-0.23510519,0.30801016,-0.18334092,0.43220337,0.96034184,0.18401183,0.14989890,0.13722108,0.02329294,0.18199573,0.16609845,0.24469284,0.29574191,0.96034184,1.10928730,1.23445610,1.36235804,0.18401183,0.33281311,0.45185239,0.14989890,0.27523660,0.13722108,0.98323101,0.40871021,0.37124442,0.39019712,0.47510411
251,0.05946182,0.25194579,0.26454978,0.29355021,0.29361840,-0.32735971,-0.94662811,-0.34760641,0.01502203,-0.29491510,0.17530422,-0.23091863,0.30408805,-0.17257768,0.44294711,0.96704274,0.18880627,0.15317218,0.15336094,0.02375522,0.17080669,0.17511131,0.24342390,0.29986524,0.96704274,1.12250444,1.25498991,1.39819578,0.18880627,0.34069731,0.47491873,0.15317218,0.29524256,0.15336094,1.00535181,0.39468921,0.35781199,0.38494286,0.48169487
252,0.05380517,0.24707636,0.26003582,0.28954961,0.28181680,-0.32714028,-0.95405347,-0.34804343,0.01019343,-0.29447509,0.17555759,-0.22787697,0.30879703,-0.17347769,0.45708798,0.96867416,0.18949502,0.15677540,0.16055680,0.01858914,0.17431629,0.17700232,0.24151926,0.29943509,0.96867416,1.13017833,1.26720816,1.41949357,0.18949502,0.34506002,0.48920215,0.15677540,0.30708915,0.16055680,1.01200525,0.38892501,0.35651778,0.38688176,0.49503982
253,0.05399780,0.25682993,0.27504688,0.30268219,0.28289904,-0.33260145,-0.97738473,-0.33474756,-0.00436177,-0.29058315,0.15510793,-0.22682639,0.30136534,-0.18319314,0.45376874,0.97686293,0.17826342,0.16509061,0.16337809,0.00714860,0.19649544,0.18256954,0.24137740,0.30264614,0.97686293,1.13345182,1.28330966,1.43903526,0.17826342,0.34195913,0.48748443,0.16509061,0.31739449,0.16337809,1.03545057,0.37348641,0.34402353,0.38145052,0.49875341
254,0.05578308,0.27106867,0.29514098,0.31977031,0.29123730,-0.32305880,-1.01232342,-0.33640490,-0.02409020,-0.29607857,0.15375922,-0.23826258,0.30272680,-0.19730786,0.45245583,0.99234502,0.19215669,0.16571506,0.16214427,0.00125851,0.22409346,0.18903400,0.23922068,0.30489406,0.99234502,1.16674751,1.31786908,1.47050750,0.19215669,0.35686668,0.49976361,0.16571506,0.31461721,0.16214427,1.06540591,0.37600150,0.34995430,0.39016185,0.50541193
255,0.05498818,0.26520038,0.28468239,0.30755626,0.26843696,-0.31809849,-1.02345977,-0.34960366,-0.03598838,-0.30520311,0.15762429,-0.24920659,0.30614296,-0.21544592,0.45235838,0.99152610,0.21001005,0.16356895,0.15543033,0.00099765,0.18287059,0.19231664,0.23714970,0.30532879,0.99152610,1.18125862,1.33159952,1.47947780,0.21001005,0.37246350,0.51087677,0.16356895,0.30809982,0.15543033,1.07512610,0.38994734,0.35797966,0.39947463,0.51127169
256,0.05533727,0.26384639,0.28900496,0.32049613,0.28441679,-0.31322424,-1.06157603,-0.35868706,-0.04254649,-0.30955736,0.16522724,-0.24624328,0.31131682,-0.21643968,0.46597947,1.02425768,0.22499254,0.16468749,0.16338298,-0.00139150,0.22075988,0.19476006,0.23254201,0.30332699,1.02425768,1.22700317,1.37467487,1.53079397,0.22499254,0.38813172,0.53261932,0.16468749,0.31484057,0.16338298,1.11043345,0.40460564,0.36813280,0.40292655,0.52600174
257,0.05563954,0.27997731,0.31073147,0.35131094,0.33841984,-0.30634509,-1.12384710,-0.35990162,-0.06998686,-0.30816561,0.14113453,-0.24636349,0.29497902,-0.22021099,0.46494995,1.05927444,0.22661189,0.17126390,0.17922785,-0.00974515,0.22066618,0.20038600,0.22617063,0.30217165,1.05927444,1.26530453,1.42016657,1.59153895,0.22661189,0.39691347,0.55575640,0.17126390,0.33563278,0.17922785,1.16832529,0.40960318,0.35908078,0.39169461,0.52968970
258,0.05570245,0.29698259,0.32515533,0.37098702,0.37123736,-0.30544008,-1.15608673,-0.34940322,-0.08604479,-0.30202193,0.12993833,-0.24906331,0.27320564,-0.21852264,0.44737698,1.07456975,0.23020283,0.16029492,0.18500435,-0.01304445,0.20793003,0.20087895,0.22161553,0.29910834,1.07456975,1.28625657,1.43061295,1.60609657,0.23020283,0.38964037,0.55232519,0.16029492,0.32828748,0.18500435,1.19955551,0.40397521,0.34985569,0.37644073,0.51342777
259,0.05445540,0.29562193,0.31406557,0.36303982,0.37456724,-0.31536570,-1.15265040,-0.34899170,-0.06935498,-0.30337469,0.15613049,-0.24934351,0.29562728,-0.20759092,0.46684688,1.08817489,0.24142427,0.15901764,0.18398591,-0.01294388,0.20753596,0.19743859,0.21969838,0.29538005,1.08817489,1.30905710,1.45008915,1.62324206,0.24142427,0.39913338,0.55948967,0.15901764,0.32514674,0.18398591,1.19929413,0.40744995,0.36347373,0.39327110,0.52580218
260,0.05745791,0.30084356,0.32448478,0.38655833,0.41024074,-0.32004480,-1.17524916,-0.34810567,-0.07902211,-0.29694098,0.13720431,-0.24177185,0.28194438,-0.19848590,0.47040583,1.10150318,0.23492389,0.16590154,0.19921520,-0.02763915,0.20430222,0.19954758,0.21573832,0.29387456,1.10150318,1.31294881,1.45963904,1.65021781,0.23492389,0.40001818,0.57616142,0.16590154,0.34763343,0.19921520,1.22266274,0.41420209,0.35342361,0.37879199,0.52501500
261,0.05630848,0.30925147,0.34222367,0.41263128,0.45516552,-0.32592620,-1.18696630,-0.33492950,-0.10264189,-0.28590647,0.10411898,-0.23278237,0.25989364,-0.18860214,0.46075450,1.08941683,0.22735322,0.17640987,0.21001160,-0.02778695,0.19953901,0.20159602,0.21559690,0.29516602,1.08941683,1.29192794,1.45039357,1.65343604,0.22735322,0.40336412,0.59092844,0.17640987,0.37026654,0.21001160,1.23611082,0.41270241,0.33383909,0.35663142,0.51127978
262,0.05775442,0.31787997,0.36914074,0.46323520,0.49469223,-0.33062250,-1.19457279,-0.33145860,-0.12255378,-0.27734150,0.07918867,-0.21877655,0.24441018,-0.18305816,0.47176041,1.07648946,0.22258771,0.18501252,0.23321500,-0.04427284,0.18775983,0.20279587,0.21493515,0.29550514,1.07648946,1.27504961,1.44382569,1.67285435,0.22258771,0.40728540,0.62040550,0.18501252,0.40430285,0.23321500,1.24497113,0.41353987,0.31967955,0.33732949,0.51925575
263,0.05641481,0.31147078,0.37914348,0.48113066,0.44049647,-0.35024371,-1.20347842,-0.34010873,-0.12778364,-0.28799008,0.08199698,-0.22100535,0.25937392,-0.18555296,0.47887390,1.07927395,0.22996317,0.19883604,0.22439904,-0.03745068,0.16921103,0.20067764,0.21253633,0.29230670,1.07927395,1.28701175,1.46943983,1.69052249,0.22996317,0.42804318,0.63529480,0.19883604,0.41095037,0.22439904,1.26025305,0.42391763,0.33051952,0.35003701,0.52528644
264,0.05408846,0.30051821,0.37408734,0.48289682,0.38509089,-0.36317656,-1.26283660,-0.36478425,-0.14059592,-0.31163688,0.07798717,-0.24329094,0.26122042,-0.20073736,0.48090837,1.12483451,0.23709009,0.20576067,0.22503116,-0.03929158,0.16846587,0.20518771,0.20780452,0.29203547,1.12483451,1.34181473,1.53004324,1.75172335,0.23709009,0.44215204,0.65301009,0.20576067,0.41983256,0.22503116,1.32193960,0.44898255,0.35282846,0.36625180,0.53173703
265,0.05143307,0.28387079,0.36790586,0.48500843,0.36036903,-0.36779253,-1.29802938,-0.38304735,-0.18444095,-0.32646149,0.05568519,-0.26039984,0.26151207,-0.21896639,0.49254740,1.11695672,0.25937317,0.22564343,0.23605963,-0.02788215,0.18884748,0.20544411,0.20386987,0.28943083,1.11695672,1.35435555,1.56436470,1.79707934,0.25937317,0.48464027,0.70679374,0.22564343,0.45163240,0.23605963,1.35788400,0.48784361,0.36745002,0.38095280,0.55213353
266,0.05251466,0.28613574,0.38214828,0.46909580,0.31278349,-0.35702679,-1.31470097,-0.37679745,-0.22399173,-0.32951950,0.02017244,-0.26336078,0.23008550,-0.22237312,0.46846668,1.09431594,0.26296470,0.22972468,0.24275535,-0.03522304,0.19544697,0.20502466,0.19836034,0.28527519,1.09431594,1.33515725,1.54897602,1.78878847,0.26296470,0.49186743,0.72139871,0.22972468,0.46313377,0.24275535,1.37223194,0.50522599,0.36941887,0.36371356,0.53239425
267,0.05333408,0.29970117,0.40832241,0.45859704,0.32811496,-0.35062018,-1.31241786,-0.37650800,-0.22201169,-0.32563802,0.02208135,-0.25009947,0.22445510,-0.20554987,0.47316272,1.09386707,0.26267472,0.22575161,0.25326575,-0.04178223,0.18279657,0.20507659,0.18946304,0.27920002,1.09386707,1.33473308,1.54153744,1.79210191,0.26267472,0.48711817,0.72774044,0.22575161,0.46927231,0.25326575,1.36830662,0.50204111,0.36542512,0.35025805,0.52879855
268,0.05419750,0.30243831,0.39466349,0.47350691,0.33587601,-0.35387881,-1.31295262,-0.38398233,-0.21226751,-0.33000313,0.03732644,-0.25387049,0.24498844,-0.20883850,0.48308818,1.10438321,0.27122295,0.23180359,0.24324901,-0.04965921,0.20543522,0.20401808,0.18820299,0.27756754,1.10438321,1.35050457,1.56297824,1.80270850,0.27122295,0.50185281,0.73052299,0.23180359,0.46443790,0.24324901,1.37245565,0.51571546,0.37758650,0.36963619,0.54247784
269,0.05473894,0.28573850,0.38315382,0.44789078,0.28408564,-0.34541336,-1.28669148,-0.38578414,-0.17596298,-0.33471190,0.06265756,-0.26495704,0.27511496,-0.22539475,0.50913645,1.11453644,0.25838147,0.23650733,0.23847911,-0.07857477,0.25987840,0.20561358,0.16631835,0.26445933,1.11453644,1.34939327,1.56588258,1.80070369,0.25838147,0.49426438,0.71716098,0.23650733,0.46279967,0.23847911,1.34471736,0.50024441,0.38540648,0.39572573,0.57103959
270,0.05467484,0.32335915,0.42350636,0.49289489,0.38534971,-0.35006894,-1.28981161,-0.38766526,-0.18801372,-0.32440791,0.06135333,-0.23098697,0.28105768,-0.18239059,0.51461277,1.10561144,0.27535736,0.25233351,0.24023099,-0.09552668,0.30934746,0.20693552,0.15504676,0.25857650,1.10561144,1.35148607,1.57830907,1.81346867,0.27535736,0.52623847,0.74752306,0.25233351,0.47797870,0.24023099,1.35002656,0.51086899,0.37430083,0.37590643,0.55965123
271,0.06252461,0.43488125,0.45807400,0.45956004,0.41777815,-0.33833759,-1.23300849,-0.35283855,-0.23000325,-0.25495784,-0.06368605,-0.18185547,0.19606642,-0.12913635,0.46616930,1.00502402,0.21707859,0.28846717,0.28223844,-0.15255262,0.34026589,0.21305400,0.14368064,0.25697497,1.00502402,1.17288809,1.44435732,1.71372670,0.21707859,0.50132039,0.74427568,0.28846717,0.54600796,0.28223844,1.29140691,0.48651471,0.29971286,0.27072012,0.49494350
272,0.06410228,0.41266944,0.47265788,0.46356703,0.42360340,-0.33253466,-1.20051614,-0.33497894,-0.21764328,-0.23856398,-0.04002982,-0.16218575,0.21037425,-0.11734145,0.46393865,0.98604240,0.23646221,0.28195102,0.26964915,-0.14544650,0.35777451,0.21817540,0.14132973,0.25995114,0.98604240,1.16510866,1.42887477,1.67970422,0.23646221,0.51458221,0.73051757,0.28195102,0.51892908,0.26964915,1.25801834,0.47362096,0.27541138,0.26700033,0.49036518
273,0.06609037,0.41088559,0.49248015,0.46890301,0.44630811,-0.32666945,-1.20805015,-0.30896132,-0.23171033,-0.20522256,-0.04002293,-0.13666130,0.20137380,-0.07244243,0.45284521,0.98065407,0.25722076,0.27809477,0.27760056,-0.16454672,0.42751614,0.21918041,0.13081666,0.25525096,0.98065407,1.17524141,1.43186117,1.68160629,0.25722076,0.53198656,0.74128627,0.27809477,0.51088725,0.27760056,1.26394476,0.46980620,0.24670412,0.24361998,0.47151269
274,0.05775223,0.37710966,0.45789303,0.48016066,0.44933272,-0.34116308,-1.23026532,-0.35292696,-0.23521050,-0.27409341,-0.01054826,-0.20544922,0.24794624,-0.14811840,0.49178281,1.00165044,0.27645881,0.28658153,0.26149394,-0.12026475,0.42608496,0.21433872,0.12696516,0.24912093,1.00165044,1.22184386,1.49004863,1.73368280,0.27645881,0.56076525,0.77383224,0.28658153,0.51863572,0.26149394,1.29034927,0.52030339,0.31799617,0.32717505,0.53054815
275,0.05081778,0.39021091,0.46330894,0.48082257,0.47148203,-0.32494791,-1.24575113,-0.36814337,-0.24303792,-0.28687917,-0.04025105,-0.21314579,0.24843679,-0.14251863,0.50749020,1.01000651,0.25825196,0.31363428,0.28069931,-0.11770684,0.49218206,0.21520227,0.12670792,0.24973369,1.01000651,1.20635037,1.50336005,1.76317500,0.25825196,0.56665813,0.79866171,0.31363428,0.56667419,0.28069931,1.29795698,0.52149520,0.32192526,0.33008685,0.54158271
276,0.04797698,0.40970043,0.47216098,0.48764212,0.49271033,-0.31647849,-1.29098002,-0.33144039,-0.23133206,-0.23180440,-0.00330563,-0.15892839,0.22764544,-0.09790338,0.48847347,1.07126157,0.28832765,0.26510089,0.28585186,-0.13609947,0.62699573,0.21505137,0.14603885,0.25995084,1.07126157,1.29050194,1.52984628,1.79282968,0.28832765,0.55196870,0.77219252,0.26510089,0.50974614,0.28585186,1.33408244,0.48638736,0.26334729,0.27815967,0.51171311
277,0.03700050,0.44860588,0.49899720,0.50216984,0.48376532,-0.27339469,-1.26801281,-0.26782616,-0.32896621,-0.17706438,-0.10151842,-0.11344421,0.20043378,-0.04312157,0.49731505,0.94431312,0.26021992,0.31744458,0.31437598,-0.07746591,0.64912934,0.22208337,0.16861634,0.27884135,0.94431312,1.17052103,1.47847728,1.78032894,0.26021992,0.57489194,0.86066518,0.31744458,0.61363178,0.31437598,1.30264677,0.47738487,0.24250756,0.23713523,0.51641488
278,0.04137266,0.45741133,0.49356644,0.49312169,0.48867553,-0.27867044,-1.30462740,-0.29630617,-0.31565770,-0.22128452,-0.09040735,-0.16241574,0.22374731,-0.09453411,0.48380290,0.99320962,0.24488890,0.32579824,0.27287247,-0.15273663,0.97301767,0.21733924,0.16466270,0.27267224,0.99320962,1.21594364,1.53314945,1.79793863,0.24488890,0.56925887,0.82802742,0.32579824,0.58825057,0.27287247,1.33833567,0.47560592,0.27544044,0.28613887,0.50755153
279,0.03312883,0.44346793,0.47498897,0.48135985,0.46033596,-0.25771287,-1.29838929,-0.29285075,-0.26757381,-0.24766550,-0.04363584,-0.18978981,0.22930611,-0.13299379,0.51477690,1.03400545,0.23370558,0.28054097,0.29559992,-0.20324882,1.08474286,0.21505281,0.21982959,0.30752685,1.03400545,1.25502086,1.52921409,1.81803742,0.23370558,0.51349782,0.79897065,0.28054097,0.57050171,0.29559992,1.32540080,0.42063482,0.26731505,0.30392138,0.54354391
280,0.04605063,0.44490201,0.46369005,0.47558752,0.46896177,-0.24275135,-1.35189006,-0.29210648,-0.28695378,-0.24736448,-0.04974051,-0.22247562,0.22668167,-0.18586226,0.48634948,1.07011181,0.24235961,0.27896679,0.26595899,-0.12805820,0.78054457,0.21439260,0.20167501,0.29434163,1.07011181,1.30410393,1.57928869,1.84119466,0.24235961,0.52071728,0.78058643,0.27896679,0.53984852,0.26595899,1.37358084,0.42311543,0.26624289,0.32265636,0.53038859
281,0.05152925,0.45689879,0.47805909,0.47459235,0.47351633,-0.22960418,-1.43762753,-0.30876836,-0.33484741,-0.26715696,-0.09613787,-0.22514614,0.20468006,-0.18716294,0.48792909,1.10870373,0.24235117,0.30594213,0.29051381,-0.10495970,0.75994159,0.20398831,0.20359962,0.28820831,1.10870373,1.34428886,1.64283760,1.92830194,0.24235117,0.54751970,0.83178771,0.30594213,0.58972437,0.29051381,1.45584747,0.46275345,0.29424243,0.30696853,0.53076369
282,0.05519867,0.46432485,0.47475229,0.46498702,0.47073259,-0.18375790,-1.44920090,-0.26421901,-0.38153257,-0.25671166,-0.12641843,-0.21481164,0.18342921,-0.18460808,0.45885457,1.07606816,0.25586754,0.31404591,0.28366654,-0.09039503,0.80451668,0.20737996,0.19411747,0.28405640,1.07606816,1.32779660,1.63402281,1.91186728,0.25586754,0.56910514,0.84425388,0.31404591,0.59053318,0.28366654,1.46148826,0.46830503,0.28960118,0.28287940,0.50039885
283,0.06014953,0.45839512,0.47453035,0.47315652,0.47923046,-0.15905419,-1.42953245,-0.25353692,-0.39682513,-0.25332021,-0.13876498,-0.21515058,0.16097643,-0.18280928,0.43701874,1.04349626,0.25965731,0.30345309,0.28348401,-0.08165610,0.73423299,0.20765322,0.18207867,0.27617476,1.04349626,1.29714738,1.59260429,1.87025325,0.25965731,0.56199022,0.83683856,0.30345309,0.58075441,0.28348401,1.43901237,0.47645875,0.29213669,0.26917182,0.47910282
284,0.06005723,0.46015310,0.46764163,0.46746452,0.47639376,-0.13526763,-1.41039116,-0.26237359,-0.42098288,-0.26501098,-0.15909956,-0.22664595,0.12484601,-0.18759270,0.39289615,1.00320326,0.26256576,0.28791561,0.27608857,-0.07801820,0.79211605,0.20794106,0.16743902,0.26697436,1.00320326,1.26105455,1.53910329,1.80757164,0.26256576,0.54901159,0.81733226,0.28791561,0.55796396,0.27608857,1.41815873,0.49816461,0.31028754,0.25875903,0.43850431
285,0.06411578,0.45502795,0.45791977,0.46126790,0.47086186,-0.11530268,-1.40399847,-0.25700099,-0.43782445,-0.26080248,-0.16328889,-0.22650304,0.10651456,-0.18788581,0.37274431,0.97862008,0.27457766,0.27325713,0.27558689,-0.04570751,0.76819871,0.20514759,0.16254649,0.26173822,0.97862008,1.25101714,1.51514851,1.78106599,0.27457766,0.54569883,0.81432060,0.27325713,0.54199879,0.27558689,1.41041457,0.50770322,0.30770855,0.25188941,0.41861050
286,0.06469080,0.45800077,0.45178225,0.45175835,0.45482466,-0.10020119,-1.40417168,-0.24507034,-0.45827081,-0.24548763,-0.17336991,-0.22271048,0.10034583,-0.19638679,0.36741340,0.95761965,0.28529706,0.27596671,0.27310076,-0.00135501,0.72651860,0.20497092,0.16225509,0.26141880,0.95761965,1.24041056,1.50969669,1.77578744,0.28529706,0.55918809,0.82803123,0.27596671,0.54353135,0.27310076,1.40993203,0.52139625,0.30176295,0.25017054,0.41661921
287,0.06878912,0.41583262,0.41527906,0.42233442,0.42167900,-0.07611267,-1.44221034,-0.24256142,-0.46466397,-0.23917827,-0.16685470,-0.21112593,0.11267281,-0.19525523,0.37723778,0.99274839,0.30316426,0.28103561,0.27529493,0.00520222,0.79651622,0.19853813,0.16885799,0.26063463,0.99274839,1.28577115,1.56073467,1.82492866,0.30316426,0.58026313,0.85221408,0.28103561,0.54993359,0.27529493,1.45186910,0.55970504,0.32333568,0.28100200,0.43097542
288,0.07159811,0.36507757,0.37158044,0.39267346,0.39143976,-0.05310490,-1.44668090,-0.22492743,-0.46270377,-0.22540959,-0.17029859,-0.19521381,0.10870036,-0.19100202,0.35712115,1.00696398,0.29892125,0.28212183,0.26308293,0.02013521,0.82171888,0.19655506,0.17142440,0.26080686,1.00696398,1.28961797,1.56228342,1.80975939,0.29892125,0.57937738,0.83951899,0.28212183,0.54101155,0.26308293,1.46125692,0.60925921,0.38685715,0.32448077,0.43145980
289,0.06473236,0.43372146,0.42848769,0.42627589,0.41782484,-0.07874620,-1.43514877,-0.22440913,-0.49186461,-0.22790315,-0.19441103,-0.20855517,0.07501416,-0.21466362,0.31989744,0.95452765,0.29975086,0.27060079,0.25095981,0.02604930,0.71341883,0.19793573,0.16371686,0.25686916,0.95452765,1.24993959,1.51576310,1.76147581,0.29975086,0.56747933,0.81530380,0.27060079,0.51591062,0.25095981,1.44442801,0.56220349,0.32172107,0.25872714,0.39324937
290,0.06465826,0.44961838,0.44775746,0.43270532,0.41342401,-0.07883908,-1.44768665,-0.23076550,-0.48562445,-0.23661309,-0.20288969,-0.22214373,0.06025865,-0.23108767,0.30974182,0.97427941,0.28354284,0.26614489,0.25236318,0.02549468,0.60842974,0.19500276,0.16052999,0.25257861,0.97427941,1.25554666,1.51475767,1.76456967,0.28354284,0.54620127,0.79562850,0.26614489,0.51266131,0.25236318,1.45554834,0.54780174,0.32289243,0.26023493,0.39557167
291,0.06468195,0.44085232,0.43779319,0.42527707,0.40262758,-0.07445870,-1.44817369,-0.23165744,-0.48809497,-0.23052125,-0.19924220,-0.22204004,0.06235897,-0.23580395,0.30575042,0.97286322,0.29001030,0.26404185,0.24581829,0.03627469,0.56316416,0.19635792,0.16307928,0.25524749,0.97286322,1.25891988,1.51774857,1.76148150,0.29001030,0.55061051,0.79417924,0.26404185,0.50503046,0.24581829,1.45622934,0.55644081,0.32302474,0.27087810,0.40161380
292,0.06423331,0.48435025,0.46556031,0.44311137,0.41013135,-0.08295882,-1.43336644,-0.22423875,-0.49258189,-0.22705609,-0.20814230,-0.21717759,0.05853689,-0.22670732,0.30956432,0.95207630,0.28483513,0.26955536,0.25149665,0.00824180,0.47098020,0.19738902,0.16090550,0.25466253,0.95207630,1.23388038,1.49800524,1.74885131,0.28483513,0.55368235,0.80318225,0.26955536,0.51835763,0.25149665,1.43856608,0.54372529,0.31519638,0.24817642,0.39477149
293,0.06426838,0.49598535,0.47607364,0.45029654,0.40981732,-0.08248043,-1.43593986,-0.22114302,-0.48430777,-0.22119399,-0.19791786,-0.21170963,0.07098163,-0.21764445,0.31976632,0.96241270,0.28784996,0.27206446,0.24886161,-0.00603196,0.38117944,0.19643503,0.16081888,0.25386893,0.96241270,1.24579820,1.51278505,1.76115634,0.28784996,0.55966805,0.80690848,0.27206446,0.51912799,0.24886161,1.43978747,0.53313161,0.30218505,0.24345081,0.39836204
294,0.06205374,0.49750124,0.49040024,0.46490577,0.42096039,-0.08276614,-1.42766300,-0.21610601,-0.46630692,-0.21796360,-0.18989895,-0.21119233,0.08407779,-0.21060314,0.33266808,0.97175581,0.27981914,0.27749257,0.24871599,-0.02108471,0.30549794,0.19534687,0.16137986,0.25338480,0.97175581,1.24513461,1.51768254,1.76558457,0.27981914,0.55724446,0.80461155,0.27749257,0.52513975,0.24871599,1.43055304,0.51405989,0.29094589,0.23979877,0.40264169
295,0.06183914,0.49845729,0.48533574,0.46220604,0.41643523,-0.07366165,-1.45963659,-0.21014620,-0.47495934,-0.21221788,-0.18814082,-0.20556552,0.08347756,-0.19934519,0.33097532,0.99468323,0.28952383,0.27494266,0.24789269,-0.01851409,0.26966636,0.19204695,0.15921266,0.24946082,0.99468323,1.27903304,1.54946114,1.79601153,0.28952383,0.56437642,0.81147721,0.27494266,0.52214160,0.24789269,1.46178277,0.51939918,0.28565863,0.23461235,0.39644480
296,0.06230536,0.49337775,0.47994135,0.46300234,0.41883802,-0.06884571,-1.45172056,-0.20206622,-0.46344937,-0.20365094,-0.17766404,-0.19672734,0.09208910,-0.18977949,0.33734867,0.99769453,0.28802869,0.27259454,0.24562051,-0.02356912,0.25710546,0.19174619,0.16186679,0.25093317,0.99769453,1.28117721,1.54970476,1.79398739,0.28802869,0.56053490,0.80547910,0.27259454,0.51761948,0.24562051,1.45370849,0.50558607,0.27276863,0.22998770,0.39670868
297,0.06278450,0.49810954,0.48151582,0.46498950,0.41834196,-0.07595701,-1.44466861,-0.19576989,-0.47166258,-0.19561301,-0.17928659,-0.18778746,0.09234250,-0.17589850,0.34669956,0.98105894,0.29532809,0.27431814,0.25507606,-0.02318517,0.24564004,0.19110239,0.16049118,0.24955469,0.98105894,1.27103478,1.54164632,1.79505911,0.29532809,0.56958918,0.82400077,0.27431814,0.52896782,0.25507606,1.44700772,0.51070840,0.26778015,0.22180830,0.39872202
298,0.06064742,0.49530507,0.47716195,0.46711618,0.42883124,-0.06876356,-1.44066486,-0.19145518,-0.47068552,-0.18622025,-0.17341388,-0.17909873,0.10536153,-0.16655748,0.36137557,0.97823437,0.30009983,0.28068113,0.25683081,-0.02872952,0.22453112,0.18997450,0.16245985,0.24996702,0.97823437,1.27271228,1.55048891,1.80558332,0.30009983,0.58073978,0.83715740,0.28068113,0.53730272,0.25683081,1.44272928,0.50814208,0.25818143,0.22109617,0.40834409
299,0.06105205,0.49802542,0.47373118,0.46454979,0.42730004,-0.06203383,-1.43725298,-0.18452595,-0.47894644,-0.17890291,-0.17762793,-0.17322698,0.10559196,-0.15630937,0.36625924,0.96632336,0.30352563,0.28444285,0.26166350,-0.03120364,0.20187686,0.18930680,0.16315747,0.24991484,0.96632336,1.26512980,1.54739555,1.80685867,0.30352563,0.58790810,0.84918690,0.28444285,0.54590046,0.26166350,1.43913218,0.51360934,0.25802479,0.21832434,0.40962155
300,0.05874155,0.49057534,0.47141935,0.46395723,0.42780162,-0.04754708,-1.45059613,-0.17649532,-0.47561077,-0.17364213,-0.17675548,-0.16796467,0.10746881,-0.14679420,0.37300058,0.98353681,0.30030421,0.28547909,0.26683828,-0.03045870,0.19601054,0.18759703,0.16252135,0.24820523,0.98353681,1.28019787,1.56334407,1.82728738,0.30030421,0.58577264,0.85210918,0.28547909,0.55200033,0.26683828,1.45187241,0.50802172,0.25410324,0.21578410,0.41269906
301,0.05826098,0.48575550,0.47174870,0.46431503,0.42975211,-0.04443012,-1.44287818,-0.17430499,-0.46587066,-0.17245535,-0.17235810,-0.16794548,0.11387028,-0.14488666,0.37652750,0.98561792,0.29548386,0.28760019,0.26427573,-0.02445926,0.17584382,0.18706630,0.16303530,0.24814172,0.98561792,1.27727010,1.56264818,1.82367979,0.29548386,0.58305138,0.84666529,0.28760019,0.55146706,0.26427573,1.44382344,0.49789101,0.25014193,0.21944647,0.41601231
302,0.05849272,0.47524266,0.46491820,0.45740722,0.41553452,-0.03988206,-1.43120164,-0.18039250,-0.44396908,-0.17050170,-0.16382795,-0.15869293,0.11578067,-0.13652450,0.37112014,0.99721513,0.28176421,0.28138978,0.25700758,-0.02530316,0.19012029,0.18916473,0.16414761,0.25045505,0.99721513,1.27461548,1.55294221,1.80691521,0.28176421,0.56315004,0.81988452,0.28138978,0.53820493,0.25700758,1.43187252,0.47994147,0.24273776,0.21372326,0.40869377
303,0.05794376,0.47709033,0.47132202,0.46505156,0.41998879,-0.04961186,-1.42009965,-0.18007103,-0.43689303,-0.17411223,-0.16717560,-0.16344221,0.11071696,-0.13912763,0.36950212,0.99182502,0.27133548,0.28018037,0.26066000,-0.02656827,0.19927357,0.19000277,0.16450071,0.25131959,0.99182502,1.25946155,1.53639766,1.79381017,0.27133548,0.55148230,0.81165250,0.28018037,0.54048746,0.26066000,1.42099028,0.47264764,0.24446146,0.21041266,0.40548943
304,0.05821449,0.48195028,0.47062601,0.46393335,0.42182656,-0.05366161,-1.41235640,-0.17383459,-0.44001272,-0.16938864,-0.16188930,-0.15902873,0.12095861,-0.13559098,0.38026333,0.97974863,0.27943905,0.28461184,0.26127204,-0.03223622,0.18401106,0.18936715,0.16129130,0.24874646,0.97974863,1.25617882,1.53811353,1.79636764,0.27943905,0.56401487,0.82490121,0.28461184,0.54565830,0.26127204,1.41348618,0.47358932,0.23919479,0.21448526,0.41586256
305,0.05897949,0.47899945,0.46562367,0.46510045,0.43298635,-0.05314629,-1.39137576,-0.16040365,-0.42828874,-0.15655920,-0.14436693,-0.14819287,0.13673860,-0.12434464,0.39556644,0.96904177,0.28530569,0.28261645,0.26051495,-0.03440614,0.19299532,0.19066898,0.16091512,0.24949617,0.96904177,1.25162313,1.53212283,1.78990672,0.28530569,0.56790350,0.82789489,0.28261645,0.54280339,0.26051495,1.39252281,0.45779110,0.21832652,0.21550887,0.42508206
306,0.05985571,0.47965055,0.46515544,0.46369375,0.42558629,-0.05640324,-1.39160838,-0.15945898,-0.42357777,-0.16009845,-0.14042212,-0.15007058,0.13423177,-0.13042346,0.39271570,0.97350499,0.28440457,0.27613966,0.25979097,-0.03628155,0.19924598,0.18977685,0.16054036,0.24857285,0.97350499,1.25582203,1.52974787,1.78736422,0.28440457,0.56043916,0.81984469,0.27613966,0.53576154,0.25979097,1.39289492,0.45317693,0.21863423,0.21531604,0.42420973
307,0.06128616,0.48081248,0.47174672,0.46545356,0.43064974,-0.06036419,-1.39831882,-0.17217479,-0.41348274,-0.16863930,-0.13107624,-0.15518406,0.14321086,-0.13521500,0.40430245,0.99117723,0.28395076,0.27628188,0.26228435,-0.04020624,0.21182085,0.18817982,0.15993420,0.24696274,0.99117723,1.27208648,1.54539743,1.80550576,0.28395076,0.56013770,0.82201784,0.27628188,0.53833059,0.26228435,1.39977729,0.44816770,0.21826193,0.22416016,0.43575699
308,0.06253872,0.48261232,0.47397067,0.46776164,0.43512347,-0.05864335,-1.39692448,-0.17867588,-0.41807665,-0.18297268,-0.13589395,-0.16919947,0.13954109,-0.15268713,0.40045277,0.98644465,0.28483404,0.27844020,0.26180983,-0.04433698,0.23886675,0.18918453,0.16104052,0.24844484,0.98644465,1.26724179,1.54138718,1.80112437,0.28483404,0.56298018,0.82397862,0.27844020,0.53975381,0.26180983,1.39819206,0.45483322,0.22938177,0.22854453,0.43567049
309,0.06391642,0.48835590,0.48379384,0.47164849,0.43283882,-0.07172787,-1.40824056,-0.18769599,-0.43789664,-0.18976738,-0.15186246,-0.17324492,0.12906353,-0.15831852,0.38965280,0.97841927,0.29057350,0.28466565,0.26124385,-0.05167937,0.27221430,0.18997419,0.16110900,0.24909095,0.97841927,1.26191522,1.54134494,1.80088285,0.29057350,0.57488776,0.83469337,0.28466565,0.54509109,0.26124385,1.41013410,0.47763832,0.24365418,0.22422623,0.42653026
310,0.06429891,0.49257700,0.50107266,0.48370509,0.44528493,-0.09075492,-1.39397383,-0.18101325,-0.45080516,-0.19014919,-0.16836826,-0.17476926,0.12327362,-0.15229350,0.39105404,0.94930684,0.28821410,0.29379954,0.26875622,-0.06708382,0.27261745,0.18990632,0.16329750,0.25046054,0.94930684,1.22963130,1.51986434,1.78641402,0.28821410,0.58092852,0.84746897,0.29379954,0.56187740,0.26875622,1.39713621,0.48702069,0.25493490,0.22061056,0.42370678
311,0.06560782,0.49237450,0.49535648,0.47771990,0.43903494,-0.09560583,-1.38140527,-0.19684819,-0.44501865,-0.20169590,-0.16059991,-0.18690148,0.12380389,-0.16947675,0.38712787,0.94430209,0.28940588,0.28680217,0.26397751,-0.06350673,0.28605319,0.19141512,0.16112479,0.25020181,0.94430209,1.22549598,1.50809640,1.77025911,0.28940588,0.57555396,0.83784183,0.28680217,0.55015479,0.26397751,1.38506592,0.48799220,0.25835808,0.22980844,0.42641597
312,0.06183062,0.47904929,0.48211796,0.46298252,0.42917549,-0.09856301,-1.36604788,-0.20809540,-0.41730538,-0.22535399,-0.14007789,-0.21907182,0.13654601,-0.22188329,0.38030957,0.95800342,0.28169620,0.27933746,0.24381052,-0.06029543,0.31428205,0.19286061,0.16199807,0.25187018,0.95800342,1.23283467,1.50745169,1.75076111,0.28169620,0.56047865,0.80269494,0.27933746,0.52210739,0.24381052,1.37001364,0.46815881,0.26539600,0.26181414,0.44286600
313,0.06040226,0.49265241,0.49937669,0.47171636,0.42742219,-0.12384697,-1.39402875,-0.20523071,-0.46824104,-0.21603253,-0.18846358,-0.20664636,0.09418089,-0.19137310,0.35277514,0.93289123,0.28480099,0.28525959,0.25905382,-0.05672095,0.32906303,0.19039359,0.15810307,0.24747990,0.93289123,1.20943155,1.49053493,1.74814046,0.28480099,0.56950443,0.82623484,0.28525959,0.54324009,0.25905382,1.40025600,0.51248785,0.28715701,0.23338808,0.40522493
314,0.06432530,0.50079960,0.50037586,0.47045444,0.42513678,-0.13179031,-1.38364471,-0.21625354,-0.47190895,-0.22049898,-0.18883750,-0.20623809,0.09309107,-0.19052754,0.33882036,0.91840797,0.28615108,0.28453271,0.24634032,-0.05919675,0.37161902,0.19176776,0.15671605,0.24765862,0.91840797,1.19846138,1.47862361,1.72346674,0.28615108,0.57035333,0.81415022,0.28453271,0.52926680,0.24634032,1.39099758,0.51935104,0.29142440,0.23438714,0.39242052
315,0.06589976,0.49913046,0.49537870,0.46795025,0.43166507,-0.13178453,-1.40138398,-0.22680144,-0.45977557,-0.22872253,-0.17509970,-0.20469288,0.10473375,-0.17186524,0.36231435,0.94876588,0.28748991,0.28279524,0.25994297,-0.05790216,0.39710478,0.18919976,0.15490219,0.24452247,0.94876588,1.23040646,1.50789324,1.76416410,0.28748991,0.56964916,0.82618148,0.28279524,0.54081973,0.25994297,1.40880531,0.51273488,0.28982870,0.23895372,0.40449821
316,0.06502802,0.49552164,0.48952818,0.46578397,0.44044550,-0.14399434,-1.39735992,-0.26424771,-0.44791365,-0.25233907,-0.16304217,-0.21959910,0.11170899,-0.18122438,0.36132245,0.95868583,0.28650584,0.27776847,0.25387811,-0.07074756,0.44561215,0.18688272,0.15654434,0.24378532,0.95868583,1.23938355,1.51096630,1.75932761,0.28650584,0.56385410,0.81391753,0.27776847,0.52916730,0.25387811,1.40663979,0.52031026,0.30371482,0.25584512,0.40650116
317,0.06722737,0.49800696,0.49212283,0.47236281,0.44371019,-0.14531381,-1.39253360,-0.25433285,-0.43549401,-0.24090461,-0.14603412,-0.21668568,0.12203395,-0.18306371,0.36775608,0.96567690,0.29156272,0.27046291,0.24924967,-0.08416207,0.47552946,0.18740856,0.15430020,0.24275609,0.96567690,1.25069051,1.51628076,1.76103708,0.29156272,0.56188152,0.80712109,0.27046291,0.51703854,0.24924967,1.40192166,0.50432948,0.28388890,0.25620583,0.41244563
318,0.06863430,0.49568499,0.49043297,0.46919375,0.44143725,-0.15323934,-1.40074695,-0.25354458,-0.43298477,-0.24320454,-0.14744626,-0.22684450,0.12350454,-0.20473849,0.36852520,0.97566322,0.28734954,0.27326304,0.24715018,-0.08580110,0.48303508,0.18618021,0.15170496,0.24016133,0.97566322,1.25723576,1.52606569,1.77035633,0.28734954,0.56056660,0.80390882,0.27326304,0.51746245,0.24715018,1.41076344,0.50177648,0.28560935,0.26463665,0.42294551
319,0.06634292,0.48601138,0.47775979,0.45385262,0.42918680,-0.15920812,-1.41097012,-0.27615603,-0.44105855,-0.26259667,-0.15671648,-0.24109792,0.09958012,-0.22514318,0.33232572,0.97987639,0.28514649,0.25984883,0.23559346,-0.08325489,0.53712831,0.18587756,0.15087368,0.23940204,0.97987639,1.25990318,1.51293199,1.74541238,0.28514649,0.54441828,0.77534229,0.25984883,0.49049210,0.23559346,1.42206948,0.52038431,0.30638314,0.26676177,0.40206720
320,0.06745949,0.49779746,0.48391716,0.46439354,0.43446097,-0.16293469,-1.38834393,-0.27364720,-0.44470269,-0.26691768,-0.15031161,-0.24009696,0.10568044,-0.21453296,0.33870074,0.95500502,0.29591960,0.26034631,0.23601602,-0.09799970,0.55874803,0.18606284,0.15132602,0.23983107,0.95500502,1.24421062,1.49628059,1.72870872,0.29591960,0.55562804,0.78669769,0.26034631,0.49194900,0.23601602,1.39944294,0.52302778,0.30633245,0.26508274,0.40107033
321,0.06754999,0.49879138,0.48135356,0.46086527,0.43197409,-0.17125899,-1.40111526,-0.27416540,-0.45431868,-0.26842337,-0.16030265,-0.24177492,0.09010992,-0.21225690,0.31741253,0.95587099,0.29424855,0.25379558,0.23423164,-0.08855746,0.63097347,0.18534209,0.14833119,0.23738963,0.95587099,1.24666416,1.49342631,1.72127794,0.29424855,0.54698633,0.77423762,0.25379558,0.48129490,0.23423164,1.41455692,0.53073928,0.31333626,0.26327373,0.38186444
322,0.06785114,0.48368731,0.47119193,0.45755168,0.44445787,-0.16527104,-1.38642851,-0.28490348,-0.43817980,-0.27780482,-0.14705326,-0.24136004,0.09929810,-0.20797282,0.34197795,0.95832498,0.29124770,0.24971497,0.25149152,-0.08766067,0.71611636,0.18611088,0.15044013,0.23931045,0.95832498,1.24670086,1.48872875,1.73261984,0.29124770,0.53941942,0.78511793,0.24971497,0.49548764,0.25149152,1.40054926,0.52416609,0.31629418,0.26645299,0.40026498
323,0.07031940,0.48623293,0.47091285,0.45738742,0.44863950,-0.16582980,-1.38887835,-0.28761864,-0.43132930,-0.28312738,-0.13838873,-0.24068160,0.11663736,-0.20800933,0.34806341,0.96782988,0.29303911,0.25965685,0.24116973,-0.09474759,0.72886317,0.18469590,0.14834132,0.23689180,0.96782988,1.25831081,1.50828760,1.74105528,0.29303911,0.55026737,0.78454555,0.25965685,0.49348605,0.24116973,1.40232932,0.51928459,0.31602539,0.27168759,0.40565130
324,0.06869457,0.48808099,0.47960721,0.46819783,0.45270605,-0.16856637,-1.38566388,-0.29589496,-0.42430636,-0.28852894,-0.13809766,-0.25026356,0.10897178,-0.21686218,0.33272798,0.97452545,0.28701706,0.25201877,0.23178800,-0.09698423,0.69611362,0.18388703,0.14618059,0.23491105,0.97452545,1.25562886,1.49752469,1.72168316,0.28701706,0.53774144,0.76115008,0.25201877,0.47661632,0.23178800,1.39783603,0.51777513,0.31988216,0.27455416,0.39770973
325,0.06599817,0.46159485,0.45841930,0.44912878,0.44707254,-0.15513994,-1.41573152,-0.29616890,-0.42443686,-0.28865744,-0.14150154,-0.24660167,0.11595353,-0.21137756,0.34795873,1.00200509,0.28439106,0.26160238,0.24488965,-0.07679080,0.78707640,0.18035833,0.15064680,0.23499699,1.00200509,1.28290223,1.53511330,1.76842021,0.28439106,0.54271999,0.78095779,0.26160238,0.49808314,0.24488965,1.42850582,0.52261296,0.32458077,0.28000754,0.40717009
326,0.06624647,0.46441715,0.47090233,0.45963460,0.45375171,-0.15406373,-1.39762752,-0.30082500,-0.43039101,-0.28704413,-0.16155620,-0.24410601,0.09450206,-0.20795117,0.32906853,0.98053806,0.26940754,0.26065829,0.24704041,-0.07386598,0.76887049,0.18107333,0.14748710,0.23353800,0.98053806,1.24558511,1.49581496,1.73187091,0.26940754,0.52808988,0.76718919,0.26065829,0.49903467,0.24704041,1.40943186,0.52600746,0.32999029,0.26527876,0.39010234
327,0.06931179,0.46179251,0.46602992,0.45763091,0.45413626,-0.14633666,-1.41907336,-0.29700061,-0.42307206,-0.28487266,-0.15164076,-0.24470385,0.11097285,-0.20704821,0.35354649,1.00955460,0.27206865,0.26618273,0.25541143,-0.08772617,0.78381429,0.17842154,0.14869876,0.23226185,1.00955460,1.27755610,1.53456197,1.77879366,0.27206865,0.53660490,0.78477138,0.26618273,0.51398972,0.25541143,1.43122155,0.51913632,0.32449157,0.27338103,0.41020561
328,0.06816178,0.44691328,0.45403090,0.44479267,0.44259143,-0.14289746,-1.43659869,-0.30529347,-0.43744237,-0.29558343,-0.16347040,-0.25545741,0.09268368,-0.22894880,0.31821684,1.01304063,0.27662378,0.25957108,0.24117051,-0.08048612,0.82768786,0.17711896,0.14829148,0.23100106,1.01304063,1.28453277,1.53476204,1.76293040,0.27662378,0.53303238,0.76684426,0.25957108,0.49112811,0.24117051,1.44987680,0.54170402,0.34260010,0.28052981,0.39219084
329,0.06961968,0.42810101,0.43916384,0.43494872,0.43844000,-0.13785744,-1.45062193,-0.30328281,-0.44104495,-0.29376563,-0.16856398,-0.25039227,0.09139576,-0.21666303,0.32236257,1.02309148,0.27884492,0.26356633,0.24969638,-0.08343260,0.85817804,0.17514052,0.14888658,0.22987261,1.02309148,1.29332939,1.54753020,1.78147064,0.27884492,0.53796698,0.78178063,0.26356633,0.50434102,0.24969638,1.46577875,0.55547462,0.35045364,0.28219639,0.38842795
330,0.06792900,0.43077114,0.44142873,0.43584668,0.44129788,-0.13743181,-1.44751673,-0.30410149,-0.43766326,-0.29284036,-0.16924790,-0.25235019,0.09007246,-0.22479664,0.32264298,1.02368112,0.27420703,0.26253003,0.24863272,-0.08229646,0.85705153,0.17420704,0.14732620,0.22815149,1.02368112,1.28976935,1.54335022,1.77872584,0.27420703,0.53252237,0.77581981,0.26253003,0.50259039,0.24863272,1.46180579,0.54908562,0.34694080,0.28056626,0.39323289
331,0.06946305,0.41730730,0.42732257,0.42601395,0.43417283,-0.13157609,-1.45931639,-0.30982242,-0.43902439,-0.29536085,-0.16404904,-0.25220140,0.09714085,-0.23044486,0.32409666,1.03577528,0.28422592,0.26476990,0.24708437,-0.08246150,0.89799608,0.17226181,0.15020147,0.22854893,1.03577528,1.30707766,1.56256230,1.79350516,0.28422592,0.54443616,0.78588477,0.26476990,0.50243907,0.24708437,1.47592984,0.56838450,0.35684035,0.29191560,0.39795924
332,0.06749977,0.42872177,0.43917867,0.43454149,0.43947780,-0.13242004,-1.45163377,-0.31173245,-0.43959486,-0.29619736,-0.17047577,-0.25729886,0.08442351,-0.24160377,0.31532043,1.02801791,0.27515550,0.25789408,0.24554842,-0.06744899,0.86657507,0.17211387,0.14659144,0.22608015,1.02801791,1.29383391,1.54278358,1.77697343,0.27515550,0.52924494,0.76965330,0.25789408,0.49492905,0.24554842,1.46610163,0.55580169,0.35117948,0.28399573,0.39725522
333,0.06755402,0.44082672,0.44813804,0.43911701,0.43999856,-0.13237738,-1.45063992,-0.30661638,-0.44939963,-0.29281337,-0.18091847,-0.25719427,0.07576983,-0.23733641,0.30221838,1.01704085,0.27139645,0.25940092,0.23930172,-0.05891888,0.82485441,0.17100207,0.14369760,0.22336228,1.01704085,1.28209078,1.53287741,1.76154156,0.27139645,0.52811737,0.76146779,0.25940092,0.49041702,0.23930172,1.46332104,0.55319616,0.34992670,0.27828710,0.38427150
334,0.06631661,0.43787688,0.44206999,0.43522308,0.44025230,-0.13767861,-1.47466752,-0.31319850,-0.44968470,-0.29796064,-0.17312482,-0.25688160,0.08671588,-0.23296731,0.31934230,1.04029328,0.28085559,0.26326215,0.24774446,-0.05996499,0.85228026,0.16855540,0.14561544,0.22274375,1.04029328,1.31351857,1.56727142,1.80251796,0.28085559,0.54057487,0.78218060,0.26326215,0.50188263,0.24774446,1.48875184,0.56151327,0.35286972,0.28444699,0.39531161
335,0.06881382,0.41859800,0.42341062,0.42238524,0.43271842,-0.13514174,-1.47146089,-0.31039693,-0.45443503,-0.29545015,-0.17663768,-0.25382696,0.09025141,-0.23284535,0.32173941,1.03202383,0.28783309,0.27011996,0.24990374,-0.06835628,0.89764300,0.16741148,0.14884339,0.22401107,1.03202383,1.30703829,1.56823611,1.80401780,0.28783309,0.55278683,0.79776123,0.27011996,0.51089885,0.24990374,1.49089844,0.58356388,0.36463940,0.29438873,0.39806764
336,0.07511773,0.38376668,0.39206804,0.40006515,0.41451642,-0.12690675,-1.46317923,-0.30998847,-0.45754150,-0.28876095,-0.17186976,-0.23772236,0.10332632,-0.21617253,0.33270525,1.02361979,0.30092434,0.28143763,0.25449465,-0.09369014,0.96843019,0.16551137,0.15225489,0.22489012,1.02361979,1.30195841,1.57185527,1.80662308,0.30092434,0.57844311,0.82830389,0.28143763,0.52801329,0.25449465,1.48964247,0.63055352,0.39700559,0.31667458,0.40357238
337,0.06885767,0.41821045,0.42576451,0.42570478,0.43664098,-0.14361015,-1.47192769,-0.31498834,-0.45167475,-0.29653094,-0.17200231,-0.25125785,0.09443711,-0.22232969,0.33428237,1.03460101,0.28990317,0.27026118,0.25925853,-0.06758796,0.90924310,0.16520169,0.14654985,0.22083581,1.03460101,1.31162602,1.57240810,1.81686282,0.28990317,0.55494933,0.80932307,0.27026118,0.52049385,0.25925853,1.49224095,0.58198250,0.36135192,0.29125742,0.40191425
338,0.07107568,0.40020641,0.41071181,0.41429817,0.42611495,-0.13479854,-1.47410459,-0.31295638,-0.44986572,-0.29496020,-0.16732390,-0.24768704,0.10136272,-0.22231143,0.33617901,1.03993662,0.29751490,0.27309262,0.25548489,-0.07795035,0.94000233,0.16417605,0.14940291,0.22197974,1.03993662,1.31819715,1.58143330,1.82087069,0.29751490,0.56469790,0.81643359,0.27309262,0.52042283,0.25548489,1.49675343,0.60125675,0.37324368,0.30370839,0.40567215
339,0.06890754,0.41314722,0.42553133,0.42626043,0.43648592,-0.14035215,-1.47962139,-0.31536868,-0.45164289,-0.29881068,-0.17561788,-0.25444472,0.08815491,-0.22233134,0.31691002,1.04277176,0.28733769,0.26757452,0.24870405,-0.07673371,0.92887029,0.16408018,0.14634339,0.21986062,1.04277176,1.31582499,1.57415165,1.80698354,0.28733769,0.54987918,0.79423974,0.26757452,0.50823552,0.24870405,1.49905747,0.58501051,0.36641691,0.29152617,0.38761384
340,0.06489949,0.44704230,0.45500513,0.44759345,0.45329649,-0.14623036,-1.47366749,-0.31345189,-0.46453400,-0.29774038,-0.19009968,-0.25982099,0.07203469,-0.22591262,0.30964046,1.02401863,0.27669435,0.26509414,0.25181494,-0.05485654,0.88538226,0.16545431,0.14344249,0.21897688,1.02401863,1.29492575,1.55138316,1.79094099,0.27669435,0.53963294,0.78508816,0.26509414,0.50905732,0.25181494,1.48594558,0.56530361,0.35582645,0.27493614,0.38394676
341,0.06803737,0.43470021,0.43277528,0.43487361,0.45099420,-0.14250125,-1.47941087,-0.30899266,-0.46955588,-0.29486107,-0.18181455,-0.24768627,0.08097543,-0.21888910,0.31545740,1.02374273,0.29355745,0.26699581,0.25598452,-0.07642360,1.00766999,0.16352527,0.14559162,0.21894619,1.02374273,1.30891275,1.56601941,1.80543746,0.29355745,0.55696814,0.80554157,0.26699581,0.51292944,0.25598452,1.49495057,0.57882233,0.35591682,0.27260853,0.38440674
342,0.07312551,0.43400244,0.42482135,0.42817076,0.45008856,-0.12720570,-1.48516751,-0.30496351,-0.47341531,-0.29371461,-0.18274351,-0.24503384,0.08432354,-0.22019194,0.30766798,1.02727203,0.29628196,0.27148458,0.25276494,-0.08402150,1.07506651,0.16116018,0.14593940,0.21741875,1.02727203,1.31454282,1.57529947,1.80443899,0.29628196,0.56407633,0.80492996,0.27148458,0.50991414,0.25276494,1.49941164,0.58418100,0.35984158,0.27637096,0.37885376
343,0.07314934,0.44128174,0.42656017,0.42947812,0.45652118,-0.12710454,-1.47553815,-0.30902101,-0.45853036,-0.29577213,-0.16586211,-0.25190956,0.09816862,-0.23422752,0.31299032,1.03329832,0.29606222,0.26765017,0.25105674,-0.09293364,1.12684918,0.16139601,0.14439077,0.21655800,1.03329832,1.32186448,1.57977001,1.80159584,0.29606222,0.56119546,0.79371695,0.26765017,0.49948059,0.25105674,1.48789390,0.56700838,0.34907209,0.28296432,0.39353478
344,0.07866709,0.42718101,0.40640073,0.41200308,0.44348322,-0.13518762,-1.45455786,-0.31983844,-0.41012230,-0.29846970,-0.12267833,-0.25388205,0.12710505,-0.24589154,0.32908817,1.06070243,0.28963605,0.25398833,0.26252030,-0.13830126,1.18699645,0.16069102,0.14791938,0.21840730,1.06070243,1.34194955,1.58635176,1.79770466,0.28963605,0.54272568,0.77129250,0.25398833,0.48874042,0.26252030,1.46908040,0.54645473,0.35145913,0.31137243,0.41271678
345,0.08273862,0.41519827,0.39472664,0.40141791,0.43900158,-0.14069188,-1.43375326,-0.31551499,-0.38502971,-0.28488882,-0.10061678,-0.22914011,0.14885569,-0.22246075,0.35224636,1.06477259,0.28666985,0.25640618,0.27799316,-0.19223816,1.24653354,0.16182261,0.15088759,0.22125465,1.06477259,1.34148516,1.58519500,1.79595141,0.28666985,0.54221204,0.77734857,0.25640618,0.50281451,0.27799316,1.44709756,0.53443991,0.34953938,0.31452741,0.41796705
346,0.06832888,0.46005119,0.44648299,0.43955744,0.46938947,-0.17398702,-1.39483422,-0.31760767,-0.37855145,-0.29728230,-0.10290061,-0.24623049,0.13704867,-0.24406158,0.33373063,1.03013082,0.27652124,0.24602037,0.23685742,-0.22212680,1.26523156,0.16788414,0.14581873,0.22236948,1.03013082,1.30024257,1.53480026,1.74071833,0.27652124,0.52120488,0.72375445,0.24602037,0.45424758,0.23685742,1.40874329,0.49417305,0.31488997,0.28365144,0.42528168
347,0.05804389,0.46583461,0.47671096,0.46905626,0.50528705,-0.19366412,-1.40368116,-0.33437027,-0.36637422,-0.29007226,-0.10516190,-0.24449537,0.13492192,-0.22861943,0.34691200,1.05892497,0.26786042,0.24546080,0.23943880,-0.30835452,1.35180136,0.16792314,0.14776639,0.22368077,1.05892497,1.30763964,1.54250884,1.76318149,0.26786042,0.51311355,0.72265525,0.24546080,0.46446757,0.23943880,1.41814637,0.50643482,0.31486383,0.28205435,0.44166214
348,0.03964310,0.49459330,0.50207585,0.50784690,0.51895803,-0.21603585,-1.40099074,-0.31651412,-0.39025961,-0.28411023,-0.13393769,-0.24430398,0.09143288,-0.21923435,0.30860934,1.02538912,0.26066164,0.23451783,0.22917157,-0.93758188,1.53070411,0.17246849,0.15398030,0.23120404,1.02538912,1.27329904,1.49369609,1.71405950,0.26066164,0.49456637,0.70581202,0.23451783,0.44762064,0.22917157,1.41771256,0.52795762,0.33898530,0.27177769,0.40538257
349,0.03646518,0.51421638,0.52547807,0.53679941,0.53563369,-0.18420406,-1.45335747,-0.30030406,-0.44881229,-0.26479047,-0.20285357,-0.22966882,0.03707474,-0.20127939,0.28421139,1.01976906,0.25167350,0.25038036,0.25302301,-0.31342861,1.47956494,0.16850250,0.15609473,0.22969253,1.01976906,1.25646278,1.49141756,1.73930329,0.25167350,0.50151032,0.74179299,0.25038036,0.49145336,0.25302301,1.46675018,0.57713028,0.37163011,0.25380638,0.37829444
350,0.03905531,0.50500976,0.54505715,0.54351446,0.54362410,-0.17143196,-1.47894275,-0.28226347,-0.41753015,-0.24482066,-0.23078852,-0.20856144,0.04071625,-0.19921493,0.30143716,1.07553417,0.19868487,0.28017348,0.26418239,-0.06363104,1.23679350,0.16874814,0.17006103,0.23957606,1.07553417,1.25269016,1.52022268,1.78160353,0.19868487,0.47828256,0.72750876,0.28017348,0.53445605,0.26418239,1.49163895,0.55193790,0.37625869,0.23907410,0.39165431
351,0.04147198,0.48933353,0.53811800,0.54246054,0.53740155,-0.14504503,-1.40305033,-0.26822745,-0.42682228,-0.23654557,-0.25056450,-0.20575139,0.01552223,-0.20271560,0.27714300,0.99392354,0.18637514,0.27546785,0.26463519,0.04344421,1.00161749,0.16707750,0.17800188,0.24413021,0.99392354,1.15950947,1.42008071,1.68240524,0.18637514,0.46152600,0.71110080,0.27546785,0.52936119,0.26463519,1.41344328,0.55453606,0.38849961,0.23629227,0.37667544
352,0.03455722,0.46758254,0.51468239,0.54244980,0.54043953,-0.15998634,-1.47170848,-0.28925283,-0.46009722,-0.26724192,-0.25978446,-0.23755178,-0.00405995,-0.22019906,0.25164492,1.02739597,0.20703982,0.26621554,0.25952893,0.07630830,0.85665086,0.16694970,0.16991359,0.23820754,1.02739597,1.21908896,1.46972510,1.72512912,0.20703982,0.47321399,0.71894623,0.26621554,0.51429369,0.25952893,1.48542201,0.59683916,0.42259705,0.27151312,0.37615516
353,0.04681331,0.52146365,0.55423749,0.48315596,0.46718033,-0.15940644,-1.52667775,-0.33378938,-0.48707683,-0.31741611,-0.26224359,-0.29985920,0.01667216,-0.28775992,0.28730453,1.06177737,0.23411039,0.28663509,0.29095565,0.04234131,0.90108540,0.16355796,0.15366856,0.22442199,1.06177737,1.27587909,1.54972774,1.82163531,0.23411039,0.52058438,0.77602470,0.28663509,0.55198229,0.29095565,1.53796926,0.63122680,0.44171801,0.31537537,0.45422708
354,0.05059414,0.44994337,0.51869913,0.50644056,0.42143202,-0.12819221,-1.38294884,-0.29410609,-0.38349686,-0.25229155,-0.16619823,-0.24270872,0.08498627,-0.25138332,0.29420795,1.01730143,0.23050844,0.25742109,0.23135276,-0.01399093,0.64180782,0.17004081,0.13555533,0.21746063,1.01730143,1.22337158,1.47266168,1.68314575,0.23050844,0.48634393,0.67939639,0.25742109,0.46239804,0.23135276,1.39284340,0.52192366,0.32989921,0.26844345,0.42486464
355,0.05177975,0.43513423,0.47581951,0.46195214,0.37541600,-0.14667009,-1.37272997,-0.31569135,-0.34696443,-0.26561477,-0.09794236,-0.26015832,0.14440354,-0.29546561,0.32480873,1.05164942,0.27452136,0.25522896,0.24219757,-0.03462458,0.85366547,0.16893499,0.13654924,0.21722046,1.05164942,1.28148962,1.52158180,1.70918669,0.27452136,0.52762116,0.67259243,0.25522896,0.43088825,0.24219757,1.38438085,0.53718300,0.32402685,0.30754058,0.49823512
356,0.06098300,0.42644695,0.47951352,0.46598178,0.27322774,-0.14778144,-1.33283766,-0.35045114,-0.32087395,-0.33742077,-0.09783567,-0.32619449,0.13010902,-0.32230573,0.32492974,1.04049571,0.22683338,0.23720712,0.21506737,-0.06494214,0.47826097,0.17014980,0.14394112,0.22286767,1.04049571,1.25293504,1.47405834,1.67119710,0.22683338,0.46342814,0.64654478,0.23720712,0.42385497,0.21506737,1.34376680,0.52292136,0.39434799,0.36936538,0.50167480
357,0.06008532,0.36424522,0.42263584,0.41723989,0.20466459,-0.17370839,-1.37154148,-0.38871138,-0.29750714,-0.38014824,-0.07516281,-0.34756354,0.15514276,-0.34204519,0.32173096,1.09960455,0.22605338,0.24138109,0.18237273,-0.05294353,0.37732545,0.16903836,0.14437431,0.22230139,1.09960455,1.31394306,1.53657061,1.70291214,0.22605338,0.46634982,0.62173656,0.24138109,0.39883162,0.18237273,1.38619258,0.52797172,0.41847468,0.39192576,0.49855279
358,0.06068408,0.28766687,0.33378384,0.36933461,0.18597718,-0.17106384,-1.35097239,-0.40221972,-0.29077580,-0.39550980,-0.06154184,-0.36070835,0.15261502,-0.34332144,0.33817588,1.08708690,0.23306027,0.22260830,0.19122940,-0.02741100,0.21745383,0.17026176,0.14432310,0.22319996,1.08708690,1.30904115,1.51571760,1.69799534,0.23306027,0.45459658,0.63356257,0.22260830,0.40317071,0.19122940,1.36584064,0.52499588,0.42073422,0.39971645,0.49726584
359,0.05591598,0.28942319,0.31860494,0.43032947,0.24606241,-0.20302181,-1.35817633,-0.39306477,-0.25678818,-0.38186222,-0.02557633,-0.33785252,0.17981102,-0.32881417,0.36822391,1.12089425,0.23825391,0.21720286,0.19502827,-0.02100113,0.24593647,0.17028679,0.14748475,0.22527615,1.12089425,1.34485208,1.54411595,1.73112860,0.23825391,0.45402595,0.63137048,0.21720286,0.39739858,0.19502827,1.37762740,0.50822908,0.40689607,0.39159525,0.51112309
360,0.05653689,0.29642823,0.32301810,0.40128304,0.21825047,-0.23821285,-1.35670309,-0.39860843,-0.25063958,-0.38309705,-0.01267872,-0.33478530,0.20256687,-0.31375495,0.38346881,1.12065275,0.24517735,0.22823677,0.18809147,-0.03032059,0.24797201,0.17040189,0.14939692,0.22661916,1.12065275,1.35204664,1.56261257,1.74186480,0.24517735,0.47203135,0.64341725,0.22823677,0.40233574,0.18809147,1.38267528,0.51244873,0.40990494,0.40079022,0.51319870
361,0.05622231,0.31122831,0.33627088,0.41051291,0.22002079,-0.25869511,-1.34994644,-0.39400106,-0.26055002,-0.37406991,-0.02640604,-0.33077883,0.19058211,-0.31748730,0.40111384,1.10247684,0.24158151,0.23042271,0.21751395,-0.05179702,0.30384298,0.16983801,0.15025596,0.22676376,1.10247684,1.32934720,1.54232579,1.75238595,0.24158151,0.47117307,0.66946775,0.23042271,0.43139570,0.21751395,1.38010915,0.52363461,0.41171110,0.39609717,0.53559475
362,0.05661709,0.28802878,0.30166070,0.41992323,0.21624385,-0.26538255,-1.35395617,-0.39865015,-0.24012945,-0.37470687,-0.00242262,-0.32517845,0.19714354,-0.30954053,0.40213539,1.12596308,0.24738481,0.21423644,0.21093396,-0.03665144,0.26969409,0.16935458,0.15035322,0.22646647,1.12596308,1.35634630,1.55249146,1.75675956,0.24738481,0.46050762,0.65299110,0.21423644,0.40997766,0.21093396,1.38485645,0.51317174,0.40438688,0.39121862,0.52618821
363,0.05445951,0.28221250,0.29146500,0.37044558,0.19910483,-0.27741770,-1.34452283,-0.40247918,-0.24542395,-0.37611679,-0.00894247,-0.33120213,0.19947881,-0.31371969,0.40626128,1.11053196,0.24489416,0.22248490,0.21259444,-0.03989492,0.29314320,0.16970633,0.14883127,0.22572325,1.11053196,1.33982477,1.54511545,1.75130837,0.24489416,0.46667090,0.66200204,0.22248490,0.42022699,0.21259444,1.37890137,0.52329686,0.41255022,0.40082089,0.53528552
364,0.04991117,0.25318602,0.25121670,0.30828714,0.19135794,-0.27899867,-1.33918197,-0.40570339,-0.24078176,-0.37791035,-0.00829226,-0.32898447,0.19557605,-0.30656028,0.40217983,1.10956020,0.24191694,0.21796175,0.21047856,-0.03275616,0.26299826,0.17050338,0.14888636,0.22635934,1.10956020,1.33493991,1.53582263,1.74158894,0.24191694,0.45912413,0.65635927,0.21796175,0.41745183,0.21047856,1.37531936,0.52705636,0.41619150,0.39950663,0.52688784
365,0.04957030,0.25398131,0.25815222,0.33052759,0.19724673,-0.29688126,-1.34786949,-0.41421237,-0.22055938,-0.38029560,0.00423597,-0.33119138,0.20960472,-0.30648942,0.42429431,1.13760712,0.23802110,0.22156789,0.21912515,-0.05008580,0.29268985,0.16865573,0.14448849,0.22208485,1.13760712,1.35495002,1.55836219,1.77219354,0.23802110,0.45920936,0.66160164,0.22156789,0.42760870,0.21912515,1.38869140,0.53231880,0.42110001,0.40809521,0.54445928
366,0.04809281,0.27866531,0.32463178,0.38773477,0.21706652,-0.29502710,-1.35185789,-0.42699837,-0.23055898,-0.39378592,-0.01899608,-0.34140734,0.21557803,-0.30948904,0.43161739,1.13336685,0.22638172,0.25105125,0.22180913,-0.06139363,0.32558863,0.16907557,0.14012369,0.21959326,1.13336685,1.33676005,1.56882465,1.78355242,0.22638172,0.47713017,0.68099369,0.25105125,0.45966647,0.22180913,1.39268264,0.54916115,0.43493741,0.41879982,0.55188609
367,0.04614892,0.29254495,0.34613726,0.35855533,0.19628965,-0.29447982,-1.34804874,-0.42278241,-0.22292618,-0.39704092,-0.01522614,-0.34578213,0.23340463,-0.29872725,0.46435779,1.13623984,0.22259269,0.26670002,0.23892673,-0.09208648,0.39916297,0.17121797,0.13042354,0.21523450,1.13623984,1.33687555,1.58359518,1.81258740,0.22259269,0.48886693,0.70835712,0.26670002,0.49140813,0.23892673,1.39101498,0.54852241,0.44187493,0.43184913,0.57235078
368,0.04992701,0.35107313,0.53771237,0.38976099,0.23782390,-0.29985483,-1.33492377,-0.42036302,-0.23509514,-0.38149710,-0.03274269,-0.34369373,0.23413076,-0.29336100,0.49575473,1.11565249,0.23864046,0.29360109,0.27862284,-0.15470957,0.65958027,0.17440370,0.13202193,0.21873829,1.11565249,1.30493917,1.57244859,1.83072897,0.23864046,0.53115144,0.75787314,0.29360109,0.53692899,0.27862284,1.38360004,0.59493698,0.44608492,0.43080059,0.60784179
369,0.05277082,0.38496213,0.52898096,0.41733038,0.35966770,-0.28733280,-1.30803245,-0.38622913,-0.23157720,-0.33303839,-0.03656179,-0.30327496,0.24871645,-0.25666817,0.49172610,1.09218834,0.23748441,0.31200067,0.27018147,-0.19494119,0.76683383,0.17798222,0.13377472,0.22265073,1.09218834,1.27267821,1.55951264,1.80010076,0.23748441,0.54661394,0.74783447,0.31200067,0.53397044,0.27018147,1.35273402,0.56836044,0.40196539,0.40459669,0.59233336
370,0.04755354,0.30630415,0.36755037,0.44971114,0.39901745,-0.31236982,-1.33095763,-0.40070988,-0.20805606,-0.37721719,0.02571838,-0.31416449,0.27112104,-0.25947601,0.52283509,1.13304344,0.25813747,0.26950332,0.25946029,-0.09217949,0.44066082,0.17662165,0.12578439,0.21683386,1.13304344,1.35831752,1.60388024,1.85508943,0.25813747,0.52593361,0.76305293,0.26950332,0.51446450,0.25946029,1.38032933,0.54954032,0.43073629,0.43048677,0.60157687
371,0.05182955,0.34685453,0.43395588,0.47097699,0.50410606,-0.30807084,-1.31173406,-0.37259929,-0.21526495,-0.33063067,-0.00281453,-0.26725403,0.25357885,-0.21394658,0.50515854,1.10527339,0.24241663,0.27979910,0.26234810,-0.11937170,0.46762315,0.17956828,0.12736665,0.22015229,1.10527339,1.30919342,1.56778401,1.81951567,0.24241663,0.52100178,0.75266921,0.27979910,0.52277242,0.26234810,1.35757751,0.51840453,0.37653283,0.37872206,0.56609436
372,0.05558155,0.38726171,0.46045576,0.48830713,0.49775184,-0.33388072,-1.30340302,-0.34356771,-0.20707383,-0.28025603,0.00219505,-0.22955545,0.26042077,-0.21121281,0.50282405,1.10382755,0.24137161,0.27730007,0.25216622,-0.13198473,0.53321883,0.17678980,0.11998492,0.21366098,1.10382755,1.30695376,1.56851068,1.81039577,0.24137161,0.51723812,0.73247668,0.27730007,0.50577949,0.25216622,1.35347602,0.48630949,0.32917472,0.35745873,0.56623311
373,0.05766174,0.43616292,0.49218379,0.47823538,0.45822206,-0.34515506,-1.31922357,-0.33410778,-0.24074078,-0.24384420,-0.02441285,-0.19542929,0.26589206,-0.16705467,0.48687165,1.09149848,0.26100939,0.31301248,0.25562354,-0.19484094,0.80767253,0.17536712,0.12779299,0.21699004,1.09149848,1.29984457,1.59307577,1.81626907,0.26100939,0.57001190,0.75269610,0.31301248,0.51735910,0.25562354,1.37000179,0.50931041,0.30698056,0.33915306,0.55355341
374,0.05939733,0.44123334,0.49871329,0.52030419,0.43559833,-0.32188970,-1.29865684,-0.29470770,-0.26718599,-0.20385726,-0.05015729,-0.16095364,0.19325249,-0.13912757,0.42694842,1.03892243,0.25410917,0.25996226,0.25162246,-0.10914158,0.57751743,0.17630096,0.11706557,0.21162792,1.03892243,1.25431959,1.50158582,1.73561587,0.25410917,0.51095076,0.71652218,0.25996226,0.48158293,0.25162246,1.34412591,0.46975188,0.26027588,0.26195956,0.47804434
375,0.05901562,0.44724013,0.50498971,0.52363720,0.43276635,-0.30609232,-1.31391663,-0.29435614,-0.27381374,-0.20109523,-0.06613135,-0.15410712,0.17260897,-0.12299646,0.40340623,1.04580460,0.24374427,0.25649181,0.24968409,-0.10548020,0.61282553,0.17857252,0.11330213,0.21148408,1.04580460,1.25237706,1.49547062,1.72732076,0.24374427,0.49725007,0.70292378,0.25649181,0.47607162,0.24968409,1.35553226,0.46837568,0.26134067,0.24237055,0.45183904
376,0.05551383,0.44622679,0.51328600,0.52429626,0.43386332,-0.29734993,-1.35495946,-0.30448528,-0.26447661,-0.21495416,-0.07252567,-0.16214590,0.16568261,-0.13608795,0.39476414,1.09465073,0.23603790,0.25708818,0.24514868,-0.09227184,0.59593610,0.17674189,0.11652171,0.21169555,1.09465073,1.28510961,1.52929271,1.75715200,0.23603790,0.48948070,0.68799333,0.25708818,0.47390394,0.24514868,1.39506371,0.47088611,0.26599176,0.23893629,0.44078269
377,0.04850323,0.45613760,0.52131961,0.51683219,0.42990920,-0.30491331,-1.35553641,-0.31544270,-0.28557374,-0.22632022,-0.08675209,-0.17431979,0.15779398,-0.13697607,0.37024927,1.07382456,0.24591314,0.26193084,0.23369272,-0.12336220,0.77582347,0.18014322,0.13084454,0.22264742,1.07382456,1.27143597,1.52235887,1.73397801,0.24591314,0.50339222,0.68731829,0.26193084,0.46580196,0.23369272,1.39852452,0.49342010,0.27782531,0.24210327,0.42145708
378,0.04653154,0.47833294,0.52499735,0.51941628,0.43980109,-0.32050343,-1.36940343,-0.34089727,-0.33099611,-0.26672715,-0.09890138,-0.21544731,0.14918943,-0.15038903,0.37521435,1.03976013,0.25476590,0.25824440,0.24040895,-0.10202400,0.69045056,0.17937939,0.13357231,0.22364822,1.03976013,1.27189455,1.52409751,1.75308198,0.25476590,0.51168515,0.73526539,0.25824440,0.48818071,0.24040895,1.41407954,0.51399897,0.30937921,0.27163864,0.42202902
379,0.04490990,0.47919717,0.52255916,0.51974679,0.45010955,-0.32155169,-1.37211465,-0.32185952,-0.31448771,-0.24163093,-0.09617361,-0.18538859,0.17081360,-0.11707256,0.38956613,1.05885689,0.24395267,0.27672129,0.23659897,-0.16691666,0.94202247,0.18162762,0.13292639,0.22507336,1.05885689,1.27864075,1.55044811,1.77353569,0.24395267,0.51814822,0.73575835,0.27672129,0.50161585,0.23659897,1.41616745,0.48863190,0.28511010,0.26181078,0.42689867
380,0.04669407,0.50194679,0.53110449,0.51792961,0.47285907,-0.31865307,-1.38165631,-0.33125752,-0.34795529,-0.25763201,-0.12306756,-0.20273267,0.16051364,-0.14286871,0.41249819,1.03581291,0.24128964,0.29139920,0.26702271,-0.30713142,1.25282781,0.18260955,0.13366005,0.22629904,1.03581291,1.26019177,1.54665990,1.80328720,0.24128964,0.53141066,0.78371421,0.29139920,0.54836364,0.26702271,1.42081292,0.50493734,0.30534928,0.26782863,0.45685853
381,0.04940350,0.48288654,0.51757319,0.50878940,0.50173000,-0.31872088,-1.37574824,-0.31353329,-0.29458269,-0.26052543,-0.08677338,-0.19705115,0.17888521,-0.12778275,0.39724549,1.08394022,0.22018179,0.27684064,0.23502226,-1.22356489,1.53155795,0.18750299,0.13787313,0.23273670,1.08394022,1.29058050,1.55948724,1.78358575,0.22018179,0.49675263,0.71758974,0.27684064,0.50194531,0.23502226,1.41483773,0.46038733,0.29735042,0.27492231,0.43460405
382,0.05159550,0.46535327,0.49613662,0.51072521,0.50893362,-0.34875825,-1.40582322,-0.30523768,-0.26994111,-0.23864820,-0.06263376,-0.19715763,0.19973007,-0.12564194,0.42855528,1.14190962,0.22675059,0.26838570,0.24285473,-0.94523137,1.47685189,0.18269025,0.14795426,0.23508762,1.14190962,1.34846306,1.61271031,1.84846677,0.22675059,0.49255752,0.72395502,0.26838570,0.50402106,0.24285473,1.45038191,0.44704057,0.27461842,0.29243200,0.46268074
383,0.05201414,0.46556866,0.49617192,0.50860353,0.50950224,-0.32734733,-1.39103704,-0.30759934,-0.27854364,-0.25389749,-0.06830098,-0.21476189,0.19560364,-0.17275198,0.43502700,1.11880878,0.22649611,0.26883071,0.24660975,-0.57620074,1.38041869,0.18673702,0.15275854,0.24125896,1.11880878,1.32579918,1.59074451,1.83359963,0.22649611,0.49298456,0.72838770,0.26883071,0.50989815,0.24660975,1.43054444,0.45343621,0.28812277,0.30260768,0.48482604
384,0.04647962,0.46965164,0.48973389,0.50927318,0.52117828,-0.30533410,-1.43352544,-0.30713839,-0.29248552,-0.25868959,-0.06686494,-0.21836798,0.17799669,-0.19225190,0.40358750,1.14765824,0.23613106,0.25021750,0.23120037,-0.36950531,1.23459726,0.18621715,0.14856325,0.23821810,1.14765824,1.36940348,1.61438707,1.84252119,0.23613106,0.48576941,0.70655225,0.25021750,0.47525568,0.23120037,1.46630425,0.45536953,0.29117026,0.29388817,0.46474118
385,0.04817183,0.47799458,0.48929072,0.50513772,0.52140161,-0.28858978,-1.41295458,-0.31066982,-0.30181592,-0.26651829,-0.05268854,-0.22236739,0.18132118,-0.19799324,0.39433277,1.11891871,0.25669470,0.24206417,0.21993638,-0.29970315,1.10526641,0.18846970,0.14928807,0.24043244,1.11891871,1.36319322,1.59623240,1.81190028,0.25669470,0.49874434,0.70621701,0.24206417,0.45227781,0.21993638,1.44247627,0.46233154,0.29633339,0.29654415,0.45832812
386,0.05465975,0.48367792,0.49835982,0.50044369,0.50892439,-0.28053669,-1.38704528,-0.33290943,-0.31423685,-0.26374123,-0.07413121,-0.21422680,0.17727622,-0.18216314,0.38394344,1.08336216,0.25122946,0.25943241,0.22035738,-0.31210045,1.07603289,0.18955495,0.14329707,0.23762393,1.08336216,1.31807986,1.56751063,1.77956940,0.25122946,0.51001846,0.71427414,0.25943241,0.46617365,0.22035738,1.41513449,0.47821864,0.29603626,0.28712983,0.44774358
387,0.05713190,0.47596570,0.49061594,0.48938530,0.49501048,-0.28862374,-1.38470021,-0.31923557,-0.31973693,-0.26069601,-0.07239587,-0.20912438,0.18165962,-0.17140651,0.39152792,1.07416989,0.25576300,0.26146330,0.22116250,-0.24591837,0.98740923,0.19162110,0.13614488,0.23506185,1.07416989,1.31707749,1.57014178,1.78506393,0.25576300,0.51713705,0.72647481,0.26146330,0.47308092,0.22116250,1.41467304,0.46560048,0.28329128,0.28146959,0.44098987
388,0.06224312,0.46753237,0.47724661,0.46835065,0.47066710,-0.27610012,-1.36719808,-0.30175250,-0.34545195,-0.26417896,-0.07535158,-0.21242062,0.17587591,-0.16757658,0.38018710,1.03085947,0.27346926,0.25855096,0.21943389,-0.22459409,0.96039887,0.19277122,0.13260236,0.23397463,1.03085947,1.29690946,1.54653058,1.75697130,0.27346926,0.53157021,0.73806075,0.25855096,0.46689679,0.21943389,1.39587234,0.46553887,0.28100265,0.27706406,0.42575098
389,0.06356809,0.46586883,0.45985627,0.45190262,0.45902755,-0.27029171,-1.37015858,-0.28524799,-0.36642258,-0.26265414,-0.08927390,-0.21234941,0.16066103,-0.17860568,0.36757793,1.00852113,0.27807784,0.25603302,0.22351136,-0.18179451,0.97624075,0.18991359,0.13394346,0.23239626,1.00852113,1.28439992,1.53356476,1.74648550,0.27807784,0.53273000,0.74349997,0.25603302,0.46763898,0.22351136,1.39946741,0.46441290,0.27744876,0.26695522,0.41283725
390,0.06536357,0.46939383,0.46991065,0.45783906,0.44885749,-0.25723553,-1.37319792,-0.28595888,-0.39515968,-0.26946026,-0.12604724,-0.22121893,0.11761124,-0.19880909,0.33244424,0.98398871,0.27022890,0.25087435,0.22364940,-0.11049238,0.88984886,0.19261134,0.13085850,0.23285849,0.98398871,1.25017199,1.49210804,1.71010479,0.27022890,0.51959255,0.73281902,0.25087435,0.46446129,0.22364940,1.39849400,0.48952551,0.29838781,0.25082827,0.39007389
391,0.06906581,0.46685169,0.46868586,0.45138965,0.42453099,-0.22780879,-1.37166289,-0.30785791,-0.40690694,-0.29892780,-0.13478413,-0.27193471,0.11179731,-0.26102584,0.30513155,0.97258972,0.27309867,0.25109666,0.19972330,-0.06248284,0.83620270,0.19519114,0.13069408,0.23490535,0.97258972,1.24103388,1.48449226,1.67914238,0.27309867,0.52342420,0.71366680,0.25109666,0.44165736,0.19972330,1.39132126,0.51217811,0.32872856,0.29444185,0.40291150
392,0.06630714,0.47014145,0.46527505,0.44600085,0.42917724,-0.21947840,-1.35864501,-0.27903095,-0.44219004,-0.26345602,-0.16526267,-0.23522930,0.08824662,-0.22062200,0.31172338,0.92190359,0.27769785,0.25832361,0.22834333,-0.03640697,0.77309748,0.19748259,0.13197184,0.23752040,0.92190359,1.19606171,1.44721112,1.67185880,0.27769785,0.53501756,0.75623701,0.25832361,0.47891994,0.22834333,1.37791556,0.52302593,0.31100054,0.25464990,0.38190914
393,0.06995693,0.48149377,0.47403935,0.45248852,0.43147197,-0.21219336,-1.37970368,-0.25840637,-0.44182132,-0.23883827,-0.16657406,-0.20566017,0.09038497,-0.18260900,0.32317808,0.94267454,0.27757610,0.26273146,0.23682304,-0.02971302,0.65831518,0.19494778,0.13311808,0.23606156,0.94267454,1.21457251,1.47013239,1.70376425,0.27757610,0.53986164,0.76962369,0.26273146,0.49301478,0.23682304,1.39717403,0.51239617,0.29125437,0.23009501,0.37142456
394,0.06814759,0.49194152,0.48196495,0.45132389,0.42390385,-0.20126323,-1.40325989,-0.25141486,-0.46605580,-0.23769168,-0.19351504,-0.20921948,0.06941016,-0.19343170,0.30956543,0.94268982,0.27663489,0.26988795,0.24178482,-0.02278782,0.54960588,0.19354419,0.13414380,0.23548654,0.94268982,1.21105381,1.47273210,1.71288684,0.27663489,0.54621538,0.78149743,0.26988795,0.50595533,0.24178482,1.41833350,0.53131240,0.30651221,0.22741649,0.36649773
395,0.06831882,0.48452383,0.48225684,0.45128628,0.42449430,-0.17257428,-1.44668022,-0.24330013,-0.46484820,-0.23355226,-0.19099513,-0.20986349,0.07086906,-0.20025149,0.33008464,0.98828898,0.28083573,0.26977216,0.25942285,-0.01082361,0.47490026,0.18995723,0.13396430,0.23244394,0.98828898,1.25744176,1.51838733,1.77723499,0.28083573,0.55041087,0.80478608,0.26977216,0.52518757,0.25942285,1.45717029,0.52829557,0.30170499,0.22949901,0.39014049
396,0.06762165,0.48825529,0.47773251,0.44476975,0.41018240,-0.15946946,-1.45486825,-0.23698130,-0.47451839,-0.23137417,-0.20436585,-0.21247267,0.06284095,-0.19609103,0.31907781,0.98558814,0.27559555,0.27386251,0.25680084,-0.00433551,0.40239979,0.18908936,0.13466500,0.23214101,0.98558814,1.25261881,1.51932101,1.77503548,0.27559555,0.54928520,0.80303485,0.27386251,0.52822810,0.25680084,1.46391619,0.53150607,0.30935291,0.23455287,0.38328814
397,0.06678407,0.49936756,0.47732006,0.44218690,0.39820816,-0.13649418,-1.46608106,-0.19849173,-0.50493536,-0.19885699,-0.22105455,-0.18513187,0.05176302,-0.16207844,0.31610021,0.96394572,0.28821493,0.27777452,0.26578791,-0.00588825,0.33145066,0.18782359,0.13561731,0.23166734,0.96394572,1.24663133,1.51984272,1.78399678,0.28821493,0.56580186,0.82993504,0.27777452,0.54242084,0.26578791,1.47253202,0.54296494,0.29870227,0.20780741,0.36754662
398,0.06236083,0.49951701,0.47758810,0.43883447,0.38519323,-0.12256351,-1.47942319,-0.16650765,-0.53388091,-0.17753498,-0.24329398,-0.17645681,0.02933665,-0.15515539,0.29135651,0.94675564,0.29460623,0.27710268,0.26449026,-0.00631217,0.25349281,0.18801906,0.13773833,0.23307298,0.94675564,1.23767049,1.51171995,1.77429664,0.29460623,0.57156189,0.83486329,0.27710268,0.54087101,0.26449026,1.48449460,0.55968329,0.30222217,0.19382010,0.34600683
399,0.06132627,0.49211730,0.46693133,0.43586388,0.37628894,-0.11412717,-1.48418610,-0.15726982,-0.53530078,-0.16759123,-0.24423590,-0.17013498,0.02820627,-0.14551295,0.28673502,0.94986894,0.29439655,0.27580331,0.26141213,0.00116372,0.19632114,0.18565001,0.14087198,0.23304687,0.94986894,1.24176029,1.51571816,1.77480991,0.29439655,0.57014584,0.83021805,0.27580331,0.53638398,0.26141213,1.48858300,0.55794160,0.29994256,0.19455137,0.34318269
400,0.05778195,0.49235113,0.45741462,0.42981519,0.36684684,-0.11843700,-1.48869429,-0.14838394,-0.54521654,-0.15915924,-0.25591789,-0.16079249,0.02930988,-0.13227706,0.28656106,0.94399067,0.29307256,0.28740787,0.26100062,0.00325748,0.16301974,0.18495451,0.14189447,0.23311416,0.94399067,1.23463335,1.52122213,1.77956382,0.29307256,0.58032986,0.83978095,0.28740787,0.54749865,0.26100062,1.49342026,0.56529064,0.30772424,0.19031065,0.34176594
401,0.05642132,0.49846430,0.46283612,0.42652338,0.35843774,-0.11273232,-1.49708646,-0.13411845,-0.55482578,-0.14986945,-0.26443660,-0.14720631,0.02806354,-0.11397514,0.29634013,0.94252684,0.29569857,0.29564746,0.27270963,0.00508336,0.14660917,0.18469076,0.14193610,0.23293032,0.94252684,1.23467601,1.52902004,1.79881168,0.29569857,0.59096095,0.86164133,0.29564746,0.56743823,0.27270963,1.50135777,0.57081535,0.30807597,0.17646130,0.34276246
402,0.05941585,0.48422402,0.45381848,0.42498414,0.36847535,-0.10539044,-1.49314757,-0.12392443,-0.54952678,-0.13643965,-0.26493025,-0.13720721,0.02823202,-0.11136010,0.30930152,0.94418888,0.28954104,0.29506646,0.28449743,0.00946840,0.13577409,0.18567366,0.14346643,0.23464297,0.94418888,1.23113342,1.52584656,1.80851624,0.28954104,0.58416527,0.86738663,0.29506646,0.57891852,0.28449743,1.49691192,0.56352141,0.30535192,0.17214913,0.35564769
403,0.05710977,0.47929911,0.43503445,0.40782447,0.33780780,-0.09338422,-1.46640918,-0.10354323,-0.53722572,-0.10570168,-0.25120280,-0.09794433,0.04801213,-0.07106217,0.31820009,0.93017254,0.29085727,0.30026965,0.27480588,0.00535602,0.10654932,0.18797235,0.14702952,0.23864469,0.93017254,1.21893195,1.51904539,1.79196943,0.29085727,0.59026702,0.86427950,0.30026965,0.57429260,0.27480588,1.46944236,0.54783347,0.28427568,0.15124510,0.35769749
404,0.05995483,0.47879972,0.43074484,0.40721398,0.34119090,-0.06421948,-1.51551561,-0.08578492,-0.53449565,-0.09304453,-0.25591026,-0.08894405,0.04060649,-0.07314743,0.29766449,0.98455210,0.28397334,0.29736324,0.26211177,0.00456061,0.08201211,0.18799469,0.14648038,0.23832437,0.98455210,1.26715314,1.56422759,1.82484698,0.28397334,0.58019192,0.84164194,0.29736324,0.55843458,0.26211177,1.51807222,0.54171352,0.28238566,0.13761394,0.33932830
405,0.05821322,0.40663866,0.37720436,0.38333020,0.32228381,-0.07830090,-1.54184853,-0.08461032,-0.53508341,-0.08418256,-0.28224229,-0.06901906,0.00339258,-0.03659873,0.26432618,1.01771252,0.25525420,0.28625652,0.26719933,0.04173551,0.04083088,0.18211774,0.14734559,0.23425967,1.01771252,1.27295199,1.55751866,1.82285510,0.25525420,0.54068074,0.80631732,0.28625652,0.55176985,0.26719933,1.54457529,0.55105486,0.32439138,0.16257309,0.33031222
406,0.04752512,0.40228577,0.37043900,0.37886116,0.32392700,-0.08600110,-1.53072512,-0.05728293,-0.58068003,-0.03165063,-0.30557107,-0.02572417,-0.00241923,-0.01726110,0.25829747,0.97012146,0.27634837,0.30350642,0.26857129,0.04686907,-0.04787587,0.17569235,0.14917070,0.23047711,0.97012146,1.24245991,1.54422536,1.81160024,0.27634837,0.57941867,0.84397154,0.30350642,0.56932905,0.26857129,1.53363916,0.60375270,0.34647392,0.17554244,0.35134823
407,0.04407858,0.40532097,0.36113093,0.36048965,0.29100437,-0.05371110,-1.43201542,-0.03739057,-0.53237177,-0.02171087,-0.24098122,-0.00566484,0.05208704,0.01420314,0.32611233,0.90827796,0.29211146,0.29350721,0.28102512,0.01426100,-0.04258199,0.17848857,0.14797385,0.23185001,0.90827796,1.19932503,1.49119473,1.77034113,0.29211146,0.58546848,0.86306660,0.29350721,0.57129244,0.28102512,1.43302265,0.54766256,0.27764320,0.14589961,0.38035874
408,0.05734911,0.44161404,0.35920737,0.34319631,0.29612890,-0.08123216,-1.47680877,0.03839742,-0.52218611,0.01559851,-0.23778514,0.02303507,0.03865882,0.02133667,0.29883707,0.96364351,0.29060370,0.27760599,0.26809780,0.00617654,-0.02157079,0.17659639,0.14764891,0.23018794,0.96364351,1.24765197,1.52496377,1.78968445,0.29060370,0.56665378,0.83375041,0.27760599,0.54396954,0.26809780,1.47936066,0.52414412,0.25110160,0.11278972,0.34352678
409,0.04120599,0.44940132,0.31655785,0.31591184,0.28255502,-0.07977900,-1.48651030,0.05889559,-0.48580496,0.03814849,-0.20415944,0.03411140,0.07168636,0.02249140,0.32509092,1.01027244,0.28993995,0.27854960,0.25877744,0.00360679,0.04470416,0.17670577,0.14957446,0.23151123,1.01027244,1.28958698,1.56601927,1.82137315,0.28993995,0.56767964,0.82643832,0.27854960,0.53701970,0.25877744,1.48870407,0.48946024,0.21507057,0.12330875,0.35687911
410,0.04927452,0.30147594,0.29403596,0.27903305,0.23562147,-0.07749759,-1.42088032,0.09727214,-0.47121356,0.06862657,-0.18447136,0.07805947,0.08118415,0.07571471,0.33678335,0.96573394,0.29468042,0.26860116,0.25983203,0.01970063,0.07920707,0.18094217,0.15097178,0.23565345,0.96573394,1.24587873,1.51248533,1.76922969,0.29468042,0.56172895,0.82150451,0.26860116,0.52821662,0.25983203,1.42299656,0.48151262,0.20144106,0.13897166,0.36818109
411,0.05492494,0.26304229,0.27807275,0.28048114,0.23945285,-0.07370792,-1.43241611,0.08954088,-0.43742249,0.05781425,-0.16308433,0.06478561,0.10851048,0.06083981,0.36571425,1.00836731,0.28109252,0.27283770,0.26113548,0.01226421,0.04769769,0.18174585,0.15063728,0.23605750,1.00836731,1.27774712,1.54971719,1.80815518,0.28109252,0.55195539,0.81292082,0.27283770,0.53342442,0.26113548,1.43436044,0.44712694,0.18906216,0.16193927,0.39853546
412,0.06902454,0.36241706,0.33946471,0.33049908,0.29741524,-0.07341646,-1.50145523,0.11447100,-0.55358439,0.04482237,-0.29123282,0.04342726,0.00100599,0.05438120,0.26966465,0.96737860,0.27708742,0.29435782,0.27208147,0.05845281,0.05644596,0.17636349,0.15481202,0.23467177,0.96737860,1.22017648,1.51314744,1.78461241,0.27708742,0.56646152,0.83600495,0.29435782,0.56621599,0.27208147,1.50332662,0.56609777,0.30689502,0.12857331,0.31956301
413,0.06459168,0.37696694,0.34149161,0.33687394,0.29286379,-0.08073384,-1.48775202,0.09201347,-0.51214522,0.02219250,-0.26197533,0.03013910,0.03032618,0.04161575,0.29750870,0.99295334,0.26546766,0.29426828,0.27199697,0.04766820,0.02023800,0.17666661,0.15269198,0.23350788,0.99295334,1.23597963,1.52984553,1.80094574,0.26546766,0.55302139,0.82280055,0.29426828,0.56589114,0.27199697,1.49042397,0.52108092,0.27557494,0.12324751,0.34284911
414,0.05722746,0.38332665,0.35848978,0.34362636,0.30153859,-0.09392715,-1.50709782,0.09093004,-0.53413432,0.02054223,-0.25792143,0.02490031,0.01152403,0.03749640,0.27872616,0.99277487,0.28988802,0.27145319,0.27340355,0.04870646,0.00752137,0.17663602,0.15212096,0.23311171,0.99277487,1.26031638,1.53108247,1.80304783,0.28988802,0.55624268,0.82689374,0.27145319,0.54427105,0.27340355,1.51035522,0.54310465,0.27399071,0.12583389,0.33354165
415,0.05657807,0.28991058,0.27165455,0.26705883,0.22685697,-0.07898223,-1.47558067,0.11120027,-0.46179615,0.06730142,-0.16306583,0.06873450,0.09286016,0.06103013,0.32931229,1.03189847,0.30906427,0.25914308,0.24776041,0.02352898,-0.01851463,0.17976090,0.15247787,0.23571907,1.03189847,1.32410801,1.58127801,1.82245792,0.30906427,0.56641356,0.81293495,0.25914308,0.50550436,0.24776041,1.47851330,0.47539523,0.18243517,0.14473685,0.37151272
416,0.06024946,0.32672932,0.31513044,0.28682889,0.22835442,-0.09135040,-1.48489525,0.11920633,-0.48841242,0.07265228,-0.18223177,0.07819844,0.07300887,0.07182614,0.32214770,1.01875989,0.31473202,0.25763109,0.25755248,0.02672566,-0.00141643,0.17849683,0.15035577,0.23338375,1.01875989,1.31536420,1.57126473,1.82322972,0.31473202,0.57016588,0.82672064,0.25763109,0.51411101,0.25755248,1.48797354,0.50277166,0.20278029,0.13719192,0.36290333
417,0.06818745,0.30548256,0.31012574,0.26952438,0.20975646,-0.08529024,-1.46956936,0.12879335,-0.49027020,0.07971529,-0.18544770,0.09136754,0.08141030,0.08281373,0.33201373,1.00242775,0.31512775,0.26886179,0.25853055,0.01693977,0.01212020,0.18013509,0.15293457,0.23629988,1.00242775,1.29629773,1.56391867,1.81632225,0.31512775,0.58051769,0.83833614,0.26886179,0.52586286,0.25853055,1.47218481,0.50725424,0.20665151,0.14347065,0.36890469
418,0.07262524,0.29037252,0.27978163,0.24947262,0.18443067,-0.08555867,-1.41238114,0.11033969,-0.44504025,0.07374571,-0.15538775,0.08230488,0.10730518,0.07905314,0.36329366,0.98726487,0.30150748,0.26434777,0.26168108,0.00550187,0.03638281,0.18329160,0.15039772,0.23709763,0.98726487,1.26809299,1.53100718,1.78831049,0.30150748,0.56266840,0.82417616,0.26434777,0.52522093,0.26168108,1.41498888,0.45956702,0.17759023,0.15343107,0.39277867
419,0.06799311,0.38414349,0.25901032,0.25332431,0.19415629,-0.09856385,-1.40687326,0.06100171,-0.43673650,0.05431347,-0.15089369,0.06737064,0.11399420,0.06841520,0.38513054,0.98352293,0.29547948,0.26694474,0.27434378,-0.01014129,0.05453423,0.18302725,0.14816873,0.23548449,0.98352293,1.26616961,1.53191320,1.80379368,0.29547948,0.56067475,0.83489875,0.26694474,0.54104905,0.27434378,1.41051973,0.44379282,0.16225078,0.14338764,0.40296655
420,0.06631307,0.35140640,0.29900452,0.31585290,0.20752759,-0.12656906,-1.34904083,-0.00983755,-0.35828418,0.01376771,-0.08252832,0.02775353,0.16598712,0.05051079,0.42608147,0.99771997,0.28088533,0.24983939,0.26500304,-0.01690137,0.03318451,0.18935783,0.14726444,0.23988164,0.99771997,1.27580919,1.52520002,1.78864181,0.28088533,0.53018998,0.79502563,0.24983939,0.51430866,0.26500304,1.35515584,0.35850602,0.09276007,0.17920904,0.44220023
421,0.06579596,0.39533670,0.38294928,0.41192998,0.34115599,-0.14976284,-1.34192735,-0.06352901,-0.33156095,-0.03622979,-0.06523230,-0.01307148,0.18552803,0.01686894,0.44078875,1.01423708,0.27302324,0.25239111,0.26038038,-0.02855504,0.04814296,0.19001653,0.14374516,0.23826236,1.01423708,1.28384106,1.53622136,1.79535706,0.27302324,0.52429153,0.78457899,0.25239111,0.51216438,0.26038038,1.35055504,0.33769422,0.08725922,0.19607987,0.45317119
422,0.06597144,0.40880444,0.40821389,0.43483292,0.40178039,-0.15703112,-1.31896354,-0.08825851,-0.31395724,-0.06850543,-0.05001650,-0.04044924,0.20309952,-0.00520426,0.44770749,1.00747525,0.26887456,0.25565926,0.24958717,-0.03399160,0.06764255,0.19165412,0.14206165,0.23856407,1.00747525,1.27357925,1.52890195,1.77725195,0.26887456,0.52393615,0.77330469,0.25565926,0.50500804,0.24958717,1.32859205,0.32640221,0.09134816,0.21463668,0.45695720
423,0.06708414,0.40704290,0.41531341,0.43941018,0.43690964,-0.15387868,-1.32243178,-0.08888138,-0.28877005,-0.07552611,-0.03735729,-0.04446810,0.21032727,-0.00569557,0.44244961,1.03581372,0.25600366,0.25069987,0.23749218,-0.03183514,0.08701715,0.19061945,0.14304875,0.23832482,1.03581372,1.28892932,1.53899195,1.77492669,0.25600366,0.50587739,0.74290158,0.25069987,0.48798390,0.23749218,1.33182063,0.30280765,0.08826022,0.22059492,0.44990787
424,0.06279793,0.40849945,0.40729947,0.42748433,0.41770177,-0.13917492,-1.31827173,-0.08871702,-0.27528855,-0.06751510,-0.02713223,-0.04284010,0.21743639,0.00010907,0.45615045,1.04435320,0.25325211,0.24654457,0.24420544,-0.03356287,0.09669714,0.19160454,0.14462365,0.24005895,1.04435320,1.29468954,1.54094277,1.78333973,0.25325211,0.49909388,0.74269811,0.24654457,0.49029023,0.24420544,1.32590252,0.28942891,0.08082174,0.22814698,0.46357023
425,0.05799258,0.41497882,0.40677742,0.43058621,0.42092640,-0.13183695,-1.33609798,-0.08586383,-0.28362250,-0.06482435,-0.03205298,-0.04501674,0.21539188,-0.00642181,0.45909357,1.05353956,0.25661475,0.24916386,0.24793479,-0.03841275,0.11163335,0.19044640,0.14471354,0.23918997,1.05353956,1.30702436,1.55591514,1.80252075,0.25661475,0.50521767,0.75257962,0.24916386,0.49672278,0.24793479,1.34280229,0.29661013,0.07960625,0.22675689,0.46589910
426,0.05780915,0.41343426,0.40626070,0.42309995,0.41324418,-0.12225416,-1.34707720,-0.08721191,-0.28580339,-0.06583061,-0.03472880,-0.04752554,0.21526494,-0.01125999,0.45333978,1.06192985,0.25533332,0.25165014,0.24199548,-0.03045578,0.11021283,0.18975733,0.14546991,0.23910110,1.06192985,1.31467307,1.56598992,1.80661298,0.25533332,0.50663180,0.74814659,0.25165014,0.49326685,0.24199548,1.35266426,0.29881556,0.08562999,0.22972136,0.46201928
427,0.05795180,0.41615650,0.41302262,0.42656532,0.42632813,-0.12113705,-1.33176436,-0.09172435,-0.27488203,-0.07054225,-0.03226295,-0.05338638,0.22127478,-0.01768746,0.45477404,1.05730577,0.24753121,0.25503112,0.23695298,-0.03214920,0.12652211,0.19026144,0.14738260,0.24066792,1.05730577,1.30143718,1.55615130,1.79179456,0.24753121,0.50197086,0.73825990,0.25503112,0.49155027,0.23695298,1.33727685,0.28978276,0.08894099,0.23674489,0.46276849
428,0.06257988,0.41892759,0.41938782,0.43550885,0.45224258,-0.12457158,-1.32915809,-0.09514790,-0.26949626,-0.07603372,-0.02867632,-0.06397270,0.23070281,-0.03148567,0.46324874,1.06007396,0.24538352,0.26060442,0.23535304,-0.03669841,0.13468470,0.18869743,0.14777525,0.23967529,1.06007396,1.30219488,1.56251919,1.79679125,0.24538352,0.50539625,0.73998379,0.26060442,0.49541584,0.23535304,1.33503722,0.28594886,0.08801510,0.24586699,0.46987411
429,0.05951844,0.41701730,0.41811133,0.43209688,0.43973456,-0.12254921,-1.35193542,-0.09891760,-0.26143063,-0.08475904,-0.02308927,-0.07687906,0.23372059,-0.04091009,0.46648096,1.09098545,0.24208559,0.25743261,0.23616061,-0.02454792,0.12046785,0.18656768,0.14921454,0.23889847,1.09098545,1.33083388,1.58823916,1.82275289,0.24208559,0.49880021,0.73389765,0.25743261,0.49266396,0.23616061,1.35752616,0.27972547,0.10144563,0.25494739,0.47577092
430,0.05614549,0.42327589,0.42583250,0.44285555,0.45756850,-0.11947632,-1.34312463,-0.10413638,-0.27310130,-0.09073332,-0.03265776,-0.08355702,0.22642858,-0.04916742,0.45551891,1.07015482,0.24480385,0.26007734,0.23209840,-0.03440971,0.13747203,0.18678012,0.14999132,0.23955001,1.07015482,1.31176573,1.57162845,1.80209985,0.24480385,0.50422853,0.73503808,0.26007734,0.49125089,0.23209840,1.34849530,0.29235805,0.10340491,0.24842434,0.46396786
431,0.05847561,0.41804978,0.43172482,0.44219578,0.45991976,-0.11450521,-1.35162578,-0.11548642,-0.26058086,-0.10830286,-0.01488159,-0.09721639,0.23875916,-0.06540448,0.46710683,1.09109071,0.25093994,0.25499393,0.23108382,-0.04384313,0.12874359,0.18323910,0.15303127,0.23873654,1.09109071,1.33737381,1.59177969,1.82115297,0.25093994,0.50516598,0.73493329,0.25499393,0.48549770,0.23108382,1.35656736,0.28624723,0.11194313,0.26219875,0.47592177
432,0.05365756,0.41357967,0.44347947,0.45126831,0.46815165,-0.12796867,-1.33905743,-0.13630471,-0.23112235,-0.12053304,0.00898379,-0.10919131,0.26156909,-0.07887147,0.49031930,1.10796912,0.24448280,0.25346834,0.23089635,-0.04142009,0.13839376,0.18244189,0.15883755,0.24189752,1.10796912,1.34883633,1.60199744,1.83144110,0.24448280,0.49720629,0.72703477,0.25346834,0.48383610,0.23089635,1.34526837,0.26872801,0.12418099,0.28720731,0.49960715
433,0.04754013,0.41381138,0.44357187,0.45451594,0.47293502,-0.13940563,-1.34011511,-0.14667173,-0.21446274,-0.13668193,0.02669729,-0.12307934,0.27907141,-0.08641577,0.49597358,1.12572294,0.24376884,0.25365895,0.21999040,-0.07696023,0.20028528,0.18164560,0.16151952,0.24307134,1.12572294,1.36702295,1.61990525,1.83747089,0.24376884,0.49722775,0.71533745,0.25365895,0.47256065,0.21999040,1.34738563,0.26063431,0.13992345,0.30702329,0.50483025
434,0.05334764,0.43226106,0.45026493,0.45451707,0.46533281,-0.14040387,-1.29968646,-0.18351542,-0.17538608,-0.16276263,0.05970858,-0.15248535,0.31964539,-0.10605365,0.54499928,1.12538833,0.23771838,0.26081131,0.23088171,-0.09115982,0.22663582,0.17648066,0.16907319,0.24439960,1.12538833,1.35958536,1.61953872,1.84500936,0.23771838,0.49823999,0.72507991,0.26081131,0.48859304,0.23088171,1.30747750,0.25384686,0.17572351,0.35730809,0.55593976
435,0.05250471,0.45323127,0.46190600,0.47068345,0.46720944,-0.14542689,-1.26548989,-0.19886808,-0.14285193,-0.18226346,0.08844290,-0.16566000,0.32782167,-0.11126587,0.56536393,1.12444572,0.23544553,0.24037425,0.24619106,-0.10663459,0.31450186,0.16981852,0.18001340,0.24747354,1.12444572,1.35444723,1.59356857,1.83123196,0.23544553,0.47503509,0.71389266,0.24037425,0.48262467,0.24619106,1.27386820,0.24598079,0.20332429,0.36864884,0.57621938
436,0.05626600,0.46603032,0.46633123,0.46780882,0.47328064,-0.14890533,-1.21061038,-0.22180998,-0.11888577,-0.20511778,0.12156602,-0.18482673,0.35399446,-0.13269814,0.57117250,1.09562302,0.24345320,0.23374800,0.22847871,-0.10235584,0.35429861,0.17039623,0.18495720,0.25148368,1.09562302,1.33355024,1.56503837,1.78274602,0.24345320,0.47679968,0.69578839,0.23374800,0.45666097,0.22847871,1.22021314,0.25266284,0.23872693,0.40018946,0.58680100
437,0.04801084,0.29340713,0.34236429,0.30272963,0.36856971,-0.17782198,-1.19299102,-0.33853343,0.07612156,-0.30339018,0.33844380,-0.28810904,0.58544046,-0.22711490,0.74120683,1.27955087,0.26466600,0.24752389,0.18017022,-0.07986961,0.40449880,0.16761966,0.18440370,0.24920087,1.27955087,1.53683172,1.78199527,1.93691045,0.26466600,0.51183262,0.67719665,0.24752389,0.41453936,0.18017022,1.20636564,0.34704103,0.45456746,0.65249437,0.77821266
438,0.05159339,0.43397952,0.44778032,0.42966270,0.44717851,-0.17005438,-1.13956192,-0.27722396,-0.03564577,-0.26071506,0.18895712,-0.23386467,0.43733469,-0.17808116,0.64711501,1.10978786,0.22567376,0.24995607,0.23110291,-0.13309605,0.49197504,0.16483695,0.19169891,0.25282344,1.10978786,1.33183272,1.57827146,1.78925160,0.22567376,0.47550031,0.69224903,0.24995607,0.47096317,0.23110291,1.15236511,0.28010267,0.32201165,0.49595658,0.67534739
439,0.05921500,0.45033433,0.43526875,0.42959859,0.45846368,-0.16381809,-1.07337312,-0.27405369,-0.04469455,-0.26276600,0.17522681,-0.23989707,0.38806271,-0.18179060,0.57338171,1.03543339,0.22021485,0.21412457,0.21158370,-0.16500933,0.56291984,0.16526904,0.20151975,0.26062246,1.03543339,1.25327473,1.46391923,1.65139397,0.22021485,0.43412053,0.63003263,0.21412457,0.41386428,0.21158370,1.08654831,0.27768193,0.31585102,0.45623089,0.60709001
440,0.05283743,0.46266371,0.46049547,0.46694213,0.47264271,-0.16299751,-1.07194530,-0.25874443,-0.08951268,-0.23377097,0.10821382,-0.20495123,0.32654040,-0.16200719,0.55286241,0.98931989,0.19931443,0.22087429,0.24350548,-0.18091892,0.60346463,0.16363183,0.20162768,0.25967113,0.98931989,1.18400050,1.39989858,1.62966773,0.19931443,0.41997339,0.65232231,0.22087429,0.45464198,0.24350548,1.08504255,0.27496697,0.25860969,0.38557425,0.58230976
441,0.05978541,0.45564618,0.45693497,0.46473972,0.46527856,-0.15987923,-1.06690577,-0.26685305,-0.06067882,-0.24819323,0.13990118,-0.21458686,0.33916822,-0.18292127,0.56985304,1.01351793,0.20173621,0.20229609,0.25044006,-0.20128596,0.66842768,0.16155250,0.20226800,0.25886590,1.01351793,1.21194933,1.40926686,1.64568780,0.20173621,0.40375125,0.64593878,0.20229609,0.44657338,0.25044006,1.08101805,0.27391199,0.28490856,0.40144116,0.60690709
442,0.05916997,0.43489358,0.45146899,0.45468806,0.46585229,-0.16673625,-1.04509959,-0.26530283,-0.03172921,-0.24966036,0.15698368,-0.22310866,0.35513985,-0.20610843,0.56848121,1.01969688,0.18942170,0.20022135,0.23435064,-0.19784930,0.65536061,0.15799995,0.20601900,0.25963015,1.01969688,1.20647950,1.40321076,1.62270420,0.18942170,0.38947905,0.61328110,0.20022135,0.42723928,0.23435064,1.05995084,0.26720748,0.29492126,0.41960611,0.61433483
443,0.05651087,0.40144163,0.42813968,0.43464737,0.42735124,-0.16546405,-1.03521451,-0.26958957,0.00025311,-0.25540728,0.18416459,-0.23366860,0.38014974,-0.25740154,0.61273144,1.04151068,0.18460509,0.19759038,0.25221003,-0.18158888,0.67562490,0.15520357,0.20742255,0.25906034,1.04151068,1.22366215,1.41833369,1.65786039,0.18460509,0.38211476,0.62322941,0.19759038,0.44178373,0.25221003,1.04950283,0.26970069,0.31488030,0.44639128,0.67314066
444,0.05601524,0.39907258,0.42408231,0.44018300,0.44767121,-0.16542451,-1.04106312,-0.24929435,0.02111440,-0.23623595,0.21226715,-0.21280445,0.39946563,-0.22061002,0.61861798,1.06629326,0.19228347,0.18909614,0.23827069,-0.18979659,0.62952518,0.15642925,0.20547404,0.25824347,1.06629326,1.25665738,1.44303636,1.66865739,0.19228347,0.38121642,0.61055672,0.18909614,0.42024857,0.23827069,1.05578825,0.25081286,0.31759564,0.45275545,0.66504649
445,0.05841220,0.42131746,0.43681121,0.45387308,0.45119948,-0.15833407,-1.15624904,-0.23869483,0.01114801,-0.21135009,0.22920155,-0.18418136,0.41598630,-0.15996066,0.61588333,1.17045426,0.22426019,0.19141488,0.21487185,-0.19028124,0.51156572,0.16272233,0.19336985,0.25272605,1.17045426,1.38658716,1.57325092,1.77655449,0.22426019,0.41559747,0.62838002,0.19141488,0.40444400,0.21487185,1.16893485,0.25634022,0.31546136,0.45522762,0.63902120
446,0.06107882,0.40977425,0.42573630,0.44134927,0.42911122,-0.15731521,-1.23536938,-0.20173594,0.00889216,-0.16143063,0.22231098,-0.12840448,0.40839634,-0.09672014,0.61061647,1.24542164,0.21899399,0.18953617,0.20840023,-0.14701810,0.36072912,0.16295671,0.18150402,0.24392334,1.24542164,1.45768785,1.64406465,1.84769206,0.21899399,0.40838302,0.61623770,0.18953617,0.39727900,0.20840023,1.24593075,0.21321213,0.27769322,0.42889892,0.61836803
447,0.06344657,0.42674413,0.41640395,0.42862036,0.41683289,-0.16420727,-1.28745925,-0.14854501,-0.02046147,-0.08684076,0.20289039,-0.05481057,0.38803874,-0.02397486,0.59089038,1.26738043,0.23245878,0.18821402,0.20596925,-0.13573521,0.26669233,0.16439232,0.17070871,0.23699430,1.26738043,1.49237993,1.67906745,1.88368866,0.23245878,0.42014846,0.62571374,0.18821402,0.39411989,0.20596925,1.29818816,0.15964531,0.22365235,0.39271051,0.59142249
448,0.06338988,0.34828511,0.38965181,0.40355848,0.39934445,-0.15603017,-1.29723991,-0.12116641,0.01999637,-0.07307850,0.21259525,-0.03683552,0.39276973,-0.00702766,0.59735481,1.31783320,0.19863215,0.18387000,0.20712187,-0.09724037,0.20297245,0.15777040,0.16370359,0.22735516,1.31783320,1.51215963,1.69429937,1.90045185,0.19863215,0.38219541,0.58869358,0.18387000,0.39044787,0.20712187,1.30722314,0.13650151,0.23089236,0.39877893,0.59915083
449,0.06291989,0.33245913,0.37196976,0.38597872,0.38280147,-0.13129584,-1.24922258,-0.06931419,0.01591710,-0.03613672,0.21996200,-0.00230089,0.40444352,0.03227126,0.60667763,1.26666559,0.20718552,0.18767709,0.20533246,-0.08322165,0.16068951,0.15833858,0.15906746,0.22444055,1.26666559,1.47229162,1.65876515,1.86310968,0.20718552,0.39479462,0.59955635,0.18767709,0.39272261,0.20533246,1.25665175,0.07818181,0.22766547,0.40790132,0.60917975
450,0.06706960,0.33270968,0.35377219,0.36673183,0.37052367,-0.11301584,-1.21872677,-0.03419613,-0.02881727,-0.01547627,0.19391379,0.01045895,0.39957323,0.03756540,0.61733123,1.19251978,0.22513626,0.20744361,0.21946030,-0.06737116,0.12409919,0.15888002,0.15269159,0.22035786,1.19251978,1.41621511,1.62332860,1.84256573,0.22513626,0.43213009,0.65123490,0.20744361,0.42687141,0.21946030,1.22407396,0.04701445,0.19890138,0.40276282,0.62070416
451,0.06798183,0.32488382,0.35963768,0.37671082,0.37978481,-0.09453883,-1.17903653,-0.00817679,-0.02494344,-0.00200078,0.19743296,0.01232624,0.40341244,0.04399822,0.62304511,1.15819753,0.22934537,0.20778424,0.22194306,-0.07274880,0.09080351,0.15572830,0.15134656,0.21715682,1.15819753,1.37961797,1.58641668,1.80780022,0.22934537,0.43606862,0.65538447,0.20778424,0.42896692,0.22194306,1.18285093,0.05962995,0.19745563,0.40440513,0.62529909
452,0.07439056,0.30874949,0.33675804,0.35708955,0.36062452,-0.06582547,-1.09297367,0.03979312,-0.03162265,0.02765791,0.20804394,0.02717017,0.42061575,0.05834367,0.65276348,1.06838084,0.24817807,0.21296841,0.23430891,-0.08108820,0.04348210,0.15409998,0.14840501,0.21394124,1.06838084,1.30437274,1.51651281,1.75026772,0.24817807,0.45879798,0.68956552,0.21296841,0.44618200,0.23430891,1.09513394,0.09615570,0.21067402,0.42152641,0.65536600
453,0.07642812,0.30330834,0.33521854,0.36043818,0.36882346,-0.04650300,-1.02817975,0.05601829,-0.01952960,0.03265871,0.22569534,0.02994105,0.44178376,0.05324523,0.67402882,1.01717755,0.25771964,0.21704023,0.23352524,-0.07110469,0.05348517,0.15170622,0.14536010,0.21010554,1.01717755,1.25638826,1.47201295,1.70525699,0.25771964,0.47189182,0.70119497,0.21704023,0.44964236,0.23352524,1.02929675,0.11106552,0.22876644,0.44280163,0.67619220
454,0.07837276,0.29403031,0.31771878,0.33642011,0.33403690,-0.07030874,-1.04171145,0.04900364,-0.00725348,0.03627517,0.24928745,0.02055716,0.47526015,0.04225096,0.74213281,1.04170270,0.26039163,0.22658198,0.26895153,-0.08103145,-0.01619986,0.14090672,0.14393003,0.20142134,1.04170270,1.29547094,1.51971735,1.78772264,0.26039163,0.48479669,0.75204082,0.22658198,0.49328752,0.26895153,1.04426060,0.06878937,0.25196189,0.47581651,0.74348671
455,0.06787170,0.28462742,0.30832580,0.33695797,0.35057026,-0.05711908,-1.10481618,0.05669355,-0.02173108,0.04391510,0.22737767,0.03831441,0.45249829,0.05830640,0.72480258,1.08925207,0.25349053,0.22525467,0.27321161,-0.08004305,0.00860036,0.13998991,0.13755618,0.19626227,1.08925207,1.33623691,1.56051441,1.83367610,0.25349053,0.47726898,0.74896692,0.22525467,0.49786351,0.27321161,1.10776508,0.09898100,0.23392144,0.45495732,0.72736356
456,0.06784933,0.29293181,0.34980378,0.37752856,0.37186835,-0.07033698,-1.02764263,0.05020402,0.01494943,0.03027540,0.25213512,0.02222381,0.46886031,0.04950704,0.75794069,1.04981425,0.23884821,0.21690008,0.29036521,-0.09053733,0.02513128,0.13370090,0.13879598,0.19271807,1.04981425,1.28373365,1.49938187,1.78961524,0.23884821,0.45507309,0.74318336,0.21690008,0.50617979,0.29036521,1.03106930,0.08744648,0.25885369,0.47242380,0.76141235
457,0.06545923,0.28485423,0.35094057,0.38252664,0.38167533,-0.05856405,-1.05564044,0.05079643,0.00672725,0.02892879,0.23678126,0.02660278,0.44752896,0.05777148,0.72902984,1.06944418,0.23909091,0.21076358,0.28358675,-0.08398954,0.05478708,0.13293123,0.13906800,0.19238144,1.06944418,1.29539115,1.50558626,1.78848656,0.23909091,0.44555017,0.72378682,0.21076358,0.49333735,0.28358675,1.05832855,0.11537717,0.24221886,0.45039354,0.73357812
458,0.06162359,0.27465408,0.29978926,0.33525018,0.34867127,-0.02685118,-1.18012723,0.05776075,-0.02152130,0.03466684,0.22252777,0.02929599,0.44618561,0.06302588,0.71496280,1.16216914,0.24925970,0.22372258,0.27099351,-0.08442243,0.04151199,0.13812309,0.13798942,0.19524105,1.16216914,1.40405309,1.62732716,1.89722544,0.24925970,0.47077378,0.73747331,0.22372258,0.49330518,0.27099351,1.18087586,0.09006692,0.22614622,0.44760218,0.71827552
459,0.06252302,0.29922476,0.33038178,0.35075461,0.33376421,-0.00651056,-1.21647036,0.03379345,-0.08252018,0.01859057,0.17155816,0.02555798,0.38613628,0.05318086,0.65585720,1.13553028,0.26181793,0.21489409,0.27162363,-0.05206043,0.06285993,0.14905000,0.14245284,0.20617641,1.13553028,1.38836007,1.60314449,1.87376584,0.26181793,0.47402608,0.74373887,0.21489409,0.48621116,0.27162363,1.21652160,0.10391848,0.17274649,0.38736799,0.65886947
460,0.05003267,0.30747979,0.29574382,0.31575547,0.27783308,-0.00534573,-1.30467829,0.03450222,-0.15466637,0.01965182,0.11686974,0.02339550,0.33272360,0.03923907,0.58203393,1.15115730,0.27449661,0.21590418,0.25308502,-0.03541378,0.03642500,0.15435780,0.14779277,0.21370315,1.15115730,1.42347688,1.63925860,1.89062328,0.27449661,0.48916619,0.74112264,0.21590418,0.46758929,0.25308502,1.30479769,0.15922886,0.12978562,0.33816194,0.59124232
461,0.05390948,0.29574933,0.30918068,0.30879858,0.28232302,0.00444711,-1.33619438,0.03026822,-0.13479245,0.01583337,0.10844348,0.01814861,0.34266391,0.01008624,0.62770976,1.20195192,0.25535324,0.23509061,0.28782673,-0.02760502,0.08493102,0.15783929,0.14737515,0.21594600,1.20195192,1.44557492,1.68040872,1.96698743,0.25535324,0.48725172,0.77471833,0.23509061,0.52265778,0.28782673,1.33693237,0.15477550,0.10979110,0.34417854,0.63122492
462,0.05054679,0.30486626,0.28305802,0.28626568,0.24130196,0.00359073,-1.37115447,0.04042137,-0.21253611,0.02157423,0.04282332,0.01613717,0.28638553,0.00645206,0.56416396,1.15936415,0.26276527,0.24387432,0.28232261,-0.02551144,0.08859755,0.16487854,0.15213755,0.22434520,1.15936415,1.41625833,1.65999509,1.94029749,0.26276527,0.50440422,0.78658684,0.24387432,0.52506668,0.28232261,1.37168086,0.21713821,0.06274875,0.29143433,0.57317976
463,0.05407536,0.29637683,0.27525024,0.27712995,0.23157286,0.01215346,-1.41505998,0.03572005,-0.22942286,0.02265531,0.01222264,0.01933446,0.24632006,0.01287764,0.50143488,1.18607273,0.24965954,0.23505640,0.25973079,-0.02703001,0.09760357,0.16765818,0.15277073,0.22682187,1.18607273,1.42974589,1.66465874,1.92255283,0.24965954,0.48309089,0.74279357,0.23505640,0.49418871,0.25973079,1.41639189,0.23533081,0.03454358,0.25096217,0.51002241
464,0.05166970,0.32485344,0.30320154,0.30918049,0.25402163,0.01536470,-1.43619968,0.01618735,-0.21672226,0.01229440,0.01579761,0.00895321,0.25181978,0.00855080,0.50117001,1.22130023,0.23576674,0.23631225,0.25390342,-0.02770402,0.09933003,0.16722596,0.15341949,0.22694066,1.22130023,1.45582784,1.69206168,1.94435961,0.23576674,0.47125962,0.72457492,0.23631225,0.48896977,0.25390342,1.43762947,0.21737179,0.04766889,0.25780121,0.51158523
465,0.05325881,0.32819526,0.30292460,0.31310860,0.25404927,0.01454698,-1.44353646,0.01319825,-0.24236243,0.01158201,-0.00507064,0.00997668,0.23837746,0.01112013,0.48387010,1.20441844,0.23867836,0.24348004,0.24964186,-0.03526060,0.09841476,0.16956840,0.15515409,0.22983958,1.20441844,1.44297697,1.68602467,1.93428016,0.23867836,0.48163912,0.73005207,0.24348004,0.49138149,0.24964186,1.44441947,0.24599158,0.06682232,0.24842378,0.49736377
466,0.05160124,0.31277111,0.28595147,0.29965251,0.23362233,0.02350527,-1.47028855,0.01954087,-0.27681371,0.01221235,-0.03406572,0.00880121,0.20848299,0.01084480,0.44830522,1.19681182,0.24482878,0.24298031,0.24545437,-0.01758704,0.08955570,0.16989527,0.15374401,0.22913233,1.19681182,1.44128981,1.68419813,1.92768121,0.24482878,0.48750297,0.73167028,0.24298031,0.48690895,0.24545437,1.47187093,0.27864141,0.06681327,0.22017084,0.46485971
467,0.05011604,0.30562060,0.27767645,0.28871094,0.21282264,0.02679472,-1.47438243,0.02085566,-0.27224612,0.01669102,-0.03052606,0.01522748,0.21038872,0.01492818,0.45233791,1.20553672,0.24391923,0.24126331,0.24714245,-0.01667474,0.08691944,0.16986999,0.15467027,0.22973617,1.20553672,1.44909589,1.69025740,1.93571184,0.24391923,0.48478826,0.73089949,0.24126331,0.48699571,0.24714245,1.47601426,0.27430583,0.06823283,0.22275229,0.46873257
468,0.04955873,0.31431707,0.28428126,0.29001675,0.21484056,0.02749936,-1.48350646,0.01476142,-0.26623018,0.01287812,-0.02784798,0.01311605,0.21758312,0.01439978,0.46150877,1.22207464,0.23982342,0.24571504,0.24927938,-0.01727285,0.07420031,0.16910055,0.15586499,0.22997585,1.22207464,1.46185161,1.70735527,1.95498985,0.23982342,0.48530545,0.73320499,0.24571504,0.49342030,0.24927938,1.48530719,0.26957668,0.07266826,0.23140582,0.47942836
469,0.05256792,0.32998921,0.29990831,0.30937259,0.24145097,0.02286700,-1.48280916,0.00328620,-0.27458625,0.00626007,-0.02423463,0.00514083,0.22138851,0.00944837,0.46798747,1.21520658,0.25080256,0.24569090,0.25179625,-0.02219267,0.06834850,0.16956191,0.15389693,0.22898801,1.21520658,1.46569576,1.71079146,1.96103951,0.25080256,0.49639744,0.74599610,0.24569090,0.49544997,0.25179625,1.48427178,0.28262139,0.08532135,0.23800843,0.48798472
470,0.04735675,0.33776606,0.30397520,0.30433964,0.24586501,0.01796424,-1.44976455,-0.00663630,-0.24553378,-0.00108573,-0.00241058,0.00110866,0.24262238,0.00197453,0.48836475,1.20834905,0.24404230,0.24560691,0.25086345,-0.02937218,0.07570900,0.17161153,0.15926369,0.23412697,1.20834905,1.45220131,1.69773972,1.94691647,0.24404230,0.48962188,0.73914390,0.24560691,0.49534507,0.25086345,1.45132834,0.24765793,0.05216546,0.25217337,0.50269533
471,0.04582988,0.34680970,0.32465875,0.32613822,0.26775672,0.01496236,-1.45559695,-0.03041010,-0.21114125,-0.02753119,0.02177560,-0.02342722,0.26346343,-0.01186314,0.51308998,1.24902191,0.23364330,0.24216897,0.25435695,-0.03179074,0.10452070,0.17223588,0.16101607,0.23577823,1.24902191,1.48243224,1.72435531,1.97680024,0.23364330,0.47579345,0.72890716,0.24216897,0.49547535,0.25435695,1.45645941,0.21881892,0.07557739,0.27681176,0.52920663
472,0.04641022,0.35513624,0.33480204,0.34439939,0.29416876,0.01959992,-1.44921857,-0.06502625,-0.20382499,-0.05925035,0.03591820,-0.06563196,0.27666080,-0.09292525,0.53612003,1.25183426,0.24006891,0.24108754,0.26579506,-0.03155032,0.12848694,0.17191325,0.16062253,0.23527380,1.25183426,1.49096891,1.73192200,1.99557282,0.24006891,0.48100286,0.74407147,0.24108754,0.50515638,0.26579506,1.44951455,0.22595790,0.10871718,0.29978301,0.56331005
473,0.04808838,0.38357373,0.37975449,0.39130912,0.33902420,0.02777454,-1.47347218,-0.09399135,-0.19536277,-0.09055933,0.04460283,-0.08700475,0.27337131,-0.05542761,0.50704651,1.28606882,0.24066266,0.22920583,0.23843252,-0.06002793,0.14209028,0.16129484,0.16438063,0.23029767,1.28606882,1.52549892,1.75384037,1.98732610,0.24066266,0.46985524,0.70665214,0.22920583,0.46636157,0.23843252,1.47398937,0.22189176,0.12020212,0.29754887,0.52271517
474,0.04823589,0.40507981,0.41091098,0.41922232,0.38740493,0.02624377,-1.46038636,-0.11458109,-0.19033962,-0.11632033,0.03740680,-0.10491397,0.26729426,-0.06393327,0.49147054,1.27881514,0.22904401,0.23059260,0.22829507,-0.07689195,0.17708170,0.15631086,0.16384743,0.22644882,1.27881514,1.50640412,1.73490612,1.95659858,0.22904401,0.45932999,0.68564874,0.23059260,0.45790368,0.22829507,1.46084209,0.22354975,0.13168819,0.29398996,0.50150153
475,0.04650026,0.41246997,0.42872276,0.43530319,0.41876261,0.01447531,-1.47058376,-0.12873063,-0.16651889,-0.12309872,0.05434224,-0.10723843,0.28841770,-0.06046615,0.51871116,1.31260770,0.22174064,0.23495685,0.23499611,-0.08702759,0.22875950,0.15842760,0.16180908,0.22645415,1.31260770,1.53236880,1.76478461,1.99207827,0.22174064,0.45654107,0.68931782,0.23495685,0.46872877,0.23499611,1.47099206,0.21078851,0.13794772,0.31071372,0.52394517
476,0.05227188,0.43328468,0.45103495,0.45361453,0.43709291,0.00637233,-1.44716495,-0.14528117,-0.16438538,-0.14297607,0.05672367,-0.13491507,0.29907437,-0.09090699,0.53107058,1.29203498,0.22322046,0.24256474,0.23625111,-0.09388505,0.24675162,0.15719272,0.16163708,0.22546862,1.29203498,1.51245269,1.75317423,1.98147970,0.22322046,0.46503184,0.69819398,0.24256474,0.47719774,0.23625111,1.44738049,0.21943389,0.15780218,0.33070718,0.53986734
477,0.05351615,0.43317816,0.44768462,0.44708629,0.44781708,-0.01104855,-1.43192732,-0.16011016,-0.17592874,-0.16517113,0.04970539,-0.15259670,0.30038810,-0.10892654,0.52695874,1.26483031,0.22936703,0.25119541,0.23115477,-0.09251138,0.27851231,0.15780215,0.16200885,0.22616009,1.26483031,1.49002149,1.73865158,1.96156553,0.22936703,0.47908346,0.70572093,0.25119541,0.48057171,0.23115477,1.43200345,0.23844461,0.17421647,0.33868103,0.53849361
478,0.05598145,0.42623240,0.45187038,0.45384974,0.45822680,-0.02118019,-1.39565132,-0.17873638,-0.14842854,-0.18241492,0.06119566,-0.16193243,0.29822929,-0.10648839,0.51945753,1.25724476,0.21262457,0.23808098,0.23123682,-0.11139503,0.33667414,0.15327698,0.16274625,0.22356246,1.25724476,1.46586256,1.69994301,1.91703670,0.21262457,0.44915777,0.67181009,0.23808098,0.46543244,0.23123682,1.39584992,0.23241702,0.19459170,0.34146842,0.53026026
479,0.05615206,0.43802205,0.45696149,0.45681479,0.46336187,-0.02639704,-1.36266831,-0.19519370,-0.15828284,-0.19608299,0.05388305,-0.17654894,0.28940316,-0.12737369,0.50416779,1.21635427,0.21377086,0.23649527,0.22454110,-0.12481431,0.41225792,0.15159150,0.16420981,0.22348343,1.21635427,1.42668451,1.65893235,1.86980971,0.21377086,0.44943920,0.66596514,0.23649527,0.45679755,0.22454110,1.36316094,0.25132883,0.20549700,0.34118181,0.52003131
480,0.05461263,0.45719017,0.46428322,0.46692756,0.47667997,-0.04032013,-1.39749687,-0.20924842,-0.20907659,-0.21235238,0.03454439,-0.19224290,0.28146468,-0.13902485,0.50487973,1.20122563,0.24747551,0.24820084,0.23350898,-0.11188453,0.44970879,0.15066840,0.16095746,0.22047283,1.20122563,1.44233886,1.68587209,1.90515724,0.24747551,0.49431583,0.71758808,0.24820084,0.47678424,0.23350898,1.39808230,0.29878491,0.21514755,0.34124701,0.52430452
481,0.05122370,0.46139035,0.45984148,0.46738026,0.47669823,-0.06157090,-1.43107133,-0.21130817,-0.22857366,-0.21841793,0.02888234,-0.19617697,0.28133212,-0.14169097,0.52019024,1.21231375,0.26174882,0.25345748,0.24774020,-0.10011488,0.43707338,0.15208956,0.15677971,0.21842874,1.21231375,1.46839490,1.71774907,1.95303012,0.26174882,0.51263000,0.75211949,0.25345748,0.49834989,0.24774020,1.43241258,0.31422009,0.22035221,0.34306336,0.53992612
482,0.05136939,0.45095319,0.45403958,0.46546844,0.47517365,-0.06832170,-1.45769424,-0.21602596,-0.22606292,-0.21987006,0.03665230,-0.19360148,0.29056712,-0.14290997,0.53766384,1.24084201,0.26591577,0.25528330,0.25490374,-0.09188870,0.42150327,0.15477540,0.15485340,0.21894063,1.24084201,1.50204492,1.75278986,1.99689720,0.26591577,0.51894777,0.76724902,0.25528330,0.50803571,0.25490374,1.45929447,0.31419654,0.22313581,0.34939077,0.55684821
483,0.05059611,0.44065271,0.45659374,0.46647686,0.47247748,-0.08189851,-1.46126480,-0.22615139,-0.22373461,-0.22783694,0.04254718,-0.19695238,0.29110083,-0.13509852,0.53948443,1.24713956,0.27071795,0.25095934,0.25793875,-0.09003665,0.41224205,0.15474462,0.15113914,0.21630750,1.24713956,1.51089116,1.75616235,2.00158483,0.27071795,0.51968363,0.76932679,0.25095934,0.50577201,0.25793875,1.46357328,0.32411857,0.23215571,0.35147688,0.55691697
484,0.05319163,0.44412003,0.46456102,0.47151720,0.47791445,-0.08346653,-1.46796617,-0.23508951,-0.21980805,-0.23051816,0.03392302,-0.20146371,0.28029868,-0.14110231,0.52635785,1.25888912,0.25987700,0.24862504,0.25479981,-0.09336650,0.42550323,0.15810763,0.15096509,0.21860576,1.25888912,1.50908528,1.75227005,1.99523125,0.25987700,0.50643878,0.75342553,0.24862504,0.50060114,0.25479981,1.47037369,0.33000091,0.23361488,0.34518870,0.54564188
485,0.05735714,0.44210826,0.47126648,0.46971816,0.48138425,-0.08902621,-1.46665852,-0.22733718,-0.24339754,-0.22852944,0.00449945,-0.19724076,0.26074470,-0.14377488,0.50438792,1.23444069,0.25586505,0.25907850,0.25178735,-0.10331704,0.45882564,0.15997730,0.14885214,0.21851704,1.23444069,1.47802290,1.73080017,1.97222002,0.25586505,0.51218897,0.75416502,0.25907850,0.50717322,0.25178735,1.46936527,0.34416111,0.22976699,0.32694621,0.52569614
486,0.06035589,0.45313301,0.47844031,0.47509429,0.49182301,-0.10006076,-1.46172274,-0.21840152,-0.28926633,-0.21980086,-0.02638614,-0.19318065,0.23639440,-0.14010350,0.47047616,1.18510532,0.27228503,0.26615518,0.24230225,-0.11009392,0.47642090,0.15879293,0.14649748,0.21604793,1.18510532,1.44136578,1.70081104,1.93340119,0.27228503,0.53639252,0.76702147,0.26615518,0.50321360,0.24230225,1.46523646,0.37856547,0.22467246,0.30533843,0.49241472
487,0.06057369,0.45614383,0.48096781,0.47974845,0.49938011,-0.10708628,-1.47054233,-0.22535414,-0.30032464,-0.22523476,-0.04002558,-0.19868106,0.22454594,-0.14501880,0.45990702,1.18233524,0.26812446,0.26766659,0.24442988,-0.11413241,0.50890334,0.15877539,0.14361444,0.21409048,1.18233524,1.43648702,1.69775263,1.93187770,0.26812446,0.53406521,0.76655990,0.26766659,0.50638518,0.24442988,1.47451351,0.38998596,0.23242581,0.30000540,0.48468821
488,0.06629524,0.45881347,0.48317926,0.48415765,0.49756246,-0.10926706,-1.44868958,-0.21829823,-0.30602737,-0.22469461,-0.03884355,-0.20176698,0.22320071,-0.14906542,0.46361320,1.15563344,0.27613024,0.26635637,0.24929786,-0.10826964,0.53013499,0.16029668,0.14015108,0.21292569,1.15563344,1.41603102,1.67459954,1.91372989,0.27613024,0.54105591,0.77606011,0.26635637,0.50812142,0.24929786,1.45287587,0.39443763,0.23345551,0.30099075,0.48933394
489,0.06694897,0.46289788,0.48970455,0.49028842,0.49981539,-0.11207129,-1.43980179,-0.21788089,-0.32652234,-0.22588092,-0.06138922,-0.20375765,0.20402646,-0.15395082,0.45266167,1.12576210,0.27458420,0.26973543,0.25590649,-0.09489918,0.53642658,0.16390466,0.13524737,0.21250080,1.12576210,1.38433807,1.64645880,1.89359345,0.27458420,0.54277063,0.78580296,0.26973543,0.51912412,0.25590649,1.44416356,0.41197893,0.24024037,0.28857190,0.48031906
490,0.06800527,0.46610097,0.48671684,0.48539305,0.49130142,-0.09690276,-1.45870469,-0.22032253,-0.36281340,-0.22363020,-0.08847150,-0.19984754,0.17113327,-0.16004218,0.41133058,1.10965695,0.28147068,0.26415685,0.24587541,-0.07841342,0.58721918,0.16621768,0.12971511,0.21084194,1.10965695,1.37739443,1.63317954,1.87181718,0.28147068,0.54465537,0.77974660,0.26415685,0.50390022,0.24587541,1.46201205,0.43764555,0.24443534,0.26310982,0.44278250
491,0.06639877,0.47278975,0.48395393,0.47929859,0.46893951,-0.07994162,-1.50277251,-0.22856420,-0.40105229,-0.23472527,-0.11937348,-0.21477854,0.14213304,-0.17977749,0.37827630,1.11692895,0.28701915,0.26566853,0.24088788,-0.05666528,0.59716239,0.16331357,0.12631701,0.20646382,1.11692895,1.39304706,1.65045815,1.88418775,0.28701915,0.55197616,0.78354853,0.26566853,0.50077718,0.24088788,1.50504724,0.46968421,0.26526698,0.25776058,0.41938952
492,0.06584173,0.48235777,0.48774602,0.47658890,0.44741338,-0.06912068,-1.49452472,-0.22188579,-0.43772554,-0.23093892,-0.15548941,-0.21672191,0.10547461,-0.19327172,0.33334800,1.07239547,0.28628321,0.26496302,0.23107040,-0.03396872,0.59632359,0.16684841,0.12579010,0.20895344,1.07239547,1.34978895,1.60681632,1.83249769,0.28628321,0.55074557,0.77396614,0.26496302,0.49046721,0.23107040,1.49646466,0.49534991,0.27914005,0.24215551,0.38538649
493,0.06778247,0.48046239,0.47061241,0.45629359,0.44523753,-0.07240803,-1.46841853,-0.22290760,-0.44934146,-0.22607535,-0.16539443,-0.20431740,0.09748870,-0.18236348,0.33686692,1.03411629,0.28528724,0.26653229,0.24336962,-0.03628242,0.71783046,0.17124523,0.12688034,0.21312801,1.03411629,1.31357861,1.57165346,1.80973104,0.28528724,0.55106801,0.78773737,0.26653229,0.50415991,0.24336962,1.47135461,0.50264475,0.28016244,0.22879512,0.38309215
494,0.06931507,0.47262244,0.46279576,0.45130671,0.44416510,-0.09087184,-1.46200737,-0.24390209,-0.44295359,-0.23734502,-0.16094101,-0.21370028,0.10012508,-0.19048688,0.32329257,1.03298407,0.28211866,0.26426745,0.23067583,-0.04829182,0.82687301,0.17148527,0.12893328,0.21454834,1.03298407,1.31103852,1.56732867,1.79023283,0.28211866,0.54521668,0.76827127,0.26426745,0.48690862,0.23067583,1.46668603,0.50566762,0.28682883,0.23927885,0.37550045
495,0.07013564,0.47724639,0.47152440,0.45791769,0.45078262,-0.10927703,-1.45097897,-0.25412885,-0.44041108,-0.24643217,-0.16147037,-0.22215545,0.09801691,-0.18870435,0.32695050,1.02460075,0.27963418,0.26269923,0.23721652,-0.08067662,0.84845185,0.17368703,0.12868610,0.21616498,1.02460075,1.29861300,1.55351929,1.78189267,0.27963418,0.54179138,0.77014659,0.26269923,0.49220231,0.23721652,1.45609267,0.50953935,0.29499519,0.24349329,0.37904901
496,0.06948957,0.46315240,0.46001453,0.45110022,0.44501111,-0.12629929,-1.46653640,-0.27204779,-0.43987272,-0.26173657,-0.16814801,-0.23054597,0.08897779,-0.19540502,0.30280158,1.03814104,0.27225708,0.26054355,0.22825770,-0.08845593,0.97765411,0.17422606,0.13013122,0.21746001,1.03814104,1.30695701,1.55939346,1.77389354,0.27225708,0.53067960,0.74879527,0.26054355,0.47758454,0.22825770,1.47403125,0.51798489,0.31145246,0.25085916,0.36150955
497,0.06871410,0.47251307,0.46129308,0.45358191,0.45132905,-0.13367001,-1.44695658,-0.27436693,-0.43764997,-0.26006410,-0.15622668,-0.22439247,0.10443698,-0.19034629,0.31509672,1.02087021,0.28179755,0.26423638,0.22539621,-0.12114785,0.98575621,0.17612393,0.13248191,0.22038851,1.02087021,1.29844083,1.55452345,1.76646692,0.28179755,0.54483233,0.75910390,0.26423638,0.47886552,0.22539621,1.45453543,0.51655322,0.30338293,0.24882571,0.37111242
498,0.07713981,0.41717693,0.41478419,0.41916614,0.45289521,-0.13887130,-1.46935172,-0.30995578,-0.39088476,-0.26959825,-0.10634250,-0.21236529,0.16651970,-0.18404229,0.36678590,1.09423151,0.28900327,0.27907028,0.25259657,-0.22995128,1.18373277,0.17151564,0.14838158,0.22679222,1.09423151,1.36985060,1.63775757,1.84084117,0.28900327,0.56749743,0.79220578,0.27907028,0.50787212,0.25259657,1.47845659,0.52313331,0.31641986,0.29323838,0.41199829
499,0.06223890,0.46042962,0.45383773,0.45608169,0.48299216,-0.19697911,-1.44728600,-0.31807752,-0.35507899,-0.26954154,-0.07120133,-0.21307888,0.18068542,-0.18570487,0.40023048,1.10079244,0.28802768,0.25890332,0.24296612,-0.25775281,1.17547612,0.17655806,0.13923703,0.22485484,1.10079244,1.37970922,1.62878304,1.85356879,0.28802768,0.54618178,0.77148714,0.25890332,0.48555058,0.24296612,1.46132153,0.47711248,0.27979668,0.27940050,0.45336685
500,0.05887093,0.46988006,0.46762479,0.46477700,0.50015044,-0.22643319,-1.43203346,-0.32985433,-0.30876133,-0.26660277,-0.04118228,-0.20979520,0.22066548,-0.17551343,0.43291331,1.13490299,0.27527110,0.26971005,0.23179231,-0.30197562,1.18786160,0.17897162,0.14022928,0.22736555,1.13490299,1.39589542,1.65475133,1.87312932,0.27527110,0.54465593,0.75875693,0.26971005,0.48597693,0.23179231,1.45049418,0.45896810,0.27807829,0.30667416,0.48312509
501,0.06158366,0.48683469,0.47811436,0.47923997,0.49738698,-0.24560875,-1.39929617,-0.30645662,-0.34087545,-0.26247233,-0.06630842,-0.21002452,0.18626646,-0.16896845,0.39404519,1.07253166,0.28054459,0.26131055,0.22398334,-0.26943207,1.06958983,0.18596516,0.13289195,0.22856796,1.07253166,1.33895914,1.58815794,1.80177614,0.28054459,0.54166542,0.74769480,0.26131055,0.47078740,0.22398334,1.42086002,0.47935550,0.28966953,0.28735076,0.44926731
502,0.06063831,0.48036949,0.49098002,0.48417801,0.46828885,-0.23556458,-1.40207875,-0.31368837,-0.36536979,-0.26451559,-0.09852970,-0.21255952,0.15664505,-0.15516940,0.35107105,1.05203006,0.27502589,0.26449665,0.21463613,-0.26676926,1.06760264,0.19072407,0.12724303,0.22927377,1.05203006,1.30902140,1.56045091,1.76058510,0.27502589,0.53949019,0.73406031,0.26449665,0.46333958,0.21463613,1.42183871,0.50243251,0.29893330,0.26913438,0.40294443
503,0.05643085,0.48735322,0.48883187,0.48284491,0.48413971,-0.24556022,-1.39715380,-0.29114924,-0.39347052,-0.25548455,-0.11249392,-0.20719077,0.15146549,-0.14321045,0.38697300,1.01721421,0.28835301,0.27196568,0.24970790,-0.21052667,0.94976724,0.19333030,0.13158094,0.23385925,1.01721421,1.28896942,1.55027908,1.79065928,0.28835301,0.56007090,0.79564201,0.27196568,0.51200308,0.24970790,1.41859815,0.51191169,0.29512923,0.26177241,0.42562776
504,0.05334586,0.49219910,0.48483545,0.47966622,0.49565620,-0.26700482,-1.40298823,-0.29676650,-0.38203682,-0.25579016,-0.09954265,-0.20153760,0.17427271,-0.13096592,0.41626063,1.03235057,0.29043273,0.28309388,0.25745609,-0.19553527,0.88756514,0.19995671,0.13090519,0.23899551,1.03235057,1.30706118,1.57939002,1.82716271,0.29043273,0.57331843,0.81676459,0.28309388,0.53071793,0.25745609,1.42817048,0.50595891,0.29034252,0.27063850,0.44766614
505,0.05996282,0.47940308,0.49864403,0.47965634,0.49443756,-0.37852018,-1.47532537,-0.33169608,-0.31530235,-0.30045794,-0.02712563,-0.22335217,0.25002205,-0.12052325,0.47037751,1.18169241,0.30767772,0.29612651,0.24899240,-0.29368588,0.94762698,0.18720101,0.13520839,0.23092321,1.18169241,1.45502777,1.73294629,1.96530306,0.30767772,0.60116859,0.82234821,0.29612651,0.52930607,0.24899240,1.52329149,0.51857551,0.33288624,0.34258387,0.50115967
506,0.02461150,0.39523862,0.42749531,0.46017300,0.44414843,-0.18748972,-1.65257868,0.03791048,-0.47911575,0.12512846,-0.15602884,0.18849490,0.13621502,0.24024023,0.46953622,1.20463045,0.33716770,0.30194151,0.33766943,-0.39286133,0.69772749,0.21687450,0.11591730,0.24590928,1.20463045,1.53291936,1.82921218,2.16647107,0.33716770,0.63889030,0.97232823,0.30194151,0.63661149,0.33766943,1.66555052,0.53788303,0.28313317,0.28149917,0.55541999
507,0.12643603,0.04925663,0.50212500,0.41679843,0.40170186,0.40733153,-0.61551238,0.28897180,-1.64742346,0.31816896,-0.30718438,0.30089443,0.04641667,0.26316810,0.32649078,1.19750335,1.37903799,0.43416663,0.29035657,-0.26510954,1.27967276,0.20388099,0.15279868,0.25478401,1.19750335,0.42100919,0.67076458,0.95405750,1.37903799,1.78876231,2.07569367,0.43416663,0.71111357,0.29035657,0.74186690,1.75189452,0.48442733,0.30914561,0.43626514
508,0.05803885,0.15515313,0.40900042,0.39680631,0.42546202,0.23647679,-1.13669600,0.17441252,-1.38860915,0.15963602,-0.19162380,0.20828516,0.13277754,0.21713740,0.38997714,0.45269691,1.27406467,0.33052162,0.26814241,-0.31192725,1.15347633,0.21821567,0.17234512,0.27806639,0.45269691,0.95042991,1.27417966,1.52709854,1.27406467,1.59467844,1.82381691,0.33052162,0.58547083,0.26814241,1.16358882,1.43004712,0.28713114,0.30728438,0.45911209
509,0.04877649,0.35547163,0.46809062,0.45389202,0.46499210,0.15720192,-1.62104686,0.19423304,-0.83480143,0.20332051,-0.34801246,0.22402331,-0.00277395,0.21670766,0.27585193,0.84399960,0.51777949,0.40165585,0.27917900,-0.20598026,1.02680038,0.21156357,0.12510092,0.24578320,0.84399960,1.28032350,1.62142632,1.90005106,0.51777949,0.91536305,1.17948876,0.40165585,0.66171961,0.27917900,1.62878366,0.91677576,0.42976439,0.23071156,0.35791662
510,0.04912230,0.17886565,0.45487442,0.46198864,0.45551014,0.24390443,-1.55245556,0.23626556,-1.26326645,0.25445888,-0.39522142,0.26525536,-0.03815026,0.23974959,0.25890455,0.39437601,0.87558306,0.39458544,0.29858375,0.00849346,0.81752464,0.21573984,0.12448075,0.24907656,0.39437601,1.16759541,1.51450932,1.81159476,0.87558306,1.25721131,1.55085914,0.39458544,0.67959124,0.29858375,1.57150450,1.31371508,0.49627195,0.26811641,0.35371332
511,0.03907637,0.43656839,0.49532491,0.46587638,0.46313408,0.23279398,-1.65496768,0.20283967,-0.64028526,0.21387325,-0.27105080,0.23263153,0.06721239,0.23192342,0.34275203,1.04156976,0.39234420,0.37188630,0.27570208,-0.03398260,0.77277394,0.20803809,0.12775109,0.24413150,1.04156976,1.38772737,1.72297613,1.99867573,0.39234420,0.76354403,1.02676475,0.37188630,0.63528651,0.27570208,1.67135503,0.71701793,0.36513660,0.24460264,0.41617847
512,0.04143175,0.49337140,0.49030918,0.45928798,0.46419011,0.21067453,-1.66955685,0.21360515,-0.58839206,0.20645698,-0.24367459,0.20925441,0.08424889,0.20893606,0.35246022,1.09665807,0.36466665,0.34814052,0.26926480,-0.08387779,0.89143701,0.20876545,0.13628522,0.24931240,1.09665807,1.42736562,1.75457577,2.02221395,0.36466665,0.71272907,0.96441510,0.34814052,0.60336343,0.26926480,1.68285170,0.64864620,0.32346818,0.23492109,0.41186143
513,0.04047028,0.46167744,0.50854341,0.46731853,0.46756930,0.22772436,-1.63643096,0.20838551,-0.58091035,0.19605007,-0.23633901,0.20562801,0.08270759,0.20477861,0.35977941,1.07546275,0.36396373,0.34239057,0.27709838,-0.01939899,0.77096450,0.21402546,0.12699059,0.24886443,1.07546275,1.40325445,1.71964128,1.99659043,0.36396373,0.70584451,0.97002327,0.34239057,0.60816873,0.27709838,1.65220265,0.64945131,0.31880004,0.22490703,0.41540748
514,0.04554537,0.46410072,0.50952029,0.46850600,0.46915476,0.23274983,-1.62884330,0.22027829,-0.56390679,0.20166804,-0.24134039,0.20408647,0.06842492,0.19653514,0.34929922,1.08412850,0.34100422,0.33296215,0.28106210,-0.02585895,0.76037825,0.21523362,0.13061063,0.25176308,1.08412850,1.39100849,1.69774793,1.97859021,0.34100422,0.67343825,0.94061246,0.33296215,0.60177484,0.28106210,1.64543387,0.63465963,0.32488035,0.21905485,0.40220664
515,0.04480532,0.46780417,0.50485843,0.46272435,0.46093692,0.23899953,-1.61072052,0.22696243,-0.55267742,0.21035308,-0.24757540,0.20807154,0.06008509,0.20153390,0.33632702,1.07632544,0.32048766,0.32932669,0.27641451,-0.02483480,0.78732330,0.21426214,0.13085616,0.25106095,1.07632544,1.36714350,1.67117806,1.94743223,0.32048766,0.64937956,0.91311550,0.32932669,0.59427607,0.27641451,1.62854442,0.62182975,0.33356818,0.22056783,0.39360419
516,0.04284616,0.46983111,0.50598535,0.46276121,0.46154294,0.25007566,-1.61117645,0.23000899,-0.54600463,0.21078538,-0.24656149,0.20785477,0.06292184,0.20099251,0.33500705,1.08367993,0.31303329,0.33350348,0.27237729,-0.02771142,0.84459167,0.21521382,0.13428617,0.25367256,1.08367993,1.36954327,1.67469791,1.94680739,0.31303329,0.64562654,0.90452786,0.33350348,0.59265239,0.27237729,1.63076169,0.61569352,0.33369865,0.22197504,0.39227258
517,0.04093989,0.48099226,0.49810700,0.45701911,0.45102355,0.28531742,-1.61356868,0.25351290,-0.56394856,0.22224160,-0.27546896,0.21899455,0.02845192,0.20757526,0.29186594,1.07063549,0.30144670,0.32427673,0.26420745,0.00203239,0.90946687,0.21143996,0.14052565,0.25387854,1.07063549,1.34559194,1.64341879,1.90727087,0.30144670,0.62453513,0.87528262,0.32427673,0.57559627,0.26420745,1.64006492,0.63382319,0.35861257,0.22766394,0.36020140
518,0.04707831,0.48531650,0.48829484,0.44857976,0.43899741,0.27902870,-1.60119301,0.26346668,-0.57593469,0.24471742,-0.28773732,0.23886618,0.00557294,0.22814600,0.25658294,1.04858736,0.29998896,0.31103621,0.25132036,-0.01531039,0.89624156,0.20670281,0.14368932,0.25173929,1.04858736,1.32115846,1.60764726,1.85893210,0.29998896,0.61056428,0.85208251,0.31103621,0.55313241,0.25132036,1.62884869,0.64321557,0.37901192,0.24959607,0.34958877
519,0.04495640,0.48216036,0.48103232,0.44389507,0.43588600,0.28456722,-1.61655122,0.25601959,-0.56208696,0.24074395,-0.27984938,0.23865592,0.01265040,0.23038803,0.26009233,1.07505262,0.29202170,0.31091380,0.24782335,-0.02886712,0.90704761,0.20767109,0.14525678,0.25343010,1.07505262,1.34412097,1.63010033,1.87784386,0.29202170,0.60214998,0.83951817,0.31091380,0.54823129,0.24782335,1.64464282,0.62639364,0.37044555,0.25032195,0.35320895
520,0.04563205,0.48285808,0.48147776,0.44138984,0.43309193,0.28977054,-1.63642589,0.26606601,-0.58012801,0.25243887,-0.29473463,0.24779128,-0.00285434,0.24168233,0.25279418,1.08018081,0.29787780,0.31088309,0.25582622,-0.03372298,0.91896129,0.20413958,0.14221030,0.24879055,1.08018081,1.34953396,1.63445377,1.89027232,0.29787780,0.60837623,0.85331819,0.31088309,0.55661876,0.25582622,1.66557572,0.64829768,0.38918855,0.25960280,0.35668092
521,0.04551651,0.47807077,0.47556104,0.43956460,0.43238130,0.29954391,-1.60501371,0.26355406,-0.54508458,0.25206284,-0.26792026,0.24171942,0.02129971,0.23138461,0.27086702,1.08205691,0.28816417,0.30696159,0.25025078,-0.01238575,0.94169615,0.20444444,0.14504369,0.25066951,1.08205691,1.34490138,1.62770408,1.87777635,0.28816417,0.59480288,0.83309207,0.30696159,0.54615790,0.25025078,1.63646618,0.61434818,0.36878118,0.25433830,0.36140476
522,0.04313841,0.47792140,0.48290201,0.44067850,0.42957129,0.31094353,-1.61507309,0.26866867,-0.56327814,0.26571934,-0.28377817,0.25194892,0.00262896,0.23271775,0.25187460,1.07707611,0.29225169,0.30955757,0.25002761,-0.02327600,0.93943214,0.20307592,0.14323430,0.24850733,1.07707611,1.33969227,1.61898816,1.86883732,0.29225169,0.60110603,0.83949531,0.30955757,0.54825392,0.25002761,1.64741551,0.63832383,0.39181402,0.26093836,0.34872190
523,0.04737063,0.47993704,0.48210562,0.44148240,0.42945056,0.29638328,-1.63007085,0.26143797,-0.55196539,0.25485534,-0.27010209,0.24404671,0.01273362,0.21750884,0.25751771,1.10122434,0.29358654,0.30599479,0.24634863,-0.03375351,0.95467035,0.20393321,0.14542240,0.25047241,1.10122434,1.36777161,1.64380706,1.88949983,0.29358654,0.59870631,0.83267331,0.30599479,0.53990654,0.24634863,1.65933103,0.62444160,0.37446916,0.25369012,0.34239822
524,0.04834442,0.48554095,0.48709132,0.44382392,0.43111565,0.28999327,-1.59487539,0.25204813,-0.55618766,0.24422552,-0.26744886,0.23361408,0.01691172,0.20419915,0.26095385,1.06525839,0.30283581,0.30730953,0.24603134,-0.01702345,0.94864374,0.20498456,0.14707322,0.25228793,1.06525839,1.33582579,1.61298807,1.85817608,0.30283581,0.60962495,0.84181000,0.30730953,0.54033029,0.24603134,1.62334624,0.62798491,0.36642631,0.24189390,0.33509646
525,0.04860443,0.48839338,0.48415031,0.44417747,0.43576124,0.29532663,-1.60521980,0.24774148,-0.53813110,0.23999662,-0.25215944,0.23091898,0.02871110,0.20048119,0.26445544,1.09078942,0.29833136,0.30202542,0.23877286,-0.02620094,1.01852402,0.20659579,0.14931547,0.25490573,1.09078942,1.36104907,1.63540312,1.87270445,0.29833136,0.59977972,0.82231716,0.30202542,0.52555679,0.23877286,1.63470174,0.60650983,0.35105421,0.24169313,0.33459719
526,0.04780142,0.49222323,0.48170478,0.44374314,0.43881097,0.28916544,-1.58970266,0.26743408,-0.54716588,0.23816420,-0.27588989,0.23008176,0.00746906,0.19204826,0.26579779,1.06459355,0.28501593,0.30061096,0.26238046,-0.04146443,0.99855795,0.20799292,0.14762440,0.25505689,1.06459355,1.32142225,1.59858566,1.85893943,0.28501593,0.58505990,0.83134829,0.30061096,0.54870006,0.26238046,1.61856225,0.62068876,0.36638063,0.23857991,0.32999020
527,0.04780405,0.49606491,0.48112402,0.44256576,0.43719266,0.29386863,-1.59630615,0.27125469,-0.55731270,0.23773303,-0.27401479,0.22911656,0.00884868,0.19291661,0.25926861,1.06187739,0.29778444,0.30249568,0.25421826,-0.03500887,1.06244482,0.20881578,0.14788272,0.25587757,1.06187739,1.33011716,1.60666806,1.85900378,0.29778444,0.59939800,0.83728336,0.30249568,0.54144376,0.25421826,1.62553230,0.63325642,0.36546985,0.23765333,0.32537933
528,0.04869089,0.50586560,0.48175753,0.44303868,0.44118887,0.29962945,-1.59978999,0.27845606,-0.56201782,0.23732607,-0.28613950,0.23175081,-0.00214709,0.18940831,0.25956773,1.05910294,0.29036239,0.30187326,0.26651494,-0.04692928,1.08115493,0.20823230,0.14603507,0.25433625,1.05910294,1.32151157,1.59932143,1.86342763,0.29036239,0.59083217,0.84092401,0.30187326,0.55291011,0.26651494,1.62967677,0.64021048,0.37479239,0.23809542,0.32248478
529,0.04693694,0.50050007,0.49055234,0.44920443,0.44828610,0.29354438,-1.61939098,0.26529583,-0.53490948,0.23302578,-0.26857905,0.23235457,0.01175811,0.19128645,0.26106412,1.10392819,0.28144643,0.29731137,0.25466307,-0.04566423,1.13769244,0.20788633,0.14584086,0.25394149,1.10392819,1.35741690,1.63242202,1.88395345,0.28144643,0.57777449,0.81377961,0.29731137,0.53551681,0.25466307,1.64699265,0.61355083,0.35997762,0.23657593,0.32383288
530,0.04184234,0.49427158,0.50247096,0.45255990,0.45177285,0.29894306,-1.65961972,0.27770484,-0.58013385,0.24429284,-0.29208002,0.24422168,-0.01828456,0.20657387,0.25262309,1.10443652,0.30645614,0.29564999,0.27402032,-0.04884174,1.16865877,0.20355258,0.13965796,0.24685623,1.10443652,1.37511199,1.64239166,1.91485926,0.30645614,0.60098159,0.85800355,0.29564999,0.55418629,0.27402032,1.68670278,0.67265281,0.39314099,0.24528977,0.32634338
531,0.02858059,0.53304685,0.50163378,0.45250385,0.45633147,0.32136441,-1.60736397,0.26525479,-0.58607656,0.22562551,-0.28957211,0.22538168,-0.01023692,0.19020441,0.26094166,1.04506470,0.30810820,0.29754445,0.27620568,-0.06864016,1.25780649,0.20583075,0.13942063,0.24860493,1.04506470,1.32872975,1.60046347,1.87448888,0.30810820,0.60353715,0.86136100,0.29754445,0.55530363,0.27620568,1.63986906,0.66456253,0.37867603,0.22581640,0.32423768
532,0.02250898,0.49813560,0.49815844,0.44553498,0.44986318,0.32828831,-1.53161647,0.25455273,-0.55742083,0.22973004,-0.28626411,0.22866581,-0.02376040,0.18906449,0.26530397,0.99903529,0.28556333,0.28566253,0.29190884,-0.14202898,1.28074396,0.21201538,0.12134989,0.24428737,0.99903529,1.25525794,1.51117680,1.80240830,0.28556333,0.57004483,0.84681029,0.28566253,0.56266349,0.29190884,1.56649435,0.64215237,0.38201848,0.22999647,0.32578738
533,0.02887657,0.49373792,0.49901223,0.45158829,0.45508352,0.34288895,-1.51474923,0.25030455,-0.51590778,0.22225427,-0.25162981,0.21689160,0.00677719,0.18474278,0.29224014,1.02486099,0.27787306,0.27515164,0.28825584,-0.13006614,1.33978291,0.21019617,0.11482221,0.23951320,1.02486099,1.27538948,1.52712310,1.81483329,0.27787306,0.55237626,0.82486497,0.27515164,0.54970417,0.28825584,1.55349849,0.59913523,0.34823863,0.21700553,0.34643496
534,0.02494026,0.49800087,0.50232986,0.45794451,0.46417099,0.35675180,-1.51537408,0.25624652,-0.50994412,0.23233649,-0.24406176,0.22294102,0.01829851,0.18363836,0.30318576,1.02997085,0.27791802,0.27589653,0.29032878,-0.10577311,1.39194023,0.20727360,0.11582985,0.23744241,1.02997085,1.28323037,1.53995549,1.82841610,0.27791802,0.55356529,0.82547676,0.27589653,0.55125168,0.29032878,1.55719922,0.59391963,0.34805058,0.22370251,0.35695692
535,0.01531916,0.47684439,0.52835557,0.47481426,0.47636216,0.37961140,-1.55300967,0.26624151,-0.51062367,0.24382970,-0.23331709,0.24409139,0.04506893,0.20345137,0.32418223,1.07109248,0.29421509,0.29643563,0.28351933,-0.12910877,1.43021026,0.20259553,0.10069743,0.22624085,1.07109248,1.33234526,1.60395326,1.88609865,0.29421509,0.59018659,0.85401413,0.29643563,0.56371869,0.28351933,1.59873448,0.61700099,0.36016060,0.24936928,0.38634764
536,0.01608986,0.46973960,0.53797047,0.47535774,0.47230459,0.37161128,-1.56962543,0.27398697,-0.55438651,0.23796960,-0.24656733,0.24553709,0.04106129,0.20733133,0.32155236,1.04312707,0.32625862,0.31309237,0.28392277,-0.24669146,1.43090332,0.19880067,0.08685238,0.21694479,1.04312707,1.33491410,1.61562681,1.89836079,0.32625862,0.63731766,0.90174689,0.31309237,0.57794615,0.28392277,1.61331555,0.66698621,0.37325205,0.25015062,0.38539747
537,0.01422364,0.47462756,0.50976899,0.46052572,0.45490960,0.38490564,-1.56087762,0.28619787,-0.57422265,0.25455584,-0.26536088,0.26628430,0.02589473,0.22453758,0.30033542,1.01321622,0.32688420,0.31712231,0.27815925,-0.52115055,1.48436332,0.19796363,0.08481593,0.21536792,1.01321622,1.30636642,1.59131208,1.86810957,0.32688420,0.64197830,0.90140938,0.31712231,0.57655167,0.27815925,1.60788020,0.68373447,0.39139587,0.26769774,0.37595081
538,0.01262593,0.48134633,0.53085016,0.48912318,0.47857182,0.40643590,-1.61358235,0.25709062,-0.55629488,0.22893229,-0.24085853,0.24370131,0.02772350,0.20962522,0.29053679,1.09220107,0.32993461,0.29186320,0.26699449,-0.17437341,1.43013959,0.19537451,0.09277637,0.21628373,1.09220107,1.39092739,1.64952603,1.91509148,0.32993461,0.61936601,0.86569320,0.29186320,0.53785009,0.26699449,1.66414669,0.66300921,0.36902287,0.24977636,0.36701981
539,0.01571930,0.48262813,0.51683803,0.46711554,0.46516775,0.40058315,-1.59057862,0.26806014,-0.58917763,0.23375169,-0.26919509,0.24358549,0.01989678,0.21243752,0.30425269,1.03335281,0.33767704,0.31729673,0.28721687,-0.57609594,1.47607088,0.19411908,0.08630797,0.21244125,1.03335281,1.33687748,1.61817791,1.90418070,0.33767704,0.65246583,0.91875816,0.31729673,0.58330265,0.28721687,1.64045576,0.69177518,0.38367938,0.24466155,0.37293553
540,0.01215418,0.49120350,0.53529498,0.47921109,0.47620520,0.40123205,-1.62469375,0.24632009,-0.55650946,0.22264332,-0.25643384,0.24011741,0.01656503,0.21185944,0.29357411,1.10309926,0.31334259,0.29633705,0.28204021,-0.32870700,1.41312351,0.19359298,0.09467859,0.21550471,1.10309926,1.38700767,1.64936284,1.92891886,0.31334259,0.60732931,0.86498526,0.29633705,0.55443142,0.28204021,1.67352132,0.65243632,0.37049012,0.24310084,0.37056464
541,0.02040618,0.47908588,0.51779893,0.46356834,0.45894081,0.38064125,-1.55286355,0.23951400,-0.55067980,0.21283176,-0.26518001,0.21950398,0.01991815,0.18958427,0.29190900,1.03497858,0.30069295,0.30832200,0.27448651,-0.13507365,1.32464036,0.20182899,0.10063994,0.22552902,1.03497858,1.30467262,1.58103929,1.85488994,0.30069295,0.60756295,0.86433453,0.30832200,0.56570289,0.27448651,1.59884989,0.63604588,0.36027963,0.22041394,0.34886544
542,0.02984570,0.48622614,0.49418548,0.44829681,0.44752089,0.36514917,-1.48327701,0.22388645,-0.52894677,0.21162425,-0.27676975,0.21255578,-0.00988099,0.18934109,0.26775340,0.98779242,0.26396429,0.28251386,0.27936491,-0.07387880,1.21601040,0.20686541,0.11835519,0.23833012,0.98779242,1.22372507,1.48188715,1.76096662,0.26396429,0.54621243,0.81126077,0.28251386,0.54971874,0.27936491,1.52855760,0.59545862,0.35747418,0.21316033,0.32803286
543,0.04092751,0.45857659,0.49780849,0.44664194,0.44533918,0.34277357,-1.54798556,0.25738655,-0.56804296,0.22705792,-0.27855639,0.23216035,-0.00494741,0.19833998,0.28110016,1.01617269,0.30631725,0.30550262,0.28820696,-0.03686521,1.02523263,0.20458601,0.11534299,0.23486047,1.01617269,1.28464140,1.54718024,1.83483251,0.30631725,0.60925101,0.88466792,0.30550262,0.57900323,0.28820696,1.58578796,0.66259472,0.38162879,0.23233059,0.34445875
544,0.05198262,0.49025478,0.48475712,0.45039996,0.44111244,0.32829045,-1.59279321,0.24286379,-0.55631475,0.22945906,-0.27032630,0.22126090,0.02658400,0.19991041,0.28379981,1.06613459,0.30446593,0.31775837,0.25836704,-0.02749176,0.97822591,0.19801546,0.12560768,0.23449395,1.06613459,1.33261473,1.62301181,1.88121662,0.30446593,0.62217889,0.86577301,0.31775837,0.56406036,0.25836704,1.62857416,0.62482311,0.35736469,0.23310935,0.35173284
545,0.04729953,0.49347313,0.47033964,0.44082206,0.43294712,0.33484309,-1.55799257,0.25413574,-0.55955612,0.24251628,-0.26927429,0.22656062,0.02563378,0.21146357,0.29349678,1.02422087,0.30334665,0.30748588,0.26875245,-0.00559166,0.88460650,0.19420113,0.12767933,0.23241362,1.02422087,1.29818342,1.58784744,1.85645744,0.30334665,0.61081121,0.86844266,0.30748588,0.56793009,0.26875245,1.59908822,0.61986314,0.36244158,0.24586064,0.36967847
546,0.04673666,0.49800009,0.48100678,0.44915382,0.43931682,0.36072287,-1.58837471,0.26731234,-0.55877628,0.23941648,-0.27351250,0.22315222,0.02785486,0.19967822,0.29579566,1.05210181,0.29686128,0.31541259,0.27025257,-0.00173264,0.87699030,0.19380906,0.12140902,0.22869653,1.05210181,1.32570429,1.62228733,1.89177288,0.29686128,0.61206430,0.86902374,0.31541259,0.57441874,0.27025257,1.63190936,0.62664887,0.36392152,0.23676151,0.36006076
547,0.04933121,0.49127394,0.48356314,0.45081937,0.43496743,0.36323555,-1.58258488,0.27517728,-0.57606406,0.24607574,-0.28915648,0.22751045,0.01045815,0.19458421,0.27700118,1.02596674,0.29711407,0.31229700,0.26909480,0.01287127,0.81063604,0.19170791,0.11584427,0.22399066,1.02596674,1.30310179,1.59894723,1.86759318,0.29711407,0.60920164,0.86835707,0.31229700,0.57270292,0.26909480,1.62698129,0.64286409,0.37971139,0.24210204,0.34475659
548,0.04621558,0.49008267,0.49110789,0.45854288,0.45319480,0.34359814,-1.56826614,0.24696662,-0.52517561,0.23257452,-0.24276859,0.21711434,0.06610506,0.18457309,0.34528124,1.05794139,0.29230557,0.32149762,0.28120368,0.02051573,0.68316315,0.19057457,0.11388329,0.22200916,1.05794139,1.33218639,1.63931820,1.92015104,0.29230557,0.61377029,0.88601903,0.32149762,0.59528021,0.28120368,1.60624295,0.58854364,0.33704036,0.23580852,0.39539306
549,0.05229513,0.48510386,0.48965162,0.45978888,0.45770283,0.33447088,-1.54463338,0.24612694,-0.51354387,0.23258580,-0.23208353,0.21418059,0.06953616,0.17492885,0.35688340,1.04268321,0.28887159,0.31018589,0.29004961,0.02202665,0.60550613,0.18974165,0.11155282,0.22010435,1.04268321,1.31804523,1.61865722,1.90819883,0.28887159,0.59904325,0.88283535,0.31018589,0.59540539,0.29004961,1.58187203,0.57262323,0.32859140,0.23693127,0.40343570
550,0.05452622,0.48972977,0.48629796,0.45566804,0.45026721,0.33217945,-1.53109045,0.24422524,-0.50771259,0.23524657,-0.22984608,0.21825532,0.06667428,0.17232325,0.34707741,1.03261765,0.28500073,0.30561126,0.28415431,0.02199955,0.54106404,0.19159959,0.11012642,0.22099374,1.03261765,1.30557092,1.60207677,1.88522084,0.28500073,0.59054979,0.86876960,0.30561126,0.58515020,0.28415431,1.56729449,0.56694677,0.32889289,0.23912350,0.39454952
551,0.05513046,0.47408458,0.46863187,0.44657289,0.44375700,0.31568830,-1.52906157,0.23586599,-0.51314712,0.22443157,-0.24157307,0.20899107,0.06093436,0.16591086,0.34136144,1.02134105,0.27460800,0.30917040,0.28375467,0.01091712,0.54244169,0.19230568,0.11193886,0.22251243,1.02134105,1.29105268,1.59390480,1.87677914,0.27460800,0.58351993,0.86385163,0.30917040,0.58963536,0.28375467,1.56212484,0.56504527,0.33041130,0.23298960,0.38953645
552,0.05504003,0.47223852,0.46426317,0.44285413,0.43921053,0.31418248,-1.53235094,0.23356656,-0.52361834,0.22016001,-0.25659307,0.20901385,0.04117286,0.16755960,0.32157921,1.01366906,0.27046966,0.30317537,0.28353132,0.00736397,0.49533212,0.19070164,0.11031798,0.22031153,1.01366906,1.27934655,1.57748666,1.86024886,0.27046966,0.57355234,0.85405608,0.30317537,0.58391844,0.28353132,1.56494759,0.57346644,0.33936537,0.22944155,0.37406288
553,0.05515726,0.47463912,0.46638085,0.44290455,0.43717162,0.31969783,-1.54005766,0.23052987,-0.52505971,0.21675970,-0.25819819,0.20514208,0.03865449,0.16436515,0.31539684,1.02009832,0.26984247,0.30239476,0.27990853,0.01602517,0.46281424,0.18923485,0.11031337,0.21904079,1.02009832,1.28603948,1.58349444,1.86274847,0.26984247,0.57206126,0.84944553,0.30239476,0.57980125,0.27990853,1.57333813,0.57355892,0.33810765,0.22437024,0.36742050
554,0.05444150,0.47819012,0.46515858,0.44352167,0.43622167,0.31188163,-1.54099764,0.22252300,-0.51343190,0.20895701,-0.24511340,0.19838948,0.05076375,0.16058946,0.32376240,1.03229870,0.27107688,0.30061208,0.27574925,0.01457516,0.43249252,0.18830881,0.11323874,0.21973443,1.03229870,1.29997853,1.59647052,1.87170036,0.27107688,0.57155659,0.84508660,0.30061208,0.57418391,0.27574925,1.57264822,0.55961400,0.32347383,0.22056803,0.37266254
555,0.05455125,0.48298518,0.46680577,0.44257609,0.43589209,0.29225363,-1.51541259,0.21395039,-0.49394420,0.20151115,-0.22783219,0.19239101,0.06341849,0.15388900,0.33619684,1.02529023,0.26828731,0.29623816,0.27572929,0.01258922,0.41486942,0.18853279,0.11380018,0.22021601,1.02529023,1.29080805,1.58259734,1.85760578,0.26828731,0.56423419,0.83791787,0.29623816,0.56975885,0.27572929,1.54371292,0.53833548,0.30516383,0.21709675,0.38047785
556,0.05461455,0.48666579,0.47891423,0.44794065,0.43723328,0.28836221,-1.49192230,0.20374880,-0.47773642,0.19394099,-0.20489151,0.18191147,0.08411141,0.14954353,0.35501909,1.01914553,0.27647642,0.29407444,0.27310341,0.02227059,0.38043494,0.18888438,0.11689816,0.22213170,1.01914553,1.29053248,1.58019682,1.85295665,0.27647642,0.57051074,0.84157028,0.29407444,0.56543380,0.27310341,1.51973225,0.52021127,0.28247102,0.21133131,0.39327815
557,0.05458477,0.48135971,0.47881437,0.44786199,0.43211058,0.28323239,-1.50380816,0.19978179,-0.47153352,0.19343966,-0.19964782,0.18464026,0.08816300,0.14908747,0.34627416,1.03692438,0.27547914,0.29330833,0.26099192,0.02284391,0.37764003,0.18685975,0.11679043,0.22035556,1.03692438,1.30727025,1.59574864,1.85602203,0.27547914,0.56871336,0.82739969,0.29330833,0.55230903,0.26099192,1.53042128,0.51290421,0.27841359,0.21664107,0.38678018
558,0.05609223,0.47869580,0.48457407,0.44868298,0.43245173,0.27977264,-1.49695724,0.20383941,-0.46819188,0.19768328,-0.19395659,0.18515781,0.09418955,0.14833864,0.35759822,1.03357135,0.27991636,0.29497025,0.26674195,0.02778435,0.38050230,0.18575716,0.11385472,0.21787295,1.03357135,1.30561235,1.59484519,1.86065905,0.27991636,0.57484823,0.83905935,0.29497025,0.55981222,0.26674195,1.52292665,0.51328825,0.27696854,0.21782877,0.39654157
559,0.05747171,0.47696817,0.48476282,0.44900421,0.42582350,0.27735890,-1.47580410,0.20531052,-0.45323187,0.19688355,-0.17837099,0.18283993,0.10924662,0.14194249,0.36697723,1.02759638,0.27947637,0.29426049,0.26153248,0.03613993,0.39332530,0.18443400,0.11610603,0.21793694,1.02759638,1.30010604,1.58834426,1.84860846,0.27947637,0.57365843,0.83252195,0.29426049,0.55362117,0.26153248,1.50190926,0.49942835,0.26575425,0.22338465,0.40248723
560,0.05773471,0.47046937,0.48734922,0.45005618,0.42353747,0.28419663,-1.45460240,0.20873355,-0.43931463,0.19850896,-0.16786041,0.18694388,0.11587014,0.14657353,0.37690609,1.02104836,0.27746392,0.29091721,0.26502731,0.04621284,0.37772554,0.18541730,0.11765897,0.21959783,1.02104836,1.28976572,1.57404244,1.83777684,0.27746392,0.56836675,0.83070878,0.29091721,0.55378205,0.26502731,1.48227422,0.48951603,0.25996998,0.22918221,0.41346797
561,0.05838600,0.47122849,0.48577899,0.45093388,0.42454690,0.28389491,-1.43167356,0.21168405,-0.42941768,0.20379513,-0.15584709,0.18511883,0.12996821,0.14406896,0.39340336,1.00804583,0.27934905,0.29311992,0.26734643,0.05258448,0.37381320,0.18591045,0.12079282,0.22170611,1.00804583,1.27856721,1.56522641,1.83134018,0.27934905,0.57236712,0.83705414,0.29311992,0.55854951,0.26734643,1.45981332,0.48161957,0.25658019,0.23557591,0.42761200
562,0.05807453,0.47220227,0.48466164,0.45159214,0.42100128,0.28484125,-1.42296112,0.21118783,-0.41556097,0.19869439,-0.14125142,0.18182744,0.14528411,0.14490049,0.39972706,1.01367263,0.28147575,0.29411310,0.25787532,0.05516558,0.38987687,0.18553218,0.12041980,0.22118571,1.01367263,1.28481279,1.57215580,1.82906068,0.28147575,0.57557656,0.83088544,0.29411310,0.55010118,0.25787532,1.45141068,0.46997294,0.24379382,0.24196011,0.43379460
563,0.06173240,0.47426590,0.47943406,0.45174071,0.42229051,0.28688493,-1.40234101,0.21240693,-0.40314585,0.19878202,-0.12232074,0.18116430,0.15883575,0.14310359,0.41061271,1.00599517,0.28772835,0.28865325,0.25520938,0.06327045,0.39430637,0.18544281,0.12109582,0.22147964,1.00599517,1.28337159,1.56512497,1.81936765,0.28772835,0.57636564,0.82881433,0.28865325,0.54177533,0.25520938,1.43173314,0.45940183,0.23341892,0.24973694,0.44264736
564,0.05881305,0.46563941,0.47876151,0.45369263,0.42314894,0.29386368,-1.38567987,0.21293597,-0.38636412,0.20119469,-0.11553610,0.18694743,0.16493671,0.15131605,0.41407995,1.00657529,0.27669495,0.28784235,0.25201215,0.06761969,0.40165481,0.18347748,0.12168428,0.22016142,1.00657529,1.27397535,1.55456989,1.80588535,0.27669495,0.56450714,0.81351808,0.28784235,0.53737491,0.25201215,1.41685765,0.44489552,0.23201800,0.25666424,0.44702637
565,0.05635740,0.46467046,0.47645743,0.45258871,0.42342829,0.29720875,-1.35624587,0.20976281,-0.37498454,0.19929825,-0.10345007,0.18295928,0.17396504,0.14772117,0.42783513,0.98994633,0.27922047,0.28549484,0.25659693,0.07602718,0.43186015,0.18611213,0.11960087,0.22122860,0.98994633,1.25705225,1.53481032,1.79088758,0.27922047,0.56468768,0.81762160,0.28549484,0.53940669,0.25659693,1.38866802,0.43558906,0.22466860,0.25905476,0.45804967
566,0.05905097,0.46588381,0.47540806,0.45301555,0.42702167,0.30626012,-1.35604002,0.22006487,-0.37284763,0.20457123,-0.09623386,0.18412374,0.17973731,0.14662620,0.43901723,0.99269822,0.28502034,0.28481183,0.26216438,0.08950489,0.44414092,0.18439630,0.11946160,0.21971133,0.99269822,1.26452398,1.54087653,1.80253504,0.28502034,0.56981015,0.82783887,0.28481183,0.54389621,0.26216438,1.39043424,0.44040705,0.22649489,0.26283224,0.46719225
567,0.05696337,0.46795573,0.47613183,0.45574769,0.43147852,0.31219746,-1.35139986,0.21711970,-0.35538901,0.20043231,-0.08290597,0.18217903,0.19100540,0.14791658,0.44167102,1.00629420,0.28124248,0.28162537,0.25303248,0.09176877,0.44730569,0.18240310,0.12350511,0.22028255,1.00629420,1.27403174,1.54804656,1.80078753,0.28124248,0.56284396,0.81132790,0.28162537,0.53145722,0.25303248,1.38750041,0.42229655,0.21691457,0.27080847,0.47026939
568,0.05797936,0.46633911,0.47194272,0.45298326,0.43362322,0.32439927,-1.36335800,0.22306499,-0.34966740,0.20392468,-0.07652267,0.17956273,0.19713240,0.14515638,0.44567917,1.02497629,0.28390453,0.28203518,0.25092141,0.09530656,0.47103100,0.18044746,0.12330360,0.21855220,1.02497629,1.29301665,1.56741133,1.81810174,0.28390453,0.56580621,0.81136871,0.28203518,0.52953324,0.25092141,1.40182387,0.42226253,0.21785066,0.27321327,0.47267626
569,0.05858839,0.46439236,0.46813825,0.45108688,0.43389934,0.32837774,-1.34297958,0.22983630,-0.33798563,0.20834693,-0.06810384,0.18189190,0.20553471,0.14263465,0.44869339,1.01652557,0.28048094,0.28057939,0.24631349,0.09619047,0.48298531,0.17998416,0.12477700,0.21900593,1.01652557,1.28124675,1.55547985,1.80130893,0.28048094,0.56076225,0.80172290,0.28057939,0.52378538,0.24631349,1.38342883,0.41420517,0.21928177,0.28143349,0.47469070
570,0.06067689,0.46213088,0.46768143,0.44850787,0.43266022,0.33714669,-1.34691056,0.23607712,-0.33196986,0.21367828,-0.06632352,0.18778111,0.20637447,0.15216611,0.45116737,1.02724982,0.27939184,0.28004530,0.24738787,0.10561265,0.50513870,0.17770686,0.12348911,0.21640076,1.02724982,1.28710286,1.56057415,1.80764529,0.27939184,0.55880613,0.79976925,0.28004530,0.52405627,0.24738787,1.38905453,0.41546583,0.22374279,0.28542593,0.47955702
571,0.06101613,0.46916338,0.45911195,0.44156558,0.42966955,0.32809593,-1.34255919,0.23419296,-0.32188648,0.21169163,-0.05605923,0.18025227,0.21813960,0.14890033,0.45290793,1.03183402,0.27221214,0.27928136,0.23732943,0.10284242,0.58744816,0.17625247,0.13075629,0.21945874,1.03183402,1.29336897,1.56783823,1.80476463,0.27221214,0.55128488,0.78375515,0.27928136,0.51357218,0.23732943,1.38586724,0.39839469,0.22225463,0.29425284,0.48125411
572,0.06212703,0.46724272,0.46812681,0.45098937,0.43690895,0.34119807,-1.35110203,0.24941643,-0.32215055,0.22944001,-0.05861464,0.19636506,0.21007753,0.15370128,0.44886727,1.04187173,0.27493181,0.27600659,0.24277922,0.12002924,0.55780135,0.17580556,0.12889304,0.21799314,1.04187173,1.29868073,1.56789442,1.80977861,0.27493181,0.55032066,0.78606578,0.27600659,0.51496101,0.24277922,1.39499355,0.41360184,0.23685138,0.29340277,0.47689558
573,0.06039341,0.46756688,0.46290937,0.44884923,0.44386359,0.35459368,-1.34643435,0.25882295,-0.30157210,0.23268342,-0.04870926,0.19419562,0.21578519,0.14370595,0.44221894,1.05805351,0.26126599,0.27029751,0.23318786,0.14467228,0.63966402,0.17466138,0.13416805,0.22024455,1.05805351,1.30565002,1.57083755,1.80201663,0.26126599,0.53099177,0.75657746,0.27029751,0.49920623,0.23318786,1.39593825,0.39905189,0.23895063,0.29736490,0.46677502
574,0.06159451,0.45999969,0.46705162,0.45692463,0.45567100,0.35892033,-1.34737149,0.26187480,-0.28778489,0.22714768,-0.04396012,0.19166535,0.21761302,0.13936589,0.43647261,1.07379861,0.25776780,0.26738654,0.22583150,0.14917004,0.59899315,0.17335954,0.13900068,0.22220423,1.07379861,1.31184493,1.57410948,1.79786764,0.25776780,0.52387433,0.74126542,0.26738654,0.48895178,0.22583150,1.39625194,0.39568180,0.23140062,0.29374007,0.45901981
575,0.06376915,0.46174240,0.46479392,0.45467765,0.45796457,0.36537900,-1.36270012,0.26636357,-0.28715614,0.21802548,-0.04356921,0.18240301,0.21634409,0.13626415,0.42750838,1.09141019,0.25747417,0.26515942,0.21799263,0.17001284,0.67222931,0.17304896,0.14099721,0.22321773,1.09141019,1.33030173,1.59040412,1.80651910,0.25747417,0.52144989,0.73060847,0.26515942,0.47822973,0.21799263,1.41414671,0.39624827,0.22247815,0.28676987,0.44906763
576,0.06568076,0.46650520,0.45426289,0.44477566,0.45553887,0.37823584,-1.40185602,0.28874222,-0.29070591,0.22106919,-0.03787280,0.17874785,0.22003050,0.13002390,0.42984115,1.12493423,0.26369311,0.26186749,0.22228585,0.21960438,0.80663330,0.17070722,0.14870468,0.22639355,1.12493423,1.37815116,1.63732259,1.85513268,0.26369311,0.52469328,0.73784875,0.26186749,0.47804665,0.22228585,1.46194143,0.41018754,0.23009822,0.29147757,0.44926062
577,0.07322266,0.43912413,0.43685393,0.43377550,0.45549911,0.37516080,-1.41843071,0.29074123,-0.30539242,0.22184999,-0.03968398,0.17425194,0.21570916,0.13401919,0.42177840,1.12113420,0.27654789,0.26044122,0.23699269,0.30486437,0.94171778,0.16871123,0.15892449,0.23177678,1.12113420,1.39412471,1.65388706,1.87499920,0.27654789,0.53649276,0.76129446,0.26044122,0.48695648,0.23699269,1.48887271,0.44700543,0.25290089,0.29356012,0.44276664
578,0.06883449,0.46407051,0.45181220,0.44308970,0.46143525,0.40204002,-1.42930707,0.30393323,-0.30038120,0.24410198,-0.03724687,0.19197674,0.21532527,0.14164056,0.42685704,1.14268324,0.26986949,0.25811579,0.23607449,0.31593804,0.94575498,0.16706434,0.15790627,0.22988015,1.14268324,1.40902333,1.66385643,1.88858168,0.26986949,0.52777240,0.74989529,0.25811579,0.48217538,0.23607449,1.49937408,0.43174925,0.25376088,0.29665607,0.45031884
579,0.07886596,0.43546461,0.43155465,0.42843951,0.45947526,0.38159049,-1.40710842,0.30708751,-0.26412153,0.23871785,-0.01207593,0.17896287,0.22599948,0.12094836,0.41319616,1.14920724,0.26469189,0.24660979,0.24849865,0.43909319,1.08609352,0.16480357,0.16988803,0.23669001,1.14920724,1.40895207,1.65341291,1.86532142,0.26469189,0.51099194,0.73598723,0.24660979,0.47529337,0.24849865,1.48300187,0.44252023,0.27455388,0.30901545,0.43252841
580,0.06940791,0.46363093,0.45853814,0.44948191,0.47530940,0.40281844,-1.40301468,0.31725739,-0.26247174,0.26201562,-0.01326922,0.19896340,0.21662471,0.12705040,0.40310586,1.15191873,0.25532282,0.23843145,0.22909156,0.41124953,1.05861998,0.16594082,0.17186283,0.23889995,1.15191873,1.40415810,1.63909049,1.84541855,0.25532282,0.49360230,0.70302233,0.23843145,0.45300232,0.22909156,1.47452959,0.41794701,0.27044065,0.30036472,0.42572989
581,0.07260023,0.45585078,0.44993909,0.43913319,0.47344667,0.36755067,-1.35173910,0.29213388,-0.24998294,0.24081194,-0.00042163,0.17090548,0.21493303,0.11356286,0.36499322,1.10906322,0.25586997,0.22679494,0.21742489,0.46098483,1.14314754,0.16482472,0.18172920,0.24534199,1.10906322,1.36307083,1.58506728,1.75874155,0.25586997,0.48185673,0.66605637,0.22679494,0.41856366,0.21742489,1.41940572,0.40481262,0.26195312,0.28897346,0.38640692
582,0.06324766,0.47314257,0.46730930,0.45451317,0.48531415,0.37136138,-1.36317571,0.29993032,-0.25798993,0.25635723,-0.00239951,0.18271608,0.20593189,0.12334168,0.36550183,1.11561826,0.25927954,0.22102392,0.20558215,0.41797964,1.10666057,0.16388327,0.18171971,0.24470345,1.11561826,1.37213847,1.58561080,1.76328425,0.25927954,0.47853866,0.65714816,0.22102392,0.40639767,0.20558215,1.42450876,0.39845595,0.26088446,0.28045322,0.39066090
583,0.07422434,0.45109617,0.43479832,0.42904421,0.47040062,0.34058868,-1.33012905,0.27560034,-0.25883175,0.23299622,-0.00242653,0.16048586,0.20344274,0.10706775,0.35288126,1.07583021,0.26437280,0.22040149,0.24112366,0.54751519,1.21842283,0.16521571,0.18823910,0.25045995,1.07583021,1.33767923,1.55168731,1.73178187,0.26437280,0.48288493,0.68588246,0.22040149,0.43255867,0.24112366,1.39607766,0.41803670,0.26683328,0.27754008,0.37779903
584,0.07332603,0.44718012,0.42869462,0.42746909,0.47128608,0.34254938,-1.36994988,0.27523387,-0.25727141,0.22906357,0.00804043,0.15886262,0.21791594,0.10642076,0.36973212,1.11654380,0.27608470,0.22330347,0.24438492,0.53976188,1.21769977,0.16282566,0.18475705,0.24626686,1.11654380,1.38827188,1.60590998,1.78801564,0.27608470,0.49755522,0.70509811,0.22330347,0.43778663,0.24438492,1.43428103,0.42069708,0.26173128,0.28644050,0.39459655
585,0.06470177,0.46402509,0.44846284,0.44062072,0.48038708,0.35048243,-1.39757537,0.28126597,-0.27257800,0.24078918,-0.00158857,0.17240880,0.21233711,0.11544639,0.37509123,1.13109074,0.27641523,0.22489232,0.23120155,0.46417283,1.18070888,0.16093091,0.18100822,0.24220391,1.13109074,1.40641635,1.62601475,1.81264875,0.27641523,0.49931295,0.69846434,0.22489232,0.43017910,0.23120155,1.45656490,0.40927564,0.25445073,0.28247130,0.40123136
586,0.05423574,0.47098162,0.47032006,0.45961255,0.49200385,0.36136629,-1.43548160,0.29411304,-0.27715990,0.25501717,-0.01811126,0.19204131,0.20204730,0.13494994,0.37733897,1.16870916,0.26198257,0.22903243,0.21473129,0.38896788,1.12389161,0.16112474,0.17819133,0.24023599,1.16870916,1.42829205,1.65187784,1.84342317,0.26198257,0.48997410,0.68187102,0.22903243,0.42655910,0.21473129,1.48918801,0.40475892,0.25661700,0.28002180,0.40934569
587,0.04925224,0.47667834,0.47533164,0.46727098,0.49678321,0.36605325,-1.50537725,0.29987276,-0.30111756,0.26572450,-0.03393254,0.20310098,0.19347568,0.14001995,0.38011024,1.21590631,0.26986099,0.23629744,0.22041310,0.34596566,1.09211917,0.15968112,0.17334011,0.23567956,1.21590631,1.48128766,1.71112581,1.91198104,0.26986099,0.50490048,0.70305021,0.23629744,0.44091486,0.22041310,1.55503598,0.42544509,0.26790838,0.28069787,0.41461958
588,0.04081376,0.46672367,0.48216799,0.47740568,0.49789261,0.37855904,-1.56957833,0.30564453,-0.31582033,0.27544067,-0.05337850,0.21967936,0.18173873,0.15180372,0.39678284,1.26874005,0.27031884,0.24427817,0.23362232,0.27042957,0.97588541,0.15938698,0.16785299,0.23147103,1.26874005,1.52466392,1.76066437,1.98492894,0.27031884,0.51344543,0.72972466,0.24427817,0.46751349,0.23362232,1.61579737,0.45496651,0.28697347,0.28616092,0.43336003
589,0.04253622,0.47738151,0.48083624,0.47352428,0.49738996,0.34796105,-1.55653428,0.29859400,-0.33013676,0.26882297,-0.05339701,0.21524493,0.17177251,0.15692629,0.37395741,1.23934526,0.28230662,0.23368385,0.22045291,0.26488328,1.00980686,0.15798345,0.17140799,0.23310828,1.23934526,1.51036277,1.73585343,1.94635071,0.28230662,0.51493634,0.71833455,0.23368385,0.44303182,0.22045291,1.59663220,0.45591117,0.27884232,0.27604884,0.41433554
590,0.03776549,0.46837120,0.48872908,0.48234788,0.49811920,0.33034193,-1.56897282,0.29436292,-0.33554937,0.27231318,-0.07175456,0.22601950,0.16104830,0.16428033,0.37388917,1.24802044,0.27549086,0.24137295,0.22494108,0.22537274,0.92841550,0.15764923,0.17153292,0.23297386,1.24802044,1.50241808,1.73444915,1.95278748,0.27549086,0.51547016,0.72586488,0.24137295,0.45858188,0.22494108,1.60356303,0.47489948,0.29439877,0.28068865,0.41625674
591,0.03712657,0.47195724,0.48688083,0.48265996,0.50191469,0.30462259,-1.55482977,0.28556109,-0.34536317,0.26686799,-0.07724220,0.21942003,0.14754528,0.16063059,0.35612526,1.22359040,0.27690668,0.23342977,0.22121395,0.25138340,0.97600097,0.15807886,0.17462151,0.23554532,1.22359040,1.48275400,1.70621856,1.92017949,0.27690668,0.50890998,0.71535333,0.23342977,0.44620992,0.22121395,1.58462385,0.47488595,0.29219736,0.26894987,0.40173486
592,0.03352414,0.45552415,0.48598901,0.48523509,0.50070927,0.31473079,-1.54958283,0.29754356,-0.33477487,0.28081756,-0.08736541,0.23605649,0.14429465,0.17220566,0.36550006,1.22967832,0.26175100,0.24026243,0.23295371,0.22200217,0.93687735,0.15964498,0.17437004,0.23641369,1.22967832,1.46645261,1.69679098,1.92278789,0.26175100,0.49996641,0.71754296,0.24026243,0.46581221,0.23295371,1.58124278,0.48335798,0.30997265,0.28161979,0.41352347
593,0.03317923,0.46061586,0.48570476,0.48841012,0.50178817,0.32956834,-1.60904865,0.29977262,-0.35677333,0.28144332,-0.09654780,0.23368829,0.13463662,0.16880032,0.37498854,1.26625748,0.27176106,0.23991199,0.25254709,0.20622769,0.93720135,0.15989520,0.17027722,0.23358255,1.26625748,1.51719486,1.74757829,1.99350884,0.27176106,0.50990261,0.74731820,0.23991199,0.48480417,0.25254709,1.64256201,0.49480529,0.31091877,0.27383630,0.42093264
594,0.03246713,0.46129413,0.48527306,0.48663479,0.50049875,0.33758120,-1.62761605,0.31261477,-0.36883788,0.29006470,-0.10680172,0.24354887,0.12972504,0.17064976,0.37748662,1.27371723,0.27454031,0.24480752,0.26266497,0.23105556,0.97536159,0.16182791,0.16806281,0.23330962,1.27371723,1.52583250,1.76130555,2.01557613,0.27454031,0.51776520,0.76325863,0.24480752,0.49882074,0.26266497,1.66240399,0.51275159,0.32249511,0.28031019,0.42551082
595,0.03406001,0.46205292,0.48492194,0.48511095,0.50018826,0.33488885,-1.62404915,0.30970453,-0.35934561,0.28664551,-0.09872303,0.24061083,0.13902379,0.17168497,0.38486296,1.28020464,0.27214183,0.24645993,0.26012553,0.23834211,1.01644145,0.16331170,0.16912051,0.23510095,1.28020464,1.53096920,1.76724068,2.01947124,0.27214183,0.51740942,0.76021371,0.24645993,0.49707843,0.26012553,1.65840565,0.50462665,0.31836531,0.28259344,0.43338630
596,0.03131971,0.45636601,0.48376513,0.48343617,0.50071187,0.32780317,-1.60564654,0.31625816,-0.34533203,0.28779068,-0.09408302,0.23655714,0.14150554,0.16129179,0.37702834,1.27539079,0.26238446,0.24447151,0.25386199,0.29090300,1.07605445,0.16571595,0.17133929,0.23836722,1.27539079,1.51726046,1.75157863,1.99472675,0.26238446,0.50555478,0.74069595,0.24447151,0.48809664,0.25386199,1.63909993,0.49553746,0.31646446,0.28043236,0.42434460
597,0.03093795,0.45247034,0.48100480,0.48384191,0.50068127,0.33867046,-1.61129047,0.31885765,-0.35182721,0.29675945,-0.09486880,0.24619318,0.14195886,0.16645046,0.38051196,1.27628864,0.27156581,0.24565370,0.25670337,0.27508039,1.02780849,0.16546008,0.16994237,0.23718652,1.27628864,1.52178390,1.75747710,2.00349504,0.27156581,0.51483394,0.75178081,0.24565370,0.49301929,0.25670337,1.64665806,0.50872740,0.32647870,0.28971840,0.42904149
598,0.03148554,0.46270826,0.48432682,0.48684737,0.50507711,0.33884365,-1.63664905,0.31013485,-0.37023085,0.28955916,-0.10127853,0.23723472,0.13329414,0.16689408,0.37093884,1.28294737,0.28026867,0.24414268,0.25340396,0.25678737,1.02113781,0.16445708,0.16859725,0.23552317,1.28294737,1.54141502,1.77485672,2.01959352,0.28026867,0.52251533,0.75778259,0.24414268,0.48798957,0.25340396,1.67159131,0.51379068,0.32239662,0.27786989,0.42112603
599,0.03169026,0.46368516,0.48593267,0.48637101,0.50184504,0.34252721,-1.61839435,0.30351135,-0.37831313,0.28723013,-0.10181648,0.23950441,0.13497067,0.17247506,0.37587999,1.25831027,0.29006969,0.24534588,0.25515420,0.26364041,1.01064683,0.16373071,0.16812065,0.23467488,1.25831027,1.52261421,1.75823963,2.00581844,0.29006969,0.53314225,0.76949980,0.24534588,0.49134757,0.25515420,1.65442224,0.51930282,0.32054338,0.28064349,0.42721274
600,0.03188588,0.44720220,0.47989266,0.48557353,0.49591410,0.35876992,-1.61434883,0.30501792,-0.36832562,0.29288339,-0.09749090,0.25354094,0.14425030,0.19038729,0.39359205,1.26525777,0.28998607,0.25022286,0.25969310,0.24879871,0.94666224,0.16660234,0.16418400,0.23390752,1.26525777,1.52228092,1.76273056,2.01721454,0.28998607,0.53772505,0.77953176,0.25022286,0.50190284,0.25969310,1.65373565,0.52278803,0.32712399,0.29723003,0.44696838
601,0.03784300,0.43941885,0.47986213,0.48544606,0.48372799,0.35603982,-1.60251181,0.29803604,-0.37933610,0.29183944,-0.11107542,0.25287622,0.13593736,0.19551862,0.40534610,1.24234818,0.29095886,0.25704989,0.27613664,0.21055374,0.83742289,0.16935555,0.15477252,0.22942501,1.24234818,1.49596844,1.74191191,2.01507174,0.29095886,0.54509704,0.80591005,0.25704989,0.52684823,0.27613664,1.64159280,0.52768026,0.32829542,0.29012980,0.45419751
602,0.04227228,0.44321002,0.48029562,0.48358310,0.48380741,0.35022672,-1.55604594,0.27981120,-0.39476589,0.27171276,-0.11998818,0.23340876,0.13105233,0.17731791,0.40262717,1.18042015,0.29771846,0.26183333,0.27772655,0.16973766,0.78640297,0.17273582,0.14797733,0.22745319,1.18042015,1.44073218,1.69127519,1.96663509,0.29771846,0.55709654,0.82027771,0.26183333,0.53328351,0.27772655,1.59497580,0.52466647,0.30993565,0.26882362,0.44175791
603,0.04668719,0.45177700,0.48548417,0.47263833,0.46985941,0.34294055,-1.55127863,0.26927178,-0.42451864,0.25814323,-0.14887364,0.23450316,0.11809302,0.18514749,0.37826802,1.14423331,0.29778298,0.27919081,0.26493292,0.15009789,0.75052613,0.17690100,0.13704890,0.22377748,1.14423331,1.40685951,1.67289808,1.93598966,0.29778298,0.57607555,0.82754130,0.27919081,0.53679656,0.26493292,1.58877698,0.53988498,0.30980911,0.26264090,0.42139573
604,0.05066553,0.44782587,0.48153082,0.46401908,0.45951457,0.34812687,-1.55974685,0.27721352,-0.43973983,0.25808833,-0.16159389,0.23327033,0.10760900,0.18152512,0.37756904,1.13728459,0.30113245,0.28193734,0.27513218,0.13839455,0.74826305,0.17413425,0.13114516,0.21799493,1.13728459,1.40282262,1.67133414,1.94446775,0.30113245,0.58231027,0.84275777,0.28193734,0.54881481,0.27513218,1.59813561,0.54958926,0.31128266,0.25735582,0.41895345
605,0.05086797,0.44687211,0.48061472,0.46092862,0.45256968,0.34754694,-1.53304769,0.27178013,-0.43929996,0.24702962,-0.15811315,0.22464228,0.11886771,0.17637206,0.38057248,1.11298253,0.30499932,0.29089060,0.26629887,0.12190775,0.74342065,0.17707267,0.12504803,0.21677579,1.11298253,1.38070060,1.65651110,1.92126080,0.30499932,0.59530619,0.84738581,0.29089060,0.54862139,0.26629887,1.57201363,0.54616963,0.29974244,0.25530117,0.41970230
606,0.05246337,0.45139113,0.48427499,0.46076379,0.44914773,0.33563175,-1.52496133,0.26235269,-0.44757076,0.23780356,-0.15729429,0.21817598,0.12557143,0.17253719,0.38486380,1.09741205,0.31161561,0.29734651,0.26336265,0.11028912,0.74304651,0.17937504,0.12374107,0.21791571,1.09741205,1.37377735,1.65471366,1.91677734,0.31161561,0.60869857,0.85933674,0.29734651,0.55232443,0.26336265,1.56163508,0.54655209,0.29163732,0.25330814,0.42231920
607,0.05776380,0.45538466,0.48711499,0.45823297,0.44737226,0.33533464,-1.51937843,0.26686662,-0.45040093,0.24114395,-0.15649068,0.21836265,0.12988746,0.17284289,0.38721472,1.09003708,0.31569551,0.30294139,0.26134901,0.11444407,0.77292952,0.18010926,0.12245969,0.21779743,1.09003708,1.36907428,1.65342162,1.91350694,0.31569551,0.61850346,0.86738512,0.30294139,0.55571460,0.26134901,1.55613425,0.55282172,0.29478177,0.25594413,0.42490888
608,0.05841800,0.46335672,0.48317983,0.45416194,0.44614177,0.33501938,-1.50913689,0.27901807,-0.43950571,0.24502802,-0.14853363,0.21607468,0.13388705,0.17127033,0.38693372,1.09016018,0.31230914,0.29942372,0.25713432,0.12255393,0.82001988,0.18029718,0.12369153,0.21864736,1.09016018,1.36686323,1.64732380,1.90314696,0.31230914,0.61164805,0.85584397,0.29942372,0.54737318,0.25713432,1.54632448,0.54633805,0.29224370,0.25696809,0.42412557
609,0.05645031,0.47509939,0.47580791,0.44931615,0.44469835,0.32685101,-1.50660209,0.27690113,-0.43511186,0.24181680,-0.14794605,0.21148501,0.13806516,0.17129982,0.38854639,1.08881429,0.30448908,0.29979374,0.25435445,0.11568989,0.84588687,0.17975348,0.12534129,0.21913866,1.08881429,1.36441500,1.64872487,1.90169653,0.30448908,0.60419202,0.84588164,0.29979374,0.54513274,0.25435445,1.54281398,0.53114304,0.28528304,0.25798106,0.42600200
610,0.05545084,0.47483220,0.46573312,0.44395163,0.44201030,0.31543156,-1.48872249,0.27041919,-0.42250511,0.23608515,-0.14031012,0.20526588,0.14632497,0.16633358,0.39434143,1.08014988,0.29456586,0.29786113,0.25248071,0.10575754,0.87086218,0.18032669,0.12833639,0.22133220,1.08014988,1.35372604,1.63882216,1.88941729,0.29456586,0.59240476,0.83292702,0.29786113,0.54132395,0.25248071,1.52394325,0.50889520,0.27476364,0.26068773,0.42981629
611,0.05502712,0.46897650,0.47060544,0.44903204,0.44602274,0.30736678,-1.47623837,0.26546909,-0.42013245,0.23059469,-0.14070182,0.20111951,0.14375536,0.16228376,0.39153771,1.07158952,0.29488634,0.29651865,0.25176398,0.11356210,0.86397976,0.18353765,0.12674461,0.22304767,1.07158952,1.34070402,1.62350957,1.87368705,0.29488634,0.59129008,0.83076826,0.29651865,0.53956352,0.25176398,1.50915254,0.51012211,0.27153152,0.25238118,0.42481995
612,0.05583463,0.46425092,0.48013896,0.45442162,0.44712041,0.29311291,-1.47811546,0.25996144,-0.43672081,0.22329024,-0.15591189,0.20095451,0.12864877,0.15928692,0.38164935,1.05905862,0.29885718,0.29795890,0.25688571,0.11552043,0.86100923,0.18573707,0.12664033,0.22480221,1.05905862,1.32739697,1.60942900,1.86473363,0.29885718,0.59654879,0.84094786,0.29795890,0.54584296,0.25688571,1.50774489,0.52695690,0.27582375,0.24223211,0.41437912
613,0.05501196,0.46231302,0.48902949,0.46022269,0.45165706,0.28955076,-1.51237233,0.25656550,-0.46204744,0.22196536,-0.17717299,0.20913349,0.11013550,0.17230898,0.37202062,1.06888956,0.30349872,0.30252334,0.26457416,0.09138554,0.82821345,0.18449198,0.12504176,0.22287380,1.06888956,1.34040794,1.62450213,1.88806671,0.30349872,0.60560674,0.85846923,0.30252334,0.55812098,0.26457416,1.54023127,0.55245369,0.29071750,0.23848395,0.41069087
614,0.05439971,0.46164645,0.50383591,0.46562341,0.45566748,0.28418849,-1.53326097,0.24813207,-0.48824632,0.22023320,-0.20447544,0.21020085,0.08902930,0.17602213,0.36157927,1.06453310,0.30384163,0.30888552,0.27470110,0.07314840,0.80802358,0.18569949,0.12322574,0.22286517,1.06453310,1.33369246,1.62397688,1.89792611,0.30384163,0.61234058,0.87548939,0.30888552,0.57530077,0.27470110,1.55964618,0.57364730,0.30761524,0.23024670,0.40305678
615,0.05359231,0.46114575,0.50766374,0.46407248,0.45292852,0.28554731,-1.54043338,0.24693410,-0.50786548,0.22058555,-0.22956686,0.20860967,0.06708868,0.17611165,0.34729306,1.05185521,0.29799795,0.31300269,0.28208324,0.06959098,0.78896330,0.18700038,0.12151945,0.22301596,1.05185521,1.31580239,1.60937189,1.89090599,0.29799795,0.61072605,0.88175608,0.31300269,0.58709802,0.28208324,1.56695017,0.58900978,0.32477342,0.22189885,0.39101038
616,0.05320440,0.46011814,0.51137684,0.46779381,0.45423053,0.28534749,-1.56155403,0.25630420,-0.53464325,0.22765430,-0.24357776,0.21412160,0.05921926,0.17831954,0.33609716,1.04638086,0.31098537,0.32071777,0.27923149,0.07009483,0.78282824,0.18485201,0.11987401,0.22031805,1.04638086,1.32251997,1.62237996,1.90074240,0.31098537,0.63148767,0.90045140,0.32071777,0.59208574,0.27923149,1.58758333,0.61831162,0.34061498,0.22491691,0.38260183
617,0.05389445,0.45960551,0.51185839,0.46765594,0.45492140,0.27452675,-1.56466330,0.24178736,-0.54253623,0.22283461,-0.24419037,0.20999802,0.06042548,0.17546753,0.34009218,1.04269022,0.31720058,0.32229040,0.28191991,0.05784543,0.77760051,0.18539230,0.11858196,0.22007268,1.04269022,1.32506801,1.62638487,1.90739367,0.31720058,0.63944931,0.91182465,0.32229040,0.59699562,0.28191991,1.58882298,0.61915164,0.33764710,0.22142617,0.38524658
618,0.05328425,0.46055395,0.50979023,0.46596447,0.45134704,0.27559852,-1.56487833,0.24231515,-0.54460399,0.22634067,-0.24649587,0.21723222,0.06041208,0.18240942,0.33296065,1.04140108,0.31599595,0.32410469,0.27491849,0.05192185,0.77761086,0.18521144,0.11792126,0.21956480,1.04140108,1.32327391,1.62633862,1.90015473,0.31599595,0.64005467,0.90587479,0.32410469,0.59200044,0.27491849,1.58935129,0.62007618,0.34133971,0.22841470,0.38239687
619,0.05266902,0.46336627,0.51015681,0.46630576,0.45217596,0.28234472,-1.56280714,0.24344220,-0.54610822,0.22739899,-0.24601023,0.21531142,0.05952016,0.18088119,0.33166643,1.03876685,0.31894706,0.32227919,0.27446501,0.03632275,0.78927449,0.18574608,0.11648426,0.21924915,1.03876685,1.32192827,1.62371176,1.89720690,0.31894706,0.64118025,0.90653089,0.32227919,0.59005886,0.27446501,1.58860337,0.62152657,0.34085849,0.22675770,0.38082220
620,0.05300221,0.46670053,0.50880538,0.46438491,0.44891636,0.28495362,-1.55034779,0.24156651,-0.54280228,0.22882698,-0.24524311,0.21533741,0.05950390,0.18140024,0.32440735,1.02847460,0.31504599,0.32059951,0.26723665,0.03876000,0.75137838,0.18635558,0.11685802,0.21996408,1.02847460,1.31006470,1.61135629,1.87763458,0.31504599,0.63561567,0.89449791,0.32059951,0.58175800,0.26723665,1.57700524,0.61407669,0.33950789,0.22811736,0.37581503
621,0.05202631,0.46656530,0.51008859,0.46716877,0.45097947,0.29382083,-1.55228904,0.25047945,-0.55212473,0.23033350,-0.25083305,0.21662069,0.05685314,0.17916344,0.32126144,1.01981720,0.31754973,0.32365309,0.26715616,0.04242506,0.73771066,0.18592098,0.11445152,0.21832490,1.01981720,1.30655086,1.61099627,1.87708690,0.31754973,0.64116660,0.90002384,0.32365309,0.58426927,0.26715616,1.58035220,0.62571317,0.34519158,0.22805007,0.37130729
622,0.05152045,0.47185787,0.50657437,0.46556923,0.44880656,0.30561829,-1.54805621,0.25632490,-0.55966946,0.23600263,-0.26198648,0.21661176,0.04588066,0.17821416,0.31035283,1.00825993,0.31390890,0.32420370,0.26736606,0.04256153,0.73203517,0.18628468,0.11344774,0.21811092,1.00825993,1.29148676,1.59642574,1.86281174,0.31390890,0.63810981,0.89732637,0.32420370,0.58526162,0.26736606,1.57855572,0.63329386,0.35631329,0.22667006,0.36232308
623,0.05284849,0.47224419,0.50481474,0.46468876,0.44725437,0.30817642,-1.53505378,0.25563966,-0.55819380,0.23783104,-0.26141767,0.21890567,0.04454992,0.18372127,0.30597645,0.99703962,0.31257592,0.32224974,0.26391458,0.04674804,0.73757728,0.18707302,0.11303192,0.21856928,0.99703962,1.27918851,1.58212768,1.84526861,0.31257592,0.63482540,0.89086601,0.32224974,0.58004809,0.26391458,1.56633523,0.63138016,0.35705517,0.22859752,0.36139069
624,0.05311070,0.47335091,0.50442213,0.46532543,0.44715978,0.31160911,-1.55347879,0.25671437,-0.56190194,0.23982016,-0.26688979,0.21831083,0.04001908,0.17724529,0.30641316,1.01150953,0.31210386,0.32308914,0.26971930,0.04543562,0.70814435,0.18620310,0.11043893,0.21649100,1.01150953,1.29184711,1.59624204,1.86481459,0.31210386,0.63515723,0.89662241,0.32308914,0.58681798,0.26971930,1.58502005,0.63539551,0.36202880,0.22761421,0.35908068
625,0.05283465,0.47511704,0.49934956,0.46437982,0.45182235,0.32290725,-1.55476203,0.25870532,-0.57721465,0.24175902,-0.27710393,0.22372091,0.03468452,0.19295174,0.31543539,0.99708611,0.31530226,0.32800706,0.28279001,0.04003046,0.68207917,0.18509610,0.10986400,0.21524559,0.99708611,1.28342301,1.59256855,1.87486129,0.31530226,0.64330794,0.91929960,0.32800706,0.60546774,0.28279001,1.58843518,0.64916556,0.37123231,0.23173503,0.37521569
626,0.05210849,0.48270727,0.50452150,0.47104708,0.46322136,0.32907273,-1.56520258,0.26333638,-0.56792071,0.23960076,-0.26692761,0.22067894,0.04767752,0.19405450,0.33809566,1.01603991,0.31587030,0.32960291,0.29172684,0.03981559,0.70445644,0.18434397,0.10873333,0.21402251,1.01603991,1.30446749,1.61653092,1.90813021,0.31587030,0.64544752,0.92967514,0.32960291,0.61553926,0.29172684,1.60000474,0.64139474,0.36173818,0.23115425,0.39395542
627,0.05285872,0.49081679,0.49849021,0.46729972,0.46368424,0.32347164,-1.55292379,0.26705283,-0.55708306,0.24215454,-0.26731562,0.22177696,0.04505440,0.20021037,0.34280500,1.01124118,0.30330671,0.32604065,0.29854108,0.02698191,0.67228653,0.18462669,0.10854730,0.21417174,1.01124118,1.29068600,1.60124683,1.89977793,0.30330671,0.62931526,0.92009604,0.32604065,0.61869262,0.29854108,1.58690323,0.62955701,0.36239213,0.23315144,0.40128619
628,0.05486630,0.48900204,0.49459235,0.46790761,0.46656965,0.32210657,-1.56939483,0.26631803,-0.58244336,0.24654833,-0.28753236,0.22600767,0.02711182,0.20164957,0.33172840,1.00214991,0.30832600,0.32830550,0.30565498,0.02255196,0.65852418,0.18361790,0.10547590,0.21175623,1.00214991,1.28638915,1.59946222,1.90504995,0.30832600,0.63662806,0.93505233,0.32830550,0.62854118,0.30565498,1.60261488,0.65241319,0.38053137,0.23412971,0.39299526
629,0.05511590,0.49049673,0.49275223,0.46917228,0.46993210,0.33168401,-1.57564793,0.27734287,-0.59388276,0.25224148,-0.30376058,0.23034236,0.01217164,0.20587634,0.32197994,0.99671872,0.30180396,0.33181009,0.31083580,0.01957878,0.66251701,0.18306986,0.10230411,0.20971577,0.99671872,1.27712601,1.59112200,1.90191358,0.30180396,0.63348311,0.93700128,0.33181009,0.63622636,0.31083580,1.61059383,0.66758435,0.39767494,0.23636401,0.38652674
630,0.05600731,0.49395246,0.48969529,0.46745906,0.46721679,0.32861161,-1.61425513,0.27139091,-0.59148502,0.24866672,-0.29913308,0.22680582,0.01979403,0.20099171,0.32162539,1.03554503,0.30332398,0.33415612,0.30293437,0.00781135,0.67462328,0.18165443,0.10276378,0.20870727,1.03554503,1.31963405,1.63738133,1.94021099,0.30332398,0.63736622,0.93221269,0.33415612,0.63001569,0.30293437,1.64769815,0.66147538,0.39113904,0.23454710,0.38331000
631,0.05725339,0.49770139,0.48969777,0.46774547,0.46767199,0.33053614,-1.61062704,0.26929996,-0.59262761,0.24935937,-0.30344554,0.22641894,0.01533014,0.20603632,0.31325045,1.03124028,0.29894105,0.33509459,0.29861681,0.00414037,0.70936418,0.18419801,0.10358433,0.21132587,1.03124028,1.31213030,1.62942121,1.92801711,0.29894105,0.63376656,0.92460782,0.33509459,0.62640059,0.29861681,1.64468631,0.66062519,0.39474857,0.23502675,0.37992073
632,0.05782465,0.48627495,0.49084101,0.46977872,0.46881984,0.33743598,-1.61671285,0.26663366,-0.60921535,0.24983815,-0.30816843,0.22762215,0.01390462,0.20555325,0.31370053,1.02361637,0.31109014,0.34219344,0.30062966,0.01423205,0.72807632,0.18476876,0.10337216,0.21171986,1.02361637,1.31455248,1.63448036,1.93510449,0.31109014,0.65262262,0.94500469,0.34219344,0.63435257,0.30062966,1.65181522,0.67897723,0.40129583,0.23413027,0.37931006
633,0.05758007,0.48713647,0.49468515,0.46907684,0.46790748,0.33507232,-1.59471536,0.27159809,-0.59222906,0.24925057,-0.29016030,0.22231910,0.03039442,0.20028576,0.32754316,1.01860007,0.31283127,0.34031025,0.29797557,0.01861427,0.73466704,0.18659131,0.10515915,0.21418395,1.01860007,1.31051822,1.62914346,1.92711432,0.31283127,0.65261698,0.94226629,0.34031025,0.62997031,0.29797557,1.62987655,0.66551088,0.38680521,0.23070060,0.38801293
634,0.05418537,0.49228574,0.48574496,0.45704808,0.45390316,0.33555814,-1.55201737,0.27623491,-0.57515447,0.25476637,-0.28193894,0.22330519,0.03535359,0.20188565,0.31691870,0.99505902,0.30411081,0.33718404,0.28241690,0.01963089,0.82140300,0.18852813,0.11020601,0.21837632,0.99505902,1.27673699,1.59135295,1.87371257,0.30411081,0.64082368,0.91363847,0.33718404,0.61029325,0.28241690,1.58903318,0.64911144,0.38225963,0.23612552,0.38108262
635,0.05372271,0.48277218,0.47064674,0.43926096,0.43710170,0.32220360,-1.58739870,0.28068154,-0.57614308,0.25746826,-0.28731328,0.22814428,0.03539306,0.20500405,0.29946729,1.02835002,0.29724722,0.34290282,0.26557640,0.00346412,0.93594858,0.18807473,0.11816128,0.22211301,1.02835002,1.30683312,1.62551933,1.89060509,0.29724722,0.63920748,0.89374118,0.34290282,0.59689911,0.26557640,1.62280221,0.64621185,0.38615227,0.24988309,0.37151402
636,0.04944893,0.48950309,0.48211944,0.44561689,0.43781871,0.31977326,-1.57890719,0.27341037,-0.56845173,0.24423619,-0.27472422,0.21455898,0.03528037,0.19022709,0.28989778,1.02740992,0.30387667,0.33184772,0.25645035,-0.00304884,0.98509536,0.19218983,0.12164813,0.22745373,1.02740992,1.31080850,1.61762733,1.87332644,0.30387667,0.63471517,0.87863399,0.33184772,0.57527609,0.25645035,1.61290970,0.63878728,0.36870261,0.23384626,0.35324278
637,0.05421516,0.50192200,0.48815704,0.45035197,0.44217836,0.30838232,-1.54580888,0.26347025,-0.54218572,0.23136970,-0.24733956,0.20856369,0.05015405,0.18223934,0.30287973,1.02640995,0.30855066,0.31995103,0.25505742,0.02267942,1.08744085,0.19560200,0.12722450,0.23333713,1.02640995,1.30676780,1.59911103,1.85326159,0.30855066,0.62779303,0.86751216,0.31995103,0.56024299,0.25505742,1.57809622,0.61761718,0.34226193,0.22448772,0.35621000
638,0.05377519,0.48184995,0.48649984,0.45008203,0.45127933,0.29755618,-1.53805611,0.25395376,-0.50347643,0.21545248,-0.22530868,0.20661200,0.05629190,0.16390151,0.30163893,1.05630750,0.29074684,0.30395918,0.25195714,0.01946479,1.25586539,0.20321798,0.13905694,0.24624049,1.05630750,1.32205084,1.59705549,1.84543908,0.29074684,0.59283764,0.82411671,0.30395918,0.53486581,0.25195714,1.56807911,0.58100875,0.31837381,0.21977655,0.34347489
639,0.04141661,0.48502610,0.51010218,0.46449598,0.47034039,0.31317339,-1.44467862,0.25606714,-0.47047628,0.21087788,-0.21242893,0.19747009,0.06667254,0.14244520,0.33592350,0.99795223,0.27106077,0.29695519,0.27688540,0.07199258,1.41396241,0.21038450,0.12975100,0.24717799,0.99795223,1.24429432,1.51626585,1.79023380,0.27106077,0.56648277,0.82569740,0.29695519,0.55662096,0.27688540,1.47849681,0.56535158,0.31932998,0.20869757,0.36758222
640,0.01702222,0.48947564,0.53305136,0.48321235,0.48128812,0.36371678,-1.49431807,0.23113379,-0.49338994,0.19322306,-0.20306335,0.18736189,0.07435968,0.14304155,0.33303084,1.03008855,0.30588340,0.29349970,0.26593234,-0.00228793,1.55064531,0.20144053,0.10167051,0.22564392,1.03008855,1.30757688,1.57868542,1.84169879,0.30588340,0.59847261,0.84301259,0.29349970,0.54100791,0.26593234,1.53794672,0.58249214,0.30392641,0.20275956,0.36819881
641,0.01864456,0.47388250,0.52560272,0.53551893,0.53162044,0.36554007,-1.56060351,0.24276678,-0.57976470,0.20332369,-0.26641639,0.20230164,0.03663449,0.13327376,0.37455458,1.01295682,0.32957347,0.31556736,0.34689222,-0.04979962,1.32528753,0.19918692,0.09523040,0.22078101,1.01295682,1.31048852,1.60603334,1.95053675,0.32957347,0.64403565,0.97147114,0.31556736,0.64678921,0.34689222,1.60322879,0.67885786,0.37235923,0.21860148,0.41287893
642,0.02076660,0.42468573,0.44636249,0.45359402,0.46818339,0.32029344,-1.55452229,0.24483836,-0.56720516,0.23228040,-0.29930776,0.22205152,-0.00825942,0.16863312,0.33832091,1.01012070,0.29422937,0.30539080,0.35626352,-0.02768459,1.23816606,0.19792582,0.07364670,0.21118349,1.01012070,1.26075043,1.54943770,1.89955608,0.29422937,0.59856602,0.92103497,0.30539080,0.64145579,0.35626352,1.59055902,0.68823847,0.42044746,0.23988512,0.40790300
643,0.03079355,0.40440530,0.44704510,0.44742969,0.43614668,0.34208586,-1.45789914,0.29082088,-0.46868108,0.23540211,-0.21301740,0.22358982,0.01738196,0.18632406,0.32641070,1.01143608,0.28830125,0.25047860,0.32017675,0.05071192,1.13731034,0.20625205,0.08846417,0.22442329,1.01143608,1.25222065,1.48010058,1.79212681,0.28830125,0.53723043,0.81470562,0.25047860,0.54212514,0.32017675,1.50198096,0.63793217,0.37486210,0.24627798,0.41534540
644,0.03151722,0.40036895,0.45635988,0.45781533,0.45233596,0.34603572,-1.44007764,0.28988236,-0.44618466,0.22803177,-0.20391183,0.21923378,0.02936603,0.18063350,0.35928073,1.01773574,0.28312512,0.25251902,0.34074498,0.02177385,1.14326072,0.20773922,0.08953113,0.22621097,1.01773574,1.24428771,1.47500726,1.80789372,0.28312512,0.53256131,0.82713437,0.25251902,0.56554791,0.34074498,1.48681812,0.63268430,0.37076903,0.24848542,0.44442059
645,0.02816348,0.41646707,0.48113760,0.56181930,0.45907575,0.32404084,-1.43046675,0.27130064,-0.39757740,0.21421753,-0.15927977,0.20401715,0.06683756,0.18181962,0.39641438,1.04810290,0.26631834,0.23968271,0.33681208,-0.00853719,1.01154185,0.21300556,0.09965185,0.23516347,1.04810290,1.27760858,1.50216525,1.83316294,0.26631834,0.50373699,0.80758996,0.23968271,0.55679050,0.33681208,1.47287804,0.56960247,0.33372159,0.24665526,0.47461610
646,0.02752771,0.41294323,0.47290681,0.53434891,0.46201332,0.32865252,-1.42988628,0.28262384,-0.39990591,0.22600137,-0.16089149,0.20737888,0.06863325,0.19337434,0.39086401,1.04535293,0.26910247,0.24582888,0.33031912,0.00223913,1.01873030,0.21161939,0.10048967,0.23426681,1.04535293,1.27468102,1.50360058,1.82639726,0.26910247,0.51341198,0.80549751,0.24582888,0.55291626,0.33031912,1.47368914,0.58013005,0.34265876,0.24690271,0.47423924
647,0.02980862,0.41649315,0.47568654,0.55319191,0.45047358,0.32805268,-1.41909864,0.27840162,-0.40566431,0.21972194,-0.16195683,0.19817807,0.08063449,0.17870440,0.40132486,1.03085157,0.27251789,0.25777015,0.32802596,0.02334194,0.93691938,0.21082667,0.10249688,0.23442162,1.03085157,1.26403589,1.50537487,1.82742469,0.27251789,0.52871348,0.82270266,0.25777015,0.56506845,0.32802596,1.46276910,0.58532883,0.34449871,0.24816051,0.47939980
648,0.03503098,0.40748953,0.46555913,0.53952259,0.47120754,0.33921807,-1.43048614,0.28781413,-0.37798306,0.21976732,-0.14060142,0.19501466,0.11819753,0.17873772,0.39884400,1.06884456,0.27860006,0.28374024,0.29094843,0.05050357,0.94692247,0.20922121,0.09656281,0.23042979,1.06884456,1.29636705,1.55668655,1.83639055,0.27860006,0.56007596,0.80216393,0.28374024,0.54238383,0.29094843,1.47962897,0.58779343,0.33942517,0.25041158,0.47209049
649,0.03356554,0.40383191,0.46653422,0.52990458,0.45388621,0.32986756,-1.42132152,0.26493149,-0.36594652,0.19556796,-0.11600782,0.18346134,0.16748625,0.17251091,0.43402214,1.07146055,0.28430586,0.30450645,0.27833764,0.02031828,0.82241595,0.21298982,0.10705901,0.23838267,1.07146055,1.31343260,1.59644264,1.86218245,0.28430586,0.58537917,0.81867844,0.30450645,0.55138819,0.27833764,1.46829023,0.56376276,0.31696902,0.27181495,0.50413205
650,0.03146750,0.39906849,0.45977376,0.51523289,0.43660219,0.32670280,-1.42018818,0.27264605,-0.35417947,0.20461849,-0.09027828,0.19204437,0.19129209,0.19522817,0.44969699,1.08083642,0.29620111,0.30142364,0.26921371,0.00712080,0.79550454,0.21295386,0.11150245,0.24037916,1.08083642,1.33659298,1.61795996,1.87463783,0.29620111,0.59473604,0.82094217,0.30142364,0.54096875,0.26921371,1.46698302,0.56065832,0.31542878,0.29467588,0.52615253
651,0.03437561,0.39868592,0.46306145,0.51313431,0.43399605,0.32692056,-1.40980562,0.25914289,-0.36131073,0.18913717,-0.09619492,0.17975797,0.19767256,0.17358659,0.45316646,1.06384216,0.29725718,0.31588959,0.26806014,0.02649853,0.77024200,0.21475076,0.11360683,0.24294938,1.06384216,1.32184118,1.61544784,1.86935260,0.29725718,0.60974862,0.83247492,0.31588959,0.55067095,0.26806014,1.45789509,0.56153462,0.31159502,0.28997198,0.52245153
652,0.03320484,0.39719592,0.47068411,0.52018495,0.44562304,0.33863368,-1.39791436,0.27440318,-0.35653024,0.20395104,-0.09998544,0.18799537,0.18577320,0.16807606,0.45626173,1.05531436,0.29452040,0.30986711,0.28250594,0.03190435,0.79673363,0.21475462,0.10987014,0.24122810,1.05531436,1.30529099,1.59319861,1.86201987,0.29452040,0.60136427,0.83636889,0.30986711,0.55881592,0.28250594,1.45013965,0.56570631,0.31386109,0.28182574,0.51740948
653,0.03368248,0.39888253,0.47720185,0.52893660,0.48387612,0.34893968,-1.38805228,0.25911063,-0.35508077,0.19226179,-0.11336716,0.18880602,0.16518940,0.16802277,0.43668241,1.04782006,0.28345911,0.30539816,0.28455260,0.03857470,0.85005008,0.21646044,0.10295417,0.23969707,1.04782006,1.28441816,1.56508029,1.83383248,0.28345911,0.58464484,0.81589173,0.30539816,0.55222178,0.28455260,1.44325150,0.55382618,0.30290856,0.26320542,0.49523469
654,0.03781996,0.38673199,0.48275651,0.51822105,0.48956318,0.33421053,-1.35990980,0.27548306,-0.33307811,0.20341351,-0.12259258,0.18471177,0.14754782,0.15916187,0.42240243,1.03947634,0.26303588,0.30310112,0.28906074,0.06858211,0.87576238,0.21941709,0.10282112,0.24231394,1.03947634,1.24425372,1.52007571,1.79133717,0.26303588,0.56186506,0.78781664,0.30310112,0.54910636,0.28906074,1.41267447,0.54784246,0.30810999,0.24392810,0.47438132
655,0.04004012,0.39621418,0.49222168,0.51077341,0.48605462,0.33516983,-1.37362713,0.26906411,-0.34261284,0.19886332,-0.13426767,0.17960676,0.14141563,0.15318566,0.41805320,1.04241471,0.25556966,0.30564480,0.29163727,0.09099143,0.87486644,0.21717793,0.10349235,0.24057623,1.04241471,1.24686150,1.52789178,1.80121220,0.25556966,0.55708113,0.78852045,0.30564480,0.55580312,0.29163727,1.42501248,0.53829960,0.30353492,0.23520041,0.46788168
656,0.03434942,0.38219971,0.46134472,0.52364307,0.47264226,0.33464726,-1.36198969,0.27782889,-0.31748589,0.19906241,-0.10553010,0.18425353,0.17543841,0.16507973,0.44534188,1.05512606,0.25270469,0.30371204,0.28117499,0.04883426,0.76442503,0.22030225,0.11253916,0.24738258,1.05512606,1.26400678,1.54733269,1.81531269,0.25270469,0.55076823,0.78571138,0.30371204,0.55322000,0.28117499,1.41284854,0.52282516,0.29861166,0.26718718,0.50056336
657,0.03390637,0.39275720,0.47951233,0.52565358,0.44813907,0.34511613,-1.36485840,0.27764084,-0.31255623,0.20611612,-0.10461428,0.18071533,0.17423555,0.14923369,0.45869878,1.06211330,0.24306214,0.30184564,0.29739923,0.05994651,0.76148815,0.21988387,0.11541562,0.24833382,1.06211330,1.26810787,1.55040823,1.83406593,0.24306214,0.54142444,0.79351560,0.30184564,0.56707492,0.29739923,1.41713940,0.50853920,0.29668232,0.26150131,0.50638250
658,0.03282872,0.41032490,0.48590330,0.52514001,0.46055643,0.33808500,-1.36589681,0.26478517,-0.32325639,0.20431099,-0.10255980,0.18000461,0.17147718,0.15043632,0.44008137,1.05171755,0.24963081,0.29425512,0.28401649,0.04977792,0.77036831,0.22077474,0.11967094,0.25112272,1.05171755,1.27051397,1.54794780,1.81570075,0.24963081,0.54187488,0.78063210,0.29425512,0.54557314,0.28401649,1.41608620,0.50073622,0.28860758,0.25875862,0.49157204
659,0.03139187,0.40876691,0.48053935,0.52825297,0.46446180,0.32858275,-1.36488431,0.27279454,-0.32896377,0.21175603,-0.10565911,0.18895147,0.16405413,0.16750094,0.42570326,1.04434601,0.25293336,0.28905277,0.27554218,0.03838108,0.73558303,0.22060945,0.12081966,0.25152718,1.04434601,1.26476333,1.53755733,1.79781850,0.25293336,0.53984975,0.77131260,0.28905277,0.53349701,0.27554218,1.41344401,0.51324032,0.29873672,0.26298372,0.48617516
660,0.03447627,0.40489035,0.48203961,0.52373920,0.45086355,0.33015673,-1.34908590,0.26751307,-0.32347773,0.20431654,-0.10133475,0.17353157,0.17831847,0.14806360,0.45483554,1.03423044,0.24868390,0.29975880,0.28940362,0.04472775,0.69940359,0.22046580,0.12169915,0.25182505,1.03423044,1.25433841,1.53739527,1.81309200,0.24868390,0.54673005,0.79565631,0.29975880,0.55943814,0.28940362,1.39744217,0.50014545,0.29036673,0.26024559,0.50367965
661,0.03375180,0.41443761,0.48778726,0.51817601,0.47921585,0.33115583,-1.36803918,0.27421190,-0.31982477,0.21228316,-0.09779464,0.17599469,0.17098313,0.13815664,0.43501432,1.05701940,0.25071584,0.28902015,0.27929346,0.06437199,0.72675419,0.21867399,0.11961640,0.24925168,1.05701940,1.27604049,1.54863265,1.81337109,0.25071584,0.53845875,0.77567445,0.28902015,0.53821053,0.27929346,1.41463862,0.49776099,0.28696435,0.25425985,0.48027161
662,0.03415544,0.40039387,0.48175370,0.51665632,0.49917958,0.32889245,-1.34446720,0.29257612,-0.33635055,0.23496885,-0.12364531,0.19827297,0.15214626,0.16824197,0.43516085,1.01576558,0.24204069,0.29307658,0.29517940,0.05457656,0.69547693,0.22068419,0.12154511,0.25194191,1.01576558,1.22457533,1.50408622,1.78687167,0.24204069,0.53336123,0.78972613,0.29307658,0.56294553,0.29517940,1.39163854,0.51787457,0.31179115,0.25990027,0.48995931
663,0.03512665,0.40765971,0.48703877,0.51499957,0.50309164,0.31820360,-1.34320312,0.28563553,-0.32777593,0.22145889,-0.11350207,0.18496985,0.15510547,0.14753929,0.43525187,1.02289537,0.24424300,0.28618614,0.29233932,0.06480933,0.67978634,0.21975322,0.11893787,0.24987536,1.02289537,1.23367798,1.50588868,1.78662900,0.24424300,0.52854090,0.78392955,0.28618614,0.55397333,0.29233932,1.38741615,0.50584286,0.29609968,0.25097958,0.48142799
664,0.03962581,0.40849212,0.49425575,0.51297803,0.49768757,0.31105551,-1.30210197,0.27217856,-0.32216718,0.20410416,-0.10925875,0.16701582,0.16464961,0.13552105,0.43035355,0.98635867,0.24304403,0.29540912,0.27995316,0.08185797,0.76822772,0.22417430,0.11920448,0.25389727,0.98635867,1.19767025,1.47681538,1.74136583,0.24304403,0.53657727,0.77377168,0.29540912,0.54439290,0.27995316,1.34756419,0.49514393,0.28370259,0.24202008,0.47303833
665,0.03736669,0.40628957,0.47242154,0.51920034,0.45571760,0.30275401,-1.34548355,0.26083785,-0.31372246,0.20074041,-0.10350383,0.16728316,0.16558644,0.13227902,0.43599702,1.03944921,0.23163146,0.28378385,0.28140642,0.06168593,0.73740425,0.22405334,0.11944308,0.25390264,1.03944921,1.24688821,1.51768844,1.78984452,0.23163146,0.51395065,0.76603696,0.28378385,0.54401016,0.28140642,1.38474499,0.47521112,0.28099148,0.24974280,0.48064625
666,0.03892476,0.41843322,0.47625996,0.52865811,0.44354078,0.30418955,-1.37991564,0.27802779,-0.32912267,0.23510123,-0.10845656,0.20124717,0.14602497,0.15760610,0.40236778,1.05824574,0.23614410,0.26693103,0.27009088,0.04946394,0.69488671,0.22137788,0.12549741,0.25447547,1.05824574,1.27432819,1.52957898,1.78900625,0.23614410,0.50279815,0.74486219,0.26693103,0.51666914,0.27009088,1.41864689,0.49739184,0.31320672,0.26918534,0.46666135
667,0.03889538,0.41237798,0.47774976,0.53241972,0.44653541,0.29557802,-1.37292494,0.28814351,-0.34283547,0.25264672,-0.12436565,0.21993645,0.13710137,0.17671557,0.38570863,1.03802654,0.23365102,0.27268261,0.26137568,0.04214218,0.64640752,0.22162594,0.13013571,0.25700849,1.03802654,1.25042286,1.51201640,1.76338469,0.23365102,0.50598271,0.74101317,0.27268261,0.51569887,0.26137568,1.41040425,0.51689302,0.33596844,0.28277006,0.46135296
668,0.03678197,0.39412016,0.46799560,0.53150148,0.46974361,0.29685478,-1.32148689,0.30109463,-0.33217324,0.26583534,-0.12799567,0.22454067,0.14263548,0.19388163,0.38528883,0.99470499,0.21817974,0.28431540,0.25195092,0.05206652,0.64032925,0.22344125,0.12823532,0.25762432,0.99470499,1.19440701,1.46650134,1.70998191,0.21817974,0.50234679,0.73034419,0.28431540,0.51855804,0.25195092,1.36220113,0.51270643,0.34582370,0.28549657,0.46149855
669,0.03672298,0.39585140,0.45194674,0.53353097,0.46556523,0.28640962,-1.30863319,0.29558782,-0.36630195,0.26767079,-0.15682004,0.22749121,0.12895859,0.20700404,0.38404475,0.94727536,0.22345297,0.29700123,0.26248906,0.03542660,0.55851492,0.22314890,0.13234707,0.25944398,0.94727536,1.15220790,1.43955160,1.69458090,0.22345297,0.51990824,0.76025285,0.29700123,0.54438388,0.26248906,1.34836168,0.53277887,0.35717747,0.28248190,0.46652636
670,0.03818647,0.38272536,0.46985393,0.50928534,0.45710110,0.28942079,-1.29779600,0.31012198,-0.33360591,0.28256065,-0.13633286,0.23510855,0.13500191,0.20777505,0.38931537,0.97039541,0.22010866,0.28657922,0.25893163,0.03105412,0.52374592,0.22505504,0.13606308,0.26298846,0.97039541,1.16156700,1.43530594,1.68926863,0.22010866,0.50503231,0.74204597,0.28657922,0.53235668,0.25893163,1.33826951,0.52397853,0.35463808,0.28450753,0.45908015
671,0.03956913,0.38586992,0.48780271,0.51959745,0.45455816,0.28350050,-1.30326554,0.30611417,-0.30462772,0.27616479,-0.11274369,0.22400686,0.14409138,0.20292027,0.38123697,1.00464578,0.20947114,0.27360654,0.24328929,0.04394075,0.54263072,0.22469623,0.13717632,0.26325982,1.00464578,1.19089406,1.44943258,1.68642877,0.20947114,0.48245780,0.70179138,0.27360654,0.50019481,0.24328929,1.34091275,0.49692155,0.34201608,0.28074100,0.45363577
672,0.03901209,0.38702521,0.48930572,0.51582547,0.44243386,0.27852243,-1.28201945,0.30115925,-0.30314800,0.27553262,-0.11099270,0.22337406,0.14178328,0.20342152,0.37790668,0.98474933,0.20978220,0.26951803,0.24239573,0.02816392,0.51178028,0.22654134,0.14068482,0.26667058,0.98474933,1.17129411,1.42584710,1.66162509,0.20978220,0.47844718,0.69626657,0.26951803,0.49490367,0.24239573,1.31977816,0.49445510,0.34156122,0.27978099,0.45206308
673,0.04070399,0.38352918,0.47744233,0.51741544,0.41093648,0.27754225,-1.28388763,0.29991059,-0.31998255,0.28047196,-0.12440270,0.23156808,0.13325052,0.21210931,0.36114893,0.97009399,0.21309926,0.27165509,0.23199697,0.01178390,0.45519105,0.22570179,0.14569675,0.26864259,0.97009399,1.15975256,1.41863322,1.64635356,0.21309926,0.48328247,0.69622889,0.27165509,0.49138616,0.23199697,1.32162298,0.50630686,0.35108792,0.28520163,0.44117168
674,0.04012954,0.37903564,0.47845891,0.53005213,0.42493213,0.27116722,-1.28002959,0.29339542,-0.31922967,0.27626162,-0.11044185,0.23065720,0.14931830,0.20058059,0.37160557,0.96757867,0.22247815,0.27352338,0.22721707,0.00318458,0.45184736,0.22740756,0.15108392,0.27302115,0.96757867,1.17019178,1.43035696,1.65314309,0.22247815,0.49518554,0.70585910,0.27352338,0.48930149,0.22721707,1.31629569,0.50339620,0.34818257,0.29535877,0.44634012
675,0.03941742,0.37803280,0.47377005,0.52752741,0.40718008,0.26828336,-1.26837800,0.29485002,-0.31031040,0.27874236,-0.10095412,0.23399849,0.15094589,0.20846459,0.37149665,0.96495790,0.22052921,0.26463577,0.22508349,0.00630370,0.44891153,0.22722170,0.15170386,0.27321010,0.96495790,1.16832216,1.41992509,1.64102445,0.22052921,0.48445886,0.69421972,0.26463577,0.47863237,0.22508349,1.30359441,0.49489690,0.34733468,0.30063742,0.45173121
676,0.03895602,0.37308415,0.46451863,0.52337184,0.40455826,0.26940871,-1.26759706,0.29129719,-0.32084320,0.27761902,-0.11366959,0.23672132,0.14738992,0.21517114,0.37120657,0.95341895,0.21790679,0.27270331,0.22829878,0.00873630,0.45078108,0.22737321,0.15217272,0.27359663,0.95341895,1.15480448,1.41555387,1.63978259,0.21790679,0.48995385,0.70254400,0.27270331,0.48967502,0.22829878,1.30318216,0.49923225,0.35073590,0.30138133,0.45580878
677,0.03967972,0.37167419,0.46834571,0.51899544,0.37782814,0.27545193,-1.27691839,0.29476582,-0.31503816,0.28179712,-0.10907555,0.23910152,0.15090524,0.20577059,0.37497484,0.96859339,0.21720270,0.27177257,0.22917758,0.01506183,0.45672438,0.22716733,0.15301843,0.27389713,0.96859339,1.16870580,1.42845934,1.65340925,0.21720270,0.48813106,0.70283912,0.27177257,0.49102747,0.22917758,1.31323502,0.49717010,0.35137813,0.30435196,0.45239128
678,0.03876894,0.35949310,0.45739558,0.53037610,0.39365519,0.28096281,-1.27495978,0.29642769,-0.31331705,0.28980791,-0.10847419,0.24423191,0.15466531,0.21648655,0.36693977,0.96871217,0.21566976,0.27556108,0.21671143,0.01137757,0.45067093,0.22760370,0.15560320,0.27570963,0.96871217,1.16753279,1.43022694,1.64322797,0.21566976,0.48987551,0.69240435,0.27556108,0.48225326,0.21671143,1.31178977,0.49534573,0.35620571,0.30877642,0.44913612
679,0.03736404,0.35604850,0.45252880,0.53526773,0.36877724,0.28041202,-1.28491353,0.28803789,-0.30078207,0.28529015,-0.09918956,0.24418197,0.15389317,0.20717707,0.36223806,0.99083735,0.21130771,0.26417778,0.21355748,0.00691994,0.43076562,0.22646200,0.15950215,0.27699454,0.99083735,1.18685419,1.43931346,1.64886371,0.21130771,0.47408734,0.67509865,0.26417778,0.46928664,0.21355748,1.32074401,0.47877605,0.34804025,0.30863027,0.43955660
680,0.03888544,0.34162003,0.43107398,0.53269729,0.34419389,0.28682139,-1.28754823,0.29075936,-0.30240512,0.29063784,-0.08578453,0.25175283,0.16031097,0.21244891,0.34807917,0.99244401,0.22566878,0.25760706,0.19357584,-0.00289289,0.40804478,0.22538815,0.16431930,0.27892768,0.99244401,1.20311289,1.44830958,1.63740822,0.22566878,0.48187066,0.66320443,0.25760706,0.44262671,0.19357584,1.32520240,0.48684413,0.35440535,0.32105367,0.43253218
681,0.03967722,0.34987967,0.43328875,0.53997963,0.37422994,0.28076847,-1.29339442,0.28325222,-0.31162274,0.28650009,-0.08954882,0.24737055,0.15652574,0.21196653,0.35589912,0.98982931,0.23010522,0.25660176,0.20397231,-0.00632419,0.39997206,0.22583849,0.16508202,0.27974112,0.98982931,1.20565842,1.45031179,1.65098347,0.23010522,0.48498717,0.67828530,0.25660176,0.45313712,0.20397231,1.32868636,0.48624683,0.35151271,0.31698290,0.43925578
682,0.04139111,0.33447909,0.41593353,0.49946133,0.38489201,0.28606068,-1.28961235,0.28784766,-0.30003879,0.29120958,-0.06481052,0.25222080,0.18077317,0.21093831,0.35893107,0.99778483,0.24153705,0.25762568,0.18495656,-0.00740176,0.41045812,0.22552173,0.16760476,0.28098293,0.99778483,1.22698569,1.47078559,1.65058939,0.24153705,0.49735481,0.67013466,0.25762568,0.43310353,0.18495656,1.32578280,0.48044999,0.35156351,0.33221126,0.44127113
683,0.04105672,0.33100258,0.41252344,0.49981766,0.41065467,0.28865024,-1.30140930,0.28682880,-0.30085882,0.28871604,-0.07395962,0.24325648,0.17473323,0.19964920,0.36240567,1.00889990,0.23407854,0.26089820,0.19419935,-0.01033333,0.39127224,0.22374937,0.16923930,0.28054540,1.00889990,1.22956066,1.47685976,1.66649868,0.23407854,0.49290599,0.67605672,0.26089820,0.44716731,0.19419935,1.33834880,0.48436821,0.35406987,0.32520713,0.44045719
684,0.04680663,0.33742689,0.41807769,0.48343939,0.45473908,0.29511047,-1.34105011,0.29463156,-0.30164318,0.29006292,-0.06018891,0.24100361,0.18982451,0.17520427,0.38512901,1.04875380,0.24969951,0.26405098,0.20758114,-0.00422369,0.38610010,0.21970261,0.17348104,0.27993733,1.04875380,1.28313766,1.53184595,1.73062923,0.24969951,0.51191631,0.70539444,0.26405098,0.46204173,0.20758114,1.37904866,0.49922238,0.35956559,0.33494602,0.45209094
685,0.04780393,0.34558773,0.43060343,0.49404689,0.45012986,0.29165095,-1.35179227,0.28973864,-0.28221476,0.28106153,-0.04925332,0.23720379,0.19575415,0.16623420,0.39117180,1.07914789,0.24128807,0.25931471,0.20979094,-0.00904676,0.37649457,0.21921944,0.17453138,0.28021129,1.07914789,1.30510739,1.54852673,1.74785095,0.24128807,0.49943459,0.69291779,0.25931471,0.45733600,0.20979094,1.38803769,0.48231633,0.34874741,0.33302910,0.45269231
686,0.04417939,0.35489104,0.43697683,0.49389061,0.48396634,0.28960052,-1.34761382,0.28694308,-0.30994904,0.28203790,-0.06993649,0.23979373,0.17824993,0.18614431,0.37802026,1.04635236,0.24581490,0.26159945,0.21025084,-0.01516905,0.39442454,0.22000961,0.17118038,0.27875966,1.04635236,1.28030670,1.52671305,1.72940562,0.24581490,0.50589082,0.70064753,0.26159945,0.45932288,0.21025084,1.38311891,0.49027374,0.35053577,0.32387060,0.45166505
687,0.04161503,0.35359890,0.43508219,0.48216763,0.52705551,0.29528607,-1.34102637,0.29042544,-0.31257912,0.28139138,-0.06928832,0.23242628,0.18561300,0.17979650,0.39542045,1.03615831,0.24939332,0.27124258,0.22033170,-0.03439278,0.37830622,0.21800690,0.17316383,0.27841106,1.03615831,1.27385029,1.52794783,1.74063855,0.24939332,0.51884660,0.72233408,0.27124258,0.47710781,0.22033170,1.37899605,0.49599848,0.35144385,0.32077060,0.46360278
688,0.04147892,0.35235395,0.42465246,0.46394021,0.50572747,0.29854985,-1.34915359,0.29511336,-0.29686438,0.27904793,-0.05124860,0.22039986,0.20680563,0.16688504,0.40685242,1.05958168,0.25098816,0.27526802,0.21113622,-0.03325070,0.38220233,0.21762257,0.18069764,0.28286255,1.05958168,1.30021421,1.55792078,1.76139799,0.25098816,0.52426648,0.72018170,0.27526802,0.47289883,0.21113622,1.38722881,0.48591066,0.34578342,0.32588910,0.46901434
689,0.04751191,0.34906035,0.40802829,0.45151456,0.50033308,0.31575202,-1.36837348,0.30015965,-0.29152225,0.27873093,-0.03691845,0.21666457,0.21587060,0.14704758,0.40574100,1.08616747,0.26025268,0.27090376,0.20680201,-0.02387716,0.37487899,0.21532875,0.18941980,0.28678621,1.08616747,1.33511606,1.58742602,1.78312022,0.26025268,0.52908593,0.71849195,0.27090376,0.46292599,0.20680201,1.40831511,0.48586809,0.34357923,0.32943338,0.46226286
690,0.04941928,0.36150994,0.41396088,0.46714727,0.56323288,0.31817997,-1.41344227,0.31734351,-0.29912797,0.28753252,-0.03055893,0.22724413,0.21722109,0.15529653,0.39222843,1.12446589,0.27617233,0.26468268,0.19231455,-0.02677544,0.35391319,0.20950052,0.19393619,0.28548505,1.12446589,1.38639404,1.63335629,1.81390377,0.27617233,0.53953944,0.71623275,0.26468268,0.44448921,0.19231455,1.45256711,0.50524600,0.35049706,0.33911821,0.45172826
691,0.05097714,0.35146126,0.40411413,0.45600535,0.51929510,0.32880404,-1.40012924,0.32226575,-0.30763106,0.29275702,-0.03295649,0.23235672,0.21805767,0.16562588,0.40258335,1.10172996,0.28400022,0.26911069,0.19977044,-0.02188359,0.32954711,0.20792988,0.19968123,0.28828359,1.10172996,1.36977473,1.62105863,1.81047892,0.28400022,0.55184987,0.73472460,0.26911069,0.45533983,0.19977044,1.44325769,0.51719179,0.35429042,0.34080681,0.46323252
692,0.04861066,0.35902240,0.40367434,0.46330273,0.52879979,0.32929342,-1.38687574,0.32929776,-0.29857777,0.29677201,-0.02237946,0.22996742,0.22305417,0.16524324,0.39774714,1.09826056,0.28640027,0.26393384,0.19008962,-0.02844817,0.33259690,0.20950664,0.19992529,0.28959136,1.09826056,1.36717802,1.61301467,1.79275074,0.28640027,0.54885957,0.72249468,0.26393384,0.44144352,0.19008962,1.43060869,0.51965598,0.35899443,0.34586478,0.46234882
693,0.04823505,0.35125431,0.39651511,0.45246341,0.50300941,0.34394433,-1.39170772,0.34546055,-0.28730741,0.30572685,-0.00999339,0.24051162,0.23317739,0.17819805,0.41143847,1.11451473,0.28791503,0.26133185,0.19292946,-0.03048492,0.33769095,0.20805526,0.20668393,0.29326649,1.11451473,1.38475473,1.62822816,1.81151824,0.28791503,0.54822489,0.72500171,0.26133185,0.44136325,0.19292946,1.43873088,0.52495172,0.36824122,0.36115064,0.48112026
694,0.04867896,0.35316044,0.39264586,0.45482466,0.50362710,0.33164036,-1.39084500,0.33986400,-0.29508330,0.30411133,-0.01789412,0.25042648,0.21794058,0.18688280,0.40011543,1.10601221,0.28760240,0.25163549,0.19683276,-0.02787655,0.34436180,0.20740249,0.20858354,0.29414773,1.10601221,1.37568245,1.61088448,1.79754434,0.28760240,0.53855071,0.71858948,0.25163549,0.43520459,0.19683276,1.43579626,0.53043655,0.37162118,0.36163053,0.47777992
695,0.04739507,0.35549007,0.39666529,0.45398746,0.47679682,0.32543717,-1.35931166,0.33257404,-0.29073026,0.29614071,-0.02356484,0.23975187,0.21890614,0.17583286,0.41939981,1.07881273,0.27729031,0.25780147,0.21490335,-0.03412695,0.33340600,0.20579622,0.21129905,0.29495656,1.07881273,1.33866605,1.58062674,1.78599814,0.27729031,0.53449943,0.73254047,0.25780147,0.45960845,0.21490335,1.40307178,0.51793325,0.36135436,0.35304916,0.48994885
696,0.04433090,0.35424798,0.40210480,0.45557848,0.49227052,0.32479490,-1.36707859,0.33469042,-0.27571196,0.29961360,-0.02326852,0.25253562,0.21819118,0.18965489,0.40369918,1.10134421,0.26350370,0.25442714,0.20171765,-0.03837080,0.34620952,0.20427390,0.20998309,0.29295174,1.10134421,1.34646513,1.58699403,1.77707827,0.26350370,0.51775101,0.69973408,0.25442714,0.44121638,0.20171765,1.41059790,0.51168670,0.36363004,0.36184460,0.48403736
697,0.04402696,0.36388368,0.40801823,0.46836812,0.49692346,0.33878820,-1.36247871,0.33259943,-0.30306564,0.29512198,-0.04977483,0.24817560,0.19243931,0.18885691,0.39293785,1.06946037,0.26398445,0.25463472,0.21459680,-0.03440345,0.34033140,0.20383837,0.20838827,0.29150601,1.06946037,1.31597960,1.55767058,1.76308885,0.26398445,0.51849719,0.71506044,0.25463472,0.45552419,0.21459680,1.40951983,0.52532609,0.36382101,0.34543300,0.47644549
698,0.04329852,0.37346304,0.42185842,0.48286506,0.48041722,0.34064897,-1.38689274,0.33569707,-0.31144365,0.29407208,-0.05800922,0.25401116,0.18254012,0.19398023,0.40728312,1.08635422,0.26521988,0.25177887,0.23911401,-0.03156860,0.36454634,0.20369676,0.20558740,0.28941069,1.08635422,1.33256090,1.57201551,1.80193656,0.26521988,0.51699842,0.73624143,0.25177887,0.47599228,0.23911401,1.43397409,0.53828677,0.36991074,0.34871135,0.49737951
699,0.04004585,0.39486686,0.44720203,0.50407668,0.47141826,0.33741140,-1.40896757,0.32919446,-0.32007581,0.28121462,-0.07764322,0.24151691,0.17383781,0.18689380,0.41993880,1.10180605,0.25779851,0.26293202,0.25977297,-0.02645169,0.41715418,0.20664297,0.19836638,0.28644465,1.10180605,1.33586513,1.58597157,1.83737664,0.25779851,0.52055450,0.75743056,0.26293202,0.50645152,0.25977297,1.45566263,0.55351460,0.37508454,0.34274184,0.51523020
700,0.03382438,0.39186796,0.43902620,0.51571998,0.45396158,0.33334401,-1.39849143,0.34138900,-0.34986179,0.29698798,-0.10669143,0.24174602,0.13672170,0.18770913,0.38659361,1.06413370,0.26206525,0.25848704,0.26479057,-0.01300001,0.55791649,0.21138722,0.17618303,0.27518179,1.06413370,1.29570932,1.53817311,1.79356385,0.26206525,0.52007303,0.75713280,0.25848704,0.50524768,0.26479057,1.44391897,0.58152408,0.38929445,0.32090803,0.48731440
701,0.03515554,0.40581746,0.46619925,0.55921101,0.43163905,0.31753270,-1.44365031,0.32738109,-0.39167078,0.27561069,-0.16945299,0.24479288,0.06562987,0.20320761,0.36680418,1.06607864,0.25365502,0.25014545,0.31638414,-0.01693835,0.64391335,0.20793624,0.14760587,0.25499994,1.06607864,1.27637953,1.51113960,1.81539182,0.25365502,0.50225221,0.77544549,0.25014545,0.54117906,0.31638414,1.48565161,0.60330610,0.38611461,0.28528821,0.47285852
702,0.03892050,0.40161756,0.47572841,0.50317929,0.45353976,0.30815159,-1.44348360,0.30660928,-0.39861929,0.25020250,-0.17989831,0.22952633,0.04962373,0.19066549,0.38095737,1.06123217,0.27219512,0.25625310,0.35164898,-0.01783122,0.80038535,0.20648780,0.11894784,0.23829771,1.06123217,1.26536420,1.49722422,1.82851604,0.27219512,0.52586336,0.80281727,0.25625310,0.56400753,0.35164898,1.48608041,0.61753084,0.37095151,0.25310591,0.47303916
703,0.04084698,0.39668422,0.48222035,0.50838726,0.46235302,0.29846575,-1.40683631,0.28857600,-0.38667457,0.21249399,-0.15698718,0.19800441,0.07985531,0.16457789,0.38929448,1.03874899,0.29445934,0.27480045,0.32967620,0.01181610,0.86475526,0.20943373,0.10337433,0.23355671,1.03874899,1.25310560,1.49421376,1.80111555,0.29445934,0.56546009,0.81030509,0.27480045,0.54919361,0.32967620,1.44970972,0.61298675,0.33766667,0.22521310,0.45953789
704,0.04142709,0.37496505,0.45896170,0.50414049,0.45789768,0.27789792,-1.37965636,0.25064587,-0.36026451,0.17598885,-0.12660049,0.16622205,0.11532066,0.13965839,0.37781322,1.03780940,0.29716400,0.28236649,0.28455722,0.02475841,0.90516819,0.21416794,0.10265758,0.23750050,1.03780940,1.25744167,1.50396062,1.76295116,0.29716400,0.57557978,0.77439329,0.28236649,0.50719785,0.28455722,1.42085362,0.58582525,0.30909036,0.21576982,0.44185436
705,0.04051808,0.37752218,0.46571128,0.50565990,0.45556442,0.27117824,-1.38613322,0.23309680,-0.35085729,0.16720406,-0.12983898,0.16088451,0.12275692,0.13316668,0.38099825,1.05258233,0.27967850,0.28952095,0.28251120,0.02987577,0.85031078,0.21346242,0.10395222,0.23742845,1.05258233,1.26090103,1.51715337,1.77251389,0.27967850,0.56502603,0.76229275,0.28952095,0.51285908,0.28251120,1.42404635,0.55927678,0.29797633,0.21360233,0.44172225
706,0.04058975,0.37680193,0.46750343,0.49931583,0.45749936,0.25834530,-1.37024313,0.22612624,-0.33868990,0.16122462,-0.11199909,0.15604666,0.14222379,0.13290428,0.38163165,1.04870586,0.28430465,0.28957724,0.26469535,0.04565086,0.90504567,0.21576323,0.10258563,0.23890915,1.04870586,1.26228187,1.52000039,1.75636024,0.28430465,0.56976511,0.74998664,0.28957724,0.49523761,0.26469535,1.40523851,0.54384332,0.28139796,0.22034924,0.43980608
707,0.04135350,0.38698332,0.48084519,0.50283840,0.46330765,0.26815724,-1.37951196,0.22958345,-0.34093357,0.16202750,-0.11187895,0.15845345,0.14545330,0.13128360,0.40098055,1.05481173,0.28769427,0.29266961,0.28196422,0.04041324,0.89170111,0.21246149,0.09798678,0.23396858,1.05481173,1.27222257,1.53357176,1.78574914,0.28769427,0.57576899,0.77062072,0.29266961,0.51430818,0.28196422,1.41581032,0.54127518,0.27484448,0.22137909,0.45431030
708,0.04484758,0.38235959,0.48225593,0.49677581,0.46141119,0.27456897,-1.35283593,0.22530908,-0.32692411,0.16203382,-0.10578511,0.14812610,0.14619505,0.11676099,0.40174914,1.04251447,0.28337897,0.28940348,0.28259571,0.08224054,0.95159412,0.21190552,0.09760713,0.23330474,1.04251447,1.25218696,1.50983516,1.76170862,0.28337897,0.56934894,0.76099405,0.28940348,0.51017089,0.28259571,1.39252351,0.53720524,0.27567363,0.21518545,0.45203377
709,0.04513268,0.38674618,0.48670626,0.50734810,0.46084038,0.28558256,-1.35012289,0.23277262,-0.30670086,0.16537213,-0.09367515,0.14690634,0.15504810,0.10844128,0.40992468,1.06033055,0.27858253,0.28539076,0.28208931,0.08211465,0.95418588,0.21010662,0.09442105,0.23034784,1.06033055,1.26227044,1.51662772,1.76896463,0.27858253,0.56006945,0.75186804,0.28539076,0.50738136,0.28208931,1.39140001,0.52631946,0.27047894,0.22024493,0.45621340
710,0.04487005,0.38539585,0.48100667,0.50979628,0.46058176,0.29402296,-1.34206939,0.23746681,-0.30325835,0.16757285,-0.08986948,0.14769544,0.16276182,0.10698804,0.41264175,1.05663646,0.27475320,0.28909862,0.27609955,0.09846909,0.93612858,0.21002796,0.09542561,0.23068981,1.05663646,1.25884673,1.51612093,1.76465282,0.27475320,0.56011134,0.75141640,0.28909862,0.50697962,0.27609955,1.38459612,0.52488752,0.27469962,0.22759410,0.45866019
711,0.04351694,0.38522521,0.48328111,0.51116180,0.45856810,0.30792598,-1.32004187,0.24475395,-0.28764384,0.16910033,-0.07664145,0.14589954,0.16937616,0.09857792,0.40685951,1.04917673,0.27522581,0.28331209,0.26673824,0.08512822,0.90716424,0.20907801,0.09433924,0.22937634,1.04917673,1.25123105,1.50319579,1.73957637,0.27522581,0.55462271,0.73379422,0.28331209,0.48934700,0.26673824,1.36618425,0.51258962,0.26341281,0.22870656,0.44821664
712,0.04254510,0.38270850,0.47789122,0.51848487,0.46372649,0.31960349,-1.32543570,0.24777483,-0.28743751,0.16670801,-0.07497698,0.14472810,0.17407391,0.09958021,0.43152886,1.05674079,0.27782019,0.28509007,0.28260151,0.09262806,0.86789639,0.20564630,0.09684944,0.22731084,1.05674079,1.26002073,1.51381583,1.77069334,0.27782019,0.55819307,0.75806040,0.28509007,0.51178898,0.28260151,1.37414096,0.52029894,0.26826209,0.23403144,0.47323514
713,0.04187918,0.38270211,0.47891951,0.51842541,0.45937454,0.34146332,-1.33995569,0.25772333,-0.29182607,0.17755970,-0.08238615,0.15376371,0.16719342,0.10183891,0.42338799,1.06743285,0.27569992,0.28894591,0.28383540,0.08875447,0.84177489,0.20123206,0.09635679,0.22311201,1.06743285,1.26842416,1.52353330,1.77957613,0.27569992,0.56029638,0.75712856,0.28894591,0.51247781,0.28383540,1.39398321,0.53046968,0.27979488,0.23401830,0.46634279
714,0.04205573,0.37777919,0.46794830,0.51714123,0.46287714,0.34636790,-1.32446572,0.26128779,-0.28801442,0.17439809,-0.07620758,0.15274340,0.17674387,0.09956433,0.43471407,1.05717687,0.27913183,0.29079164,0.28418095,0.09705556,0.82917105,0.20065137,0.09834074,0.22345441,1.05717687,1.26041614,1.51773522,1.77641417,0.27913183,0.56451739,0.76579372,0.29079164,0.51756518,0.28418095,1.38024489,0.53396139,0.28061954,0.24231948,0.47766798
715,0.04475675,0.37714498,0.46552150,0.51908883,0.45367782,0.36360441,-1.34073974,0.27407523,-0.28851557,0.18695570,-0.07869252,0.16412613,0.16535155,0.10895068,0.43151663,1.07534783,0.28366063,0.28426672,0.29188378,0.10731306,0.83397645,0.19537011,0.09933356,0.21917262,1.07534783,1.27477946,1.52328556,1.79046415,0.28366063,0.56264398,0.76730803,0.28426672,0.51750811,0.29188378,1.40188432,0.55811038,0.30032314,0.24552798,0.48153062
716,0.04388768,0.37048897,0.45126847,0.50903864,0.46459027,0.35838487,-1.33383735,0.28230549,-0.29144484,0.19418091,-0.07081418,0.16480240,0.17758703,0.11211535,0.45325117,1.06499285,0.29276019,0.28937805,0.29696695,0.13259552,0.87136474,0.19437870,0.09684597,0.21716864,1.06499285,1.27409232,1.52788390,1.80403933,0.29276019,0.57794535,0.79480890,0.28937805,0.53265907,0.29696695,1.39510557,0.57076456,0.30948505,0.25669886,0.50109570
717,0.04666725,0.37580274,0.46093310,0.51176460,0.44665657,0.35403611,-1.32226276,0.27285178,-0.28275168,0.18691263,-0.07222413,0.16634757,0.16116830,0.11932278,0.42528488,1.06076201,0.28260855,0.27203560,0.28358618,0.13168782,0.86747721,0.19424862,0.09519096,0.21631885,1.06076201,1.26145491,1.49937177,1.76334243,0.28260855,0.54960945,0.75546597,0.27203560,0.50420931,0.28358618,1.38322167,0.55644289,0.30217927,0.24775443,0.47693267
718,0.05091510,0.38478087,0.47093762,0.51517756,0.45456158,0.35948423,-1.33625001,0.27525317,-0.29135514,0.18741274,-0.07046483,0.16606249,0.17650939,0.12005823,0.46118599,1.06458289,0.28932339,0.28597697,0.30527452,0.15806729,0.85328107,0.18864160,0.09995939,0.21348895,1.06458289,1.27759424,1.52994176,1.81344272,0.28932339,0.57042217,0.79585814,0.28597697,0.53757582,0.30527452,1.39885056,0.55958103,0.30160778,0.25615900,0.51054053
719,0.04856915,0.37281539,0.45391813,0.51104328,0.46181033,0.37432142,-1.31645075,0.28572688,-0.28683678,0.20102603,-0.06610392,0.17017433,0.17821744,0.11720265,0.49136535,1.05166518,0.29553135,0.28568857,0.32980670,0.16644225,0.85149470,0.19100984,0.10180075,0.21644434,1.05166518,1.26242348,1.51388898,1.82640811,0.29553135,0.57740914,0.82969578,0.28568857,0.56650199,0.32980670,1.38510456,0.57480149,0.31305825,0.26095321,0.53453582
720,0.04446268,0.38353205,0.47546590,0.51006418,0.46539702,0.39310101,-1.33294717,0.30417416,-0.27511815,0.22329168,-0.06531578,0.18713545,0.17367304,0.13187311,0.46217182,1.07622400,0.27799966,0.27780762,0.31210411,0.14198120,0.82892140,0.18613556,0.10167640,0.21209558,1.07622400,1.27902652,1.52562981,1.81411484,0.27799966,0.55259892,0.78185139,0.27780762,0.53627546,0.31210411,1.40289024,0.55166682,0.31039416,0.26434447,0.51114352
721,0.04993172,0.37034561,0.44204303,0.50821714,0.45972258,0.38313539,-1.33551042,0.29701266,-0.28620468,0.21100095,-0.06089194,0.17296650,0.18294904,0.11301489,0.49121915,1.07078156,0.29866782,0.28414930,0.32806276,0.17634381,0.84919307,0.18776597,0.10103482,0.21322311,1.07078156,1.28633020,1.53776560,1.84678928,0.29866782,0.57964875,0.82921166,0.28414930,0.56261979,0.32806276,1.40539362,0.57930238,0.31843659,0.26728870,0.53680017
722,0.04698616,0.38534608,0.47337447,0.52196393,0.45271860,0.38876871,-1.32245007,0.30190854,-0.26080021,0.21997083,-0.05003714,0.17866490,0.18441901,0.11535751,0.48245586,1.07910233,0.27765443,0.27249779,0.32163933,0.15076749,0.82599051,0.18694915,0.10110769,0.21253882,1.07910233,1.28361252,1.52625185,1.82558548,0.27765443,0.54741944,0.78967086,0.27249779,0.54347539,0.32163933,1.39196240,0.54170315,0.30504029,0.26687549,0.52628015
723,0.05074105,0.37850829,0.46468974,0.51289305,0.45764923,0.39864577,-1.33373758,0.31638708,-0.26474877,0.23481328,-0.04935698,0.19418555,0.18389519,0.12789240,0.47483513,1.08872255,0.29279502,0.27437437,0.31571081,0.17647964,0.87019399,0.18419312,0.09986169,0.20952198,1.08872255,1.29481514,1.53686747,1.82892743,0.29279502,0.56413660,0.79328885,0.27437437,0.53616446,0.31571081,1.40808892,0.57548397,0.32584359,0.27967383,0.52537579
724,0.05036880,0.38076055,0.46882005,0.51596276,0.45271060,0.40229717,-1.33840302,0.31300417,-0.25408340,0.23142553,-0.04769630,0.19194224,0.18759955,0.12440274,0.45970839,1.10442020,0.28307785,0.27739099,0.30208759,0.16598116,0.87546779,0.18323090,0.10092157,0.20918587,1.10442020,1.30204403,1.54569543,1.81952020,0.28307785,0.55711587,0.76615490,0.27739099,0.51937997,0.30208759,1.41242862,0.56385928,0.32181948,0.27921612,0.51254686
725,0.04786686,0.37867876,0.46624215,0.52143011,0.45375725,0.41267540,-1.34427313,0.32256859,-0.25305670,0.24081234,-0.04277666,0.19731395,0.18132897,0.12983571,0.46139540,1.11012372,0.28648932,0.26838426,0.30874076,0.15684564,0.84896438,0.18194067,0.10450197,0.20981675,1.11012372,1.31281068,1.54660010,1.82783869,0.28648932,0.55254090,0.76830190,0.26838426,0.51711693,0.30874076,1.42230091,0.57035398,0.32892959,0.27933120,0.51554965
726,0.04579079,0.38543387,0.46947031,0.53270443,0.44198503,0.40839098,-1.34041063,0.32532201,-0.27050860,0.24154344,-0.05902927,0.20365450,0.16269601,0.13995797,0.43075247,1.08916120,0.28398700,0.25988219,0.29555585,0.10832281,0.75636754,0.18156053,0.10811857,0.21131458,1.08916120,1.29229992,1.52125953,1.79140273,0.28398700,0.54090206,0.75063780,0.25988219,0.50074307,0.29555585,1.41575161,0.57433059,0.33092834,0.27518483,0.49318437
727,0.04770736,0.37408514,0.45036433,0.51609174,0.45122285,0.40484222,-1.37153532,0.32639592,-0.27794090,0.25046984,-0.05618708,0.21219502,0.17419532,0.14886647,0.47491858,1.11318852,0.29651023,0.26775280,0.32212875,0.13805812,0.79709533,0.17894014,0.10207226,0.20600563,1.11318852,1.32442151,1.56230348,1.86425983,0.29651023,0.56139400,0.80310314,0.26775280,0.54183070,0.32212875,1.44669095,0.59420743,0.34456665,0.29180687,0.53470393
728,0.04734833,0.37348951,0.45952821,0.51264801,0.46738037,0.37322546,-1.31102809,0.30013099,-0.24067994,0.22487215,-0.03305983,0.18129690,0.19887356,0.12695022,0.47163976,1.08692250,0.27653210,0.27414437,0.29783632,0.13737803,0.84045916,0.18590901,0.10222814,0.21216209,1.08692250,1.28657488,1.52772559,1.79977265,0.27653210,0.54857131,0.75970485,0.27414437,0.51516718,0.29783632,1.37774159,0.53695851,0.30820519,0.27772611,0.51889539
729,0.04817836,0.37715900,0.46061659,0.52022847,0.45021422,0.37591107,-1.34035512,0.30488346,-0.25771276,0.23395612,-0.04501586,0.18771045,0.18603753,0.13129673,0.46458519,1.10030970,0.28345316,0.27306066,0.30335450,0.12911415,0.83643766,0.18309682,0.10254928,0.20985900,1.10030970,1.30313027,1.54329426,1.82157621,0.28345316,0.55462890,0.77071604,0.27306066,0.52081641,0.30335450,1.40769445,0.55966082,0.32348479,0.27636943,0.51770287
730,0.04824277,0.37725536,0.46501330,0.51669584,0.45655587,0.37816392,-1.35920388,0.29934453,-0.27502320,0.22710596,-0.05315019,0.18469050,0.18483534,0.12912633,0.48187827,1.10347449,0.29279044,0.27817142,0.31933204,0.15239085,0.85810658,0.18084084,0.09956637,0.20643854,1.10347449,1.31482325,1.56110756,1.85797425,0.29279044,0.56879108,0.80406372,0.27817142,0.54501459,0.31933204,1.42583722,0.56753697,0.32006893,0.27372473,0.53199122
731,0.04712926,0.37497317,0.46475840,0.51873108,0.46224161,0.36377899,-1.33454382,0.29660301,-0.26142688,0.22415229,-0.04228548,0.17700243,0.19580067,0.11936884,0.47933237,1.08910220,0.28520414,0.27779239,0.30674110,0.14107216,0.85598696,0.18281991,0.09886580,0.20784024,1.08910220,1.29979269,1.54711439,1.83047435,0.28520414,0.56122253,0.78769002,0.27779239,0.53307676,0.30674110,1.39820273,0.54656683,0.30994643,0.27431685,0.52458665
732,0.04751469,0.37746816,0.45813706,0.52008817,0.45584253,0.37502259,-1.37850447,0.30079241,-0.29200110,0.22814324,-0.04982267,0.18679075,0.19260464,0.12949954,0.50804659,1.10576487,0.31051322,0.28040089,0.33495744,0.13567584,0.84875596,0.17781401,0.09627625,0.20220519,1.10576487,1.33682385,1.58714406,1.90264277,0.31051322,0.58909396,0.84670866,0.28040089,0.56777569,0.33495744,1.44522449,0.58648374,0.32769681,0.28469372,0.55841359
733,0.05104545,0.38574322,0.47580242,0.51014787,0.45049823,0.35427835,-1.33157863,0.26867474,-0.26801404,0.18903059,-0.04486432,0.15447466,0.21206249,0.09474875,0.50802220,1.07901298,0.28191842,0.29158582,0.32568587,0.17322127,0.87170973,0.18206310,0.09919324,0.20733131,1.07901298,1.29730521,1.56158698,1.85782125,0.28191842,0.57048626,0.81204876,0.29158582,0.56098283,0.32568587,1.39119416,0.51787314,0.27855152,0.27056723,0.55000126
734,0.04948696,0.37721738,0.45982068,0.52084223,0.44430830,0.37642502,-1.37219227,0.30117287,-0.27715357,0.22339337,-0.05269648,0.18800786,0.18478413,0.12374685,0.50331319,1.11536390,0.29764385,0.27788790,0.33972225,0.15422672,0.87018414,0.17915456,0.09455567,0.20257624,1.11536390,1.32847350,1.57300296,1.89257769,0.29764385,0.57280469,0.83010146,0.27788790,0.56633992,0.33972225,1.43976768,0.58499962,0.33110664,0.28149919,0.55477797
735,0.05039763,0.38004680,0.46732120,0.50960201,0.46055396,0.36138710,-1.33967640,0.28347571,-0.28448814,0.20261541,-0.04994253,0.16891119,0.19512724,0.11372489,0.51517234,1.07572351,0.30315323,0.28746604,0.34310583,0.16878370,0.91256191,0.18200265,0.09353522,0.20463089,1.07572351,1.29962249,1.55199046,1.87137689,0.30315323,0.58819263,0.84401650,0.28746604,0.57317997,0.34310583,1.40311814,0.56857841,0.30927410,0.27074359,0.56159752
736,0.05669103,0.38508454,0.48269686,0.50501253,0.47542027,0.32485235,-1.29387811,0.25072598,-0.27591337,0.16366160,-0.06306402,0.14410863,0.20722746,0.10194493,0.49193807,1.03542267,0.28380930,0.30429454,0.30524882,0.19188586,0.87208202,0.18854924,0.09528970,0.21126037,1.03542267,1.24134935,1.51756946,1.79990495,0.28380930,0.58107570,0.80805831,0.30429454,0.55962916,0.30524882,1.34764995,0.52195350,0.26524452,0.25957643,0.52794214
737,0.04694870,0.36546174,0.44856293,0.50434773,0.47401567,0.35401445,-1.32166657,0.29569839,-0.27154335,0.20737394,-0.06134440,0.17524178,0.17820581,0.12541250,0.48338940,1.06951109,0.29080524,0.28439237,0.32046978,0.15647893,0.88250922,0.18703575,0.09394642,0.20930432,1.06951109,1.26889777,1.51661982,1.82021935,0.29080524,0.57090801,0.81212779,0.28439237,0.55477247,0.32046978,1.38562773,0.57587306,0.31742180,0.26319258,0.52645922
738,0.04582530,0.37245529,0.45884151,0.51554408,0.47009713,0.35058296,-1.32903242,0.28352201,-0.27357103,0.19338908,-0.05229680,0.16113475,0.19065400,0.10704517,0.48985256,1.07521491,0.29220960,0.28527105,0.31746412,0.14853551,0.87144430,0.18640675,0.09185743,0.20781064,1.07521491,1.28663207,1.53616997,1.83534618,0.29220960,0.57377516,0.81464562,0.28527105,0.55169848,0.31746412,1.38977785,0.56104022,0.30591979,0.26376728,0.53157554
739,0.05227139,0.37602929,0.47205618,0.51449953,0.47267769,0.33423988,-1.30557749,0.26843904,-0.24541665,0.18204073,-0.03795059,0.15435202,0.21089441,0.10376453,0.49308442,1.07724662,0.27807055,0.28762631,0.30264577,0.17068061,0.87023006,0.18757720,0.09450395,0.21003858,1.07724662,1.27682719,1.53228502,1.81359867,0.27807055,0.56076053,0.78479723,0.28762631,0.53862129,0.30264577,1.36207116,0.52375603,0.28283646,0.27096372,0.53132121
740,0.04896018,0.37196478,0.47067750,0.51819199,0.46642105,0.33980912,-1.29143794,0.26643506,-0.23995392,0.17843861,-0.04117369,0.14939823,0.20311713,0.09215069,0.48812836,1.06994681,0.27009437,0.28496850,0.30680283,0.16806869,0.89008041,0.18743657,0.09366181,0.20953521,1.06994681,1.26085442,1.51143207,1.79685431,0.27009437,0.54999800,0.77648673,0.28496850,0.53823700,0.30680283,1.34971057,0.52235610,0.28590763,0.26327265,0.52628196
741,0.04907651,0.37553033,0.46773591,0.51331776,0.47299122,0.35136768,-1.30088947,0.27065104,-0.25701112,0.17923904,-0.04800202,0.14896253,0.20134654,0.08535705,0.48793337,1.06497932,0.28230662,0.29226409,0.30934190,0.19721656,0.92822615,0.18810507,0.09009845,0.20856953,1.06497932,1.26497936,1.52061846,1.80864342,0.28230662,0.56972004,0.79804667,0.29226409,0.54656376,0.30934190,1.36135115,0.53877759,0.28952958,0.26083457,0.52382478
742,0.04382705,0.37477736,0.46339579,0.52570928,0.47010965,0.37355385,-1.30881148,0.28302779,-0.26449356,0.18165011,-0.06657708,0.15072327,0.18616216,0.09522667,0.47577712,1.06473211,0.26997420,0.29209186,0.30820179,0.17415014,0.92635594,0.18858616,0.08785433,0.20804596,1.06473211,1.25741927,1.51545105,1.80627187,0.26997420,0.55528295,0.79117142,0.29209186,0.55179677,0.30820179,1.37410920,0.53950774,0.29478436,0.25231169,0.51377359
743,0.04353944,0.38761405,0.47486624,0.53620183,0.46187996,0.40505573,-1.32307817,0.30217280,-0.25654165,0.19663157,-0.05225312,0.16338305,0.19049460,0.09099105,0.47714217,1.08861877,0.28058546,0.28338788,0.31269940,0.14800583,0.88614996,0.18472482,0.09001672,0.20549031,1.08861877,1.28819011,1.53674661,1.82743274,0.28058546,0.55770053,0.78957487,0.28338788,0.54135320,0.31269940,1.39676449,0.55119934,0.30128803,0.26335038,0.51860203
744,0.04830970,0.39076668,0.47503650,0.53664030,0.46536586,0.41391391,-1.30737181,0.32110327,-0.27879144,0.20975941,-0.06385196,0.18060768,0.17991427,0.10858783,0.49674066,1.05206834,0.29585892,0.28388616,0.33906441,0.18622434,0.95167464,0.18350089,0.08605720,0.20267811,1.05206834,1.26053679,1.50963524,1.82982862,0.29585892,0.57262699,0.83255121,0.28388616,0.57147095,0.33906441,1.38640853,0.58694096,0.32100485,0.27098890,0.54240971
745,0.04852864,0.39323304,0.47708614,0.52777926,0.46852026,0.41635890,-1.28831439,0.31355570,-0.25403790,0.19920935,-0.05642784,0.17532913,0.18833586,0.09821595,0.48972891,1.05935877,0.28798383,0.28599890,0.32886694,0.17729832,0.93316101,0.18457180,0.08497486,0.20319320,1.05935877,1.25122161,1.50073833,1.80630973,0.28798383,0.56407502,0.80358096,0.28599890,0.55680974,0.32886694,1.36773694,0.56728654,0.30442475,0.26863801,0.53222469
746,0.04507048,0.39184789,0.47428160,0.53294372,0.46874860,0.41521987,-1.26617454,0.30903779,-0.26067202,0.19643205,-0.05063974,0.17030945,0.19735320,0.09399544,0.50789296,1.03057444,0.29079189,0.28576966,0.33641875,0.15730052,0.91231195,0.18770746,0.08915749,0.20780556,1.03057444,1.23550350,1.48771481,1.80291592,0.29079189,0.56815144,0.82317938,0.28576966,0.56893130,0.33641875,1.34572603,0.56001679,0.29989534,0.27306356,0.54891752
747,0.04732701,0.39363506,0.48247517,0.53247934,0.47403327,0.43157518,-1.29267853,0.32579580,-0.22966607,0.21534055,-0.03633966,0.17947442,0.19915668,0.09687630,0.50268631,1.08611130,0.28124274,0.27661527,0.33197540,0.20091123,0.97376695,0.18293305,0.08678011,0.20247293,1.08611130,1.27504276,1.51745212,1.82632506,0.28124274,0.55037357,0.79455670,0.27661527,0.55296874,0.33197540,1.37621237,0.55600875,0.30702739,0.27844108,0.54308773
748,0.04659829,0.39737012,0.48095491,0.54229315,0.47069719,0.45168534,-1.29247145,0.34212090,-0.22952075,0.23529324,-0.03078261,0.19518120,0.19822648,0.11818374,0.50297801,1.08633738,0.28063575,0.26674933,0.32947149,0.20615843,0.97160179,0.18164862,0.09227188,0.20374081,1.08633738,1.28043333,1.51604343,1.82616347,0.28063575,0.54143552,0.79137006,0.26674933,0.54739483,0.32947149,1.38233701,0.56473868,0.32317756,0.29196451,0.54959831
749,0.03733522,0.39475116,0.47055004,0.52868919,0.47607643,0.45864653,-1.33816192,0.35584120,-0.22428473,0.26626726,-0.03094905,0.21128636,0.18945807,0.14349133,0.44849535,1.13649179,0.26285364,0.25938488,0.28265215,0.18879949,1.05597848,0.17862724,0.09990674,0.20466814,1.13649179,1.32212475,1.54949816,1.81428112,0.26285364,0.51960732,0.73027024,0.25938488,0.49612876,0.28265215,1.42342655,0.55316939,0.33767408,0.29488615,0.50086365
750,0.03487135,0.41846301,0.48857011,0.54750485,0.45601013,0.47711929,-1.37808910,0.34141456,-0.26608140,0.27272545,-0.08372135,0.21808530,0.16301876,0.14407810,0.42591831,1.13663292,0.22092675,0.27500825,0.28978240,0.22369857,1.17059400,0.17824484,0.12877632,0.21989671,1.13663292,1.31336791,1.56285778,1.83608779,0.22092675,0.49448469,0.72882869,0.27500825,0.52575413,0.28978240,1.46351774,0.53544140,0.35488531,0.29097700,0.49188965
751,0.02926172,0.45591043,0.48867666,0.53925577,0.44387438,0.46498477,-1.43035072,0.31648374,-0.32976202,0.26046220,-0.09389448,0.20378472,0.17574515,0.11091519,0.38163351,1.12935245,0.24909655,0.28486755,0.23978488,0.24923866,1.22164491,0.17719155,0.14803739,0.23089373,1.12935245,1.36008157,1.62895106,1.85284003,0.24909655,0.53388082,0.74212499,0.28486755,0.49855602,0.23978488,1.50616586,0.53879100,0.35869320,0.31090410,0.46232940
752,0.03017586,0.45687756,0.48965255,0.53870863,0.45812810,0.46474998,-1.43364885,0.31869641,-0.33160030,0.26128329,-0.08711981,0.21434848,0.17864481,0.10217074,0.39374159,1.12653097,0.25635451,0.27826574,0.25446236,0.24220515,1.22528601,0.17663703,0.14017285,0.22549738,1.12653097,1.36808225,1.63283807,1.86825228,0.25635451,0.53429355,0.75816135,0.27826574,0.50658227,0.25446236,1.51027504,0.53855893,0.35801640,0.32210920,0.47115734
753,0.02921706,0.46246457,0.50513640,0.54932921,0.47967386,0.47254167,-1.43480753,0.32260940,-0.35099620,0.27191037,-0.11617183,0.22404754,0.18300139,0.11723614,0.40126951,1.10952204,0.24477023,0.31398516,0.25606506,0.22872474,1.20813235,0.17778159,0.13213480,0.22150824,1.10952204,1.34085480,1.63770051,1.87504810,0.24477023,0.55820120,0.78130683,0.31398516,0.54006706,0.25606506,1.51401838,0.55571573,0.37998697,0.32878787,0.48055052
754,0.02995521,0.46107671,0.49397510,0.54540135,0.46631394,0.46244846,-1.45560960,0.31599654,-0.37123815,0.26566762,-0.11779362,0.21928807,0.16885458,0.10594394,0.37801526,1.10903443,0.26061211,0.30314229,0.24897359,0.18044265,1.15606908,0.17622354,0.13741531,0.22346745,1.10903443,1.36015095,1.64364709,1.87269924,0.26061211,0.56186202,0.77959175,0.30314229,0.52107902,0.24897359,1.53027679,0.56023286,0.37823541,0.31723445,0.45422726
755,0.03083578,0.45818154,0.49689054,0.54510573,0.45175330,0.45676845,-1.44960340,0.31689367,-0.36956384,0.26261930,-0.12323980,0.21773747,0.17067342,0.11071992,0.38253950,1.10421993,0.25648901,0.30830146,0.24981249,0.15294440,1.12001337,0.17657320,0.13606723,0.22291789,1.10421993,1.34736046,1.63871216,1.86921409,0.25648901,0.56399795,0.78146453,0.30830146,0.52810940,0.24981249,1.52278990,0.55996488,0.37031404,0.31404640,0.45814604
756,0.03181806,0.45480451,0.49339193,0.53481894,0.45041047,0.44275302,-1.45077183,0.30865319,-0.36091775,0.25120005,-0.12123958,0.19891020,0.16635718,0.08754098,0.38110659,1.11338853,0.25168773,0.29939387,0.25319617,0.13714089,1.12179514,0.17980557,0.14286183,0.22965092,1.11338853,1.34983303,1.63683588,1.87147555,0.25168773,0.55086759,0.77535132,0.29939387,0.52842816,0.25319617,1.51901071,0.54404021,0.35182746,0.29941608,0.45087061
757,0.03119978,0.45986937,0.49431530,0.53927070,0.45423289,0.43518209,-1.46222188,0.29407350,-0.37641765,0.23773887,-0.12744632,0.18804269,0.15629116,0.07910053,0.37498841,1.10928812,0.26061531,0.29437963,0.25606327,0.11154424,1.07977132,0.17960097,0.13959763,0.22747310,1.10928812,1.35510819,1.63854869,1.87672433,0.26061531,0.55483353,0.78240889,0.29437963,0.52712511,0.25606327,1.52804118,0.54581307,0.34280692,0.28731126,0.44567486
758,0.03645556,0.45100422,0.48481234,0.53636155,0.43176899,0.43383676,-1.44391394,0.31147354,-0.34538452,0.25144655,-0.10710130,0.20083775,0.16640059,0.08320379,0.39199598,1.12549858,0.25328953,0.28674675,0.26767463,0.09093835,1.00177741,0.17810475,0.13605251,0.22412404,1.12549858,1.35759016,1.62909931,1.87629094,0.25328953,0.53977863,0.77339318,0.28674675,0.52686354,0.26767463,1.50972484,0.54845428,0.35672555,0.30574457,0.46850692
759,0.03640929,0.42285820,0.47507954,0.53021648,0.43100132,0.44072556,-1.41441402,0.32764324,-0.27558071,0.27151855,-0.06878555,0.21089810,0.18269993,0.08245173,0.41252940,1.16032940,0.22625517,0.26587338,0.27442563,0.07304831,0.90423131,0.17823718,0.13766422,0.22521086,1.16032940,1.36141502,1.61458502,1.86661258,0.22625517,0.49154454,0.73268204,0.26587338,0.51736480,0.27442563,1.48471947,0.51671637,0.35411634,0.31932412,0.48074184
760,0.03426396,0.41775305,0.46705167,0.52327719,0.43827678,0.44324251,-1.40209888,0.32148679,-0.27811361,0.25381604,-0.06461019,0.19960764,0.19082515,0.08785986,0.43862599,1.14688829,0.23892133,0.26704041,0.28155609,0.05030526,0.86463668,0.17746321,0.13907942,0.22546901,1.14688829,1.35527885,1.61234413,1.87902095,0.23892133,0.50408707,0.75671532,0.26704041,0.53018184,0.28155609,1.47399925,0.51711756,0.33650370,0.31685836,0.50242437
761,0.03557579,0.40437089,0.46726597,0.53681712,0.43235452,0.43497279,-1.37192288,0.34330681,-0.28609833,0.27225063,-0.08323816,0.22493603,0.18531245,0.13596350,0.43027632,1.10664317,0.23700698,0.28107770,0.27061060,0.05468066,0.84264963,0.17930359,0.12760753,0.22007603,1.10664317,1.30225155,1.57153437,1.82945200,0.23700698,0.51426729,0.75182577,0.28107770,0.53131273,0.27061060,1.44428853,0.54605665,0.35611562,0.32586252,0.50141603
762,0.03505724,0.41106704,0.46963086,0.52218929,0.44588483,0.43874495,-1.43383056,0.34888899,-0.27184336,0.28183954,-0.06572825,0.22609004,0.20678112,0.15754421,0.43510118,1.18210816,0.24139522,0.28719441,0.25293666,0.03794261,0.79080048,0.17590049,0.13555778,0.22207407,1.18210816,1.38010365,1.65445671,1.89285517,0.24139522,0.52512806,0.73828978,0.28719441,0.51618784,0.25293666,1.50534588,0.55228604,0.36626202,0.34246472,0.52015296
763,0.03629316,0.41289075,0.46597454,0.53445149,0.40684111,0.41409129,-1.44450706,0.35610746,-0.29542330,0.29247562,-0.08984576,0.22532808,0.16416014,0.15115032,0.37995223,1.17477407,0.24290392,0.27123344,0.24463747,0.04802168,0.73487501,0.17694307,0.14724541,0.23019570,1.17477407,1.36581414,1.62071830,1.84904474,0.24290392,0.51061933,0.71173954,0.27123344,0.49103612,0.24463747,1.50782301,0.58728639,0.39450142,0.33274559,0.48992916
764,0.03825319,0.40697323,0.46017710,0.54024883,0.42880492,0.40971997,-1.42149597,0.35730831,-0.28165428,0.29894078,-0.07915196,0.23292151,0.16835871,0.13910373,0.42823124,1.15719840,0.23798379,0.26225596,0.28732119,0.03504869,0.57960877,0.17790473,0.14273037,0.22808343,1.15719840,1.34940822,1.59986481,1.87235181,0.23798379,0.49577202,0.74784804,0.26225596,0.53244617,0.28732119,1.48590514,0.56318316,0.38031207,0.33148250,0.51213588
765,0.03828024,0.39352452,0.44469588,0.52660926,0.44376907,0.41534827,-1.41775883,0.35357383,-0.28495211,0.28271666,-0.07144187,0.22280591,0.17204071,0.14816396,0.43884171,1.14718599,0.25251987,0.26250628,0.28830471,0.03188827,0.58495291,0.18275345,0.13995273,0.23018599,1.14718599,1.35397176,1.60157054,1.87661084,0.25251987,0.51279938,0.76075936,0.26250628,0.52772922,0.28830471,1.48708842,0.56736641,0.36857626,0.31790608,0.51603920
766,0.03824509,0.38637253,0.43146477,0.52375146,0.43380410,0.40529705,-1.42405922,0.36614829,-0.29151694,0.30519589,-0.07160785,0.25272380,0.17155406,0.18119175,0.42159281,1.14547163,0.25582432,0.25956246,0.27033610,0.03669214,0.54308568,0.18245003,0.14538531,0.23329145,1.14547163,1.35712684,1.60305117,1.85991151,0.25582432,0.51312806,0.74577322,0.25956246,0.50855090,0.27033610,1.49004079,0.57524803,0.38230583,0.33800088,0.50825167
767,0.03435753,0.37247370,0.41946362,0.50459445,0.44918046,0.38449290,-1.46421578,0.37603855,-0.29626623,0.32677964,-0.06897880,0.27424774,0.17818117,0.19816083,0.41879972,1.18223724,0.25699672,0.26165563,0.25991191,0.01046805,0.52213919,0.18160886,0.15121469,0.23632109,1.18223724,1.39837266,1.64610288,1.89343120,0.25699672,0.51662383,0.74579621,0.26165563,0.50448365,0.25991191,1.52204503,0.58759312,0.40628163,0.36559815,0.51532032
768,0.03256853,0.36021136,0.39634004,0.49201160,0.44824198,0.36955464,-1.44530105,0.37997991,-0.30123948,0.33083008,-0.06212229,0.28405541,0.18406347,0.21105530,0.41299820,1.15826536,0.26296000,0.25806035,0.24763640,-0.00675363,0.52931535,0.18324307,0.15274550,0.23855651,1.15826536,1.38619493,1.63174319,1.86680477,0.26296000,0.51973726,0.74065999,0.25806035,0.48998842,0.24763640,1.49875873,0.58363032,0.40602782,0.37673033,0.51561415
769,0.03391064,0.37284792,0.41643042,0.48932795,0.47723068,0.35932445,-1.44796395,0.37167105,-0.30726213,0.33153727,-0.06012606,0.28748969,0.19181834,0.22877789,0.40749964,1.15295113,0.27272723,0.26691492,0.23189661,0.00552998,0.51135267,0.18387182,0.14727604,0.23558242,1.15295113,1.38937049,1.64144627,1.86058072,0.27272723,0.53870021,0.73916754,0.26691492,0.47900592,0.23189661,1.50055011,0.58332872,0.40244988,0.37430683,0.51050247
770,0.03489470,0.37337192,0.41692930,0.49278923,0.46674673,0.34245254,-1.46120763,0.38017406,-0.30048225,0.33768836,-0.03830745,0.29138688,0.20546290,0.24343135,0.41799500,1.17374946,0.28377416,0.26091382,0.22826860,0.01841112,0.52627820,0.18316868,0.15249544,0.23833930,1.17374946,1.42464391,1.66748490,1.88269486,0.28377416,0.54450278,0.73997807,0.26091382,0.46610571,0.22826860,1.50840551,0.58154687,0.40570973,0.38337593,0.52693640
771,0.03402749,0.37211375,0.41160582,0.49453074,0.45769324,0.33963117,-1.45530726,0.38346560,-0.29293295,0.34143024,-0.04379041,0.29116432,0.20165407,0.24841388,0.40712696,1.17392314,0.26877137,0.25782825,0.21553167,-0.00002678,0.43106576,0.18313863,0.15514001,0.24001704,1.17392314,1.41309102,1.65768010,1.86547308,0.26877137,0.52573625,0.72043489,0.25782825,0.46056273,0.21553167,1.50121194,0.56874457,0.40290286,0.38404916,0.51623025
772,0.03393975,0.38491942,0.42619491,0.49449117,0.47449242,0.32622820,-1.47389354,0.37025186,-0.31675791,0.33612611,-0.06230062,0.28901136,0.19185102,0.24932819,0.41574523,1.16794587,0.27122303,0.26757550,0.23594306,-0.00235187,0.48924812,0.18291871,0.15260548,0.23821773,1.16794587,1.41311628,1.66616586,1.89211226,0.27122303,0.53834351,0.74830036,0.26757550,0.48590127,0.23594306,1.51581080,0.56690887,0.39722826,0.37156588,0.52294384
773,0.03272272,0.37277508,0.41815314,0.50083621,0.46680617,0.33288669,-1.44607648,0.37072914,-0.30302660,0.33481999,-0.04223595,0.28343552,0.19439692,0.25573453,0.40798345,1.15317741,0.27992798,0.25296532,0.22379701,0.01999363,0.50871001,0.18375756,0.14660131,0.23507187,1.15317741,1.40482508,1.64134827,1.85609946,0.27992798,0.53234909,0.72823409,0.25296532,0.45728000,0.22379701,1.49117443,0.56232724,0.39212876,0.36623742,0.51666276
774,0.03273287,0.36086104,0.40566507,0.47005994,0.49722295,0.33209849,-1.41842014,0.36670079,-0.26378218,0.33699930,-0.00758033,0.28574263,0.22555450,0.24739160,0.43998045,1.16562399,0.27866199,0.25187693,0.23122324,0.02985031,0.58049338,0.18483960,0.14979556,0.23791677,1.16562399,1.41174681,1.64490226,1.86093698,0.27866199,0.52968075,0.72197921,0.25187693,0.45645179,0.23122324,1.46305146,0.53744233,0.38484661,0.37896097,0.53686219
775,0.03975869,0.39133083,0.46633348,0.49329115,0.48837516,0.34506137,-1.42223303,0.36413122,-0.26672082,0.30692974,-0.04986721,0.24921298,0.19097555,0.20345887,0.45207140,1.17051640,0.26698047,0.26925839,0.28814945,0.11332963,0.72254683,0.18298335,0.13183524,0.22552924,1.17051640,1.37350729,1.61734676,1.88026675,0.26698047,0.53427115,0.74925963,0.26925839,0.51254490,0.28814945,1.47052135,0.55880014,0.36161311,0.32374088,0.53159580
776,0.04729937,0.39310265,0.47562505,0.50980826,0.45642622,0.34504049,-1.36870195,0.31051084,-0.25277390,0.22212765,-0.05571695,0.17596166,0.18099592,0.11971162,0.45576716,1.13199403,0.26741648,0.27654516,0.30861827,0.14809813,0.81164007,0.18515112,0.11166456,0.21621728,1.13199403,1.31904836,1.56250383,1.83847015,0.26741648,0.54048330,0.75193984,0.27654516,0.52167806,0.30861827,1.42107550,0.53270190,0.29992232,0.25908726,0.50701780
777,0.04598207,0.38374642,0.47544976,0.53835763,0.45495381,0.38266570,-1.35070994,0.32704282,-0.22086241,0.21035885,-0.02197825,0.15002371,0.20729544,0.07802041,0.50394636,1.14898429,0.28569159,0.27836318,0.32093620,0.18856203,0.88524988,0.17999653,0.09885531,0.20535609,1.14898429,1.34025419,1.57934506,1.87956384,0.28569159,0.55999386,0.79611021,0.27836318,0.54433565,0.32093620,1.41597625,0.55206176,0.30329539,0.26569085,0.53772062
778,0.03116602,0.38887717,0.47256289,0.54778074,0.46284977,0.41795207,-1.36043375,0.36081359,-0.26345238,0.25746772,-0.05861450,0.18565340,0.14601737,0.11819169,0.43531336,1.11645455,0.26135929,0.24427562,0.30911989,0.12333832,0.88598796,0.17460014,0.13183725,0.21878362,1.11645455,1.31378318,1.52473023,1.82121397,0.26135929,0.50477870,0.75516308,0.24427562,0.51389388,0.30911989,1.42862357,0.55193621,0.33059703,0.25153498,0.48275554
779,0.02986525,0.42854775,0.48536874,0.53865518,0.46644626,0.41971263,-1.41596069,0.30854657,-0.31273602,0.23407540,-0.07636726,0.16199339,0.17534442,0.09686451,0.38680479,1.12815369,0.25852468,0.27205647,0.23774775,0.20973278,1.04541206,0.17213482,0.14953605,0.22801629,1.12815369,1.35905640,1.61317449,1.83737530,0.25852468,0.53052641,0.73336836,0.27205647,0.48324594,0.23774775,1.47807666,0.51465192,0.31374670,0.26743860,0.44953135
780,0.02252733,0.45950724,0.49939043,0.53769253,0.48401450,0.44530341,-1.46817889,0.30916297,-0.31830001,0.23093225,-0.08295656,0.15504338,0.19377114,0.07619157,0.36961774,1.17911392,0.25553137,0.29172517,0.20662040,0.36458143,1.19450017,0.16770329,0.15992265,0.23173185,1.17911392,1.41093301,1.69058883,1.88340556,0.25553137,0.54681001,0.72737744,0.29172517,0.47879915,0.20662040,1.53459684,0.51249005,0.31333743,0.28604875,0.43521705
781,0.02604041,0.45273740,0.49743405,0.53737769,0.49131362,0.45148336,-1.34972772,0.31490395,-0.22594033,0.22906053,-0.03304052,0.17559897,0.17944625,0.08269478,0.34494232,1.14984507,0.21977615,0.22242447,0.20073897,1.01672929,1.43818334,0.16226721,0.17934527,0.24185817,1.14984507,1.34270896,1.55721894,1.74241201,0.21977615,0.43999849,0.61723243,0.22242447,0.40623888,0.20073897,1.42393921,0.45916178,0.29640715,0.29090436,0.41340692
782,0.02899004,0.47382038,0.50700902,0.52008217,0.50096087,0.38268666,-1.22090716,0.30718965,-0.22198116,0.23088362,-0.04011899,0.17642178,0.19029856,0.09135963,0.34354946,1.01775121,0.20131554,0.23804403,0.18827230,1.16525472,1.46711678,0.15954318,0.19177744,0.24946465,1.01775121,1.19862018,1.43079711,1.60187698,0.20131554,0.43738150,0.60532743,0.23804403,0.41062641,0.18827230,1.27952303,0.42413150,0.27823506,0.28819124,0.40502912
783,0.02996600,0.47218178,0.49622167,0.51179373,0.50114098,0.38136494,-1.17251946,0.29503246,-0.20279743,0.21239136,-0.01661834,0.15967611,0.18644065,0.06277381,0.31378607,0.98603301,0.20815089,0.21081273,0.17823056,1.41992623,1.52657230,0.15389320,0.19335604,0.24712279,0.98603301,1.17368948,1.38004609,1.52968484,0.20815089,0.41697609,0.56659056,0.21081273,0.36726892,0.17823056,1.23317482,0.39992642,0.25243234,0.27093488,0.37377709
784,0.04053959,0.47640602,0.49362718,0.50190110,0.51570058,0.39998896,-1.23994060,0.32197310,-0.17464795,0.23569123,0.02288832,0.16710816,0.23328778,0.07872807,0.35859636,1.08443833,0.21824006,0.22198536,0.17688610,1.45592881,1.53231652,0.15103233,0.18216844,0.23663496,1.08443833,1.28264939,1.49767894,1.64579401,0.21824006,0.43938308,0.58724396,0.22198536,0.37727185,0.17688610,1.30324355,0.39799055,0.26617031,0.30524570,0.41441714
785,0.04720905,0.48194222,0.49566532,0.49310022,0.51086955,0.37711370,-1.22598192,0.31649766,-0.17579067,0.23324383,0.02422522,0.16181912,0.23588405,0.07136727,0.35892315,1.07159554,0.21806908,0.22358062,0.18665992,1.23224444,1.44378040,0.14933774,0.17993332,0.23383276,1.07159554,1.27119150,1.48739638,1.63780162,0.21806908,0.44110040,0.59275679,0.22358062,0.38448605,0.18665992,1.28408659,0.38964180,0.26305977,0.30642579,0.42555421
786,0.05107042,0.48160871,0.49981703,0.48989114,0.50563507,0.40703820,-1.25373866,0.34732666,-0.15669101,0.25453966,0.03093848,0.16571430,0.24876620,0.08097788,0.39122936,1.11347363,0.21178744,0.23541964,0.19506924,1.15295467,1.40586455,0.14717878,0.17456794,0.22833213,1.11347363,1.30221580,1.52814851,1.69440184,0.21178744,0.44619644,0.61231949,0.23541964,0.41074656,0.19506924,1.31953427,0.39969692,0.27124350,0.30925336,0.43909027
787,0.06100944,0.49487354,0.50012654,0.48196543,0.50682860,0.41475152,-1.27576929,0.34318964,-0.16895730,0.24964513,0.02241066,0.15826499,0.23470985,0.07609165,0.38307415,1.12081385,0.21367173,0.23121257,0.22218038,1.07012454,1.36666207,0.14789013,0.17176114,0.22665696,1.12081385,1.31660501,1.53950334,1.71845123,0.21367173,0.44413753,0.62747963,0.23121257,0.42732375,0.22218038,1.34487485,0.38820473,0.25545677,0.28847130,0.43834143
788,0.06757934,0.49514844,0.49811306,0.48260112,0.50317092,0.45388744,-1.31329768,0.35624521,-0.16319271,0.25702325,0.03746615,0.15957083,0.24378242,0.07565698,0.40212466,1.16626708,0.22457675,0.22829288,0.22512305,0.95210896,1.29196560,0.14538431,0.16376176,0.21898518,1.16626708,1.37314164,1.59234722,1.78083101,0.22457675,0.45213236,0.64349299,0.22829288,0.43185407,0.22512305,1.39386434,0.39597978,0.26265509,0.29503389,0.44809591
789,0.06801236,0.49713643,0.49941948,0.48557753,0.50408701,0.47699120,-1.36020357,0.36654056,-0.15703365,0.26586172,0.04908379,0.17188954,0.25517966,0.07853511,0.42242433,1.22084206,0.22994251,0.22651452,0.23376896,0.89739408,1.24969780,0.14170123,0.15758456,0.21192483,1.22084206,1.43387239,1.65178211,1.85024556,0.22994251,0.45608501,0.65806566,0.22651452,0.43916621,0.23376896,1.44567375,0.40388798,0.27462412,0.31168246,0.46734662
790,0.06904653,0.50619761,0.49438878,0.47874206,0.50645672,0.47418504,-1.39558499,0.34750177,-0.18383961,0.25120991,0.04609801,0.15137400,0.25359602,0.05656243,0.41739462,1.22791188,0.24929010,0.23028350,0.25139455,0.94030758,1.29214350,0.14124681,0.15471977,0.20949671,1.22791188,1.46666845,1.68754575,1.88773678,0.24929010,0.47939320,0.68844436,0.23028350,0.45173479,0.25139455,1.47888272,0.39444866,0.25724518,0.29723516,0.46584861
791,0.05529967,0.49235439,0.50152492,0.48916976,0.50581271,0.47598207,-1.42888664,0.37195021,-0.18431015,0.28437822,0.05902707,0.17500915,0.27237215,0.07202235,0.42424179,1.26591654,0.26699014,0.24085747,0.20699620,0.91279918,1.27078830,0.14286476,0.15045764,0.20747973,1.26591654,1.50675690,1.73165369,1.90857967,0.26699014,0.50532075,0.67847787,0.24085747,0.42867037,0.20699620,1.50688660,0.44397035,0.30439470,0.33081289,0.46042734
792,0.05207512,0.49169085,0.50842772,0.49477160,0.51000951,0.46934949,-1.38658579,0.36065767,-0.18279781,0.27469247,0.04332767,0.17028048,0.25811666,0.05282919,0.40832071,1.22680827,0.25038747,0.23937866,0.22216110,1.11215815,1.38242503,0.14344287,0.15555639,0.21159785,1.22680827,1.45041948,1.67665773,1.85858343,0.25038747,0.48702432,0.66729047,0.23937866,0.43816648,0.22216110,1.46454094,0.43697170,0.29590011,0.32064200,0.45721512
793,0.04125892,0.47799690,0.49879361,0.50023143,0.50549056,0.47355240,-1.38143636,0.35004381,-0.17735045,0.27205158,0.05266320,0.17269135,0.26509704,0.06090875,0.42875265,1.22988655,0.25478241,0.23572929,0.21427574,1.04064427,1.36162824,0.14193927,0.15597053,0.21088756,1.22988655,1.45504129,1.67789626,1.86722845,0.25478241,0.48721091,0.67181407,0.23572929,0.43513913,0.21427574,1.46052668,0.43829675,0.30128596,0.33017913,0.46741879
794,0.04740991,0.48862992,0.50252338,0.49441030,0.50351721,0.43094093,-1.35200744,0.34449593,-0.18579471,0.26684609,0.03415500,0.18353105,0.26270862,0.07157870,0.42319455,1.18805995,0.23995241,0.24382222,0.21740708,0.95762318,1.34031086,0.14862693,0.16190561,0.21978032,1.18805995,1.40424201,1.63928710,1.82596406,0.23995241,0.48203726,0.66770864,0.24382222,0.44227692,0.21740708,1.42032711,0.41876456,0.28450863,0.32938338,0.46196492
795,0.04193843,0.47923853,0.50105119,0.50031269,0.50377531,0.44389079,-1.40874393,0.35039893,-0.19454591,0.27462959,0.02610450,0.18693764,0.25817323,0.07142767,0.42829777,1.23801868,0.24553743,0.24955733,0.21949259,0.88621891,1.30358315,0.14756439,0.15861762,0.21664441,1.23801868,1.45218726,1.69081521,1.88463982,0.24553743,0.49235557,0.68299443,0.24955733,0.45334201,0.21949259,1.47726559,0.44620100,0.30066755,0.33189634,0.46603595
796,0.03931458,0.47453064,0.49958045,0.50175592,0.50416786,0.45851282,-1.42143645,0.36392537,-0.20938497,0.29083645,0.01436317,0.20257646,0.25928793,0.08108409,0.44630662,1.23676589,0.25160596,0.26305188,0.23333797,0.88015754,1.30592096,0.14907623,0.15715138,0.21661089,1.23676589,1.45214997,1.70307053,1.91299259,0.25160596,0.51156746,0.71643884,0.26305188,0.48117602,0.23333797,1.49356429,0.47530377,0.32049918,0.34282401,0.48264322
797,0.03679458,0.46894027,0.50025138,0.50522391,0.50537510,0.47255465,-1.46180178,0.36923243,-0.22624144,0.29606967,-0.00050558,0.20725334,0.25601964,0.09252325,0.46142174,1.26127477,0.25713414,0.27520566,0.24270378,0.73065437,1.22356664,0.15103861,0.15379147,0.21555621,1.26127477,1.47785104,1.74036867,1.96589314,0.25713414,0.52879352,0.74606651,0.27520566,0.50498995,0.24270378,1.53630586,0.49476613,0.32762413,0.34283809,0.49537125
798,0.03758919,0.46825305,0.50052755,0.49900080,0.50482340,0.45733588,-1.45445298,0.35234056,-0.23626562,0.29717974,-0.00396921,0.21330938,0.25993356,0.09261266,0.45573512,1.24698542,0.26149207,0.28139749,0.23720851,0.82265078,1.29862997,0.15290584,0.15768956,0.21965016,1.24698542,1.46583165,1.73391056,1.95018074,0.26149207,0.53860886,0.74570078,0.28139749,0.50322816,0.23720851,1.52467912,0.49364233,0.33103171,0.34961188,0.48979142
799,0.03658564,0.45877697,0.50202988,0.51577404,0.51359027,0.47260375,-1.49943539,0.37496879,-0.24216692,0.30140639,-0.03047318,0.21390703,0.22906125,0.10006167,0.44455981,1.28427169,0.24001011,0.27742783,0.24882808,0.68814914,1.19071493,0.15466582,0.15122005,0.21630770,1.28427169,1.48723548,1.75139866,1.98608361,0.24001011,0.51470230,0.74401399,0.27742783,0.51597643,0.24882808,1.57215566,0.50998337,0.34294977,0.33438501,0.48522220
800,0.03755235,0.46695212,0.49621393,0.49947510,0.50826374,0.46727767,-1.48583713,0.35562257,-0.27254137,0.29866686,-0.01158681,0.20856518,0.23974653,0.09038987,0.45028553,1.24274581,0.28792662,0.27158082,0.25076904,0.78170375,1.26541401,0.15696899,0.15078377,0.21765800,1.24274581,1.49018587,1.74706038,1.97856303,0.28792662,0.55568030,0.77513016,0.27158082,0.50698345,0.25076904,1.55758205,0.50992310,0.32835550,0.32926790,0.48440784
801,0.03627857,0.46921502,0.49376167,0.49741851,0.50862947,0.45439622,-1.49424363,0.35089407,-0.27978511,0.29251808,-0.01901903,0.20913251,0.22781615,0.09571109,0.44201434,1.24372629,0.28638727,0.26448776,0.25122429,0.65909584,1.19136105,0.15987174,0.14725300,0.21735322,1.24372629,1.49109222,1.74224795,1.97610149,0.28638727,0.54755774,0.77000663,0.26448776,0.50170470,0.25122429,1.56187463,0.50560738,0.32061588,0.32054583,0.47662057
802,0.03950081,0.47248991,0.49759568,0.49729442,0.50495971,0.44722409,-1.47895147,0.34561846,-0.30748878,0.29210673,-0.03773528,0.21146054,0.20240966,0.09662282,0.42126208,1.20177571,0.29492843,0.25769132,0.25442543,0.60151502,1.16302133,0.16270785,0.14164187,0.21572266,1.20177571,1.45644720,1.70043490,1.93848104,0.29492843,0.54922184,0.77575598,0.25769132,0.49906492,0.25442543,1.54528797,0.51379359,0.31692902,0.30092324,0.45138149
803,0.04367160,0.46923757,0.49736575,0.49758178,0.50364708,0.44485940,-1.47945951,0.33896934,-0.29805282,0.28531179,-0.03288389,0.21084576,0.20515474,0.09567404,0.42902526,1.21216002,0.29337005,0.25585672,0.25729112,0.60495256,1.17584621,0.16429432,0.14092754,0.21645599,1.21216002,1.46171978,1.70263728,1.94467526,0.29337005,0.54654092,0.77564663,0.25585672,0.49933798,0.25729112,1.54496323,0.50900499,0.31196468,0.30122731,0.45508120
804,0.04696479,0.47499186,0.50323403,0.50085414,0.50306357,0.43570732,-1.47183000,0.33330203,-0.32138660,0.27947061,-0.05687331,0.20932437,0.18133133,0.09478079,0.41524652,1.18251907,0.29242335,0.25452831,0.26520171,0.49460157,1.10050035,0.16694230,0.13647007,0.21562424,1.18251907,1.43054241,1.67076988,1.92239151,0.29242335,0.54445674,0.78328494,0.25452831,0.50699369,0.26520171,1.53517273,0.51634498,0.30792038,0.28341254,0.43994158
805,0.05702695,0.47649190,0.50600559,0.49859737,0.49599302,0.41057116,-1.44770678,0.33276121,-0.33098631,0.27104400,-0.07310467,0.19564030,0.16192049,0.09019666,0.39796345,1.14573156,0.28754157,0.25419804,0.26244530,0.45293602,1.05739236,0.17094253,0.13382866,0.21709781,1.14573156,1.38804043,1.62551344,1.87693843,0.28754157,0.53975953,0.77864101,0.25419804,0.50483036,0.26244530,1.50501244,0.51784484,0.30064614,0.25823650,0.41830482
806,0.05728290,0.47749542,0.50340260,0.48692865,0.48817072,0.41296215,-1.44065978,0.33962549,-0.32684820,0.26171520,-0.07258696,0.18713827,0.17726907,0.08925350,0.40662696,1.14090721,0.29192845,0.27239009,0.25285261,0.52668441,1.15436137,0.17348838,0.13615189,0.22053470,1.14090721,1.38125466,1.63402768,1.87708264,0.29192845,0.56309153,0.79085255,0.27239009,0.51064277,0.25285261,1.49868035,0.52621191,0.29435721,0.26009702,0.42328260
807,0.05737212,0.46993615,0.50571339,0.49009726,0.48529257,0.40691083,-1.45717939,0.34205891,-0.34554120,0.27858105,-0.08254366,0.21337023,0.15524755,0.10675698,0.38695757,1.14151500,0.29472874,0.25884911,0.25719828,0.51617325,1.16765262,0.17525040,0.13009001,0.21825699,1.14151500,1.38713051,1.62495002,1.87050469,0.29472874,0.55285015,0.78635780,0.25884911,0.50203790,0.25719828,1.51293600,0.54490756,0.31794322,0.26862835,0.40998948
808,0.05713352,0.47697556,0.51334619,0.48369437,0.48108467,0.40052233,-1.46850087,0.33868496,-0.36327809,0.27457634,-0.09832456,0.20549042,0.15078884,0.09884824,0.38046858,1.13486079,0.29385209,0.27244885,0.25570934,0.66196006,1.27577869,0.17787548,0.12942334,0.21997747,1.13486079,1.38309857,1.63189958,1.87557511,0.29385209,0.56596558,0.79771414,0.27244885,0.51251565,0.25570934,1.52215330,0.55336382,0.32107480,0.25940836,0.40192929
809,0.05416928,0.48785832,0.51785963,0.49229695,0.48724562,0.40677755,-1.43377720,0.34640705,-0.34175131,0.28398743,-0.07121901,0.20720674,0.18327555,0.09565216,0.40942034,1.11689303,0.29831806,0.27532408,0.25515163,0.59456188,1.21051875,0.17935573,0.12299374,0.21747630,1.11689303,1.37310180,1.62996024,1.87118383,0.29831806,0.57247646,0.80453032,0.27532408,0.51725944,0.25515163,1.49037376,0.53448105,0.31345550,0.27954424,0.42783923
810,0.06204561,0.48490154,0.51407177,0.48317170,0.47812507,0.36107252,-1.42434683,0.32832700,-0.36340271,0.25783944,-0.10206247,0.17966926,0.13892783,0.08114173,0.36202448,1.08896889,0.29091989,0.26400975,0.24816349,0.61021179,1.25754327,0.18313461,0.12939004,0.22423217,1.08896889,1.33332895,1.57500079,1.81141030,0.29091989,0.55421190,0.77818235,0.26400975,0.49739710,0.24816349,1.46954789,0.53790301,0.30052102,0.23088878,0.38117318
811,0.06241331,0.49490916,0.51725936,0.48449706,0.48150405,0.35207912,-1.41128324,0.32199488,-0.36954852,0.25425084,-0.10302613,0.16915141,0.14165490,0.07696890,0.37479086,1.06871688,0.28997466,0.26880756,0.25420210,0.66229110,1.29554879,0.18643840,0.12826967,0.22630153,1.06871688,1.31986977,1.56537791,1.81079639,0.28997466,0.55811953,0.79302160,0.26880756,0.51050873,0.25420210,1.45481767,0.53253135,0.29792710,0.22506664,0.39227213
812,0.06279740,0.50354368,0.51450922,0.48551607,0.48716305,0.34294115,-1.40356484,0.32379730,-0.37059859,0.24804384,-0.09321999,0.15930662,0.15387999,0.06431866,0.38293627,1.05905614,0.29881357,0.26978230,0.25474561,0.77940656,1.34946798,0.18806630,0.13191265,0.22971695,1.05905614,1.32248586,1.57078399,1.81413137,0.29881357,0.56805585,0.80147942,0.26978230,0.51038546,0.25474561,1.44541816,0.52841982,0.28734686,0.22686555,0.40289400
813,0.06108499,0.49839344,0.51298998,0.48322547,0.48680016,0.34606419,-1.40436524,0.32885795,-0.35650873,0.25181764,-0.07939221,0.18275098,0.18580111,0.08803485,0.39452984,1.07195513,0.30129031,0.27962855,0.23911383,0.82243524,1.37531811,0.18788927,0.13032391,0.22866285,1.07195513,1.33522990,1.60053273,1.82333292,0.30129031,0.58014560,0.79247763,0.27962855,0.50157980,0.23911383,1.44662110,0.52414807,0.28565181,0.26602431,0.42208822
814,0.05685488,0.50931325,0.51810477,0.48036784,0.48194942,0.34457864,-1.41725910,0.31996290,-0.37941445,0.24058345,-0.10738143,0.18372248,0.16298023,0.08816008,0.37580476,1.05939482,0.29536470,0.28462866,0.24108894,1.03132892,1.45995263,0.18833373,0.12614755,0.22667774,1.05939482,1.32020682,1.58951647,1.81529187,0.29536470,0.57946298,0.79520868,0.28462866,0.50671505,0.24108894,1.45862737,0.53354425,0.28647823,0.24951587,0.39999913
815,0.05633431,0.51462675,0.50417579,0.47299772,0.49308096,0.32372977,-1.43254986,0.29706587,-0.35997225,0.22243453,-0.08735341,0.16654289,0.17509396,0.07085356,0.36670118,1.08477118,0.28921884,0.27160404,0.25027935,1.38966313,1.54422159,0.19115852,0.13555791,0.23434489,1.08477118,1.35261020,1.61630360,1.82644677,0.28921884,0.56036311,0.76151933,0.27160404,0.48661456,0.25027935,1.46911210,0.48292833,0.24707888,0.24253817,0.40257057
816,0.03789709,0.48150942,0.53311888,0.50492035,0.49499418,0.32192051,-1.41521928,0.29062303,-0.48082175,0.22027315,-0.18469453,0.15939462,0.10661053,0.07593746,0.34314007,0.96523063,0.32402718,0.31401844,0.25797280,0.37871212,1.29981219,0.19212046,0.11318888,0.22298429,0.96523063,1.24141960,1.53075145,1.77770825,0.32402718,0.63794196,0.86476309,0.31401844,0.54866525,0.25797280,1.45169299,0.62357570,0.32869618,0.20068799,0.37120621
817,0.03183417,0.43808496,0.47157570,0.54708615,0.44551839,0.37435358,-1.53593816,0.30314431,-0.43080874,0.23881641,-0.16848030,0.18321941,0.11553851,0.09459842,0.38943229,1.12977005,0.28480946,0.30594423,0.29878373,0.39858702,1.31562470,0.17890156,0.09027211,0.20038668,1.12977005,1.38060469,1.66284884,1.94892793,0.28480946,0.59060238,0.85339926,0.30594423,0.57657137,0.29878373,1.58379461,0.61599369,0.37127039,0.25249085,0.45232613
818,0.03070802,0.43576114,0.47803730,0.52037776,0.43871633,0.37939132,-1.53732794,0.30044570,-0.43567740,0.23205764,-0.17141056,0.17152118,0.09711513,0.06452460,0.34509152,1.12795232,0.29012888,0.29033459,0.28101648,0.29209523,1.19172243,0.18066759,0.09709137,0.20510366,1.12795232,1.38003806,1.64805418,1.91209138,0.29012888,0.58036411,0.82341915,0.29033459,0.54319146,0.28101648,1.58597736,0.61763912,0.36289485,0.23492001,0.40677725
819,0.04067479,0.43370991,0.45791633,0.50288071,0.43602140,0.35289928,-1.47703530,0.31956032,-0.41054901,0.25868636,-0.15593246,0.20316097,0.10823325,0.12377857,0.36789051,1.09348884,0.27814717,0.28660340,0.28249392,0.23782922,1.10597982,0.18645092,0.10972509,0.21634126,1.09348884,1.33239564,1.59307585,1.86342360,0.27814717,0.56470300,0.81050081,0.28660340,0.54122716,0.28249392,1.52143357,0.61709538,0.38448552,0.27025369,0.44595072
820,0.04113861,0.43635004,0.46414554,0.54399793,0.42735733,0.34229851,-1.47772953,0.32079997,-0.35403082,0.24237087,-0.12554659,0.18474122,0.13815506,0.09004126,0.37218085,1.15271767,0.25687606,0.28713751,0.26867746,0.17418486,0.99789339,0.18429202,0.11719615,0.21839983,1.15271767,1.36633414,1.62509314,1.87411354,0.25687606,0.54321433,0.76768742,0.28713751,0.52055045,0.26867746,1.51929936,0.58769233,0.37346988,0.27903251,0.45670937
821,0.04106673,0.43933436,0.47049359,0.54869873,0.42684866,0.35141570,-1.44813129,0.32775719,-0.33125898,0.25630453,-0.09218038,0.19571658,0.15206882,0.12739563,0.38984865,1.14208323,0.26306102,0.27189535,0.26414525,0.18354368,0.89277142,0.18738102,0.12843424,0.22717174,1.14208323,1.36799851,1.60857298,1.85715589,0.26306102,0.53453257,0.75426666,0.27189535,0.49907676,0.26414525,1.49318793,0.57246798,0.36918822,0.28779359,0.47460267
822,0.04622302,0.43655576,0.47023084,0.55631208,0.42134208,0.34583876,-1.46657284,0.32923133,-0.34597928,0.26740492,-0.09566011,0.20997228,0.13413931,0.13643175,0.38955898,1.14803021,0.27425410,0.25326032,0.28108955,0.14540178,0.79543114,0.18527053,0.13340816,0.22830442,1.14803021,1.38192915,1.60781680,1.87451866,0.27425410,0.52750098,0.76588815,0.25326032,0.50258815,0.28108955,1.50952754,0.58606318,0.37587170,0.29427845,0.48155185
823,0.04328805,0.42537586,0.47165339,0.56181780,0.40811355,0.34103236,-1.42557110,0.31369926,-0.33763777,0.24930593,-0.11105839,0.19719147,0.12496748,0.12971853,0.36392196,1.11174578,0.25297775,0.26201776,0.26677645,0.13757420,0.81298520,0.19045865,0.12785028,0.22939091,1.11174578,1.32460265,1.55756350,1.80670978,0.25297775,0.51476534,0.73158830,0.26201776,0.48981660,0.26677645,1.47071093,0.57712558,0.37358606,0.27965532,0.46101135
824,0.04713895,0.40915977,0.47587520,0.53857225,0.41881818,0.34252388,-1.35895230,0.30370385,-0.30688175,0.22562841,-0.09516304,0.15925684,0.16691602,0.09157785,0.37832947,1.07536843,0.24639813,0.29023385,0.24492853,0.12087385,0.80242164,0.19526186,0.12934293,0.23421526,1.07536843,1.27486961,1.53690501,1.75928813,0.24639813,0.53589038,0.72437262,0.29023385,0.49210666,0.24492853,1.40596813,0.54451711,0.33790401,0.26347970,0.45252461
825,0.04590464,0.40822033,0.47275002,0.53037509,0.41948511,0.35261564,-1.34094826,0.30153573,-0.28069825,0.22386454,-0.07607311,0.15136596,0.19253274,0.08023542,0.38749941,1.08192364,0.23388949,0.29652155,0.23124085,0.09964988,0.71518576,0.19588731,0.13616675,0.23856492,1.08192364,1.27772520,1.54682126,1.75432910,0.23388949,0.52984355,0.70877242,0.29652155,0.48531345,0.23124085,1.39049535,0.51810840,0.33106546,0.27688526,0.45828578
826,0.04829759,0.40492146,0.47460855,0.53421157,0.41352016,0.35879357,-1.34107613,0.30104554,-0.26559888,0.22801894,-0.07286585,0.15675565,0.18455252,0.09355657,0.37903093,1.09791754,0.22414541,0.28269976,0.22887147,0.11441369,0.70564110,0.19684037,0.13751242,0.24011622,1.09791754,1.28105354,1.53929037,1.74568275,0.22414541,0.50607612,0.68166778,0.28269976,0.47158722,0.22887147,1.39182540,0.50903256,0.32842309,0.27590001,0.45569707
827,0.04963299,0.40863138,0.48000501,0.53438040,0.41787131,0.36389729,-1.34181493,0.29274115,-0.26812964,0.21722512,-0.08088106,0.14948583,0.19028097,0.08246283,0.39699275,1.09596144,0.21737864,0.29887084,0.24513107,0.11643870,0.71161355,0.19669364,0.13767387,0.24008848,1.09596144,1.27581827,1.54717696,1.76660439,0.21737864,0.51518164,0.70137764,0.29887084,0.49656986,0.24513107,1.39412427,0.50455351,0.32715257,0.27236011,0.47038127
828,0.05000102,0.40749312,0.48230568,0.53558423,0.42216622,0.36614733,-1.34507835,0.29938791,-0.26102945,0.22173303,-0.07151506,0.15105699,0.19359071,0.08171341,0.41481336,1.10569704,0.22394552,0.29315359,0.25686122,0.13070477,0.73958047,0.19662158,0.13254001,0.23712212,1.10569704,1.28702239,1.55368775,1.78703447,0.22394552,0.51600175,0.71489690,0.29315359,0.50613684,0.25686122,1.39813445,0.50656310,0.32305659,0.27354115,0.48183604
829,0.04866855,0.40844119,0.48314635,0.53742820,0.41918785,0.37141598,-1.34813233,0.29596363,-0.27654424,0.21964637,-0.08864021,0.15138874,0.18230348,0.08356887,0.39351080,1.09538443,0.22207036,0.30031285,0.24846277,0.13075022,0.75927932,0.19668033,0.13289804,0.23737110,1.09538443,1.27462190,1.54623146,1.76972903,0.22207036,0.52121062,0.70847696,0.30031285,0.50098908,0.24846277,1.40237687,0.51636166,0.33000567,0.26548491,0.46420201
830,0.04751507,0.40934210,0.48212620,0.54595498,0.42410242,0.37944966,-1.34814700,0.29640620,-0.28774857,0.22303230,-0.08822652,0.15961099,0.16435072,0.08803478,0.39079693,1.08525789,0.23556399,0.28076841,0.26165082,0.13356810,0.80314847,0.19764567,0.12582030,0.23429588,1.08525789,1.27470350,1.52841779,1.76719748,0.23556399,0.51547712,0.71636223,0.28076841,0.49770628,0.26165082,1.40471571,0.52493059,0.32709168,0.25745392,0.46057101
831,0.04455589,0.41156918,0.48176185,0.54451699,0.42670551,0.38151792,-1.37313076,0.28868170,-0.31627167,0.21966185,-0.10500368,0.15774443,0.15868447,0.08834432,0.39121219,1.08109641,0.24128791,0.29146991,0.26518573,0.11294605,0.79175886,0.19679594,0.13332633,0.23770686,1.08109641,1.28348023,1.54808647,1.79211446,0.24128791,0.53231787,0.74136603,0.29146991,0.51329814,0.26518573,1.42946978,0.53393020,0.33151832,0.25265632,0.45952333
832,0.04101037,0.40596585,0.45984945,0.54648976,0.42212324,0.37969732,-1.35111047,0.29997207,-0.34355793,0.22937000,-0.12695506,0.17339570,0.13562252,0.11699629,0.37427175,1.03244187,0.24318753,0.28996256,0.26387045,0.11857071,0.91680813,0.20025602,0.12846841,0.23792143,1.03244187,1.23973747,1.50106489,1.74895806,0.24318753,0.53245770,0.74713065,0.28996256,0.51381188,0.26387045,1.40877821,0.56481940,0.36094189,0.26011138,0.45766750
833,0.03861523,0.41605167,0.44462840,0.48915678,0.42660603,0.37151974,-1.38564039,0.30526909,-0.37135051,0.25259029,-0.14245749,0.20931163,0.09489284,0.13587776,0.39746278,1.04291244,0.25413626,0.25684896,0.32128752,0.13616156,0.95693005,0.19912569,0.12214293,0.23360209,1.04291244,1.25628433,1.49017490,1.80312363,0.25413626,0.51075774,0.79434126,0.25684896,0.55246153,0.32128752,1.43877023,0.59062036,0.38033595,0.27887903,0.48242019
834,0.04029386,0.40963913,0.41553886,0.43078624,0.42577696,0.35929132,-1.41895796,0.30524753,-0.41891934,0.28002880,-0.17408330,0.24297780,0.05887613,0.17412307,0.36549651,1.03244662,0.28080878,0.26077941,0.32438572,0.15308247,1.10132331,0.19859837,0.10907825,0.22658195,1.03244662,1.25275134,1.48241118,1.79604649,0.28080878,0.54116768,0.81242637,0.26077941,0.55073451,0.32438572,1.46847014,0.63607532,0.40403341,0.27832419,0.45278058
835,0.03442574,0.42818656,0.45518720,0.46445262,0.44705422,0.34863994,-1.48991760,0.28540556,-0.44631818,0.25443486,-0.19488543,0.22100005,0.06953274,0.16993316,0.39216591,1.06948293,0.28487652,0.28273581,0.33660344,0.12970125,1.15718058,0.19714122,0.09398339,0.21839766,1.06948293,1.30191453,1.56466532,1.89231529,0.28487652,0.56632376,0.85846110,0.28273581,0.59324679,0.33660344,1.53419533,0.62749367,0.38098775,0.25717177,0.46890858
836,0.03348846,0.42886226,0.47807096,0.49716527,0.45068950,0.35085309,-1.52733513,0.29242582,-0.41490585,0.25056991,-0.17028292,0.20858555,0.08337888,0.15914898,0.38224538,1.13311741,0.27835931,0.27441701,0.31508665,0.21872928,1.24633985,0.19582311,0.09914324,0.21949048,1.13311741,1.36318530,1.61704977,1.92053613,0.27835931,0.55189312,0.81945937,0.27441701,0.56011632,0.31508665,1.57101700,0.59904867,0.35870239,0.24434654,0.45262536
837,0.02440338,0.45123606,0.49339864,0.52713469,0.44978569,0.36101945,-1.63253691,0.28559938,-0.53320237,0.25592360,-0.24765069,0.21767569,0.04938669,0.15995746,0.35635966,1.11964588,0.30340015,0.31131314,0.32051488,0.99143294,1.52415048,0.19337508,0.09937386,0.21741454,1.11964588,1.39248599,1.68809047,2.00093482,0.30340015,0.61445628,0.90525242,0.31131314,0.61172688,0.32051488,1.67447874,0.67076578,0.40448566,0.24744398,0.42953949
838,0.02045103,0.47515533,0.52441600,0.50601903,0.47490214,0.34643796,-1.66269718,0.27273831,-0.59033363,0.23717279,-0.25275529,0.22377919,0.02313776,0.15161833,0.28606740,1.09696114,0.35317805,0.29165820,0.27467967,0.92174385,1.53265185,0.19557210,0.10178276,0.22047263,1.09696114,1.41937089,1.69051930,1.95943066,0.35317805,0.64442744,0.89870180,0.29165820,0.54889766,0.27467967,1.69886560,0.69977343,0.38214889,0.23482325,0.33903668
839,0.01906743,0.48645619,0.53670748,0.48875596,0.46970944,0.36500814,-1.69289289,0.27410913,-0.55399337,0.23802201,-0.21613210,0.23617776,0.03356025,0.18343617,0.27711377,1.16469328,0.35452187,0.26924060,0.25127917,0.13794704,1.33146543,0.19472242,0.09223363,0.21546198,1.16469328,1.48747338,1.73142396,1.97916555,0.35452187,0.62241945,0.85306649,0.26924060,0.50095334,0.25127917,1.73193973,0.66617728,0.35365816,0.24306491,0.34156367
840,0.04250256,0.48099622,0.51625952,0.46619065,0.45579834,0.30996771,-1.49583844,0.23878791,-0.49122674,0.21149192,-0.22441697,0.19318185,0.04148981,0.14172110,0.29229056,1.03041227,0.28332902,0.28033065,0.25701450,0.16059285,1.21816700,0.21320860,0.12380973,0.24654970,1.03041227,1.28148477,1.54226653,1.79710117,0.28332902,0.56357745,0.80470792,0.28033065,0.52535062,0.25701450,1.52788611,0.57800132,0.32349769,0.19788833,0.32655278
841,0.05177525,0.47999775,0.49494432,0.45035848,0.44290572,0.30153538,-1.55267784,0.26709335,-0.52613553,0.22635901,-0.25422526,0.20749653,0.00355164,0.14520292,0.27118760,1.05005091,0.28862717,0.27141448,0.27490327,0.07904778,1.05383103,0.20832187,0.12663530,0.24379192,1.05005091,1.30715089,1.55979467,1.83139419,0.28862717,0.55967846,0.82284231,0.27141448,0.53689917,0.27490327,1.58268279,0.61190927,0.34840637,0.20770289,0.30761506
842,0.06168275,0.48443828,0.47550249,0.44348832,0.43376274,0.29103342,-1.56292540,0.27859582,-0.50741067,0.23293054,-0.23956082,0.20736222,0.03542008,0.16888251,0.26287196,1.07791438,0.28265803,0.29159515,0.23238320,0.07228970,1.10052623,0.20883623,0.14167650,0.25235848,1.07791438,1.33205523,1.60121720,1.83140795,0.28265803,0.57371183,0.79116643,0.29159515,0.51072143,0.23238320,1.59381776,0.58831340,0.33523528,0.22061131,0.31479744
843,0.05616212,0.48919918,0.49088689,0.45566177,0.43350888,0.29403421,-1.58081155,0.26045792,-0.54247046,0.21900248,-0.26933331,0.19850863,0.01748162,0.16219371,0.25815427,1.06223305,0.29383690,0.29988134,0.24367338,0.06402669,0.89602083,0.20744724,0.13086986,0.24527796,1.06223305,1.31922105,1.60155630,1.84430749,0.29383690,0.59303244,0.82510363,0.29988134,0.53560780,0.24367338,1.61150871,0.61247478,0.34741634,0.21159373,0.31063628
844,0.05362163,0.49204949,0.47646983,0.44469031,0.43234749,0.31856863,-1.58027555,0.28153629,-0.54933965,0.24608658,-0.26404055,0.20784854,0.04041905,0.17280034,0.28943709,1.05048217,0.30003760,0.31882831,0.25153700,0.06460089,0.87885041,0.20619679,0.12424682,0.24073718,1.05048217,1.32301446,1.62467798,1.87565181,0.30003760,0.61884788,0.86206952,0.31882831,0.56413426,0.25153700,1.61545002,0.62436265,0.36102447,0.22587760,0.34489914
845,0.06142192,0.46922915,0.45494030,0.43154559,0.42665038,0.33084307,-1.45923757,0.28259726,-0.55801744,0.25936609,-0.26139307,0.20860770,0.06052706,0.16802050,0.30345967,0.92153171,0.30591595,0.33924901,0.24650743,0.08357284,0.89767255,0.20588738,0.12328453,0.23997644,0.92153171,1.20548658,1.52481571,1.77047308,0.30591595,0.64452858,0.88282085,0.33924901,0.57834180,0.24650743,1.50172758,0.62821433,0.36845554,0.24212745,0.36014100
846,0.06073409,0.49799728,0.47514626,0.44629500,0.45049507,0.32571268,-1.57990151,0.26909342,-0.53240330,0.24408618,-0.22415654,0.19976330,0.09379763,0.15707072,0.36190953,1.06367212,0.32213520,0.33675528,0.27148983,0.06678410,0.77112565,0.20038877,0.11383049,0.23046266,1.06367212,1.36090320,1.67850745,1.94918820,0.32213520,0.65859685,0.92155814,0.33675528,0.60120535,0.27148983,1.61425387,0.60763783,0.33237067,0.23350334,0.40188765
847,0.06869456,0.47916911,0.46912042,0.45028917,0.45109330,0.33319276,-1.57424873,0.28096320,-0.55587237,0.24907187,-0.25755744,0.20206749,0.06156366,0.14840960,0.35127192,1.02874032,0.30885922,0.33227263,0.29465026,0.05355674,0.66534256,0.19788610,0.11122319,0.22700112,1.02874032,1.32085940,1.64114898,1.93441876,0.30885922,0.64101218,0.92899392,0.33227263,0.62185281,0.29465026,1.61010428,0.62793049,0.35834807,0.22361134,0.38777982
848,0.07177591,0.47928391,0.46252152,0.44877642,0.44630560,0.33463127,-1.62711875,0.27741480,-0.58950425,0.24656522,-0.29101171,0.20511616,0.03083665,0.15651752,0.31415421,1.04542546,0.30734786,0.33385390,0.28753658,0.04394010,0.58705239,0.19266760,0.11035985,0.22203626,1.04542546,1.33985100,1.66329300,1.94979148,0.30734786,0.64112405,0.92424562,0.33385390,0.61774292,0.28753658,1.66182571,0.65499468,0.38142257,0.22141692,0.36096689
849,0.06880445,0.47572222,0.45733358,0.44341973,0.44571236,0.31632890,-1.61363621,0.26210696,-0.57603476,0.23191241,-0.29882144,0.19223461,0.01883374,0.14327689,0.30744775,1.04076027,0.28340520,0.32798419,0.29285933,0.01589541,0.48280532,0.19611888,0.11292684,0.22630751,1.04076027,1.31755703,1.63834419,1.93014046,0.28340520,0.61125024,0.90093013,0.32798419,0.61789431,0.29285933,1.64445944,0.63420357,0.37837242,0.20935879,0.35073331
850,0.06875950,0.48281825,0.46557376,0.44644467,0.44475444,0.31451619,-1.59883103,0.25546919,-0.56954898,0.23152595,-0.29145377,0.18775041,0.02140906,0.13350786,0.30157352,1.03216503,0.28275458,0.32344804,0.28582924,0.02938746,0.43715162,0.19771680,0.11446874,0.22846230,1.03216503,1.31001604,1.62649176,1.91073449,0.28275458,0.60576165,0.88929541,0.32344804,0.60714732,0.28582924,1.62948385,0.62573525,0.37222611,0.20188815,0.34116626
851,0.07455194,0.47951652,0.46621450,0.44495961,0.44294987,0.31553799,-1.58556813,0.24386138,-0.58841903,0.22708650,-0.30044369,0.18374554,0.01147833,0.13428691,0.29302627,1.00099535,0.29204303,0.32110444,0.28660704,0.02873021,0.38408707,0.19677489,0.11581372,0.22832690,1.00099535,1.28817407,1.60351839,1.88895079,0.29204303,0.61255321,0.89754871,0.32110444,0.60644597,0.28660704,1.61670611,0.63810078,0.37667981,0.19696349,0.33484795
852,0.07682938,0.47499337,0.46190297,0.43862430,0.43340310,0.29810159,-1.57841615,0.23002187,-0.59923243,0.21959145,-0.31123556,0.17896900,-0.00330933,0.13383250,0.27318272,0.98193104,0.29050562,0.31675015,0.28099074,0.02089089,0.34833462,0.19830184,0.11960576,0.23157970,0.98193104,1.26964371,1.58121601,1.86119824,0.29050562,0.60620885,0.88593214,0.31675015,0.59659719,0.28099074,1.60631948,0.64246769,0.38100577,0.19254546,0.31799617
853,0.07590195,0.47014057,0.45788694,0.43461205,0.42894621,0.29148252,-1.58515331,0.22696159,-0.58943100,0.21575144,-0.30698179,0.17492516,-0.00128619,0.12715276,0.27051557,0.99781703,0.28365616,0.31361189,0.27677228,0.01756080,0.33720504,0.19813087,0.12077456,0.23203951,0.99781703,1.28056945,1.59001064,1.86550567,0.28365616,0.59590436,0.87165853,0.31361189,0.58943351,0.27677228,1.61173025,0.63163524,0.37568889,0.19062373,0.31420011
854,0.07651733,0.48391138,0.46288109,0.43830399,0.42694523,0.27657729,-1.58332055,0.22545709,-0.56751021,0.20966134,-0.29119817,0.16802842,0.01396267,0.12046582,0.28195109,1.01712522,0.27851758,0.31187247,0.27320172,0.03123302,0.28366612,0.19645961,0.12281772,0.23169068,1.01712522,1.29406697,1.60261047,1.87426341,0.27851758,0.58979165,0.86221183,0.31187247,0.58458866,0.27320172,1.60730017,0.61076432,0.35935955,0.18206402,0.32021122
855,0.07573510,0.47757451,0.46295563,0.43764951,0.43036082,0.28702470,-1.58972885,0.21974865,-0.57721263,0.20463636,-0.28408499,0.16793996,0.02220250,0.12194414,0.29418831,1.01480302,0.29561544,0.31265293,0.27699345,0.02687515,0.26752168,0.19379423,0.12138807,0.22867284,1.01480302,1.30847334,1.61809106,1.89381866,0.29561544,0.60777724,0.88390193,0.31265293,0.58909087,0.27699345,1.61545783,0.61793849,0.35046045,0.18198135,0.33138770
856,0.07663454,0.47161464,0.46062016,0.43704328,0.43502378,0.28313022,-1.59158173,0.21396020,-0.59124937,0.20020842,-0.29474889,0.16486758,0.01383992,0.11922594,0.29478195,1.00274720,0.29898268,0.31415582,0.28545958,0.02779735,0.24571584,0.19143191,0.12069613,0.22630452,1.00274720,1.29979696,1.61155253,1.89598220,0.29898268,0.61272472,0.89722354,0.31415582,0.59904278,0.28545958,1.61665099,0.62921305,0.35652921,0.17580557,0.32819914
857,0.07526814,0.46098495,0.45837114,0.43748558,0.43731586,0.29044597,-1.62002355,0.20817385,-0.62747128,0.20029163,-0.31716965,0.16468713,-0.00431534,0.11999167,0.28320662,0.99596076,0.31206153,0.31857729,0.29175032,0.01744534,0.23689600,0.19046551,0.12163813,0.22599324,0.99596076,1.30629407,1.62244983,1.91340096,0.31206153,0.62984703,0.92058673,0.31857729,0.60971814,0.29175032,1.64595618,0.66144774,0.37527248,0.17506121,0.31792836
858,0.07989627,0.46395679,0.46145550,0.44028921,0.43799139,0.28870751,-1.60104311,0.20977846,-0.61806063,0.19995428,-0.30476999,0.16283882,0.00812435,0.11540923,0.29351745,0.98617761,0.31532887,0.31808723,0.28974698,0.02926972,0.22683433,0.19221313,0.12374536,0.22860184,0.98617761,1.29957921,1.61560546,1.90441655,0.31532887,0.63276751,0.92125306,0.31808723,0.60715714,0.28974698,1.62696258,0.65319514,0.36461400,0.17123900,0.32270252
859,0.07735266,0.45361940,0.45315639,0.43927471,0.43945991,0.30023727,-1.60012487,0.20827308,-0.64663824,0.20741976,-0.33178124,0.16875532,-0.00809100,0.11807286,0.28738334,0.95795353,0.31623066,0.32942619,0.30000391,0.01821674,0.25623095,0.19383621,0.12295440,0.22954359,0.95795353,1.27189959,1.59889604,1.89793265,0.31623066,0.64437145,0.94250440,0.32942619,0.62833384,0.30000391,1.62814261,0.67986793,0.39129324,0.17630332,0.31676580
860,0.07719364,0.46637267,0.46865957,0.44622344,0.43998275,0.30360194,-1.59544825,0.21169037,-0.64097993,0.21381114,-0.32433661,0.17500083,-0.01361070,0.13168934,0.27553815,0.95917226,0.31917822,0.31822899,0.29264382,0.03030594,0.30566079,0.19639886,0.12033398,0.23033189,0.95917226,1.27438661,1.58874539,1.88082513,0.31917822,0.63584841,0.92647538,0.31822899,0.60941495,0.29264382,1.62430878,0.67694953,0.38862149,0.18142007,0.31092497
861,0.07581423,0.46779513,0.47179386,0.44922439,0.44310813,0.31150075,-1.60472625,0.21660392,-0.64168137,0.22021627,-0.32019117,0.18290956,-0.01007248,0.14122320,0.27335397,0.96824020,0.32420916,0.31743365,0.28700324,0.02594607,0.32951057,0.19762333,0.11829709,0.23032408,0.96824020,1.28781089,1.60120064,1.88763706,0.32420916,0.64010022,0.92539581,0.31743365,0.60332789,0.28700324,1.63486819,0.67963650,0.38890385,0.18781483,0.31325313
862,0.07569768,0.47270274,0.46943972,0.44844610,0.44624779,0.33068083,-1.62306238,0.24113712,-0.62809973,0.23591372,-0.31880390,0.19392338,-0.00585778,0.14897346,0.27828551,0.99980944,0.31155397,0.32069287,0.28850471,0.02514888,0.35033545,0.19498112,0.11997929,0.22893813,0.99980944,1.30770163,1.62382685,1.91145856,0.31155397,0.63094625,0.91828863,0.32069287,0.60839696,0.28850471,1.65642458,0.67359676,0.39662256,0.20318309,0.32617833
863,0.07328236,0.47363712,0.46954183,0.45218497,0.45258294,0.34360863,-1.64905734,0.26100695,-0.63307362,0.25130823,-0.32453614,0.21069077,-0.00513321,0.16229750,0.28576818,1.02069111,0.31143600,0.32848690,0.29537086,0.02812249,0.40001664,0.19221351,0.11574688,0.22437329,1.02069111,1.32778150,1.65016516,1.94457905,0.31143600,0.63886687,0.93228282,0.32848690,0.62215771,0.29537086,1.68450972,0.68604279,0.41046294,0.22041433,0.33852875
864,0.07427214,0.47011977,0.46343489,0.45529024,0.46154138,0.34077435,-1.65101571,0.28075486,-0.62642416,0.26520337,-0.32716002,0.22360313,0.00667495,0.17660793,0.30537842,1.02900081,0.30356075,0.34157396,0.30238174,0.02317555,0.47670746,0.19050956,0.11121704,0.22059719,1.02900081,1.32625379,1.66216918,1.96353389,0.30356075,0.64471408,0.94358199,0.34157396,0.64130301,0.30238174,1.68626227,0.68735939,0.42136066,0.23515264,0.35983038
865,0.07269514,0.46160304,0.45077823,0.44746222,0.45527229,0.32892893,-1.61752689,0.27934633,-0.62117888,0.26215240,-0.33136859,0.21162594,0.00077441,0.17290700,0.29510152,1.00095485,0.29287257,0.34059104,0.29696362,0.00893724,0.54783243,0.19061847,0.11126679,0.22071633,1.00095485,1.28862610,1.62259462,1.91898729,0.29287257,0.63273100,0.92651690,0.34059104,0.63462939,0.29696362,1.65235123,0.68113389,0.42372310,0.22910457,0.35126494
866,0.07208179,0.47563147,0.46531250,0.45550820,0.46003645,0.33876045,-1.60506505,0.28767309,-0.60902141,0.25740858,-0.30097972,0.21581446,0.03534599,0.15979971,0.32730405,1.00406632,0.31595431,0.34546440,0.29732234,0.03271799,0.51222357,0.18943914,0.10788757,0.21800669,1.00406632,1.30767462,1.64507655,1.94073558,0.31595431,0.66136506,0.95465914,0.34546440,0.63987596,0.29732234,1.64107283,0.67715097,0.39609165,0.22696083,0.37008225
867,0.06730772,0.47264615,0.46732786,0.45139958,0.44991315,0.35667527,-1.55489623,0.28301052,-0.61433547,0.26583589,-0.28289195,0.22786676,0.03566632,0.16871116,0.29958808,0.95523523,0.34634971,0.33043603,0.27091958,0.03256972,0.57354370,0.18589244,0.10811869,0.21504802,0.95523523,1.27624752,1.59602518,1.86450861,0.34634971,0.67623872,0.94121154,0.33043603,0.59807714,0.27091958,1.59553728,0.68712983,0.38881815,0.23762517,0.35144605
868,0.05821551,0.28153216,0.45100874,0.43416564,0.43175351,0.40815554,-1.08948105,0.26726744,-0.99141262,0.26405909,-0.31588458,0.23751750,0.00373976,0.18316913,0.27903961,0.26991067,0.68506529,0.33773132,0.28183917,0.04069336,0.64422955,0.19988936,0.10956791,0.22794930,0.26991067,0.79254702,1.10651662,1.38740258,0.68506529,1.01954753,1.29677012,0.33773132,0.61475481,0.28183917,1.16377239,1.04244581,0.41697702,0.24085719,0.34026051
869,0.08257107,0.05348295,0.51517230,0.43721934,0.41691191,0.47772671,-0.85805122,0.29132982,-1.52612110,0.28118451,-0.28897401,0.25907292,0.03181291,0.20539604,0.31392661,0.77002469,1.24232445,0.35618470,0.28844326,0.08640769,0.80803632,0.20533151,0.12502170,0.24039853,0.77002469,0.64156012,0.91888466,1.20391442,1.24232445,1.58081828,1.86522293,0.35618470,0.63381204,0.28844326,0.98695044,1.57157871,0.42174117,0.26268518,0.37938998
870,0.07752447,0.08153394,0.45900896,0.41718521,0.41566277,0.37146451,-0.90652289,0.24984737,-1.43339981,0.24161784,-0.22562345,0.22220177,0.08379133,0.19400968,0.35935935,0.69079768,1.24295521,0.32517682,0.27786070,0.09515426,1.07953876,0.21796786,0.14765228,0.26327017,0.69079768,0.70646056,1.00223103,1.27966966,1.24295521,1.56716192,1.83136224,0.32517682,0.59186042,0.27786070,0.98988645,1.48326060,0.33062716,0.25905523,0.41648584
871,0.06332002,0.28581261,0.46164427,0.44189669,0.45909770,0.24206241,-1.44325047,0.21524197,-0.99256929,0.22722940,-0.28245058,0.21281750,0.07009777,0.20421132,0.32777759,0.51896783,0.73286448,0.38442605,0.25810205,-0.00515166,1.02527477,0.21075189,0.12530357,0.24518838,0.51896783,1.16332444,1.51561082,1.77264151,0.73286448,1.11373251,1.35894126,0.38442605,0.62664076,0.25810205,1.46345582,1.04458993,0.36801876,0.24114592,0.39381873
872,0.05916882,0.25547960,0.45981615,0.44196952,0.43930191,0.31729686,-1.37861785,0.25264124,-1.06697697,0.27402484,-0.31149456,0.25031055,0.03807853,0.21097046,0.27624497,0.43926350,0.77315554,0.39062621,0.24141416,0.04141443,1.03581168,0.20562645,0.12587846,0.24109671,0.43926350,1.07710772,1.41866132,1.65854249,0.77315554,1.15491374,1.38439607,0.39062621,0.61494891,0.24141416,1.41484995,1.13156464,0.43095172,0.25932591,0.35159851
873,0.06116630,0.44601441,0.48689025,0.45577842,0.45936943,0.25286818,-1.53100148,0.24962546,-0.60913065,0.23862996,-0.22041879,0.21586671,0.09707721,0.19930217,0.32850269,0.94822019,0.41732093,0.35593547,0.23201769,-0.04191745,1.04990061,0.20924103,0.12891183,0.24576426,0.94822019,1.31255483,1.63091688,1.86240529,0.41732093,0.77228384,0.98914565,0.35593547,0.57298815,0.23201769,1.55179509,0.69885335,0.33532622,0.24862886,0.39175285
874,0.06414664,0.37904616,0.47947429,0.45179890,0.44935758,0.29951407,-1.43994398,0.25327844,-0.75275964,0.25276029,-0.25827422,0.23745380,0.06035504,0.20550712,0.29950272,0.73986823,0.52037415,0.36087266,0.24208668,0.02629509,1.02878834,0.21114082,0.12303278,0.24437167,0.73986823,1.18753186,1.50280248,1.74383935,0.52037415,0.87797976,1.11018183,0.36087266,0.59068460,0.24208668,1.47083668,0.84376972,0.38166478,0.24927623,0.36913968
875,0.06286076,0.42390847,0.49740347,0.46009599,0.45759987,0.25666523,-1.44823517,0.24953276,-0.64426137,0.22834253,-0.23305205,0.21903199,0.06541519,0.18768955,0.31525850,0.84047847,0.43776128,0.33318046,0.25265853,-0.02318862,0.97326277,0.21475305,0.12833692,0.25017841,0.84047847,1.21931954,1.51499414,1.76632260,0.43776128,0.76969844,1.01248511,0.33318046,0.57507795,0.25265853,1.47092437,0.73954141,0.34599509,0.23090954,0.37076913
876,0.05810568,0.46121321,0.49894718,0.46091552,0.45531038,0.25180712,-1.46807159,0.28037338,-0.56895329,0.22854672,-0.20835278,0.21468265,0.08534669,0.18287795,0.32171580,0.92371324,0.38874111,0.32888309,0.23860713,-0.06730233,1.12210957,0.21843468,0.13224575,0.25534809,0.92371324,1.26211366,1.55558507,1.79291668,0.38874111,0.71590058,0.94180604,0.32888309,0.55401848,0.23860713,1.48982668,0.67834948,0.32655522,0.23490203,0.37338039
877,0.06370323,0.49254807,0.47122716,0.45214869,0.45358005,0.23121436,-1.38876283,0.22755956,-0.47519435,0.20587793,-0.17655129,0.18856825,0.10414637,0.15692992,0.30796246,0.91976314,0.31452065,0.30076973,0.20841757,-0.09441163,1.27490191,0.23017947,0.15526466,0.27765032,0.91976314,1.21251960,1.49662536,1.69965041,0.31452065,0.61507921,0.80513324,0.30076973,0.49298411,0.20841757,1.40804358,0.54220988,0.27307010,0.22804658,0.34854627
878,0.05790916,0.47619627,0.51593071,0.47868522,0.47675165,0.20033662,-1.49300029,0.22003497,-0.47598652,0.19601499,-0.18423851,0.20138561,0.10781641,0.17258688,0.37110754,1.03239694,0.30595740,0.30951019,0.26493812,0.01324967,1.41354802,0.22003978,0.11359840,0.24763300,1.03239694,1.31168987,1.60088586,1.86433360,0.30595740,0.61463047,0.86834250,0.30951019,0.56406201,0.26493812,1.50674134,0.56464670,0.29473369,0.22914612,0.41000696
879,0.04503122,0.46463260,0.53840733,0.48438273,0.48043306,0.22999098,-1.59320277,0.26457984,-0.49729352,0.22567841,-0.21114641,0.21295609,0.05334695,0.17010051,0.30968153,1.12411419,0.30799834,0.28806369,0.26162217,0.14026522,1.37749015,0.19606679,0.11008627,0.22485812,1.12411419,1.38920993,1.64686450,1.90469038,0.30799834,0.59539334,0.83451442,0.28806369,0.53037921,0.26162217,1.61017816,0.63189531,0.35726833,0.22919354,0.36609687
880,0.03924495,0.41845881,0.45786517,0.46526277,0.42126712,0.19896193,-1.62897147,0.28598300,-0.49374988,0.26410635,-0.22818798,0.25999959,0.00372335,0.22043219,0.24721640,1.16062109,0.29678214,0.25450701,0.25233216,0.06587026,1.12336372,0.19396958,0.09061361,0.21409116,1.16062109,1.40548299,1.63386709,1.87680092,0.29678214,0.55098700,0.76588802,0.25450701,0.48019548,0.25233216,1.64573234,0.66883795,0.41166054,0.28372372,0.37075419
881,0.04625118,0.40512623,0.45384689,0.49815871,0.43760520,0.16596726,-1.53482912,0.25099307,-0.43444908,0.20348892,-0.17986583,0.18711718,0.10922426,0.15856660,0.32827451,1.12640580,0.29661881,0.30979359,0.23232975,0.09507042,1.03245042,0.20835208,0.08830021,0.22629078,1.12640580,1.35787728,1.64445466,1.86360141,0.29661881,0.60378900,0.78974822,0.30979359,0.51154863,0.23232975,1.54842901,0.60900169,0.33760956,0.23476976,0.39909064
882,0.04006742,0.39541184,0.42511520,0.41747017,0.44439385,0.15980169,-1.45913035,0.27605042,-0.41493360,0.24063082,-0.16145069,0.22968284,0.06937111,0.18244442,0.39390349,1.07266988,0.29176449,0.24598881,0.33250247,0.06228475,0.90652116,0.21570247,0.09674656,0.23640527,1.07266988,1.30242408,1.53011981,1.85375955,0.29176449,0.53577555,0.83170693,0.24598881,0.55917344,0.33250247,1.47314851,0.60387484,0.35263306,0.26676966,0.46672936
883,0.03807420,0.37682607,0.41320693,0.40992920,0.44523933,0.17759024,-1.43305476,0.30688570,-0.42848104,0.26187568,-0.18649231,0.23728975,0.04632595,0.19525319,0.38240508,1.03476738,0.28119089,0.24974997,0.34207840,0.05595000,1.00895353,0.21925851,0.09776765,0.24006834,1.03476738,1.25170838,1.48062671,1.81591928,0.28119089,0.52913827,0.83702541,0.24974997,0.57411209,0.34207840,1.44994800,0.62872478,0.38229292,0.26985535,0.46100912
884,0.03959832,0.40683583,0.46047502,0.46603623,0.46542511,0.19159912,-1.48030552,0.26500098,-0.43666196,0.21645064,-0.18356928,0.18888185,0.06596089,0.14161544,0.38331174,1.06741534,0.29433068,0.26827509,0.33133575,0.09342968,1.14692554,0.21663465,0.09121522,0.23505486,1.06741534,1.29883310,1.54647287,1.86517606,0.29433068,0.56078970,0.84339916,0.26827509,0.57192295,0.33133575,1.49757208,0.60970316,0.34194865,0.22197388,0.44605767
885,0.03906945,0.41580038,0.45186981,0.47071056,0.46673697,0.18904569,-1.44105230,0.27680649,-0.40295323,0.21771843,-0.15468085,0.20132932,0.09466521,0.15523507,0.40838942,1.06103707,0.28384668,0.26380001,0.32655296,0.08535036,1.08096080,0.22161470,0.09457975,0.24095312,1.06103707,1.28898487,1.53578585,1.85108811,0.28384668,0.54490189,0.83075636,0.26380001,0.56656397,0.32655296,1.45851729,0.58604363,0.33302476,0.25016196,0.47739748
886,0.03889613,0.41529315,0.45941693,0.47275512,0.47015912,0.19262309,-1.43572846,0.28415357,-0.39723633,0.23017724,-0.14586971,0.20900904,0.08660085,0.17123216,0.42057948,1.06205457,0.28593119,0.24705740,0.34306342,0.06122033,0.97064961,0.22291422,0.10493271,0.24637699,1.06205457,1.29273886,1.52242102,1.85758481,0.28593119,0.53122419,0.83691651,0.24705740,0.56963815,0.34306342,1.45321827,0.58315142,0.33421749,0.25270605,0.48896128
887,0.04014619,0.40667532,0.48061729,0.50596456,0.48894835,0.20760514,-1.40371605,0.27021904,-0.38058328,0.22474988,-0.14274322,0.19904145,0.10983938,0.16325108,0.42836482,1.04501796,0.28480972,0.27090266,0.33025395,0.10191795,1.12842202,0.22488617,0.10058726,0.24635663,1.04501796,1.26221898,1.51413775,1.83302086,0.28480972,0.55256492,0.83248145,0.27090266,0.57460407,0.33025395,1.42443051,0.57034023,0.32016976,0.24212696,0.48649375
888,0.03884662,0.42924570,0.47099039,0.51191142,0.46020307,0.21241369,-1.46151066,0.28038368,-0.38405887,0.23225562,-0.14669305,0.21528951,0.09255286,0.17959571,0.40379207,1.10156855,0.26910834,0.25391384,0.32176648,0.15636295,1.21738304,0.22052625,0.11723353,0.24975094,1.10156855,1.31888854,1.55417375,1.86784374,0.26910834,0.52120528,0.80439736,0.25391384,0.55308722,0.32176648,1.48036673,0.57354303,0.34179343,0.26329372,0.48241570
889,0.03719493,0.45313237,0.47331531,0.54332695,0.43627361,0.22957188,-1.50135354,0.27729841,-0.42689727,0.23954227,-0.16503251,0.21678295,0.10650746,0.15138206,0.39319335,1.10126930,0.28135972,0.28113580,0.30357241,0.09049786,1.09322374,0.21747971,0.12642547,0.25155680,1.10126930,1.34378010,1.60951688,1.90187202,0.28135972,0.56158486,0.83451149,0.28113580,0.56517916,0.30357241,1.52058590,0.59620482,0.36149995,0.28194921,0.47571871
890,0.04054929,0.43762201,0.46020319,0.51170020,0.43571411,0.22964685,-1.51175320,0.29845366,-0.41070798,0.25453806,-0.16872754,0.22573131,0.07681778,0.14077186,0.38174806,1.12959437,0.26279751,0.25762565,0.32572887,0.10257935,1.15732189,0.21426573,0.12746365,0.24931262,1.12959437,1.35162417,1.59047589,1.90187363,0.26279751,0.51982583,0.81279864,0.25762565,0.56212553,0.32572887,1.53090387,0.59862296,0.37904732,0.28282107,0.46684209
891,0.03738008,0.44196334,0.46659387,0.54091812,0.42894258,0.24049580,-1.48262039,0.28484299,-0.40134729,0.24402224,-0.15836176,0.21620070,0.10212293,0.13976381,0.38825150,1.10703186,0.26091683,0.27110398,0.30547962,0.08495447,1.02318558,0.21552042,0.13315672,0.25333725,1.10703186,1.33244102,1.58682826,1.87977577,0.26091683,0.53142927,0.80686893,0.27110398,0.55649048,0.30547962,1.50394268,0.58147543,0.36704943,0.28442805,0.47188141
892,0.03922635,0.43485130,0.46687479,0.54549620,0.43626827,0.25173636,-1.49364232,0.29357643,-0.36904828,0.24907064,-0.13608833,0.21640809,0.11145705,0.13291052,0.38676269,1.14948845,0.25107926,0.26210147,0.29575579,0.09929487,1.02719687,0.21360195,0.13315984,0.25170883,1.14948845,1.36602009,1.60710751,1.88940415,0.25107926,0.51294800,0.77833459,0.26210147,0.53571395,0.29575579,1.51643038,0.56242438,0.36162644,0.28302859,0.46110645
893,0.03999426,0.43810357,0.46110740,0.53304746,0.42873362,0.25681366,-1.50127666,0.29661987,-0.38303782,0.25253386,-0.13876345,0.21748826,0.11204816,0.13206814,0.40071359,1.14630787,0.26262357,0.26453311,0.31061619,0.10776411,1.01509508,0.21254274,0.13514826,0.25187193,1.14630787,1.37225659,1.61613341,1.91305722,0.26262357,0.52695937,0.80540943,0.26453311,0.55276350,0.31061619,1.52497483,0.58330412,0.37442723,0.29379071,0.48500240
894,0.04103394,0.43372920,0.46447987,0.55548844,0.43154639,0.24921305,-1.48035150,0.30475633,-0.34856059,0.26143330,-0.11996692,0.22953331,0.11793337,0.14713322,0.37007620,1.15864841,0.24696383,0.25624359,0.27752412,0.12115233,1.06723457,0.21575627,0.14451962,0.25968575,1.15864841,1.36968825,1.59990330,1.85936417,0.24696383,0.50303017,0.74132054,0.25624359,0.50326225,0.27752412,1.50301751,0.56054799,0.37027392,0.29525174,0.45742982
895,0.03923095,0.44659693,0.46776227,0.53729012,0.42426981,0.24093578,-1.47772801,0.29991031,-0.39674446,0.27112633,-0.13820666,0.24656255,0.09451881,0.16809199,0.36318755,1.10869013,0.27365768,0.24412108,0.28878258,0.08791439,1.01144361,0.21612758,0.14590260,0.26076560,1.10869013,1.34870379,1.57453576,1.84893044,0.27365768,0.51772988,0.77577216,0.24412108,0.51187379,0.28878258,1.49883711,0.58515119,0.37748082,0.30560304,0.45908210
896,0.04132646,0.41987589,0.41666112,0.37675952,0.37939405,0.23411516,-1.45403827,0.32746300,-0.38143899,0.29682386,-0.15211151,0.30192257,0.06663585,0.24267838,0.36946041,1.10373793,0.24858810,0.22742146,0.31259088,0.10772306,1.04385146,0.21929542,0.13267978,0.25630920,1.10373793,1.31227961,1.52484888,1.82889248,0.24858810,0.47413897,0.76264657,0.22742146,0.52451207,0.31259088,1.47490430,0.59722798,0.40599803,0.35260089,0.49353374
897,0.03833929,0.44164996,0.45265439,0.41459379,0.38673668,0.23149673,-1.49565191,0.30530783,-0.40282180,0.27551518,-0.18665425,0.27696868,0.03534252,0.22290396,0.32537769,1.12158033,0.23648421,0.23211329,0.30338891,0.09976945,1.13626539,0.21927821,0.14174276,0.26110141,1.12158033,1.31831377,1.53388255,1.82747313,0.23648421,0.46695329,0.73813501,0.23211329,0.51473624,0.30338891,1.51508682,0.59369628,0.39909464,0.31815932,0.45320700
898,0.03892753,0.44716004,0.45599146,0.44285151,0.40815831,0.24869406,-1.48792783,0.30789876,-0.42997983,0.28542462,-0.18746562,0.27480520,0.05730109,0.21235238,0.34746070,1.08579054,0.26331477,0.25485397,0.30700286,0.10410014,1.11733616,0.21730212,0.13827615,0.25756650,1.08579054,1.30816859,1.54689046,1.84148358,0.26331477,0.51723442,0.78865120,0.25485397,0.53995764,0.30700286,1.51029894,0.61266434,0.40048381,0.31326081,0.46166230
899,0.03869029,0.44193272,0.45172461,0.43159262,0.40458858,0.24945757,-1.50224162,0.30662332,-0.41527386,0.28089006,-0.18441830,0.27792139,0.05581016,0.21135217,0.34611615,1.11457552,0.25039260,0.24965595,0.30575555,0.09329108,1.09368617,0.21840206,0.14273576,0.26090795,1.11457552,1.32629494,1.56028444,1.85462948,0.25039260,0.49878648,0.77285428,0.24965595,0.53507367,0.30575555,1.52460472,0.60405739,0.40175610,0.32180675,0.46206697
900,0.03889354,0.44400618,0.46219830,0.46321031,0.40347899,0.25305917,-1.52130228,0.29891204,-0.42836373,0.27139568,-0.19237339,0.27118474,0.05277082,0.20759934,0.33945311,1.12073655,0.25675138,0.25420496,0.30247997,0.08956737,1.15977523,0.21906361,0.13823163,0.25903060,1.12073655,1.33710106,1.57616844,1.86748662,0.25675138,0.50926383,0.77868567,0.25420496,0.53566538,0.30247997,1.54405773,0.61225053,0.39996577,0.31668114,0.45827223
901,0.03790826,0.44456478,0.46471980,0.48471328,0.42452242,0.26584601,-1.54435571,0.30034249,-0.45794752,0.26478381,-0.21679657,0.25763922,0.04718643,0.18882844,0.32533291,1.11101351,0.26387078,0.27697112,0.29668801,0.08163138,1.20980543,0.21716273,0.12800472,0.25208106,1.11101351,1.33380367,1.59221054,1.87527029,0.26387078,0.53948656,0.79846121,0.27697112,0.54746372,0.29668801,1.56954413,0.63330376,0.40521716,0.29397779,0.43102962
902,0.03798179,0.44450781,0.47175748,0.51928516,0.42429811,0.27178092,-1.54109554,0.30024736,-0.45458585,0.26664320,-0.21236129,0.25566252,0.06118940,0.18010137,0.32656496,1.11076353,0.26239609,0.28653614,0.28665323,0.06631466,1.20897754,0.21749725,0.13193507,0.25438537,1.11076353,1.33547977,1.60312692,1.87422268,0.26239609,0.54800064,0.79689223,0.28653614,0.54587389,0.28665323,1.56746170,0.63134793,0.40785223,0.29753982,0.43150400
903,0.03846484,0.44383598,0.46592808,0.53224684,0.42505340,0.29030649,-1.55368780,0.30723722,-0.44566992,0.26841424,-0.20252981,0.24864884,0.06683488,0.17111452,0.33344286,1.13347761,0.26180870,0.28560077,0.28758643,0.10466435,1.22949508,0.21558932,0.13103141,0.25228552,1.13347761,1.35955754,1.62204074,1.89544999,0.26180870,0.54695286,0.79810683,0.28560077,0.54502733,0.28758643,1.58306085,0.63237807,0.41192366,0.29554529,0.43460040
904,0.03697018,0.44763146,0.48514496,0.57488699,0.42314737,0.30416027,-1.55083783,0.29609758,-0.44751108,0.26025594,-0.19798900,0.24368262,0.07852297,0.16637306,0.34187618,1.12579417,0.26415017,0.29038562,0.28451337,0.09589644,1.23645839,0.21745506,0.13885933,0.25800894,1.12579417,1.36127560,1.63149981,1.90234542,0.26415017,0.55410410,0.80514675,0.29038562,0.54810289,0.28451337,1.58306923,0.62264330,0.40379832,0.29661365,0.44165225
905,0.03592788,0.45184804,0.49004993,0.57647745,0.42625235,0.30901398,-1.53248087,0.29471722,-0.46156805,0.26540985,-0.20256748,0.25162663,0.06943912,0.16846851,0.34736148,1.09404189,0.27346486,0.28487901,0.29964345,0.09506680,1.24386338,0.21953655,0.13462332,0.25752618,1.09404189,1.33803481,1.60396267,1.88971103,0.27346486,0.55809259,0.82378861,0.28487901,0.55847274,0.29964345,1.56614891,0.63292053,0.40805322,0.30158584,0.44738775
906,0.03666855,0.45437140,0.48525516,0.57687812,0.42332886,0.31119821,-1.55730829,0.29802623,-0.47051567,0.26809514,-0.20975289,0.24996787,0.06260633,0.15755941,0.34032646,1.10929569,0.27189274,0.28809455,0.30138648,0.08474793,1.24489376,0.21664192,0.13423563,0.25485864,1.10929569,1.35667092,1.62213852,1.90832547,0.27189274,0.55957565,0.82795825,0.28809455,0.56144120,0.30138648,1.59111697,0.64228890,0.42171995,0.30164905,0.43925262
907,0.03684804,0.44748718,0.47153187,0.51337087,0.43142729,0.31899654,-1.58334386,0.30185959,-0.49707306,0.28122641,-0.22774157,0.26353322,0.04906656,0.16552369,0.34099719,1.10940494,0.28229376,0.29487711,0.31615628,0.10239283,1.24474825,0.21272807,0.12267351,0.24556470,1.10940494,1.36361784,1.63390880,1.93382805,0.28229376,0.57696891,0.85624668,0.29487711,0.58108748,0.31615628,1.61870529,0.66955827,0.43973284,0.30704810,0.43893492
908,0.03642464,0.44915069,0.46825280,0.51493734,0.42244165,0.32522492,-1.56956403,0.31752441,-0.46742131,0.29315054,-0.21563269,0.27359121,0.05004724,0.17666285,0.34403367,1.12549037,0.26229735,0.28004968,0.31599130,0.08607864,1.16170983,0.21366839,0.13908272,0.25494742,1.12549037,1.36356447,1.62204255,1.92414541,0.26229735,0.54217101,0.82874056,0.28004968,0.57211932,0.31599130,1.60566883,0.65042859,0.44308564,0.32410626,0.44989327
909,0.03523983,0.45072528,0.47887118,0.56134815,0.42322904,0.33043870,-1.55102170,0.31142905,-0.45812482,0.28078940,-0.20665336,0.25639377,0.06255186,0.17141523,0.33796988,1.11612179,0.26259103,0.28463637,0.29668829,0.09302592,1.20298724,0.21617822,0.14195235,0.25861843,1.11612179,1.35436729,1.61667787,1.90067205,0.26259103,0.54698107,0.81308414,0.28463637,0.55581634,0.29668829,1.58835787,0.63738892,0.42678010,0.30707534,0.44190891
910,0.03769779,0.45009189,0.47631147,0.57268163,0.42375479,0.32924140,-1.55620692,0.30871613,-0.45282829,0.27305322,-0.19523254,0.25498601,0.07861429,0.16972082,0.35014233,1.12802670,0.26856943,0.29005166,0.29307764,0.09958458,1.22032761,0.21666762,0.14014875,0.25804366,1.12802670,1.37227481,1.63811867,1.91832163,0.26856943,0.55787866,0.81997599,0.29005166,0.55559171,0.29307764,1.59322665,0.63672354,0.42277337,0.31276013,0.45360497
911,0.03749773,0.44755270,0.47071181,0.54741387,0.42571074,0.32990840,-1.56338750,0.30996148,-0.47164916,0.28113252,-0.20522021,0.25928961,0.06976157,0.17059502,0.35700234,1.11677374,0.27785466,0.29068306,0.30861525,0.09307765,1.18536741,0.21463819,0.13531168,0.25372979,1.11677374,1.36853339,1.63613987,1.93199324,0.27785466,0.56828141,0.84567589,0.29068306,0.57340399,0.30861525,1.60064568,0.65348105,0.43207575,0.31480427,0.45973983
912,0.03364235,0.45019738,0.47006642,0.51757427,0.42129328,0.33030449,-1.55184491,0.30307523,-0.46399653,0.28010151,-0.21356037,0.25815056,0.05293908,0.16939518,0.35381380,1.11178194,0.26129692,0.27945092,0.32104652,0.07551185,1.14389253,0.21607657,0.13742135,0.25607365,1.11178194,1.34838562,1.60818923,1.91785742,0.26129692,0.54071587,0.83288790,0.27945092,0.57821666,0.32104652,1.58907713,0.63815699,0.42931892,0.31053832,0.45605348
913,0.03156437,0.45289115,0.46684316,0.50734941,0.41421069,0.33370558,-1.53115269,0.31040183,-0.45351518,0.28702983,-0.21887800,0.26752693,0.04504119,0.18536903,0.33956414,1.10203701,0.24373903,0.27728854,0.31518228,0.06525499,1.16554791,0.21880202,0.14577880,0.26291783,1.10203701,1.32377321,1.57986703,1.88351584,0.24373903,0.52084371,0.80575304,0.27728854,0.56765543,0.31518228,1.56889908,0.62835685,0.43509875,0.31502957,0.45348030
914,0.03068436,0.45624113,0.48023352,0.51695848,0.41181201,0.32790084,-1.52986128,0.30113002,-0.45524956,0.27923432,-0.22139575,0.26189210,0.03857085,0.18030984,0.33290524,1.09870249,0.24439004,0.27149686,0.31519893,0.07668084,1.19538161,0.22024430,0.14541315,0.26391767,1.09870249,1.31907589,1.57203357,1.87554838,0.24439004,0.51584282,0.80008853,0.27149686,0.56306125,0.31519893,1.56642546,0.62414879,0.42696373,0.30871831,0.44650448
915,0.03005926,0.46224689,0.48432575,0.54527531,0.41159240,0.32650734,-1.54155721,0.29474215,-0.45964384,0.27576969,-0.22108930,0.25393439,0.04295783,0.16254942,0.32835639,1.10354500,0.24600188,0.27416921,0.30855991,0.07096708,1.17270979,0.21889217,0.15126340,0.26607217,1.10354500,1.33086618,1.58859281,1.88398970,0.24600188,0.52012577,0.80083277,0.27416921,0.56099776,0.30855991,1.57751746,0.61808726,0.42314073,0.30432487,0.43562815
916,0.02943848,0.46452149,0.50157730,0.57251959,0.42074344,0.32709981,-1.55405184,0.28453241,-0.46003187,0.25888855,-0.21313529,0.22816220,0.06203642,0.14232200,0.32321664,1.11637075,0.25900786,0.28866909,0.28606626,0.11257529,1.24145926,0.21749744,0.15127056,0.26493003,1.11637075,1.35037160,1.62032179,1.89164833,0.25900786,0.54767269,0.79972568,0.28866909,0.54887872,0.28606626,1.59005021,0.61700165,0.40263980,0.27540700,0.41622866
917,0.02994877,0.46702976,0.50079120,0.56450957,0.42332575,0.31627681,-1.55968668,0.28159941,-0.47222166,0.24978994,-0.21683960,0.21865042,0.06272880,0.13531816,0.31643282,1.10674858,0.26438663,0.29176551,0.27472799,0.15785700,1.27683382,0.21948117,0.16064724,0.27199177,1.10674858,1.35198967,1.62663870,1.88925447,0.26438663,0.55604341,0.80546472,0.29176551,0.54557309,0.27472799,1.59327971,0.61676629,0.39665734,0.26786879,0.40109439
918,0.02441555,0.46617828,0.50828841,0.55765052,0.48030211,0.32382149,-1.52048334,0.26361316,-0.46540489,0.23468404,-0.20659753,0.20731911,0.08069761,0.13438894,0.34523400,1.07254365,0.26824162,0.29619030,0.27946456,0.10809044,1.23718618,0.22419484,0.15908967,0.27490517,1.07254365,1.32225518,1.60626127,1.87825281,0.26824162,0.56439796,0.82457307,0.29619030,0.56103928,0.27946456,1.55632706,0.59331706,0.36715332,0.25558589,0.41133991
919,0.02241357,0.47093811,0.51187772,0.55501101,0.50672263,0.32611285,-1.53550199,0.26192080,-0.46642488,0.23492485,-0.21286399,0.20691933,0.08460462,0.14515908,0.35534470,1.08383835,0.26083706,0.30579232,0.28200087,0.27282934,1.40214825,0.22488451,0.15945975,0.27568180,1.08383835,1.33045054,1.62514546,1.90188018,0.26083706,0.56661896,0.83304598,0.30579232,0.57547810,0.28200087,1.57146261,0.58616296,0.36692411,0.25355748,0.41930550
920,0.02167708,0.48989820,0.52692287,0.54297704,0.52222409,0.32033753,-1.56944017,0.26483169,-0.49123970,0.25206331,-0.21940293,0.21913896,0.08121339,0.15665357,0.34927737,1.09597664,0.27899500,0.30821380,0.28056150,0.40996127,1.45688576,0.22255376,0.17342166,0.28214402,1.09597664,1.35772587,1.65513392,1.92954331,0.27899500,0.58688116,0.85006762,0.30821380,0.57665164,0.28056150,1.60233591,0.60364958,0.37430179,0.25791356,0.41622577
921,0.02188725,0.49998417,0.52834797,0.53431591,0.52392693,0.31747784,-1.56990063,0.26502718,-0.47572588,0.24833957,-0.21452096,0.21537091,0.10029669,0.15645016,0.35340645,1.11047836,0.26539546,0.32084335,0.26550990,1.33727334,1.55268661,0.22599250,0.18480033,0.29193111,1.11047836,1.36416810,1.67551892,1.93512890,0.26539546,0.58612230,0.83725990,0.32084335,0.57531669,0.26550990,1.60191517,0.58351654,0.36762502,0.26322241,0.42131154
922,0.02073321,0.49377586,0.52549812,0.52592819,0.53528234,0.33749268,-1.64632311,0.27672672,-0.46876660,0.25061965,-0.22249532,0.22358055,0.07863352,0.15328257,0.31889403,1.19530337,0.25503335,0.30820980,0.25363661,1.28526482,1.54418309,0.21918988,0.19318372,0.29217144,1.19530337,1.43285780,1.73034975,1.97723890,0.25503335,0.56308014,0.80127685,0.30820980,0.55040017,0.25363661,1.68082101,0.58926502,0.37342746,0.25916619,0.38262997
923,0.01583843,0.48441096,0.52442189,0.53221706,0.52533431,0.33935289,-1.61558295,0.26729637,-0.46154488,0.24343234,-0.22457655,0.22528456,0.05912574,0.16268828,0.29544590,1.17595940,0.24860495,0.28790534,0.24981644,0.48315884,1.41260438,0.22640065,0.19124951,0.29636739,1.17595940,1.40161600,1.68141203,1.92493730,0.24860495,0.53526448,0.76697830,0.28790534,0.52628650,0.24981644,1.65083985,0.57546952,0.36147360,0.25318897,0.36940657
924,0.02517024,0.46498471,0.50670270,0.52654030,0.53482978,0.31851900,-1.59463434,0.29113706,-0.41390636,0.24407204,-0.17581084,0.22411474,0.08901392,0.17110129,0.32254005,1.20286585,0.25673949,0.26967527,0.24301293,0.44283505,1.37310001,0.22574589,0.19072278,0.29552730,1.20286585,1.42808893,1.68910929,1.92784112,0.25673949,0.52389884,0.75147942,0.26967527,0.50369479,0.24301293,1.62618178,0.56028122,0.33919728,0.26501489,0.39521122
925,0.03073078,0.45326902,0.50461943,0.51874442,0.52546401,0.32587178,-1.52605532,0.31581397,-0.38919132,0.25576990,-0.15773928,0.23155349,0.11626421,0.16034185,0.34877079,1.15741771,0.25214017,0.27935229,0.24581889,0.46873063,1.35671416,0.23207905,0.18909902,0.29936453,1.15741771,1.37693561,1.64738887,1.88621383,0.25214017,0.52834850,0.75983815,0.27935229,0.51557783,0.24581889,1.56051214,0.55129527,0.33568232,0.27805296,0.40754360
926,0.03095392,0.47969759,0.52932361,0.52914278,0.50018207,0.32176431,-1.51056625,0.30252097,-0.45546631,0.25403949,-0.20755961,0.23202091,0.07416046,0.16051115,0.31442687,1.07585284,0.26424080,0.28807136,0.25237949,0.33500131,1.30398843,0.23701282,0.17341991,0.29368273,1.07585284,1.31141095,1.58907809,1.83511493,0.26424080,0.55073366,0.78980049,0.28807136,0.53097428,0.25237949,1.54447407,0.58826387,0.35645412,0.25748387,0.37057172
927,0.02898203,0.46090894,0.52296348,0.51510127,0.49098547,0.32731885,-1.51345114,0.28928282,-0.43503112,0.24700205,-0.17848386,0.22836621,0.09543540,0.17056733,0.34460511,1.09861001,0.28031568,0.28439253,0.25619733,0.23372729,1.22857502,0.24111527,0.15088359,0.28443353,1.09861001,1.34122145,1.61215714,1.86512456,0.28031568,0.56313006,0.80557508,0.28439253,0.53199773,0.25619733,1.54869351,0.57248334,0.33105359,0.25358254,0.39077389
928,0.03904352,0.43934965,0.49507329,0.49191588,0.47882817,0.30906099,-1.47958285,0.27791522,-0.43518458,0.22367464,-0.15274163,0.20704352,0.10907839,0.14031007,0.35408324,1.06906524,0.30404366,0.27735207,0.25430708,0.24620157,1.22340951,0.24644841,0.13824739,0.28257593,1.06906524,1.33569167,1.59237696,1.84213235,0.30404366,0.58036118,0.82001592,0.27735207,0.51925008,0.25430708,1.51160857,0.57059798,0.30684192,0.24021508,0.38689928
929,0.04026859,0.43865225,0.49277267,0.48287057,0.47176837,0.29829004,-1.43838838,0.29239326,-0.42399849,0.21445317,-0.14562672,0.20110038,0.11149434,0.13801562,0.36250852,1.03861805,0.30449836,0.27467404,0.25905221,0.21710442,1.22219553,0.25761239,0.14084110,0.29359897,1.03861805,1.30171414,1.55324816,1.80851542,0.30449836,0.57594014,0.82156516,0.27467404,0.52078992,0.25905221,1.46901088,0.56420994,0.29212406,0.23322268,0.39109666
930,0.04715268,0.45303403,0.50327778,0.47920576,0.46549460,0.27822544,-1.44474043,0.25083740,-0.44693742,0.19506017,-0.16296180,0.18715612,0.10604898,0.12094173,0.35373742,1.02248541,0.30809418,0.28947269,0.25650732,0.21230006,1.21165189,0.26556107,0.13871798,0.29960868,1.02248541,1.28969549,1.55348912,1.80542430,0.30809418,0.59574850,0.83650258,0.28947269,0.53124268,0.25650732,1.47142077,0.56655931,0.28818134,0.21708614,0.37567528
931,0.05172685,0.46271440,0.51675223,0.47579314,0.46352964,0.26911879,-1.45356369,0.24866771,-0.46536953,0.19725941,-0.18611677,0.18328548,0.10860732,0.11584796,0.34982859,1.01091692,0.29929801,0.31395676,0.25069801,0.31525611,1.32427190,0.27035909,0.13781645,0.30345907,1.01091692,1.27491046,1.56456074,1.81001457,0.29929801,0.61196017,0.84779877,0.31395676,0.55063572,0.25069801,1.47839505,0.57624443,0.30384343,0.21510928,0.37071833
932,0.04119867,0.46172471,0.51390639,0.49231015,0.48519951,0.28072233,-1.42161495,0.25832551,-0.42339322,0.20093980,-0.15004949,0.17221063,0.13480342,0.10822736,0.38525678,1.01417064,0.29178840,0.30341066,0.25916059,0.35148944,1.41792809,0.26261034,0.13922748,0.29723472,1.01417064,1.27747782,1.56021283,1.81512244,0.29178840,0.59429530,0.83911974,0.30341066,0.54941774,0.25916059,1.44999456,0.54654925,0.28976911,0.22322146,0.40513718
933,0.02996599,0.43806514,0.47868210,0.48685040,0.51842354,0.31164863,-1.55597616,0.28048600,-0.43568885,0.26773181,-0.15275229,0.24725597,0.14094332,0.18414807,0.37627451,1.14972367,0.30144422,0.30352784,0.24773537,1.34958011,1.55152952,0.23301035,0.18159972,0.29541882,1.14972367,1.41226672,1.70000335,1.94044332,0.30144422,0.60411719,0.82828133,0.30352784,0.53637444,0.24773537,1.58742773,0.59790964,0.36480548,0.30936580,0.45064564
934,0.03006309,0.41984938,0.47004598,0.48460804,0.52018208,0.27010902,-1.59049511,0.27361340,-0.41435889,0.25680887,-0.12659589,0.25118585,0.15171136,0.21316314,0.39373733,1.20619107,0.30730938,0.28676547,0.25431314,0.58278118,1.45705297,0.22999062,0.18909580,0.29774638,1.20619107,1.47278908,1.74474297,1.99151409,0.30730938,0.59305711,0.81741727,0.28676547,0.52216098,0.25431314,1.61379180,0.58466851,0.35048344,0.32227741,0.49096767
935,0.02639459,0.45298192,0.45771086,0.46806773,0.51974330,0.27365253,-1.50956047,0.26340388,-0.56453919,0.28622683,-0.11325021,0.28516749,0.15195621,0.30455566,0.38363733,0.98010999,0.46124762,0.27053941,0.24219863,1.12730355,1.52713248,0.23167463,0.21603623,0.31677245,0.98010999,1.40633500,1.66544255,1.90213745,0.46124762,0.73154276,0.95227839,0.27053941,0.49743516,0.24219863,1.53417311,0.67700732,0.35285437,0.34436186,0.52428748
936,0.03306501,0.44403624,0.48037169,0.49516037,0.49563027,0.26642657,-1.44931940,0.26661025,-0.52580656,0.27566521,-0.18068165,0.26012110,0.10778310,0.24338781,0.38182918,0.95439738,0.35522429,0.29660591,0.27540591,0.06616714,1.16005206,0.23753111,0.19585970,0.30786694,0.95439738,1.27837548,1.55971253,1.83469006,0.35522429,0.65133343,0.91708518,0.29660591,0.56528066,0.27540591,1.47369826,0.64330484,0.37264098,0.30107403,0.47060826
937,0.05289079,0.06098727,0.46340068,0.46038637,0.45370292,0.28680457,-0.88358634,0.27075481,-1.58598761,0.26607507,-0.17626185,0.24764617,0.12524768,0.21268478,0.42461090,0.77010573,1.42150291,0.30280798,0.30151558,0.14862099,1.15485082,0.22694300,0.22057322,0.31647381,0.77010573,0.71998058,1.01575388,1.31579016,1.42150291,1.72346429,2.02088753,0.30280798,0.60337310,0.30151558,0.93092742,1.62901034,0.32727650,0.28222417,0.47864415
938,0.05742625,0.04223267,0.45784224,0.45409431,0.44683195,0.33688116,-0.81825719,0.27433532,-1.57794342,0.25097013,-0.19015521,0.24295012,0.13108146,0.22147134,0.41298279,0.81378865,1.39203081,0.33736437,0.28281203,0.11697204,0.98755747,0.24100461,0.20586986,0.31696312,0.81378865,0.65871756,0.95701121,1.23855526,1.39203081,1.72201929,2.00331544,0.33736437,0.61380067,0.28281203,0.88636025,1.61861537,0.33987022,0.27720266,0.46896162
939,0.05190526,0.44329910,0.46953147,0.47657824,0.46401312,0.22969764,-1.35689631,0.17958836,-0.50347644,0.20989649,-0.16487082,0.22169776,0.13241397,0.21957542,0.34919236,0.88240926,0.36604037,0.31638768,0.21723691,-0.03141501,0.77296862,0.27490435,0.16670947,0.32150341,0.88240926,1.19507282,1.48953605,1.70655562,0.36604037,0.68215520,0.89153262,0.31638768,0.52833211,0.21723691,1.37644157,0.58776815,0.28819340,0.25823345,0.41269154
940,0.04832141,0.14063333,0.47944840,0.43177397,0.44541462,0.26527543,-1.19118832,0.25932323,-1.33193334,0.24710397,-0.18338585,0.23055568,0.19279604,0.22071865,0.44744108,0.27398116,1.15593398,0.39869080,0.25517870,0.10865294,0.90366653,0.27735414,0.19431207,0.33864805,0.27398116,1.01343046,1.38466259,1.63928417,1.15593398,1.54716089,1.79694438,0.39869080,0.64227108,0.25517870,1.22046995,1.37990476,0.33057614,0.30071754,0.49892811
941,0.04523379,0.47175039,0.48096730,0.44157626,0.44703204,0.21765715,-1.27787286,0.17195114,-0.71511764,0.21932042,-0.15466293,0.21826950,0.18218753,0.21106850,0.40791298,0.59651117,0.57696522,0.35574350,0.22588806,-0.02001433,0.74688001,0.28023540,0.17700867,0.33145731,0.59651117,1.12502594,1.46093396,1.68670077,0.57696522,0.93077358,1.15067133,0.35574350,0.57508972,0.22588806,1.29629144,0.76184559,0.27735467,0.28775288,0.46189229
942,0.05347644,0.46432295,0.47114353,0.46235321,0.45415653,0.22540519,-1.42525367,0.22716644,-0.45803491,0.22606014,-0.12530132,0.22371594,0.17776427,0.21660134,0.39916034,0.98352602,0.35186496,0.33139299,0.22225878,-0.01947024,0.76944229,0.27402094,0.15578937,0.31521073,0.98352602,1.30152261,1.60455219,1.82657347,0.35186496,0.68263791,0.89778966,0.33139299,0.54619992,0.22225878,1.44351846,0.55589753,0.27852292,0.28734018,0.45672252
943,0.04795189,0.47917139,0.49674300,0.44333610,0.43618522,0.25560261,-1.35029885,0.24510729,-0.49444679,0.23921974,-0.13363594,0.23128442,0.19805044,0.21072618,0.41963265,0.87876413,0.38252923,0.36019047,0.22305989,0.08389288,0.88621075,0.26542713,0.15901100,0.30941244,0.87876413,1.21891094,1.55003473,1.77246164,0.38252923,0.74236289,0.95733820,0.36019047,0.57541632,0.22305989,1.37471204,0.59928100,0.29405916,0.30633131,0.47210140
944,0.05194459,0.45931929,0.50688748,0.45638752,0.45605559,0.25063580,-1.45897574,0.25332708,-0.53917996,0.23390927,-0.20045327,0.23163645,0.14160684,0.23795692,0.38986163,0.94924087,0.36443934,0.38143037,0.24871777,0.03325222,0.93492912,0.26379726,0.15724636,0.30710814,0.94924087,1.26272157,1.60210666,1.85065525,0.36443934,0.74500371,0.98130392,0.38143037,0.61790860,0.24871777,1.48104075,0.65820065,0.34125660,0.27237554,0.45813833
945,0.05074001,0.45908097,0.49170060,0.47128880,0.46048228,0.23490434,-1.47429149,0.24135054,-0.50261400,0.22121302,-0.19096668,0.22337259,0.11165882,0.22057843,0.36183708,0.99363773,0.33126755,0.34309264,0.25159435,-0.01766399,0.93126511,0.27492542,0.16077481,0.31848473,0.99363773,1.28706992,1.58730244,1.83843750,0.33126755,0.67209185,0.91481742,0.34309264,0.58394393,0.25159435,1.49360151,0.61260501,0.32548459,0.25039752,0.42613532
946,0.04990053,0.46493025,0.48383750,0.46940814,0.45855859,0.26119054,-1.48777308,0.25362370,-0.46952471,0.23390645,-0.14674805,0.21286521,0.14117134,0.19806561,0.37942247,1.03589176,0.34613216,0.32419073,0.23977214,0.04450395,0.96632011,0.26761595,0.17131032,0.31775072,1.03589176,1.34296478,1.63165863,1.87111336,0.34613216,0.66934098,0.89995904,0.32419073,0.55412734,0.23977214,1.51201242,0.59241446,0.30684778,0.25578959,0.42953916
947,0.05172254,0.46895798,0.49176686,0.47182298,0.46244350,0.25339367,-1.41489599,0.24928790,-0.48460390,0.21218099,-0.16042375,0.19121414,0.13717114,0.17180651,0.37175875,0.94504864,0.34242529,0.32325426,0.23541615,0.02235450,1.04565955,0.28536634,0.16928063,0.33179795,0.94504864,1.25670169,1.55454952,1.78971870,0.34242529,0.66490957,0.89057986,0.32325426,0.54885462,0.23541615,1.43815903,0.58503943,0.28744919,0.23583757,0.40998321
948,0.05131868,0.47648464,0.50163715,0.46888824,0.46609709,0.25184676,-1.45274453,0.24038648,-0.47633768,0.20798375,-0.18645737,0.19753881,0.10086268,0.15501298,0.34326610,0.99482606,0.30769658,0.30489123,0.24736395,-0.02541798,1.13232156,0.27890227,0.17545635,0.32950176,0.99482606,1.27039972,1.55458353,1.79868761,0.30769658,0.61218515,0.84231483,0.30489123,0.53784110,0.24736395,1.47444241,0.56964437,0.29721904,0.22179916,0.37747361
949,0.05556131,0.47637392,0.51454146,0.46182489,0.45273121,0.25631299,-1.49449514,0.25416761,-0.52580510,0.22302347,-0.22288658,0.22252063,0.05374393,0.17870912,0.30796499,0.99489842,0.31675844,0.29839287,0.25837989,0.04696247,1.20935262,0.27880026,0.16152453,0.32221073,0.99489842,1.27968465,1.54885668,1.80462665,0.31675844,0.61360481,0.85726824,0.29839287,0.54150969,0.25837989,1.51638843,0.62128486,0.33908236,0.22928042,0.35711703
950,0.04507694,0.46438261,0.51497529,0.46281573,0.44938555,0.24228713,-1.53791423,0.28047773,-0.49380846,0.23142223,-0.21246650,0.22607812,0.05970133,0.17672000,0.30223322,1.07040102,0.30280550,0.29780725,0.24763708,0.07420868,1.19329753,0.27682557,0.16237066,0.32093087,1.07040102,1.33205181,1.59773747,1.84141737,0.30280550,0.59863280,0.83062657,0.29780725,0.52971190,0.24763708,1.55688502,0.61478398,0.34186632,0.23424935,0.35080867
951,0.04624164,0.46736835,0.51239226,0.46357723,0.45501590,0.24488866,-1.49364154,0.26383384,-0.48091482,0.22201017,-0.21068362,0.21490798,0.06455695,0.16830580,0.31664654,1.03682692,0.29009153,0.29579789,0.25705411,0.06221273,1.19805233,0.28141481,0.16937525,0.32845437,1.03682692,1.28919679,1.55857402,1.81225197,0.29009153,0.58475749,0.82453664,0.29579789,0.53751893,0.25705411,1.51360039,0.58891557,0.32783695,0.22459011,0.35970646
952,0.04276159,0.47641405,0.50457043,0.46249892,0.45577946,0.25650762,-1.52184262,0.29718510,-0.45488244,0.24770710,-0.19912871,0.24020575,0.06654944,0.18952917,0.31520336,1.08785563,0.27104805,0.28478358,0.25545519,0.05456675,1.22222366,0.27497791,0.17706091,0.32705263,1.08785563,1.32944934,1.58877988,1.83925930,0.27104805,0.55364888,0.79150333,0.28478358,0.52272635,0.25545519,1.54359034,0.57200760,0.33436456,0.24925923,0.36909461
953,0.04676458,0.47338298,0.49545483,0.45595602,0.45339024,0.25417639,-1.51539664,0.33121856,-0.43289750,0.27142487,-0.18506605,0.25617049,0.07596735,0.20570688,0.31663311,1.09904355,0.26186138,0.27788979,0.24944733,0.05948466,1.24297467,0.27284063,0.18526782,0.32979717,1.09904355,1.33530565,1.59148813,1.83370908,0.26186138,0.53689353,0.76816929,0.27788979,0.50866664,0.24944733,1.53700001,0.56205200,0.33748586,0.26772358,0.37842297
954,0.03905596,0.45420920,0.50649340,0.46760096,0.45094199,0.26034185,-1.48348265,0.35274511,-0.44959323,0.28312839,-0.20207350,0.26061723,0.05217883,0.20089024,0.30625528,1.05765892,0.26702354,0.27708359,0.26123084,0.05186107,1.20231473,0.27585527,0.17651870,0.32749806,1.05765892,1.28827777,1.53583478,1.79104777,0.26702354,0.54093367,0.78924159,0.27708359,0.52397400,0.26123084,1.50617274,0.60391701,0.36904771,0.26623949,0.36721422
955,0.03745183,0.43194458,0.49340205,0.47757744,0.46909103,0.24789746,-1.50321293,0.34047310,-0.42284659,0.26773244,-0.18249422,0.25620454,0.07525655,0.19469366,0.31934972,1.10640545,0.26157814,0.27376769,0.25356672,0.13404116,1.21252303,0.27550838,0.18353885,0.33104589,1.10640545,1.32898969,1.57945483,1.82535068,0.26157814,0.53137428,0.76820136,0.27376769,0.51079047,0.25356672,1.52363029,0.57900407,0.34840852,0.26951610,0.37998013
956,0.03478808,0.44419256,0.49485183,0.48375335,0.47468666,0.25836522,-1.47284066,0.31988367,-0.44735955,0.25311587,-0.18798350,0.24391175,0.07496294,0.18976525,0.32265043,1.04885795,0.27624043,0.27805078,0.25535630,0.13042754,1.22876924,0.28168070,0.18636055,0.33774883,1.04885795,1.29289000,1.54880842,1.79877779,0.27624043,0.55083477,0.79120767,0.27805078,0.51797707,0.25535630,1.49535688,0.58605527,0.34291709,0.25909702,0.38182900
957,0.03347916,0.40937424,0.48015980,0.48595781,0.47500263,0.27281046,-1.44766967,0.37031958,-0.41403350,0.30011123,-0.16080752,0.27159680,0.08750880,0.20894733,0.31271167,1.06132744,0.27124490,0.26491793,0.23505900,0.16290358,1.23184332,0.28703188,0.19169340,0.34515744,1.06132744,1.29621278,1.53656307,1.76383354,0.27124490,0.53415890,0.75576371,0.26491793,0.48632132,0.23505900,1.47315780,0.59587964,0.37142486,0.29171771,0.38566090
958,0.03142543,0.39607190,0.47527275,0.48854381,0.47684071,0.28669234,-1.46210910,0.39448541,-0.40230472,0.31602413,-0.15519045,0.28324480,0.08241386,0.21406632,0.31565093,1.08698561,0.26908541,0.25513249,0.24424806,0.19112374,1.25536539,0.28561446,0.19055730,0.34334779,1.08698561,1.31517354,1.54558589,1.78099281,0.26908541,0.52210941,0.75289313,0.25513249,0.48615117,0.24424806,1.48998143,0.60693670,0.38412442,0.30242649,0.39149672
959,0.03030761,0.41218748,0.47942915,0.48504807,0.48412048,0.28630474,-1.47731952,0.35877648,-0.38932563,0.29624334,-0.14949476,0.25675174,0.09569164,0.19657334,0.32702948,1.11014944,0.25609578,0.26072559,0.24180583,0.21106776,1.28672749,0.28407054,0.18912752,0.34127011,1.11014944,1.33564485,1.57461420,1.80940454,0.25609578,0.51608487,0.74229438,0.26072559,0.48872232,0.24180583,1.50480887,0.56806617,0.36072000,0.28094729,0.39408593
960,0.02954691,0.38658400,0.47731839,0.48749766,0.47887662,0.28877833,-1.47467906,0.39312707,-0.40379911,0.31228526,-0.16752539,0.25587660,0.08633499,0.19740034,0.32729712,1.10020238,0.25999964,0.27535420,0.24920386,0.18503287,1.27155191,0.28035085,0.18487337,0.33581954,1.10020238,1.31679898,1.56279019,1.80662201,0.25999964,0.53441972,0.76931910,0.27535420,0.51220336,0.24920386,1.50268939,0.60935632,0.38857184,0.27869100,0.39355183
961,0.03184307,0.43353887,0.48935521,0.47987090,0.47947634,0.31309481,-1.47504479,0.35545729,-0.40741505,0.29202958,-0.15767992,0.25421518,0.09538521,0.19524794,0.33222911,1.09318925,0.26697993,0.26565956,0.24694613,0.17512974,1.29977369,0.27554212,0.18075853,0.32954075,1.09318925,1.32736397,1.57409769,1.81558499,0.26697993,0.53201232,0.76388073,0.26565956,0.50052533,0.24694613,1.50835971,0.57451180,0.35440152,0.27662379,0.39582485
962,0.03030379,0.41858216,0.48185464,0.48758442,0.47922009,0.30897148,-1.44604595,0.36096107,-0.45143190,0.32963760,-0.17557883,0.27154022,0.09483882,0.20874625,0.33822156,1.01839657,0.28679697,0.28517189,0.25156496,0.17475811,1.30054162,0.27667137,0.17723259,0.32857030,1.01839657,1.27838920,1.54298056,1.78893659,0.28679697,0.57131283,0.81479960,0.28517189,0.53113062,0.25156496,1.47872048,0.61242465,0.39562119,0.29403289,0.40381120
963,0.02516775,0.44438336,0.47240332,0.48739018,0.47398565,0.32009511,-1.47177462,0.36139625,-0.48520186,0.35698610,-0.19930268,0.33264022,0.06338542,0.24228123,0.30353721,1.00345578,0.29122998,0.26783719,0.25712861,0.19471257,1.26233135,0.27417882,0.18809873,0.33249836,1.00345578,1.27896313,1.53714322,1.77948501,0.29122998,0.55864602,0.80218623,0.26783719,0.51660509,0.25712861,1.50620964,0.63349815,0.42980861,0.34945455,0.40179551
964,0.02549771,0.44257001,0.47123110,0.48032666,0.48277821,0.33450452,-1.44800171,0.34094627,-0.45026606,0.30866021,-0.16577626,0.28031658,0.09976850,0.23237017,0.31223152,1.01241110,0.29369475,0.27382143,0.22028212,0.26437873,1.31305442,0.27253855,0.20466163,0.34082788,1.01241110,1.28687665,1.54939290,1.76494694,0.29369475,0.56751295,0.77578224,0.27382143,0.48484183,0.22028212,1.48645624,0.59997654,0.37620666,0.30722636,0.40431106
965,0.02122149,0.45531161,0.47992954,0.48959611,0.50835555,0.35854577,-1.47110425,0.28335934,-0.43213185,0.26785172,-0.15638067,0.23816101,0.10902454,0.19394209,0.34083020,1.05924452,0.28849082,0.27345809,0.23964108,0.37356106,1.36628493,0.26968798,0.20252919,0.33726796,1.05924452,1.32232295,1.58549317,1.82169954,0.28849082,0.56133919,0.78457496,0.27345809,0.50296511,0.23964108,1.51440762,0.56124988,0.33853462,0.27297508,0.40967796
966,0.02527151,0.46138533,0.48164258,0.49014599,0.50859029,0.35015266,-1.43651648,0.29107350,-0.43726024,0.28114254,-0.15765413,0.24687203,0.10796191,0.20032247,0.32591536,1.01756056,0.28783541,0.27358404,0.22712868,0.36089561,1.38842034,0.27501304,0.21147842,0.34692260,1.01756056,1.28589528,1.54906495,1.77179295,0.28783541,0.56077539,0.77267393,0.27358404,0.49042588,0.22712868,1.47876008,0.56429309,0.35084929,0.28184895,0.40291998
967,0.02433406,0.45351015,0.46360260,0.47344519,0.51000253,0.35335773,-1.45353238,0.31217554,-0.40684597,0.31432287,-0.12709773,0.28520867,0.12568823,0.22860879,0.33083025,1.06223073,0.28843218,0.25819361,0.21772685,0.27415155,1.39046023,0.27917095,0.22563457,0.35895317,1.06223073,1.33124382,1.58191896,1.79199715,0.28843218,0.54526201,0.74549799,0.25819361,0.46588629,0.21772685,1.49595110,0.54763873,0.36031654,0.32133524,0.42088182
968,0.02188040,0.46699530,0.47354720,0.49095445,0.52130222,0.35646446,-1.45356073,0.29997186,-0.39080765,0.28726923,-0.11607796,0.25117333,0.13289732,0.20181462,0.34044523,1.07947921,0.28159062,0.25447229,0.21979361,0.41635758,1.44137846,0.28074085,0.23447358,0.36577764,1.07947921,1.34465503,1.59205800,1.80569939,0.28159062,0.53515964,0.73923434,0.25447229,0.46468219,0.21979361,1.49663321,0.52553600,0.33317222,0.29638556,0.41884667
969,0.01757559,0.47835367,0.48576355,0.51159254,0.53824241,0.35868069,-1.46795230,0.30674924,-0.40452539,0.28921174,-0.13887066,0.24280666,0.10390850,0.19831098,0.30448412,1.08095860,0.27394078,0.25005013,0.21115077,1.00324848,1.53949376,0.28110275,0.23442836,0.36602652,1.08095860,1.33650190,1.57838788,1.78465413,0.27394078,0.52255823,0.71925503,0.25005013,0.45270903,0.21115077,1.51125087,0.54763207,0.35036769,0.28348074,0.39377526
970,0.01329285,0.46057154,0.48201617,0.51608282,0.50740413,0.36820408,-1.47214371,0.29785015,-0.36250200,0.27672196,-0.12579181,0.25136499,0.11083402,0.22161882,0.30048941,1.12934716,0.24362989,0.23945550,0.20054010,0.85959832,1.52400343,0.28298422,0.23928926,0.37059334,1.12934716,1.35714681,1.59164446,1.78734277,0.24362989,0.48232390,0.66772848,0.23945550,0.43097691,0.20054010,1.51749558,0.51053492,0.33793932,0.30023359,0.41411352
971,0.01840963,0.46334424,0.48189603,0.51779007,0.54430774,0.37444880,-1.48219614,0.30957241,-0.37498992,0.28135352,-0.13344552,0.25962074,0.10090918,0.22610210,0.29765327,1.12484435,0.24559780,0.23699486,0.20893330,0.67545322,1.50201898,0.27816422,0.24987861,0.37391798,1.12484435,1.36061033,1.59220993,1.79580624,0.24559780,0.48252789,0.67780250,0.23699486,0.43595521,0.20893330,1.52878638,0.51820307,0.34341101,0.30211726,0.41436175
972,0.01422524,0.48438910,0.50853629,0.53318267,0.55299815,0.37411890,-1.51280220,0.26860784,-0.39846546,0.23304784,-0.16447144,0.21152250,0.09430458,0.17277356,0.30021927,1.13886461,0.24080115,0.26235412,0.21686727,0.38850263,1.42324619,0.27028098,0.24324827,0.36362279,1.13886461,1.36578229,1.62039749,1.83344666,0.24080115,0.50276309,0.70570029,0.26235412,0.46894865,0.21686727,1.55839088,0.52176030,0.32650893,0.26150826,0.38916683
973,0.02546793,0.48636638,0.50511042,0.50296629,0.54057759,0.32994206,-1.51367095,0.28590058,-0.39056739,0.23898363,-0.12656000,0.22991538,0.12680999,0.21771365,0.31646440,1.14427885,0.26856571,0.25354940,0.21027004,0.22282973,1.35823005,0.26658041,0.25102773,0.36616941,1.14427885,1.40434664,1.65525004,1.85584029,0.26856571,0.52070883,0.71394963,0.25354940,0.45199155,0.21027004,1.55230416,0.49790447,0.28891289,0.28051792,0.42797286
974,0.01648653,0.46033031,0.49615358,0.51300716,0.52791079,0.35290443,-1.54577809,0.26611779,-0.40912678,0.23245426,-0.15322409,0.22413018,0.10549794,0.20595159,0.31617628,1.16002433,0.26722613,0.26289975,0.21466452,0.19549341,1.22268848,0.24826204,0.22856674,0.33745636,1.16002433,1.40531735,1.65928614,1.87273455,0.26722613,0.52901817,0.73198342,0.26289975,0.47023385,0.21466452,1.58555137,0.53377091,0.31479273,0.26750684,0.40175306
975,0.01834765,0.47171514,0.49643947,0.50222195,0.51378566,0.34393084,-1.58545814,0.26558194,-0.42350049,0.23341967,-0.14701058,0.22698962,0.11024938,0.19974848,0.33684296,1.18270122,0.28811351,0.26165421,0.23239250,0.16906940,1.20899416,0.23562652,0.21625224,0.31982009,1.18270122,1.44869417,1.70183321,1.93196514,0.28811351,0.54880031,0.76714921,0.26165421,0.48503637,0.23239250,1.62235026,0.53795615,0.30261706,0.26386365,0.40985744
976,0.01847581,0.46402263,0.49335507,0.50105543,0.51554958,0.35207309,-1.61070313,0.27477096,-0.45065188,0.24792929,-0.17872207,0.23424057,0.08308272,0.20039153,0.32079031,1.18194933,0.27949854,0.26486693,0.24568329,0.21580501,1.18355922,0.21921222,0.20976067,0.30340326,1.18194933,1.44400889,1.70186098,1.94474469,0.27949854,0.54390343,0.77629398,0.26486693,0.50197306,0.24568329,1.64896913,0.55927776,0.33065516,0.26380144,0.40348343
977,0.02564906,0.47082960,0.48223914,0.48639049,0.51148564,0.33771053,-1.60201234,0.28287187,-0.45959141,0.26134536,-0.17452141,0.23841025,0.07943039,0.18366573,0.32456294,1.16288091,0.29055009,0.25687106,0.25805166,0.16467357,1.16137196,0.20355529,0.20206148,0.28681631,1.16288091,1.43826629,1.68916826,1.94169083,0.29055009,0.54717539,0.79076167,0.25687106,0.50587578,0.25805166,1.63855745,0.55854103,0.32747596,0.25859792,0.39182495
978,0.02215817,0.46293128,0.47740297,0.48434375,0.50317194,0.37120304,-1.57018046,0.29308193,-0.44564070,0.26287787,-0.16589159,0.23812442,0.09194693,0.17828436,0.34310739,1.14566421,0.28594834,0.26099092,0.26339500,0.21433298,1.12006854,0.19127655,0.19075876,0.27014000,1.14566421,1.41681628,1.67187900,1.93082421,0.28594834,0.54671412,0.79765392,0.26099092,0.51637275,0.26339500,1.61469740,0.55180853,0.32374708,0.26187788,0.40217055
979,0.02443840,0.44884113,0.47409348,0.48342124,0.50193547,0.39471305,-1.58138823,0.29531417,-0.41846085,0.26008703,-0.15389581,0.23781679,0.09519856,0.18096956,0.34664375,1.18307898,0.27384899,0.25288963,0.26244896,0.23658899,1.11399487,0.18088086,0.17723596,0.25323995,1.18307898,1.43989716,1.68656384,1.94516382,0.27384899,0.52623292,0.77519109,0.25288963,0.50688854,0.26244896,1.63047722,0.53372726,0.31499753,0.26125150,0.40375656
980,0.02452393,0.45057044,0.47539311,0.48655495,0.50602628,0.42024203,-1.48676036,0.29974414,-0.39190797,0.25876356,-0.14850370,0.23065213,0.09988714,0.16618721,0.33395026,1.11837146,0.25518712,0.25292154,0.24831236,0.36944031,1.21522239,0.17430438,0.17782528,0.24900572,1.11837146,1.35411875,1.60049398,1.84387331,0.25518712,0.50724552,0.73981168,0.25292154,0.49144529,0.24831236,1.54535454,0.51904910,0.31353337,0.25793611,0.38890810
981,0.02474177,0.46854268,0.47899641,0.49725518,0.51986588,0.39716774,-1.33545861,0.28315810,-0.35814865,0.23628043,-0.13367435,0.19838494,0.09565956,0.13539866,0.31408455,1.00155866,0.23703620,0.23420957,0.23392249,0.51609392,1.31499810,0.16536648,0.18296791,0.24662386,1.00155866,1.21914370,1.44820063,1.67722380,0.23703620,0.47010314,0.68909751,0.23420957,0.45974468,0.23392249,1.39346720,0.48492303,0.29049975,0.23256720,0.36585037
982,0.02032545,0.47662825,0.48271335,0.50355170,0.52916798,0.39658355,-1.34724807,0.27355113,-0.35257543,0.22168393,-0.12302940,0.17956285,0.10266823,0.10818631,0.30083352,1.02009534,0.24163152,0.23078739,0.21973551,0.63117285,1.36478503,0.16100325,0.17769567,0.23978698,1.02009534,1.24401203,1.47031791,1.68218096,0.24163152,0.47138415,0.67419089,0.23078739,0.44054044,0.21973551,1.40447902,0.47956604,0.28084865,0.22861791,0.35749174
983,0.02008915,0.46552637,0.48442549,0.51320202,0.52396149,0.41261264,-1.34346708,0.26457703,-0.33775715,0.21236116,-0.11924217,0.17463831,0.10379822,0.11653415,0.31031805,1.03354994,0.23357471,0.22878776,0.22013118,0.58525096,1.34056324,0.15224951,0.17235691,0.22997133,1.03354994,1.24655958,1.46937076,1.68572639,0.23357471,0.46118716,0.66656118,0.22878776,0.44037620,0.22013118,1.40541843,0.47071578,0.27595019,0.22447478,0.36171905
984,0.01978585,0.44943509,0.47126595,0.50241545,0.52124200,0.41833096,-1.29458213,0.26960716,-0.30685895,0.21658777,-0.09830838,0.17547479,0.11264898,0.12319649,0.30646560,1.01408607,0.22082663,0.21652017,0.20742159,0.76394326,1.39937988,0.14826860,0.17183410,0.22695933,1.01408607,1.21963850,1.43147880,1.63505409,0.22082663,0.43657400,0.63099974,0.21652017,0.41622005,0.20742159,1.36050753,0.44684872,0.27182062,0.23362309,0.36595542
985,0.02070720,0.45093239,0.47040419,0.50408256,0.51774294,0.41727840,-1.25860866,0.27388466,-0.29439959,0.21462451,-0.09206752,0.16848297,0.11382146,0.11384223,0.30967168,0.99024523,0.21533238,0.21240801,0.21035041,0.84497178,1.42133759,0.14390588,0.17104307,0.22352771,0.99024523,1.19116609,1.39881277,1.60533748,0.21533238,0.42709654,0.62507736,0.21240801,0.41523276,0.21035041,1.32599130,0.44060389,0.27042213,0.23207872,0.36924162
986,0.02229364,0.47237063,0.47660056,0.50425916,0.51106720,0.41320775,-1.22273019,0.27934738,-0.31642785,0.22557520,-0.09010411,0.17796633,0.11302104,0.11925348,0.31146379,0.93148067,0.23628977,0.20974243,0.21413451,1.19948637,1.50419325,0.13641244,0.17123753,0.21893069,0.93148067,1.15505750,1.36039283,1.57031146,0.23628977,0.44573296,0.64802952,0.20974243,0.41674871,0.21413451,1.29066426,0.45366097,0.27309542,0.23474218,0.36915548
987,0.02302586,0.43872379,0.46023585,0.49486598,0.50147413,0.41460879,-1.19803492,0.29167078,-0.30258595,0.23179351,-0.08084405,0.17634501,0.10909658,0.12541911,0.31356588,0.92029228,0.23144966,0.19892377,0.21665252,1.20417169,1.50379347,0.13243336,0.16931456,0.21495584,0.92029228,1.14125485,1.33446130,1.54888377,0.23144966,0.43032909,0.63818852,0.19892377,0.40959643,0.21665252,1.26782346,0.44951234,0.27822417,0.23495655,0.37406559
988,0.02364437,0.45046260,0.46919625,0.49979854,0.50182817,0.41503512,-1.20986254,0.28300879,-0.29876699,0.22457419,-0.08689834,0.17797152,0.10722269,0.12579147,0.31564816,0.93583976,0.22215779,0.20039894,0.22149520,1.19630121,1.50259315,0.13092899,0.16622859,0.21159949,0.93583976,1.14705824,1.34346428,1.56219474,0.22215779,0.42231375,0.63422293,0.20039894,0.41608086,0.22149520,1.27912742,0.44013152,0.27069464,0.23333977,0.37557969
989,0.02275059,0.45556816,0.46706734,0.49914082,0.50032716,0.41623530,-1.19042526,0.28773865,-0.29505738,0.23087975,-0.07243066,0.17334280,0.11363683,0.11857917,0.31280736,0.91993650,0.23201680,0.19582965,0.21287916,1.17372788,1.49686414,0.12945881,0.16526457,0.20993323,0.91993650,1.14131640,1.33146256,1.54143139,0.23201680,0.42765278,0.63096418,0.19582965,0.40247125,0.21287916,1.26110345,0.44333319,0.27524816,0.23500359,0.37178786
990,0.02282114,0.45507193,0.45947344,0.49185137,0.50261176,0.40923535,-1.21760022,0.28337254,-0.29042055,0.23718699,-0.06988893,0.18839078,0.11820071,0.14449209,0.31340150,0.94996484,0.22976835,0.19683797,0.20483896,1.21009233,1.51267474,0.13006491,0.16236505,0.20803675,0.94996484,1.16662935,1.35676991,1.55928609,0.22976835,0.42641874,0.62043970,0.19683797,0.39453816,0.20483896,1.28458645,0.44223835,0.27976044,0.24362463,0.37370083
991,0.02016081,0.45724938,0.47387885,0.50389393,0.50684494,0.41154371,-1.27501947,0.28960429,-0.30804910,0.24391551,-0.09187541,0.19805928,0.10911676,0.15152720,0.31447858,0.98833150,0.22617682,0.20895852,0.21512083,0.88520587,1.45129671,0.12984396,0.15768519,0.20426472,0.98833150,1.20054416,1.40287569,1.61551342,0.22617682,0.43497798,0.63881329,0.20895852,0.41684245,0.21512083,1.33990507,0.46007936,0.29264411,0.24683240,0.37722808
992,0.01803070,0.46751664,0.48792561,0.51365219,0.51245346,0.37224438,-1.27727737,0.26545547,-0.34250470,0.22091243,-0.12146181,0.18684242,0.09673890,0.15010355,0.31187368,0.95736752,0.23143926,0.22261505,0.22287681,0.71987076,1.41003002,0.13407911,0.15784116,0.20710152,0.95736752,1.17235290,1.38984909,1.61087842,0.23143926,0.45336847,0.66538837,0.22261505,0.43941784,0.22287681,1.33041555,0.46866884,0.28200545,0.23225638,0.37470006
993,0.02228764,0.47503267,0.50243834,0.51551318,0.51527665,0.36961153,-1.38748170,0.28424201,-0.36569440,0.23949100,-0.13784461,0.21202260,0.10163098,0.16227988,0.32637572,1.04411954,0.23838544,0.24194465,0.23676797,0.36882991,1.21142576,0.13745190,0.14845285,0.20231478,1.04411954,1.26452331,1.50241609,1.73548175,0.23838544,0.47874838,0.70300025,0.24194465,0.47186872,0.23676797,1.43652651,0.48798142,0.29375821,0.24799062,0.38844722
994,0.02168709,0.46423750,0.48979871,0.50216396,0.50581926,0.38685430,-1.38046236,0.29539479,-0.33948971,0.26556116,-0.10183094,0.23142220,0.12329623,0.17665004,0.34661588,1.06263484,0.24975082,0.22927829,0.23494606,0.30759563,1.05597678,0.13252772,0.14436933,0.19597475,1.06263484,1.29016665,1.51477084,1.74573505,0.24975082,0.47726953,0.69805103,0.22927829,0.45767646,0.23494606,1.43393755,0.47890533,0.29926213,0.27045523,0.40553147
995,0.02945423,0.44819099,0.48571052,0.49887772,0.50403524,0.38037283,-1.30264810,0.29962521,-0.31143228,0.27169575,-0.07359989,0.22787682,0.14881578,0.16558370,0.36163646,1.01944341,0.24972554,0.22857430,0.22559999,0.32159132,0.94772167,0.12970318,0.14077148,0.19141454,1.01944341,1.24332966,1.46471196,1.68622994,0.24972554,0.47644588,0.68878534,0.22857430,0.44815149,0.22559999,1.35834239,0.46252557,0.29676059,0.27974864,0.41167480
996,0.04403045,0.46162771,0.49085043,0.48216571,0.48785229,0.43999088,-1.53406620,0.32657969,-0.30959672,0.30478426,-0.04551084,0.24181938,0.20725757,0.16677843,0.43274199,1.24482939,0.27331671,0.26241020,0.24227572,0.28818863,0.83792838,0.12595047,0.12669598,0.17864880,1.24482939,1.50002238,1.75512516,1.99075984,0.27331671,0.53296575,0.76108762,0.26241020,0.49800720,0.24227572,1.59768212,0.46530578,0.31241536,0.31909328,0.46856168
997,0.05504893,0.45757896,0.47525928,0.46935298,0.48240646,0.41867014,-1.45396227,0.29868514,-0.27466161,0.27087176,-0.01613489,0.21055150,0.21483734,0.14992819,0.41208753,1.20035185,0.26096495,0.23876547,0.22006539,0.33554813,0.92706668,0.12485071,0.12893054,0.17947363,1.20035185,1.45498879,1.68951340,1.90032512,0.26096495,0.49809788,0.70441963,0.23876547,0.45072031,0.22006539,1.52442239,0.40578421,0.27203048,0.30176004,0.44165039
998,0.05161142,0.44588800,0.48406412,0.48206866,0.48124708,0.40968269,-1.46741022,0.29068336,-0.27681359,0.26019629,-0.03520487,0.21152022,0.20798255,0.14585819,0.42827128,1.20904750,0.25084196,0.24938711,0.23195134,0.22430170,0.70067313,0.12851911,0.12072034,0.17632516,1.20904750,1.44444306,1.68932475,1.91760177,0.25084196,0.49874146,0.72192430,0.24938711,0.47739610,0.23195134,1.52649662,0.40897698,0.26319784,0.29675036,0.45301596
999,0.04872330,0.44615215,0.48358121,0.47975965,0.48137278,0.42479775,-1.43996917,0.26509395,-0.28679428,0.23951552,-0.04022003,0.18712608,0.21319696,0.11855018,0.43696630,1.17690097,0.26224502,0.26281823,0.23489035,0.19929223,0.62469019,0.13221019,0.10811642,0.17078844,1.17690097,1.41463707,1.67066890,1.90273505,0.26224502,0.52283388,0.74682071,0.26281823,0.49296419,0.23489035,1.50194448,0.41138897,0.24677518,0.28367921,0.45311076
1000,0.05456615,0.47674743,0.47485122,0.45882470,0.46797717,0.41777841,-1.43704937,0.28215420,-0.29155834,0.22871100,-0.03002790,0.17444890,0.23378251,0.10781416,0.45307603,1.16644603,0.26962315,0.27256291,0.23361733,0.26024650,0.86802816,0.13672671,0.10849239,0.17454166,1.16644603,1.42610783,1.69104668,1.92039438,0.26962315,0.54217488,0.76555188,0.27256291,0.49801314,0.23361733,1.50149820,0.40898698,0.23107028,0.29306630,0.46603518
1001,0.05294511,0.48284025,0.47502053,0.44729113,0.46653950,0.43276190,-1.41309098,0.28843048,-0.28836723,0.23130237,-0.02717589,0.16710325,0.26165229,0.11473451,0.47749787,1.14624278,0.27003478,0.30120258,0.22815948,0.27284077,0.96454847,0.14275695,0.10958336,0.17996682,1.14624278,1.40646209,1.69726112,1.92124668,0.27003478,0.57107517,0.78644049,0.30120258,0.51797800,0.22815948,1.48189048,0.41201752,0.23379642,0.31252418,0.49136061
1002,0.05381743,0.47211538,0.47215794,0.45072252,0.46653420,0.47435785,-1.35938351,0.29305833,-0.28887769,0.24736083,-0.01100989,0.18626835,0.27056203,0.10778368,0.48976891,1.10578623,0.29677998,0.29629626,0.23533139,0.26041200,0.87745196,0.14538591,0.10494619,0.17930634,1.10578623,1.37224644,1.65586911,1.88687352,0.29677998,0.59235494,0.81065349,0.29629626,0.52103771,0.23533139,1.44099492,0.43804183,0.25396075,0.32872456,0.50195115
1003,0.05829445,0.47295560,0.47367442,0.45066003,0.45929701,0.43875289,-1.36422264,0.29242923,-0.31552680,0.24381811,-0.02127419,0.17680168,0.25266668,0.11142223,0.47719240,1.08413140,0.31724830,0.29327072,0.23515556,0.25606330,0.94769706,0.15141694,0.11191256,0.18828572,1.08413140,1.36272875,1.63856533,1.87154917,0.31724830,0.60974537,0.82947203,0.29327072,0.51875059,0.23515556,1.43435374,0.46308532,0.25278109,0.30886220,0.49008568
1004,0.05473504,0.48344702,0.47611828,0.45304196,0.46110819,0.41124476,-1.39080304,0.28474130,-0.34203835,0.22767898,-0.05313592,0.16731355,0.21333757,0.10380733,0.44364079,1.07910003,0.30743504,0.28157760,0.24254814,0.28507079,1.04665181,0.15879563,0.11912836,0.19851353,1.07910003,1.35664447,1.62384156,1.86303875,0.30743504,0.58879680,0.81432626,0.28157760,0.51265526,0.24254814,1.45332649,0.46282642,0.23698713,0.27270202,0.45579797
1005,0.05428094,0.46383857,0.48542617,0.45738625,0.45584922,0.39164450,-1.39666483,0.29204385,-0.35555638,0.24288238,-0.08599608,0.18704711,0.17219031,0.11960483,0.40153231,1.07387345,0.29576933,0.27558205,0.24046145,0.31025913,1.09795809,0.16640061,0.11964976,0.20495177,1.07387345,1.32570403,1.58305381,1.82040727,0.29576933,0.57061270,0.79358770,0.27558205,0.50561072,0.24046145,1.45219968,0.49199355,0.26521207,0.25471964,0.41909396
1006,0.05632556,0.47707143,0.45760996,0.43669874,0.45745886,0.37244035,-1.47984906,0.29261206,-0.38237860,0.22332009,-0.09656522,0.16805078,0.17163560,0.10518676,0.39547086,1.11237885,0.29734734,0.27991147,0.25113900,0.42302418,1.33595274,0.16882820,0.13885139,0.21859247,1.11237885,1.39639006,1.66520709,1.90068802,0.29734734,0.57691012,0.80014115,0.27991147,0.50736645,0.25113900,1.53222465,0.48214125,0.24403460,0.25220893,0.40961988
1007,0.04022207,0.50583737,0.49526968,0.45143089,0.45519363,0.36822560,-1.48011847,0.29960746,-0.43344707,0.23390465,-0.18367573,0.18990581,0.07814609,0.12277563,0.31515861,1.06661042,0.26816927,0.27607844,0.25495154,0.47250834,1.38606379,0.17536420,0.12388688,0.21471041,1.06661042,1.30901183,1.56909577,1.81539168,0.26816927,0.54372738,0.77358613,0.27607844,0.51116073,0.25495154,1.52678894,0.54144584,0.30198233,0.20667578,0.34087589
1008,0.03577530,0.50473475,0.48450242,0.44855031,0.46745339,0.37713107,-1.50267505,0.29153313,-0.43126797,0.22496295,-0.17928564,0.17849510,0.07713952,0.11331513,0.31126334,1.08844058,0.26736193,0.26541023,0.26650683,0.87355918,1.51110827,0.17226051,0.12308059,0.21171329,1.08844058,1.33681059,1.59344912,1.84099076,0.26736193,0.53229595,0.76361948,0.26541023,0.50655153,0.26650683,1.55151994,0.52798945,0.28908678,0.19565395,0.34266362
1009,0.02249902,0.52858464,0.52607542,0.47521967,0.47861443,0.42232520,-1.61481292,0.30620207,-0.51197154,0.24224954,-0.20722789,0.20159863,0.05600549,0.13188995,0.29754243,1.12888892,0.32144626,0.27661836,0.26716683,1.39900582,1.55945176,0.16510997,0.10314107,0.19467763,1.12888892,1.42513601,1.68629316,1.93988262,0.32144626,0.59782793,0.83054010,0.27661836,0.51693458,0.26716683,1.66933311,0.62456740,0.33568631,0.21144433,0.34720511
1010,0.00838141,0.47925882,0.51321003,0.48184920,0.45498403,0.42178784,-1.64796169,0.29566419,-0.57857598,0.23085409,-0.28890981,0.21004925,-0.01686973,0.12971397,0.25912207,1.09556742,0.30901488,0.28630806,0.28978609,0.75688933,1.53754724,0.16552335,0.08668721,0.18684927,1.09556742,1.37729230,1.64503712,1.93044710,0.30901488,0.59386623,0.86473435,0.28630806,0.55952898,0.28978609,1.70135799,0.69009876,0.39781179,0.21904745,0.30543920
1011,0.01005135,0.47486465,0.47963578,0.47219954,0.43618162,0.40310351,-1.68013245,0.29003252,-0.61996684,0.22773367,-0.32803568,0.20242082,-0.04984781,0.12301721,0.23565875,1.08168710,0.31178927,0.29240516,0.30041547,0.06264700,1.45724291,0.16513114,0.07480273,0.18128359,1.08168710,1.36655444,1.64260097,1.93694759,0.31178927,0.60320546,0.88100170,0.29240516,0.57453995,0.30041547,1.72861482,0.72372488,0.42488709,0.21656923,0.28692830
1012,0.01408358,0.42653209,0.42600011,0.41709599,0.38009005,0.37614467,-1.71900320,0.25336305,-0.64660540,0.18537811,-0.36761723,0.14907853,-0.11070825,0.07396449,0.15315130,1.09756314,0.30800260,0.28209341,0.28223625,0.04319642,1.26120472,0.16266882,0.06556184,0.17538387,1.09756314,1.36758185,1.62441178,1.89687231,0.30800260,0.58940026,0.83431175,0.28209341,0.53440315,0.28223625,1.76233930,0.75480198,0.45107953,0.19973898,0.22020269
1013,0.02522216,0.44732135,0.46636743,0.48020111,0.40308044,0.34444086,-1.64789253,0.25785572,-0.55037360,0.20858376,-0.29999722,0.17252381,-0.00302345,0.10243593,0.21683810,1.11441677,0.27384334,0.32495449,0.24936897,0.08052424,1.29027092,0.16820070,0.07158876,0.18280160,1.11441677,1.35671649,1.65469079,1.88081820,0.27384334,0.59838763,0.79380450,0.32495449,0.52861543,0.24936897,1.68871309,0.68019036,0.41946049,0.18982561,0.29607786
1014,0.02453061,0.44285580,0.45512141,0.43050488,0.39960378,0.33631854,-1.62895391,0.26897332,-0.58122186,0.22551179,-0.31682592,0.18852809,-0.05319746,0.09696358,0.20300370,1.06289604,0.28884077,0.29079050,0.29069288,0.03331447,1.15452370,0.16907216,0.07530976,0.18508635,1.06289604,1.31806966,1.58377625,1.84803373,0.28884077,0.57952569,0.81216071,0.29079050,0.53568821,0.29069288,1.66893960,0.70837448,0.43496658,0.21078410,0.28824114
1015,0.03424248,0.41159679,0.46709672,0.47440876,0.44929649,0.36784473,-1.52598550,0.30930740,-0.52108354,0.23770191,-0.30344333,0.20994607,0.00863143,0.15647997,0.27297671,1.02702215,0.26676586,0.34309123,0.29283666,-0.01926536,1.17914356,0.17577630,0.08881774,0.19694136,1.02702215,1.23128092,1.54443053,1.81180947,0.26676586,0.60572304,0.82477397,0.34309123,0.58268288,0.29283666,1.57416472,0.68635476,0.42784910,0.21506774,0.35296301
1016,0.02602433,0.41173610,0.49042250,0.46000499,0.42753952,0.37101632,-1.42433148,0.31467325,-0.47074362,0.25248247,-0.25076158,0.23143155,-0.00622157,0.18029978,0.24280414,0.97272016,0.25508069,0.26637758,0.26642985,-0.01731877,1.09535349,0.18431396,0.10422448,0.21174130,0.97272016,1.18163725,1.42534862,1.67865520,0.25508069,0.51928558,0.73889157,0.26637758,0.49938259,0.26642985,1.47499318,0.63150346,0.39284893,0.23991525,0.33438446
1017,0.02217671,0.41667811,0.51419184,0.55674157,0.46035152,0.39874401,-1.40986323,0.30714819,-0.43020048,0.23868623,-0.21691158,0.20216054,0.05414495,0.15421821,0.30135494,0.99984002,0.24346737,0.28880816,0.26211984,0.03070856,1.15223779,0.18253161,0.12293887,0.22007216,0.99984002,1.20644800,1.47718500,1.72972153,0.24346737,0.53010295,0.75622136,0.28880816,0.52548511,0.26211984,1.46742143,0.58861768,0.36163411,0.22094265,0.36771668
1018,0.01292161,0.45665794,0.54112534,0.57112218,0.47234225,0.42602540,-1.46970860,0.33814847,-0.44673430,0.27369689,-0.19984481,0.24840150,0.06078501,0.17377182,0.30362796,1.03871546,0.26871375,0.26936493,0.25987956,0.10900113,1.27171123,0.17612438,0.13633026,0.22272345,1.03871546,1.28104961,1.54079778,1.79235147,0.26871375,0.53606187,0.77372777,0.26936493,0.51336247,0.25987956,1.53189030,0.60527531,0.36851091,0.26842924,0.37545668
1019,0.01473752,0.46954609,0.52903064,0.56663395,0.47829124,0.44294857,-1.45615108,0.29400437,-0.43217061,0.25630984,-0.18551732,0.22943601,0.09931573,0.15726109,0.34514207,1.04762513,0.25833032,0.29096597,0.26187948,0.10739237,1.20270663,0.17673405,0.14838106,0.23076366,1.04762513,1.28791082,1.57066320,1.82644030,0.25833032,0.54865608,0.79197629,0.29096597,0.53982548,0.26187948,1.52367959,0.57290963,0.35807628,0.27504420,0.41518109
1020,0.01600545,0.47218058,0.52469431,0.55855762,0.49412624,0.47202471,-1.43722148,0.30039469,-0.39944484,0.24984267,-0.17196956,0.22366762,0.11213329,0.15271485,0.34822949,1.06134968,0.23758123,0.28763001,0.25611350,0.11849085,1.24751191,0.17974889,0.16165491,0.24174775,1.06134968,1.28813487,1.57023219,1.81829911,0.23758123,0.52388398,0.76223703,0.28763001,0.53021219,0.25611350,1.51391811,0.53868545,0.34046364,0.27670580,0.42399888
1021,0.01578841,0.47744424,0.53712851,0.56500818,0.47965258,0.48165006,-1.42726464,0.31536579,-0.39375816,0.26671939,-0.18691244,0.24904721,0.09082895,0.17316486,0.32815094,1.05538323,0.21967133,0.27995893,0.26245036,0.10595004,1.23054668,0.18547759,0.17368886,0.25410580,1.05538323,1.26128954,1.53656691,1.78710006,0.21967133,0.49662751,0.73579018,0.27995893,0.52607317,0.26245036,1.50779787,0.54288176,0.35644477,0.28873687,0.42004405
1022,0.01609578,0.47623083,0.52403598,0.55260558,0.48557319,0.46291986,-1.37909431,0.29386821,-0.37836139,0.24549396,-0.16839900,0.22832842,0.10532782,0.15731053,0.32208393,1.02343318,0.21950677,0.27543385,0.24075171,0.09195150,1.21418734,0.19228935,0.19544685,0.27417998,1.02343318,1.23334163,1.50422839,1.73419676,0.21950677,0.49272614,0.71369923,0.27543385,0.50101996,0.24075171,1.45578014,0.51445361,0.33136962,0.27869589,0.40912053
1023,0.01537929,0.47983146,0.52284890,0.54120562,0.50633407,0.43410085,-1.30989034,0.28044629,-0.35635123,0.23143935,-0.15695403,0.21545494,0.10475265,0.15524986,0.30026331,0.97288339,0.20855995,0.26310484,0.21705933,0.18429800,1.32129922,0.19436153,0.21140935,0.28717646,0.97288339,1.17336357,1.43263222,1.63936352,0.20855995,0.46931245,0.66859309,0.26310484,0.46628593,0.21705933,1.38080371,0.48271583,0.30792204,0.26239506,0.38277664
1024,0.01119814,0.48758404,0.52187850,0.53079168,0.51571771,0.42205498,-1.30221525,0.26388423,-0.34898236,0.21856641,-0.15588912,0.20204993,0.08621455,0.13521270,0.27782613,0.97246698,0.20396349,0.24366944,0.21844138,0.20077175,1.33279545,0.19135007,0.22063195,0.29205018,0.97246698,1.16590078,1.40632098,1.61040617,0.20396349,0.44505182,0.63997683,0.24366944,0.44554263,0.21844138,1.36999293,0.46734588,0.29273816,0.23919054,0.35532852
1025,0.01231331,0.48697409,0.52032631,0.53536413,0.51197960,0.38450374,-1.23377700,0.24571954,-0.33117830,0.20957439,-0.14057281,0.20208214,0.08095742,0.14571487,0.26781095,0.91985974,0.19868165,0.22263586,0.20662370,0.25014876,1.40022824,0.19129846,0.23218545,0.30084080,0.91985974,1.10917161,1.32815160,1.52476522,0.19868165,0.41930951,0.60729399,0.22263586,0.41600792,0.20662370,1.29322770,0.44208443,0.27792575,0.23775954,0.34592678
1026,0.00862675,0.49132471,0.51757442,0.54157340,0.51539751,0.33221586,-1.26440037,0.24714230,-0.34205804,0.20660629,-0.14898214,0.20253483,0.07037775,0.15524901,0.26539999,0.93400715,0.20397492,0.22070632,0.20866708,0.48118402,1.49198857,0.18891995,0.23061433,0.29811695,0.93400715,1.12454205,1.34179310,1.54334097,0.20397492,0.42171093,0.61465094,0.22070632,0.41887077,0.20866708,1.30834688,0.45570146,0.28164729,0.23499854,0.34360832
1027,0.00924486,0.47301942,0.51208197,0.53927925,0.51087781,0.29064981,-1.21257373,0.24351049,-0.29342741,0.20410700,-0.11119893,0.19428121,0.08134305,0.14193831,0.26467570,0.93015859,0.19413735,0.19371428,0.19932148,0.69162774,1.49778576,0.18385610,0.23449438,0.29797765,0.93015859,1.10770385,1.29896650,1.48954286,0.19413735,0.38497445,0.56746565,0.19371428,0.38299764,0.19932148,1.24745788,0.41801394,0.26029124,0.23242634,0.33862046
1028,0.02079852,0.49283572,0.51188971,0.51593542,0.51597474,0.26178813,-1.24252834,0.25285252,-0.30064487,0.20615091,-0.10309780,0.18596019,0.10110916,0.12910127,0.26715199,0.95217736,0.20502613,0.20530852,0.20739834,1.10667339,1.53233071,0.18242849,0.22804975,0.29203912,0.95217736,1.14613110,1.34978405,1.53059797,0.20502613,0.40882010,0.58595946,0.20530852,0.39219803,0.20739834,1.26998827,0.41014510,0.24710847,0.22717552,0.35395381
1029,0.03085433,0.49974690,0.50829519,0.50250368,0.51782608,0.23748413,-1.18290311,0.24319181,-0.28468335,0.19222146,-0.08218914,0.16765439,0.10942583,0.11433176,0.25663674,0.90588377,0.20888616,0.19332317,0.20995921,1.25708562,1.54238787,0.17620027,0.23002267,0.28975328,0.90588377,1.10730588,1.29969011,1.46784126,0.20888616,0.40128662,0.57418521,0.19332317,0.37755583,0.20995921,1.20809632,0.37850564,0.21492319,0.20822337,0.34320319
1030,0.03374827,0.50407681,0.50958659,0.49885538,0.51341801,0.24777247,-1.17093968,0.25110007,-0.29151114,0.21038417,-0.09260615,0.17417270,0.12409786,0.11235352,0.27971115,0.89001890,0.20327712,0.21972786,0.20849088,1.45531368,1.55864809,0.17414102,0.22399187,0.28372073,0.89001890,1.08640895,1.30359787,1.47892361,0.20327712,0.42272858,0.59938056,0.21972786,0.40545204,0.20849088,1.19874961,0.39100837,0.23748139,0.22282584,0.35461679
1031,0.01926775,0.47799203,0.50687660,0.52082893,0.51257269,0.28870338,-1.14053553,0.24790076,-0.26212878,0.20025433,-0.07487216,0.17012436,0.12083289,0.10469827,0.27461009,0.89551323,0.20054090,0.19863432,0.18306620,1.54834519,1.56783317,0.17262760,0.22380251,0.28264439,0.89551323,1.07556604,1.27086624,1.43770969,0.20054090,0.39689530,0.55553935,0.19863432,0.36708415,0.18306620,1.17651190,0.39726903,0.24164359,0.23006937,0.34033775
1032,0.01993092,0.47662405,0.50961204,0.52906061,0.51250626,0.35508965,-1.19528041,0.26678156,-0.25884181,0.21385165,-0.08420421,0.17681818,0.12815279,0.10801673,0.30082570,0.95707591,0.19099675,0.21700112,0.19864404,1.32276620,1.53068286,0.17234186,0.21667307,0.27685544,0.95707591,1.12647720,1.33879786,1.52538448,0.19099675,0.40555462,0.58185995,0.21700112,0.40185186,0.19864404,1.24692582,0.41440315,0.26248985,0.24095858,0.36293260
1033,0.05676946,0.50109134,0.51816123,0.50691036,0.51488708,0.51135163,-1.20957365,0.29797773,-0.23350062,0.18980700,-0.04004164,0.13786396,0.18828345,0.07591254,0.36326763,1.00260207,0.22606131,0.23489288,0.30218844,1.38261418,1.53106514,0.18400008,0.20104489,0.27253454,1.00260207,1.21355532,1.44803630,1.65862998,0.22606131,0.45189513,0.67128465,0.23489288,0.49161300,0.30218844,1.31345833,0.38305649,0.19449025,0.23562228,0.45954277
1034,0.07320852,0.29965718,0.19444328,0.28338507,0.28544628,1.04255525,-1.09553435,0.46096701,-0.05346475,0.24062879,0.35524711,-0.00652816,0.40722763,-0.24267622,0.55282980,1.20879756,0.46432340,0.27961309,0.27946576,0.27580093,0.45432000,0.13007742,0.12797988,0.18248010,1.20879756,1.66895881,1.83420929,2.09058294,0.46432340,0.66697448,0.94122247,0.27961309,0.54427723,0.27946576,1.51656495,0.55576500,0.52770660,0.44825047,0.62296328
1035,0.11533764,0.21730879,0.17726255,0.34997528,0.19938797,1.00344480,-0.21171292,0.26523602,0.45700434,0.14337828,0.57845764,0.03378455,0.56241919,-0.08165492,0.49416615,1.04606345,0.25719876,0.21165122,0.13674483,0.48036192,0.26561982,0.08293928,0.12602175,0.15086552,1.04606345,1.17497346,1.24186317,1.29688191,0.25719876,0.45024800,0.52946302,0.21165122,0.31722043,0.13674483,1.06077396,0.79254158,0.71748119,0.60455400,0.53655910
1036,0.17889603,0.06742904,0.05891307,0.13151231,0.12791552,0.51159698,1.03493049,0.40677328,1.37576485,0.16641986,1.73048347,-0.10815433,1.49094438,-0.34255463,1.27541320,0.41791914,0.44150689,0.39056599,0.33253546,0.66011056,0.12645342,0.15578169,0.17219075,0.23220161,0.41791914,0.78445569,0.76999258,0.89611358,0.44150689,0.58263232,0.83014493,0.39056599,0.72252828,0.33253546,1.16536084,1.48331243,1.75937067,1.50048576,1.32105107
1037,0.05830005,0.46247211,0.51480948,0.45758145,0.46822673,-0.27748046,-1.60532153,-0.38550586,-0.37861790,-0.37762820,-0.18655110,-0.35038449,0.12186295,-0.38426224,0.34781659,1.23222549,0.20429210,0.31889936,0.24604605,0.06408332,0.78497403,0.18356563,0.12116586,0.21994887,1.23222549,1.42252882,1.73172119,1.95608347,0.20429210,0.52239849,0.72845854,0.31889936,0.53461687,0.24604605,1.62993591,0.54863553,0.42198879,0.37439325,0.51990233
1038,0.05056791,0.45038992,0.47775083,0.47266170,0.46955807,-0.23714825,-1.42553008,-0.28117166,-0.42695175,-0.28655888,-0.12583427,-0.27330294,0.16577617,-0.24304854,0.45260574,1.01593245,0.31286488,0.30421031,0.29095399,0.04031492,0.83845597,0.21468739,0.14237550,0.25760717,1.01593245,1.30424401,1.59175730,1.87880121,0.31286488,0.61678035,0.89023445,0.30421031,0.58200052,0.29095399,1.44530431,0.55068820,0.33517548,0.32148985,0.51884793
1039,0.05218373,0.45878346,0.48893462,0.48100955,0.47938068,-0.21775267,-1.39432100,-0.27777719,-0.40212010,-0.26941973,-0.10784331,-0.24819090,0.18255009,-0.21689664,0.44840452,1.00847232,0.30339777,0.30023497,0.27292916,-0.03547930,0.86059397,0.21856436,0.14635290,0.26303907,1.00847232,1.29114784,1.57734087,1.84432481,0.30339777,0.60349128,0.85779688,0.30023497,0.55908008,0.27292916,1.41122196,0.51738312,0.30580025,0.30896792,0.50393430
1040,0.05318037,0.46453128,0.48768281,0.48417080,0.48759022,-0.20019164,-1.34528167,-0.25389087,-0.40971282,-0.25240628,-0.13293064,-0.22883597,0.14731811,-0.19237878,0.42779017,0.94865298,0.28242304,0.28689331,0.28852107,-0.04510945,0.86024594,0.22900834,0.14978795,0.27364439,0.94865298,1.21691233,1.49327828,1.77546050,0.28242304,0.56889455,0.84161151,0.28689331,0.56392486,0.28852107,1.36016653,0.50018317,0.29560803,0.27294959,0.47546857
1041,0.05405152,0.47151742,0.48703936,0.48579843,0.48736990,-0.19354572,-1.31813604,-0.24500890,-0.42674900,-0.24366210,-0.14897195,-0.22236110,0.12878731,-0.19416728,0.40818764,0.90340900,0.28165526,0.28265333,0.28674311,-0.06376547,0.83826034,0.23455979,0.15216644,0.27959421,0.90340900,1.17377222,1.44785424,1.72928532,0.28165526,0.56395510,0.83727555,0.28265333,0.55944561,0.28674311,1.33241648,0.50598612,0.29434624,0.25802767,0.45928400
1042,0.05753171,0.47357173,0.48232426,0.48506587,0.48800776,-0.18687228,-1.29676027,-0.24454253,-0.41003062,-0.24044815,-0.13984916,-0.21637287,0.12838822,-0.19574519,0.38785681,0.89823613,0.27398788,0.27225179,0.26682270,-0.06970924,0.77981111,0.23758140,0.17301647,0.29390410,0.89823613,1.16133000,1.42619562,1.68789005,0.27398788,0.54584620,0.79981770,0.27225179,0.52993021,0.26682270,1.31053460,0.48771407,0.28342337,0.25201332,0.44057335
1043,0.06012544,0.46204225,0.48736338,0.49247903,0.49637067,-0.18633653,-1.30972678,-0.26363982,-0.39238277,-0.25637487,-0.12916993,-0.22899870,0.12697124,-0.19477558,0.37482478,0.93013321,0.26780083,0.26013033,0.25705094,-0.08257331,0.77260269,0.23499887,0.17568257,0.29340898,0.93013321,1.18561482,1.43812740,1.68795314,0.26780083,0.52740520,0.77073357,0.26013033,0.50825386,0.25705094,1.32348730,0.48197416,0.29060395,0.26199646,0.42782963
1044,0.06183009,0.46485491,0.48613072,0.48977108,0.49712513,-0.18900372,-1.30559695,-0.27303475,-0.39162229,-0.26573631,-0.11897883,-0.23823468,0.13695792,-0.20424168,0.37507153,0.92646247,0.27620069,0.25949234,0.24746660,-0.07498985,0.74862167,0.23160124,0.17875922,0.29256451,0.92646247,1.19196213,1.44425339,1.68420299,0.27620069,0.53520359,0.76998895,0.25949234,0.49850942,0.24746660,1.32001174,0.48407551,0.29343523,0.27482157,0.43153589
1045,0.06392195,0.46545654,0.48151213,0.48742358,0.49259594,-0.18215238,-1.30991132,-0.27078993,-0.39746537,-0.26593868,-0.12244187,-0.23726708,0.13237437,-0.21316501,0.36452021,0.92510521,0.27798397,0.25870393,0.24024316,-0.07292930,0.73742827,0.23039540,0.17818017,0.29125627,0.92510521,1.19337806,1.44419310,1.67811033,0.27798397,0.53609239,0.76436133,0.25870393,0.49033857,0.24024316,1.32336209,0.48703438,0.29505315,0.27170603,0.42641735
1046,0.06536788,0.46806072,0.48246514,0.48913048,0.49439409,-0.18696843,-1.30528981,-0.26729029,-0.39415060,-0.26429155,-0.11671821,-0.23458726,0.13186834,-0.20477091,0.36662967,0.92320270,0.28054584,0.25259413,0.24344739,-0.07172842,0.72699995,0.23030961,0.17808066,0.29112753,0.92320270,1.19401683,1.43881854,1.67544820,0.28054584,0.53236270,0.76355684,0.25259413,0.48756934,0.24344739,1.31954055,0.48221675,0.29092876,0.26911112,0.42388840
1047,0.06356550,0.46610103,0.48491451,0.48976019,0.49788774,-0.19839041,-1.31016608,-0.27177452,-0.38978255,-0.26829322,-0.11275143,-0.23536539,0.13808496,-0.19838386,0.37428231,0.93181936,0.28057788,0.25508321,0.24612874,-0.08339884,0.72230439,0.22752625,0.17838822,0.28912031,0.93181936,1.20220871,1.44954211,1.68785782,0.28057788,0.53468904,0.76780332,0.25508321,0.49270569,0.24612874,1.32596546,0.48150642,0.29294312,0.27288289,0.42774755
1048,0.06360659,0.46294072,0.48433461,0.48927035,0.50369465,-0.20262486,-1.30815705,-0.26972781,-0.37458228,-0.26882632,-0.10265180,-0.23309918,0.15166475,-0.19627590,0.38422968,0.94464688,0.27559318,0.25861373,0.24305435,-0.08749036,0.71447085,0.22599026,0.18145677,0.28982436,0.94464688,1.21016248,1.46108025,1.69614611,0.27559318,0.53285773,0.76250540,0.25861373,0.49315933,0.24305435,1.32470793,0.46804227,0.28960804,0.27810492,0.43596117
1049,0.06262550,0.46126566,0.48042899,0.48838167,0.50183474,-0.19574841,-1.31749921,-0.26714897,-0.37058556,-0.27100875,-0.09939332,-0.23390696,0.14891434,-0.19289160,0.37811995,0.95711301,0.27414929,0.25245097,0.23986423,-0.08177796,0.70018915,0.22380866,0.18136864,0.28807100,0.95711301,1.22302844,1.46787714,1.69924267,0.27414929,0.52477956,0.75243041,0.25245097,0.48486381,0.23986423,1.33317521,0.46113575,0.28956167,0.27731006,0.42789957
1050,0.06114113,0.46179662,0.48239888,0.48722683,0.49843002,-0.19381664,-1.32573885,-0.26526733,-0.37658907,-0.26531610,-0.10385861,-0.22892649,0.14938630,-0.19282815,0.37309057,0.95940586,0.27636790,0.25720838,0.23299546,-0.07832616,0.69159471,0.22244124,0.17992557,0.28610019,0.95940586,1.22630269,1.47636156,1.70197244,0.27636790,0.53200575,0.75336101,0.25720838,0.48322569,0.23299546,1.34090289,0.46543990,0.28576809,0.27339215,0.42291635
1051,0.06124895,0.46140095,0.48123888,0.48505132,0.49143774,-0.19313290,-1.32670356,-0.26445145,-0.38146144,-0.26427211,-0.10269958,-0.22809561,0.14942031,-0.19353391,0.37034507,0.95563320,0.28255802,0.25646277,0.22950759,-0.07786563,0.69455256,0.22102643,0.17684636,0.28306769,0.95563320,1.22835776,1.47722166,1.69979741,0.28255802,0.53754776,0.75554041,0.25646277,0.47879583,0.22950759,1.34173365,0.46913592,0.28437547,0.27279772,0.42013843
1052,0.06122534,0.46817164,0.48202176,0.48454235,0.48990366,-0.18589440,-1.32721153,-0.25640483,-0.38838000,-0.25834440,-0.10526432,-0.22512794,0.14713670,-0.19021151,0.37556599,0.94850890,0.28677960,0.25617890,0.23630207,-0.07137264,0.66796897,0.21966348,0.17793749,0.28269028,0.94850890,1.22607248,1.47544101,1.70518260,0.28677960,0.54154427,0.76721132,0.25617890,0.48607833,0.23630207,1.34127986,0.46932136,0.27937018,0.26928893,0.42250670
1053,0.06260533,0.46957396,0.47930410,0.48165141,0.49003028,-0.17833742,-1.30769596,-0.24612842,-0.38625490,-0.25276777,-0.10033970,-0.22601263,0.15009740,-0.18536092,0.37466913,0.93095064,0.28940845,0.25301734,0.23411049,-0.07101762,0.64499299,0.22032554,0.17972578,0.28433202,0.93095064,1.21165865,1.45928596,1.68521993,0.28940845,0.54108103,0.76352077,0.25301734,0.48058585,0.23411049,1.32155722,0.46031131,0.27196013,0.27224490,0.41906607
1054,0.06340068,0.47510014,0.48139156,0.48135848,0.49032787,-0.17760825,-1.31087542,-0.24386475,-0.39259379,-0.25268955,-0.10050855,-0.23037777,0.15197516,-0.19258501,0.37403056,0.92848840,0.29668739,0.25485171,0.23078458,-0.06851536,0.61802842,0.21880989,0.17958118,0.28306743,0.92848840,1.21465177,1.46441667,1.68751889,0.29668739,0.55026719,0.76883232,0.25485171,0.47891818,0.23078458,1.32441510,0.46554112,0.27198428,0.27685660,0.42165370
1055,0.06336825,0.47128399,0.47840639,0.47860492,0.48786462,-0.17508173,-1.31543170,-0.25010994,-0.37654691,-0.25669953,-0.08602074,-0.23487183,0.16306436,-0.20076268,0.38188035,0.94837187,0.29403949,0.25122182,0.22688870,-0.07204658,0.59255356,0.21671569,0.18131540,0.28256143,0.94837187,1.23388132,1.48028957,1.69994139,0.29403949,0.54424106,0.76028981,0.25122182,0.47189545,0.22688870,1.32870389,0.45419468,0.27072989,0.28702031,0.43212256
1056,0.06176018,0.47773844,0.48801485,0.48269882,0.48940924,-0.17016933,-1.33110152,-0.24395969,-0.39278373,-0.25594539,-0.10326534,-0.23871433,0.15912420,-0.20722120,0.38358553,0.95024450,0.29640848,0.26505556,0.23131319,-0.07127531,0.56723813,0.21282365,0.17860247,0.27783583,0.95024450,1.23272172,1.49221146,1.71700600,0.29640848,0.56016869,0.77881519,0.26505556,0.48945187,0.23131319,1.34310326,0.46837126,0.27626526,0.28765822,0.43670385
1057,0.05947767,0.48208236,0.48555086,0.47900060,0.48147973,-0.16044984,-1.34071082,-0.23169905,-0.40346776,-0.24895596,-0.11238588,-0.23462180,0.14876455,-0.20685276,0.37477948,0.94716910,0.29643715,0.26322387,0.23148048,-0.05696826,0.52297292,0.21149970,0.17945917,0.27737649,0.94716910,1.23313871,1.49170114,1.71776720,0.29643715,0.55845242,0.77974790,0.26322387,0.48912591,0.23148048,1.35201578,0.46775470,0.27319653,0.27998851,0.42812725
1058,0.05925983,0.49284623,0.49186197,0.48007238,0.47092569,-0.15307793,-1.36111944,-0.21588642,-0.42530184,-0.23504098,-0.13586934,-0.22735327,0.13202435,-0.21080584,0.36461252,0.94506064,0.29518562,0.27046777,0.23601232,-0.04145519,0.49292175,0.20912044,0.17737116,0.27421139,0.94506064,1.22951215,1.49519519,1.72778312,0.29518562,0.56484937,0.79182125,0.27046777,0.50106830,0.23601232,1.37140049,0.47933344,0.27157835,0.26648094,0.42122519
1059,0.05692515,0.49193081,0.48613760,0.47745307,0.47175155,-0.13902833,-1.39395192,-0.20986922,-0.43250092,-0.23164858,-0.13828990,-0.22531603,0.13016869,-0.21028800,0.36716800,0.96987555,0.29859302,0.27119192,0.23969585,-0.02827077,0.46702530,0.20537934,0.17851089,0.27211544,0.96987555,1.26050196,1.52672142,1.76340857,0.29859302,0.56910896,0.80131981,0.27119192,0.50593711,0.23969585,1.40290005,0.48170328,0.27023138,0.26562998,0.42363510
1060,0.05588887,0.48459598,0.47104580,0.46590534,0.45821420,-0.11166866,-1.41016378,-0.19861617,-0.43848032,-0.22306055,-0.14036394,-0.21677833,0.12523215,-0.20792041,0.36695714,0.97812124,0.29998361,0.26697414,0.24338957,-0.01453886,0.44452891,0.20419717,0.18050488,0.27254081,0.97812124,1.27557493,1.53913994,1.78038684,0.29998361,0.56614160,0.80579539,0.26697414,0.50754736,0.24338957,1.41833277,0.48246026,0.26928013,0.26331847,0.42528923
1061,0.05668778,0.48546554,0.47579307,0.46904159,0.45610614,-0.10046244,-1.42012317,-0.19734410,-0.44515408,-0.22124172,-0.15227827,-0.21874595,0.11571331,-0.21507764,0.35985516,0.98209622,0.29526165,0.26941251,0.24473940,-0.01844327,0.39894975,0.20292794,0.17885033,0.27049434,0.98209622,1.27417261,1.54042514,1.78388236,0.29526165,0.56409883,0.80618132,0.26941251,0.51228495,0.24473940,1.42641921,0.48738618,0.27315771,0.25925962,0.42358938
1062,0.05624788,0.48103260,0.47492573,0.46579572,0.45212328,-0.09201411,-1.42392198,-0.20190356,-0.43974923,-0.22303453,-0.15407867,-0.22094101,0.11554524,-0.21808724,0.35972740,0.99240592,0.28794376,0.27088916,0.24459954,-0.01478268,0.39543687,0.20180307,0.17687265,0.26834383,0.99240592,1.27707840,1.54488531,1.78825301,0.28794376,0.55837074,0.80070902,0.27088916,0.51397168,0.24459954,1.42936665,0.48426886,0.27539670,0.26026104,0.42502102
1063,0.05696276,0.48575585,0.47365967,0.46747265,0.45688588,-0.08272743,-1.44584420,-0.18812947,-0.44850116,-0.21271488,-0.15377682,-0.21633183,0.11443088,-0.21344447,0.36464602,1.00456647,0.29776765,0.26965824,0.25047960,-0.00831299,0.34452759,0.19786663,0.17752280,0.26582992,1.00456647,1.29879797,1.56599109,1.81521536,0.29776765,0.56707276,0.81514943,0.26965824,0.51868771,0.25047960,1.45022648,0.48671474,0.26781617,0.25775704,0.42824277
1064,0.05671307,0.47949121,0.47108694,0.46679515,0.45691862,-0.08190419,-1.43222174,-0.18477518,-0.43906896,-0.21025141,-0.14662906,-0.21599177,0.11955154,-0.21644720,0.36565875,1.00001046,0.29503533,0.26754730,0.24633538,-0.00967636,0.34123076,0.19866632,0.18143326,0.26904709,1.00001046,1.29224434,1.55755577,1.80293629,0.29503533,0.56228596,0.80662901,0.26754730,0.51256888,0.24633538,1.43709952,0.47729695,0.26312551,0.26135510,0.43152298
1065,0.05367694,0.46842280,0.46428106,0.46184754,0.45850909,-0.09524532,-1.39498166,-0.19691168,-0.40602017,-0.21797326,-0.12091304,-0.21936488,0.14176956,-0.21086012,0.39219888,0.99613799,0.28730618,0.26389200,0.25095554,-0.01650386,0.35373976,0.19950771,0.18223130,0.27020654,0.99613799,1.28041695,1.54178050,1.79105912,0.28730618,0.55087806,0.79933786,0.26389200,0.51328692,0.25095554,1.40111389,0.45207682,0.25545035,0.27348320,0.45033650
1066,0.05431742,0.46834314,0.46401206,0.46183906,0.46259622,-0.10825174,-1.38064305,-0.20060264,-0.39660754,-0.21936738,-0.11515746,-0.21611850,0.15145066,-0.20185925,0.40277308,0.99071499,0.28377274,0.26761516,0.25240647,-0.02871853,0.37380259,0.20068917,0.18229637,0.27112379,0.99071499,1.27090139,1.53595289,1.78617277,0.28377274,0.55092678,0.80016718,0.26761516,0.51824551,0.25240647,1.38775302,0.44494795,0.25314742,0.27433390,0.45404430
1067,0.05598067,0.46629134,0.46218239,0.45946382,0.46426474,-0.11475653,-1.36504646,-0.20140365,-0.38828815,-0.21588961,-0.10744605,-0.21149009,0.16176484,-0.19766758,0.41054814,0.98328825,0.28285934,0.27009656,0.25002577,-0.03022482,0.37226505,0.20079488,0.18123375,0.27048892,0.98328825,1.26236886,1.53001509,1.77801572,0.28285934,0.55258427,0.79945229,0.27009656,0.51831507,0.25002577,1.37314144,0.43797251,0.24681073,0.27634610,0.45875832
1068,0.05638242,0.46641026,0.45953194,0.45866603,0.46614487,-0.11844710,-1.37140902,-0.20315446,-0.38034887,-0.21675696,-0.09769891,-0.20795336,0.17133661,-0.19067613,0.41780761,0.99651271,0.28377822,0.26980985,0.24855751,-0.03434810,0.38882103,0.19978346,0.18118992,0.26970950,0.99651271,1.27809991,1.54547954,1.79131377,0.28377822,0.55313580,0.79835410,0.26980985,0.51623861,0.24855751,1.38020196,0.43308391,0.24561182,0.28108450,0.46230306
1069,0.05867005,0.47045861,0.46210570,0.46135726,0.47250453,-0.13167458,-1.35858529,-0.21049314,-0.37207243,-0.22201137,-0.08849807,-0.20922706,0.18206217,-0.18811844,0.42687905,0.99202669,0.28482547,0.27156610,0.24776335,-0.04624053,0.40645123,0.20022371,0.18185072,0.27047961,0.99202669,1.27407262,1.54279975,1.78725453,0.28482547,0.55584806,0.79935298,0.27156610,0.51663380,0.24776335,1.36845503,0.42849196,0.24488824,0.28677507,0.46830779
1070,0.05850176,0.47353057,0.46643517,0.46143095,0.47384227,-0.15078275,-1.33938624,-0.21397141,-0.35801810,-0.22717650,-0.07195570,-0.21103893,0.19935640,-0.19033515,0.43506480,0.98830672,0.29049062,0.27322931,0.23846382,-0.06012129,0.40116178,0.20000476,0.18218709,0.27054398,0.98830672,1.27069853,1.54007334,1.77563072,0.29049062,0.56264354,0.79483389,0.27322931,0.50835986,0.23846382,1.35018268,0.41751711,0.24015624,0.29600804,0.47571231
1071,0.06000751,0.46940978,0.47294819,0.46721461,0.48007908,-0.16529429,-1.30790227,-0.22505449,-0.34582645,-0.23938975,-0.06783541,-0.22002087,0.20595577,-0.19304096,0.44366842,0.97095360,0.28487877,0.27590417,0.24156185,-0.08102515,0.42209171,0.20110119,0.18068419,0.27034878,0.97095360,1.24353932,1.51510457,1.75286478,0.28487877,0.55887827,0.79207043,0.27590417,0.51362759,0.24156185,1.31986641,0.41592374,0.24894978,0.30354396,0.48385362
1072,0.06183253,0.47093794,0.48051918,0.47459052,0.48486017,-0.16896531,-1.30908973,-0.22839882,-0.33225544,-0.24202388,-0.05467719,-0.22535874,0.21577868,-0.20053968,0.45026863,0.98574907,0.28569223,0.27275075,0.23885246,-0.08775726,0.43504619,0.20102318,0.18079762,0.27036661,0.98574907,1.25761172,1.52605293,1.76062680,0.28569223,0.55662058,0.78526045,0.27275075,0.50669455,0.23885246,1.32098116,0.40854617,0.24812340,0.31357959,0.49295294
1073,0.06239853,0.46489087,0.48517967,0.48173012,0.49239009,-0.18210421,-1.28529713,-0.23882123,-0.31554417,-0.25084540,-0.04444432,-0.22999358,0.22110451,-0.18946317,0.46129001,0.97958097,0.28086258,0.26835134,0.24754145,-0.09468118,0.45432784,0.20011694,0.18332569,0.27139472,0.97958097,1.24392125,1.50731264,1.74782531,0.28086258,0.54689478,0.78077887,0.26835134,0.50957605,0.24754145,1.29876155,0.40494211,0.25510750,0.31960896,0.49930830
1074,0.06146070,0.46883136,0.48701627,0.48529257,0.49012311,-0.18987771,-1.28993517,-0.25091211,-0.31242030,-0.25695871,-0.03760998,-0.23740826,0.22025852,-0.19449627,0.46744627,0.98830989,0.28422062,0.26115868,0.25542426,-0.08833376,0.47938103,0.19871828,0.18190881,0.26940633,0.98830989,1.25555469,1.51112558,1.75884256,0.28422062,0.54382119,0.78426044,0.26115868,0.50903477,0.25542426,1.30449783,0.41084023,0.26034907,0.32434547,0.50718057
1075,0.06241096,0.46222786,0.48232174,0.48215058,0.49293047,-0.19263519,-1.27977712,-0.25122938,-0.30632594,-0.25853671,-0.02867326,-0.23831666,0.22984678,-0.19247957,0.47490327,0.98483529,0.28726259,0.26203767,0.25462835,-0.08710269,0.49767315,0.19878188,0.18359375,0.27059361,0.98483529,1.25447272,1.51054391,1.75641713,0.28726259,0.54770030,0.78567194,0.26203767,0.50808556,0.25462835,1.29477664,0.40823023,0.26133700,0.33133313,0.51392776
1076,0.06271522,0.46118806,0.48280065,0.48923292,0.49630753,-0.21056774,-1.27799371,-0.27238665,-0.27951183,-0.27354699,-0.00866672,-0.24927026,0.24324968,-0.19683017,0.49158169,1.00995865,0.27953646,0.25551976,0.26132482,-0.09576189,0.55655335,0.19720305,0.18300404,0.26903443,1.00995865,1.27278814,1.52212245,1.77225998,0.27953646,0.53357647,0.77593102,0.25551976,0.50681774,0.26132482,1.29588673,0.40221673,0.27512234,0.34836273,0.53238383
1077,0.06130235,0.46337725,0.48086923,0.48982639,0.49968164,-0.22460087,-1.27198102,-0.28676940,-0.26808671,-0.28756551,0.00277064,-0.25603590,0.24984436,-0.19894869,0.49292511,1.01419289,0.27682480,0.25067992,0.25893273,-0.11298277,0.60295002,0.19660890,0.18384741,0.26917453,1.01419289,1.27838645,1.52280351,1.76871597,0.27682480,0.52583371,0.76624902,0.25067992,0.49972425,0.25893273,1.29265026,0.40052217,0.28844044,0.35778884,0.53522455
1078,0.06095932,0.46603290,0.48700613,0.49124607,0.50040979,-0.22744271,-1.28087091,-0.29222216,-0.26833469,-0.28992759,-0.00604219,-0.25651656,0.25043931,-0.20188710,0.49775225,1.02258913,0.26760777,0.26020423,0.26383249,-0.11257260,0.63460155,0.19586151,0.18576707,0.26994654,1.02258913,1.27853171,1.53227960,1.78284851,0.26760777,0.52633889,0.77143149,0.26020423,0.51344735,0.26383249,1.30178130,0.40468667,0.29122774,0.35850124,0.54197973
1079,0.06059291,0.46289178,0.48708211,0.49264065,0.50131897,-0.22573435,-1.27314430,-0.28642737,-0.26300313,-0.28948957,-0.00879225,-0.25912719,0.24590790,-0.20546002,0.49836868,1.01959222,0.25805313,0.25813899,0.26908191,-0.10564585,0.65506649,0.19717659,0.18927870,0.27332222,1.01959222,1.26849870,1.52028246,1.77619721,0.25805313,0.51488290,0.76567006,0.25813899,0.51622548,0.26908191,1.29389097,0.39631699,0.29141469,0.35725086,0.54486615
1080,0.05888104,0.45791986,0.48301266,0.49334398,0.50272595,-0.22912641,-1.28125893,-0.29198788,-0.25180333,-0.29304132,-0.00590741,-0.26033647,0.24408120,-0.21298281,0.49687786,1.03920944,0.24849264,0.25407466,0.26896068,-0.10079271,0.71287326,0.19865632,0.19330758,0.27718613,1.03920944,1.28023084,1.52684275,1.78361789,0.24849264,0.50142772,0.75292458,0.25407466,0.51130436,0.26896068,1.30280730,0.39204199,0.29520028,0.35688127,0.54683923
1081,0.05520766,0.44321626,0.47612986,0.48639820,0.50226189,-0.22816016,-1.29010352,-0.30520787,-0.26059791,-0.29593408,-0.02319395,-0.26004237,0.23508457,-0.21986938,0.48094918,1.04142688,0.24014284,0.26250912,0.26099848,-0.09935581,0.82053981,0.20088251,0.19534395,0.28020179,1.04142688,1.27281313,1.52720680,1.77737557,0.24014284,0.50198887,0.74654807,0.26250912,0.51206415,0.26099848,1.31107376,0.41065579,0.30137537,0.35123112,0.53813182
1082,0.05413142,0.45924238,0.48081311,0.48492566,0.50674249,-0.23667168,-1.25626166,-0.29914841,-0.27220375,-0.28571860,-0.03747586,-0.25600335,0.22233691,-0.21146483,0.46098947,0.99846977,0.23766035,0.26318630,0.25508173,-0.12464789,0.86520531,0.20232475,0.20549033,0.28837750,0.99846977,1.22589320,1.48162543,1.72592260,0.23766035,0.50057889,0.73854819,0.26318630,0.50630292,0.25508173,1.27925932,0.41891988,0.29761983,0.34201198,0.52188167
1083,0.04639355,0.45934039,0.47873713,0.48186466,0.50646252,-0.25261944,-1.21322063,-0.29633122,-0.26559052,-0.28391218,-0.04641278,-0.25830619,0.20489947,-0.21709219,0.42941042,0.96094233,0.22165275,0.25483791,0.23935909,-0.16472009,1.01731290,0.20742514,0.21748741,0.30054278,0.96094233,1.17365658,1.42092653,1.65089579,0.22165275,0.47637081,0.69954729,0.25483791,0.48202696,0.23935909,1.23970318,0.41548180,0.30109454,0.33430629,0.49772376
1084,0.03800324,0.47726506,0.48182848,0.49460385,0.51838926,-0.26306938,-1.10427762,-0.29308756,-0.25973058,-0.27302282,-0.04743240,-0.23652179,0.16516084,-0.18179838,0.36526249,0.85846626,0.21560637,0.21925174,0.21764039,-0.21972140,1.14403874,0.20697117,0.23523415,0.31332439,0.85846626,1.06359058,1.27222738,1.47898152,0.21560637,0.43449863,0.63484614,0.21925174,0.42348921,0.21764039,1.13536044,0.41287581,0.29425317,0.29458853,0.42686904
1085,0.03684030,0.47819483,0.48272318,0.50078698,0.50989260,-0.29149976,-1.13463368,-0.29241096,-0.26049849,-0.26601463,-0.05503150,-0.23170490,0.16330637,-0.18186664,0.37607281,0.88604872,0.21180494,0.22492787,0.22546126,-0.27320229,1.21660607,0.20382471,0.23620721,0.31199096,0.88604872,1.08458532,1.30065153,1.51899368,0.21180494,0.43666215,0.64681330,0.22492787,0.43945462,0.22546126,1.17154075,0.42181288,0.29405547,0.29218629,0.43642085
1086,0.04115356,0.48939369,0.49537224,0.50838783,0.50863643,-0.29374709,-1.06561764,-0.28072362,-0.28580953,-0.24727065,-0.08501938,-0.21879532,0.13011431,-0.17245696,0.33957592,0.79295215,0.20991156,0.22113528,0.22137185,-0.39612956,1.34088734,0.20243716,0.24603929,0.31861597,0.79295215,0.98599427,1.19909752,1.41425093,0.20991156,0.43083691,0.63589368,0.22113528,0.43130611,0.22137185,1.10543311,0.42977203,0.28152940,0.26196197,0.39826548
1087,0.03830668,0.48836902,0.50037743,0.51238078,0.51357624,-0.31560541,-1.08538620,-0.28520694,-0.28106826,-0.24733817,-0.08879207,-0.21522133,0.12569964,-0.16940530,0.33833428,0.81788792,0.20445398,0.22129183,0.22575504,-0.61093077,1.45058673,0.20526263,0.24707371,0.32121358,0.81788792,1.00270536,1.21599891,1.43493909,0.20445398,0.42521873,0.63151949,0.22129183,0.43449073,0.22575504,1.13050913,0.43299079,0.28353530,0.25695669,0.39784635
1088,0.03644359,0.47898583,0.49010565,0.50447367,0.50238728,-0.30217088,-1.06410107,-0.27464054,-0.27332735,-0.23388228,-0.09187762,-0.20132455,0.12011317,-0.15990225,0.32891354,0.80360444,0.19519444,0.21885265,0.21953028,-0.64008975,1.45773083,0.20458188,0.25339780,0.32567498,0.80360444,0.97798396,1.18909235,1.40322625,0.19519444,0.41321518,0.61504225,0.21885265,0.42736476,0.21953028,1.10639704,0.42021721,0.27169872,0.24193614,0.38291565
1089,0.03657967,0.48876952,0.50032536,0.50956394,0.51401474,-0.30011705,-1.06901368,-0.27908014,-0.28775755,-0.23711630,-0.10301965,-0.20315423,0.10438569,-0.16000885,0.30440877,0.79276122,0.19705313,0.21458560,0.21236080,-0.84038223,1.50221260,0.20223177,0.25415021,0.32479227,0.79276122,0.97123892,1.17792982,1.38362365,0.19705313,0.41116535,0.60539190,0.21458560,0.41487978,0.21236080,1.11056795,0.42989042,0.27758019,0.23558913,0.36247455
1090,0.03789203,0.48152271,0.49340137,0.49872354,0.50155132,-0.29440591,-1.03071263,-0.27243874,-0.26239892,-0.23101736,-0.08507262,-0.19723930,0.11924656,-0.15648780,0.30953513,0.77977846,0.19132389,0.21092914,0.20320147,-0.90069723,1.51104009,0.20024890,0.26088324,0.32887640,0.77977846,0.95054716,1.15451909,1.35040483,0.19132389,0.40131945,0.58495598,0.21092914,0.40200727,0.20320147,1.07213921,0.40778441,0.26340001,0.23663883,0.36450963
1091,0.03929794,0.48661155,0.50122657,0.50734938,0.50479047,-0.28630627,-1.02816876,-0.26717681,-0.26294198,-0.22687515,-0.09313949,-0.19489322,0.11759936,-0.15561683,0.31698902,0.77639217,0.18212162,0.21743934,0.21198285,-1.49305192,1.56518324,0.19942421,0.25998390,0.32766086,0.77639217,0.94013466,1.14993442,1.35483146,0.18212162,0.39883386,0.59158360,0.21743934,0.41663424,0.21198285,1.06743934,0.40295070,0.26327428,0.23366197,0.37079287
1092,0.03992661,0.47668714,0.49232925,0.49604609,0.49354966,-0.28485625,-1.01241398,-0.26991189,-0.23841632,-0.22968408,-0.07330782,-0.19852169,0.13528798,-0.15495772,0.33198953,0.78577889,0.17881723,0.21561476,0.21087464,-0.79466324,1.50273976,0.19558284,0.26047297,0.32572813,0.78577889,0.94404392,1.15145536,1.35411252,0.17881723,0.39349655,0.58312386,0.21561476,0.41249941,0.21087464,1.05187577,0.39110916,0.25984458,0.24582361,0.38381536
1093,0.03854508,0.47798083,0.49360226,0.50000238,0.49158119,-0.27902549,-1.00164717,-0.26922430,-0.24874447,-0.22972533,-0.07697335,-0.19838985,0.12764142,-0.15321575,0.32958250,0.76405688,0.18486756,0.21199646,0.21470633,-0.53350525,1.47647269,0.19521692,0.25953443,0.32475801,0.76405688,0.92893423,1.13251451,1.33988801,0.18486756,0.39622128,0.59150666,0.21199646,0.41385217,0.21470633,1.04007256,0.39765050,0.26149960,0.24170846,0.37970852
1094,0.03921457,0.46949466,0.48598280,0.49785390,0.48885067,-0.27828599,-0.97943286,-0.26508545,-0.23560478,-0.22761423,-0.06582867,-0.19593926,0.13098253,-0.15272977,0.33009717,0.75481296,0.18240632,0.20534420,0.21107773,-0.33788813,1.43008794,0.19321906,0.26210075,0.32562311,0.75481296,0.91787229,1.11370569,1.31786417,0.18240632,0.38739819,0.57885603,0.20534420,0.40298796,0.21107773,1.01867247,0.38851753,0.25854719,0.24183647,0.37979253
1095,0.03808162,0.46206146,0.48229850,0.49854395,0.48821839,-0.27987749,-0.98100901,-0.26054396,-0.22936995,-0.22412701,-0.06787676,-0.19087680,0.12801583,-0.15236023,0.33230646,0.76194778,0.17375336,0.20400161,0.21463160,-0.22958322,1.37715317,0.19283374,0.26179630,0.32514944,0.76194778,0.91755609,1.11285816,1.32178244,0.17375336,0.37732974,0.57381653,0.20400161,0.40663016,0.21463160,1.02073288,0.38132234,0.25667282,0.23724417,0.38240543
1096,0.04202513,0.45506613,0.47958986,0.49548248,0.48751639,-0.27260208,-0.97028592,-0.25034997,-0.21539103,-0.21821315,-0.06984083,-0.18850605,0.12640336,-0.14865630,0.32846561,0.76587063,0.15887284,0.20450298,0.21313252,-0.18095087,1.35736886,0.19058521,0.26089353,0.32309156,0.76587063,0.90497759,1.10014968,1.30697403,0.15887284,0.36265086,0.55548354,0.20450298,0.40437277,0.21313252,1.00837854,0.36689882,0.25196913,0.23367068,0.37707260
1097,0.04093959,0.45464402,0.47758222,0.49600143,0.48571914,-0.26480855,-0.99820777,-0.25088404,-0.22340232,-0.22138912,-0.07412430,-0.19402571,0.12351407,-0.15523627,0.33013419,0.78497865,0.16126773,0.20496069,0.21684758,-0.14793713,1.38987684,0.19109822,0.25726564,0.32047487,0.78497865,0.92788347,1.12422831,1.33513662,0.16126773,0.36557699,0.56371465,0.20496069,0.40968331,0.21684758,1.03338621,0.37289727,0.25742753,0.23809793,0.38242266
1098,0.04010153,0.45509355,0.47624474,0.49259148,0.48733097,-0.26130443,-0.97172223,-0.24729868,-0.22926978,-0.21464233,-0.07705230,-0.19015385,0.12125536,-0.15594739,0.31757502,0.75308047,0.16539943,0.20562608,0.20598892,-0.09658684,1.35864746,0.19206287,0.26039521,0.32356423,0.75308047,0.89857251,1.09549020,1.29565532,0.16539943,0.37018044,0.55687918,0.20562608,0.39898477,0.20598892,1.00704591,0.37565247,0.25304429,0.23365637,0.37148501
1099,0.04088788,0.45131877,0.47072210,0.48793565,0.47723853,-0.26181377,-0.98069032,-0.25230834,-0.22166866,-0.22033736,-0.06918581,-0.19390072,0.12827087,-0.15706535,0.32958420,0.76848836,0.16569915,0.20466694,0.21046312,-0.05215260,1.29101546,0.18769274,0.25809115,0.31912319,0.76848836,0.91465159,1.11116196,1.31609313,0.16569915,0.36952110,0.56204237,0.20466694,0.40376437,0.21046312,1.01590475,0.37281953,0.25387526,0.23974278,0.38063026
1100,0.03827214,0.44708125,0.47144347,0.48848857,0.48130136,-0.26383086,-1.00506734,-0.25294930,-0.24486568,-0.22050262,-0.08892746,-0.19362677,0.11822632,-0.16145737,0.32377879,0.77066596,0.16962053,0.21489796,0.21354630,-0.04807003,1.31948029,0.19105494,0.25344762,0.31739200,0.77066596,0.91966473,1.12561855,1.33438903,0.16962053,0.38365168,0.57914377,0.21489796,0.41691519,0.21354630,1.04002438,0.39073382,0.26246873,0.23485195,0.37781795
1101,0.03797569,0.44885819,0.47099187,0.48545088,0.48483242,-0.25924927,-1.00567123,-0.25167054,-0.24562612,-0.21773270,-0.08372949,-0.19243061,0.12269819,-0.15901046,0.31763399,0.76993933,0.17336572,0.21319263,0.20514872,-0.02503077,1.34198874,0.19133461,0.25352731,0.31762404,0.76993933,0.92559589,1.13060121,1.32941634,0.17336572,0.38591561,0.57254696,0.21319263,0.40570768,0.20514872,1.03912968,0.38533711,0.25607710,0.23565815,0.37282251
1102,0.03645476,0.44807402,0.47034274,0.48755136,0.49522478,-0.26602394,-1.04756486,-0.26229190,-0.26897303,-0.22858979,-0.09892086,-0.20165951,0.11083144,-0.16717838,0.30293520,0.78926504,0.18156010,0.21717226,0.20244938,-0.02780695,1.38353979,0.19172123,0.24521977,0.31127121,0.78926504,0.95236836,1.16047293,1.35645729,0.18156010,0.39826281,0.58187993,0.21717226,0.40654483,0.20244938,1.08145533,0.41094045,0.27333239,0.23861650,0.36522861
1103,0.03208819,0.44552178,0.46728152,0.48558198,0.48247368,-0.25596498,-0.98710822,-0.25032109,-0.25117393,-0.21424744,-0.08303517,-0.18705606,0.11813739,-0.15638669,0.31264359,0.74575618,0.17960057,0.20680762,0.20172510,-0.01861910,1.29692350,0.18880373,0.25521497,0.31746107,0.74575618,0.90763819,1.10777659,1.30560401,0.17960057,0.38565480,0.57355822,0.20680762,0.39991028,0.20172510,1.02009054,0.38374121,0.24858105,0.22805801,0.36336928
1104,0.03276266,0.44718611,0.46923571,0.49078038,0.48418867,-0.24907876,-1.01085238,-0.25134604,-0.25148436,-0.21415100,-0.08392311,-0.18454954,0.11362885,-0.15774641,0.30970101,0.76831480,0.17875802,0.20316365,0.20190423,-0.03923345,1.27488965,0.18898090,0.25242731,0.31533051,0.76831480,0.92999975,1.12672801,1.32555396,0.17875802,0.38123012,0.57087191,0.20316365,0.39765606,0.20190423,1.04156582,0.38530317,0.25021764,0.22527399,0.36207879
1105,0.03280562,0.45421860,0.47114614,0.49590994,0.48564363,-0.24431936,-1.00652329,-0.24339921,-0.25050398,-0.21011508,-0.08228308,-0.17959116,0.10623185,-0.15086749,0.30551521,0.76502206,0.17852727,0.19435238,0.20535523,-0.06178148,1.25557354,0.18763048,0.25599955,0.31739717,0.76502206,0.92732251,1.11507433,1.31731262,0.17852727,0.37240625,0.56548843,0.19435238,0.39232160,0.20535523,1.03612015,0.37804794,0.24483299,0.21681076,0.35490769
1106,0.03064418,0.46137806,0.48259630,0.50539397,0.49372898,-0.25015635,-1.00638251,-0.23546847,-0.28056703,-0.20477887,-0.11274192,-0.16984623,0.07905060,-0.13668027,0.28445294,0.73576260,0.17979098,0.19873990,0.21106730,-0.05424896,1.20512620,0.18979532,0.25759099,0.31996153,0.73576260,0.89700375,1.08867166,1.29719283,0.17979098,0.37778978,0.57670772,0.19873990,0.40300261,0.21106730,1.03773437,0.39911347,0.25496520,0.19770053,0.33064401
1107,0.02997110,0.46523352,0.48747967,0.50893754,0.49719651,-0.25117292,-1.02050235,-0.23752986,-0.28644238,-0.20552456,-0.11627001,-0.16901420,0.07480014,-0.13613674,0.27834339,0.74438340,0.18199301,0.19787290,0.20919144,-0.07957819,1.19854988,0.19177851,0.25778466,0.32129726,0.74438340,0.90784214,1.09880377,1.30559375,0.18199301,0.37908005,0.57662877,0.19787290,0.40066840,0.20919144,1.05144310,0.40299837,0.25592999,0.19509621,0.32492696
1108,0.02912242,0.47093736,0.49505292,0.51782649,0.50823767,-0.25875081,-1.08170131,-0.24099620,-0.31911534,-0.20775174,-0.14595871,-0.17074970,0.05752915,-0.13868823,0.27103247,0.77338014,0.18493680,0.21077174,0.21903053,-0.07186114,1.23185150,0.19416419,0.24854891,0.31539862,0.77338014,0.93987290,1.14304843,1.35975541,0.18493680,0.39507927,0.60189628,0.21077174,0.42268780,0.21903053,1.11286363,0.43275681,0.27655511,0.19295051,0.32236167
1109,0.02664601,0.46482131,0.49131010,0.51772990,0.51204630,-0.26387060,-1.11363973,-0.24403416,-0.32435584,-0.21366095,-0.14277112,-0.18011981,0.05935255,-0.15087430,0.27895958,0.80204092,0.19326712,0.20923228,0.22554917,-0.07254232,1.27107864,0.19844346,0.24350350,0.31412380,0.80204092,0.97564340,1.17665446,1.39959142,0.19326712,0.40194598,0.61330074,0.20923228,0.42637890,0.22554917,1.14502076,0.44260621,0.28263387,0.20403345,0.33823517
1110,0.02539543,0.46823547,0.49487510,0.52067996,0.51834159,-0.26358586,-1.17394959,-0.24128045,-0.34644657,-0.21265787,-0.16331753,-0.18012895,0.05523075,-0.14885088,0.28217903,0.83864136,0.19286663,0.22636097,0.23260884,-0.06784851,1.31765431,0.20214625,0.23606271,0.31078724,0.83864136,1.01515742,1.23242340,1.46242494,0.19286663,0.41903070,0.63842118,0.22636097,0.45013048,0.23260884,1.20419660,0.46051272,0.29825751,0.20525780,0.34146909
1111,0.02985593,0.46786339,0.49817698,0.52652336,0.53324211,-0.24328602,-1.21946112,-0.24921584,-0.36024937,-0.21739905,-0.16958728,-0.18683262,0.04583383,-0.16180383,0.26090313,0.87274941,0.20203568,0.22437612,0.22058817,-0.06006749,1.26820973,0.20146260,0.23177156,0.30709157,0.87274941,1.05441254,1.26716724,1.48484848,0.20203568,0.42625796,0.63132519,0.22437612,0.43424959,0.22058817,1.24436346,0.48136436,0.30958543,0.21071136,0.33267315
1112,0.02699519,0.47782393,0.51686315,0.52934084,0.53263258,-0.24358892,-1.21469612,-0.23849355,-0.39278952,-0.21047515,-0.20510811,-0.17888478,0.03453570,-0.14711099,0.25650406,0.83543417,0.19998310,0.24756001,0.22753445,-0.07327877,1.30843484,0.20422684,0.23299689,0.30983246,0.83543417,1.01383011,1.25134315,1.47610214,0.19998310,0.44693672,0.66031044,0.24756001,0.46617694,0.22753445,1.23979024,0.50003488,0.32301141,0.19920994,0.31881951
